trade_date,main_net_in,buy_sm_amount,sell_sm_amount,buy_md_amount,sell_md_amount,buy_lg_amount,sell_lg_amount,buy_elg_amount,sell_elg_amount,buy_sm_vol,sell_sm_vol,buy_md_vol,sell_md_vol,buy_lg_vol,sell_lg_vol,buy_elg_vol,sell_elg_vol
20190102,-1594890.0,14179770.0,9685690.0,14028520.0,16927710.0,11484920.0,11670010.0,2773840.0,4183640.0,28607000.0,19530000.0,28245000.0,34064000.0,23115000.0,23529000.0,5587000.0,8431000.0
20190103,-6733370.0,10835490.0,6941400.0,15519560.0,12680280.0,12161470.0,16831600.0,2222090.0,4285330.0,22222000.0,14197000.0,31774000.0,25936000.0,24907000.0,34511000.0,4575000.0,8834000.0
20190104,3350330.0,10360810.0,13376020.0,20673290.0,21008410.0,22808780.0,18029270.0,8946350.0,10375530.0,20893000.0,26951000.0,41712000.0,42423000.0,45913000.0,36311000.0,18020000.0,20852000.0
20190107,-1842900.0,15253760.0,14680840.0,23880700.0,22610710.0,20005680.0,25749060.0,10179620.0,6279140.0,29978000.0,28782000.0,46908000.0,44359000.0,39192000.0,50591000.0,19968000.0,12314000.0
20190108,3474340.0,12660070.0,17183910.0,27024070.0,25974570.0,27186420.0,23899340.0,10867570.0,10680310.0,23944000.0,32496000.0,51115000.0,49147000.0,51424000.0,45197000.0,20569000.0,20212000.0
20190109,-14941750.0,31471660.0,17880860.0,44590850.0,43239920.0,37940990.0,45152050.0,18755510.0,26486200.0,62201000.0,35131000.0,88057000.0,85250000.0,74903000.0,89435000.0,37044000.0,52389000.0
20190110,-7507230.0,21735950.0,12584750.0,24746970.0,26390950.0,23074940.0,24341860.0,6159600.0,12399910.0,44092000.0,25460000.0,50158000.0,53452000.0,46738000.0,49348000.0,12468000.0,25196000.0
20190111,-2538830.0,11614430.0,9030250.0,15500520.0,15545890.0,16886810.0,16402430.0,3247190.0,6270400.0,23810000.0,18484000.0,31760000.0,31837000.0,34588000.0,33597000.0,6640000.0,12880000.0
20190114,-4632830.0,15155440.0,11214190.0,21404130.0,20712550.0,11619840.0,16355660.0,4562510.0,4459520.0,31564000.0,23279000.0,44566000.0,43117000.0,24164000.0,34052000.0,9452000.0,9299000.0
20190115,-2456380.0,10054660.0,10031280.0,14865510.0,12432520.0,11084970.0,12076010.0,4500140.0,5965480.0,20760000.0,20683000.0,30679000.0,25655000.0,22833000.0,24898000.0,9259000.0,12295000.0
20190116,-2993880.0,7201050.0,7409060.0,13031310.0,9829410.0,9535100.0,10199330.0,2417720.0,4747370.0,14758000.0,15172000.0,26697000.0,20133000.0,19522000.0,20896000.0,4947000.0,9723000.0
20190117,-11008810.0,15417760.0,7481880.0,16231320.0,13158390.0,12016880.0,20029670.0,3513210.0,6509230.0,32280000.0,15644000.0,33975000.0,27528000.0,25137000.0,41924000.0,7352000.0,13647000.0
20190118,-11523410.0,18822020.0,8268860.0,20887970.0,19917730.0,13977360.0,21733050.0,5048040.0,8815760.0,40383000.0,17731000.0,44807000.0,42712000.0,29967000.0,46616000.0,10839000.0,18937000.0
20190121,5529410.0,12852510.0,16776120.0,19753440.0,21359230.0,20489460.0,19405070.0,9215560.0,4770540.0,27150000.0,35227000.0,41674000.0,44959000.0,43118000.0,40960000.0,19291000.0,10088000.0
20190122,-3748720.0,10632510.0,10151500.0,17214980.0,13947270.0,11023990.0,11737640.0,1647180.0,4682250.0,22109000.0,21060000.0,35716000.0,28930000.0,22867000.0,24382000.0,3402000.0,9722000.0
20190123,5768730.0,10430970.0,13211990.0,15161250.0,18148960.0,15693530.0,13139810.0,5553100.0,2338090.0,21546000.0,27256000.0,31278000.0,37432000.0,32362000.0,27109000.0,11434000.0,4822000.0
20190124,-2709600.0,9300600.0,8074260.0,12951690.0,11468430.0,10308240.0,11760400.0,2126330.0,3383770.0,19240000.0,16680000.0,26793000.0,23691000.0,21301000.0,24326000.0,4377000.0,7014000.0
20190125,6732420.0,8944740.0,12162130.0,14338370.0,17853400.0,17564070.0,16743980.0,8743720.0,2831390.0,18224000.0,24741000.0,29212000.0,36330000.0,35731000.0,34095000.0,17762000.0,5764000.0
20190128,-11294270.0,12167300.0,6180180.0,16685360.0,11378210.0,11326900.0,16072770.0,1926620.0,8475020.0,24949000.0,12638000.0,34184000.0,23280000.0,23198000.0,32925000.0,3923000.0,17411000.0
20190129,-3418670.0,7689640.0,5751250.0,11747600.0,10267330.0,8258260.0,10824480.0,1712400.0,2564850.0,16092000.0,12016000.0,24561000.0,21456000.0,17273000.0,22657000.0,3578000.0,5374000.0
20190130,160450.0,10821260.0,6446850.0,12511710.0,17046570.0,10399520.0,9735960.0,5784380.0,6287490.0,22843000.0,13587000.0,26404000.0,35981000.0,21943000.0,20533000.0,12236000.0,13326000.0
20190131,-5611910.0,10963910.0,7372060.0,12132000.0,10111920.0,8698380.0,11294550.0,1860580.0,4876320.0,23418000.0,15733000.0,25906000.0,21599000.0,18572000.0,24127000.0,3989000.0,10426000.0
20190201,3928980.0,9261010.0,10854310.0,11870770.0,14206450.0,14451460.0,10901990.0,8137440.0,7757930.0,19466000.0,22787000.0,24972000.0,29816000.0,30340000.0,22933000.0,17002000.0,16244000.0
20190211,4268690.0,11546120.0,12566800.0,17673650.0,20921650.0,23914400.0,21722350.0,11193850.0,9117210.0,23115000.0,25180000.0,35404000.0,41928000.0,47944000.0,43523000.0,22408000.0,18239000.0
20190212,2122490.0,10375150.0,10125430.0,17879810.0,20252030.0,17073030.0,15410950.0,6699120.0,6238710.0,20548000.0,20035000.0,35389000.0,40080000.0,33783000.0,30516000.0,13271000.0,12361000.0
20190213,3305060.0,12510960.0,13639800.0,20951270.0,23127500.0,22740470.0,18457160.0,6916260.0,7894510.0,24381000.0,26565000.0,40817000.0,45050000.0,44306000.0,35933000.0,13461000.0,15417000.0
20190214,9748810.0,16796910.0,19305020.0,24579440.0,31820150.0,30012680.0,27842320.0,18615750.0,11037300.0,31583000.0,36267000.0,46211000.0,59797000.0,56428000.0,52333000.0,34901000.0,20727000.0
20190215,-13861320.0,20470660.0,9160250.0,27111720.0,24560810.0,20183810.0,23296250.0,12069360.0,22818240.0,39244000.0,17545000.0,51950000.0,47073000.0,38641000.0,44622000.0,23082000.0,43676000.0
20190218,-1242040.0,17660990.0,16851110.0,31085490.0,30653330.0,26175650.0,26984300.0,12928390.0,13361780.0,33845000.0,32247000.0,59540000.0,58689000.0,50112000.0,51677000.0,24688000.0,25572000.0
20190219,-3296780.0,17633960.0,11303950.0,23557680.0,26590910.0,23983460.0,23921040.0,9471910.0,12831110.0,34120000.0,21842000.0,45586000.0,51434000.0,46360000.0,46261000.0,18299000.0,24827000.0
20190220,9791530.0,8850810.0,13239650.0,17265320.0,22668010.0,21877680.0,17899740.0,17376780.0,11563190.0,16951000.0,25311000.0,33042000.0,43344000.0,41847000.0,34219000.0,33159000.0,22125000.0
20190221,1100150.0,13487480.0,11078460.0,19786540.0,23295710.0,22600520.0,19093590.0,10061220.0,12468000.0,25832000.0,21159000.0,37871000.0,44543000.0,43161000.0,36503000.0,19191000.0,23850000.0
20190222,-8498740.0,15806070.0,8780050.0,21731780.0,20259060.0,18233540.0,17196010.0,5691630.0,15227900.0,30808000.0,17074000.0,42322000.0,39430000.0,35488000.0,33486000.0,11059000.0,29688000.0
20190225,12913490.0,18162200.0,26064440.0,41547220.0,46558470.0,43261940.0,40377760.0,35971400.0,25942090.0,33756000.0,48350000.0,77334000.0,86507000.0,80584000.0,75063000.0,66707000.0,48461000.0
20190226,9273420.0,23707670.0,27450980.0,48478340.0,54008450.0,63621010.0,50965680.0,31807700.0,35189610.0,41369000.0,47834000.0,84445000.0,94073000.0,110851000.0,88739000.0,55330000.0,61349000.0
20190227,-1460990.0,27097370.0,18642570.0,37042870.0,44036680.0,41257720.0,40626670.0,20398400.0,22490440.0,49212000.0,33875000.0,67267000.0,80029000.0,74987000.0,73852000.0,37077000.0,40787000.0
20190228,1324840.0,10667540.0,9380790.0,17055650.0,19667240.0,15641700.0,16265930.0,8213260.0,6264190.0,19506000.0,17138000.0,31169000.0,35939000.0,28575000.0,29711000.0,14987000.0,11450000.0
20190301,-10529850.0,22496720.0,15640380.0,31630730.0,27957230.0,26115220.0,30423540.0,13330570.0,19552100.0,41994000.0,29169000.0,59002000.0,52159000.0,48719000.0,56732000.0,24847000.0,36503000.0
20190304,-21132570.0,35798130.0,19355810.0,55337390.0,50647140.0,45980980.0,51007100.0,24599410.0,40705860.0,66969000.0,36101000.0,103468000.0,94632000.0,85949000.0,95442000.0,45868000.0,76079000.0
20190305,-5808350.0,18850000.0,15820220.0,32647990.0,29869420.0,34521100.0,42685440.0,19394000.0,17038010.0,35145000.0,29439000.0,60826000.0,55615000.0,64259000.0,79479000.0,36075000.0,31772000.0
20190306,-8513580.0,21452220.0,17682190.0,37792130.0,33048570.0,36589860.0,39180180.0,23754870.0,29678130.0,39605000.0,32581000.0,69746000.0,60933000.0,67426000.0,72238000.0,43745000.0,54770000.0
20190307,-13774010.0,23830250.0,17140120.0,33681180.0,26597310.0,26772870.0,37033160.0,13375990.0,16889710.0,44626000.0,32098000.0,63062000.0,49789000.0,50116000.0,69364000.0,25035000.0,31589000.0
20190308,-16312100.0,26268130.0,12129700.0,33809980.0,31636310.0,24651490.0,28087840.0,11545470.0,24421220.0,50569000.0,23333000.0,65055000.0,60854000.0,47416000.0,54014000.0,22242000.0,47080000.0
20190311,368030.0,13178930.0,12165050.0,22961960.0,24343860.0,20093050.0,20595300.0,9223590.0,8353310.0,25432000.0,23437000.0,44283000.0,46939000.0,38709000.0,39685000.0,17772000.0,16135000.0
20190312,-8303900.0,17155090.0,11350480.0,24797980.0,22298690.0,20965240.0,25924310.0,9648210.0,12993040.0,32788000.0,21668000.0,47381000.0,42589000.0,40047000.0,49516000.0,18399000.0,24842000.0
20190313,-2263200.0,16759440.0,14160280.0,22348270.0,22684220.0,20645220.0,20265910.0,6546790.0,9189300.0,32192000.0,27143000.0,42888000.0,43508000.0,39572000.0,38902000.0,12557000.0,17657000.0
20190314,18203430.0,26145980.0,40063750.0,56194410.0,60480070.0,61509330.0,59821360.0,45145640.0,28630180.0,48606000.0,74261000.0,104392000.0,112229000.0,114062000.0,110859000.0,83307000.0,53019000.0
20190315,-1865020.0,23307280.0,24578200.0,47016820.0,43880880.0,43438140.0,47476710.0,27841090.0,25667540.0,42126000.0,44302000.0,84950000.0,79161000.0,78289000.0,85668000.0,50061000.0,46295000.0
20190318,20870.0,12869870.0,15651000.0,32363850.0,29603580.0,24460830.0,26650540.0,16638670.0,14428090.0,23083000.0,28019000.0,57947000.0,53002000.0,43767000.0,47721000.0,29774000.0,25830000.0
20190319,1338400.0,9106950.0,13576380.0,24586820.0,21455780.0,23148590.0,22425310.0,12733970.0,12118850.0,16258000.0,24201000.0,43869000.0,38261000.0,41256000.0,40007000.0,22677000.0,21590000.0
20190320,-3563510.0,11099810.0,10976260.0,23308550.0,19868580.0,18746930.0,22092130.0,15369000.0,15587310.0,19931000.0,19626000.0,41747000.0,35561000.0,33625000.0,39542000.0,27420000.0,27995000.0
20190321,-3148850.0,11126480.0,13090330.0,22280180.0,17167480.0,21879600.0,21719120.0,5095770.0,8405100.0,20111000.0,23613000.0,40219000.0,30982000.0,39498000.0,39205000.0,9174000.0,15202000.0
20190322,8234880.0,13781220.0,17510870.0,27089840.0,31595070.0,36585230.0,30100400.0,20836330.0,19086280.0,24281000.0,30814000.0,47700000.0,55608000.0,64360000.0,52967000.0,36692000.0,33643000.0
20190325,-304270.0,11863700.0,12819000.0,23018020.0,21758450.0,24700150.0,22386630.0,11369600.0,13987390.0,20842000.0,22495000.0,40344000.0,38153000.0,43367000.0,39294000.0,20009000.0,24620000.0
20190326,-4533350.0,11356340.0,10105040.0,21298940.0,18016890.0,20034040.0,20372430.0,6750160.0,10945120.0,20194000.0,17903000.0,37801000.0,31946000.0,35570000.0,36211000.0,11985000.0,19489000.0
20190327,-6937140.0,15111790.0,11041340.0,23769470.0,20902780.0,24248040.0,25307830.0,17316220.0,23193570.0,27715000.0,20209000.0,43537000.0,38281000.0,44428000.0,46345000.0,31770000.0,42616000.0
20190328,-6856580.0,22384870.0,22029920.0,32132580.0,25630950.0,25610970.0,25803550.0,9374990.0,16038990.0,42051000.0,41371000.0,60302000.0,48088000.0,48011000.0,48348000.0,17584000.0,30140000.0
20190329,-8959390.0,16925220.0,13100630.0,24196810.0,19062010.0,19757010.0,22148790.0,7209790.0,13777400.0,31951000.0,24679000.0,45630000.0,35932000.0,37226000.0,41748000.0,13547000.0,25995000.0
20190401,-7143760.0,16414780.0,14060850.0,31390250.0,26600430.0,27700110.0,27117790.0,11520120.0,19246200.0,30329000.0,25921000.0,57958000.0,49092000.0,51167000.0,50058000.0,21244000.0,35628000.0
20190402,2633440.0,12183420.0,13490140.0,23389750.0,24716470.0,24040490.0,20363040.0,10115750.0,11159760.0,22459000.0,24838000.0,43099000.0,45535000.0,44269000.0,37477000.0,18610000.0,20587000.0
20190403,-3653760.0,10655410.0,9272480.0,18558140.0,16287310.0,18595840.0,18223190.0,7607810.0,11634220.0,19561000.0,17011000.0,34062000.0,29882000.0,34129000.0,33447000.0,13951000.0,21362000.0
20190404,7914140.0,12630610.0,15435530.0,24077730.0,29186940.0,28443780.0,25630170.0,16297370.0,11196840.0,22925000.0,27988000.0,43682000.0,52931000.0,51575000.0,46466000.0,29525000.0,20321000.0
20190408,-11683670.0,21148560.0,12294170.0,32037380.0,29208110.0,28136550.0,31712320.0,8309850.0,16417750.0,39110000.0,22675000.0,59159000.0,53950000.0,51965000.0,58481000.0,15366000.0,30494000.0
20190409,4282790.0,12223210.0,13537130.0,20725960.0,23694820.0,24460690.0,23963080.0,15073010.0,11287830.0,22488000.0,24835000.0,38102000.0,43504000.0,44873000.0,44029000.0,27585000.0,20681000.0
20190410,1215500.0,14199440.0,16617610.0,28876750.0,27674070.0,36468550.0,33849370.0,18104700.0,19508380.0,25729000.0,30057000.0,52245000.0,50019000.0,65878000.0,61172000.0,32602000.0,35206000.0
20190411,-8380170.0,19277730.0,15981300.0,34709300.0,29625550.0,34435860.0,36048400.0,14763660.0,21531290.0,34464000.0,28443000.0,61937000.0,52794000.0,61295000.0,64262000.0,26177000.0,38374000.0
20190412,-5062020.0,12553890.0,7443710.0,16986880.0,17035040.0,14598680.0,17284300.0,4319740.0,6696140.0,23179000.0,13735000.0,31360000.0,31441000.0,26943000.0,31917000.0,7979000.0,12367000.0
20190415,-4594330.0,13700240.0,12175510.0,20215350.0,17145750.0,14858740.0,17263100.0,5663380.0,7853350.0,25262000.0,22414000.0,37215000.0,31501000.0,27345000.0,31781000.0,10380000.0,14505000.0
20190416,22272960.0,11363650.0,25951990.0,29074790.0,36759420.0,37281250.0,34179710.0,38816520.0,19645100.0,20575000.0,46834000.0,52549000.0,66334000.0,67306000.0,61607000.0,69666000.0,35320000.0
20190417,64523540.0,16609290.0,41998390.0,45744130.0,84878580.0,77929640.0,88605180.0,150857510.0,75658430.0,27274000.0,68916000.0,75393000.0,139206000.0,128566000.0,145392000.0,246326000.0,124047000.0
20190418,-36724090.0,32479590.0,14686470.0,54501660.0,35570690.0,54000570.0,51827980.0,49288370.0,88185050.0,53907000.0,24247000.0,90247000.0,58855000.0,89335000.0,85734000.0,81208000.0,145861000.0
20190419,-4050750.0,13902810.0,18463860.0,36957350.0,28345560.0,37553120.0,33641600.0,16674750.0,24637020.0,23137000.0,30655000.0,61434000.0,46987000.0,62248000.0,55780000.0,27546000.0,40942000.0
20190422,-13784690.0,24282380.0,11111770.0,31903780.0,31289700.0,21305990.0,27180010.0,11320470.0,19231140.0,41723000.0,19082000.0,54810000.0,53742000.0,36629000.0,46670000.0,19362000.0,33031000.0
20190423,-3848940.0,14192750.0,10691080.0,20409930.0,20062660.0,18661460.0,19446860.0,3722340.0,6785880.0,24836000.0,18694000.0,35702000.0,35086000.0,32641000.0,34009000.0,6507000.0,11897000.0
20190424,7602580.0,10897070.0,13087870.0,20350650.0,25762420.0,21796530.0,18629280.0,12116480.0,7681150.0,18910000.0,22655000.0,35290000.0,44649000.0,37749000.0,32286000.0,20974000.0,13333000.0
20190425,-9102250.0,14351550.0,7920410.0,17570920.0,14899820.0,13801470.0,18137990.0,6913660.0,11679390.0,25336000.0,13965000.0,30994000.0,26291000.0,24365000.0,31999000.0,12230000.0,20670000.0
20190426,-1974400.0,11164110.0,9217240.0,16039310.0,16011790.0,11519600.0,14113460.0,7046340.0,6426880.0,20024000.0,16496000.0,28766000.0,28697000.0,20677000.0,25320000.0,12622000.0,11577000.0
20190429,-7134530.0,15398940.0,10155760.0,20522100.0,18630750.0,18152600.0,21777380.0,5079290.0,8589040.0,27384000.0,18027000.0,36482000.0,33099000.0,32227000.0,38722000.0,9035000.0,15280000.0
20190430,1082580.0,9396470.0,9389260.0,14737200.0,15826990.0,13327170.0,14002740.0,7311470.0,5553320.0,16653000.0,16613000.0,26110000.0,28022000.0,23587000.0,24806000.0,12924000.0,9832000.0
20190506,-13393250.0,18840050.0,10768420.0,26332050.0,21010430.0,18994740.0,22015530.0,8353950.0,18726410.0,35225000.0,20083000.0,49192000.0,39269000.0,35483000.0,41118000.0,15644000.0,35073000.0
20190507,-5259540.0,11652250.0,8376830.0,18074030.0,16089900.0,12203410.0,15036830.0,3471580.0,5897700.0,22022000.0,15805000.0,34151000.0,30401000.0,23018000.0,28390000.0,6552000.0,11147000.0
20190508,-11713450.0,12766010.0,6524830.0,19281010.0,13808750.0,13767710.0,20009000.0,5315260.0,10787420.0,24529000.0,12509000.0,37009000.0,26467000.0,26403000.0,38396000.0,10206000.0,20776000.0
20190509,-4588220.0,10855760.0,7753750.0,14120580.0,12634370.0,9024540.0,12556920.0,4076710.0,5132550.0,21172000.0,15116000.0,27544000.0,24635000.0,17582000.0,24486000.0,7966000.0,10027000.0
20190510,-1900060.0,11295630.0,10107570.0,16985400.0,16273410.0,13730390.0,13566650.0,4783610.0,6847410.0,21885000.0,19511000.0,32869000.0,31446000.0,26500000.0,26263000.0,9212000.0,13245000.0
20190513,-7515710.0,10388590.0,4210570.0,12185180.0,10847490.0,7924420.0,10207700.0,2672350.0,7904780.0,20350000.0,8236000.0,23866000.0,21232000.0,15518000.0,19989000.0,5227000.0,15504000.0
20190514,-3553750.0,9803600.0,5770740.0,11802470.0,12281580.0,8141830.0,10201580.0,2058780.0,3552780.0,19416000.0,11419000.0,23371000.0,24316000.0,16117000.0,20192000.0,4071000.0,7048000.0
20190515,2070970.0,7738530.0,9029810.0,12692160.0,13471850.0,10500110.0,9461100.0,3738010.0,2706050.0,15198000.0,17720000.0,24916000.0,26442000.0,20593000.0,18561000.0,7320000.0,5303000.0
20190516,-576310.0,7291360.0,7031740.0,11780760.0,11464070.0,8032290.0,8315900.0,2967130.0,3259830.0,14157000.0,13647000.0,22867000.0,22253000.0,15589000.0,16147000.0,5763000.0,6330000.0
20190517,-4359370.0,10395280.0,6436560.0,12342320.0,11941660.0,7870570.0,9984900.0,3468590.0,5713630.0,20594000.0,12739000.0,24431000.0,23638000.0,15592000.0,19769000.0,6888000.0,11358000.0
20190520,-7713010.0,11866940.0,6789740.0,13967400.0,11331600.0,10603100.0,14472410.0,1886900.0,5730600.0,24235000.0,13854000.0,28531000.0,23128000.0,21667000.0,29580000.0,3863000.0,11735000.0
20190521,-1361030.0,8184950.0,6549600.0,11367660.0,11641970.0,8241210.0,9260370.0,1719880.0,2061750.0,16606000.0,13281000.0,23060000.0,23612000.0,16708000.0,18782000.0,3487000.0,4186000.0
20190522,-3487480.0,8738150.0,6908510.0,9804050.0,8146210.0,6123840.0,7699040.0,1068750.0,2981030.0,17870000.0,14120000.0,20044000.0,16653000.0,12524000.0,15750000.0,2186000.0,6100000.0
20190523,-9825680.0,15828680.0,8339110.0,17950540.0,15614440.0,14550150.0,19049720.0,3099410.0,8425520.0,32968000.0,17348000.0,37356000.0,32490000.0,30262000.0,39656000.0,6472000.0,17563000.0
20190524,-536670.0,12230540.0,10531230.0,16623860.0,17786500.0,13320950.0,14033900.0,2998660.0,2822380.0,25520000.0,21875000.0,34472000.0,36909000.0,27572000.0,29135000.0,6203000.0,5848000.0
20190527,757620.0,10135270.0,10150970.0,14586350.0,15328280.0,11631250.0,10835710.0,2001430.0,2039350.0,21074000.0,21007000.0,30272000.0,31794000.0,24102000.0,22523000.0,4119000.0,4243000.0
20190528,3873950.0,12445370.0,15000400.0,21651480.0,22970410.0,17525810.0,17837050.0,9460960.0,5275770.0,25018000.0,30087000.0,43450000.0,46084000.0,35174000.0,35814000.0,18884000.0,10540000.0
20190529,-1551770.0,9220710.0,8853830.0,11281540.0,10096650.0,6473580.0,7800540.0,1130480.0,1355290.0,18593000.0,17844000.0,22743000.0,20353000.0,13045000.0,15728000.0,2277000.0,2733000.0
20190530,-2558900.0,9548310.0,7728380.0,10079350.0,9340380.0,6408730.0,6982820.0,882290.0,2867100.0,19652000.0,15902000.0,20744000.0,19212000.0,13190000.0,14375000.0,1818000.0,5915000.0
20190531,-1752060.0,9640600.0,6239370.0,10103270.0,11752450.0,5667340.0,7171690.0,526980.0,774690.0,19933000.0,12890000.0,20863000.0,24283000.0,11702000.0,14813000.0,1092000.0,1604000.0
20190603,-1486910.0,7988530.0,7188020.0,10129550.0,9443150.0,6263240.0,8808420.0,1811010.0,752740.0,16475000.0,14809000.0,20874000.0,19447000.0,12895000.0,18155000.0,3718000.0,1551000.0
20190604,-544650.0,7038040.0,5806710.0,7728880.0,8415570.0,6820750.0,6635250.0,2144940.0,2875090.0,14633000.0,12066000.0,16068000.0,17474000.0,14172000.0,13796000.0,4457000.0,5996000.0
20190605,3716230.0,6628380.0,8514770.0,11395970.0,13225820.0,10720150.0,8848920.0,4197480.0,2352480.0,13548000.0,17385000.0,23281000.0,27011000.0,21871000.0,18071000.0,8571000.0,4805000.0
20190606,1194210.0,11255390.0,12247160.0,19688300.0,19890740.0,17761940.0,16869340.0,4064530.0,3762920.0,22688000.0,24666000.0,39677000.0,40065000.0,35806000.0,34035000.0,8178000.0,7583000.0
20190610,-2708720.0,14073330.0,13322550.0,23586150.0,21628230.0,21149570.0,22219990.0,8293460.0,9931760.0,27505000.0,26022000.0,46083000.0,42257000.0,41292000.0,43381000.0,16202000.0,19421000.0
20190611,2177710.0,12918380.0,13336490.0,22364040.0,24123630.0,18766410.0,17654150.0,7148210.0,6082760.0,25317000.0,26074000.0,43754000.0,47187000.0,36661000.0,34556000.0,13954000.0,11869000.0
20190612,-263410.0,13691140.0,12567420.0,16701380.0,17561690.0,12958750.0,13011840.0,4314890.0,4525210.0,26950000.0,24733000.0,32860000.0,34552000.0,25487000.0,25594000.0,8494000.0,8912000.0
20190613,-242250.0,10080810.0,8738640.0,14115760.0,15215690.0,8695640.0,8482780.0,1275740.0,1730850.0,20086000.0,17407000.0,28119000.0,30303000.0,17316000.0,16899000.0,2538000.0,3450000.0
20190614,-4103490.0,10461780.0,6308880.0,11831790.0,11881210.0,7701350.0,9848970.0,1149980.0,3105850.0,21027000.0,12660000.0,23759000.0,23874000.0,15454000.0,19789000.0,2313000.0,6230000.0
20190617,-2192650.0,7774020.0,6345390.0,10547620.0,9783580.0,6223400.0,7802460.0,1618040.0,2231630.0,15751000.0,12840000.0,21375000.0,19822000.0,12605000.0,15808000.0,3274000.0,4535000.0
20190618,-3080740.0,7748270.0,4275550.0,10866070.0,11258060.0,7499180.0,9499550.0,795830.0,1876200.0,15770000.0,8686000.0,22103000.0,22898000.0,15238000.0,19318000.0,1613000.0,3822000.0
20190619,-2974460.0,9622180.0,7748650.0,15268770.0,14167830.0,15737450.0,18528520.0,5527530.0,5710920.0,19306000.0,15537000.0,30619000.0,28402000.0,31549000.0,37152000.0,11076000.0,11459000.0
20190620,1034730.0,11599090.0,12003410.0,21697340.0,22327740.0,21712320.0,20838250.0,5457650.0,5296990.0,23289000.0,24025000.0,43487000.0,44690000.0,43469000.0,41793000.0,10923000.0,10661000.0
20190621,-2374430.0,11311350.0,9204060.0,18457710.0,18190580.0,17352160.0,20175380.0,6583990.0,6135200.0,22445000.0,18247000.0,36623000.0,36084000.0,34409000.0,40024000.0,13048000.0,12169000.0
20190624,-554710.0,7403990.0,6846230.0,11327080.0,11330130.0,10327270.0,11455600.0,4064110.0,3490490.0,14626000.0,13514000.0,22369000.0,22370000.0,20390000.0,22621000.0,8016000.0,6895000.0
20190625,-6276940.0,8949210.0,5721860.0,17256910.0,14207320.0,11737100.0,15428830.0,1429230.0,4014440.0,17902000.0,11439000.0,34505000.0,28409000.0,23478000.0,30859000.0,2857000.0,8035000.0
20190626,-891350.0,6517470.0,5520320.0,11071110.0,11176920.0,9114360.0,9941170.0,1939600.0,2004140.0,13006000.0,11009000.0,22096000.0,22294000.0,18176000.0,19833000.0,3862000.0,4004000.0
20190627,-2497920.0,10812940.0,9492740.0,16462630.0,15284910.0,10379290.0,12490220.0,3375360.0,3762350.0,21404000.0,18774000.0,32582000.0,30235000.0,20521000.0,24725000.0,6674000.0,7447000.0
20190628,-235340.0,9253720.0,8001430.0,9064980.0,10081930.0,7992300.0,8148200.0,1580180.0,1659620.0,18320000.0,15827000.0,17929000.0,19940000.0,15802000.0,16125000.0,3121000.0,3279000.0
20190701,6271020.0,9297530.0,13445500.0,18361530.0,20484580.0,19008400.0,17139680.0,12479340.0,8077040.0,17995000.0,25980000.0,35515000.0,39600000.0,36765000.0,33149000.0,24088000.0,15635000.0
20190702,1911900.0,18841360.0,17167700.0,26839520.0,30425090.0,26455960.0,26240920.0,12459490.0,10762630.0,35337000.0,32192000.0,50400000.0,57048000.0,49535000.0,49151000.0,23283000.0,20163000.0
20190703,3431070.0,12498410.0,13571540.0,19588450.0,21946390.0,23213880.0,22267340.0,8371430.0,5886900.0,23331000.0,25298000.0,36537000.0,40921000.0,43294000.0,41519000.0,15552000.0,10977000.0
20190704,-1278220.0,12054030.0,9605190.0,16634060.0,17804680.0,10658400.0,13039280.0,4223270.0,3120610.0,22557000.0,17960000.0,31114000.0,33289000.0,19935000.0,24386000.0,7866000.0,5837000.0
20190705,-2328300.0,11511610.0,8827590.0,15085780.0,15441500.0,13163970.0,14461790.0,4024220.0,5054700.0,21759000.0,16626000.0,28415000.0,29086000.0,24775000.0,27226000.0,7564000.0,9576000.0
20190708,1011430.0,12736390.0,11826980.0,16839150.0,18759980.0,15966020.0,14004850.0,5416330.0,6366070.0,24345000.0,22548000.0,32150000.0,35816000.0,30469000.0,26746000.0,10344000.0,12197000.0
20190709,10324190.0,13970570.0,22348960.0,31677490.0,33623300.0,34625270.0,29567840.0,17553960.0,12287200.0,25908000.0,41343000.0,58672000.0,62229000.0,64079000.0,54723000.0,32394000.0,22759000.0
20190710,8396710.0,12818890.0,15623170.0,19993800.0,25586240.0,25291070.0,19067780.0,6480180.0,4306760.0,23790000.0,28974000.0,37089000.0,47461000.0,46902000.0,35368000.0,12010000.0,7989000.0
20190711,-7001740.0,13503340.0,10470240.0,17615620.0,13646980.0,12856150.0,17606220.0,5353270.0,7604940.0,25294000.0,19605000.0,32968000.0,25546000.0,24050000.0,32906000.0,9992000.0,14247000.0
20190712,2771930.0,8657130.0,13369720.0,21431320.0,19490660.0,17996180.0,17840840.0,8186500.0,5569910.0,15974000.0,24639000.0,39525000.0,35936000.0,33175000.0,32889000.0,15076000.0,10286000.0
20190715,1196670.0,10911410.0,15587380.0,26041410.0,22562120.0,23427310.0,21760300.0,6914200.0,7384540.0,19851000.0,28299000.0,47225000.0,40986000.0,42552000.0,39523000.0,12580000.0,13398000.0
20190716,-3529730.0,9093390.0,6215390.0,11045660.0,10393950.0,6860900.0,8594510.0,2576460.0,4372580.0,16587000.0,11332000.0,20143000.0,18953000.0,12513000.0,15676000.0,4703000.0,7985000.0
20190717,-4940530.0,7379410.0,6412550.0,14922380.0,10948710.0,9065600.0,12556260.0,2655460.0,4105330.0,13481000.0,11703000.0,27258000.0,19987000.0,16546000.0,22932000.0,4844000.0,7506000.0
20190718,-6201310.0,11482910.0,6840240.0,19805190.0,18246560.0,11530950.0,17162400.0,5080070.0,5649930.0,21482000.0,12778000.0,37059000.0,34137000.0,21568000.0,32107000.0,9475000.0,10563000.0
20190719,558130.0,8293330.0,6226150.0,9694730.0,12320040.0,7478900.0,10106130.0,6923240.0,3737880.0,15387000.0,11548000.0,17985000.0,22847000.0,13870000.0,18740000.0,12831000.0,6937000.0
20190722,3354870.0,10231100.0,13214660.0,22283560.0,22654880.0,20562110.0,17382160.0,10070860.0,9895940.0,18664000.0,24088000.0,40608000.0,41294000.0,37468000.0,31689000.0,18381000.0,18050000.0
20190723,4827150.0,12536690.0,17657370.0,26970230.0,26676690.0,27032630.0,22363090.0,12488140.0,12330530.0,22424000.0,31519000.0,48239000.0,47657000.0,48207000.0,39909000.0,22203000.0,21987000.0
20190724,-2210900.0,17781080.0,12431600.0,15207670.0,18346240.0,20066280.0,19812530.0,7170760.0,9635410.0,31342000.0,21892000.0,26818000.0,32318000.0,35354000.0,34913000.0,12610000.0,17001000.0
20190725,584700.0,8139840.0,9265360.0,12203400.0,11662570.0,12150530.0,12446780.0,6470560.0,5589610.0,14424000.0,16389000.0,21625000.0,20654000.0,21512000.0,22057000.0,11462000.0,9923000.0
20190726,12906980.0,8296230.0,13518610.0,16641370.0,24325960.0,26340280.0,17861050.0,9267080.0,4839330.0,14534000.0,23645000.0,29119000.0,42540000.0,46040000.0,31253000.0,16191000.0,8445000.0
20190729,-97900.0,8762850.0,7777290.0,13948410.0,14836070.0,9740830.0,10734080.0,3787390.0,2892040.0,15358000.0,13606000.0,24422000.0,25961000.0,17038000.0,18797000.0,6616000.0,5069000.0
20190730,-2240160.0,9752840.0,8387550.0,16229430.0,15354550.0,11949700.0,13944980.0,5064840.0,5309720.0,17125000.0,14721000.0,28504000.0,26940000.0,20969000.0,24484000.0,8887000.0,9340000.0
20190731,-9987240.0,15188800.0,7430520.0,20235830.0,18006870.0,11995820.0,15173600.0,2848240.0,9657700.0,27114000.0,13255000.0,36116000.0,32116000.0,21403000.0,27087000.0,5086000.0,17262000.0
20190801,-1230200.0,13127310.0,10029870.0,17312570.0,19179820.0,15502460.0,15242300.0,3361280.0,4851640.0,23614000.0,18042000.0,31152000.0,34484000.0,27867000.0,27411000.0,6037000.0,8732000.0
20190802,-5125140.0,12147780.0,7285170.0,16913960.0,16651430.0,13389020.0,15074840.0,3388870.0,6828190.0,22311000.0,13361000.0,31069000.0,30555000.0,24551000.0,27684000.0,6233000.0,12563000.0
20190805,-9094400.0,16066140.0,7796420.0,18934530.0,18109850.0,15594350.0,22027600.0,4960660.0,7621810.0,30217000.0,14639000.0,35612000.0,34069000.0,29397000.0,41488000.0,9350000.0,14379000.0
20190806,-6135510.0,16518850.0,11519500.0,19861690.0,18725530.0,14126610.0,16430360.0,4981800.0,8813560.0,32246000.0,22450000.0,38796000.0,36561000.0,27598000.0,32116000.0,9722000.0,17235000.0
20190807,-3743280.0,11036460.0,7678580.0,12285000.0,11899600.0,10774510.0,11954300.0,2240930.0,4804420.0,21598000.0,15026000.0,24043000.0,23277000.0,21106000.0,23417000.0,4383000.0,9411000.0
20190808,-4555730.0,9464520.0,8643020.0,14304270.0,10570050.0,10573790.0,14398120.0,2028160.0,2759560.0,18599000.0,16964000.0,28102000.0,20753000.0,20778000.0,28312000.0,3977000.0,5428000.0
20190809,2136750.0,10719050.0,10551570.0,14479020.0,16783230.0,16752690.0,13304400.0,2095170.0,3406710.0,20896000.0,20542000.0,28208000.0,32674000.0,32592000.0,25916000.0,4078000.0,6641000.0
20190812,-4953290.0,15547860.0,9832610.0,15985910.0,16747880.0,11349230.0,13006140.0,3000950.0,6297330.0,30758000.0,19426000.0,31632000.0,33080000.0,22430000.0,25735000.0,5917000.0,12497000.0
20190813,-17336020.0,20108300.0,11061540.0,22833170.0,14543910.0,20046010.0,30892130.0,4428460.0,10918360.0,40358000.0,22177000.0,45824000.0,29143000.0,40253000.0,62116000.0,8898000.0,21897000.0
20190814,-4531630.0,13405480.0,9770760.0,16541100.0,15644180.0,13334540.0,15679180.0,3277800.0,5464790.0,26681000.0,19439000.0,32934000.0,31126000.0,26552000.0,31230000.0,6521000.0,10893000.0
20190815,-1962310.0,9478140.0,8247780.0,10926280.0,10194330.0,10076640.0,11182060.0,2527260.0,3384150.0,19081000.0,16602000.0,21998000.0,20490000.0,20281000.0,22511000.0,5086000.0,6843000.0
20190816,5730310.0,8494710.0,13629480.0,16644740.0,17240290.0,15046100.0,12477070.0,5994550.0,2833270.0,16623000.0,26648000.0,32560000.0,33718000.0,29408000.0,24401000.0,11710000.0,5534000.0
20190819,745770.0,12288220.0,14050760.0,20591520.0,19574760.0,17332560.0,14951290.0,5104260.0,6739760.0,23735000.0,27113000.0,39776000.0,37799000.0,33453000.0,28875000.0,9843000.0,13019000.0
20190820,-4256140.0,12478430.0,9342720.0,17708210.0,16587780.0,13038920.0,12753940.0,2179250.0,6720370.0,24188000.0,18106000.0,34321000.0,32132000.0,25268000.0,24719000.0,4214000.0,13034000.0
20190821,-7110340.0,10530610.0,7749130.0,17100460.0,12771590.0,13494450.0,19448800.0,2719120.0,3875110.0,20592000.0,15130000.0,33414000.0,24938000.0,26361000.0,38033000.0,5310000.0,7577000.0
20190822,-19720020.0,30146880.0,18974490.0,38670770.0,30123140.0,27953810.0,34761120.0,9019100.0,21931810.0,60171000.0,37845000.0,77143000.0,60057000.0,55776000.0,69350000.0,17999000.0,43836000.0
20190823,-30500910.0,41826340.0,20188990.0,44383660.0,35520090.0,28138040.0,40973590.0,6569940.0,24235300.0,85397000.0,41207000.0,90607000.0,72465000.0,57499000.0,83778000.0,13459000.0,49512000.0
20190826,-7953500.0,17276060.0,13980650.0,25194630.0,20536530.0,20108900.0,19583220.0,6479590.0,14958770.0,35632000.0,28762000.0,51895000.0,42284000.0,41398000.0,40373000.0,13349000.0,30857000.0
20190827,-4032360.0,15035430.0,14050220.0,22285170.0,19238030.0,22624400.0,22511830.0,11569730.0,15714660.0,30465000.0,28444000.0,45139000.0,38953000.0,45802000.0,45574000.0,23386000.0,31821000.0
20190828,-9520290.0,22037820.0,18213380.0,32655580.0,26959730.0,25640550.0,31181630.0,8303210.0,12282420.0,43785000.0,36148000.0,64781000.0,53421000.0,50801000.0,61892000.0,16413000.0,24320000.0
20190829,-6524350.0,17317340.0,10141940.0,17659030.0,18310090.0,11034520.0,14073980.0,1802480.0,5287370.0,35283000.0,20654000.0,35971000.0,37291000.0,22483000.0,28684000.0,3672000.0,10779000.0
20190830,2548110.0,12292700.0,13660230.0,17706660.0,18887230.0,16959360.0,15080170.0,3466860.0,2797940.0,24838000.0,27575000.0,35760000.0,38137000.0,34236000.0,30460000.0,6991000.0,5653000.0
20190902,-6039420.0,14453990.0,10715210.0,21558190.0,19257550.0,18130990.0,21757310.0,4579200.0,6992300.0,29138000.0,21584000.0,43444000.0,38799000.0,36531000.0,43850000.0,9224000.0,14104000.0
20190903,-6109900.0,13701820.0,9265190.0,17932220.0,16258950.0,11970140.0,17682580.0,3632200.0,4029660.0,27758000.0,18760000.0,36316000.0,32925000.0,24250000.0,35824000.0,7351000.0,8167000.0
20190904,-4222890.0,14780540.0,10643270.0,18844000.0,18758370.0,14535270.0,16970910.0,4436040.0,6223290.0,30088000.0,21653000.0,38353000.0,38163000.0,29574000.0,34551000.0,9020000.0,12667000.0
20190905,1828360.0,18717680.0,19981870.0,31145240.0,31709410.0,26424100.0,25825020.0,11253130.0,10023850.0,37400000.0,39917000.0,62225000.0,63348000.0,52803000.0,51614000.0,22480000.0,20028000.0
20190906,-2868890.0,16386910.0,14927690.0,29202580.0,27792920.0,20423770.0,22018980.0,8120750.0,9394430.0,32408000.0,29504000.0,57718000.0,54952000.0,40381000.0,43550000.0,16066000.0,18568000.0
20190909,13829420.0,14950700.0,21914630.0,29234050.0,36099550.0,33206320.0,29174880.0,22302170.0,12504190.0,29212000.0,42786000.0,57131000.0,70513000.0,64861000.0,57027000.0,43587000.0,24466000.0
20190910,-3494120.0,15407320.0,11698050.0,23204260.0,23419420.0,18112860.0,19824720.0,8577860.0,10360120.0,30134000.0,22865000.0,45370000.0,45767000.0,35411000.0,38762000.0,16739000.0,20259000.0
20190911,618680.0,11810140.0,11220550.0,18584190.0,19792470.0,19723340.0,19393600.0,9437490.0,9148550.0,23081000.0,21908000.0,36312000.0,38661000.0,38538000.0,37899000.0,18426000.0,17890000.0
20190912,-7273020.0,13662700.0,6776710.0,16802520.0,16415490.0,13693620.0,15924810.0,6169660.0,11211490.0,26922000.0,13346000.0,33101000.0,32334000.0,26977000.0,31366000.0,12144000.0,22099000.0
20190916,1175640.0,7655120.0,9300520.0,14584970.0,14115220.0,13722620.0,13287210.0,6864020.0,6123790.0,14983000.0,18193000.0,28541000.0,27616000.0,26843000.0,25999000.0,13420000.0,11979000.0
20190917,-11673210.0,17855170.0,8713120.0,19323640.0,16792490.0,13481440.0,17662000.0,2338840.0,9831490.0,35589000.0,17350000.0,38498000.0,33424000.0,26855000.0,35183000.0,4656000.0,19641000.0
20190918,-2503740.0,7047510.0,5750190.0,10418890.0,9212470.0,6940610.0,9220430.0,2091450.0,2315370.0,14103000.0,11504000.0,20844000.0,18430000.0,13884000.0,18450000.0,4184000.0,4631000.0
20190919,-1081970.0,6582610.0,5515210.0,10814430.0,10799860.0,8307630.0,10427800.0,5170430.0,4132230.0,13161000.0,11019000.0,21616000.0,21580000.0,16604000.0,20845000.0,10326000.0,8263000.0
20190920,-1572500.0,8516990.0,6201540.0,11629830.0,12372800.0,7819100.0,9475500.0,6503580.0,6419680.0,16990000.0,12366000.0,23199000.0,24674000.0,15594000.0,18896000.0,12970000.0,12817000.0
20190923,-11446490.0,17629330.0,7042540.0,17537220.0,16677520.0,10193240.0,13766550.0,1753620.0,9626800.0,35898000.0,14330000.0,35696000.0,33944000.0,20762000.0,28026000.0,3579000.0,19635000.0
20190924,3122370.0,8480380.0,10195810.0,13368580.0,14775520.0,12900350.0,10557870.0,5014310.0,4234420.0,17018000.0,20446000.0,26796000.0,29631000.0,25890000.0,21168000.0,10024000.0,8483000.0
20190925,-8573470.0,14148120.0,5690250.0,15640990.0,15525410.0,8688510.0,11326770.0,1176090.0,7111300.0,28817000.0,11580000.0,31859000.0,31605000.0,17690000.0,23059000.0,2388000.0,14509000.0
20190926,-6417400.0,11781390.0,6118970.0,11838960.0,11083970.0,7002610.0,9887720.0,3304500.0,6836790.0,24165000.0,12531000.0,24266000.0,22712000.0,14341000.0,20263000.0,6753000.0,14018000.0
20190927,-386240.0,6264700.0,4360700.0,7714770.0,9232540.0,5252430.0,5217580.0,538380.0,959470.0,12891000.0,8972000.0,15874000.0,18997000.0,10809000.0,10737000.0,1108000.0,1975000.0
20190930,1084310.0,6085750.0,6227330.0,8008850.0,8951580.0,5301760.0,6465880.0,4620130.0,2371700.0,12455000.0,12738000.0,16390000.0,18312000.0,10845000.0,13237000.0,9454000.0,4858000.0
20191008,-3778350.0,7920620.0,4955980.0,8774070.0,7960360.0,5964850.0,8815240.0,1097310.0,2025270.0,16222000.0,10131000.0,17959000.0,16281000.0,12197000.0,18047000.0,2237000.0,4156000.0
20191009,-1327000.0,8400000.0,6569730.0,8880780.0,9384040.0,5601500.0,5732630.0,1255650.0,2451520.0,17566000.0,13720000.0,18565000.0,19625000.0,11714000.0,12005000.0,2627000.0,5121000.0
20191010,-6330.0,7896050.0,7806570.0,12515120.0,12598250.0,8829580.0,7891300.0,1359880.0,2304490.0,16147000.0,15953000.0,25578000.0,25759000.0,18050000.0,16126000.0,2778000.0,4715000.0
20191011,-6450520.0,9721130.0,5628400.0,15159360.0,12801560.0,9477030.0,12230230.0,2443870.0,6141190.0,20015000.0,11583000.0,31198000.0,26338000.0,19504000.0,25162000.0,5024000.0,12659000.0
20191014,-2286520.0,9266880.0,7263230.0,13431080.0,13148200.0,11644190.0,13227350.0,6684810.0,7388170.0,18960000.0,14841000.0,27465000.0,26867000.0,23805000.0,27060000.0,13652000.0,15112000.0
20191015,-12597330.0,13467560.0,5702270.0,14559010.0,9726960.0,6825430.0,12905560.0,2066050.0,8583250.0,27947000.0,11815000.0,30204000.0,20158000.0,14166000.0,26793000.0,4293000.0,17845000.0
20191016,-10230390.0,11959330.0,5033350.0,12407230.0,9102830.0,7627720.0,10130840.0,1917800.0,9645070.0,25102000.0,10561000.0,26044000.0,19099000.0,15998000.0,21250000.0,4028000.0,20263000.0
20191017,-3165400.0,6130580.0,3420380.0,6148180.0,5692990.0,5018850.0,6436560.0,1019720.0,2767410.0,12890000.0,7190000.0,12927000.0,11968000.0,10550000.0,13532000.0,2143000.0,5820000.0
20191018,-4540830.0,12330750.0,7117930.0,12638610.0,13310600.0,7515290.0,10052240.0,2897940.0,4901820.0,26141000.0,15071000.0,26788000.0,28242000.0,15923000.0,21304000.0,6158000.0,10394000.0
20191021,-2715570.0,7909100.0,4157480.0,7896790.0,8932840.0,5240810.0,7033680.0,3475390.0,4398090.0,17035000.0,8951000.0,17011000.0,19241000.0,11290000.0,15151000.0,7490000.0,9483000.0
20191022,-1609660.0,5036030.0,3527040.0,5451720.0,5351050.0,4323810.0,3918010.0,703060.0,2718520.0,10784000.0,7550000.0,11674000.0,11460000.0,9259000.0,8390000.0,1507000.0,5824000.0
20191023,-1605880.0,4941220.0,2994540.0,4944230.0,5285040.0,2722500.0,3962700.0,1555160.0,1920840.0,10594000.0,6419000.0,10600000.0,11331000.0,5837000.0,8496000.0,3336000.0,4120000.0
20191024,-492040.0,4682040.0,3797910.0,5244880.0,5636980.0,3812090.0,4930940.0,992410.0,365600.0,10033000.0,8138000.0,11239000.0,12079000.0,8169000.0,10569000.0,2128000.0,783000.0
20191025,-1378780.0,5565440.0,4328480.0,6923230.0,6781400.0,4031970.0,4503720.0,821640.0,1728670.0,11907000.0,9250000.0,14808000.0,14500000.0,8605000.0,9632000.0,1756000.0,3694000.0
20191028,-2946630.0,7216980.0,5484980.0,9828700.0,8614070.0,6400120.0,7015540.0,1421120.0,3752330.0,15265000.0,11600000.0,20787000.0,18223000.0,13535000.0,14833000.0,3005000.0,7937000.0
20191029,-1263210.0,7444620.0,6398080.0,10212440.0,9995770.0,6818890.0,8203500.0,1689130.0,1567730.0,15693000.0,13468000.0,21519000.0,21052000.0,14350000.0,17280000.0,3546000.0,3308000.0
20191030,-12803550.0,23910670.0,11903860.0,24713370.0,23916630.0,18470150.0,25069820.0,9398940.0,15602820.0,53900000.0,26836000.0,55696000.0,53898000.0,41623000.0,56485000.0,21200000.0,35200000.0
20191031,-9110110.0,16698140.0,9232760.0,16621960.0,14977230.0,11667290.0,15221890.0,2582670.0,8138180.0,38854000.0,21472000.0,38671000.0,34840000.0,27151000.0,35427000.0,6007000.0,18945000.0
20191101,-1991540.0,8433420.0,7805990.0,10473390.0,9109280.0,9050200.0,8964750.0,1144700.0,3221690.0,19508000.0,18035000.0,24208000.0,21049000.0,20927000.0,20737000.0,2653000.0,7475000.0
20191104,-2143920.0,8464230.0,5551470.0,8097700.0,8866550.0,5017170.0,6941650.0,1915030.0,2134470.0,19502000.0,12788000.0,18657000.0,20425000.0,11566000.0,15993000.0,4393000.0,4913000.0
20191105,-1269420.0,10116180.0,8999450.0,11517330.0,11364640.0,8062800.0,10835340.0,3909760.0,2406640.0,23206000.0,20580000.0,26377000.0,26016000.0,18434000.0,24850000.0,8973000.0,5543000.0
20191106,-988420.0,9980260.0,10086700.0,13811310.0,12716440.0,11850770.0,14497400.0,7281210.0,5623000.0,22511000.0,22728000.0,31137000.0,28641000.0,26695000.0,32666000.0,16371000.0,12678000.0
20191107,886950.0,9838810.0,9992080.0,13555570.0,14289250.0,14794110.0,13772460.0,5163810.0,5298510.0,21994000.0,22323000.0,30279000.0,31934000.0,33036000.0,30754000.0,11526000.0,11824000.0
20191108,-1241490.0,9538600.0,8211920.0,13574450.0,13659650.0,9508910.0,10778320.0,3779790.0,3751870.0,21005000.0,18069000.0,29883000.0,30051000.0,20917000.0,23723000.0,8287000.0,8249000.0
20191111,-3344370.0,9654310.0,5831560.0,9336300.0,9814690.0,6418150.0,9122690.0,1833820.0,2473650.0,21860000.0,13188000.0,21145000.0,22203000.0,14517000.0,20658000.0,4151000.0,5625000.0
20191112,-539930.0,5811680.0,4759150.0,5924450.0,6437050.0,5714950.0,6617290.0,2177050.0,1814640.0,13202000.0,10801000.0,13456000.0,14617000.0,12977000.0,15030000.0,4935000.0,4121000.0
20191113,-5314180.0,9735340.0,4991880.0,9407650.0,8836930.0,5174610.0,7158740.0,882220.0,4212270.0,22400000.0,11462000.0,21648000.0,20329000.0,11902000.0,16483000.0,2028000.0,9703000.0
20191114,476240.0,6179840.0,4807440.0,6562650.0,8411300.0,3386610.0,3472770.0,1463810.0,901410.0,14191000.0,11038000.0,15071000.0,19313000.0,7773000.0,7975000.0,3363000.0,2071000.0
20191115,-3528330.0,7192440.0,4379700.0,7122520.0,6406940.0,3620090.0,5812660.0,1978840.0,3314600.0,16668000.0,10139000.0,16499000.0,14836000.0,8384000.0,13464000.0,4598000.0,7709000.0
20191118,-2969370.0,7188420.0,4112710.0,6736160.0,6842510.0,4753070.0,5792040.0,4298460.0,6228860.0,16794000.0,9608000.0,15740000.0,15982000.0,11105000.0,13542000.0,10047000.0,14555000.0
20191119,2516970.0,6288460.0,7090070.0,7812100.0,9527470.0,6648190.0,5213670.0,2444460.0,1362010.0,14500000.0,16332000.0,18009000.0,21967000.0,15316000.0,12009000.0,5634000.0,3152000.0
20191120,-1872550.0,5953750.0,4814500.0,6317760.0,5584460.0,3929590.0,5355010.0,851670.0,1298800.0,13753000.0,11120000.0,14591000.0,12896000.0,9075000.0,12365000.0,1968000.0,3006000.0
20191121,487230.0,5419890.0,7201500.0,8620770.0,7326400.0,6951900.0,6741950.0,2271830.0,1994550.0,12485000.0,16561000.0,19834000.0,16852000.0,15982000.0,15507000.0,5216000.0,4596000.0
20191122,-1912880.0,8034210.0,8028220.0,11596160.0,9689270.0,8148300.0,10736840.0,3140500.0,2464840.0,18265000.0,18232000.0,26341000.0,22012000.0,18506000.0,24403000.0,7157000.0,5623000.0
20191125,1990490.0,11042120.0,14223800.0,19384810.0,18193620.0,17196590.0,17359820.0,6422330.0,4268610.0,24810000.0,31939000.0,43509000.0,40844000.0,38660000.0,39034000.0,14453000.0,9614000.0
20191126,-4840220.0,9998790.0,8161730.0,14106530.0,11103360.0,11510090.0,12109490.0,8590940.0,12831760.0,22508000.0,18325000.0,31717000.0,24936000.0,25871000.0,27228000.0,19299000.0,28906000.0
20191127,-3027840.0,7083800.0,4134620.0,8105570.0,8026910.0,5004030.0,7611670.0,1093710.0,1513910.0,16081000.0,9381000.0,18398000.0,18216000.0,11363000.0,17286000.0,2482000.0,3441000.0
20191128,-4415680.0,7335240.0,4518960.0,7740450.0,6141060.0,4982340.0,6492050.0,806360.0,3712330.0,16917000.0,10417000.0,17851000.0,14156000.0,11496000.0,14977000.0,1856000.0,8571000.0
20191129,-1567070.0,6455290.0,4225130.0,6214440.0,6877530.0,4878680.0,5596430.0,1287730.0,2137050.0,14913000.0,9751000.0,14357000.0,15893000.0,11268000.0,12928000.0,2971000.0,4937000.0
20191202,-1575700.0,5443760.0,3514020.0,5721260.0,6075310.0,5755640.0,6891000.0,1810130.0,2250470.0,12591000.0,8121000.0,13229000.0,14040000.0,13306000.0,15936000.0,4185000.0,5214000.0
20191203,83550.0,5161030.0,5220700.0,6711480.0,6735360.0,5784730.0,7244600.0,2752490.0,1209070.0,11915000.0,12025000.0,15472000.0,15527000.0,13323000.0,16706000.0,6338000.0,2790000.0
20191204,-1314690.0,7709140.0,6602700.0,9661820.0,9453560.0,8904540.0,9758660.0,4077030.0,4537600.0,17530000.0,15000000.0,21963000.0,21487000.0,20223000.0,22171000.0,9244000.0,10302000.0
20191205,-4355910.0,7615710.0,5363670.0,11637540.0,9533680.0,7108970.0,9257380.0,1352540.0,3560040.0,17276000.0,12159000.0,26397000.0,21620000.0,16119000.0,20996000.0,3068000.0,8086000.0
20191206,-5173640.0,9893580.0,6317620.0,10585210.0,8987520.0,5932380.0,10077630.0,3332900.0,4361290.0,22673000.0,14480000.0,24254000.0,20596000.0,13586000.0,23079000.0,7633000.0,9990000.0
20191209,-3374090.0,7519270.0,4897320.0,8515240.0,7763090.0,7425410.0,7989890.0,1796560.0,4606170.0,17325000.0,11280000.0,19620000.0,17882000.0,17103000.0,18408000.0,4139000.0,10617000.0
20191210,-2916480.0,6765310.0,3690010.0,6583740.0,6742580.0,4413170.0,5992250.0,530490.0,1867890.0,15600000.0,8504000.0,15178000.0,15545000.0,10172000.0,13817000.0,1223000.0,4308000.0
20191211,2131090.0,10279050.0,11294640.0,13145390.0,14260900.0,10719170.0,11241480.0,4830410.0,2177010.0,23461000.0,25743000.0,29979000.0,32526000.0,24442000.0,25645000.0,10992000.0,4959000.0
20191212,-4374930.0,12813830.0,5326170.0,14146490.0,17259220.0,7246290.0,8787440.0,1140110.0,3973890.0,29338000.0,12176000.0,32380000.0,39508000.0,16595000.0,20101000.0,2610000.0,9138000.0
20191213,-24693130.0,18501920.0,5878810.0,22047810.0,9977800.0,15800050.0,34568580.0,5051830.0,10976430.0,42667000.0,13544000.0,50851000.0,22995000.0,36429000.0,79732000.0,11640000.0,25316000.0
20191216,2063740.0,10335340.0,12828730.0,18625260.0,18195600.0,14743040.0,17498720.0,11024850.0,6205430.0,23679000.0,29333000.0,42651000.0,41624000.0,33738000.0,40081000.0,25196000.0,14225000.0
20191217,2694860.0,18145770.0,19691360.0,28038910.0,29188180.0,25719450.0,25482360.0,13822220.0,11364450.0,40304000.0,43758000.0,62301000.0,64859000.0,57155000.0,56637000.0,30712000.0,25218000.0
20191218,-2601630.0,12568210.0,10132730.0,17862760.0,17696600.0,14698400.0,16887410.0,5522570.0,5935190.0,28097000.0,22645000.0,39927000.0,39551000.0,32855000.0,37760000.0,12350000.0,13273000.0
20191219,-3863100.0,10634670.0,8438220.0,15780340.0,14113710.0,12670390.0,16140640.0,6064510.0,6457360.0,23870000.0,18897000.0,35374000.0,31599000.0,28367000.0,36174000.0,13552000.0,14493000.0
20191220,19172410.0,20296010.0,30836450.0,39337260.0,47969230.0,44731830.0,38850950.0,30067930.0,16776400.0,43791000.0,66501000.0,84913000.0,103436000.0,96435000.0,83762000.0,64698000.0,36140000.0
20191223,-8236830.0,16009770.0,10771800.0,22441750.0,19442900.0,17886470.0,18750070.0,4487040.0,11860270.0,34954000.0,23504000.0,48975000.0,42431000.0,39044000.0,40921000.0,9802000.0,25919000.0
20191224,3880580.0,10049300.0,12823560.0,20363030.0,21469360.0,26004560.0,22587850.0,16084850.0,15620980.0,21736000.0,27675000.0,44005000.0,46388000.0,56101000.0,48762000.0,34760000.0,33776000.0
20191225,2718260.0,16014310.0,14233560.0,25180000.0,29679010.0,27045900.0,33474230.0,22429140.0,13282550.0,33971000.0,30092000.0,53352000.0,62809000.0,57245000.0,70835000.0,47265000.0,28096000.0
20191226,-9353100.0,13831900.0,7645320.0,18544500.0,15377980.0,14474960.0,16024230.0,4458820.0,12262650.0,29762000.0,16416000.0,39898000.0,33041000.0,31114000.0,34451000.0,9571000.0,26438000.0
20191227,-3580820.0,11117820.0,8330030.0,17462180.0,16669180.0,16768150.0,17538330.0,5394850.0,8205490.0,24032000.0,17979000.0,37713000.0,35995000.0,36194000.0,37894000.0,11645000.0,17717000.0
20191230,19390960.0,10536720.0,20656190.0,24036220.0,33307700.0,37486490.0,25934230.0,20511330.0,12672630.0,22369000.0,43817000.0,51057000.0,70710000.0,79564000.0,55073000.0,43488000.0,26877000.0
20191231,193680.0,11152000.0,11426750.0,19017540.0,18936480.0,21590280.0,20584090.0,10926540.0,11739050.0,23552000.0,24071000.0,40109000.0,39909000.0,45501000.0,43406000.0,23003000.0,24780000.0
20200102,8079660.0,9651370.0,15359230.0,20090830.0,22462620.0,25393640.0,24989170.0,21413380.0,13738190.0,20112000.0,31960000.0,41855000.0,46752000.0,52876000.0,52037000.0,44497000.0,28591000.0
20200103,2849470.0,11336150.0,12189250.0,17684720.0,19681090.0,19920460.0,21914750.0,13894830.0,9051070.0,23483000.0,25184000.0,36599000.0,40661000.0,41156000.0,45307000.0,28698000.0,18784000.0
20200106,3949410.0,13932960.0,16212980.0,25433380.0,27102770.0,30857140.0,27248550.0,11990860.0,11650040.0,28854000.0,33437000.0,52622000.0,55966000.0,63678000.0,56332000.0,24712000.0,24131000.0
20200107,-7481730.0,11421950.0,7520220.0,17401650.0,13821650.0,12222670.0,17918510.0,3855020.0,5640910.0,23760000.0,15640000.0,36202000.0,28735000.0,25425000.0,37287000.0,8014000.0,11739000.0
20200108,-702230.0,12491340.0,9259340.0,16766590.0,19296370.0,15173090.0,18934800.0,8493880.0,5434400.0,26232000.0,19403000.0,35186000.0,40453000.0,31785000.0,39714000.0,17772000.0,11404000.0
20200109,-1747020.0,8182370.0,7455560.0,14665190.0,13644980.0,14464260.0,16874890.0,5223400.0,4559790.0,17166000.0,15627000.0,30753000.0,28611000.0,30340000.0,35415000.0,10957000.0,9564000.0
20200110,-10528920.0,14497790.0,6980330.0,19446630.0,16435170.0,13814390.0,19865390.0,3534140.0,8012060.0,30887000.0,14867000.0,41431000.0,35023000.0,29439000.0,42332000.0,7538000.0,17072000.0
20200113,72577700.0,10067160.0,36643890.0,26014480.0,72015450.0,46855000.0,74957560.0,183305110.0,82624850.0,19716000.0,71367000.0,50923000.0,140273000.0,91615000.0,145961000.0,356484000.0,161138000.0
20200114,-12504480.0,47341730.0,37318010.0,74459640.0,71978880.0,102206560.0,95311480.0,111665710.0,131065270.0,86872000.0,68342000.0,136615000.0,131848000.0,187409000.0,174496000.0,204047000.0,240257000.0
20200115,-4188990.0,22635710.0,24355080.0,45509040.0,39600680.0,48068290.0,49627990.0,43234990.0,45864280.0,42511000.0,45653000.0,85260000.0,74213000.0,90154000.0,92976000.0,80770000.0,85853000.0
20200116,851090.0,27998180.0,25214400.0,42206330.0,45841210.0,57550200.0,50634660.0,50063010.0,56127460.0,53081000.0,47488000.0,79878000.0,86460000.0,108597000.0,95472000.0,94170000.0,106305000.0
20200117,48700810.0,28149510.0,53375560.0,68396690.0,91871450.0,93718080.0,100606300.0,111951260.0,56362230.0,49371000.0,93468000.0,120026000.0,160926000.0,165034000.0,176797000.0,196102000.0,99342000.0
20200120,4572660.0,26391940.0,23707300.0,45109630.0,52366930.0,54828690.0,54729490.0,47887680.0,43414220.0,45672000.0,40910000.0,77950000.0,90346000.0,94677000.0,94497000.0,82477000.0,75022000.0
20200121,-10373670.0,23662650.0,16434400.0,33400350.0,30254930.0,39703540.0,36919300.0,19363100.0,32521010.0,41549000.0,28824000.0,58606000.0,53074000.0,69656000.0,64779000.0,34000000.0,57133000.0
20200122,27061240.0,19728320.0,33281600.0,44097750.0,57605710.0,68975410.0,64798140.0,59940430.0,37056460.0,33671000.0,56550000.0,75255000.0,97991000.0,117600000.0,110383000.0,101454000.0,63056000.0
20200123,3566130.0,24549650.0,25028540.0,46890570.0,49977820.0,60375060.0,64558700.0,41721330.0,33971560.0,41408000.0,41989000.0,78970000.0,83984000.0,101280000.0,108434000.0,69928000.0,57178000.0
20200203,-4826770.0,7520800.0,4288380.0,12278860.0,10684520.0,11678370.0,13832750.0,21230300.0,23902690.0,13964000.0,7962000.0,22797000.0,19836000.0,21681000.0,25684000.0,39421000.0,44381000.0
20200204,-3820810.0,31002880.0,25800150.0,54438890.0,55820790.0,68828880.0,54862900.0,51501900.0,69288690.0,55502000.0,46044000.0,97438000.0,99822000.0,123032000.0,98011000.0,91772000.0,123865000.0
20200205,24212300.0,27082520.0,36391840.0,57854910.0,72757900.0,74497100.0,88352820.0,110380230.0,72312210.0,45050000.0,60143000.0,96349000.0,120321000.0,123754000.0,146141000.0,181063000.0,119611000.0
20200206,-5927820.0,26760480.0,23996710.0,49355190.0,46191140.0,55030910.0,59246410.0,46985640.0,48697960.0,45013000.0,40199000.0,82927000.0,77547000.0,92443000.0,99573000.0,78939000.0,82002000.0
20200207,-33976910.0,40949120.0,21119860.0,57005070.0,42857420.0,55252640.0,56744300.0,33674760.0,66160010.0,70506000.0,36228000.0,98036000.0,73506000.0,94928000.0,97483000.0,57798000.0,114050000.0
20200210,11356220.0,30950850.0,33926920.0,56521850.0,64901980.0,70345830.0,63428660.0,56529720.0,52090670.0,50961000.0,55660000.0,93039000.0,106645000.0,115577000.0,104349000.0,93171000.0,86094000.0
20200211,-7814610.0,23860110.0,16824230.0,35065750.0,34287020.0,38514850.0,40394320.0,18790250.0,24725390.0,40295000.0,28370000.0,59198000.0,57839000.0,65000000.0,68179000.0,31683000.0,41788000.0
20200212,-4572300.0,21423040.0,16917460.0,36358280.0,36291550.0,39465300.0,40238280.0,19920510.0,23719830.0,36147000.0,28467000.0,61296000.0,61154000.0,66505000.0,67816000.0,33507000.0,40018000.0
20200213,-11083600.0,30876540.0,16717830.0,42859290.0,45934410.0,41641190.0,44741420.0,23239700.0,31223070.0,52954000.0,28480000.0,73382000.0,78429000.0,70990000.0,76410000.0,39470000.0,53477000.0
20200214,-7159710.0,14142620.0,8104540.0,17587120.0,16465490.0,15908880.0,15975280.0,4278860.0,11372170.0,24853000.0,14225000.0,30864000.0,28892000.0,27900000.0,28045000.0,7497000.0,19952000.0
20200217,13388860.0,16921490.0,24269280.0,31888020.0,37929090.0,35113940.0,36483670.0,37601470.0,22842880.0,29287000.0,41875000.0,55158000.0,65484000.0,60648000.0,63036000.0,64797000.0,39494000.0
20200218,6348160.0,20963410.0,24308300.0,40072930.0,43076210.0,42365200.0,41320400.0,31669840.0,26366480.0,35492000.0,41019000.0,67761000.0,72745000.0,71561000.0,69921000.0,53509000.0,44637000.0
20200219,5181180.0,36940340.0,40938670.0,73969460.0,75152320.0,92885890.0,91882400.0,73565520.0,69387830.0,58475000.0,64603000.0,116904000.0,118558000.0,146606000.0,145114000.0,115492000.0,109202000.0
20200220,53006330.0,40475930.0,59875840.0,77649530.0,111255940.0,107419580.0,128486000.0,211039180.0,136966430.0,60292000.0,89231000.0,115877000.0,165640000.0,160662000.0,191295000.0,312524000.0,203190000.0
20200221,-26269920.0,48894620.0,34092750.0,80101010.0,68632960.0,97963770.0,83183900.0,77644770.0,118694560.0,73188000.0,50925000.0,119696000.0,102502000.0,146309000.0,124237000.0,115974000.0,177502000.0
20200224,-18525880.0,46252280.0,33438880.0,68331370.0,62618890.0,79053240.0,80411550.0,41537190.0,58704760.0,70544000.0,50831000.0,104073000.0,95240000.0,120288000.0,122399000.0,63065000.0,89498000.0
20200225,19358420.0,35035690.0,49650820.0,73018980.0,77762270.0,84570370.0,85371350.0,77707560.0,57548160.0,51821000.0,72592000.0,106733000.0,113969000.0,124043000.0,125208000.0,113083000.0,83910000.0
20200226,-6064770.0,24740830.0,18648880.0,35917380.0,35944570.0,41753760.0,47923030.0,38479610.0,38375110.0,34106000.0,25564000.0,49446000.0,49392000.0,57464000.0,65810000.0,52663000.0,52912000.0
20200227,-21335230.0,36037710.0,25106950.0,55075100.0,44670640.0,58736480.0,60579590.0,41401130.0,60893250.0,51463000.0,35677000.0,78536000.0,63563000.0,83700000.0,86430000.0,58974000.0,87004000.0
20200228,-32668110.0,42700030.0,25283080.0,63449440.0,48198290.0,81336500.0,84735400.0,37700630.0,66969840.0,64273000.0,37927000.0,95227000.0,72327000.0,121968000.0,127234000.0,56773000.0,100753000.0
20200302,-3142460.0,27020630.0,25694100.0,50512240.0,48696320.0,44192370.0,47842220.0,27485940.0,26978550.0,40975000.0,38746000.0,76478000.0,73615000.0,66788000.0,72511000.0,41403000.0,40771000.0
20200303,-15030280.0,30565600.0,23711110.0,53020000.0,44844220.0,61845030.0,64824780.0,42639440.0,54689970.0,44623000.0,34561000.0,77330000.0,65414000.0,90197000.0,94563000.0,62097000.0,79709000.0
20200304,-17998240.0,29063330.0,18225150.0,44306550.0,37146490.0,34039430.0,39193760.0,12443560.0,25287470.0,43948000.0,27476000.0,66880000.0,56074000.0,51370000.0,59171000.0,18734000.0,38212000.0
20200305,-8704550.0,23680270.0,17108450.0,35848050.0,33715320.0,34153650.0,37367630.0,19147020.0,24637590.0,35722000.0,25750000.0,54034000.0,50797000.0,51451000.0,56300000.0,28797000.0,37157000.0
20200306,-16114320.0,25912020.0,14388600.0,33024100.0,28433200.0,29540200.0,29428860.0,8770930.0,24996590.0,39307000.0,21732000.0,50018000.0,42987000.0,44652000.0,44517000.0,13211000.0,37952000.0
20200309,-49303440.0,50893820.0,18816680.0,57145550.0,39919270.0,47971750.0,56180880.0,22890050.0,63984360.0,83238000.0,30761000.0,93420000.0,65304000.0,78332000.0,91870000.0,37467000.0,104521000.0
20200310,-12689460.0,30761280.0,22638930.0,44256400.0,39689290.0,49987780.0,40161380.0,32803420.0,55319280.0,51979000.0,38094000.0,74732000.0,66924000.0,84499000.0,67845000.0,55595000.0,93943000.0
20200311,-14332010.0,33256960.0,25066570.0,44638870.0,38497250.0,36771220.0,41295090.0,13225110.0,23033250.0,55764000.0,41926000.0,74716000.0,64411000.0,61430000.0,69071000.0,22062000.0,38564000.0
20200312,-10844980.0,38322190.0,19371570.0,41346180.0,49451820.0,32599440.0,37849720.0,19637190.0,25231890.0,67551000.0,34070000.0,72862000.0,87149000.0,57402000.0,66660000.0,34567000.0,44504000.0
20200313,-3576560.0,27935960.0,22526750.0,39923720.0,41756360.0,34022480.0,34876560.0,14346870.0,17069350.0,51220000.0,41173000.0,73179000.0,76495000.0,62492000.0,64048000.0,26307000.0,31483000.0
20200316,-4928570.0,30914690.0,26863000.0,42129310.0,41252420.0,37581920.0,42831860.0,21999620.0,21678250.0,55888000.0,48282000.0,75971000.0,74173000.0,67581000.0,77157000.0,39314000.0,39142000.0
20200317,-9493540.0,21236250.0,16467750.0,30959320.0,26234280.0,26851570.0,28271530.0,17111740.0,25185320.0,39973000.0,30922000.0,58232000.0,49293000.0,50504000.0,53173000.0,32210000.0,47531000.0
20200318,-7841420.0,22469560.0,17530730.0,32859920.0,29957320.0,26431400.0,30402080.0,10808600.0,14679340.0,42043000.0,32662000.0,61327000.0,55923000.0,49194000.0,56700000.0,20121000.0,27400000.0
20200319,-9626020.0,24005310.0,15565710.0,34304640.0,33118220.0,26186570.0,33870730.0,14865760.0,16807620.0,47023000.0,30415000.0,67127000.0,64809000.0,51275000.0,66385000.0,29014000.0,32830000.0
20200320,-2642860.0,15819140.0,14905060.0,26152680.0,24423890.0,22181080.0,24709950.0,13126760.0,13240750.0,30378000.0,28562000.0,50205000.0,46852000.0,42551000.0,47430000.0,25137000.0,25428000.0
20200323,-28278750.0,38529540.0,20353200.0,42167120.0,32064710.0,28676280.0,48392390.0,9659150.0,18221790.0,78672000.0,41527000.0,86013000.0,65423000.0,58506000.0,98773000.0,19505000.0,36973000.0
20200324,3181020.0,21058400.0,21548450.0,30200250.0,32891210.0,34717770.0,33464010.0,14222180.0,12294920.0,43218000.0,44014000.0,61865000.0,67309000.0,70932000.0,68519000.0,28983000.0,25157000.0
20200325,1398900.0,27993560.0,29405100.0,46168480.0,46155840.0,42385650.0,42192950.0,33277970.0,32071770.0,53981000.0,56579000.0,88967000.0,88865000.0,81564000.0,81259000.0,64002000.0,61811000.0
20200326,9793640.0,28590500.0,35027240.0,48783590.0,52140500.0,56126940.0,51071530.0,25348610.0,20610380.0,53418000.0,65320000.0,91074000.0,97342000.0,104754000.0,95476000.0,47375000.0,38483000.0
20200327,859540.0,29664760.0,24671320.0,35886760.0,41739740.0,41236360.0,39101630.0,20159340.0,21434530.0,53779000.0,44677000.0,65033000.0,75646000.0,74688000.0,70834000.0,36462000.0,38804000.0
20200330,-16327380.0,38402830.0,33626050.0,65508600.0,53958010.0,53526900.0,53162290.0,28153040.0,44845030.0,68160000.0,59514000.0,116147000.0,95539000.0,94862000.0,94299000.0,49769000.0,79586000.0
20200331,20912040.0,32187790.0,43533180.0,54480250.0,64046890.0,63586060.0,57130950.0,53452880.0,38995950.0,55365000.0,74737000.0,93801000.0,110107000.0,109222000.0,98259000.0,91787000.0,67072000.0
20200401,-48771180.0,59767890.0,27577270.0,76377390.0,59796830.0,53092250.0,69002410.0,24549070.0,57410090.0,102279000.0,47127000.0,130463000.0,102330000.0,90661000.0,117832000.0,41952000.0,98066000.0
20200402,-1608700.0,30987950.0,27408000.0,42263200.0,44234440.0,37839890.0,37426260.0,18976910.0,20999240.0,55749000.0,49224000.0,75977000.0,79484000.0,68025000.0,67318000.0,34089000.0,37814000.0
20200403,-13861760.0,27150570.0,15871590.0,31018460.0,28435690.0,25056320.0,30563860.0,10824180.0,19178400.0,48920000.0,28531000.0,55791000.0,51121000.0,45070000.0,55012000.0,19408000.0,34525000.0
20200407,4940650.0,22086680.0,24086040.0,32394670.0,35335960.0,33912650.0,31914260.0,17749220.0,14806960.0,39355000.0,42903000.0,57706000.0,62963000.0,60446000.0,56851000.0,31609000.0,26399000.0
20200408,-9732240.0,22539690.0,13810680.0,24742340.0,23739120.0,19669440.0,24859020.0,4751670.0,9294330.0,40734000.0,24939000.0,44702000.0,42879000.0,35526000.0,44917000.0,8581000.0,16808000.0
20200409,1675120.0,15872120.0,18573260.0,24109430.0,23083420.0,25272550.0,21569820.0,9418800.0,11446410.0,28353000.0,33133000.0,43055000.0,41203000.0,45107000.0,38521000.0,16823000.0,20482000.0
20200410,-10651710.0,21109030.0,12826380.0,24981280.0,22612210.0,21134720.0,25039940.0,5550450.0,12296940.0,38295000.0,23191000.0,45256000.0,40926000.0,38249000.0,45368000.0,10055000.0,22370000.0
20200413,3578310.0,12446710.0,14804880.0,19026890.0,20247030.0,20156720.0,17810230.0,5351850.0,4120030.0,22410000.0,26641000.0,34248000.0,36446000.0,36276000.0,32051000.0,9624000.0,7420000.0
20200414,14093540.0,20620410.0,32560050.0,45455380.0,47609270.0,50976210.0,38472450.0,16833730.0,15243950.0,36054000.0,56835000.0,79415000.0,83158000.0,88977000.0,67228000.0,29417000.0,26643000.0
20200415,5725230.0,26348690.0,39315200.0,67244610.0,60003330.0,63121080.0,58690470.0,28024900.0,26730280.0,43686000.0,65155000.0,111384000.0,99496000.0,104766000.0,97283000.0,46392000.0,44294000.0
20200416,-3166830.0,21094540.0,18409640.0,34941170.0,34459230.0,31657420.0,33284930.0,9136540.0,10675860.0,35142000.0,30639000.0,58163000.0,57378000.0,52726000.0,55415000.0,15212000.0,17811000.0
20200417,-5000010.0,23708220.0,17345310.0,29785370.0,31148280.0,27069430.0,28879870.0,12623310.0,15812880.0,39876000.0,29110000.0,50046000.0,52299000.0,45433000.0,48481000.0,21135000.0,26601000.0
20200420,-7867600.0,15367580.0,11124610.0,24496680.0,20872060.0,18312640.0,22255110.0,4884750.0,8809880.0,26208000.0,18949000.0,41748000.0,35564000.0,31207000.0,37949000.0,8311000.0,15011000.0
20200421,-3375960.0,16708230.0,17261490.0,31306960.0,27377740.0,23056530.0,29208830.0,15339560.0,12563220.0,28493000.0,29359000.0,53351000.0,46600000.0,39239000.0,49755000.0,26065000.0,21435000.0
20200422,2938690.0,13939150.0,14652220.0,21210910.0,23436530.0,22815480.0,21002410.0,13583680.0,12458060.0,23732000.0,24827000.0,36055000.0,39788000.0,38724000.0,35647000.0,22947000.0,21195000.0
20200423,-12444020.0,19054620.0,10444770.0,25133580.0,21299400.0,17187750.0,23768000.0,7231870.0,13095640.0,32259000.0,17638000.0,42482000.0,36023000.0,29039000.0,40212000.0,12248000.0,22154000.0
20200424,33660.0,17540830.0,16949760.0,26896270.0,27520990.0,26815110.0,24820630.0,9444690.0,11405510.0,29587000.0,28519000.0,45323000.0,46338000.0,45132000.0,41853000.0,15907000.0,19240000.0
20200427,-18916270.0,22514270.0,10638980.0,26831960.0,19790980.0,22282670.0,26962760.0,8348800.0,22584980.0,38964000.0,18380000.0,46390000.0,34208000.0,38476000.0,46628000.0,14436000.0,39049000.0
20200428,-5268700.0,19059350.0,14319860.0,22656300.0,22127100.0,23623940.0,25421990.0,7196870.0,10667520.0,33835000.0,25338000.0,40183000.0,39240000.0,41901000.0,45139000.0,12739000.0,18940000.0
20200429,3846840.0,18486340.0,18641710.0,27663480.0,31354930.0,31416020.0,30813170.0,18890600.0,15646610.0,31697000.0,31874000.0,47410000.0,53665000.0,53755000.0,52796000.0,32263000.0,26791000.0
20200430,22610970.0,17908590.0,27686760.0,32984610.0,45817390.0,35361550.0,38540230.0,44094840.0,18305190.0,30137000.0,46437000.0,55488000.0,77003000.0,59447000.0,64739000.0,73805000.0,30698000.0
20200506,9310850.0,23315280.0,29088580.0,42031890.0,45569440.0,39622180.0,42087300.0,37040390.0,25264420.0,38141000.0,47395000.0,68683000.0,74357000.0,64708000.0,68741000.0,60374000.0,41414000.0
20200507,-30814130.0,35963700.0,18603710.0,47488700.0,34034550.0,36641070.0,32640410.0,16206230.0,51021020.0,59401000.0,30678000.0,78419000.0,56156000.0,60513000.0,53914000.0,26784000.0,84370000.0
20200508,-16194180.0,25478450.0,13623860.0,37360840.0,33021260.0,29520680.0,38713170.0,10196910.0,17198600.0,42621000.0,22756000.0,62436000.0,55187000.0,49347000.0,64722000.0,17067000.0,28806000.0
20200511,-22189600.0,31038230.0,16126170.0,38485710.0,31208170.0,26157930.0,45691430.0,16473160.0,19129260.0,52793000.0,27415000.0,65431000.0,53047000.0,44456000.0,77631000.0,27993000.0,32580000.0
20200512,-2370180.0,16324670.0,12548670.0,22044850.0,23450670.0,15661300.0,17897040.0,6981650.0,7116090.0,27848000.0,21387000.0,37593000.0,39987000.0,26692000.0,30521000.0,11887000.0,12125000.0
20200513,-989190.0,15863320.0,12936830.0,21247660.0,23184970.0,17688200.0,19484070.0,10831930.0,10025250.0,26814000.0,21846000.0,35916000.0,39159000.0,29884000.0,32914000.0,18259000.0,16955000.0
20200514,-11141970.0,23177860.0,10366720.0,24483870.0,26153030.0,17144800.0,21706530.0,4024920.0,10605160.0,39876000.0,17823000.0,42084000.0,44957000.0,29473000.0,37323000.0,6929000.0,18260000.0
20200515,-2204060.0,14369580.0,10618090.0,19400720.0,20948160.0,17665720.0,19575990.0,7967440.0,8261230.0,24807000.0,18300000.0,33456000.0,36131000.0,30452000.0,33775000.0,13748000.0,14257000.0
20200518,-5311610.0,18227750.0,11089060.0,20674360.0,22501440.0,17381610.0,16860950.0,3827330.0,9659600.0,31795000.0,19285000.0,36014000.0,39173000.0,30267000.0,29415000.0,6668000.0,16870000.0
20200519,-336970.0,10666750.0,12058760.0,18940000.0,17211010.0,17117030.0,17675370.0,7990490.0,7769120.0,18339000.0,20722000.0,32551000.0,29583000.0,29408000.0,30377000.0,13744000.0,13359000.0
20200520,6872650.0,18434010.0,22661230.0,31693500.0,34338930.0,28905580.0,29258680.0,19095120.0,11869370.0,30979000.0,38041000.0,53215000.0,57631000.0,48481000.0,49117000.0,32033000.0,19919000.0
20200521,-13759710.0,24688800.0,12259100.0,23725230.0,22395210.0,17046030.0,23002440.0,4244610.0,12047910.0,42869000.0,21263000.0,41177000.0,38839000.0,29557000.0,39921000.0,7365000.0,20944000.0
20200522,-8776410.0,15233090.0,10177880.0,21204320.0,17483110.0,13357800.0,18605900.0,2481550.0,6009860.0,26983000.0,17945000.0,37392000.0,30849000.0,23586000.0,32910000.0,4389000.0,10646000.0
20200525,-2028050.0,9145290.0,8541270.0,12576110.0,11152080.0,9736010.0,10721040.0,1979440.0,3022460.0,16347000.0,15233000.0,22447000.0,19906000.0,17367000.0,19164000.0,3536000.0,5394000.0
20200526,6568170.0,10488870.0,16188410.0,20708100.0,21576720.0,14023170.0,16060470.0,11821760.0,3216290.0,18118000.0,27960000.0,35774000.0,37277000.0,24223000.0,27759000.0,20428000.0,5548000.0
20200527,-6529320.0,17563560.0,11737070.0,25760030.0,25057210.0,16743330.0,19505930.0,6213320.0,9980040.0,30188000.0,20050000.0,44195000.0,42932000.0,28627000.0,33411000.0,10608000.0,17224000.0
20200528,-4905220.0,13192790.0,9090580.0,18044280.0,17241260.0,11880100.0,15156850.0,6350730.0,7979200.0,23039000.0,15843000.0,31483000.0,30073000.0,20714000.0,26425000.0,11063000.0,13960000.0
20200529,-998860.0,9571290.0,9076280.0,13546470.0,13042620.0,9021760.0,12033310.0,6948740.0,4936050.0,16667000.0,15788000.0,23575000.0,22699000.0,15704000.0,20953000.0,12090000.0,8596000.0
20200601,17736820.0,13675410.0,24471980.0,29519110.0,36459370.0,27277560.0,26023940.0,24526200.0,8043000.0,23220000.0,41486000.0,50109000.0,61842000.0,46303000.0,44160000.0,41436000.0,13581000.0
20200602,5695750.0,20455120.0,26290020.0,41299120.0,41159970.0,33479810.0,35453170.0,28317230.0,20648120.0,34006000.0,43561000.0,68600000.0,68235000.0,55497000.0,58819000.0,46693000.0,34181000.0
20200603,-5635850.0,22548480.0,18774990.0,30119410.0,28257050.0,24479110.0,23426990.0,11113340.0,17801310.0,37416000.0,31100000.0,49954000.0,46833000.0,40574000.0,38836000.0,18413000.0,29588000.0
20200604,332590.0,12877380.0,12662580.0,21283180.0,21830570.0,18166010.0,17234410.0,11453140.0,12052150.0,21383000.0,20982000.0,35326000.0,36187000.0,30114000.0,28587000.0,18920000.0,19988000.0
20200605,19885090.0,24028940.0,39510340.0,49977220.0,54380910.0,47661380.0,46064240.0,42131710.0,23843760.0,38874000.0,63771000.0,80815000.0,87837000.0,76953000.0,74347000.0,67842000.0,38530000.0
20200608,-2290590.0,21032180.0,19459460.0,33506680.0,32788820.0,35097770.0,35797250.0,19064620.0,20655730.0,33395000.0,30862000.0,53176000.0,52007000.0,55663000.0,56792000.0,30207000.0,32780000.0
20200609,-24740670.0,29759110.0,16215690.0,42786460.0,31589210.0,37750340.0,46044760.0,18258270.0,34704520.0,47447000.0,25694000.0,68139000.0,50186000.0,59973000.0,73310000.0,28872000.0,55241000.0
20200610,-36063470.0,34782200.0,12915110.0,43630400.0,29434020.0,26875950.0,57568620.0,8774360.0,14145160.0,56793000.0,21050000.0,71233000.0,48012000.0,43834000.0,94023000.0,14334000.0,23110000.0
20200611,14006000.0,30272940.0,35470530.0,52736660.0,61545080.0,54680290.0,49281030.0,38777920.0,30171180.0,48137000.0,56280000.0,83720000.0,97690000.0,86777000.0,78301000.0,61599000.0,47961000.0
20200612,-2924230.0,27864420.0,21476350.0,33525100.0,36988940.0,28289390.0,29468090.0,17910330.0,19655860.0,45448000.0,35000000.0,54672000.0,60317000.0,46139000.0,48060000.0,29239000.0,32119000.0
20200615,2431370.0,23626960.0,27963100.0,42040190.0,40135410.0,35122630.0,35322350.0,21753460.0,19122370.0,37797000.0,44636000.0,67219000.0,64084000.0,56096000.0,56441000.0,34628000.0,30579000.0
20200616,2935550.0,24846590.0,27551230.0,40865750.0,41096680.0,41469390.0,34779540.0,29596260.0,33350560.0,38923000.0,43085000.0,63984000.0,64293000.0,64929000.0,54440000.0,46279000.0,52298000.0
20200617,-4116000.0,20843440.0,18572980.0,29333940.0,27488400.0,23889420.0,26152880.0,17140590.0,18993130.0,33042000.0,29391000.0,46475000.0,43504000.0,37820000.0,41407000.0,27041000.0,30076000.0
20200618,25464650.0,23457710.0,41217520.0,48575300.0,56280140.0,56699250.0,52059670.0,54257950.0,33432880.0,35937000.0,62794000.0,74193000.0,85870000.0,86463000.0,79398000.0,82440000.0,50971000.0
20200619,-831300.0,24941300.0,27226600.0,45290560.0,42173950.0,51496660.0,47828730.0,25520020.0,30019250.0,37014000.0,40378000.0,67199000.0,62545000.0,76360000.0,70956000.0,37855000.0,44549000.0
20200622,794600.0,23024390.0,22759220.0,37849550.0,38909320.0,42097410.0,43050550.0,29609130.0,27861390.0,34146000.0,33634000.0,56050000.0,57573000.0,62308000.0,63761000.0,43751000.0,41286000.0
20200623,21270930.0,23400840.0,34764810.0,45209610.0,55116560.0,64963020.0,56126960.0,47687170.0,35252300.0,33685000.0,49934000.0,65123000.0,79160000.0,93268000.0,80689000.0,68299000.0,50592000.0
20200624,5483610.0,22968950.0,23417160.0,36748410.0,41783800.0,45477140.0,49766230.0,36248670.0,26475970.0,31996000.0,32577000.0,51199000.0,58145000.0,63294000.0,69210000.0,50192000.0,36749000.0
20200629,-19033770.0,27079430.0,16953190.0,41268890.0,32361360.0,38640520.0,43319480.0,16341830.0,30696640.0,38123000.0,23819000.0,58081000.0,45484000.0,54266000.0,60834000.0,22906000.0,43239000.0
20200630,-5071530.0,20392720.0,19018040.0,32244430.0,28547580.0,39089740.0,52677020.0,30593820.0,22078070.0,28349000.0,26404000.0,44820000.0,39644000.0,54266000.0,73106000.0,42396000.0,30676000.0
20200701,-10799080.0,32796630.0,27947590.0,48687350.0,42737300.0,55249090.0,61551310.0,35889010.0,40385870.0,44745000.0,38000000.0,66262000.0,58123000.0,75267000.0,83828000.0,48819000.0,55143000.0
20200702,-23148260.0,37229720.0,22077410.0,45097300.0,37101350.0,45752190.0,61625360.0,27894170.0,35169260.0,51124000.0,30227000.0,61898000.0,50808000.0,62820000.0,84671000.0,38233000.0,48368000.0
20200703,35580940.0,39602290.0,58011060.0,67822430.0,84994590.0,95278540.0,102235240.0,147068610.0,104530970.0,51926000.0,75860000.0,89050000.0,111163000.0,124825000.0,133618000.0,189588000.0,134747000.0
20200706,-53903200.0,64316800.0,38301150.0,102919220.0,75031670.0,112887340.0,112560250.0,86028110.0,140258400.0,81108000.0,48228000.0,129486000.0,94432000.0,142194000.0,141677000.0,108436000.0,176887000.0
20200707,-30309930.0,56482410.0,37997780.0,104500970.0,92675660.0,110692250.0,136776770.0,126188350.0,130413760.0,66297000.0,44570000.0,122640000.0,108637000.0,129755000.0,160578000.0,148013000.0,152921000.0
20200708,-31999230.0,36443440.0,24271820.0,75310040.0,55482450.0,79894890.0,89413740.0,73127870.0,95608250.0,43961000.0,29248000.0,90789000.0,66870000.0,96312000.0,107744000.0,88094000.0,115294000.0
20200709,-1393630.0,35059200.0,29324360.0,73605300.0,77946520.0,94728850.0,84651380.0,73017670.0,84488770.0,41681000.0,34704000.0,87418000.0,92385000.0,112336000.0,100371000.0,86539000.0,100514000.0
20200710,7585230.0,45825250.0,47310610.0,90410900.0,96510770.0,104028130.0,111160010.0,109251770.0,94534660.0,51858000.0,53575000.0,102580000.0,109337000.0,118079000.0,125996000.0,123512000.0,107121000.0
20200713,-29759610.0,63034070.0,47047050.0,118071770.0,104299190.0,163376300.0,178481130.0,209169070.0,223823850.0,66272000.0,49321000.0,124178000.0,109395000.0,171682000.0,187152000.0,217739000.0,234003000.0
20200714,-60615760.0,84002010.0,46962740.0,137273740.0,113697230.0,167641310.0,170877540.0,118664580.0,176044110.0,88798000.0,49573000.0,145080000.0,120046000.0,177209000.0,180512000.0,125303000.0,186257000.0
20200715,11081960.0,47550100.0,45624570.0,84742620.0,97750110.0,127849720.0,120731770.0,109760590.0,105796580.0,50101000.0,47857000.0,89181000.0,102632000.0,134296000.0,126751000.0,115118000.0,111456000.0
20200716,-77519640.0,84707280.0,41425860.0,139129460.0,104891250.0,152012780.0,148028250.0,122604350.0,204108520.0,95369000.0,46431000.0,156538000.0,117606000.0,170625000.0,165913000.0,137935000.0,230517000.0
20200717,-26166470.0,55367480.0,34952040.0,102207670.0,96456650.0,125165270.0,129778860.0,72169660.0,93722540.0,67195000.0,42353000.0,124048000.0,117000000.0,152061000.0,157718000.0,87665000.0,113898000.0
20200720,4391340.0,45389610.0,44704940.0,91597870.0,96673890.0,117412850.0,142481270.0,114053560.0,84593800.0,53335000.0,52385000.0,107652000.0,113422000.0,137811000.0,166699000.0,132933000.0,99225000.0
20200721,-11964790.0,42828870.0,37923610.0,85548540.0,78489000.0,88371320.0,91762770.0,66055880.0,74629220.0,48025000.0,42405000.0,95855000.0,87808000.0,98880000.0,102646000.0,73744000.0,83646000.0
20200722,-40553540.0,44204880.0,26842480.0,79047150.0,55856010.0,75177590.0,95129770.0,38369050.0,58970410.0,50372000.0,30519000.0,90011000.0,63539000.0,85468000.0,108211000.0,43693000.0,67275000.0
20200723,-2659740.0,40222210.0,39666260.0,79149920.0,77046140.0,94094270.0,102390170.0,73517670.0,67881510.0,45995000.0,45209000.0,90352000.0,87893000.0,107285000.0,116791000.0,83654000.0,77395000.0
20200724,-72844830.0,70309520.0,32130780.0,104665240.0,69999140.0,96056900.0,111840430.0,58771680.0,115832980.0,82724000.0,37847000.0,123079000.0,82419000.0,113191000.0,131558000.0,69180000.0,136350000.0
20200727,-13423370.0,29184120.0,24935190.0,60918580.0,51744130.0,60851530.0,67018900.0,24374190.0,31630190.0,34810000.0,29664000.0,72581000.0,61602000.0,72445000.0,79851000.0,28992000.0,37713000.0
20200728,-24055480.0,31977030.0,23574930.0,62400430.0,46747040.0,56459360.0,73087850.0,32103900.0,39530890.0,37906000.0,27799000.0,73899000.0,55168000.0,66718000.0,86626000.0,37917000.0,46848000.0
20200729,25678720.0,27146000.0,43432940.0,61437770.0,70829550.0,84666510.0,78345730.0,73238920.0,53880980.0,31761000.0,50680000.0,71853000.0,82763000.0,98944000.0,91546000.0,85417000.0,62986000.0
20200730,-21742870.0,36572340.0,24204780.0,58948360.0,49573050.0,58606980.0,64925660.0,37657330.0,53081520.0,42855000.0,28328000.0,69018000.0,57996000.0,68562000.0,75976000.0,44057000.0,62192000.0
20200731,-20671890.0,34835040.0,30193240.0,73933360.0,57903260.0,68383010.0,67021420.0,43044850.0,65078330.0,40915000.0,35349000.0,86743000.0,67813000.0,80088000.0,78581000.0,50376000.0,76381000.0
20200803,-11708340.0,36765700.0,32581250.0,75554000.0,68030110.0,73183100.0,72873140.0,53932030.0,65950330.0,43099000.0,38067000.0,88478000.0,79575000.0,85660000.0,85347000.0,63068000.0,77314000.0
20200804,25354200.0,40874090.0,54732950.0,90432120.0,101927450.0,125670000.0,108358110.0,84465260.0,76422950.0,45995000.0,61560000.0,101771000.0,114689000.0,141369000.0,121842000.0,94820000.0,85865000.0
20200805,-7608040.0,27920450.0,24507070.0,52484690.0,48290020.0,54615770.0,52589590.0,31255460.0,40889680.0,31875000.0,27939000.0,59900000.0,55062000.0,62288000.0,59964000.0,35636000.0,46734000.0
20200806,3839110.0,28086020.0,27536480.0,52175320.0,56563960.0,55165100.0,57716120.0,45287590.0,38897460.0,31799000.0,31112000.0,59025000.0,63940000.0,62397000.0,65235000.0,51122000.0,44055000.0
20200807,-33153020.0,41893470.0,23687970.0,70568390.0,55620880.0,67332640.0,64974650.0,32232110.0,67743120.0,48716000.0,27442000.0,81956000.0,64465000.0,77928000.0,75375000.0,37374000.0,78692000.0
20200810,-49746750.0,58358210.0,25994320.0,85063760.0,67680920.0,73188770.0,87026150.0,58605610.0,94514980.0,71385000.0,31737000.0,104006000.0,82652000.0,89552000.0,106396000.0,71596000.0,115754000.0
20200811,-28583510.0,35100150.0,23440390.0,64073190.0,47149430.0,42562920.0,56421430.0,17897150.0,32622150.0,42731000.0,28455000.0,77906000.0,57299000.0,51740000.0,68639000.0,21796000.0,39780000.0
20200812,-17240200.0,40593710.0,30875470.0,58870340.0,51348380.0,50798630.0,54747240.0,26551730.0,39843320.0,50870000.0,38574000.0,73509000.0,64112000.0,63456000.0,68446000.0,33137000.0,49839000.0
20200813,5897230.0,19213450.0,22261210.0,34187150.0,37036630.0,36424100.0,36061630.0,22162780.0,16628020.0,23333000.0,26996000.0,41479000.0,44917000.0,44157000.0,43723000.0,26858000.0,20192000.0
20200814,-9819010.0,21859280.0,14846250.0,33721820.0,30915850.0,26432040.0,31060670.0,16113120.0,21303500.0,26892000.0,18214000.0,41446000.0,37981000.0,32476000.0,38198000.0,19806000.0,26227000.0
20200817,4503220.0,21701600.0,24664800.0,40020040.0,41560050.0,39303250.0,40435610.0,23612330.0,17976750.0,26314000.0,29877000.0,48518000.0,50373000.0,47626000.0,48995000.0,28573000.0,21788000.0
20200818,-14893410.0,29119440.0,18921580.0,50256990.0,45561440.0,38314810.0,43986870.0,15865140.0,25086490.0,35265000.0,22858000.0,60807000.0,55112000.0,46293000.0,53180000.0,19188000.0,30402000.0
20200819,-41355150.0,44931620.0,17675320.0,53020340.0,38921490.0,36579310.0,51347180.0,15896000.0,42483280.0,55999000.0,21998000.0,66029000.0,48450000.0,45569000.0,63971000.0,19760000.0,52940000.0
20200820,-18003920.0,30796160.0,17429480.0,30006430.0,25369190.0,23936340.0,32776750.0,12046150.0,21209660.0,39067000.0,22089000.0,38052000.0,32160000.0,30350000.0,41570000.0,15256000.0,26905000.0
20200821,2575060.0,21143360.0,21127490.0,28206360.0,30797290.0,25322510.0,24487710.0,14652130.0,12911870.0,26519000.0,26450000.0,35338000.0,38560000.0,31701000.0,30682000.0,18347000.0,16214000.0
20200824,13189500.0,22355800.0,29481920.0,43605530.0,49668910.0,44175640.0,44924930.0,28350190.0,14411400.0,27676000.0,36470000.0,53975000.0,61445000.0,54598000.0,55533000.0,35032000.0,17833000.0
20200825,2891130.0,17922890.0,21455500.0,42737320.0,42095830.0,33211300.0,35949070.0,24340990.0,18712090.0,22034000.0,26322000.0,52514000.0,51670000.0,40742000.0,44115000.0,29816000.0,22999000.0
20200826,26084880.0,31874520.0,47676680.0,78196860.0,88479580.0,92765910.0,82930050.0,66357960.0,50108940.0,37996000.0,56741000.0,93155000.0,105361000.0,110452000.0,98757000.0,78868000.0,59613000.0
20200827,15492700.0,28398660.0,33835460.0,58815790.0,68871690.0,78799220.0,71602670.0,50850280.0,42554130.0,33094000.0,39303000.0,68483000.0,80037000.0,91561000.0,83253000.0,58897000.0,49443000.0
20200828,3153300.0,27319210.0,25736240.0,45672350.0,50408620.0,52091750.0,47955040.0,32192650.0,33176060.0,32423000.0,30445000.0,54183000.0,59735000.0,61718000.0,56800000.0,38147000.0,39490000.0
20200831,-20594740.0,36153210.0,25967550.0,61003630.0,50594560.0,57869270.0,57256920.0,31458090.0,52665180.0,41795000.0,29935000.0,70469000.0,58384000.0,66784000.0,66109000.0,36298000.0,60918000.0
20200901,83685090.0,33107870.0,67178850.0,69962980.0,119577090.0,95953300.0,110077620.0,158236670.0,60427260.0,36873000.0,74234000.0,78034000.0,132173000.0,106839000.0,121741000.0,172796000.0,66394000.0
20200902,-20771520.0,65086090.0,47610770.0,105993250.0,102697050.0,120574040.0,107612670.0,80284390.0,114017280.0,69598000.0,50827000.0,113274000.0,109629000.0,128777000.0,114843000.0,85398000.0,121747000.0
20200903,-14188180.0,30289670.0,23262860.0,48296440.0,41135080.0,42186670.0,45929730.0,23920020.0,34365140.0,32495000.0,24940000.0,51848000.0,44137000.0,45284000.0,49317000.0,25647000.0,36880000.0
20200904,-16295810.0,40885320.0,27495830.0,63655590.0,60749280.0,59848300.0,67772440.0,33341380.0,41713050.0,45879000.0,30797000.0,71436000.0,68088000.0,67115000.0,76048000.0,37388000.0,46883000.0
20200907,24863500.0,54329590.0,63660600.0,100539120.0,116071610.0,131758590.0,135239920.0,99616240.0,71271410.0,57756000.0,67593000.0,106914000.0,123394000.0,140179000.0,143850000.0,105137000.0,75150000.0
20200908,-10082670.0,52986480.0,45303240.0,85933000.0,83533580.0,89859150.0,83269140.0,30310930.0,46983610.0,57206000.0,48763000.0,92652000.0,89941000.0,96717000.0,89644000.0,32509000.0,50736000.0
20200909,-24967640.0,50479430.0,34518800.0,74577030.0,65570020.0,69736280.0,72475160.0,33388460.0,55617220.0,58264000.0,39829000.0,86059000.0,75663000.0,80476000.0,83582000.0,38493000.0,64219000.0
20200910,-3290500.0,40440220.0,37177310.0,65435250.0,65407660.0,60178480.0,62834500.0,26338040.0,26972520.0,45679000.0,41926000.0,73865000.0,73749000.0,67904000.0,70918000.0,29614000.0,30470000.0
20200911,12677250.0,25565940.0,32316310.0,53092530.0,59019400.0,63030810.0,61565960.0,42617510.0,31405110.0,28610000.0,36065000.0,59359000.0,65886000.0,70334000.0,68756000.0,47461000.0,35057000.0
20200914,4524300.0,30426680.0,35053140.0,61838760.0,61736590.0,74422170.0,66546440.0,41167070.0,44518500.0,32804000.0,37726000.0,66619000.0,66456000.0,80104000.0,71705000.0,44312000.0,47952000.0
20200915,42248870.0,54666870.0,73852400.0,121507800.0,144571150.0,163211820.0,173474580.0,236741900.0,184230270.0,55251000.0,74477000.0,122606000.0,145630000.0,164681000.0,174958000.0,236684000.0,184157000.0
20200916,-16378570.0,64989570.0,60691650.0,136617170.0,124536530.0,178593760.0,158665820.0,135228500.0,171535010.0,62188000.0,57984000.0,130739000.0,119034000.0,171202000.0,151917000.0,129662000.0,164856000.0
20200917,23845380.0,67650370.0,73730520.0,137945610.0,155710840.0,171906910.0,205238630.0,293223260.0,236046160.0,61112000.0,66348000.0,124904000.0,140148000.0,155694000.0,185081000.0,260641000.0,210775000.0
20200918,-3304610.0,73919020.0,67474470.0,127888890.0,131028830.0,163393110.0,166434530.0,171182910.0,171446100.0,65354000.0,59588000.0,113004000.0,115733000.0,144407000.0,147002000.0,150990000.0,151430000.0
20200921,-106456420.0,123204330.0,60634010.0,180130000.0,136243900.0,188226220.0,219493190.0,161943690.0,237133140.0,111607000.0,54304000.0,162597000.0,122537000.0,169458000.0,198016000.0,145109000.0,213913000.0
20200922,-3709690.0,75020150.0,72477810.0,133119260.0,131951910.0,159037870.0,153658020.0,130021220.0,139110760.0,69936000.0,67388000.0,124096000.0,122851000.0,148054000.0,143084000.0,120796000.0,129558000.0
20200923,17813400.0,56941860.0,56323020.0,96576500.0,115008740.0,129426250.0,139750300.0,131716670.0,103579220.0,52572000.0,51733000.0,88997000.0,105710000.0,119051000.0,128557000.0,120789000.0,95409000.0
20200924,-8133240.0,48831830.0,40016830.0,73746430.0,74428200.0,91970630.0,89510730.0,71869340.0,82462480.0,45448000.0,37107000.0,68597000.0,69080000.0,85410000.0,83172000.0,66671000.0,76766000.0
20200925,-42132570.0,56170360.0,35016230.0,91708660.0,70730210.0,106668630.0,100405950.0,91248960.0,139644210.0,52846000.0,32688000.0,86244000.0,66233000.0,99945000.0,94051000.0,85328000.0,131391000.0
20200928,-2147010.0,36109680.0,34854080.0,63259700.0,62368290.0,68849570.0,80322830.0,57816590.0,48490340.0,33891000.0,32656000.0,59351000.0,58438000.0,64517000.0,75330000.0,54124000.0,45459000.0
20200929,-2166250.0,46273150.0,44242060.0,76880330.0,76745180.0,90810130.0,88216390.0,74448750.0,79208740.0,43477000.0,41328000.0,72088000.0,71774000.0,84907000.0,82578000.0,69573000.0,74365000.0
20200930,47130660.0,60548780.0,84651170.0,118097220.0,141125500.0,168522130.0,163183470.0,160059330.0,118267330.0,52899000.0,74191000.0,103525000.0,123605000.0,147597000.0,142746000.0,140081000.0,103560000.0
20201009,-27181760.0,92922800.0,67203480.0,159708170.0,158245730.0,228301130.0,223311360.0,206136080.0,238307610.0,75848000.0,54625000.0,130189000.0,128618000.0,185714000.0,182000000.0,167927000.0,194435000.0
20201012,-17785450.0,57624060.0,48750020.0,94179370.0,85267950.0,125541200.0,157664880.0,131975870.0,117637640.0,47280000.0,39914000.0,77224000.0,69881000.0,102899000.0,129337000.0,108010000.0,96282000.0
20201013,-52377580.0,87708690.0,66106790.0,132570320.0,101794650.0,185620690.0,165217440.0,189959980.0,262740810.0,67983000.0,51158000.0,102636000.0,78792000.0,143413000.0,127834000.0,146496000.0,202743000.0
20201014,-7560440.0,61718950.0,52980540.0,101744500.0,102922470.0,118750570.0,122674560.0,120740210.0,124376660.0,47453000.0,40686000.0,78190000.0,79043000.0,91203000.0,94234000.0,92718000.0,95601000.0
20201015,-45347890.0,78109350.0,51241870.0,137985730.0,119505310.0,170340050.0,172928270.0,156093620.0,198853290.0,58206000.0,38059000.0,102569000.0,88735000.0,126406000.0,128491000.0,115712000.0,147608000.0
20201016,-67509630.0,107020750.0,58660410.0,137301810.0,118152520.0,158504950.0,172679120.0,127293430.0,180628890.0,83660000.0,45667000.0,107067000.0,92104000.0,123542000.0,134723000.0,99266000.0,141041000.0
20201019,-5963960.0,53293200.0,44286150.0,71439680.0,74482770.0,93815320.0,88042220.0,64705540.0,76442600.0,41811000.0,34692000.0,56021000.0,58388000.0,73506000.0,68991000.0,50669000.0,59935000.0
20201020,37628980.0,73560640.0,92195210.0,139129850.0,158124250.0,218059430.0,188710270.0,237699850.0,229420030.0,55352000.0,69348000.0,104595000.0,118613000.0,163716000.0,141630000.0,178082000.0,172155000.0
20201021,-42641210.0,74309620.0,56557000.0,147576420.0,122687830.0,170823240.0,164120320.0,128582340.0,177926470.0,54319000.0,41265000.0,107802000.0,89585000.0,124786000.0,119874000.0,93660000.0,129843000.0
20201022,-13154930.0,74755120.0,66055470.0,139968940.0,135513660.0,183750220.0,180740550.0,153572450.0,169737050.0,54082000.0,47282000.0,100833000.0,97225000.0,132055000.0,129879000.0,109948000.0,122532000.0
20201023,-81319510.0,76104940.0,35219250.0,119103950.0,78670140.0,123616440.0,129297960.0,82174250.0,157812240.0,53796000.0,24767000.0,84092000.0,55411000.0,87169000.0,91143000.0,57996000.0,111731000.0
20201026,-13863730.0,49839900.0,44754560.0,105768240.0,96989840.0,112284780.0,125412460.0,116308740.0,117044790.0,35889000.0,32102000.0,75995000.0,69663000.0,80739000.0,90122000.0,83573000.0,84308000.0
20201027,-14878010.0,54735960.0,37276670.0,96185700.0,98766980.0,110086890.0,106625670.0,104483110.0,122822340.0,39540000.0,26787000.0,69352000.0,71110000.0,79294000.0,76902000.0,74921000.0,88308000.0
20201028,68175530.0,52375350.0,80015970.0,110797960.0,151332880.0,189961080.0,190830820.0,218436400.0,149391130.0,35736000.0,54616000.0,75652000.0,103316000.0,129382000.0,129876000.0,148656000.0,101618000.0
20201029,-34675140.0,90414070.0,68345230.0,156337030.0,143730740.0,207548530.0,221893500.0,225593310.0,245923480.0,58266000.0,43859000.0,100821000.0,92268000.0,133542000.0,142684000.0,144789000.0,158607000.0
20201030,-91981750.0,175397720.0,113273620.0,265734530.0,235876880.0,338358970.0,339418280.0,308754320.0,399676760.0,108563000.0,69851000.0,164428000.0,145672000.0,209118000.0,209686000.0,191183000.0,248083000.0
20201102,-17563580.0,123112260.0,111693400.0,207451200.0,201306490.0,265050890.0,277778010.0,270410690.0,275247150.0,74739000.0,67575000.0,125903000.0,121915000.0,160718000.0,168460000.0,163550000.0,166961000.0
20201103,-228192520.0,213923880.0,90344570.0,300740100.0,196126900.0,309546890.0,273159060.0,271863250.0,536443600.0,129434000.0,54430000.0,181635000.0,118399000.0,186955000.0,164691000.0,163592000.0,324097000.0
20201104,-2322180.0,96062270.0,93842320.0,156934860.0,156832630.0,196011250.0,204564000.0,206792880.0,200562310.0,57560000.0,56112000.0,93934000.0,93816000.0,117260000.0,122430000.0,123628000.0,120024000.0
20201105,97842330.0,140317670.0,178080570.0,232301060.0,292380500.0,296559830.0,352746610.0,526016750.0,371987640.0,79299000.0,100488000.0,131359000.0,164926000.0,167799000.0,199077000.0,295636000.0,209600000.0
20201106,-205464390.0,283998440.0,153055280.0,356817900.0,282296680.0,418840280.0,456492950.0,466539860.0,634351580.0,150434000.0,80939000.0,188821000.0,149391000.0,221479000.0,241812000.0,246933000.0,335525000.0
20201109,-33957350.0,173971020.0,133270100.0,220609120.0,227352700.0,271452610.0,306955580.0,327376610.0,325830990.0,92075000.0,70326000.0,116649000.0,120144000.0,143509000.0,162264000.0,172783000.0,172283000.0
20201110,-171792930.0,235881820.0,115409050.0,265596030.0,214275860.0,280610880.0,338126160.0,372259670.0,486537320.0,129889000.0,63430000.0,146188000.0,117908000.0,154500000.0,186040000.0,204772000.0,267971000.0
20201111,-240758550.0,311749840.0,126612160.0,344345210.0,288724340.0,354585850.0,423384440.0,373413540.0,545373500.0,181946000.0,73511000.0,200707000.0,167994000.0,206103000.0,245852000.0,216919000.0,318317000.0
20201112,-22606700.0,149880520.0,140310790.0,231799570.0,218762600.0,283874760.0,269677980.0,329781000.0,366584480.0,88336000.0,82649000.0,136622000.0,128993000.0,167317000.0,159023000.0,194365000.0,215974000.0
20201113,10212760.0,148558160.0,143049980.0,227462800.0,243183740.0,295629680.0,293262710.0,407379740.0,399533950.0,84190000.0,80650000.0,128705000.0,137248000.0,167068000.0,165596000.0,229231000.0,225700000.0
20201116,-106751340.0,170984920.0,103822500.0,229552120.0,189963200.0,256002340.0,261217260.0,252926020.0,354462440.0,102102000.0,61749000.0,136966000.0,113166000.0,152784000.0,155734000.0,150713000.0,211917000.0
20201117,-128285630.0,194516120.0,104935330.0,240450650.0,201745800.0,278097840.0,299941730.0,251037950.0,357479690.0,115128000.0,61442000.0,141898000.0,118418000.0,163637000.0,176621000.0,147746000.0,211929000.0
20201118,-12674590.0,105958080.0,104179140.0,178586880.0,167691230.0,209826440.0,203688220.0,199766100.0,218578910.0,63739000.0,62452000.0,107340000.0,100695000.0,126007000.0,122393000.0,119947000.0,131492000.0
20201119,-144362250.0,171945590.0,78618130.0,222291540.0,171256740.0,220610750.0,242877400.0,150372980.0,272468580.0,105690000.0,48232000.0,136546000.0,105118000.0,135448000.0,149112000.0,92370000.0,167592000.0
20201120,197741040.0,144255130.0,246525950.0,259080970.0,354551190.0,351790670.0,359300370.0,451594990.0,246344250.0,84564000.0,144344000.0,152223000.0,207835000.0,206901000.0,211190000.0,263838000.0,144157000.0
20201123,12906590.0,162729180.0,168980310.0,268015340.0,274670800.0,323979370.0,316055950.0,329405140.0,324421970.0,90871000.0,93929000.0,149472000.0,153051000.0,180634000.0,176170000.0,183050000.0,180877000.0
20201124,-21131190.0,159146300.0,129618410.0,213645690.0,222042390.0,276117620.0,297840600.0,327504980.0,326913190.0,84599000.0,68579000.0,113360000.0,117624000.0,146225000.0,157797000.0,172867000.0,173051000.0
20201125,-52111710.0,163391950.0,116652810.0,214507180.0,209134630.0,268551990.0,285896600.0,233359300.0,268126400.0,88153000.0,62738000.0,115582000.0,112669000.0,144636000.0,154095000.0,125486000.0,144356000.0
20201126,-74298770.0,162359580.0,92554800.0,203135100.0,198641110.0,222837940.0,270397030.0,286786710.0,313526390.0,92265000.0,52481000.0,115385000.0,112698000.0,126466000.0,153313000.0,162423000.0,178046000.0
20201127,-106066870.0,151683500.0,79843490.0,183554940.0,149328080.0,200311740.0,214457300.0,151310290.0,243231600.0,87960000.0,46108000.0,106300000.0,86354000.0,115824000.0,123966000.0,87392000.0,141049000.0
20201130,-26249360.0,123402480.0,101896600.0,170853680.0,166110200.0,199499700.0,200236690.0,155602160.0,181114530.0,72174000.0,59305000.0,99750000.0,96879000.0,116440000.0,116939000.0,90849000.0,106089000.0
20201201,43519290.0,101407140.0,130513830.0,178595590.0,193008190.0,208069510.0,195801950.0,210240830.0,178989100.0,58477000.0,74867000.0,102785000.0,110889000.0,119808000.0,112707000.0,120494000.0,103101000.0
20201202,-217319090.0,221570370.0,73193550.0,227444800.0,158502530.0,202720880.0,263545800.0,183747340.0,340241510.0,130647000.0,43130000.0,134057000.0,93412000.0,119474000.0,155223000.0,108223000.0,200637000.0
20201203,33445950.0,95548920.0,114661740.0,151276510.0,165609640.0,178166750.0,184611500.0,200121270.0,160230570.0,56044000.0,66949000.0,88522000.0,96802000.0,104180000.0,107964000.0,116835000.0,93865000.0
20201204,-20359810.0,120331700.0,109002390.0,174571000.0,165540510.0,221032700.0,190260260.0,172955480.0,224087730.0,69119000.0,62318000.0,100113000.0,94745000.0,126447000.0,108929000.0,98810000.0,128498000.0
20201207,44941120.0,76942240.0,108790450.0,145380500.0,158473410.0,173314910.0,158076420.0,166147020.0,136444390.0,44194000.0,62310000.0,83436000.0,90858000.0,99392000.0,90744000.0,95163000.0,78273000.0
20201208,-25153330.0,142412570.0,116907950.0,197030320.0,197381620.0,222231710.0,225066420.0,223459850.0,245778470.0,79550000.0,65140000.0,109925000.0,110064000.0,123836000.0,125509000.0,124371000.0,136968000.0
20201209,-74112670.0,136245390.0,71133350.0,158546470.0,149545840.0,144808910.0,173888400.0,116749580.0,161782760.0,77497000.0,40291000.0,90016000.0,84874000.0,82024000.0,98639000.0,66177000.0,91909000.0
20201210,-103461970.0,154666190.0,66604080.0,174073520.0,158673670.0,147147220.0,199012870.0,141175400.0,192771720.0,91820000.0,39442000.0,103230000.0,94020000.0,87220000.0,118037000.0,83833000.0,114605000.0
20201211,-167364530.0,168280630.0,55103500.0,167782720.0,113595320.0,133549950.0,162074050.0,120650220.0,259490650.0,101248000.0,33077000.0,100892000.0,68236000.0,80269000.0,97402000.0,72469000.0,156164000.0
20201214,19987270.0,98214730.0,104528790.0,135207160.0,148880370.0,153611020.0,143732790.0,117917850.0,107808810.0,58780000.0,62183000.0,80769000.0,88776000.0,91493000.0,85784000.0,70213000.0,64512000.0
20201215,44973440.0,108745000.0,134029560.0,160139790.0,179828680.0,179290360.0,175612350.0,171667460.0,130372030.0,63330000.0,77788000.0,93177000.0,104447000.0,104119000.0,102063000.0,99488000.0,75817000.0
20201216,-31687010.0,97044580.0,65156990.0,112533930.0,112734510.0,102772470.0,111620440.0,98744120.0,121583160.0,56288000.0,37737000.0,65220000.0,65313000.0,59542000.0,64673000.0,57103000.0,70431000.0
20201217,-20834300.0,71550580.0,57348150.0,94727690.0,88095810.0,75768930.0,86953430.0,82470360.0,92120160.0,41891000.0,33513000.0,55421000.0,51496000.0,44304000.0,50870000.0,48157000.0,53893000.0
20201218,88922000.0,113635530.0,165684910.0,196610060.0,233482680.0,235429950.0,222148940.0,316704650.0,241063660.0,64375000.0,93824000.0,111362000.0,132255000.0,133335000.0,125759000.0,179291000.0,136525000.0
20201221,161734480.0,131513630.0,217265190.0,239263050.0,315245970.0,342793060.0,359568960.0,520722660.0,342212280.0,71801000.0,117126000.0,130305000.0,170240000.0,186041000.0,194613000.0,279651000.0,185818000.0
20201222,-155541390.0,230904110.0,119783910.0,271052250.0,226631070.0,278919720.0,346776430.0,323608760.0,411293440.0,122851000.0,63563000.0,144002000.0,120349000.0,147981000.0,184167000.0,171976000.0,218732000.0
20201223,-51052940.0,155352350.0,127297900.0,216427070.0,193428580.0,230080750.0,242881930.0,196392520.0,234644280.0,83317000.0,67979000.0,115907000.0,103461000.0,123099000.0,129996000.0,104756000.0,125644000.0
20201224,-37774720.0,105108800.0,67276960.0,120854570.0,120911690.0,129898120.0,144575290.0,118055660.0,141153210.0,57803000.0,36949000.0,66445000.0,66442000.0,71388000.0,79427000.0,64817000.0,77635000.0
20201225,652860.0,67723150.0,71765210.0,103241240.0,99852050.0,117620450.0,115387900.0,100688480.0,102268170.0,36817000.0,38937000.0,56074000.0,54206000.0,63830000.0,62647000.0,54610000.0,55542000.0
20201228,-8943020.0,101065140.0,95157530.0,138662570.0,135627160.0,178861230.0,172308710.0,148886300.0,164381840.0,54169000.0,50818000.0,74199000.0,72520000.0,95608000.0,92184000.0,79408000.0,87863000.0
20201229,-203379700.0,202076090.0,58839420.0,191073630.0,130930590.0,154595310.0,194066180.0,105317230.0,269226060.0,111826000.0,32524000.0,105687000.0,72398000.0,85516000.0,107241000.0,58149000.0,149016000.0
20201230,131705570.0,123412430.0,193357350.0,197029770.0,258790410.0,271440300.0,262025080.0,364024590.0,241734240.0,66032000.0,103196000.0,105278000.0,138131000.0,144925000.0,139897000.0,194196000.0,129207000.0
20201231,56322330.0,121593110.0,155569330.0,196715460.0,219061570.0,251644120.0,263260040.0,396605510.0,328667260.0,63725000.0,81118000.0,103032000.0,114229000.0,131575000.0,137507000.0,206787000.0,172266000.0
20210104,-34589890.0,149495690.0,132295790.0,277938520.0,260548530.0,342922110.0,346766060.0,382419510.0,413165450.0,75455000.0,66098000.0,138989000.0,129645000.0,171141000.0,173021000.0,190260000.0,207082000.0
20210105,-9222290.0,120414600.0,115248770.0,284489260.0,280432790.0,319815300.0,348503080.0,431343760.0,411878270.0,56445000.0,53887000.0,133252000.0,131281000.0,149834000.0,163083000.0,201902000.0,193181000.0
20210106,-166144970.0,157901510.0,71801010.0,279508670.0,199464200.0,256789550.0,256149470.0,243465140.0,410250190.0,73266000.0,33276000.0,129583000.0,92530000.0,119032000.0,118744000.0,112771000.0,190102000.0
20210107,-12265580.0,114510340.0,106336450.0,239438460.0,235346770.0,285791550.0,296188710.0,311909880.0,313778300.0,51598000.0,47861000.0,107961000.0,106020000.0,128682000.0,133495000.0,140361000.0,141226000.0
20210108,-71113780.0,127341730.0,86904880.0,234496470.0,203819540.0,275803960.0,318223680.0,332945810.0,361639870.0,56126000.0,38165000.0,103212000.0,89660000.0,121257000.0,140012000.0,146164000.0,158921000.0
20210111,-60792850.0,160850790.0,116901650.0,292944660.0,276100960.0,343600550.0,342465080.0,470588830.0,532517150.0,67758000.0,49224000.0,123340000.0,116365000.0,144685000.0,144349000.0,198421000.0,224265000.0
20210112,-71511170.0,150472590.0,103623850.0,254533180.0,229870750.0,298332410.0,286068780.0,294726990.0,378501790.0,65465000.0,44723000.0,110430000.0,99463000.0,129435000.0,124116000.0,127793000.0,164822000.0
20210113,-102687320.0,182395020.0,115648740.0,298786020.0,262844990.0,347380940.0,390263840.0,330521710.0,390326130.0,75825000.0,47717000.0,123935000.0,108722000.0,143814000.0,161812000.0,136774000.0,162097000.0
20210114,-154704550.0,193511000.0,89040680.0,284873840.0,234639610.0,291039560.0,328003690.0,243228080.0,360968500.0,84817000.0,38916000.0,124776000.0,102659000.0,127540000.0,143641000.0,106646000.0,158563000.0
20210115,-40563530.0,123830970.0,93883750.0,220223560.0,209607250.0,251015240.0,250293350.0,246986320.0,288271740.0,55557000.0,41942000.0,98720000.0,93920000.0,112443000.0,112117000.0,110331000.0,129071000.0
20210118,-48870340.0,102022800.0,69512320.0,181292960.0,164933100.0,178553240.0,174755240.0,120380320.0,173048660.0,46233000.0,31423000.0,82091000.0,74670000.0,80826000.0,79193000.0,54448000.0,78312000.0
20210119,-86861430.0,126354540.0,59557530.0,179549610.0,159485190.0,170021610.0,190841890.0,127629550.0,193670700.0,57878000.0,27159000.0,82165000.0,72893000.0,77799000.0,87336000.0,58409000.0,88862000.0
20210120,-4155690.0,105390340.0,101213640.0,216810830.0,216831840.0,253511580.0,246913270.0,272590140.0,283344140.0,47448000.0,45436000.0,97591000.0,97468000.0,113978000.0,110973000.0,122383000.0,127524000.0
20210121,42524690.0,150400080.0,169340120.0,301559110.0,325143770.0,391068520.0,377571800.0,495431750.0,466403780.0,66042000.0,73570000.0,132331000.0,141723000.0,171164000.0,165351000.0,216173000.0,205066000.0
20210122,16400570.0,137072820.0,139287620.0,252342930.0,266528710.0,291750370.0,313492670.0,330039990.0,291897120.0,57613000.0,58300000.0,105871000.0,111672000.0,122318000.0,131414000.0,138085000.0,122500000.0
20210125,29015900.0,161514630.0,169313010.0,297806910.0,319024430.0,416295680.0,396978240.0,545726110.0,536027650.0,63537000.0,66578000.0,117162000.0,125520000.0,163837000.0,156140000.0,214853000.0,211151000.0
20210126,-123443720.0,182352760.0,94919760.0,251549560.0,215538850.0,290947550.0,307899530.0,286733310.0,393225050.0,71211000.0,36962000.0,98123000.0,84008000.0,113413000.0,119975000.0,111808000.0,153610000.0
20210127,-132421440.0,204910270.0,126407830.0,331340030.0,277421040.0,351127060.0,400051990.0,373401080.0,456897590.0,83741000.0,51149000.0,135178000.0,112761000.0,143158000.0,163122000.0,151274000.0,186318000.0
20210128,-80743780.0,151137710.0,95252210.0,207646380.0,182788100.0,226284720.0,239687850.0,218351740.0,285692390.0,61127000.0,38431000.0,83929000.0,73837000.0,91377000.0,96809000.0,88128000.0,115485000.0
20210129,-36441340.0,122659850.0,92924660.0,205367700.0,198661560.0,234151110.0,252961270.0,253678300.0,271309480.0,50523000.0,38057000.0,84436000.0,81526000.0,96155000.0,103903000.0,103866000.0,111493000.0
20210201,-1050790.0,93201580.0,86495790.0,169961810.0,175616810.0,188454030.0,208752730.0,198384750.0,179136840.0,37895000.0,35011000.0,69025000.0,71197000.0,76472000.0,84755000.0,80403000.0,72831000.0
20210202,143795560.0,121411620.0,187880800.0,228648800.0,305975170.0,333543270.0,347401990.0,538458330.0,380804050.0,46833000.0,72399000.0,88209000.0,117896000.0,128853000.0,134035000.0,207205000.0,146770000.0
20210203,-113637830.0,178917050.0,109137990.0,269030270.0,225171490.0,296314680.0,299024030.0,278900050.0,389828530.0,67265000.0,40894000.0,100991000.0,84454000.0,111204000.0,112195000.0,104570000.0,146486000.0
20210204,-135389420.0,150482250.0,77635740.0,219423100.0,156880200.0,235389220.0,250209990.0,200820090.0,321388740.0,58007000.0,29809000.0,84486000.0,60330000.0,90555000.0,96304000.0,77303000.0,123907000.0
20210205,-291561530.0,282934230.0,90668280.0,333715060.0,234419480.0,325217050.0,410990110.0,293767090.0,499555560.0,110532000.0,34874000.0,129853000.0,90853000.0,126168000.0,159814000.0,113997000.0,195009000.0
20210208,-86353060.0,155464150.0,89427400.0,248037520.0,227721220.0,261899660.0,322106030.0,255683020.0,281829710.0,63032000.0,36074000.0,100400000.0,91997000.0,105942000.0,130233000.0,103088000.0,114157000.0
20210209,11945330.0,119159730.0,117449250.0,206835340.0,220491150.0,276247510.0,328880530.0,351799840.0,287221490.0,46913000.0,46134000.0,81396000.0,86679000.0,108672000.0,129285000.0,137974000.0,112856000.0
20210210,51862500.0,152441410.0,166680140.0,246764040.0,284387810.0,317794880.0,326228380.0,382533810.0,322237810.0,58434000.0,63342000.0,94318000.0,108303000.0,121160000.0,124473000.0,145026000.0,122820000.0
20210218,-283227240.0,270613700.0,100543790.0,340005340.0,226848010.0,339324590.0,334020670.0,285364020.0,573895180.0,103665000.0,38468000.0,130078000.0,86815000.0,129728000.0,127838000.0,109175000.0,219525000.0
20210219,-143271620.0,217443980.0,106354510.0,257481640.0,225299500.0,251753710.0,291500830.0,210307560.0,313832060.0,86675000.0,42218000.0,102569000.0,89705000.0,100180000.0,116034000.0,83592000.0,125059000.0
20210222,-271450600.0,279948440.0,92179120.0,310426680.0,226745390.0,272143050.0,299978600.0,193296160.0,436911210.0,113484000.0,37183000.0,125695000.0,91698000.0,109969000.0,121238000.0,77982000.0,177012000.0
20210223,-175712850.0,232414410.0,91977690.0,299508520.0,264232400.0,318651270.0,354523490.0,237178860.0,377019490.0,101824000.0,40170000.0,131170000.0,115651000.0,139552000.0,155312000.0,103965000.0,165377000.0
20210224,-213430630.0,293281720.0,123799030.0,419952180.0,376004230.0,431454280.0,427863290.0,308532340.0,525553960.0,136516000.0,57475000.0,195588000.0,175419000.0,200791000.0,198569000.0,143590000.0,245022000.0
20210225,-65209360.0,144893130.0,91583060.0,233188460.0,221289180.0,227145460.0,251461420.0,173591370.0,214484770.0,68845000.0,43396000.0,110662000.0,104948000.0,107730000.0,119325000.0,82295000.0,101863000.0
20210226,-117997050.0,240439740.0,130503350.0,249415150.0,241354490.0,265466380.0,305138270.0,242553310.0,320878470.0,121522000.0,65770000.0,125784000.0,121640000.0,133898000.0,154068000.0,122412000.0,162138000.0
20210301,28787970.0,133697700.0,145233010.0,246654560.0,263907200.0,274177450.0,257930360.0,254262160.0,241721280.0,65499000.0,70953000.0,120555000.0,128864000.0,134119000.0,126227000.0,124121000.0,118249000.0
20210302,-61963460.0,146818170.0,98918010.0,241523580.0,227460290.0,250198160.0,261477330.0,179351280.0,230035570.0,69729000.0,46901000.0,114559000.0,107956000.0,118655000.0,124007000.0,84986000.0,109065000.0
20210303,-34238240.0,101889410.0,75162700.0,159987820.0,152476290.0,164898000.0,167276340.0,114558600.0,146418500.0,49381000.0,36296000.0,77469000.0,73755000.0,79878000.0,81087000.0,55446000.0,71036000.0
20210304,-143877060.0,204484430.0,87669890.0,200933440.0,173870930.0,168225350.0,212596090.0,121926310.0,221432630.0,102122000.0,43811000.0,100148000.0,86715000.0,83856000.0,105946000.0,60724000.0,110378000.0
20210305,-20110250.0,155555720.0,126401230.0,163681900.0,172726140.0,184227810.0,193496190.0,122538720.0,133380590.0,80199000.0,64889000.0,84306000.0,88858000.0,94926000.0,99738000.0,63155000.0,69100000.0
20210308,-243572730.0,335374590.0,143381130.0,303786900.0,252207640.0,296813690.0,331305450.0,156313740.0,365394710.0,181775000.0,77262000.0,164491000.0,136312000.0,160251000.0,178915000.0,84811000.0,198839000.0
20210309,-1785200.0,198816700.0,176998050.0,268708210.0,288741660.0,327140180.0,329449260.0,230101470.0,229577590.0,115778000.0,103093000.0,156658000.0,168856000.0,191874000.0,192698000.0,134895000.0,134558000.0
20210310,4977850.0,147499000.0,158349970.0,217204220.0,211331090.0,230342270.0,219370750.0,175637850.0,181631520.0,82721000.0,88653000.0,121731000.0,118340000.0,128893000.0,122774000.0,98162000.0,101740000.0
20210311,11566900.0,137351280.0,150093290.0,191973580.0,190798480.0,194116440.0,194343000.0,143693030.0,131899570.0,75696000.0,82658000.0,105896000.0,105173000.0,107125000.0,107191000.0,79110000.0,72805000.0
20210312,-54381610.0,146055760.0,106070770.0,162337090.0,147940470.0,150124580.0,187940270.0,93244630.0,109810550.0,80065000.0,58007000.0,88845000.0,80951000.0,82021000.0,102788000.0,50917000.0,60102000.0
20210315,-76880980.0,141464080.0,80718020.0,154602300.0,138467370.0,148181170.0,161513170.0,74524780.0,138073760.0,80660000.0,45938000.0,88134000.0,78903000.0,84420000.0,92065000.0,42388000.0,78697000.0
20210316,3569180.0,80310570.0,82350230.0,98251320.0,99780840.0,96905460.0,99882090.0,70485500.0,63939690.0,45603000.0,46679000.0,55734000.0,56581000.0,54925000.0,56618000.0,39923000.0,36308000.0
20210317,-4600960.0,86809230.0,82437740.0,106628800.0,106399330.0,106766680.0,104905730.0,75663630.0,82125540.0,49272000.0,46649000.0,60480000.0,60287000.0,60516000.0,59511000.0,42761000.0,46583000.0
20210318,-15676810.0,83575110.0,79481940.0,112319240.0,100735610.0,97187910.0,103232130.0,65699140.0,75331730.0,46799000.0,44446000.0,62857000.0,56360000.0,54354000.0,57776000.0,36734000.0,42161000.0
20210319,-101228500.0,150930590.0,67567550.0,135252130.0,117386670.0,94426360.0,132995840.0,63252510.0,125911530.0,87816000.0,39286000.0,78697000.0,68265000.0,54902000.0,77292000.0,36812000.0,73384000.0
20210322,24053250.0,68254780.0,85529110.0,90901420.0,97680340.0,88791330.0,83662940.0,74247960.0,55323100.0,39390000.0,49252000.0,52410000.0,56284000.0,51170000.0,48235000.0,42713000.0,31912000.0
20210323,-80701820.0,134076280.0,62130350.0,112752400.0,103996520.0,92954890.0,110864690.0,44662710.0,107454730.0,79100000.0,36554000.0,66477000.0,61280000.0,54808000.0,65337000.0,26264000.0,63478000.0
20210324,-76330880.0,124053020.0,64564280.0,130168720.0,113326570.0,105471420.0,118491470.0,48531080.0,111841910.0,75543000.0,39219000.0,79161000.0,68891000.0,64093000.0,71984000.0,29472000.0,68175000.0
20210325,-8947290.0,93363240.0,81884150.0,120292770.0,122824570.0,118089690.0,122453110.0,76466400.0,81050270.0,58550000.0,51161000.0,75440000.0,76946000.0,74164000.0,76914000.0,48036000.0,51170000.0
20210326,67577370.0,102880880.0,152024930.0,146555370.0,164988680.0,149390260.0,145885100.0,154042120.0,89969910.0,61126000.0,90289000.0,87110000.0,97989000.0,88769000.0,86644000.0,91525000.0,53608000.0
20210329,-39264810.0,113038940.0,76799230.0,112733390.0,109708300.0,100539520.0,120266110.0,67859030.0,87397250.0,67359000.0,45678000.0,67158000.0,65323000.0,59835000.0,71663000.0,40376000.0,52065000.0
20210330,-44439610.0,135391470.0,106951660.0,163003520.0,147003720.0,143559210.0,162080520.0,115484950.0,141403250.0,82544000.0,64644000.0,99150000.0,89257000.0,87192000.0,98735000.0,70045000.0,86294000.0
20210331,-56142250.0,133411770.0,87755450.0,139604860.0,129118940.0,102608120.0,129396810.0,70234570.0,99588130.0,80434000.0,52728000.0,84034000.0,77757000.0,61575000.0,77819000.0,42290000.0,60029000.0
20210401,45629930.0,106855170.0,135064090.0,140962440.0,158383460.0,148973390.0,124044310.0,112163460.0,91462610.0,63019000.0,79580000.0,83095000.0,93352000.0,87814000.0,73104000.0,66029000.0,53921000.0
20210402,55996290.0,121780820.0,161643260.0,170271610.0,186405460.0,197340190.0,163365560.0,118965120.0,96943460.0,70016000.0,92778000.0,97885000.0,107104000.0,113371000.0,93902000.0,68260000.0,55749000.0
20210406,-7332320.0,110528890.0,96202350.0,136523310.0,143517530.0,118494690.0,130515390.0,83751680.0,79063300.0,63026000.0,54801000.0,77798000.0,81768000.0,67469000.0,74316000.0,47617000.0,45024000.0
20210407,-73470110.0,150086200.0,79294280.0,146965220.0,144287020.0,114054460.0,144708780.0,73697130.0,116512920.0,87365000.0,46036000.0,85407000.0,83837000.0,66105000.0,83923000.0,42827000.0,67907000.0
20210408,-14266920.0,68891220.0,56558720.0,84114500.0,82180080.0,75674650.0,79137550.0,43019960.0,53823980.0,40491000.0,33210000.0,49415000.0,48280000.0,44442000.0,46516000.0,25286000.0,31628000.0
20210409,-83620520.0,118705800.0,53989120.0,105184840.0,86281000.0,74294610.0,108855090.0,45462420.0,94522460.0,70857000.0,32183000.0,62750000.0,51444000.0,44291000.0,64968000.0,27097000.0,56401000.0
20210412,-46369410.0,101536990.0,57549650.0,101303940.0,98921870.0,82100050.0,94815750.0,47119280.0,80772990.0,61639000.0,34811000.0,61402000.0,59927000.0,49706000.0,57474000.0,28521000.0,49056000.0
20210413,2853630.0,65389820.0,65162110.0,80906450.0,83987800.0,69749190.0,64458630.0,45745440.0,48182370.0,39647000.0,39434000.0,49028000.0,50887000.0,42236000.0,39070000.0,27668000.0,29188000.0
20210414,68560490.0,94927920.0,140085710.0,133107540.0,156510240.0,153287990.0,124172520.0,123238260.0,83793240.0,56019000.0,82636000.0,78554000.0,92362000.0,90473000.0,73275000.0,72705000.0,49478000.0
20210415,-61326010.0,133248070.0,67911210.0,129865250.0,133876090.0,97413260.0,107633150.0,53147720.0,104253840.0,80544000.0,41020000.0,78462000.0,80897000.0,58833000.0,64958000.0,32074000.0,63037000.0
20210416,-56266850.0,112188810.0,68657250.0,132242610.0,119507320.0,90946880.0,120125120.0,48336940.0,75425550.0,68750000.0,41839000.0,80829000.0,73002000.0,55512000.0,73573000.0,29509000.0,46186000.0
20210419,169753410.0,128306510.0,236526550.0,226559040.0,288092400.0,267302490.0,232576970.0,254307910.0,119280020.0,74309000.0,136796000.0,131390000.0,166567000.0,154810000.0,134738000.0,146842000.0,69250000.0
20210420,-109944530.0,170337060.0,94509110.0,193920140.0,159803560.0,168165250.0,200347920.0,113651600.0,191413460.0,99105000.0,54887000.0,112760000.0,92839000.0,97768000.0,116509000.0,66044000.0,111442000.0
20210421,-52359060.0,118635340.0,67639340.0,117588020.0,116224970.0,92534530.0,106607050.0,59291250.0,97577790.0,70486000.0,40160000.0,69850000.0,69030000.0,54947000.0,63313000.0,35205000.0,57986000.0
20210422,-25600610.0,90115410.0,73438240.0,103803530.0,94880090.0,85618060.0,89070760.0,54138480.0,76286390.0,53411000.0,43437000.0,61467000.0,56150000.0,50648000.0,52734000.0,31982000.0,45187000.0
20210423,8949520.0,85382580.0,93969910.0,115639500.0,116001690.0,115335950.0,105343580.0,71493100.0,72535950.0,50432000.0,55413000.0,68249000.0,68440000.0,68023000.0,62168000.0,42124000.0,42807000.0
20210426,-43059900.0,141253400.0,99293220.0,156296770.0,155197040.0,143853610.0,160203460.0,101857440.0,128567490.0,83329000.0,58337000.0,91988000.0,91277000.0,84470000.0,94269000.0,59727000.0,75631000.0
20210427,-71999880.0,145725320.0,73699690.0,132908430.0,132934190.0,90493750.0,123362240.0,52071970.0,91203360.0,88486000.0,44714000.0,80674000.0,80666000.0,54905000.0,74856000.0,31574000.0,55403000.0
20210428,-14437830.0,88059920.0,74757740.0,111958280.0,110822640.0,97298880.0,94824990.0,64851160.0,81762880.0,53184000.0,45010000.0,67537000.0,66798000.0,58644000.0,57231000.0,39047000.0,49373000.0
20210429,-100540530.0,152410710.0,59041930.0,142832940.0,135661180.0,93814860.0,138329060.0,60620010.0,116646340.0,93526000.0,36204000.0,87617000.0,83217000.0,57529000.0,84841000.0,37181000.0,71592000.0
20210430,-144486810.0,188430490.0,78161700.0,181356430.0,147138410.0,133379910.0,167608000.0,68379550.0,178638270.0,118681000.0,49175000.0,114224000.0,92645000.0,84002000.0,105588000.0,42992000.0,112491000.0
20210506,-169988690.0,221088040.0,87032680.0,209497090.0,173563760.0,133725540.0,188700090.0,78067670.0,193081810.0,145703000.0,57303000.0,138034000.0,114253000.0,88117000.0,124252000.0,51304000.0,127350000.0
20210507,-85156550.0,152437000.0,83524360.0,186324680.0,170080780.0,124548460.0,162761470.0,89563970.0,136507510.0,104200000.0,57050000.0,127430000.0,116234000.0,85106000.0,111286000.0,61245000.0,93411000.0
20210510,-1882900.0,82265600.0,81554360.0,124808410.0,123636750.0,113913140.0,108597870.0,59239740.0,66437910.0,56398000.0,55869000.0,85575000.0,84782000.0,78127000.0,74467000.0,40639000.0,45620000.0
20210511,-11731980.0,96427090.0,80651000.0,129307420.0,133351520.0,104674760.0,110213860.0,58961100.0,65153980.0,66908000.0,55664000.0,89665000.0,92298000.0,72365000.0,76413000.0,40703000.0,45265000.0
20210512,30593440.0,113661820.0,133423960.0,181025340.0,191856640.0,170470050.0,158558340.0,122123250.0,103441520.0,74416000.0,87350000.0,118592000.0,125556000.0,111713000.0,103913000.0,79938000.0,67839000.0
20210513,-44752810.0,89520950.0,51777600.0,106572900.0,99563440.0,74523590.0,89057140.0,47453590.0,77672850.0,59887000.0,34616000.0,71283000.0,66570000.0,49834000.0,59545000.0,31691000.0,51966000.0
20210514,39560410.0,82748920.0,115333210.0,146402560.0,153378670.0,115441970.0,113827790.0,106076040.0,68129810.0,55100000.0,76203000.0,97114000.0,101521000.0,76478000.0,75534000.0,69857000.0,45290000.0
20210517,54889250.0,100132550.0,134348410.0,170578040.0,191251430.0,176372110.0,148475140.0,129019460.0,102027180.0,63074000.0,84603000.0,107457000.0,120470000.0,111186000.0,93539000.0,81285000.0,64390000.0
20210518,-13177420.0,78320340.0,61833650.0,94843980.0,98153250.0,79718060.0,86757130.0,56567440.0,62705790.0,49380000.0,38939000.0,59755000.0,61829000.0,50195000.0,54673000.0,35622000.0,39510000.0
20210519,219539820.0,149757440.0,265088650.0,223595260.0,327803870.0,285541690.0,272123760.0,356111100.0,149989210.0,87911000.0,155855000.0,131449000.0,192649000.0,168021000.0,160105000.0,209111000.0,87882000.0
20210520,-24675530.0,176938970.0,155489140.0,235857610.0,232631900.0,253526050.0,246419240.0,202282610.0,234064950.0,101905000.0,89361000.0,135718000.0,133810000.0,145833000.0,141783000.0,116432000.0,134934000.0
20210521,-20787540.0,127665940.0,108662110.0,172644380.0,170860680.0,166352910.0,172780150.0,115623040.0,129983340.0,73561000.0,62492000.0,99320000.0,98297000.0,95627000.0,99397000.0,66458000.0,74780000.0
20210524,-21487820.0,103788180.0,81802000.0,134673040.0,135171400.0,139479320.0,136438350.0,90652170.0,115180960.0,60293000.0,47365000.0,78125000.0,78322000.0,80762000.0,79138000.0,52542000.0,66897000.0
20210525,16216460.0,111587990.0,130069030.0,170398100.0,168133520.0,170430090.0,156128700.0,130619180.0,128704110.0,63469000.0,73933000.0,96909000.0,95610000.0,96951000.0,88797000.0,74195000.0,73183000.0
20210526,-27520760.0,149507280.0,110206190.0,179109020.0,190889340.0,176046460.0,196355350.0,116014190.0,123226060.0,83434000.0,61428000.0,99797000.0,106440000.0,97874000.0,109177000.0,64473000.0,68533000.0
20210527,-6490300.0,87662470.0,78797070.0,120778070.0,123153170.0,114132930.0,125621530.0,92031370.0,87033070.0,49527000.0,44450000.0,68196000.0,69517000.0,64415000.0,70915000.0,51888000.0,49145000.0
20210528,42731720.0,127433960.0,148648420.0,181253950.0,202771210.0,205649740.0,190146710.0,156994740.0,129766050.0,70061000.0,81659000.0,99654000.0,111445000.0,112954000.0,104472000.0,86226000.0,71320000.0
20210531,-47172210.0,168643030.0,124839520.0,220347850.0,216979140.0,207170060.0,235478870.0,169854290.0,188717690.0,96392000.0,71069000.0,125782000.0,123798000.0,118341000.0,134784000.0,97038000.0,107902000.0
20210601,169437260.0,138976470.0,221856150.0,199491910.0,286049480.0,306521560.0,267375700.0,308053240.0,177761840.0,74932000.0,119352000.0,107612000.0,154107000.0,165223000.0,144195000.0,165837000.0,95951000.0
20210602,-14017090.0,141393720.0,108551020.0,147634970.0,166460590.0,149065880.0,166348700.0,114669800.0,111404070.0,75339000.0,57802000.0,78621000.0,88684000.0,79328000.0,88565000.0,61062000.0,59298000.0
20210603,-44567840.0,115522930.0,78143810.0,135276820.0,128088100.0,131625050.0,158455090.0,78394680.0,96132480.0,62924000.0,42441000.0,73629000.0,69651000.0,71629000.0,86346000.0,42619000.0,52362000.0
20210604,38397110.0,122881810.0,139817720.0,158605180.0,180066380.0,168297620.0,169114440.0,150698100.0,111484170.0,65527000.0,74335000.0,84526000.0,95959000.0,89657000.0,90137000.0,80138000.0,59417000.0
20210607,-1324180.0,105163780.0,94968640.0,127092120.0,135963090.0,132628890.0,142271840.0,116189440.0,107870670.0,55324000.0,49888000.0,66817000.0,71445000.0,69678000.0,74766000.0,61021000.0,56741000.0
20210608,104517450.0,147474160.0,194099680.0,257945740.0,315837670.0,332669740.0,315111520.0,381038950.0,294079720.0,73964000.0,97152000.0,128905000.0,157706000.0,166161000.0,157364000.0,190208000.0,147017000.0
20210609,-32250520.0,115648750.0,95899650.0,174215050.0,161713620.0,191961980.0,169139580.0,152469360.0,207542280.0,57880000.0,47878000.0,86973000.0,80673000.0,95762000.0,84420000.0,75940000.0,103585000.0
20210610,93168730.0,100924930.0,138257430.0,225133550.0,280969780.0,291699180.0,283052870.0,316172370.0,231649950.0,47627000.0,65239000.0,106371000.0,132544000.0,137808000.0,133550000.0,149194000.0,109667000.0
20210611,87548310.0,137249490.0,160791390.0,271890650.0,335897050.0,395721800.0,361009390.0,393721090.0,340885190.0,62134000.0,72453000.0,122985000.0,151546000.0,178349000.0,162809000.0,176616000.0,153276000.0
20210615,3878430.0,147004830.0,134197910.0,278340250.0,295025610.0,397439170.0,386481850.0,386265460.0,393344350.0,63098000.0,57432000.0,119331000.0,126438000.0,170372000.0,165676000.0,165299000.0,168554000.0
20210616,-140203930.0,229774360.0,123026810.0,371060870.0,337604490.0,396326380.0,428450540.0,360765670.0,468845440.0,104685000.0,55811000.0,168930000.0,153574000.0,179730000.0,194724000.0,164830000.0,214067000.0
20210617,142696070.0,112163600.0,171022900.0,246605490.0,330442250.0,349860160.0,338051120.0,454092580.0,323205550.0,50289000.0,76237000.0,110628000.0,147606000.0,157002000.0,151029000.0,202059000.0,145105000.0
20210618,89629530.0,162741890.0,188147260.0,296415700.0,360639860.0,420674290.0,415495960.0,513278260.0,428827060.0,66865000.0,77100000.0,121860000.0,147886000.0,172844000.0,170620000.0,210327000.0,176291000.0
20210621,-66884900.0,151624330.0,113622840.0,287539070.0,258655660.0,318619750.0,325859050.0,282270730.0,341916330.0,62805000.0,46976000.0,119051000.0,107060000.0,131896000.0,134821000.0,116773000.0,141669000.0
20210622,-81155440.0,143197970.0,80770620.0,213632230.0,194904150.0,215080700.0,228297090.0,185266860.0,253205910.0,59939000.0,33729000.0,89289000.0,81420000.0,89856000.0,95352000.0,77343000.0,105928000.0
20210623,21971630.0,134304860.0,139330780.0,244769990.0,261715710.0,312746070.0,292324560.0,268768260.0,267218140.0,55216000.0,57111000.0,100623000.0,107470000.0,128370000.0,119984000.0,110291000.0,109936000.0
20210624,29787050.0,113669030.0,115667920.0,197054590.0,224842740.0,238631680.0,246181360.0,220269740.0,182933010.0,46220000.0,46853000.0,80061000.0,91205000.0,96880000.0,99882000.0,89123000.0,74346000.0
20210625,-35163090.0,121711660.0,101466120.0,212463590.0,197546040.0,206915750.0,229620690.0,179466090.0,191924240.0,50170000.0,41703000.0,87471000.0,81246000.0,85122000.0,94483000.0,73740000.0,79070000.0
20210628,61726990.0,113448040.0,135768650.0,195753360.0,235159750.0,286570220.0,279209430.0,277466340.0,223100140.0,45148000.0,53970000.0,77910000.0,93530000.0,113970000.0,111078000.0,110243000.0,88694000.0
20210629,-57312160.0,129354660.0,88441110.0,194750370.0,178351770.0,231348300.0,236993870.0,222350440.0,274017030.0,51006000.0,34777000.0,76715000.0,70169000.0,91069000.0,93317000.0,87467000.0,107995000.0
20210630,-64207010.0,134546870.0,85964830.0,195473680.0,179848720.0,225022540.0,223483070.0,159568180.0,225314660.0,53834000.0,34268000.0,78137000.0,71790000.0,89750000.0,89238000.0,63687000.0,90112000.0
20210701,-238766890.0,257408950.0,81473690.0,293723310.0,230891670.0,276968350.0,328550270.0,190100390.0,377285360.0,106907000.0,33778000.0,121909000.0,95823000.0,114949000.0,136229000.0,78838000.0,156773000.0
20210702,44623270.0,122573710.0,125902460.0,221182370.0,262476890.0,295948220.0,284099430.0,250057950.0,217283470.0,51627000.0,52787000.0,93090000.0,110399000.0,124603000.0,119628000.0,104941000.0,91445000.0
20210705,99946860.0,102972220.0,151168360.0,210811930.0,262562660.0,252692000.0,236892220.0,231990960.0,147843880.0,41961000.0,61435000.0,85878000.0,106818000.0,102866000.0,96452000.0,94196000.0,60196000.0
20210706,-48892890.0,203341120.0,155244310.0,333864370.0,333068290.0,397878000.0,409509430.0,374735120.0,411996580.0,80845000.0,61102000.0,132377000.0,131584000.0,157323000.0,161814000.0,147371000.0,163417000.0
20210707,61832710.0,127901860.0,140686370.0,218919760.0,267967950.0,277993520.0,289864730.0,346364250.0,272660330.0,51129000.0,55708000.0,87401000.0,106436000.0,110601000.0,115328000.0,137255000.0,108915000.0
20210708,-22056300.0,145187560.0,118089110.0,214033920.0,219076070.0,335507530.0,324623410.0,318029570.0,350969990.0,56751000.0,45814000.0,83463000.0,85143000.0,130346000.0,126163000.0,123350000.0,136791000.0
20210709,-89705010.0,151061000.0,89378200.0,246229850.0,218207650.0,263600030.0,281429880.0,244903990.0,316779150.0,60984000.0,35955000.0,99247000.0,87840000.0,106230000.0,113354000.0,98486000.0,127798000.0
20210712,244036090.0,144073840.0,243434470.0,284914830.0,429590300.0,447944450.0,416907100.0,599060880.0,386062140.0,54588000.0,92389000.0,107990000.0,162920000.0,169948000.0,158274000.0,227531000.0,146474000.0
20210713,-55034000.0,136340990.0,98250500.0,192531650.0,175588130.0,199390930.0,230791540.0,204804500.0,228437890.0,51656000.0,37144000.0,72857000.0,66394000.0,75417000.0,87285000.0,77384000.0,86490000.0
20210714,-429659320.0,363738900.0,90050180.0,442611750.0,286641150.0,384817270.0,510221530.0,338839010.0,643094070.0,145785000.0,35985000.0,177355000.0,114716000.0,154009000.0,204187000.0,135568000.0,257829000.0
20210715,-188822160.0,270234730.0,127334000.0,353475290.0,307553860.0,354798510.0,409848130.0,324179560.0,457952100.0,114585000.0,53813000.0,149787000.0,130252000.0,150339000.0,173689000.0,137188000.0,194144000.0
20210716,-221895440.0,268523510.0,101314890.0,337667530.0,282980710.0,333334560.0,376732790.0,340605350.0,519102560.0,118184000.0,44444000.0,148403000.0,124388000.0,146544000.0,165610000.0,149610000.0,228299000.0
20210719,-38758820.0,135282540.0,105823740.0,220200990.0,210900970.0,237011800.0,262655380.0,185690160.0,198805400.0,60232000.0,47017000.0,98058000.0,93974000.0,105624000.0,117001000.0,82747000.0,88668000.0
20210720,2071210.0,91467720.0,89961250.0,156797470.0,160375150.0,170752910.0,161910130.0,139249090.0,146020660.0,40442000.0,39698000.0,69282000.0,70825000.0,75405000.0,71515000.0,61620000.0,64711000.0
20210721,117738930.0,136649070.0,190791250.0,265020880.0,328617620.0,321965790.0,316916000.0,399581210.0,286892070.0,57382000.0,80079000.0,111249000.0,137915000.0,135169000.0,133163000.0,167711000.0,120354000.0
20210722,91323520.0,107001930.0,156420860.0,230320360.0,272224950.0,273027150.0,255554130.0,313912470.0,240061970.0,43444000.0,63394000.0,93432000.0,110383000.0,110772000.0,103653000.0,127125000.0,97343000.0
20210723,151202100.0,111881600.0,187073110.0,243347630.0,319358220.0,371981330.0,333133200.0,457400490.0,345046520.0,43588000.0,72678000.0,94643000.0,124110000.0,144724000.0,129480000.0,177607000.0,134295000.0
20210726,-24576090.0,158173140.0,123617040.0,264848030.0,274828030.0,325388550.0,317919800.0,264656290.0,296701130.0,63202000.0,49271000.0,105791000.0,109725000.0,129926000.0,126865000.0,105509000.0,118567000.0
20210727,-73367700.0,157681310.0,106897730.0,262215840.0,239631720.0,288660300.0,303602000.0,232056240.0,290482240.0,63567000.0,42614000.0,105349000.0,96059000.0,115760000.0,121927000.0,93031000.0,117107000.0
20210728,-37215200.0,122667670.0,95240880.0,220637720.0,210849320.0,250123880.0,258421590.0,182384870.0,211302360.0,52565000.0,40675000.0,94410000.0,90240000.0,107008000.0,110690000.0,78217000.0,90596000.0
20210729,184268800.0,107436400.0,182106950.0,205323100.0,314921350.0,304171960.0,307045960.0,459491420.0,272348620.0,42853000.0,72465000.0,82023000.0,125506000.0,121433000.0,122417000.0,182542000.0,108463000.0
20210730,152326630.0,128274450.0,170188380.0,220126240.0,330538940.0,316450320.0,362433970.0,534739770.0,336429490.0,49174000.0,64943000.0,84200000.0,126157000.0,120824000.0,138399000.0,203795000.0,128495000.0
20210802,255465250.0,142249090.0,233063830.0,258627610.0,423278120.0,443522780.0,550313300.0,920492640.0,558236870.0,50406000.0,82013000.0,91524000.0,149187000.0,156882000.0,194189000.0,323447000.0,196869000.0
20210803,-156570680.0,232602380.0,128792390.0,319759390.0,266998690.0,411675900.0,428372160.0,433537200.0,573411620.0,81808000.0,45023000.0,112363000.0,93501000.0,144348000.0,149857000.0,150830000.0,200967000.0
20210804,236293900.0,138918770.0,254215900.0,261680570.0,382677340.0,483036560.0,482554430.0,716677790.0,480866020.0,46522000.0,84827000.0,87735000.0,127714000.0,161667000.0,161332000.0,238382000.0,160433000.0
20210805,-104558430.0,193321420.0,121471980.0,253247950.0,220538950.0,331194050.0,332218190.0,328583210.0,432117500.0,64524000.0,40435000.0,84443000.0,73459000.0,110424000.0,110651000.0,109432000.0,144277000.0
20210806,-122907520.0,212029400.0,136443450.0,279913270.0,232591710.0,427987690.0,433481800.0,474582220.0,591995630.0,69174000.0,44246000.0,91186000.0,75615000.0,139234000.0,141122000.0,154032000.0,192643000.0
20210809,-119747570.0,205236540.0,117521470.0,235693890.0,203661380.0,293080840.0,317233050.0,257483190.0,353078550.0,70784000.0,40369000.0,81242000.0,70068000.0,100968000.0,109248000.0,88627000.0,121936000.0
20210810,-108893410.0,210025490.0,120278680.0,231435160.0,212288560.0,299181610.0,301057770.0,219803430.0,326820680.0,72554000.0,41312000.0,79838000.0,73137000.0,103082000.0,103672000.0,75561000.0,112914000.0
20210811,44438510.0,125518770.0,140299750.0,182603460.0,212261000.0,247679600.0,264828690.0,218407910.0,156820310.0,42926000.0,47781000.0,62330000.0,72390000.0,84453000.0,90344000.0,74284000.0,53479000.0
20210812,113512070.0,157686020.0,214446450.0,245780020.0,302531670.0,379776210.0,348182210.0,385508250.0,303590180.0,51778000.0,70177000.0,80530000.0,99091000.0,124410000.0,114038000.0,126062000.0,99473000.0
20210813,-93738860.0,173466030.0,106106570.0,201932610.0,175553200.0,214476760.0,230131270.0,157658190.0,235742540.0,57394000.0,34979000.0,66751000.0,57950000.0,70801000.0,75978000.0,51961000.0,77999000.0
20210816,-222019680.0,218559760.0,79335960.0,256752210.0,173956350.0,273045050.0,279730810.0,133230250.0,348564170.0,75690000.0,27414000.0,88865000.0,60177000.0,94449000.0,96750000.0,46063000.0,120726000.0
20210817,-132358390.0,166349580.0,92190480.0,229513020.0,171313730.0,216565530.0,219657410.0,158881030.0,288147540.0,58759000.0,32410000.0,80993000.0,60341000.0,76338000.0,77450000.0,55968000.0,101858000.0
20210818,-40820230.0,107401550.0,91088140.0,169828660.0,145321850.0,178776380.0,167528710.0,172112490.0,224180390.0,37968000.0,32103000.0,59991000.0,51296000.0,63047000.0,59136000.0,60717000.0,79189000.0
20210819,107393890.0,161499680.0,202112850.0,243813130.0,310593860.0,300429370.0,293397920.0,341735610.0,241373170.0,56108000.0,69776000.0,84480000.0,107398000.0,103437000.0,101197000.0,117647000.0,83301000.0
20210820,-45716040.0,162955870.0,125949880.0,188879440.0,180169380.0,188600510.0,192131480.0,167982730.0,210167800.0,56923000.0,43931000.0,65947000.0,62860000.0,65766000.0,67037000.0,58538000.0,73346000.0
20210823,72757780.0,128408080.0,153633510.0,179489430.0,227021780.0,246455050.0,256100500.0,298300730.0,215897500.0,44740000.0,53146000.0,62425000.0,78737000.0,85502000.0,88935000.0,103160000.0,75009000.0
20210824,94888990.0,106031860.0,159183340.0,173443990.0,215181500.0,211264440.0,233677120.0,324554920.0,207253250.0,35719000.0,53544000.0,58407000.0,72388000.0,71118000.0,78655000.0,109156000.0,69812000.0
20210825,-36185210.0,113765570.0,93837620.0,142339370.0,126082100.0,150800230.0,141067620.0,120365490.0,166283310.0,38698000.0,31863000.0,48377000.0,42818000.0,51224000.0,47904000.0,40846000.0,56560000.0
20210826,-186896460.0,225293650.0,97881780.0,216508260.0,157023670.0,189760980.0,221048870.0,125534380.0,281142950.0,78585000.0,34045000.0,75462000.0,54649000.0,66021000.0,76991000.0,43614000.0,97997000.0
20210827,40072270.0,123437330.0,143353260.0,183185370.0,203341720.0,244724960.0,218745480.0,211473960.0,197381170.0,42604000.0,49329000.0,63192000.0,70006000.0,84326000.0,75384000.0,72768000.0,68170000.0
20210830,-147457950.0,231204240.0,126093190.0,300630560.0,258283660.0,279510690.0,363828940.0,362225990.0,425365690.0,82701000.0,44836000.0,107368000.0,92119000.0,99759000.0,129902000.0,129264000.0,152235000.0
20210831,-145506710.0,215139960.0,108250870.0,239866320.0,201248720.0,228755580.0,256189980.0,220345680.0,338417990.0,78553000.0,39411000.0,87500000.0,73276000.0,83445000.0,93402000.0,80170000.0,123579000.0
20210901,-77575460.0,182736530.0,98274860.0,223634070.0,230520270.0,194290180.0,211717750.0,167186760.0,227334650.0,68514000.0,36701000.0,83793000.0,86305000.0,72799000.0,79384000.0,62569000.0,85284000.0
20210902,-27062650.0,97186180.0,73670660.0,129632310.0,126085190.0,116116430.0,127500180.0,99260170.0,114939070.0,36337000.0,27484000.0,48431000.0,47090000.0,43374000.0,47647000.0,37103000.0,43023000.0
20210903,-140022040.0,192359150.0,87495990.0,213615550.0,178456670.0,188184300.0,243046090.0,147881890.0,233042140.0,74660000.0,33770000.0,82810000.0,69086000.0,72992000.0,94388000.0,57502000.0,90721000.0
20210906,128802220.0,147979880.0,213575570.0,261061250.0,324267780.0,290640370.0,299477040.0,372870460.0,235231570.0,54900000.0,79123000.0,96807000.0,120109000.0,107916000.0,111147000.0,138166000.0,87410000.0
20210907,-29916510.0,122349490.0,96019650.0,168222460.0,164635790.0,143134520.0,140851480.0,140689750.0,172889300.0,44271000.0,34691000.0,60825000.0,59499000.0,51724000.0,50906000.0,50814000.0,62538000.0
20210908,-34106730.0,115419350.0,70326780.0,147094550.0,158080390.0,139557800.0,146728600.0,95039950.0,121975880.0,42473000.0,25808000.0,54024000.0,58055000.0,51211000.0,53865000.0,34870000.0,44850000.0
20210909,-10268860.0,122334850.0,95159150.0,166283450.0,183190290.0,163441140.0,176003780.0,134039050.0,131745270.0,45068000.0,34878000.0,61130000.0,67290000.0,59851000.0,64554000.0,49067000.0,48393000.0
20210910,-131946200.0,166579620.0,72638860.0,188858310.0,150852870.0,159508490.0,196985510.0,119191360.0,213660540.0,62741000.0,27317000.0,71118000.0,56758000.0,60054000.0,74141000.0,44845000.0,80542000.0
20210913,-79514250.0,149828770.0,73804700.0,153508250.0,150018080.0,136311270.0,188254610.0,122685050.0,150255960.0,57065000.0,27903000.0,58300000.0,56915000.0,51672000.0,71620000.0,46454000.0,57054000.0
20210914,152871320.0,129316640.0,185278270.0,180875340.0,277785030.0,248717930.0,258704480.0,399233380.0,236375510.0,47977000.0,68530000.0,67107000.0,102802000.0,92097000.0,95768000.0,147509000.0,87590000.0
20210915,-133365120.0,156819350.0,71822830.0,166971250.0,118602640.0,132031150.0,155378390.0,118405930.0,228423810.0,59820000.0,27313000.0,63611000.0,45126000.0,50293000.0,59177000.0,45085000.0,87193000.0
20210916,-134755830.0,154885200.0,60375310.0,158430450.0,118184510.0,142642320.0,151498520.0,105419080.0,231318710.0,60921000.0,23722000.0,62303000.0,46428000.0,56102000.0,59548000.0,41484000.0,91112000.0
20210917,10662070.0,74180310.0,73595860.0,97664350.0,108910870.0,91762360.0,93467940.0,90866100.0,78498450.0,29200000.0,28912000.0,38434000.0,42824000.0,36102000.0,36765000.0,35685000.0,30920000.0
20210922,-30547270.0,94396520.0,52616390.0,112334720.0,123567590.0,88903890.0,113187940.0,108159300.0,114422520.0,38208000.0,21270000.0,45464000.0,49988000.0,35969000.0,45817000.0,43772000.0,46337000.0
20210923,4125160.0,84193790.0,71066530.0,109382280.0,126634700.0,85294210.0,101259700.0,98521160.0,78430510.0,33463000.0,28181000.0,43435000.0,50248000.0,33811000.0,40185000.0,39076000.0,31173000.0
20210924,68922450.0,64611510.0,86186930.0,92447270.0,139794280.0,114421680.0,94608040.0,128816870.0,79708060.0,25618000.0,34057000.0,36634000.0,55284000.0,45253000.0,37416000.0,50763000.0,31509000.0
20210927,14724150.0,89247540.0,78500020.0,123590080.0,149061760.0,121231820.0,124052370.0,120825670.0,103280970.0,35437000.0,31000000.0,48957000.0,58982000.0,47959000.0,49079000.0,47638000.0,40930000.0
20210928,-29616840.0,98057900.0,61908750.0,130100270.0,136632590.0,106491770.0,101986640.0,71361900.0,105483870.0,39360000.0,24714000.0,52090000.0,54686000.0,42535000.0,40826000.0,28460000.0,42218000.0
20210929,-89218010.0,137575320.0,54453320.0,177276500.0,171180490.0,149760510.0,186411220.0,121307270.0,173874570.0,57714000.0,22815000.0,74340000.0,71722000.0,62694000.0,78030000.0,50806000.0,72987000.0
20210930,51310550.0,93310260.0,122797940.0,155546110.0,177368990.0,138551020.0,137145940.0,165418570.0,115513100.0,38005000.0,49931000.0,63313000.0,72150000.0,56465000.0,55865000.0,67255000.0,47092000.0
20211008,-585240.0,89023640.0,89995610.0,136903510.0,135346310.0,130224480.0,127078590.0,137759280.0,141490410.0,35066000.0,35376000.0,53875000.0,53198000.0,51155000.0,49894000.0,54008000.0,55636000.0
20211011,35732300.0,98228210.0,102921200.0,141132660.0,172171970.0,142573000.0,138161340.0,162896820.0,131576180.0,38341000.0,39962000.0,55065000.0,66993000.0,55520000.0,53820000.0,63047000.0,51197000.0
20211012,24788650.0,102561420.0,108450660.0,156784050.0,175683480.0,151971560.0,151957390.0,135169820.0,110395340.0,39836000.0,41933000.0,60824000.0,68082000.0,58824000.0,58863000.0,52167000.0,42773000.0
20211013,198388730.0,100282170.0,187786990.0,171358820.0,282242730.0,233065900.0,226832820.0,358440200.0,166284550.0,37375000.0,70101000.0,63881000.0,105283000.0,87009000.0,84561000.0,133713000.0,62034000.0
20211014,7633080.0,99388640.0,95704470.0,133014490.0,144331730.0,133829840.0,141347490.0,118249830.0,103099100.0,36489000.0,35104000.0,48836000.0,52976000.0,49105000.0,51872000.0,43369000.0,37847000.0
20211015,46770440.0,113111020.0,142619360.0,213614950.0,230877060.0,220352460.0,232782200.0,261885260.0,202685080.0,40224000.0,50732000.0,76082000.0,82180000.0,78481000.0,82907000.0,93058000.0,72026000.0
20211018,2466260.0,95477800.0,101765810.0,172973060.0,169151330.0,165200610.0,175037080.0,172580890.0,160278160.0,33578000.0,35718000.0,60820000.0,59430000.0,58043000.0,61469000.0,60494000.0,56319000.0
20211019,4366850.0,109122440.0,83178140.0,140640800.0,170951950.0,161087840.0,159344980.0,147347280.0,144723290.0,37973000.0,28857000.0,48894000.0,59409000.0,55933000.0,55324000.0,51057000.0,50267000.0
20211020,37520760.0,111891010.0,124879510.0,159937940.0,184470210.0,182229890.0,179504500.0,176005870.0,141210500.0,38600000.0,42981000.0,55164000.0,63514000.0,62787000.0,61824000.0,60494000.0,48726000.0
20211021,-62764520.0,123973050.0,71818650.0,155985270.0,145375150.0,132201630.0,156678230.0,106266830.0,144554750.0,43210000.0,24990000.0,54365000.0,50624000.0,46058000.0,54594000.0,36992000.0,50417000.0
20211022,137871810.0,125838680.0,205357640.0,211842580.0,270195420.0,300065440.0,264064520.0,364543240.0,262672350.0,42285000.0,69001000.0,71210000.0,90760000.0,100762000.0,88684000.0,122291000.0,88104000.0
20211025,109667090.0,126767120.0,183346450.0,195545700.0,248633450.0,278684480.0,294005410.0,445963240.0,320975220.0,40597000.0,58714000.0,62705000.0,79586000.0,89310000.0,94109000.0,142578000.0,102781000.0
20211026,-20836150.0,187723220.0,144202950.0,224497490.0,247181620.0,252751760.0,304652440.0,349867970.0,318803440.0,58218000.0,44495000.0,69451000.0,76359000.0,77937000.0,94037000.0,107638000.0,98354000.0
20211027,-23475610.0,138156920.0,111410830.0,183124480.0,186394950.0,183995410.0,200914410.0,197159750.0,203716360.0,43124000.0,34702000.0,57140000.0,58110000.0,57384000.0,62637000.0,61419000.0,63618000.0
20211028,-178031100.0,201222500.0,112095930.0,283849630.0,194945100.0,267415400.0,225488470.0,180957830.0,400915860.0,64323000.0,35633000.0,90715000.0,62112000.0,85417000.0,72020000.0,57812000.0,128502000.0
20211029,-16129720.0,171634240.0,137550050.0,238468110.0,256422570.0,270766520.0,338590890.0,377730790.0,326036140.0,56436000.0,45001000.0,78350000.0,84073000.0,88907000.0,111144000.0,123467000.0,106941000.0
20211101,-83539170.0,174974810.0,107700400.0,222081500.0,205816740.0,243921910.0,269211310.0,216082760.0,274332530.0,58236000.0,35748000.0,73825000.0,68317000.0,81020000.0,89381000.0,71705000.0,91340000.0
20211102,14354850.0,143025260.0,143045900.0,217994710.0,232328940.0,272796460.0,247812220.0,276438410.0,287067800.0,45619000.0,45546000.0,69517000.0,74011000.0,86919000.0,78990000.0,88032000.0,91540000.0
20211103,-87473100.0,146609320.0,84933990.0,165759280.0,139961500.0,148384570.0,186797000.0,140954860.0,190015530.0,48117000.0,27757000.0,54385000.0,45790000.0,48673000.0,61222000.0,46074000.0,62478000.0
20211104,144271370.0,134291340.0,211595840.0,229462500.0,296429370.0,336463480.0,287301280.0,422180750.0,327071580.0,41836000.0,65987000.0,71519000.0,92413000.0,105016000.0,89519000.0,131593000.0,102046000.0
20211105,-67642540.0,144349770.0,109590300.0,177292470.0,144409400.0,152370950.0,170122060.0,143799430.0,193690860.0,45443000.0,34376000.0,55742000.0,45320000.0,47840000.0,53467000.0,45158000.0,61021000.0
20211108,241430.0,96345220.0,94111710.0,137529110.0,140004040.0,133107720.0,158833380.0,167441060.0,141473970.0,30671000.0,29884000.0,43735000.0,44493000.0,42283000.0,50497000.0,53160000.0,44976000.0
20211109,38263640.0,111357100.0,119457260.0,146094960.0,176258440.0,157513180.0,184906730.0,243113520.0,177456330.0,34455000.0,36889000.0,45177000.0,54468000.0,48668000.0,57163000.0,75005000.0,54785000.0
20211110,-101989200.0,197931740.0,106109160.0,202650000.0,192483370.0,196392840.0,226647530.0,251034990.0,322769500.0,64191000.0,34381000.0,65690000.0,62341000.0,63682000.0,73377000.0,81316000.0,104780000.0
20211111,22333930.0,90326990.0,90466210.0,108908630.0,131103340.0,116141900.0,116238260.0,117346060.0,94915770.0,29022000.0,29010000.0,34963000.0,42077000.0,37253000.0,37298000.0,37614000.0,30466000.0
20211112,-32630300.0,117021080.0,70675960.0,119860060.0,133574880.0,107147520.0,133184850.0,115027200.0,121620170.0,37991000.0,22896000.0,38882000.0,43316000.0,34721000.0,43195000.0,37291000.0,39476000.0
20211115,-151774200.0,189745780.0,74911640.0,189819940.0,152879870.0,177820600.0,187562450.0,109408680.0,251441030.0,64164000.0,25301000.0,64172000.0,51678000.0,60100000.0,63351000.0,36936000.0,85043000.0
20211116,-12789230.0,97927130.0,90206620.0,125263860.0,120195140.0,136168530.0,134890330.0,86847240.0,100914670.0,33339000.0,30648000.0,42609000.0,40874000.0,46339000.0,45899000.0,29523000.0,34387000.0
20211117,-12549700.0,102622730.0,88996010.0,120071820.0,121148840.0,140738280.0,134653400.0,124142080.0,142776660.0,34449000.0,29772000.0,40242000.0,40566000.0,47111000.0,45086000.0,41576000.0,47953000.0
20211118,-12418860.0,87007110.0,70120340.0,99024120.0,103492040.0,110886200.0,116292790.0,83324660.0,90336930.0,29566000.0,23769000.0,33631000.0,35121000.0,37640000.0,39510000.0,28261000.0,30698000.0
20211119,4613340.0,111344360.0,91298850.0,122321540.0,146980390.0,119798270.0,138946830.0,161002720.0,137240820.0,38055000.0,30994000.0,41716000.0,49978000.0,40814000.0,47354000.0,54574000.0,46832000.0
20211122,177466950.0,116544260.0,176532330.0,173396700.0,290875570.0,244953650.0,248031700.0,343690400.0,163145400.0,38094000.0,57655000.0,56663000.0,94928000.0,80018000.0,81074000.0,112245000.0,53363000.0
20211123,-2468010.0,100913750.0,82214740.0,130263980.0,146495000.0,140101450.0,132955860.0,89719740.0,99333340.0,32941000.0,26794000.0,42495000.0,47769000.0,45669000.0,43374000.0,29258000.0,32425000.0
20211124,-53018100.0,110412590.0,56151390.0,121167180.0,122410290.0,106784730.0,146241010.0,93606590.0,107168410.0,36314000.0,18418000.0,39814000.0,40215000.0,35077000.0,48084000.0,30733000.0,35221000.0
20211125,-110654450.0,148893720.0,66764040.0,140674680.0,112149920.0,119247540.0,164903340.0,98241780.0,163240430.0,50225000.0,22426000.0,47413000.0,37743000.0,40188000.0,55682000.0,33142000.0,55117000.0
20211126,-43312610.0,95036000.0,69197620.0,110218310.0,92744080.0,94984420.0,87337540.0,66898010.0,117857500.0,31751000.0,23056000.0,36797000.0,30917000.0,31656000.0,29140000.0,22290000.0,39380000.0
20211129,52691150.0,97540290.0,123707830.0,142047760.0,168571370.0,173045950.0,187252950.0,192689110.0,125790960.0,32312000.0,40859000.0,47044000.0,55706000.0,57205000.0,61911000.0,63595000.0,41681000.0
20211130,-19714630.0,77381430.0,66543560.0,103697070.0,94820320.0,102797480.0,124461000.0,118504990.0,116556100.0,25361000.0,21773000.0,33972000.0,31043000.0,33655000.0,40751000.0,38800000.0,38221000.0
20211201,-18582960.0,73664970.0,57716650.0,100719520.0,98084890.0,83316260.0,94448080.0,71889860.0,79341000.0,24234000.0,18939000.0,33086000.0,32234000.0,27355000.0,31032000.0,23603000.0,26074000.0
20211202,43428470.0,92305050.0,107582370.0,155971820.0,184122960.0,169911030.0,173400660.0,138579590.0,91661490.0,29899000.0,34793000.0,50481000.0,59561000.0,54931000.0,56047000.0,44761000.0,29671000.0
20211203,-66653670.0,146466840.0,89235720.0,175952990.0,166530440.0,170536050.0,207839800.0,143751660.0,173101580.0,48469000.0,29409000.0,58147000.0,54983000.0,56305000.0,68638000.0,47406000.0,57297000.0
20211206,-54989560.0,127426050.0,89492670.0,155595150.0,138538950.0,155761970.0,153385650.0,107748610.0,165114490.0,41819000.0,29177000.0,50948000.0,45255000.0,50872000.0,50196000.0,35162000.0,54172000.0
20211207,-160210790.0,211716460.0,89997350.0,198317650.0,159825970.0,159306330.0,197071660.0,103388260.0,225833720.0,71686000.0,30423000.0,67076000.0,54038000.0,53881000.0,66649000.0,35035000.0,76569000.0
20211208,22192590.0,91642170.0,105625990.0,130442320.0,138651100.0,142733650.0,116590980.0,95859330.0,99809410.0,30714000.0,35369000.0,43709000.0,46437000.0,47862000.0,39094000.0,32097000.0,33482000.0
20211209,-34110510.0,86070040.0,62263260.0,109387070.0,99083340.0,80623810.0,87495850.0,61450700.0,88689170.0,28811000.0,20833000.0,36614000.0,33156000.0,26974000.0,29279000.0,20559000.0,29689000.0
20211210,-22757820.0,92958430.0,72785080.0,124281800.0,121697330.0,111934490.0,118502110.0,103424380.0,119614580.0,31178000.0,24342000.0,41665000.0,40755000.0,37474000.0,39703000.0,34555000.0,40072000.0
20211213,-52923820.0,96666130.0,64454950.0,126950260.0,106237620.0,111641790.0,135091470.0,92628770.0,122102910.0,32323000.0,21524000.0,42420000.0,35493000.0,37288000.0,45134000.0,30910000.0,40790000.0
20211214,-105566780.0,146288520.0,60559820.0,130776650.0,110938570.0,119424390.0,128710440.0,64461410.0,160742140.0,49873000.0,20633000.0,44579000.0,37799000.0,40701000.0,43861000.0,21960000.0,54818000.0
20211215,-35528410.0,85631590.0,46012450.0,86720220.0,90810960.0,62842430.0,69594840.0,52591350.0,81367350.0,29228000.0,15681000.0,29583000.0,30965000.0,21424000.0,23744000.0,17915000.0,27761000.0
20211216,-201868270.0,233816420.0,87174830.0,242043560.0,186816880.0,174678510.0,248948100.0,142275730.0,269874410.0,82142000.0,30546000.0,85040000.0,65539000.0,61416000.0,87568000.0,50067000.0,95012000.0
20211217,-74468270.0,128143520.0,58162430.0,132360210.0,127873030.0,91293350.0,100091140.0,72250750.0,137921230.0,45688000.0,20692000.0,47154000.0,45551000.0,32509000.0,35641000.0,25768000.0,49235000.0
20211220,-56915480.0,151417300.0,83378950.0,182928860.0,194051740.0,154363650.0,168733300.0,107756010.0,150301840.0,55403000.0,30430000.0,66793000.0,70836000.0,56354000.0,61667000.0,39295000.0,54913000.0
20211221,44631840.0,75121570.0,99057730.0,114634390.0,135330070.0,132907290.0,107660130.0,87207620.0,67822940.0,27439000.0,36142000.0,41859000.0,49388000.0,48527000.0,39307000.0,31828000.0,24817000.0
20211222,9331170.0,95182990.0,84342850.0,114700410.0,134871730.0,102050100.0,100878180.0,94168910.0,86009660.0,33913000.0,29985000.0,40820000.0,47992000.0,36272000.0,35857000.0,33438000.0,30608000.0
20211223,5339180.0,79703480.0,73128550.0,102769140.0,114683260.0,87460660.0,96451870.0,75248730.0,60918340.0,28435000.0,26040000.0,36624000.0,40866000.0,31146000.0,34363000.0,26816000.0,21753000.0
20211224,-107100600.0,164657340.0,73350210.0,169882290.0,154088820.0,147406320.0,155329730.0,85650180.0,184827370.0,60901000.0,27077000.0,62830000.0,56929000.0,54498000.0,57395000.0,31741000.0,68567000.0
20211227,1589840.0,76690270.0,64531460.0,82971610.0,96720270.0,73585790.0,68833080.0,54191880.0,57354750.0,28624000.0,24043000.0,30948000.0,36072000.0,27434000.0,25674000.0,20185000.0,21402000.0
20211228,8279040.0,65906860.0,63385740.0,101331540.0,112131690.0,77547420.0,81091500.0,73546290.0,61723170.0,24552000.0,23595000.0,37747000.0,41758000.0,28881000.0,30188000.0,27363000.0,23003000.0
20211229,-31144960.0,86597690.0,64742730.0,119060500.0,109770510.0,90509330.0,109299590.0,82228290.0,94582990.0,32461000.0,24177000.0,44570000.0,41050000.0,33854000.0,40910000.0,30718000.0,35465000.0
20211230,-9022360.0,70280850.0,62566450.0,99250510.0,97942550.0,89745180.0,84119170.0,56597080.0,71245450.0,26128000.0,23210000.0,36873000.0,36358000.0,33335000.0,31247000.0,20991000.0,26511000.0
20211231,-10502880.0,65992180.0,53159610.0,85376050.0,87705740.0,87248250.0,86492220.0,75054990.0,86313900.0,24500000.0,19654000.0,31658000.0,32473000.0,32329000.0,32081000.0,27805000.0,32084000.0
20220104,28438390.0,124652310.0,110116050.0,180722530.0,223697190.0,190992580.0,180724800.0,171001830.0,152831220.0,45912000.0,40287000.0,66387000.0,82087000.0,69927000.0,66247000.0,62435000.0,56040000.0
20220105,-204454940.0,220117370.0,76359220.0,243955390.0,183258610.0,190254400.0,245131980.0,118197270.0,267774630.0,85922000.0,29839000.0,95254000.0,71596000.0,74320000.0,95767000.0,46214000.0,104507000.0
20220106,-32254950.0,97475940.0,61345220.0,138668480.0,142544250.0,120585790.0,126195020.0,82911150.0,109556870.0,39018000.0,24530000.0,55487000.0,57021000.0,48237000.0,50477000.0,33166000.0,43880000.0
20220107,-21883610.0,89462760.0,59992510.0,128509890.0,136096530.0,98203170.0,94684950.0,84777730.0,110179560.0,36151000.0,24188000.0,51883000.0,54946000.0,39641000.0,38231000.0,34258000.0,44568000.0
20220110,1771470.0,82405190.0,71573290.0,124662340.0,137265710.0,107112460.0,104569100.0,82268570.0,83040460.0,33665000.0,29169000.0,50956000.0,56096000.0,43875000.0,42767000.0,33645000.0,34111000.0
20220111,-95156550.0,124923450.0,65934550.0,176977820.0,140810170.0,113433060.0,135019960.0,94689740.0,168259390.0,52028000.0,27467000.0,73733000.0,58622000.0,47233000.0,56188000.0,39448000.0,70165000.0
20220112,121903640.0,107955380.0,171385240.0,197909840.0,256383610.0,236605370.0,218855760.0,267863020.0,163708990.0,43120000.0,68431000.0,79131000.0,102475000.0,94547000.0,87340000.0,106805000.0,65356000.0
20220113,-2784500.0,106954310.0,104030170.0,166241190.0,166380820.0,165131590.0,170429590.0,113339530.0,110826030.0,42143000.0,40871000.0,65430000.0,65419000.0,64941000.0,67131000.0,44589000.0,43683000.0
20220114,-799170.0,69917090.0,63466310.0,113417380.0,119068980.0,98086930.0,105130460.0,98433570.0,92189210.0,27548000.0,24968000.0,44659000.0,46868000.0,38605000.0,41394000.0,38736000.0,36318000.0
20220117,76914580.0,89168760.0,133102440.0,167256210.0,200237120.0,195182330.0,171292780.0,183319780.0,130294750.0,33817000.0,50559000.0,63507000.0,76019000.0,74179000.0,65069000.0,69642000.0,49497000.0
20220118,13908960.0,68819950.0,66437130.0,97515630.0,113807410.0,84257840.0,90153680.0,81916570.0,62111770.0,25896000.0,24980000.0,36684000.0,42802000.0,31689000.0,33904000.0,30785000.0,23368000.0
20220119,-77684110.0,143062440.0,66883540.0,167478560.0,165973340.0,150709260.0,175468910.0,134816270.0,187740730.0,55735000.0,25953000.0,65145000.0,64500000.0,58674000.0,68370000.0,52328000.0,73059000.0
20220120,-44283980.0,79400000.0,56159700.0,127970680.0,106926990.0,96653750.0,98046400.0,71957510.0,114848840.0,31695000.0,22382000.0,51053000.0,42658000.0,38543000.0,39130000.0,28696000.0,45816000.0
20220121,-5700060.0,67290080.0,63312790.0,90086020.0,88363260.0,68882210.0,72358410.0,56013650.0,58237510.0,26797000.0,25165000.0,35889000.0,35175000.0,27422000.0,28800000.0,22286000.0,23255000.0
20220124,1440780.0,55801380.0,51797740.0,84454960.0,89899380.0,79686150.0,72758630.0,50694220.0,56180960.0,22390000.0,20710000.0,33853000.0,36003000.0,31890000.0,29151000.0,20244000.0,22513000.0
20220125,-105978560.0,123637790.0,41129360.0,134064760.0,110594620.0,99980690.0,135755250.0,64601670.0,134805670.0,50619000.0,16779000.0,54844000.0,45194000.0,40894000.0,55532000.0,26415000.0,55267000.0
20220126,30430090.0,76389520.0,99951110.0,137157190.0,144025690.0,120464490.0,105516240.0,98185220.0,82703380.0,30873000.0,40314000.0,55369000.0,58130000.0,48622000.0,42583000.0,39582000.0,33419000.0
20220127,-30876300.0,91096860.0,50350680.0,104897050.0,114766930.0,79845490.0,78361340.0,48459380.0,80819830.0,37297000.0,20542000.0,42898000.0,46914000.0,32660000.0,32073000.0,19795000.0,33120000.0
20220128,-95699980.0,174760710.0,79525340.0,217010760.0,216546130.0,201320420.0,229388290.0,146179080.0,213811190.0,76573000.0,34899000.0,95163000.0,94941000.0,88536000.0,100447000.0,64102000.0,94086000.0
20220207,38045880.0,100534320.0,113540920.0,179322900.0,204362180.0,187615390.0,166446490.0,144322410.0,127445430.0,41284000.0,46597000.0,73621000.0,83878000.0,76953000.0,68282000.0,59267000.0,52368000.0
20220208,-33234720.0,116443630.0,93795680.0,152410750.0,141823980.0,115951070.0,130842890.0,82099450.0,100442350.0,49693000.0,39980000.0,65017000.0,60461000.0,49438000.0,55747000.0,34892000.0,42850000.0
20220209,49113250.0,76365140.0,112108220.0,147794220.0,161164380.0,129257540.0,122056410.0,132035980.0,90123860.0,31481000.0,46176000.0,60904000.0,66386000.0,53269000.0,50272000.0,54275000.0,37094000.0
20220210,-53750310.0,94965130.0,57239520.0,120240670.0,104215980.0,92529980.0,99553580.0,44416210.0,91142920.0,39478000.0,23768000.0,49963000.0,43289000.0,38395000.0,41354000.0,18448000.0,37873000.0
20220211,-77797050.0,130190820.0,66863890.0,157245790.0,142775680.0,118315390.0,126792300.0,58879290.0,128199430.0,55971000.0,28549000.0,67461000.0,61247000.0,50798000.0,54502000.0,25210000.0,55141000.0
20220214,14206600.0,61992830.0,65066070.0,92227490.0,103360860.0,88291990.0,82139290.0,65409820.0,57355920.0,26851000.0,28104000.0,39916000.0,44691000.0,38182000.0,35535000.0,28251000.0,24869000.0
20220215,59202780.0,60776150.0,85805630.0,101572860.0,135746160.0,118315410.0,96616590.0,95107810.0,57603850.0,25627000.0,36195000.0,42870000.0,57250000.0,49931000.0,40761000.0,40096000.0,24318000.0
20220216,7015460.0,60704130.0,59177730.0,90599610.0,99141470.0,91793880.0,83905500.0,68691460.0,69564380.0,25086000.0,24417000.0,37419000.0,40933000.0,37891000.0,34653000.0,28328000.0,28722000.0
20220217,28838110.0,80880560.0,94632560.0,136255750.0,151341870.0,125121600.0,121791970.0,124805260.0,99296780.0,33112000.0,38678000.0,55766000.0,61873000.0,51200000.0,49803000.0,50986000.0,40710000.0
20220218,-19783570.0,50388770.0,46195400.0,87855200.0,72265000.0,62899160.0,66829520.0,39572710.0,55425920.0,20755000.0,19005000.0,36164000.0,29739000.0,25891000.0,27522000.0,16294000.0,22839000.0
20220221,-9567550.0,52427910.0,49245610.0,83477640.0,77092380.0,76980250.0,73685700.0,52873110.0,65735210.0,21647000.0,20284000.0,34413000.0,31775000.0,31723000.0,30384000.0,21755000.0,27094000.0
20220222,-51693400.0,79899510.0,36751150.0,102754270.0,94209240.0,76932820.0,98056710.0,37057540.0,67627050.0,33804000.0,15533000.0,43457000.0,39828000.0,32532000.0,41461000.0,15659000.0,28629000.0
20220223,150006960.0,89052060.0,164524700.0,164930220.0,239464540.0,218230510.0,193184480.0,251003410.0,126042480.0,35817000.0,66180000.0,66369000.0,96413000.0,87906000.0,77809000.0,101056000.0,50747000.0
20220224,-74200760.0,134980130.0,85023790.0,191746520.0,167502100.0,152077350.0,154412730.0,107776570.0,179641950.0,54910000.0,34482000.0,77855000.0,68031000.0,61705000.0,62766000.0,43750000.0,72940000.0
20220225,19989030.0,64639360.0,71412020.0,111868880.0,125085270.0,101492420.0,95522900.0,86691210.0,72671700.0,25914000.0,28573000.0,44805000.0,50088000.0,40625000.0,38232000.0,34670000.0,29120000.0
20220228,6281140.0,55039070.0,54123550.0,89668910.0,96865580.0,80973350.0,78397500.0,67941030.0,64235740.0,22195000.0,21789000.0,36135000.0,39023000.0,32616000.0,31588000.0,27345000.0,25891000.0
20220301,6186150.0,81230720.0,81101630.0,132629580.0,138944830.0,121378600.0,135940460.0,112432590.0,91684580.0,32119000.0,31945000.0,52338000.0,54785000.0,47812000.0,53584000.0,44250000.0,36206000.0
20220302,-336460.0,66538480.0,55570130.0,91901980.0,102533870.0,81867110.0,77726340.0,59549200.0,64026430.0,26930000.0,22448000.0,37166000.0,41436000.0,33085000.0,31431000.0,24061000.0,25928000.0
20220303,-33075000.0,58770740.0,33020910.0,77934830.0,70609650.0,61566940.0,71669900.0,46676030.0,69648070.0,23922000.0,13428000.0,31711000.0,28720000.0,25043000.0,29153000.0,18957000.0,28333000.0
20220304,-187152830.0,195796830.0,70197800.0,228089710.0,166535910.0,162647460.0,202231340.0,99209070.0,246778020.0,83360000.0,29835000.0,97070000.0,70807000.0,69191000.0,86038000.0,42085000.0,105026000.0
20220307,-83994170.0,131921480.0,50059100.0,175432590.0,173300810.0,148256810.0,170397200.0,72992730.0,134846510.0,58933000.0,22345000.0,78368000.0,77424000.0,66248000.0,76110000.0,32581000.0,60250000.0
20220308,-53941080.0,142767240.0,73688780.0,204662500.0,219799870.0,165399240.0,192929990.0,118889800.0,145300130.0,65903000.0,33931000.0,94406000.0,101427000.0,76324000.0,88961000.0,54865000.0,67180000.0
20220309,18155420.0,90769790.0,92671490.0,172679520.0,188933240.0,155991590.0,163033430.0,128904260.0,103707000.0,41668000.0,42278000.0,79106000.0,86460000.0,71377000.0,74685000.0,58923000.0,47651000.0
20220310,62874550.0,81925790.0,100726220.0,149854480.0,193928600.0,164617070.0,154515910.0,178081560.0,125308170.0,35481000.0,43525000.0,64835000.0,83840000.0,71148000.0,66793000.0,76878000.0,54185000.0
20220311,8749660.0,74665740.0,67020310.0,119707760.0,136102840.0,138368500.0,116575480.0,85922590.0,98965950.0,33332000.0,29677000.0,53287000.0,60430000.0,61399000.0,51828000.0,38099000.0,44181000.0
20220314,-59863330.0,96602850.0,35498050.0,111762570.0,113004030.0,85900040.0,105887650.0,39426830.0,79302550.0,43694000.0,16036000.0,50518000.0,51078000.0,38811000.0,47842000.0,17819000.0,35885000.0
20220315,-42759420.0,93317290.0,59139170.0,143400150.0,134818850.0,115975050.0,118254840.0,74241700.0,114721330.0,43384000.0,27342000.0,66537000.0,62524000.0,53765000.0,54913000.0,34518000.0,53424000.0
20220316,147296310.0,88638950.0,160375630.0,197600150.0,273159780.0,214503400.0,192689660.0,242461860.0,116979290.0,39981000.0,71878000.0,88955000.0,122708000.0,96302000.0,86516000.0,108527000.0,52665000.0
20220317,43065160.0,116269070.0,116541220.0,201630640.0,244423640.0,205273970.0,207958240.0,228694860.0,182945430.0,48930000.0,48935000.0,84773000.0,102683000.0,86242000.0,87373000.0,95899000.0,76853000.0
20220318,10268290.0,65913700.0,57115780.0,107142430.0,126208640.0,100592630.0,99539520.0,79416570.0,70201390.0,28144000.0,24354000.0,45697000.0,53830000.0,42879000.0,42440000.0,33829000.0,29925000.0
20220321,78853500.0,96286180.0,136730740.0,188472490.0,226881430.0,210313180.0,194420280.0,187869680.0,124909080.0,39358000.0,55894000.0,77018000.0,92784000.0,85971000.0,79472000.0,76830000.0,51028000.0
20220322,10268290.0,63299940.0,62346670.0,81017310.0,92238870.0,68037520.0,67918450.0,69235320.0,59086100.0,25890000.0,25469000.0,33123000.0,37694000.0,27807000.0,27761000.0,28259000.0,24155000.0
20220323,14218390.0,66116540.0,75315920.0,113728240.0,118747260.0,106637780.0,105581640.0,83182860.0,70020610.0,26595000.0,30240000.0,45713000.0,47703000.0,42817000.0,42414000.0,33376000.0,28143000.0
20220324,10109490.0,49252340.0,58764320.0,89091910.0,89689430.0,76077160.0,75130510.0,65021870.0,55859030.0,20057000.0,23886000.0,36248000.0,36478000.0,30940000.0,30564000.0,26436000.0,22753000.0
20220325,-113765800.0,134248660.0,53742490.0,173924790.0,140665150.0,118807720.0,128592760.0,63035360.0,167016120.0,56060000.0,22341000.0,72531000.0,58713000.0,49549000.0,53641000.0,26278000.0,69723000.0
20220328,-51049580.0,80115820.0,43703030.0,111247900.0,96611110.0,81708730.0,91365290.0,57578620.0,98971640.0,34709000.0,18898000.0,48163000.0,41804000.0,35352000.0,39564000.0,24880000.0,42837000.0
20220329,-33796970.0,73253430.0,49427580.0,104217210.0,94246090.0,83942560.0,106705480.0,61030630.0,72064680.0,31555000.0,21196000.0,44785000.0,40462000.0,36042000.0,45910000.0,26206000.0,31020000.0
20220330,23310970.0,94811540.0,102702420.0,157889340.0,173309420.0,170418820.0,167274090.0,157667950.0,137501710.0,41166000.0,44195000.0,68323000.0,74780000.0,73619000.0,72559000.0,68152000.0,59727000.0
20220331,-53801940.0,99885400.0,56257230.0,120096310.0,109922540.0,88675990.0,99249650.0,63478630.0,106706910.0,43430000.0,24417000.0,52194000.0,47735000.0,38516000.0,43124000.0,27592000.0,46455000.0
20220401,36555180.0,78241920.0,99080730.0,135516430.0,151232800.0,120734440.0,116992980.0,95683050.0,62869330.0,33316000.0,42064000.0,57666000.0,64323000.0,51314000.0,49808000.0,40651000.0,26753000.0
20220406,43538200.0,74278510.0,103435950.0,150332960.0,164713720.0,144524310.0,135255560.0,128512770.0,94243320.0,30692000.0,42646000.0,62042000.0,67937000.0,59602000.0,55802000.0,52957000.0,38908000.0
20220407,3714850.0,61378690.0,54915520.0,96212800.0,106390820.0,75451790.0,77799160.0,63422720.0,57360500.0,25423000.0,22698000.0,39833000.0,44018000.0,31230000.0,32203000.0,26214000.0,23781000.0
20220408,77863320.0,54463910.0,89719250.0,112573400.0,155181380.0,141630020.0,109110180.0,109906940.0,64563460.0,22372000.0,36789000.0,46229000.0,63658000.0,58127000.0,44778000.0,44991000.0,26494000.0
20220411,-92163270.0,110600380.0,55862980.0,164663480.0,127237620.0,123057850.0,135432810.0,53617550.0,133405860.0,47310000.0,23865000.0,70325000.0,54353000.0,52574000.0,57821000.0,22861000.0,57031000.0
20220412,31018260.0,46438080.0,63958280.0,92073130.0,105571170.0,90297490.0,78461900.0,74598670.0,55416000.0,19789000.0,27140000.0,39170000.0,44826000.0,38312000.0,33345000.0,31618000.0,23578000.0
20220413,19080740.0,47496280.0,51382650.0,76435390.0,91629750.0,81805830.0,69580530.0,55674480.0,48819040.0,19962000.0,21534000.0,32090000.0,38419000.0,34318000.0,29199000.0,23303000.0,20520000.0
20220414,35859130.0,51380210.0,63171780.0,90783010.0,114850560.0,97658020.0,86756900.0,79979870.0,55021860.0,21175000.0,25992000.0,37387000.0,47271000.0,40191000.0,35718000.0,32884000.0,22657000.0
20220415,-26152330.0,63723940.0,36761700.0,79691780.0,80501680.0,65656310.0,90434690.0,53611460.0,54985410.0,27056000.0,15551000.0,33811000.0,34112000.0,27847000.0,38341000.0,22675000.0,23385000.0
20220418,13977910.0,48853080.0,59455520.0,81140620.0,84516080.0,78330590.0,72647850.0,53055780.0,44760610.0,20768000.0,25079000.0,34363000.0,35704000.0,33094000.0,30750000.0,22368000.0,19059000.0
20220419,46405820.0,69003470.0,100973970.0,152923070.0,167358410.0,156542090.0,137756570.0,135569140.0,107948840.0,27926000.0,40804000.0,61874000.0,67636000.0,63268000.0,55686000.0,54713000.0,43655000.0
20220420,-21005100.0,67752310.0,52202030.0,109909380.0,104454560.0,82336270.0,94836350.0,58716470.0,67221490.0,27835000.0,21401000.0,45106000.0,42851000.0,33770000.0,38916000.0,24071000.0,27613000.0
20220421,-51591310.0,101132650.0,51752550.0,131302980.0,129091770.0,85641440.0,100235670.0,44476460.0,81473540.0,42998000.0,21997000.0,55817000.0,54875000.0,36380000.0,42550000.0,18854000.0,34627000.0
20220422,-70930.0,46552620.0,48542820.0,88302560.0,86241440.0,66549820.0,71822010.0,50892500.0,45691240.0,19997000.0,20766000.0,37859000.0,36939000.0,28531000.0,30827000.0,21774000.0,19630000.0
20220425,-37337440.0,89260820.0,55512500.0,132405450.0,128816330.0,90365610.0,109132410.0,62135190.0,80705830.0,38723000.0,23928000.0,57280000.0,55674000.0,39069000.0,47287000.0,26817000.0,35000000.0
20220426,17996280.0,61624660.0,73194650.0,120155400.0,126581680.0,99763930.0,101305090.0,85464490.0,65927050.0,26581000.0,31503000.0,51803000.0,54533000.0,43013000.0,43674000.0,36779000.0,28467000.0
20220427,-39252040.0,115852770.0,83227840.0,170194850.0,163567720.0,162943900.0,167086410.0,124092850.0,159202380.0,51222000.0,36238000.0,74855000.0,71528000.0,71463000.0,73410000.0,54078000.0,70443000.0
20220428,-30463210.0,73383800.0,49278720.0,110610320.0,104252190.0,95545100.0,109453920.0,59315620.0,75870010.0,31580000.0,21160000.0,47552000.0,44776000.0,41065000.0,47057000.0,25452000.0,32655000.0
20220429,84484420.0,67140100.0,116463040.0,152625240.0,187786730.0,168202790.0,188242960.0,203075470.0,98550880.0,28306000.0,48794000.0,64216000.0,78771000.0,70671000.0,79151000.0,84887000.0,41365000.0
20220505,40180060.0,94906710.0,111753730.0,161195850.0,184528890.0,178799160.0,184947430.0,193388030.0,147059700.0,38233000.0,44980000.0,65000000.0,74338000.0,72139000.0,74519000.0,77887000.0,59423000.0
20220506,-37198010.0,67547150.0,43250640.0,99336760.0,86435260.0,101608170.0,113239600.0,80944550.0,106511130.0,27858000.0,17804000.0,40952000.0,35600000.0,41874000.0,46650000.0,33329000.0,43958000.0
20220509,-77316970.0,100352540.0,46664980.0,126124730.0,102495310.0,115258070.0,129185520.0,66926060.0,130315580.0,43021000.0,19982000.0,54050000.0,43909000.0,49372000.0,55347000.0,28674000.0,55878000.0
20220510,-66287030.0,89676290.0,56723140.0,169919800.0,136585920.0,129745760.0,158595700.0,87211550.0,124648640.0,39382000.0,24708000.0,74240000.0,59696000.0,56751000.0,69449000.0,38144000.0,54663000.0
20220511,223476180.0,124767580.0,233473720.0,252075840.0,366845870.0,301900940.0,309672840.0,462619320.0,231371240.0,50128000.0,93748000.0,101516000.0,146995000.0,121336000.0,123881000.0,183775000.0,92132000.0
20220512,3181280.0,88050110.0,85987270.0,154257900.0,159502030.0,177991150.0,172912890.0,186852470.0,188749450.0,34807000.0,33918000.0,60924000.0,62952000.0,70245000.0,68253000.0,73748000.0,74602000.0
20220513,112275420.0,105838010.0,160483810.0,210114600.0,267744200.0,256912290.0,270045920.0,400470350.0,275061300.0,39959000.0,60417000.0,79285000.0,100930000.0,97001000.0,101972000.0,150876000.0,103802000.0
20220516,-41058840.0,94461120.0,72185540.0,152639560.0,133856300.0,161278370.0,154810620.0,134000530.0,181527120.0,35165000.0,26851000.0,56812000.0,49806000.0,59995000.0,57590000.0,49736000.0,67460000.0
20220517,34233710.0,125379160.0,143641910.0,201553970.0,217524930.0,245113640.0,225592720.0,242247920.0,227535130.0,44848000.0,51425000.0,72156000.0,77867000.0,87893000.0,80788000.0,86775000.0,81592000.0
20220518,-11119160.0,105823670.0,92464130.0,160187160.0,162427550.0,188662770.0,160795000.0,122347680.0,161334610.0,37407000.0,32648000.0,56602000.0,57384000.0,66638000.0,56799000.0,43174000.0,56991000.0
20220519,4308070.0,75741640.0,79478770.0,145311050.0,145881980.0,137521680.0,139846610.0,121696350.0,115063350.0,26993000.0,28218000.0,51727000.0,51870000.0,48988000.0,49754000.0,43226000.0,41092000.0
20220520,2377180.0,89063580.0,84060440.0,122562130.0,129942460.0,142006570.0,163856440.0,137145050.0,112918000.0,31075000.0,29275000.0,42766000.0,45310000.0,49486000.0,57125000.0,47715000.0,39333000.0
20220523,2879380.0,112428730.0,103501200.0,155907810.0,167714720.0,190824270.0,217827670.0,238887680.0,209004900.0,38387000.0,35209000.0,53162000.0,57151000.0,65029000.0,74282000.0,81409000.0,71345000.0
20220524,-106959500.0,172109290.0,98230450.0,225641840.0,192561170.0,250547620.0,255376530.0,179566150.0,281696740.0,60253000.0,34359000.0,78969000.0,67379000.0,87643000.0,89312000.0,62784000.0,98600000.0
20220525,23156290.0,101971540.0,118245820.0,170307450.0,177189460.0,191686270.0,188903650.0,192355940.0,171982270.0,35923000.0,41545000.0,59965000.0,62299000.0,67410000.0,66395000.0,67559000.0,60619000.0
20220526,-1293410.0,78390740.0,78305830.0,119717300.0,118508790.0,112726620.0,114224660.0,99796560.0,99591930.0,27352000.0,27248000.0,41717000.0,41266000.0,39257000.0,39802000.0,34768000.0,34779000.0
20220527,-427580.0,82008440.0,79838850.0,110660370.0,112402390.0,131846570.0,135014900.0,122264240.0,119523490.0,28190000.0,27331000.0,37970000.0,38522000.0,45171000.0,46310000.0,41856000.0,41023000.0
20220530,112076080.0,74016340.0,135597800.0,131752870.0,182247490.0,200539350.0,185960430.0,242264640.0,144767480.0,24980000.0,45671000.0,44439000.0,61381000.0,67592000.0,62654000.0,81513000.0,48817000.0
20220531,-28243210.0,93907860.0,63444670.0,123912590.0,126132580.0,150535320.0,156745710.0,155865330.0,177898150.0,31734000.0,21409000.0,41850000.0,42580000.0,50825000.0,52922000.0,52602000.0,60100000.0
20220601,48450980.0,95132850.0,103760360.0,141336380.0,181159850.0,208090470.0,200627940.0,205630510.0,164642060.0,31781000.0,34575000.0,47159000.0,60374000.0,69473000.0,66945000.0,68498000.0,55018000.0
20220602,18427700.0,81092450.0,80588950.0,108675290.0,127606490.0,154821810.0,164397390.0,171633350.0,143630070.0,26935000.0,26710000.0,36070000.0,42310000.0,51387000.0,54562000.0,56906000.0,47716000.0
20220606,78078610.0,112438590.0,151204200.0,197901190.0,237214190.0,256298990.0,268899380.0,359411480.0,268732480.0,35768000.0,48132000.0,63017000.0,75464000.0,81695000.0,85549000.0,114277000.0,85613000.0
20220607,-70602670.0,127838810.0,76914900.0,163113620.0,143434860.0,180093770.0,183466560.0,155720150.0,222950030.0,40683000.0,24437000.0,51871000.0,45598000.0,57266000.0,58358000.0,49475000.0,70903000.0
20220608,96513310.0,129252100.0,173854560.0,203971500.0,255882350.0,287679050.0,266113100.0,300908610.0,225961250.0,40346000.0,54172000.0,63602000.0,79756000.0,89743000.0,82934000.0,93570000.0,70400000.0
20220609,-106533480.0,168140520.0,104344340.0,221207390.0,178470090.0,264772820.0,236210910.0,340948510.0,476043900.0,51529000.0,31899000.0,67703000.0,54606000.0,80952000.0,72181000.0,104293000.0,145792000.0
20220610,149507250.0,156739960.0,227750360.0,235425720.0,313922560.0,371160910.0,441984170.0,715735670.0,495405160.0,46543000.0,67460000.0,69876000.0,92972000.0,110163000.0,130905000.0,211667000.0,146912000.0
20220613,-43337910.0,211235640.0,156135510.0,244706670.0,256468890.0,345028170.0,340030820.0,456382960.0,504718220.0,60626000.0,44748000.0,70204000.0,73496000.0,98945000.0,97479000.0,130907000.0,144959000.0
20220614,-90901050.0,271639190.0,159623510.0,293458020.0,314572650.0,339102560.0,367109250.0,459261880.0,522156240.0,80756000.0,47383000.0,87273000.0,93459000.0,100730000.0,108975000.0,136030000.0,154973000.0
20220615,-45875570.0,197911990.0,139389960.0,218187880.0,230834340.0,256780610.0,289586910.0,355705290.0,368774560.0,58574000.0,41168000.0,64518000.0,68215000.0,75868000.0,85624000.0,104988000.0,108941000.0
20220616,-1799440.0,127636120.0,107064880.0,146810300.0,165582110.0,181690680.0,179192800.0,174005810.0,178303130.0,37902000.0,31727000.0,43568000.0,49106000.0,53902000.0,53172000.0,51561000.0,52927000.0
20220617,39732390.0,141936870.0,143874150.0,178696920.0,216492050.0,220871750.0,214312130.0,341568330.0,308395560.0,42261000.0,42650000.0,53137000.0,64266000.0,65610000.0,63654000.0,101140000.0,91577000.0
20220620,18795270.0,145268990.0,141042610.0,173716780.0,196738420.0,241858790.0,229839730.0,279691600.0,272915390.0,42493000.0,41127000.0,50763000.0,57401000.0,70632000.0,67082000.0,81527000.0,79806000.0
20220621,-56495120.0,142326160.0,107032600.0,150648810.0,129447240.0,169887000.0,179464820.0,203834980.0,250752280.0,42319000.0,31684000.0,44748000.0,38380000.0,50390000.0,53244000.0,60370000.0,74520000.0
20220622,-5879170.0,130372640.0,115261430.0,153932530.0,163164570.0,177203470.0,184083000.0,175241310.0,174240950.0,38060000.0,33519000.0,44868000.0,47512000.0,51594000.0,53634000.0,50963000.0,50821000.0
20220623,141984870.0,138563680.0,212329650.0,187372930.0,255591820.0,309514480.0,304111950.0,489726510.0,353144170.0,39900000.0,60993000.0,53949000.0,73397000.0,89036000.0,87344000.0,140257000.0,101409000.0
20220624,-62616350.0,157691870.0,105326330.0,173402680.0,163151870.0,210642730.0,221918980.0,285579540.0,336919640.0,45032000.0,29997000.0,49467000.0,46505000.0,60026000.0,63298000.0,81459000.0,96183000.0
20220627,-60672770.0,151406950.0,106685150.0,156370760.0,140419780.0,198834460.0,245032810.0,256456320.0,270930740.0,43166000.0,30306000.0,44533000.0,39918000.0,56551000.0,69742000.0,72906000.0,77189000.0
20220628,9690080.0,159104520.0,160098980.0,187925790.0,196621410.0,267274740.0,241825210.0,319609110.0,335368560.0,45584000.0,45502000.0,53733000.0,56015000.0,76183000.0,69061000.0,90985000.0,95908000.0
20220629,-284317740.0,335459290.0,140577470.0,307710660.0,218274740.0,294428890.0,373501940.0,261487050.0,466731740.0,98950000.0,41502000.0,90802000.0,64460000.0,86848000.0,110143000.0,77021000.0,137517000.0
20220630,-31715560.0,153795110.0,117555720.0,164993880.0,169517710.0,237174110.0,200543560.0,162616060.0,230962170.0,45974000.0,35026000.0,49293000.0,50584000.0,70761000.0,59889000.0,48500000.0,69029000.0
20220701,-63404000.0,175192820.0,116439600.0,185689750.0,181038960.0,201569670.0,219581720.0,203416700.0,248808650.0,53594000.0,35532000.0,56760000.0,55296000.0,61585000.0,67070000.0,62173000.0,76215000.0
20220704,11421330.0,126825090.0,132312950.0,154023420.0,159956900.0,214925800.0,186153210.0,206308060.0,223659320.0,37875000.0,39450000.0,45977000.0,47715000.0,64109000.0,55543000.0,61552000.0,66803000.0
20220705,-56332240.0,147146550.0,99276480.0,135977820.0,127515660.0,144821750.0,155647110.0,153974680.0,199481560.0,44029000.0,29606000.0,40669000.0,38065000.0,43246000.0,46445000.0,45813000.0,59641000.0
20220706,51109040.0,105327370.0,131445050.0,131040880.0,156032240.0,170351370.0,171041790.0,211192360.0,159392900.0,31327000.0,38994000.0,38957000.0,46310000.0,50556000.0,50810000.0,62594000.0,47321000.0
20220707,189096900.0,120815130.0,238033290.0,204948910.0,276827650.0,337204350.0,290263990.0,388213280.0,246056740.0,35099000.0,69001000.0,59506000.0,80211000.0,97756000.0,84130000.0,112288000.0,71307000.0
20220708,-99341330.0,166873290.0,84721780.0,159257860.0,142068030.0,151358630.0,176268200.0,177280130.0,251711890.0,48617000.0,24595000.0,46358000.0,41255000.0,43988000.0,51231000.0,51515000.0,73397000.0
20220711,-183502210.0,220652820.0,92802310.0,226080010.0,170428300.0,199551380.0,215690150.0,182201470.0,349564910.0,67729000.0,28441000.0,69392000.0,52323000.0,61286000.0,66185000.0,55910000.0,107368000.0
20220712,-260827240.0,304109550.0,137076800.0,353385370.0,259590880.0,404979400.0,462029730.0,331052870.0,534829780.0,98208000.0,44236000.0,114141000.0,83845000.0,131013000.0,149419000.0,107153000.0,173014000.0
20220713,-79960530.0,213133280.0,151075190.0,265486620.0,247584180.0,323145920.0,322848420.0,242177460.0,322435490.0,69768000.0,49128000.0,86811000.0,80796000.0,105538000.0,105508000.0,78950000.0,105636000.0
20220714,54003290.0,143452080.0,174257310.0,209159870.0,232357920.0,253803210.0,258794520.0,256758050.0,197763450.0,45484000.0,54948000.0,66168000.0,73358000.0,80042000.0,81766000.0,80794000.0,62419000.0
20220715,141195250.0,187927850.0,242204590.0,265682920.0,352601430.0,457656130.0,468887630.0,617202890.0,464776140.0,54691000.0,70387000.0,77249000.0,102495000.0,133091000.0,136282000.0,179477000.0,135344000.0
20220718,-50682100.0,164745300.0,113230610.0,192562750.0,193395320.0,229100370.0,290466420.0,214347580.0,203663630.0,49262000.0,33735000.0,57511000.0,57751000.0,68328000.0,86578000.0,63811000.0,60848000.0
20220719,-113365140.0,148363790.0,74899420.0,157764580.0,117863810.0,113369070.0,152224690.0,104480370.0,178989890.0,44821000.0,22580000.0,47627000.0,35575000.0,34219000.0,45969000.0,31514000.0,54056000.0
20220720,-12297430.0,77176170.0,69632400.0,98634940.0,93881270.0,79314940.0,100450580.0,84504570.0,75666360.0,23288000.0,20990000.0,29752000.0,28313000.0,23916000.0,30302000.0,25440000.0,22792000.0
20220721,-73858460.0,122460730.0,72768140.0,127657150.0,103491280.0,107404820.0,117772520.0,72784690.0,136275450.0,37578000.0,22292000.0,39159000.0,31740000.0,32957000.0,36120000.0,22308000.0,41851000.0
20220722,15142210.0,91448690.0,108916860.0,131126040.0,128800080.0,140661800.0,117136910.0,105465980.0,113848660.0,27706000.0,32915000.0,39702000.0,38936000.0,42541000.0,35431000.0,31825000.0,34491000.0
20220725,-60478520.0,121088090.0,71269260.0,104674370.0,94014680.0,85535000.0,104866060.0,59219280.0,100366740.0,37606000.0,22110000.0,32500000.0,29173000.0,26552000.0,32559000.0,18358000.0,31175000.0
20220726,21610120.0,80140600.0,84697030.0,99545930.0,116599620.0,92937240.0,80915160.0,76759670.0,67171630.0,24708000.0,26072000.0,30681000.0,35917000.0,28632000.0,24933000.0,23634000.0,20734000.0
20220727,12950590.0,68870270.0,61816210.0,73409490.0,93414130.0,78392700.0,76016580.0,75508770.0,64934300.0,21200000.0,18978000.0,22586000.0,28710000.0,24097000.0,23385000.0,23173000.0,19982000.0
20220728,-14561570.0,91188560.0,67114790.0,88343980.0,97856170.0,85790580.0,92830540.0,91932790.0,99454400.0,27861000.0,20459000.0,26981000.0,29858000.0,26189000.0,28337000.0,28035000.0,30412000.0
20220729,-63028450.0,113065500.0,55129640.0,106490250.0,101397650.0,88793580.0,114894500.0,61163830.0,98091360.0,35165000.0,17099000.0,33084000.0,31497000.0,27598000.0,35724000.0,19006000.0,30534000.0
20220801,95306810.0,97911750.0,143960430.0,121106410.0,170364550.0,154934530.0,152531460.0,240198530.0,147294790.0,29991000.0,43932000.0,37021000.0,52030000.0,47304000.0,46603000.0,73267000.0,45018000.0
20220802,-13098760.0,103300630.0,93311550.0,135448720.0,132339030.0,139877050.0,145122490.0,132382750.0,140236070.0,31712000.0,28560000.0,41532000.0,40549000.0,42883000.0,44492000.0,40516000.0,43042000.0
20220803,-31814610.0,157579810.0,116014380.0,151024680.0,160775510.0,167814170.0,197907270.0,143300440.0,145021950.0,48204000.0,35189000.0,46077000.0,48900000.0,50966000.0,60320000.0,43477000.0,44315000.0
20220804,40905400.0,93991140.0,135883310.0,148742370.0,147755620.0,168242270.0,172662360.0,198910100.0,153584610.0,28816000.0,41555000.0,45597000.0,45193000.0,51466000.0,52872000.0,60757000.0,47017000.0
20220805,-47310190.0,125381610.0,96487410.0,143787320.0,125371330.0,127243450.0,137970700.0,115149660.0,151732600.0,38728000.0,29624000.0,44308000.0,38524000.0,39170000.0,42523000.0,35358000.0,46893000.0
20220808,-51638750.0,109987350.0,67688520.0,115332100.0,105992170.0,122931620.0,135692520.0,67598120.0,106475970.0,34264000.0,21060000.0,35917000.0,32995000.0,38259000.0,42256000.0,21048000.0,33177000.0
20220809,-26336680.0,99778680.0,60123450.0,102339010.0,115657560.0,99550310.0,103500110.0,70320550.0,92707430.0,31180000.0,18744000.0,31956000.0,36093000.0,31057000.0,32309000.0,21914000.0,28961000.0
20220810,-190336750.0,261333540.0,88907920.0,226744200.0,208833070.0,187188830.0,236469730.0,124614510.0,265670360.0,84453000.0,28773000.0,73266000.0,67593000.0,60471000.0,76288000.0,40309000.0,85844000.0
20220811,36453870.0,102594980.0,142387750.0,148516630.0,145177730.0,165840560.0,140288370.0,99022130.0,88120450.0,32939000.0,45625000.0,47657000.0,46536000.0,53148000.0,45013000.0,31701000.0,28271000.0
20220812,220980.0,85403250.0,75892770.0,95946290.0,105677750.0,89645340.0,86006150.0,45548760.0,48966970.0,27360000.0,24270000.0,30714000.0,33834000.0,28690000.0,27534000.0,14574000.0,15699000.0
20220815,53036460.0,81022070.0,90641070.0,99885580.0,143303040.0,128124800.0,120403600.0,117503160.0,72187900.0,25700000.0,28697000.0,31668000.0,45398000.0,40570000.0,38157000.0,37182000.0,22868000.0
20220816,67490540.0,85191720.0,109725480.0,115493240.0,158450020.0,176597790.0,142016600.0,125693380.0,92784030.0,26651000.0,34291000.0,36113000.0,49541000.0,55195000.0,44408000.0,39285000.0,29003000.0
20220817,99289360.0,106593860.0,147066900.0,143565820.0,202382130.0,185045360.0,195602100.0,245656980.0,135810880.0,33114000.0,45499000.0,44568000.0,62649000.0,57407000.0,60647000.0,75782000.0,42077000.0
20220818,-3669900.0,95353060.0,97743310.0,135793230.0,129733080.0,128308500.0,124766560.0,106487690.0,113699530.0,29251000.0,29947000.0,41633000.0,39763000.0,39310000.0,38237000.0,32596000.0,34844000.0
20220819,-89208250.0,110894830.0,59700420.0,120256680.0,82242850.0,93330840.0,90649350.0,74835480.0,166725220.0,34547000.0,18562000.0,37417000.0,25573000.0,29023000.0,28199000.0,23302000.0,51955000.0
20220822,-856200.0,102968670.0,100286590.0,121056790.0,122882660.0,151495590.0,127026060.0,99200240.0,124525970.0,32135000.0,31150000.0,37714000.0,38233000.0,47045000.0,39540000.0,30774000.0,38745000.0
20220823,-8005460.0,81961930.0,65206560.0,83597600.0,92347510.0,84327600.0,79917670.0,49097290.0,61512680.0,25505000.0,20271000.0,26000000.0,28724000.0,26234000.0,24862000.0,15261000.0,19144000.0
20220824,-146657060.0,195359330.0,79458770.0,171717370.0,140960860.0,124396140.0,163163160.0,93928790.0,201818830.0,62360000.0,25355000.0,54818000.0,44978000.0,39676000.0,52043000.0,29930000.0,64408000.0
20220825,-6031220.0,109549880.0,88594610.0,123704840.0,138628890.0,104022350.0,106243270.0,93552690.0,97362990.0,35694000.0,28805000.0,40255000.0,45160000.0,33833000.0,34578000.0,30439000.0,31678000.0
20220826,37052790.0,75031470.0,101663310.0,106202490.0,116623450.0,115136390.0,98582750.0,88551020.0,68051870.0,23815000.0,32243000.0,33700000.0,36991000.0,36535000.0,31285000.0,28077000.0,21607000.0
20220829,-11462070.0,63326760.0,51740410.0,81669560.0,81793840.0,68569860.0,83089340.0,56046130.0,52988720.0,20189000.0,16479000.0,26024000.0,26062000.0,21848000.0,26480000.0,17851000.0,16891000.0
20220830,-10889960.0,94731420.0,66941280.0,99364310.0,116264490.0,93668870.0,85120960.0,57713260.0,77151130.0,30278000.0,21354000.0,31722000.0,37133000.0,29840000.0,27151000.0,18406000.0,24609000.0
20220831,-164317830.0,262427070.0,140916270.0,314274030.0,271466990.0,344787920.0,370014440.0,262702900.0,401794210.0,90531000.0,48563000.0,108369000.0,93589000.0,118773000.0,127485000.0,90387000.0,138422000.0
20220901,-24368740.0,126929410.0,110907850.0,167531260.0,159184080.0,170192060.0,146194180.0,91989290.0,140355910.0,43958000.0,38333000.0,57989000.0,55080000.0,58835000.0,50590000.0,31801000.0,48579000.0
20220902,-28156250.0,121004680.0,81219890.0,131279820.0,142908350.0,112362720.0,123173390.0,91481220.0,108826800.0,42902000.0,28741000.0,46544000.0,50632000.0,39839000.0,43656000.0,32376000.0,38632000.0
20220905,-64045000.0,186468540.0,120273860.0,257114780.0,259264460.0,276016610.0,270433850.0,216860110.0,286487870.0,70005000.0,45082000.0,96458000.0,97165000.0,103533000.0,101427000.0,81212000.0,107534000.0
20220906,-18814660.0,102273340.0,90696090.0,161122290.0,153884880.0,158550930.0,156632350.0,93506350.0,114239590.0,37708000.0,33405000.0,59350000.0,56675000.0,58405000.0,57711000.0,34440000.0,42111000.0
20220907,45228860.0,101415590.0,108893210.0,131506530.0,169257780.0,161777560.0,154162170.0,139873090.0,102259620.0,36232000.0,38887000.0,47044000.0,60434000.0,57787000.0,55032000.0,49810000.0,36521000.0
20220908,-23191720.0,84217610.0,74506860.0,114655950.0,101174980.0,82517030.0,89730340.0,45352020.0,61330430.0,30039000.0,26526000.0,40839000.0,36052000.0,29388000.0,31983000.0,16163000.0,21868000.0
20220909,-5072430.0,55709560.0,51976930.0,74692470.0,73352680.0,45487650.0,53746730.0,36633680.0,33447030.0,19958000.0,18606000.0,26750000.0,26263000.0,16286000.0,19247000.0,13105000.0,11983000.0
20220913,21597260.0,63153920.0,78326310.0,96105250.0,102530120.0,96464930.0,82760670.0,60511010.0,52618010.0,22303000.0,27609000.0,33916000.0,36146000.0,34002000.0,29185000.0,21303000.0,18584000.0
20220914,-53767070.0,84123410.0,45870070.0,96451580.0,80937840.0,68556620.0,101827580.0,44430110.0,64926220.0,30152000.0,16412000.0,34545000.0,28975000.0,24552000.0,36511000.0,15901000.0,23254000.0
20220915,-62149560.0,114514640.0,59862390.0,137689120.0,130191820.0,101910450.0,122524460.0,58511820.0,100047370.0,42280000.0,22101000.0,50846000.0,48124000.0,37665000.0,45271000.0,21604000.0,36899000.0
20220916,-17903760.0,64291830.0,51749770.0,95848150.0,90486450.0,77698910.0,83772670.0,41958310.0,53788310.0,24009000.0,19297000.0,35775000.0,33773000.0,29021000.0,31282000.0,15671000.0,20124000.0
20220919,3359170.0,61304210.0,72371710.0,102300100.0,94591770.0,80280000.0,72557960.0,56726500.0,61089370.0,22632000.0,26703000.0,37770000.0,34917000.0,29632000.0,26792000.0,20916000.0,22537000.0
20220920,25432860.0,49611260.0,68656540.0,87784580.0,94172160.0,97765650.0,91158060.0,70727920.0,51902650.0,18069000.0,24969000.0,31965000.0,34257000.0,35539000.0,33145000.0,25673000.0,18874000.0
20220921,-12053230.0,57317900.0,47444140.0,73961440.0,71781960.0,53287920.0,57145680.0,37163410.0,45358880.0,21261000.0,17583000.0,27425000.0,26615000.0,19754000.0,21195000.0,13766000.0,16813000.0
20220922,-6849210.0,62737890.0,56272760.0,75777340.0,75393260.0,61105570.0,60335680.0,47263140.0,54882240.0,23598000.0,21113000.0,28472000.0,28328000.0,22986000.0,22706000.0,17744000.0,20653000.0
20220923,-12444210.0,52309190.0,43321770.0,68439100.0,64982310.0,50912920.0,60495320.0,40883200.0,43745010.0,19607000.0,16223000.0,25645000.0,24348000.0,19075000.0,22667000.0,15318000.0,16405000.0
20220926,40065440.0,65611770.0,101456590.0,120498160.0,124718770.0,110535450.0,94388730.0,94496040.0,70577320.0,24114000.0,37261000.0,44225000.0,45782000.0,40603000.0,34608000.0,34664000.0,25955000.0
20220927,10455710.0,51702990.0,57176650.0,64864310.0,69846370.0,57824710.0,60881120.0,51890250.0,38378130.0,19010000.0,20993000.0,23827000.0,25648000.0,21230000.0,22362000.0,19029000.0,14093000.0
20220928,-33377740.0,72523550.0,40376510.0,74164070.0,72933370.0,49821530.0,70671440.0,32844010.0,45371840.0,27080000.0,15063000.0,27688000.0,27239000.0,18597000.0,26397000.0,12256000.0,16922000.0
20220929,6101620.0,59016580.0,56283370.0,69847150.0,78681980.0,67407620.0,62126440.0,39308930.0,38488490.0,22160000.0,21093000.0,26205000.0,29511000.0,25258000.0,23304000.0,14734000.0,14450000.0
20220930,-85242040.0,139172480.0,62106140.0,167520040.0,159344340.0,146628520.0,182668920.0,88817460.0,138019100.0,54908000.0,24488000.0,66123000.0,62900000.0,57913000.0,72160000.0,35091000.0,54487000.0
20221010,-14942600.0,71346800.0,63352880.0,94942890.0,87994210.0,85313240.0,80473860.0,45097880.0,64879860.0,28264000.0,25063000.0,37587000.0,34848000.0,33775000.0,31868000.0,17853000.0,25700000.0
20221011,22760140.0,64478010.0,67161070.0,97567800.0,117644880.0,100578150.0,103308020.0,74413030.0,48923020.0,25447000.0,26423000.0,38465000.0,46371000.0,39616000.0,40725000.0,29292000.0,19301000.0
20221012,32444130.0,72454210.0,83603410.0,95157760.0,116452690.0,102834040.0,113233150.0,100412210.0,57568970.0,28504000.0,32673000.0,37263000.0,45543000.0,40172000.0,44191000.0,38932000.0,22464000.0
20221013,-8494100.0,63345030.0,54459030.0,80554080.0,80945970.0,71286090.0,67336810.0,34608100.0,47051480.0,24407000.0,20962000.0,31018000.0,31168000.0,27439000.0,25936000.0,13323000.0,18121000.0
20221014,59667140.0,64226890.0,94502460.0,100502320.0,129893900.0,109763420.0,101101360.0,110951670.0,59946590.0,24303000.0,35723000.0,37999000.0,49106000.0,41500000.0,38198000.0,41892000.0,22667000.0
20221017,-35211260.0,79900500.0,57232420.0,97324390.0,84781210.0,71879590.0,79672940.0,35193390.0,62611300.0,30850000.0,22078000.0,37537000.0,32704000.0,27721000.0,30722000.0,13571000.0,24174000.0
20221018,59861870.0,107066160.0,120999930.0,189597630.0,235525730.0,217971510.0,207424090.0,157085380.0,107770930.0,38975000.0,43959000.0,68963000.0,85642000.0,79220000.0,75396000.0,56984000.0,39145000.0
20221019,-42754030.0,99134440.0,66590950.0,123767560.0,113557020.0,92717740.0,116195540.0,48617180.0,67893410.0,36520000.0,24461000.0,45518000.0,41760000.0,34083000.0,42792000.0,17883000.0,24991000.0
20221020,-15475090.0,90970820.0,71373510.0,101930330.0,106052570.0,82369870.0,88173130.0,60256000.0,69927830.0,34845000.0,27278000.0,38970000.0,40561000.0,31491000.0,33760000.0,23111000.0,26818000.0
20221021,18287930.0,54840910.0,75215930.0,91116880.0,89029780.0,79156090.0,72403310.0,53045220.0,41510070.0,20602000.0,28202000.0,34169000.0,33375000.0,29678000.0,27159000.0,19850000.0,15562000.0
20221024,-99043640.0,134413160.0,55687040.0,134803150.0,114485630.0,101765100.0,119810770.0,61428360.0,142426330.0,52090000.0,21494000.0,52191000.0,44249000.0,39356000.0,46369000.0,23776000.0,55299000.0
20221025,-7644550.0,70598350.0,63238880.0,99209720.0,98924640.0,80713710.0,76909700.0,39252170.0,50700730.0,27624000.0,24672000.0,38791000.0,38648000.0,31547000.0,30073000.0,15281000.0,19849000.0
20221026,-15205410.0,87794970.0,59523720.0,103522680.0,116588510.0,83412530.0,94883760.0,53182900.0,56917080.0,33917000.0,22906000.0,39928000.0,44950000.0,32133000.0,36605000.0,20437000.0,21955000.0
20221027,-18299110.0,65165370.0,44378660.0,75567560.0,78055160.0,71360260.0,66870270.0,39530710.0,62319810.0,25350000.0,17208000.0,29353000.0,30301000.0,27697000.0,25985000.0,15366000.0,24271000.0
20221028,-92896860.0,194373300.0,80784440.0,215724810.0,236416810.0,155368830.0,192672090.0,71738470.0,127332070.0,80228000.0,33392000.0,89128000.0,97693000.0,64257000.0,79697000.0,29552000.0,52381000.0
20221031,40939540.0,80256950.0,110512830.0,146534930.0,157218600.0,149109530.0,112334440.0,86649730.0,82485280.0,32662000.0,44871000.0,59602000.0,63891000.0,60548000.0,45689000.0,35130000.0,33491000.0
20221101,110119670.0,79476630.0,146037340.0,154595890.0,198154850.0,174092250.0,146910290.0,153862460.0,70924750.0,31042000.0,57005000.0,60383000.0,77318000.0,68101000.0,57296000.0,59756000.0,27664000.0
20221102,32153240.0,94157990.0,116428840.0,145041280.0,154923680.0,149009100.0,144023060.0,109890610.0,82723410.0,35453000.0,43798000.0,54548000.0,58223000.0,56033000.0,54171000.0,41286000.0,31128000.0
20221103,1738720.0,65324910.0,60665360.0,85929050.0,92327330.0,79235450.0,74799270.0,44234660.0,46932120.0,24350000.0,22601000.0,32020000.0,34403000.0,29522000.0,27873000.0,16493000.0,17507000.0
20221104,64375050.0,88346760.0,133959130.0,173323080.0,192085760.0,181615730.0,167062210.0,183764960.0,133943430.0,31711000.0,48088000.0,62189000.0,68882000.0,65186000.0,59931000.0,65801000.0,47986000.0
20221107,-1205630.0,76728350.0,74527430.0,122040500.0,123035780.0,106667800.0,96465500.0,72679200.0,84087130.0,27570000.0,26751000.0,43832000.0,44193000.0,38329000.0,34656000.0,26111000.0,30242000.0
20221108,-26796360.0,79405810.0,52189950.0,90675450.0,91094950.0,79238660.0,74952010.0,43256760.0,74339770.0,28694000.0,18815000.0,32743000.0,32892000.0,28595000.0,27045000.0,15602000.0,26882000.0
20221109,-46669280.0,95109990.0,46550660.0,90021060.0,91911120.0,69431250.0,83620800.0,49308280.0,81788010.0,35045000.0,17132000.0,33168000.0,33856000.0,25571000.0,30803000.0,18162000.0,30156000.0
20221110,-59004770.0,113750800.0,59421570.0,126511300.0,121835750.0,103423800.0,133230850.0,60238090.0,89435810.0,43803000.0,22878000.0,48706000.0,46904000.0,39821000.0,51299000.0,23166000.0,34415000.0
20221111,29728500.0,80813040.0,93566930.0,129882510.0,146857130.0,129631010.0,118992430.0,106443550.0,87353630.0,30093000.0,34775000.0,48332000.0,54608000.0,48153000.0,44220000.0,39521000.0,32497000.0
20221114,-20612920.0,79957610.0,61912800.0,99276930.0,96708820.0,89799090.0,82811010.0,38105410.0,65706410.0,30044000.0,23224000.0,37270000.0,36294000.0,33674000.0,31057000.0,14249000.0,24662000.0
20221115,8023320.0,62472920.0,71027670.0,95202020.0,94670570.0,87507740.0,80877480.0,53367400.0,51974340.0,23648000.0,26820000.0,35979000.0,35764000.0,33074000.0,30589000.0,20148000.0,19675000.0
20221116,-36789270.0,80137690.0,58094610.0,88593010.0,73846820.0,71712520.0,87440100.0,31550260.0,52611950.0,30531000.0,22104000.0,33727000.0,28113000.0,27295000.0,33316000.0,11997000.0,20016000.0
20221117,-45427030.0,86991340.0,45874480.0,87241130.0,82930970.0,74759870.0,80250610.0,35218100.0,75154390.0,34056000.0,17945000.0,34161000.0,32464000.0,29267000.0,31418000.0,13777000.0,29433000.0
20221118,498910.0,63257700.0,48583650.0,83046170.0,98219120.0,72244300.0,74025580.0,40998010.0,38717820.0,24690000.0,18917000.0,32371000.0,38280000.0,28150000.0,28885000.0,15973000.0,15103000.0
20221121,-6746610.0,54018010.0,44228180.0,72717110.0,75760330.0,58531940.0,54809160.0,23013720.0,33483110.0,21416000.0,17502000.0,28808000.0,29990000.0,23176000.0,21724000.0,9115000.0,13299000.0
20221122,-32182970.0,63763670.0,39269420.0,68826070.0,61137350.0,47963310.0,67421520.0,20804580.0,33529340.0,25390000.0,15624000.0,27392000.0,24335000.0,19083000.0,26832000.0,8280000.0,13354000.0
20221123,13536520.0,53699170.0,54300820.0,73725610.0,86660490.0,59119230.0,56439020.0,34406910.0,23550600.0,21526000.0,21733000.0,29542000.0,34705000.0,23651000.0,22597000.0,13750000.0,9434000.0
20221124,6620300.0,61014180.0,56669580.0,68598990.0,79563890.0,52802710.0,47711090.0,31355160.0,29826480.0,24382000.0,22635000.0,27393000.0,31751000.0,21050000.0,19031000.0,12489000.0,11897000.0
20221125,-28810850.0,69858130.0,35368860.0,72411890.0,78090310.0,49334470.0,54059090.0,24458410.0,48544640.0,28397000.0,14368000.0,29432000.0,31736000.0,20050000.0,21975000.0,9943000.0,19743000.0
20221128,-21567000.0,66800250.0,44699080.0,85506570.0,86040730.0,58029370.0,65996500.0,28406910.0,42006780.0,27755000.0,18503000.0,35495000.0,35672000.0,24097000.0,27424000.0,11763000.0,17510000.0
20221129,20547220.0,63432350.0,70491250.0,108420340.0,121908670.0,81151500.0,83157820.0,52146740.0,29593200.0,25747000.0,28536000.0,43920000.0,49392000.0,32842000.0,33669000.0,21071000.0,11984000.0
20221130,69120540.0,81470990.0,126889190.0,153686450.0,177388780.0,166268130.0,158115520.0,141998890.0,81030960.0,32010000.0,49705000.0,60300000.0,69541000.0,65136000.0,61966000.0,55428000.0,31661000.0
20221201,130564500.0,82427480.0,133107300.0,145568070.0,225452760.0,210048250.0,198662320.0,254669060.0,135490490.0,30751000.0,49560000.0,54261000.0,83971000.0,78193000.0,73995000.0,94781000.0,50460000.0
20221202,-17968640.0,71206950.0,53548380.0,107196190.0,106886110.0,84176240.0,97432410.0,43666010.0,48378480.0,27006000.0,20277000.0,40609000.0,40512000.0,31920000.0,36941000.0,16541000.0,18345000.0
20221205,-25726300.0,63571020.0,46247800.0,91427500.0,83024420.0,73472650.0,84095870.0,49175430.0,64278510.0,24119000.0,17517000.0,34662000.0,31475000.0,27830000.0,31869000.0,18623000.0,24372000.0
20221206,20266890.0,66698580.0,73575520.0,90328990.0,103718940.0,99183910.0,98215150.0,69346980.0,50048850.0,25006000.0,27538000.0,33853000.0,38856000.0,37186000.0,36808000.0,25918000.0,18761000.0
20221207,31556700.0,86055430.0,102641110.0,143242330.0,158213340.0,154974520.0,140098530.0,144215400.0,127534690.0,31375000.0,37421000.0,52248000.0,57676000.0,56547000.0,51071000.0,52496000.0,46497000.0
20221208,4612690.0,52825120.0,52131930.0,79695270.0,85001160.0,79589360.0,77729240.0,46629500.0,43876930.0,19319000.0,19049000.0,29133000.0,31068000.0,29088000.0,28415000.0,17041000.0,16049000.0
20221209,-10082870.0,60062880.0,46533290.0,86139880.0,89586600.0,80793780.0,89096950.0,49842750.0,51622450.0,21930000.0,16964000.0,31427000.0,32681000.0,29468000.0,32501000.0,18168000.0,18847000.0
20221212,-24312150.0,55091880.0,37584550.0,77888540.0,71083720.0,51902970.0,56731450.0,31986130.0,51469800.0,20361000.0,13878000.0,28771000.0,26258000.0,19173000.0,20965000.0,11822000.0,19028000.0
20221213,-14543070.0,50600930.0,34352140.0,53441860.0,55147590.0,40968940.0,46767090.0,21718350.0,30463270.0,18640000.0,12639000.0,19674000.0,20299000.0,15077000.0,17216000.0,7994000.0,11231000.0
20221214,-26181710.0,71642770.0,37224560.0,73058020.0,81294530.0,68835350.0,63851450.0,37253440.0,68419050.0,26963000.0,13997000.0,27493000.0,30592000.0,25898000.0,24023000.0,14010000.0,25752000.0
20221215,7057630.0,56125970.0,55605910.0,72392680.0,79970370.0,72283490.0,77034510.0,60268520.0,48459870.0,20921000.0,20662000.0,26927000.0,29739000.0,26865000.0,28675000.0,22411000.0,18046000.0
20221216,-11719250.0,39175540.0,29621080.0,46935840.0,44771050.0,25813510.0,38021400.0,39315170.0,38826530.0,14572000.0,11007000.0,17453000.0,16641000.0,9594000.0,14133000.0,14577000.0,14415000.0
20221219,-5701530.0,58931200.0,51657390.0,70477650.0,72049940.0,58752250.0,65029150.0,38277910.0,37702540.0,21917000.0,19153000.0,26159000.0,26719000.0,21775000.0,24144000.0,14188000.0,14023000.0
20221220,-22569520.0,62246270.0,39076590.0,68259850.0,68860010.0,55953540.0,59120230.0,35422440.0,54825270.0,23822000.0,14946000.0,26122000.0,26357000.0,21403000.0,22620000.0,13561000.0,20985000.0
20221221,-10227060.0,30948370.0,22150160.0,35361040.0,33932180.0,27414230.0,33877820.0,15807690.0,19571160.0,11860000.0,8484000.0,13549000.0,12999000.0,10500000.0,12980000.0,6057000.0,7503000.0
20221222,-6003540.0,37500170.0,36195230.0,51670810.0,46972220.0,40268260.0,43416730.0,24893090.0,27748160.0,14405000.0,13875000.0,19825000.0,18015000.0,15440000.0,16662000.0,9540000.0,10658000.0
20221223,-56269430.0,74391400.0,32001070.0,77374460.0,63495350.0,51807310.0,82992150.0,25836940.0,50921530.0,29459000.0,12663000.0,30635000.0,25131000.0,20502000.0,32837000.0,10223000.0,20187000.0
20221226,22290670.0,45146960.0,64260530.0,74054120.0,77231230.0,89580720.0,66567200.0,34243670.0,34966520.0,17378000.0,24747000.0,28515000.0,29723000.0,34484000.0,25634000.0,13170000.0,13443000.0
20221227,2439120.0,37568920.0,28395060.0,46290330.0,57903290.0,33509910.0,40825730.0,28018050.0,18263110.0,14359000.0,10841000.0,17685000.0,22116000.0,12800000.0,15596000.0,10693000.0,6983000.0
20221228,-59135240.0,79823530.0,39717760.0,84147470.0,65118010.0,61320200.0,85963950.0,35934890.0,70426380.0,31344000.0,15590000.0,33038000.0,25562000.0,24073000.0,33742000.0,14108000.0,27669000.0
20221229,-2678980.0,44427810.0,41797120.0,55409380.0,55361100.0,50546810.0,49178360.0,33728220.0,37775650.0,17449000.0,16379000.0,21752000.0,21726000.0,19843000.0,19304000.0,13212000.0,14846000.0
20221230,11403660.0,37926460.0,43831700.0,57465360.0,62963780.0,60095470.0,59276710.0,37710440.0,27125540.0,14709000.0,16981000.0,22285000.0,24408000.0,23292000.0,22985000.0,14603000.0,10515000.0
20230103,578080.0,63074570.0,65419370.0,88133420.0,86366690.0,95848750.0,84968020.0,63804170.0,74106820.0,24722000.0,25429000.0,34427000.0,33681000.0,37390000.0,33227000.0,24836000.0,29038000.0
20230104,-12264830.0,36020680.0,35916260.0,72819010.0,60658590.0,49800500.0,56026300.0,29513580.0,35552610.0,13919000.0,13869000.0,28128000.0,23428000.0,19234000.0,21640000.0,11394000.0,13737000.0
20230105,39568510.0,51858880.0,77233470.0,89401510.0,103595440.0,97229210.0,84891830.0,75818820.0,48587690.0,19625000.0,29222000.0,33839000.0,39192000.0,36786000.0,32124000.0,28687000.0,18398000.0
20230106,-16118670.0,74157920.0,67229240.0,110421160.0,101231170.0,113439760.0,112369330.0,74660420.0,91849520.0,27665000.0,25021000.0,41163000.0,37709000.0,42273000.0,41886000.0,27755000.0,34239000.0
20230109,-41784500.0,81814520.0,46380820.0,93946440.0,87595650.0,74804880.0,104219090.0,51472500.0,63842790.0,30947000.0,17535000.0,35504000.0,33113000.0,28271000.0,39384000.0,19447000.0,24137000.0
20230110,-4144670.0,89669970.0,80737920.0,136925660.0,141713040.0,138333460.0,137839940.0,91922760.0,96560950.0,34207000.0,30556000.0,52032000.0,53788000.0,52491000.0,52387000.0,34782000.0,36782000.0
20230111,20255200.0,59910130.0,71316860.0,103792750.0,112641220.0,94222290.0,95211610.0,85015700.0,63771180.0,22486000.0,26675000.0,38895000.0,42179000.0,35259000.0,35655000.0,31724000.0,23854000.0
20230112,72659740.0,91256490.0,131539300.0,157803110.0,190180040.0,194730110.0,180419020.0,177559260.0,119210610.0,32816000.0,47317000.0,56774000.0,68376000.0,70001000.0,64862000.0,63888000.0,42925000.0
20230113,-9586710.0,72971110.0,58875160.0,100571680.0,105080930.0,97999850.0,102021390.0,84113910.0,89679080.0,26363000.0,21244000.0,36308000.0,37943000.0,35380000.0,36832000.0,30360000.0,32392000.0
20230116,-43654340.0,94427460.0,60672830.0,133551560.0,123651850.0,119178240.0,153424100.0,106478220.0,115886700.0,34370000.0,22045000.0,48573000.0,44944000.0,43347000.0,55817000.0,38710000.0,42195000.0
20230117,-50439810.0,79647880.0,43859460.0,97042760.0,82391370.0,72993090.0,90129140.0,52354580.0,85658340.0,29445000.0,16203000.0,35877000.0,30451000.0,26978000.0,33317000.0,19366000.0,31694000.0
20230118,-13793830.0,53802810.0,40218480.0,71865180.0,71655670.0,64058240.0,65933780.0,41817290.0,53735580.0,20022000.0,14934000.0,26720000.0,26625000.0,23814000.0,24529000.0,15552000.0,20020000.0
20230119,14570820.0,42284490.0,44523650.0,63198560.0,75530210.0,57789070.0,54689770.0,55279890.0,43808370.0,15737000.0,16545000.0,23502000.0,28078000.0,21490000.0,20332000.0,20510000.0,16283000.0
20230120,-14782340.0,55829120.0,42562840.0,80873550.0,79357500.0,77287170.0,89347600.0,67963180.0,70685090.0,20741000.0,15783000.0,30020000.0,29441000.0,28685000.0,33195000.0,25203000.0,26231000.0
20230130,54503200.0,116755140.0,131159460.0,188006170.0,228105060.0,244723090.0,249213460.0,251957440.0,192963870.0,41109000.0,46111000.0,66169000.0,80210000.0,86021000.0,87643000.0,88556000.0,67890000.0
20230131,27502030.0,78459850.0,94170980.0,133893170.0,145684070.0,168741900.0,145756490.0,152901330.0,148384710.0,27511000.0,32984000.0,46964000.0,51052000.0,59116000.0,51079000.0,53520000.0,51995000.0
20230201,104220070.0,119317210.0,162056990.0,164617650.0,226097950.0,250066140.0,231329280.0,280399100.0,194915890.0,39960000.0,54351000.0,55169000.0,75770000.0,83867000.0,77542000.0,93991000.0,65324000.0
20230202,5828200.0,91351760.0,80479530.0,108533460.0,125233880.0,146964510.0,131625430.0,98897050.0,108407930.0,30154000.0,26558000.0,35815000.0,41335000.0,48497000.0,43431000.0,32640000.0,35782000.0
20230203,-20464710.0,107248300.0,73185620.0,113869650.0,127467620.0,123483140.0,133260530.0,107176900.0,117864220.0,36313000.0,24786000.0,38552000.0,43164000.0,41790000.0,45100000.0,36293000.0,39898000.0
20230206,-20529000.0,72031600.0,49510860.0,78580620.0,80572350.0,77382280.0,92561360.0,62630660.0,67980580.0,24902000.0,17108000.0,27161000.0,27848000.0,26740000.0,31988000.0,21644000.0,23502000.0
20230207,-23698440.0,58847660.0,35561170.0,62672470.0,62260530.0,64853610.0,83270620.0,35984690.0,41266120.0,20340000.0,12282000.0,21654000.0,21509000.0,22408000.0,28782000.0,12433000.0,14262000.0
20230208,-34821540.0,71845690.0,40031890.0,75711480.0,72703740.0,76690500.0,75016730.0,41062840.0,77558150.0,25160000.0,14003000.0,26511000.0,25449000.0,26849000.0,26267000.0,14381000.0,27182000.0
20230209,-13744640.0,61246270.0,44285230.0,72955290.0,76171700.0,73725440.0,81463140.0,52282350.0,58289290.0,21344000.0,15416000.0,25425000.0,26534000.0,25676000.0,28384000.0,18205000.0,20315000.0
20230210,-78696250.0,109740090.0,46716620.0,116308710.0,100635930.0,92157740.0,106888290.0,47743700.0,111709400.0,38896000.0,16549000.0,41223000.0,35662000.0,32659000.0,37887000.0,16930000.0,39609000.0
20230213,-6825900.0,61779310.0,49161530.0,80010090.0,85801970.0,72759370.0,79417190.0,48345250.0,48513330.0,21978000.0,17459000.0,28444000.0,30493000.0,25857000.0,28252000.0,17182000.0,17258000.0
20230214,-27228520.0,55997080.0,33867380.0,68606270.0,63507460.0,48030510.0,57507510.0,34242790.0,51994310.0,19936000.0,12044000.0,24421000.0,22607000.0,17099000.0,20474000.0,12187000.0,18518000.0
20230215,-30173270.0,70799840.0,37505740.0,78208300.0,81329140.0,69127150.0,73894630.0,36789780.0,62195570.0,25244000.0,13348000.0,27866000.0,28971000.0,24631000.0,26344000.0,13091000.0,22169000.0
20230216,-34545050.0,77942640.0,44841590.0,89212650.0,87768650.0,72036970.0,88242680.0,49202500.0,67541840.0,27955000.0,16042000.0,31967000.0,31447000.0,25804000.0,31634000.0,17622000.0,24225000.0
20230217,-54090610.0,88644030.0,42410140.0,89613550.0,81756820.0,65362800.0,86032350.0,32816880.0,66237940.0,32398000.0,15484000.0,32737000.0,29875000.0,23875000.0,31423000.0,11987000.0,24215000.0
20230220,-28641720.0,88997470.0,55177530.0,112116580.0,117294790.0,93926900.0,106000350.0,57445900.0,74014170.0,33041000.0,20440000.0,41567000.0,43500000.0,34810000.0,39294000.0,21283000.0,27467000.0
20230221,-14120720.0,74860990.0,60771510.0,96522980.0,96491740.0,90670600.0,105013850.0,49510340.0,49287810.0,27333000.0,22162000.0,35229000.0,35211000.0,33074000.0,38323000.0,18054000.0,17993000.0
20230222,-33090270.0,64232930.0,32652530.0,71245680.0,69735810.0,57829490.0,73863660.0,36640300.0,53696400.0,23749000.0,12065000.0,26337000.0,25777000.0,21376000.0,27307000.0,13545000.0,19858000.0
20230223,-7000670.0,68261340.0,39410480.0,75959420.0,97809610.0,66521600.0,75171330.0,59781050.0,58131990.0,25335000.0,14616000.0,28184000.0,36295000.0,24675000.0,27874000.0,22165000.0,21573000.0
20230224,-26225160.0,49112640.0,24872080.0,56412450.0,54427840.0,48058690.0,50276100.0,25422710.0,49430460.0,18347000.0,9291000.0,21071000.0,20330000.0,17952000.0,18779000.0,9498000.0,18468000.0
20230227,-107046920.0,138928790.0,45046530.0,141799350.0,128634700.0,109798710.0,132213060.0,52316760.0,136949330.0,53246000.0,17241000.0,54330000.0,49284000.0,42083000.0,50656000.0,20045000.0,52522000.0
20230228,-39447740.0,75718070.0,38408090.0,103396460.0,101258690.0,82067940.0,105450490.0,51099460.0,67164650.0,29201000.0,14785000.0,39860000.0,39041000.0,31613000.0,40639000.0,19655000.0,25865000.0
20230301,19267400.0,74326720.0,91505150.0,124356440.0,126445410.0,116380150.0,108994600.0,63041210.0,51159360.0,28299000.0,34703000.0,47247000.0,48025000.0,44185000.0,41505000.0,23927000.0,19425000.0
20230302,-38945220.0,75050020.0,50330970.0,103174650.0,88948490.0,81628920.0,101028250.0,44492880.0,64038770.0,28359000.0,18983000.0,38953000.0,33588000.0,30805000.0,38147000.0,16787000.0,24188000.0
20230303,-8593000.0,39291450.0,35941280.0,59248540.0,54005710.0,45751070.0,50885350.0,24343820.0,27802540.0,14914000.0,13632000.0,22480000.0,20489000.0,17353000.0,19306000.0,9234000.0,10556000.0
20230306,-12528790.0,71481730.0,57566190.0,90056640.0,91443390.0,81422530.0,85497070.0,50256600.0,58710850.0,27391000.0,21980000.0,34442000.0,34936000.0,31122000.0,32697000.0,19170000.0,22512000.0
20230307,-18090680.0,72994330.0,53469410.0,86959280.0,88393530.0,77138010.0,88350770.0,41869240.0,48747160.0,27759000.0,20273000.0,33031000.0,33553000.0,29273000.0,33583000.0,15870000.0,18524000.0
20230308,-67176000.0,100301270.0,38901770.0,97890880.0,92114380.0,73889580.0,106662900.0,38347700.0,72750380.0,39062000.0,15134000.0,38121000.0,35872000.0,28779000.0,41542000.0,14936000.0,28349000.0
20230309,-11978970.0,59812740.0,44465880.0,76642000.0,80009890.0,76895200.0,76144800.0,34839850.0,47569220.0,23328000.0,17305000.0,29874000.0,31181000.0,29952000.0,29697000.0,13578000.0,18549000.0
20230310,-182012550.0,206951450.0,58951870.0,228888420.0,194875440.0,163966880.0,227070560.0,95368830.0,214277700.0,84378000.0,24068000.0,93336000.0,79579000.0,66872000.0,92505000.0,38878000.0,87312000.0
20230313,-61361010.0,93695770.0,47510260.0,132449910.0,117274420.0,120912840.0,126934560.0,53964520.0,109303810.0,39102000.0,19800000.0,55265000.0,48919000.0,50469000.0,52976000.0,22507000.0,45648000.0
20230314,-57594760.0,115797310.0,68448100.0,154903670.0,144658110.0,125681730.0,150437220.0,75201500.0,108040770.0,48812000.0,28761000.0,65194000.0,60898000.0,52934000.0,63364000.0,31628000.0,45544000.0
20230315,-30945190.0,72818040.0,45448110.0,101816810.0,98241560.0,75210330.0,85785090.0,39728430.0,60098860.0,30368000.0,18935000.0,42451000.0,40978000.0,31355000.0,35761000.0,16540000.0,25041000.0
20230316,-48748860.0,76429480.0,38084380.0,100782520.0,90378760.0,73129720.0,72663820.0,28964020.0,78178780.0,32396000.0,16112000.0,42701000.0,38257000.0,30995000.0,30777000.0,12278000.0,33224000.0
20230317,-7181150.0,67261560.0,62205990.0,110262010.0,108136420.0,86983050.0,98265560.0,56800170.0,52698810.0,28279000.0,26122000.0,46333000.0,45440000.0,36527000.0,41283000.0,23863000.0,22158000.0
20230320,-19221320.0,54277740.0,37066400.0,70497710.0,68487740.0,51018370.0,61998600.0,28359550.0,36600640.0,22968000.0,15663000.0,29810000.0,28951000.0,21561000.0,26212000.0,11984000.0,15497000.0
20230321,8938640.0,50597150.0,53038070.0,83008590.0,89506310.0,74534810.0,76923960.0,50389180.0,39061390.0,21332000.0,22307000.0,34974000.0,37691000.0,31382000.0,32416000.0,21185000.0,16458000.0
20230322,-1324260.0,79601260.0,77514110.0,122103050.0,122865930.0,109008860.0,108858070.0,69380910.0,70855960.0,32557000.0,31673000.0,49911000.0,50227000.0,44556000.0,44490000.0,28315000.0,28949000.0
20230323,7939540.0,46780640.0,48635550.0,73363570.0,79448190.0,68294160.0,64922910.0,49006660.0,44438370.0,19219000.0,19945000.0,30123000.0,32593000.0,28022000.0,26667000.0,20096000.0,18256000.0
20230324,-12740870.0,45768670.0,39367510.0,71051680.0,64711990.0,52292150.0,58334240.0,29944030.0,36642810.0,18635000.0,16015000.0,28924000.0,26333000.0,21284000.0,23746000.0,12176000.0,14925000.0
20230327,-13022730.0,57259660.0,43362320.0,75091610.0,75966220.0,64706240.0,69668820.0,27563800.0,35623950.0,23581000.0,17853000.0,30918000.0,31277000.0,26644000.0,28683000.0,11352000.0,14682000.0
20230328,8354240.0,39057290.0,37852170.0,61792580.0,71351940.0,64074700.0,61194600.0,34955160.0,29481020.0,16010000.0,15489000.0,25313000.0,29223000.0,26224000.0,25064000.0,14299000.0,12069000.0
20230329,11111040.0,68334030.0,81168960.0,119456840.0,117732940.0,102251380.0,94359700.0,68833590.0,65614230.0,27495000.0,32630000.0,48047000.0,47340000.0,41099000.0,37937000.0,27661000.0,26396000.0
20230330,74567040.0,72264170.0,123424890.0,144355810.0,167762120.0,174413330.0,150757550.0,140746460.0,89835200.0,28444000.0,48589000.0,56824000.0,66031000.0,68680000.0,59330000.0,55319000.0,35317000.0
20230331,-27105840.0,97180340.0,73723510.0,139253000.0,135603980.0,120335280.0,118822550.0,73660930.0,102279500.0,37743000.0,28575000.0,54064000.0,52605000.0,46668000.0,46111000.0,28533000.0,39716000.0
20230403,-19269290.0,72508060.0,59569540.0,102778790.0,96448030.0,93707630.0,101444220.0,72217480.0,83750180.0,28417000.0,23314000.0,40283000.0,37779000.0,36740000.0,39752000.0,28251000.0,32846000.0
20230404,-58473620.0,101883750.0,53993470.0,115470210.0,104886880.0,86240640.0,109442440.0,41230890.0,76502710.0,40703000.0,21571000.0,46132000.0,41914000.0,34450000.0,43714000.0,16460000.0,30545000.0
20230406,-10231420.0,48854560.0,37107060.0,72469880.0,73985960.0,49525710.0,60530230.0,32771540.0,31998440.0,19672000.0,14916000.0,29174000.0,29766000.0,19919000.0,24372000.0,13177000.0,12888000.0
20230407,-6030510.0,43052800.0,34165890.0,54541600.0,57397990.0,49192760.0,49053730.0,25075990.0,31245530.0,17224000.0,13655000.0,21814000.0,22953000.0,19665000.0,19618000.0,10019000.0,12498000.0
20230410,-5007010.0,50983810.0,47760640.0,74729770.0,72945930.0,69243360.0,70413020.0,36414520.0,40251870.0,20530000.0,19183000.0,30073000.0,29328000.0,27852000.0,28347000.0,14618000.0,16215000.0
20230411,-1650960.0,51984740.0,52422440.0,73361880.0,71273220.0,57083710.0,59343070.0,37028860.0,36420460.0,20736000.0,20893000.0,29263000.0,28407000.0,22740000.0,23636000.0,14716000.0,14519000.0
20230412,-49340380.0,85941970.0,42386210.0,100479300.0,94694680.0,64441870.0,80598150.0,24281480.0,57465580.0,35086000.0,17303000.0,41014000.0,38667000.0,26307000.0,32897000.0,9922000.0,23463000.0
20230413,-9595010.0,45649140.0,35202800.0,72319920.0,73171250.0,54545410.0,52233610.0,22689250.0,34596060.0,18950000.0,14585000.0,30000000.0,30314000.0,22624000.0,21672000.0,9391000.0,14394000.0
20230414,21973110.0,49691640.0,48487580.0,88103000.0,111280180.0,74472520.0,66215910.0,46728620.0,33012120.0,20256000.0,19739000.0,35895000.0,45353000.0,30328000.0,26973000.0,19027000.0,13441000.0
20230417,20368860.0,41011570.0,51284850.0,70310610.0,80406200.0,68805660.0,58754660.0,44287510.0,33969650.0,16525000.0,20651000.0,28325000.0,32381000.0,27717000.0,23677000.0,17827000.0,13684000.0
20230418,-1661050.0,41852670.0,38115680.0,62705620.0,64781560.0,61598990.0,61843100.0,29990200.0,31407140.0,16743000.0,15229000.0,25079000.0,25904000.0,24620000.0,24732000.0,11990000.0,12566000.0
20230419,7453950.0,47132400.0,57365930.0,90034240.0,87254660.0,80008710.0,81453120.0,62128430.0,53230070.0,18923000.0,22950000.0,36111000.0,34953000.0,32048000.0,32637000.0,24845000.0,21387000.0
20230420,-32370960.0,64562210.0,39702770.0,86596790.0,79085260.0,54103560.0,76780180.0,41809590.0,51503930.0,26217000.0,16113000.0,35153000.0,32097000.0,21964000.0,31175000.0,16974000.0,20924000.0
20230421,-12882020.0,58135460.0,44814810.0,86780190.0,87218820.0,72968820.0,87053580.0,37509300.0,36306560.0,23730000.0,18227000.0,35368000.0,35534000.0,29700000.0,35474000.0,15255000.0,14817000.0
20230424,104011120.0,88649680.0,142034920.0,175004850.0,225630730.0,220571120.0,190868390.0,190535050.0,116226660.0,35055000.0,56208000.0,69304000.0,89315000.0,87300000.0,75511000.0,75359000.0,45983000.0
20230425,-53428280.0,111384630.0,67229890.0,154122250.0,144848720.0,117572040.0,135826550.0,75876050.0,111049820.0,45507000.0,27467000.0,62948000.0,59190000.0,48007000.0,55450000.0,30956000.0,45312000.0
20230426,50543010.0,67251820.0,98859820.0,125768890.0,144703900.0,119499380.0,119404650.0,122802030.0,72353750.0,26984000.0,39593000.0,50492000.0,58008000.0,47878000.0,47867000.0,49139000.0,29024000.0
20230427,106057500.0,70774610.0,137750870.0,160834200.0,199915430.0,192185750.0,166702480.0,199045920.0,118471690.0,27589000.0,53613000.0,62638000.0,77820000.0,74829000.0,64917000.0,77408000.0,46114000.0
20230428,-44843880.0,84377650.0,69456470.0,155287240.0,125364530.0,145795290.0,141834470.0,107901120.0,156705820.0,32885000.0,27049000.0,60459000.0,48820000.0,56698000.0,55219000.0,41903000.0,60857000.0
20230504,-25162920.0,64997060.0,42930870.0,88338240.0,85241510.0,90188210.0,97716310.0,56694870.0,74329690.0,25603000.0,16881000.0,34764000.0,33541000.0,35472000.0,38440000.0,22285000.0,29262000.0
20230505,-17772850.0,60052310.0,37351400.0,80351320.0,85279370.0,67689580.0,72666620.0,47854690.0,60650500.0,24044000.0,14928000.0,32149000.0,34124000.0,27065000.0,29084000.0,19157000.0,24279000.0
20230508,12256910.0,49411850.0,53758080.0,90051040.0,97961710.0,94797310.0,89108280.0,76163260.0,69595380.0,19390000.0,21050000.0,35306000.0,38388000.0,37116000.0,34922000.0,29814000.0,27267000.0
20230509,-18614040.0,48691310.0,34860140.0,74821110.0,70038240.0,61937420.0,69887910.0,39919950.0,50583500.0,19424000.0,13893000.0,29841000.0,27928000.0,24704000.0,27874000.0,15916000.0,20190000.0
20230510,130747870.0,75707380.0,144004720.0,146041620.0,208492140.0,214718960.0,177689840.0,217754470.0,124035720.0,29386000.0,55843000.0,56704000.0,80875000.0,83258000.0,68892000.0,84343000.0,48081000.0
20230511,36853190.0,81343590.0,103276030.0,153133360.0,168054110.0,174116000.0,164325410.0,158363630.0,131301030.0,30763000.0,39002000.0,57892000.0,63484000.0,65784000.0,62077000.0,59798000.0,49674000.0
20230512,-15417940.0,57240530.0,45648790.0,85055890.0,81229680.0,83843510.0,79572020.0,48912390.0,68601820.0,21801000.0,17327000.0,32336000.0,30851000.0,31837000.0,30253000.0,18598000.0,26143000.0
20230515,14944780.0,57674970.0,63118760.0,104284030.0,113785020.0,110210390.0,110690840.0,89400190.0,73974960.0,21869000.0,23895000.0,39511000.0,43085000.0,41722000.0,41915000.0,33824000.0,28032000.0
20230516,-963780.0,41165140.0,39064460.0,64404480.0,65541390.0,60448130.0,68679950.0,50278910.0,43010870.0,15543000.0,14740000.0,24312000.0,24737000.0,22812000.0,25926000.0,18972000.0,16236000.0
20230517,-29112670.0,58264800.0,34818670.0,73515230.0,67848700.0,59796590.0,71994340.0,42092130.0,59007050.0,22342000.0,13342000.0,28177000.0,26003000.0,22911000.0,27589000.0,16125000.0,22623000.0
20230518,-35684330.0,65944840.0,33427840.0,77325600.0,74158260.0,68039560.0,81549480.0,49782780.0,71957190.0,25445000.0,12868000.0,29820000.0,28590000.0,26233000.0,31460000.0,19199000.0,27779000.0
20230519,-3424050.0,37895690.0,36808610.0,49738420.0,47401450.0,37583120.0,41149710.0,30556740.0,30414200.0,14622000.0,14194000.0,19186000.0,18287000.0,14503000.0,15880000.0,11795000.0,11745000.0
20230522,38446960.0,43883550.0,66773170.0,74169710.0,89727040.0,87211880.0,77789650.0,78829820.0,49805090.0,16655000.0,25332000.0,28153000.0,34046000.0,33084000.0,29516000.0,29892000.0,18890000.0
20230523,-12864070.0,47970790.0,36358660.0,73583920.0,72331990.0,68056420.0,70692030.0,50504850.0,60733310.0,18112000.0,13705000.0,27764000.0,27287000.0,25685000.0,26678000.0,19059000.0,22949000.0
20230524,-7763700.0,40476810.0,32139040.0,59602720.0,60176800.0,48771400.0,56037060.0,29862190.0,30360230.0,15432000.0,12240000.0,22711000.0,22921000.0,18586000.0,21353000.0,11364000.0,11579000.0
20230525,-49084930.0,82984710.0,42664930.0,106449280.0,97684120.0,87292900.0,109340120.0,64580360.0,91618070.0,32136000.0,16474000.0,41186000.0,37773000.0,33801000.0,42325000.0,24956000.0,35506000.0
20230526,-70116200.0,111781050.0,48851580.0,144687710.0,137500980.0,112928570.0,137781690.0,88778460.0,134041540.0,45353000.0,19779000.0,58654000.0,55732000.0,45779000.0,55860000.0,35969000.0,54384000.0
20230529,-51887730.0,65839570.0,35048430.0,104390940.0,83294350.0,81978720.0,87935020.0,52926910.0,98858340.0,26933000.0,14318000.0,42687000.0,34045000.0,33503000.0,35937000.0,21599000.0,40423000.0
20230530,20111640.0,70545350.0,84506990.0,115059930.0,121209940.0,137708120.0,127878410.0,96793090.0,86511160.0,28040000.0,33552000.0,45722000.0,48152000.0,54670000.0,50817000.0,38447000.0,34360000.0
20230531,26488420.0,39778550.0,58817680.0,74656280.0,82105560.0,100331150.0,74989130.0,84783540.0,83637140.0,15742000.0,23240000.0,29521000.0,32446000.0,39649000.0,29644000.0,33469000.0,33051000.0
20230601,6413010.0,45218080.0,47764380.0,68774100.0,72640830.0,61055170.0,60372280.0,46722530.0,40992410.0,17697000.0,18669000.0,26908000.0,28400000.0,23864000.0,23623000.0,18267000.0,16043000.0
20230602,21161480.0,45971240.0,56147420.0,85433260.0,96418570.0,81242660.0,81356130.0,72759740.0,51484790.0,17839000.0,21761000.0,33147000.0,37390000.0,31510000.0,31558000.0,28184000.0,19970000.0
20230605,-11489330.0,50033160.0,43620110.0,77370140.0,72293870.0,82349550.0,76224390.0,58494820.0,76109310.0,19559000.0,17002000.0,30227000.0,28232000.0,32165000.0,29803000.0,22843000.0,29757000.0
20230606,39187030.0,50480700.0,67913950.0,91314430.0,113068210.0,122104050.0,99574150.0,73216370.0,56559240.0,19332000.0,25978000.0,34954000.0,43280000.0,46696000.0,38091000.0,27999000.0,21633000.0
20230607,-10884840.0,54929720.0,40433130.0,76299330.0,79911080.0,79703970.0,76299040.0,48882840.0,63172610.0,21274000.0,15625000.0,29522000.0,30926000.0,30828000.0,29508000.0,18867000.0,24431000.0
20230608,-8439500.0,38028800.0,28959420.0,58945440.0,59575320.0,51272050.0,44765930.0,16797570.0,31743190.0,14856000.0,11304000.0,23020000.0,23263000.0,20018000.0,17482000.0,6560000.0,12405000.0
20230609,13647980.0,57580040.0,44641930.0,85060780.0,111646860.0,74880110.0,78069240.0,57786460.0,40949350.0,22520000.0,17413000.0,33227000.0,43597000.0,29227000.0,30484000.0,22509000.0,15989000.0
20230612,21816840.0,43844350.0,58087700.0,75087730.0,82661220.0,88262860.0,72742390.0,61053500.0,54757130.0,16824000.0,22272000.0,28806000.0,31701000.0,33852000.0,27904000.0,23409000.0,21013000.0
20230613,-16626700.0,40887090.0,37835830.0,78035650.0,64460210.0,57147550.0,72225180.0,35722300.0,37271370.0,15751000.0,14546000.0,30008000.0,24796000.0,21997000.0,27806000.0,13754000.0,14363000.0
20230614,5832170.0,55035630.0,55052340.0,91853540.0,97668990.0,96145210.0,95983660.0,88842300.0,83171680.0,20870000.0,20855000.0,34822000.0,37016000.0,36440000.0,36380000.0,33643000.0,31525000.0
20230615,47260900.0,94603950.0,115470380.0,172227110.0,198621580.0,206367740.0,200182270.0,189089920.0,148014490.0,34854000.0,42544000.0,63457000.0,73153000.0,76050000.0,73761000.0,69600000.0,54502000.0
20230616,-33370900.0,70603550.0,53771800.0,126167180.0,109628030.0,123676980.0,134833300.0,94227880.0,116442460.0,25961000.0,19738000.0,46354000.0,40264000.0,45408000.0,49508000.0,34573000.0,42787000.0
20230619,-29605270.0,76223840.0,48675800.0,101890510.0,99833280.0,104399890.0,99956990.0,51771520.0,85819690.0,28216000.0,17971000.0,37658000.0,36900000.0,38569000.0,36943000.0,19121000.0,31751000.0
20230620,-22594480.0,64127720.0,45017900.0,88130490.0,84645830.0,74332330.0,81437570.0,46809670.0,62298910.0,24021000.0,16837000.0,32983000.0,31688000.0,27838000.0,30498000.0,17524000.0,23344000.0
20230621,9718260.0,48017100.0,55288390.0,89178830.0,91625790.0,83309270.0,84910590.0,70180910.0,58861330.0,17831000.0,20480000.0,33090000.0,33985000.0,30877000.0,31495000.0,26014000.0,21852000.0
20230626,-14776110.0,63695770.0,44365410.0,81991370.0,86545610.0,72005500.0,80144360.0,50452610.0,57089860.0,24125000.0,16786000.0,31045000.0,32759000.0,27267000.0,30365000.0,19075000.0,21602000.0
20230627,-36379620.0,62740930.0,34729260.0,77524550.0,69156590.0,75366460.0,92033710.0,41408560.0,61120930.0,24184000.0,13371000.0,29877000.0,26624000.0,29026000.0,35459000.0,15942000.0,23575000.0
20230628,-1425010.0,29585480.0,28464880.0,52324660.0,52020260.0,41276670.0,43835730.0,25767510.0,24633460.0,11381000.0,10943000.0,20116000.0,20006000.0,15860000.0,16849000.0,9912000.0,9471000.0
20230629,-27434220.0,55673020.0,25588570.0,58817060.0,61467300.0,59467890.0,63222280.0,40900740.0,64580570.0,21644000.0,9922000.0,22860000.0,23868000.0,23090000.0,24567000.0,15890000.0,25128000.0
20230630,19367490.0,38433200.0,42147140.0,57099360.0,72752900.0,57022990.0,52028090.0,42686940.0,28314350.0,14914000.0,16330000.0,22151000.0,28204000.0,22124000.0,20207000.0,16535000.0,10984000.0
20230703,20393390.0,76631540.0,84783830.0,126647300.0,138888400.0,130375860.0,123838940.0,97675820.0,83819350.0,28859000.0,31961000.0,47745000.0,52339000.0,49133000.0,46696000.0,36828000.0,31569000.0
20230704,25272880.0,65947110.0,75774710.0,119161990.0,134607260.0,137120210.0,132389590.0,104899120.0,84356860.0,24282000.0,27864000.0,43868000.0,49514000.0,50425000.0,48702000.0,38545000.0,31040000.0
20230705,-23888610.0,58450190.0,36395050.0,75370310.0,73536850.0,73635940.0,83323610.0,41877520.0,56078460.0,21820000.0,13578000.0,28122000.0,27442000.0,27467000.0,31091000.0,15624000.0,20922000.0
20230706,2541190.0,43183740.0,44149480.0,72696440.0,74271900.0,60272830.0,70234400.0,48822900.0,36320140.0,16081000.0,16417000.0,27063000.0,27645000.0,22428000.0,26137000.0,18141000.0,13513000.0
20230707,-22032160.0,42914850.0,25421190.0,58406560.0,53868080.0,43325630.0,51416440.0,20388390.0,34329740.0,16178000.0,9577000.0,22009000.0,20298000.0,16324000.0,19375000.0,7681000.0,12941000.0
20230710,-10058420.0,45878330.0,30866560.0,53915120.0,58868460.0,54171050.0,59859290.0,28478750.0,32848930.0,17334000.0,11645000.0,20363000.0,22223000.0,20434000.0,22602000.0,10747000.0,12408000.0
20230711,22510910.0,39020600.0,57380450.0,79287140.0,83438210.0,90957770.0,84520710.0,65167800.0,49093950.0,14578000.0,21420000.0,29600000.0,31142000.0,33922000.0,31521000.0,24305000.0,18322000.0
20230712,-38435610.0,59503460.0,31825230.0,76239730.0,65482350.0,58407890.0,78305570.0,38650630.0,57188560.0,22260000.0,11871000.0,28516000.0,24464000.0,21830000.0,29286000.0,14425000.0,21410000.0
20230713,21805250.0,33237010.0,44706070.0,56655430.0,66991610.0,68235370.0,65068710.0,63213640.0,44575050.0,12435000.0,16707000.0,21184000.0,25048000.0,25505000.0,24336000.0,23630000.0,16663000.0
20230714,-50391310.0,66320960.0,27872950.0,80048180.0,68104880.0,64042110.0,98753650.0,61452680.0,77132450.0,25058000.0,10526000.0,30239000.0,25727000.0,24198000.0,37311000.0,23227000.0,29159000.0
20230717,-3913010.0,41031150.0,30742110.0,58822030.0,65198060.0,59997490.0,57256970.0,48815700.0,55469230.0,15544000.0,11627000.0,22257000.0,24662000.0,22678000.0,21661000.0,18448000.0,20977000.0
20230718,-6308200.0,51309400.0,42953530.0,82283130.0,84330820.0,71828220.0,77066360.0,54972690.0,56042750.0,19415000.0,16216000.0,31104000.0,31887000.0,27151000.0,29150000.0,20786000.0,21203000.0
20230719,-5326270.0,30741650.0,20852150.0,41744100.0,46307330.0,35991430.0,36811790.0,24335440.0,28841350.0,11636000.0,7885000.0,15794000.0,17522000.0,13612000.0,13924000.0,9207000.0,10918000.0
20230720,7349470.0,46569710.0,47733320.0,73611820.0,79797680.0,67908970.0,68942000.0,53188440.0,44805940.0,17492000.0,17879000.0,27630000.0,29927000.0,25435000.0,25849000.0,19920000.0,16820000.0
20230721,-5780880.0,42669230.0,34096060.0,65378670.0,68170950.0,48696230.0,57273430.0,41187740.0,38391420.0,16240000.0,12966000.0,24870000.0,25928000.0,18521000.0,21784000.0,15656000.0,14609000.0
20230724,-34435290.0,65669240.0,29648380.0,77953030.0,79538600.0,59160050.0,74476160.0,46388510.0,65507690.0,25292000.0,11406000.0,30018000.0,30604000.0,22782000.0,28681000.0,17858000.0,25259000.0
20230725,15283110.0,61515220.0,73995110.0,116948110.0,119751320.0,161999430.0,157203240.0,120003020.0,109516100.0,23237000.0,27918000.0,44169000.0,45200000.0,61163000.0,59369000.0,45314000.0,41396000.0
20230726,-35026690.0,47542180.0,24505220.0,61506490.0,49516770.0,41138100.0,56956390.0,22149580.0,41357980.0,18174000.0,9364000.0,23506000.0,18924000.0,15721000.0,21765000.0,8463000.0,15812000.0
20230727,4072080.0,60708500.0,40954940.0,86398440.0,110224080.0,74354810.0,89960350.0,74761300.0,55083680.0,23119000.0,15555000.0,32860000.0,41930000.0,28254000.0,34225000.0,28417000.0,20942000.0
20230728,38913670.0,61866520.0,88166380.0,128151300.0,140765110.0,130877510.0,135829790.0,137527740.0,93661790.0,23452000.0,33301000.0,48454000.0,53166000.0,49500000.0,51336000.0,51902000.0,35506000.0
20230731,36050060.0,85404620.0,95248050.0,161817510.0,188024130.0,189485530.0,183093220.0,150764610.0,121106860.0,31323000.0,34841000.0,59289000.0,68825000.0,69340000.0,67035000.0,55107000.0,44359000.0
20230801,-33678790.0,78185080.0,51464810.0,103566870.0,96608350.0,80995030.0,113854820.0,61159780.0,61978780.0,29055000.0,19100000.0,38487000.0,35864000.0,30073000.0,42320000.0,22725000.0,23057000.0
20230802,-16245380.0,56332850.0,39806420.0,74711930.0,74992980.0,55413740.0,76792370.0,48224420.0,43091170.0,20987000.0,14802000.0,27826000.0,27916000.0,20628000.0,28608000.0,17952000.0,16067000.0
20230803,-4253070.0,39720400.0,27922450.0,46418320.0,53963200.0,41272900.0,50261240.0,49283670.0,44548400.0,14882000.0,10448000.0,17384000.0,20201000.0,15451000.0,18830000.0,18452000.0,16691000.0
20230804,-4903080.0,46377060.0,35804190.0,66117980.0,71787770.0,60586810.0,81145830.0,62743910.0,47087970.0,17328000.0,13365000.0,24687000.0,26804000.0,22618000.0,30303000.0,23420000.0,17581000.0
20230807,-21836430.0,38018530.0,25148140.0,59482000.0,50515960.0,42157750.0,49547480.0,31373490.0,45820190.0,14278000.0,9435000.0,22322000.0,18958000.0,15821000.0,18599000.0,11783000.0,17211000.0
20230808,-39865710.0,62378480.0,33208750.0,72370630.0,61674630.0,58444120.0,68904860.0,48758490.0,78163460.0,23645000.0,12584000.0,27433000.0,23365000.0,22142000.0,26108000.0,18492000.0,29655000.0
20230809,3549010.0,41554350.0,33897050.0,65969350.0,77175660.0,49605450.0,44335940.0,32583320.0,34303820.0,15886000.0,12944000.0,25204000.0,29478000.0,18951000.0,16956000.0,12458000.0,13121000.0
20230810,-1065400.0,37019720.0,34509440.0,47235850.0,48680740.0,47943800.0,45141060.0,25380590.0,29248730.0,14106000.0,13138000.0,17992000.0,18537000.0,18252000.0,17197000.0,9666000.0,11144000.0
20230811,-2964840.0,50912510.0,32055010.0,55029470.0,70922130.0,69431530.0,71083930.0,48745490.0,50057930.0,19562000.0,12301000.0,21140000.0,27240000.0,26660000.0,27300000.0,18723000.0,19243000.0
20230814,-136462990.0,162178660.0,55691800.0,203556190.0,173580050.0,160880970.0,218126240.0,97128160.0,176345880.0,65744000.0,22612000.0,82548000.0,70427000.0,65227000.0,88386000.0,39370000.0,71465000.0
20230815,-14172460.0,57366410.0,37575560.0,84442930.0,90061320.0,86653230.0,82890250.0,51975210.0,69910650.0,23529000.0,15402000.0,34629000.0,36926000.0,35544000.0,33998000.0,21319000.0,28695000.0
20230816,-8476850.0,35062630.0,32716150.0,69418620.0,63288260.0,52380100.0,60656440.0,38485030.0,38685540.0,14369000.0,13391000.0,28421000.0,25915000.0,21438000.0,24842000.0,15751000.0,15831000.0
20230817,-1008500.0,40319100.0,33043380.0,68056970.0,74324200.0,64211090.0,64927320.0,39275680.0,39567950.0,16551000.0,13523000.0,27911000.0,30477000.0,26294000.0,26627000.0,16080000.0,16209000.0
20230818,-39240150.0,69351240.0,29214360.0,78847710.0,79744430.0,55056360.0,78083440.0,35293080.0,51506150.0,28636000.0,12046000.0,32551000.0,32907000.0,22708000.0,32239000.0,14571000.0,21274000.0
20230821,-32571710.0,77991400.0,36394070.0,99597570.0,108623180.0,93495760.0,96935890.0,31168900.0,60300480.0,33003000.0,15392000.0,42119000.0,45941000.0,39556000.0,41007000.0,13201000.0,25539000.0
20230822,-32687630.0,63046800.0,34192710.0,95484120.0,91650580.0,68222750.0,80925170.0,35343640.0,55328850.0,26985000.0,14616000.0,40862000.0,39217000.0,29164000.0,34598000.0,15105000.0,23686000.0
20230823,-27589200.0,52637820.0,27873300.0,66522170.0,63697490.0,46126030.0,58908410.0,22947180.0,37754000.0,22710000.0,12016000.0,28700000.0,27476000.0,19907000.0,25415000.0,9920000.0,16331000.0
20230824,-1832150.0,50710840.0,47400630.0,83898180.0,85376250.0,71006420.0,85295760.0,44557970.0,32100780.0,21641000.0,20241000.0,35817000.0,36464000.0,30332000.0,36397000.0,19021000.0,13708000.0
20230825,-15244420.0,36222650.0,26577330.0,60489340.0,54890230.0,35683130.0,44964650.0,23048580.0,29011480.0,15566000.0,11415000.0,25982000.0,23578000.0,15327000.0,19313000.0,9901000.0,12469000.0
20230828,-9849580.0,58949050.0,49118500.0,105928240.0,105909210.0,84394060.0,97451480.0,69681130.0,66473290.0,24742000.0,20542000.0,44385000.0,44356000.0,35320000.0,40783000.0,29080000.0,27847000.0
20230829,59699350.0,59138220.0,100893320.0,148349950.0,166294190.0,158036110.0,159026260.0,154628320.0,93938820.0,24298000.0,41405000.0,60872000.0,68255000.0,64760000.0,65152000.0,63293000.0,38410000.0
20230830,15706720.0,57169860.0,66552010.0,111808930.0,118133500.0,104273750.0,100617840.0,106608160.0,94557350.0,22912000.0,26660000.0,44812000.0,47340000.0,41781000.0,40315000.0,42682000.0,37872000.0
20230831,-11152940.0,43123710.0,34247010.0,81150170.0,78873930.0,57811140.0,59267080.0,39370880.0,49067880.0,17281000.0,13717000.0,32520000.0,31601000.0,23161000.0,23744000.0,15772000.0,19672000.0
20230901,10243540.0,39341420.0,42774210.0,63418720.0,70229470.0,52762650.0,46029130.0,39421620.0,35911600.0,15730000.0,17070000.0,25349000.0,28032000.0,21036000.0,18348000.0,15657000.0,14322000.0
20230904,20908980.0,44410970.0,54779560.0,71855360.0,82395760.0,65227200.0,66699890.0,61285620.0,38903950.0,17662000.0,21772000.0,28570000.0,32752000.0,25937000.0,26522000.0,24343000.0,15466000.0
20230905,-31094050.0,50409170.0,27423980.0,62476040.0,54367170.0,47720750.0,52264810.0,25885640.0,52435630.0,20160000.0,10961000.0,24988000.0,21735000.0,19074000.0,20899000.0,10348000.0,20976000.0
20230906,9679120.0,34933240.0,34056660.0,46250210.0,56805910.0,57355820.0,45800450.0,26833330.0,28709580.0,13930000.0,13574000.0,18441000.0,22644000.0,22864000.0,18260000.0,10693000.0,11450000.0
20230907,-19289840.0,34967760.0,23307760.0,54767700.0,47137870.0,40975030.0,39460450.0,21055790.0,41860210.0,14034000.0,9351000.0,21981000.0,18918000.0,16444000.0,15838000.0,8454000.0,16806000.0
20230908,-19435750.0,45845770.0,24489770.0,57393110.0,59313360.0,42960330.0,38036460.0,18960710.0,43320330.0,18776000.0,10029000.0,23502000.0,24280000.0,17596000.0,15573000.0,7761000.0,17753000.0
20230911,4563590.0,41431570.0,39959100.0,64073050.0,70109110.0,50409290.0,52026400.0,31756790.0,25576090.0,16902000.0,16264000.0,26136000.0,28572000.0,20553000.0,21232000.0,12923000.0,10445000.0
20230912,30311080.0,41969810.0,71631930.0,90547150.0,91196120.0,84088330.0,77653810.0,83831030.0,59954470.0,16697000.0,28501000.0,36043000.0,36295000.0,33466000.0,30894000.0,33326000.0,23842000.0
20230913,6463530.0,42360650.0,41577060.0,66754420.0,74001540.0,80223600.0,61188730.0,41190530.0,53761870.0,16820000.0,16492000.0,26495000.0,29380000.0,31835000.0,24279000.0,16329000.0,21329000.0
20230914,-26721380.0,86604930.0,46854100.0,114448160.0,127477620.0,102407740.0,104618310.0,68832260.0,93343070.0,35503000.0,19211000.0,46909000.0,52260000.0,41967000.0,42861000.0,28201000.0,38247000.0
20230915,9052330.0,40424170.0,39848800.0,64843080.0,74470780.0,54855240.0,47876720.0,40958730.0,38884920.0,16541000.0,16290000.0,26529000.0,30463000.0,22440000.0,19592000.0,16747000.0,15910000.0
20230918,21918150.0,44436680.0,55054780.0,74887950.0,86188010.0,71418940.0,61229400.0,48841070.0,37112460.0,17901000.0,22143000.0,30138000.0,34684000.0,28747000.0,24637000.0,19620000.0,14941000.0
20230919,1884650.0,34186640.0,29863770.0,53251390.0,59458910.0,41607900.0,35799530.0,24348960.0,28272680.0,13919000.0,12139000.0,21661000.0,24181000.0,16919000.0,14568000.0,9897000.0,11509000.0
20230920,-10432310.0,31253880.0,26814250.0,54278740.0,48286060.0,28126270.0,35049520.0,19608500.0,23117560.0,12780000.0,10963000.0,22194000.0,19747000.0,11501000.0,14330000.0,8022000.0,9457000.0
20230921,-20873160.0,54578670.0,31976690.0,79813620.0,81542440.0,60905580.0,55315250.0,27962750.0,54426240.0,22716000.0,13307000.0,33237000.0,33960000.0,25361000.0,23037000.0,11650000.0,22661000.0
20230922,15434680.0,38302820.0,48481580.0,74282210.0,79538130.0,75492990.0,60625410.0,47563920.0,46996820.0,15745000.0,19916000.0,30521000.0,32676000.0,31017000.0,24897000.0,19480000.0,19275000.0
20230925,8446610.0,25625520.0,27557720.0,62843340.0,69357750.0,49512240.0,42525350.0,21301740.0,19842020.0,10425000.0,11208000.0,25561000.0,28209000.0,20140000.0,17299000.0,8661000.0,8070000.0
20230926,-46934570.0,77484330.0,34899810.0,105584720.0,101234670.0,70089540.0,76622110.0,31451780.0,71853780.0,32260000.0,14532000.0,43936000.0,42166000.0,29169000.0,31869000.0,13097000.0,29895000.0
20230927,4242190.0,46149700.0,34392030.0,58610120.0,74609990.0,47206710.0,47070300.0,28816180.0,24710400.0,19335000.0,14389000.0,24538000.0,31249000.0,19759000.0,19710000.0,12073000.0,10356000.0
20230928,-7469740.0,45208270.0,28886000.0,71541950.0,80394470.0,51865710.0,45916750.0,33471190.0,46889890.0,19061000.0,12166000.0,30161000.0,33887000.0,21854000.0,19335000.0,14095000.0,19783000.0
20231009,8354510.0,39710610.0,36446820.0,66639260.0,78257570.0,55587200.0,64377650.0,54352940.0,37207980.0,16877000.0,15434000.0,28318000.0,33218000.0,23613000.0,27369000.0,22983000.0,15770000.0
20231010,-1274090.0,27782680.0,32350920.0,57351610.0,51509290.0,40886710.0,37563270.0,26463100.0,31060630.0,11654000.0,13562000.0,24051000.0,21596000.0,17141000.0,15751000.0,11091000.0,13028000.0
20231011,-2480310.0,35076720.0,35746790.0,68896430.0,65746040.0,47775290.0,47857310.0,32086860.0,34485150.0,14645000.0,14904000.0,28744000.0,27421000.0,19919000.0,19968000.0,13376000.0,14390000.0
20231012,50359960.0,47024330.0,74426960.0,96371250.0,119328580.0,102706180.0,92470020.0,93058270.0,52934470.0,19327000.0,30580000.0,39605000.0,49028000.0,42212000.0,37994000.0,38197000.0,21739000.0
20231013,-30622590.0,42684670.0,25732100.0,56012110.0,42342090.0,42417430.0,49577800.0,18746980.0,42209200.0,17744000.0,10695000.0,23282000.0,17596000.0,17629000.0,20600000.0,7790000.0,17553000.0
20231016,-29651250.0,40845890.0,22622760.0,66235260.0,54807140.0,37446370.0,47644420.0,12794950.0,32248150.0,17145000.0,9489000.0,27798000.0,22998000.0,15710000.0,20002000.0,5369000.0,13533000.0
20231017,-6454530.0,28403960.0,21181890.0,43133370.0,43900910.0,27100640.0,33901450.0,18285650.0,17939370.0,11950000.0,8897000.0,18145000.0,18464000.0,11391000.0,14254000.0,7678000.0,7548000.0
20231018,83513320.0,92080920.0,127327980.0,188645370.0,236911630.0,230533620.0,221370320.0,253346270.0,178996250.0,37010000.0,51266000.0,75863000.0,95390000.0,92830000.0,89100000.0,102160000.0,72107000.0
20231019,-33920860.0,77118260.0,48282920.0,111577160.0,106491640.0,98634640.0,100703000.0,72259400.0,104111900.0,31722000.0,19860000.0,45845000.0,43784000.0,40502000.0,41335000.0,29684000.0,42775000.0
20231020,13464040.0,44299830.0,43699340.0,61458750.0,75523280.0,55497230.0,53635070.0,43773680.0,32171800.0,18511000.0,18263000.0,25677000.0,31558000.0,23185000.0,22404000.0,18285000.0,13433000.0
20231023,-15354100.0,40341030.0,28764710.0,67505160.0,63727380.0,44567490.0,50674560.0,22365710.0,31612740.0,16981000.0,12100000.0,28404000.0,26809000.0,18747000.0,21321000.0,9404000.0,13306000.0
20231024,-25983630.0,61155130.0,42911520.0,95346810.0,87606790.0,63491360.0,70427680.0,41493360.0,60540670.0,25928000.0,18178000.0,40412000.0,37115000.0,26882000.0,29839000.0,17557000.0,25647000.0
20231025,3423170.0,33568600.0,39958330.0,69185410.0,66218840.0,54424340.0,55204500.0,42207840.0,38004510.0,14091000.0,16756000.0,29037000.0,27783000.0,22841000.0,23168000.0,17708000.0,15969000.0
20231026,-12290010.0,34788810.0,28436410.0,59979960.0,54042370.0,48344860.0,59506170.0,30714310.0,31843010.0,14660000.0,11970000.0,25263000.0,22759000.0,20354000.0,25056000.0,12923000.0,13415000.0
20231027,18265790.0,47376250.0,54893980.0,76203020.0,86951080.0,70812370.0,65725630.0,54671390.0,41492340.0,19637000.0,22747000.0,31588000.0,36032000.0,29341000.0,27235000.0,22640000.0,17192000.0
20231030,14016790.0,50376850.0,51903190.0,82977750.0,95468190.0,69730010.0,75172710.0,81888680.0,62429190.0,20741000.0,21332000.0,34169000.0,39276000.0,28693000.0,30954000.0,33692000.0,25733000.0
20231031,-21366470.0,81550810.0,48137050.0,99854850.0,111902140.0,75382920.0,81036090.0,47692910.0,63406210.0,34080000.0,20130000.0,41724000.0,46772000.0,31484000.0,33834000.0,19917000.0,26469000.0
20231101,-40366570.0,58746600.0,26773910.0,76198530.0,67804660.0,59114590.0,74523900.0,24884130.0,49841390.0,24865000.0,11326000.0,32247000.0,28689000.0,25013000.0,31538000.0,10530000.0,21102000.0
20231102,-16542240.0,51412870.0,28992560.0,69262000.0,75140070.0,53826700.0,55713350.0,27068660.0,41724250.0,21800000.0,12276000.0,29355000.0,31832000.0,22794000.0,23602000.0,11465000.0,17705000.0
20231103,37393940.0,30808180.0,50557380.0,58383890.0,76028630.0,72132260.0,56643240.0,54140910.0,32235990.0,12980000.0,21276000.0,24583000.0,31999000.0,30349000.0,23837000.0,22767000.0,13568000.0
20231106,32247700.0,54434810.0,67966810.0,100023600.0,118739310.0,105427380.0,97326900.0,87377560.0,63230340.0,22508000.0,28090000.0,41366000.0,49077000.0,43582000.0,40228000.0,36092000.0,26152000.0
20231107,-5531640.0,50628340.0,46273960.0,79751080.0,78573820.0,65418200.0,65481560.0,32922600.0,38390880.0,20933000.0,19120000.0,32952000.0,32460000.0,27015000.0,27056000.0,13613000.0,15877000.0
20231108,-25359370.0,38597800.0,25449210.0,76554950.0,64344170.0,53044230.0,67302830.0,23971230.0,35072000.0,16096000.0,10611000.0,31921000.0,26831000.0,22116000.0,28055000.0,9995000.0,14631000.0
20231109,-22317700.0,38464380.0,29402920.0,66108820.0,52852580.0,47234580.0,59087720.0,23262090.0,33726650.0,16085000.0,12288000.0,27632000.0,22091000.0,19744000.0,24701000.0,9721000.0,14103000.0
20231110,-22152630.0,53332000.0,29738250.0,65968320.0,67409450.0,49047350.0,54343910.0,25657730.0,42513800.0,22521000.0,12556000.0,27853000.0,28459000.0,20703000.0,22935000.0,10825000.0,17952000.0
20231113,-19933220.0,39895760.0,27816580.0,61769580.0,53915540.0,39293610.0,47305570.0,23962650.0,35883910.0,16885000.0,11760000.0,26124000.0,22798000.0,16607000.0,20002000.0,10123000.0,15178000.0
20231114,1665650.0,25066520.0,24809430.0,43617800.0,45540530.0,38589480.0,35093450.0,23795690.0,25626070.0,10562000.0,10449000.0,18375000.0,19184000.0,16256000.0,14783000.0,10023000.0,10801000.0
20231115,-14244400.0,34120650.0,28759890.0,65442660.0,56559020.0,50824610.0,57819050.0,34960780.0,42210740.0,14276000.0,12026000.0,27376000.0,23657000.0,21254000.0,24189000.0,14620000.0,17655000.0
20231116,-2892620.0,31636720.0,25464780.0,49605690.0,52885010.0,43444260.0,44022400.0,22438640.0,24753120.0,13273000.0,10676000.0,20799000.0,22174000.0,18215000.0,18460000.0,9403000.0,10380000.0
20231117,-16306710.0,36703080.0,22353270.0,48026380.0,46069490.0,37100980.0,36240370.0,18975570.0,36142890.0,15500000.0,9439000.0,20285000.0,19453000.0,15668000.0,15302000.0,8008000.0,15268000.0
20231120,-21140640.0,45849830.0,28557460.0,62302740.0,58454480.0,47448340.0,54623970.0,24891480.0,38856490.0,19503000.0,12145000.0,26500000.0,24860000.0,20178000.0,23235000.0,10590000.0,16531000.0
20231121,-16853640.0,46499330.0,25988000.0,69153750.0,72811440.0,48428930.0,59771970.0,29621900.0,35132500.0,19789000.0,11042000.0,29410000.0,30966000.0,20594000.0,25424000.0,12593000.0,14953000.0
20231122,-71615000.0,75915040.0,20941540.0,84630810.0,67989310.0,59986490.0,74074490.0,23515540.0,81042540.0,32839000.0,9050000.0,36610000.0,29400000.0,25948000.0,32015000.0,10174000.0,35106000.0
20231123,-17318360.0,54710390.0,35935320.0,76386860.0,77843580.0,69869740.0,75675490.0,41627770.0,53140380.0,23877000.0,15654000.0,33310000.0,33929000.0,30459000.0,33007000.0,18118000.0,23174000.0
20231124,-144982840.0,162622280.0,46975160.0,204398240.0,175062530.0,160818690.0,194265960.0,88441170.0,199976740.0,73970000.0,21347000.0,93099000.0,79799000.0,73289000.0,88400000.0,40301000.0,91114000.0
20231127,-11837610.0,87323380.0,63162170.0,142982420.0,155306010.0,129330490.0,128366120.0,89076920.0,101878900.0,41941000.0,30334000.0,68673000.0,74592000.0,62108000.0,61664000.0,42759000.0,48890000.0
20231128,-14736040.0,53971060.0,42916450.0,92385800.0,88704380.0,74058750.0,79880000.0,35875620.0,44790410.0,25741000.0,20455000.0,44053000.0,42300000.0,35309000.0,38088000.0,17108000.0,21369000.0
20231129,-68965370.0,100401230.0,45630620.0,149822470.0,135627730.0,132116990.0,165384730.0,64149520.0,99847150.0,49273000.0,22397000.0,73558000.0,66570000.0,64892000.0,81210000.0,31524000.0,49070000.0
20231130,-58572540.0,88455080.0,45918380.0,110464320.0,94428480.0,100793150.0,97542210.0,74792350.0,136615830.0,44252000.0,22951000.0,55205000.0,47158000.0,50360000.0,48730000.0,37424000.0,68403000.0
20231201,-42986230.0,118717640.0,77692750.0,107290110.0,105328770.0,99233520.0,106310120.0,54706490.0,90616120.0,60687000.0,39638000.0,54821000.0,53779000.0,50733000.0,54307000.0,27949000.0,46465000.0
20231204,-11894260.0,60143370.0,59678230.0,75602210.0,64173090.0,65275650.0,69592730.0,30707130.0,38284310.0,30539000.0,30278000.0,38372000.0,32568000.0,33126000.0,35331000.0,15576000.0,19437000.0
20231205,9120760.0,81105450.0,91873650.0,96230930.0,94583480.0,72719940.0,70390780.0,52106920.0,45315320.0,40917000.0,46314000.0,48525000.0,47701000.0,36675000.0,35508000.0,26255000.0,22849000.0
20231206,29914670.0,66977900.0,86181710.0,113601360.0,124312220.0,102659780.0,93169610.0,69127940.0,48703440.0,33560000.0,43164000.0,56859000.0,62210000.0,51377000.0,46622000.0,34551000.0,24352000.0
20231207,-14858310.0,55631470.0,55192430.0,73556350.0,59137080.0,49185980.0,55440970.0,26752150.0,35355470.0,28003000.0,27744000.0,36985000.0,29730000.0,24728000.0,27869000.0,13453000.0,17826000.0
20231208,-14956310.0,47440390.0,38828940.0,54103170.0,47758320.0,34151320.0,38182900.0,19011300.0,29936030.0,23829000.0,19493000.0,27166000.0,23979000.0,17149000.0,19173000.0,9556000.0,15055000.0
20231211,-10873680.0,53972250.0,52473820.0,71460270.0,62085030.0,41665680.0,58301210.0,31887440.0,26125590.0,27454000.0,26640000.0,36324000.0,31530000.0,21161000.0,29623000.0,16148000.0,13293000.0
20231212,-21164570.0,48818300.0,34792350.0,54615920.0,47477300.0,34437820.0,48252990.0,19407330.0,26756730.0,24768000.0,17638000.0,27702000.0,24077000.0,17475000.0,24486000.0,9852000.0,13596000.0
20231213,-31439990.0,74540960.0,45029850.0,74105560.0,72176680.0,52751020.0,60414360.0,25667140.0,49443790.0,38581000.0,23314000.0,38351000.0,37363000.0,27309000.0,31266000.0,13294000.0,25591000.0
20231214,-14175930.0,61069120.0,45840100.0,55036340.0,56089440.0,42808600.0,55982300.0,19794630.0,20796860.0,31643000.0,23701000.0,28487000.0,29014000.0,22129000.0,29002000.0,10237000.0,10779000.0
20231215,10982860.0,43273670.0,57861890.0,65634250.0,62028890.0,50346500.0,45635530.0,37400480.0,31128590.0,22426000.0,29961000.0,34004000.0,32125000.0,26068000.0,23633000.0,19344000.0,16123000.0
20231218,-13108770.0,60279600.0,51474400.0,68352760.0,64049190.0,41717100.0,48764630.0,20314850.0,26376090.0,31776000.0,27134000.0,36031000.0,33768000.0,21991000.0,25713000.0,10714000.0,13896000.0
20231219,-6108080.0,43523940.0,33078920.0,47664560.0,52001510.0,34862860.0,37413710.0,22711610.0,26268840.0,23227000.0,17644000.0,25429000.0,27744000.0,18600000.0,19963000.0,12114000.0,14019000.0
20231220,-21237870.0,47656190.0,32882790.0,53440160.0,46975690.0,35255110.0,49107750.0,22167310.0,29552540.0,25532000.0,17601000.0,28644000.0,25161000.0,18865000.0,26302000.0,11884000.0,15860000.0
20231221,15716820.0,58959200.0,71312670.0,78426300.0,81789640.0,66630490.0,60939310.0,45404910.0,35379270.0,31485000.0,38030000.0,41872000.0,43666000.0,35568000.0,32558000.0,24225000.0,18895000.0
20231222,12098350.0,63293040.0,72940210.0,68000920.0,70452110.0,56454850.0,52879820.0,39002170.0,30478850.0,32934000.0,37945000.0,35386000.0,36658000.0,29381000.0,27539000.0,20296000.0,15855000.0
20231225,-2041800.0,33171490.0,29357350.0,33148460.0,34920810.0,23664000.0,28425850.0,13244780.0,10524730.0,17294000.0,15299000.0,17272000.0,18186000.0,12321000.0,14799000.0,6883000.0,5485000.0
20231226,-3235970.0,26512530.0,20316510.0,25102250.0,28062300.0,17625520.0,16061910.0,9768800.0,14568380.0,13888000.0,10638000.0,13148000.0,14695000.0,9229000.0,8410000.0,5116000.0,7638000.0
20231227,-4382220.0,41339590.0,37572690.0,37815910.0,37200580.0,26437910.0,26097500.0,11855210.0,16577840.0,21603000.0,19632000.0,19756000.0,19436000.0,13814000.0,13636000.0,6191000.0,8660000.0
20231228,32513350.0,61007390.0,86586510.0,75770890.0,82705120.0,88061660.0,62638930.0,47457180.0,40366560.0,31059000.0,44135000.0,38612000.0,42155000.0,44920000.0,31927000.0,24187000.0,20561000.0
20231229,-11477350.0,50910800.0,40696920.0,53313420.0,52049940.0,37250000.0,38956910.0,17722770.0,27493210.0,25710000.0,20538000.0,26914000.0,26270000.0,18802000.0,19661000.0,8941000.0,13898000.0
20240102,-30419480.0,75478540.0,50676410.0,72720360.0,67103020.0,44445490.0,64924690.0,28571850.0,38512130.0,38900000.0,26120000.0,37454000.0,34555000.0,22872000.0,33416000.0,14702000.0,19838000.0
20240103,-6893290.0,46771630.0,44589020.0,59953650.0,55242970.0,38391830.0,44036690.0,17292200.0,18540630.0,24343000.0,23169000.0,31195000.0,28743000.0,19966000.0,22926000.0,8983000.0,9648000.0
20240104,-2235170.0,45415320.0,46402250.0,57602890.0,54380800.0,49382840.0,45591130.0,20787150.0,26814030.0,23575000.0,24067000.0,29895000.0,28213000.0,25610000.0,23671000.0,10791000.0,13920000.0
20240105,17245310.0,53533860.0,71189150.0,72465450.0,72055470.0,71764670.0,48741740.0,21019580.0,26797200.0,27540000.0,36547000.0,37255000.0,37022000.0,36831000.0,25072000.0,10776000.0,13761000.0
20240108,-11853760.0,48929480.0,39087030.0,55891500.0,53880190.0,32494980.0,40156630.0,17073430.0,21265540.0,25711000.0,20533000.0,29347000.0,28285000.0,17048000.0,21080000.0,8972000.0,11180000.0
20240109,22664700.0,50576040.0,69836310.0,71400020.0,74804450.0,57711880.0,49616340.0,37086840.0,22517680.0,26195000.0,36123000.0,36980000.0,38716000.0,29854000.0,25690000.0,19157000.0,11657000.0
20240110,-13248230.0,46231400.0,31837280.0,44322430.0,45468300.0,30137830.0,37668880.0,15767260.0,21484440.0,24198000.0,16651000.0,23198000.0,23792000.0,15770000.0,19719000.0,8250000.0,11254000.0
20240111,31434000.0,70666380.0,97668350.0,95936080.0,100368110.0,80060480.0,73503530.0,65372540.0,40495490.0,36228000.0,50051000.0,49219000.0,51429000.0,41003000.0,37669000.0,33412000.0,20713000.0
20240112,2653350.0,39589940.0,42752020.0,57188930.0,56680190.0,45495290.0,39966100.0,28834510.0,31710350.0,20135000.0,21735000.0,29076000.0,28813000.0,23121000.0,20325000.0,14690000.0,16149000.0
20240115,4344950.0,39397490.0,44228880.0,41281350.0,40794900.0,30605660.0,32211530.0,25179470.0,19228650.0,20284000.0,22744000.0,21247000.0,20989000.0,15745000.0,16583000.0,12943000.0,9904000.0
20240116,4051680.0,46638220.0,47193120.0,54400690.0,57897470.0,43476700.0,35816890.0,18880340.0,22488470.0,23945000.0,24198000.0,27904000.0,29700000.0,22285000.0,18375000.0,9674000.0,11536000.0
20240117,-56901450.0,117257000.0,62766390.0,95222850.0,92812000.0,64211020.0,90967850.0,28403570.0,58548190.0,61798000.0,33080000.0,50193000.0,48926000.0,33851000.0,47921000.0,14953000.0,30868000.0
20240118,-6041560.0,70582180.0,64371190.0,69351760.0,69521200.0,51241690.0,53814700.0,23908340.0,27376890.0,37639000.0,34261000.0,36930000.0,37032000.0,27298000.0,28696000.0,12724000.0,14602000.0
20240119,-1019770.0,58926280.0,51047130.0,51014180.0,57873560.0,31267740.0,31154810.0,12889620.0,14022320.0,30950000.0,26787000.0,26793000.0,30402000.0,16402000.0,16351000.0,6759000.0,7365000.0
20240122,-18146800.0,85330820.0,69454770.0,80190590.0,77919840.0,63009390.0,60896570.0,20206280.0,40465900.0,45348000.0,36855000.0,42650000.0,41373000.0,33498000.0,32437000.0,10743000.0,21575000.0
20240123,-3588050.0,65010360.0,57829230.0,67790790.0,71383880.0,42105920.0,55903280.0,32298980.0,22089670.0,34735000.0,30864000.0,36235000.0,38118000.0,22485000.0,29886000.0,17271000.0,11858000.0
20240124,-9771510.0,68899810.0,55811070.0,57505000.0,60822240.0,39760850.0,41078270.0,14372270.0,22826360.0,36928000.0,29857000.0,30781000.0,32553000.0,21265000.0,21997000.0,7667000.0,12234000.0
20240125,7566900.0,63773680.0,65301210.0,73077000.0,79116370.0,69477340.0,70653010.0,40753830.0,32011260.0,33780000.0,34523000.0,38677000.0,41869000.0,36725000.0,37409000.0,21587000.0,16967000.0
20240126,-26160670.0,69172470.0,55299160.0,78252660.0,65965310.0,50988380.0,60823890.0,17644310.0,33969470.0,37097000.0,29634000.0,41956000.0,35365000.0,27340000.0,32627000.0,9462000.0,18228000.0
20240129,-36604120.0,88501940.0,56020610.0,89271720.0,85148920.0,56833140.0,76360350.0,30132020.0,47208930.0,48790000.0,30940000.0,49267000.0,46963000.0,31336000.0,42085000.0,16648000.0,26055000.0
20240130,-44065220.0,87408680.0,63646540.0,115798630.0,95495550.0,81008240.0,103744050.0,45386140.0,66715550.0,50572000.0,36783000.0,66975000.0,55234000.0,46877000.0,60074000.0,26338000.0,38670000.0
20240131,-2508040.0,59434870.0,55988190.0,73850170.0,74788820.0,57396060.0,56831520.0,24835270.0,27907850.0,34583000.0,32532000.0,42968000.0,43494000.0,33369000.0,33080000.0,14449000.0,16262000.0
20240201,-7845510.0,54591450.0,55030870.0,73775920.0,65490990.0,42188100.0,47467510.0,29087490.0,31653590.0,31918000.0,32143000.0,43090000.0,38264000.0,24647000.0,27752000.0,16995000.0,18492000.0
20240202,-29519050.0,70448930.0,46515690.0,82848560.0,77262760.0,53766550.0,69307850.0,41468580.0,55446330.0,41896000.0,27642000.0,49292000.0,45972000.0,32047000.0,41268000.0,24757000.0,33109000.0
20240205,-12931160.0,84254290.0,76665460.0,108359470.0,103017130.0,84103570.0,78357320.0,35544520.0,54221930.0,50288000.0,45664000.0,64664000.0,61431000.0,50083000.0,46748000.0,21181000.0,32373000.0
20240206,15579920.0,75156910.0,94072280.0,99997170.0,96661720.0,81248790.0,67367990.0,49060680.0,47361560.0,43399000.0,54250000.0,57687000.0,55750000.0,46860000.0,38868000.0,28244000.0,27321000.0
20240207,-2230330.0,79989100.0,81207110.0,101287340.0,97839000.0,68242440.0,70130010.0,38521020.0,38863780.0,44450000.0,45114000.0,56304000.0,54389000.0,37901000.0,38981000.0,21439000.0,21609000.0
20240208,5833770.0,60898000.0,68681640.0,74466400.0,72516530.0,51734500.0,46892310.0,29752020.0,28760440.0,33497000.0,37753000.0,40950000.0,39875000.0,28440000.0,25787000.0,16359000.0,15830000.0
20240219,2966260.0,51927950.0,53057990.0,76544870.0,78381090.0,70036450.0,59696130.0,20732680.0,28106740.0,28355000.0,28957000.0,41799000.0,42794000.0,38232000.0,32591000.0,11302000.0,15344000.0
20240220,-20986940.0,67768590.0,45710040.0,68683840.0,69755460.0,41918850.0,55281370.0,24010720.0,31635140.0,37964000.0,25592000.0,38464000.0,39081000.0,23471000.0,30968000.0,13459000.0,17716000.0
20240221,17961570.0,67692510.0,83032960.0,80475750.0,83096870.0,77915180.0,66440060.0,43950650.0,37464200.0,37023000.0,45418000.0,44049000.0,45459000.0,42614000.0,36332000.0,24006000.0,20483000.0
20240222,-17386120.0,43511430.0,36219350.0,53407820.0,43313790.0,36992110.0,47428740.0,13774970.0,20724460.0,23843000.0,19842000.0,29252000.0,23726000.0,20267000.0,25976000.0,7544000.0,11362000.0
20240223,-4208280.0,48811870.0,44010080.0,52449510.0,53043030.0,41924100.0,42735230.0,22882750.0,26279900.0,26820000.0,24155000.0,28801000.0,29121000.0,23006000.0,23465000.0,12548000.0,14434000.0
20240226,8915000.0,74335550.0,81900510.0,86628100.0,87978130.0,80091880.0,73297020.0,50242710.0,48122570.0,39706000.0,43709000.0,46230000.0,46960000.0,42716000.0,39118000.0,26810000.0,25674000.0
20240227,51004620.0,78956460.0,112191740.0,107611030.0,125380380.0,114155000.0,93130930.0,95087700.0,65107150.0,41192000.0,58489000.0,56105000.0,65375000.0,59523000.0,48562000.0,49523000.0,33918000.0
20240228,-40809150.0,100780040.0,70007380.0,100950250.0,90913760.0,70122670.0,92785050.0,50510240.0,68657010.0,52694000.0,36513000.0,52726000.0,47450000.0,36561000.0,48435000.0,26311000.0,35893000.0
20240229,9532830.0,55898290.0,63615630.0,74597910.0,76413410.0,65245950.0,62698090.0,36649410.0,29664440.0,29462000.0,33495000.0,39294000.0,40236000.0,34345000.0,33017000.0,19262000.0,15615000.0
20240301,-9656670.0,64523850.0,55488970.0,76794530.0,76172750.0,55788390.0,67488150.0,36504360.0,34461270.0,33746000.0,29006000.0,40158000.0,39828000.0,29166000.0,35298000.0,19089000.0,18027000.0
20240304,-40057840.0,69203450.0,45551860.0,85896880.0,69490630.0,58736400.0,73039020.0,26283280.0,52038500.0,36580000.0,24068000.0,45388000.0,36714000.0,31025000.0,38590000.0,13873000.0,27493000.0
20240305,-16615620.0,79788320.0,67178730.0,90868610.0,86862580.0,66675730.0,64878000.0,45279750.0,63693100.0,42283000.0,35536000.0,48117000.0,45955000.0,35251000.0,34385000.0,23974000.0,33748000.0
20240306,4287740.0,52174370.0,58715570.0,61581560.0,59328100.0,53713890.0,48608410.0,24012990.0,24830730.0,27294000.0,30689000.0,32193000.0,31025000.0,28072000.0,25412000.0,12540000.0,12975000.0
20240307,-12584340.0,57047090.0,45261220.0,62517950.0,61719470.0,46972880.0,47373850.0,27057400.0,39240770.0,29867000.0,23671000.0,32711000.0,32284000.0,24569000.0,24798000.0,14180000.0,20574000.0
20240308,-3634050.0,39419620.0,32001370.0,35848510.0,39632720.0,31766840.0,34777630.0,19364360.0,19987620.0,20944000.0,16993000.0,19045000.0,21049000.0,16878000.0,18478000.0,10283000.0,10629000.0
20240311,67358520.0,98399800.0,147148100.0,151612360.0,170222580.0,170356830.0,136637830.0,123703650.0,90064130.0,50255000.0,75212000.0,77390000.0,87014000.0,87147000.0,69824000.0,63288000.0,46029000.0
20240312,-505780.0,90118720.0,93873350.0,157399640.0,153139240.0,139896290.0,156478410.0,108467790.0,92391450.0,44668000.0,46411000.0,77695000.0,75616000.0,69121000.0,77270000.0,53545000.0,45732000.0
20240313,1871810.0,72498600.0,59193350.0,108920460.0,124097520.0,111169580.0,116150250.0,76595310.0,69742830.0,34954000.0,28507000.0,52476000.0,59779000.0,53514000.0,55954000.0,36869000.0,33574000.0
20240314,11082540.0,75693780.0,75674670.0,128832010.0,139933660.0,124535190.0,135406720.0,120647640.0,98693570.0,35579000.0,35549000.0,60551000.0,65751000.0,58520000.0,63631000.0,56702000.0,46421000.0
20240315,-18181730.0,58478680.0,46188890.0,104092580.0,98200650.0,79452030.0,87153700.0,63771780.0,74251840.0,28063000.0,22145000.0,49934000.0,47084000.0,38082000.0,41787000.0,30549000.0,35611000.0
20240318,33175160.0,56527950.0,75130490.0,128099770.0,142672390.0,125522110.0,131049070.0,114938760.0,76236640.0,26201000.0,34806000.0,59354000.0,66116000.0,58193000.0,60725000.0,53234000.0,35335000.0
20240319,-12429250.0,60710410.0,49033890.0,109901080.0,109148360.0,96465500.0,94838340.0,52394620.0,66451030.0,27958000.0,22544000.0,50570000.0,50215000.0,44339000.0,43627000.0,24105000.0,30587000.0
20240320,-1354630.0,38574490.0,39528520.0,75979840.0,73671170.0,62303770.0,61362390.0,35002940.0,37298950.0,17635000.0,18057000.0,34716000.0,33661000.0,28464000.0,28042000.0,15991000.0,17045000.0
20240321,5242100.0,34399500.0,32785080.0,64920900.0,71777420.0,52793780.0,52282510.0,41775930.0,37045100.0,15741000.0,14989000.0,29696000.0,32820000.0,24142000.0,23914000.0,19088000.0,16945000.0
20240322,-11901970.0,41557880.0,35271310.0,80832080.0,75216670.0,56528730.0,60991860.0,47760970.0,55199810.0,19194000.0,16284000.0,37321000.0,34727000.0,26103000.0,28163000.0,22054000.0,25497000.0
20240325,-26590650.0,52589230.0,27964130.0,75909990.0,73944440.0,50413050.0,62439610.0,34477980.0,49042070.0,24423000.0,12975000.0,35253000.0,34331000.0,23419000.0,28996000.0,16014000.0,22808000.0
20240326,28178600.0,41576810.0,56909280.0,97727640.0,110573770.0,86959180.0,67888910.0,60144640.0,51036310.0,19085000.0,26093000.0,44839000.0,50720000.0,39864000.0,31133000.0,27558000.0,23400000.0
20240327,-42382160.0,86955250.0,46955510.0,137101820.0,134719400.0,107801790.0,122297970.0,73950460.0,101836440.0,40493000.0,21824000.0,63732000.0,62694000.0,50180000.0,56892000.0,34444000.0,47439000.0
20240328,-17073520.0,70646520.0,51613670.0,119862670.0,121822000.0,90269260.0,91696170.0,51939070.0,67585680.0,33870000.0,24709000.0,57416000.0,58345000.0,43264000.0,43959000.0,24885000.0,32422000.0
20240329,-21880140.0,66332030.0,40386570.0,107035430.0,111100740.0,73872830.0,76817930.0,40097770.0,59032810.0,32635000.0,19884000.0,52676000.0,54728000.0,36339000.0,37746000.0,19731000.0,29024000.0
20240401,7049220.0,49123330.0,64689470.0,115747410.0,107230500.0,90124130.0,81216450.0,44572310.0,46430770.0,23412000.0,30843000.0,55200000.0,51132000.0,43028000.0,38723000.0,21270000.0,22211000.0
20240402,-14444470.0,52336650.0,41945190.0,87290980.0,83237980.0,62665230.0,67824010.0,27877050.0,37162740.0,24494000.0,19590000.0,40797000.0,38909000.0,29281000.0,31702000.0,13013000.0,17384000.0
20240403,-15496250.0,44315440.0,27646200.0,61764870.0,62937870.0,44185720.0,46207250.0,24449890.0,37924610.0,21213000.0,13228000.0,29560000.0,30122000.0,21153000.0,22125000.0,11709000.0,18160000.0
20240408,9521100.0,43562440.0,54206470.0,101988330.0,100865400.0,78048970.0,72470140.0,48627420.0,44685150.0,20524000.0,25507000.0,48033000.0,47506000.0,36780000.0,34141000.0,22891000.0,21073000.0
20240409,1935830.0,40121170.0,38358370.0,70153580.0,73852210.0,48670040.0,43079600.0,20180840.0,23835450.0,18865000.0,18028000.0,32987000.0,34719000.0,22879000.0,20247000.0,9477000.0,11215000.0
20240410,-373460.0,29470900.0,27164680.0,54825440.0,56758210.0,46966670.0,40330640.0,22474540.0,29484030.0,13898000.0,12786000.0,25831000.0,26736000.0,22107000.0,18994000.0,10575000.0,13894000.0
20240411,6232240.0,48000720.0,52295020.0,80245370.0,82183310.0,58326750.0,54399210.0,26471640.0,24166940.0,22769000.0,24759000.0,38023000.0,38921000.0,27576000.0,25740000.0,12486000.0,11434000.0
20240412,5090510.0,51927410.0,46440490.0,83179300.0,93756740.0,67850520.0,63375690.0,42379870.0,41764190.0,24387000.0,21727000.0,38983000.0,43901000.0,31739000.0,29657000.0,19810000.0,19633000.0
20240415,8986070.0,45229690.0,44570430.0,80879400.0,90524740.0,62732600.0,61099650.0,53021840.0,45668720.0,21203000.0,20880000.0,37898000.0,42424000.0,29387000.0,28636000.0,24844000.0,21392000.0
20240416,-12250560.0,47216590.0,35630910.0,74782300.0,74117430.0,59098060.0,62451720.0,28001510.0,36898410.0,22232000.0,16748000.0,35164000.0,34850000.0,27773000.0,29370000.0,13155000.0,17356000.0
20240417,2963830.0,34027540.0,39040730.0,84346800.0,82297450.0,53510630.0,48274030.0,32792620.0,35065390.0,16132000.0,18483000.0,39949000.0,38968000.0,25321000.0,22862000.0,15519000.0,16609000.0
20240418,2676410.0,53999350.0,50103520.0,105671830.0,112244070.0,76008920.0,79447300.0,50697850.0,44583060.0,25286000.0,23437000.0,49446000.0,52494000.0,35547000.0,37156000.0,23719000.0,20911000.0
20240419,-29007590.0,64239530.0,42536120.0,90112300.0,82808120.0,52217690.0,59417010.0,27681710.0,49489980.0,30639000.0,20281000.0,42998000.0,39501000.0,24924000.0,28346000.0,13209000.0,23642000.0
20240422,-10087360.0,35963100.0,21138690.0,49284510.0,54021560.0,35510950.0,43646700.0,14603040.0,16554650.0,17197000.0,10096000.0,23548000.0,25818000.0,16972000.0,20861000.0,6978000.0,7919000.0
20240423,-11328930.0,44398980.0,29150970.0,67136800.0,71055880.0,40954110.0,46449920.0,26863490.0,32696610.0,21613000.0,14186000.0,32684000.0,34589000.0,19931000.0,22611000.0,13072000.0,15914000.0
20240424,-2497060.0,31375960.0,25637890.0,57311120.0,60552120.0,41768900.0,46433990.0,24242410.0,22074380.0,15226000.0,12413000.0,27789000.0,29354000.0,20234000.0,22511000.0,11730000.0,10701000.0
20240425,26750430.0,31271650.0,35916980.0,57255240.0,79360340.0,77354340.0,53456120.0,32130830.0,29278620.0,14959000.0,17171000.0,27389000.0,37952000.0,36990000.0,25562000.0,15346000.0,13998000.0
20240426,67766950.0,78229760.0,98811690.0,142884230.0,190069240.0,180582150.0,156507510.0,148533090.0,104840780.0,36051000.0,45570000.0,65846000.0,87574000.0,83206000.0,72091000.0,68351000.0,48220000.0
20240429,-1106260.0,71927500.0,75709590.0,130995840.0,126107480.0,110088940.0,110763030.0,112667730.0,113099900.0,32389000.0,34059000.0,58987000.0,56765000.0,49548000.0,49859000.0,50752000.0,50994000.0
20240430,14600090.0,47694760.0,37465970.0,77178990.0,102007870.0,73488110.0,65771990.0,55844440.0,48960470.0,21695000.0,17022000.0,35088000.0,46374000.0,33399000.0,29882000.0,25377000.0,22282000.0
20240506,6472240.0,70287170.0,66998550.0,124492560.0,134253430.0,115909380.0,117744050.0,111952740.0,103645830.0,31044000.0,29593000.0,55026000.0,59313000.0,51245000.0,52032000.0,49464000.0,45841000.0
20240507,23522860.0,55237360.0,62680100.0,91153000.0,107233120.0,91261300.0,90760710.0,92484780.0,69462510.0,24123000.0,27369000.0,39812000.0,46814000.0,39848000.0,39643000.0,40408000.0,30364000.0
20240508,-9712570.0,42917740.0,31256810.0,66041260.0,67989630.0,58841060.0,57870000.0,39267320.0,49950950.0,18896000.0,13749000.0,29063000.0,29921000.0,25897000.0,25470000.0,17276000.0,21992000.0
20240509,8136660.0,32610800.0,29204380.0,51960630.0,63503720.0,52213460.0,53327690.0,42864220.0,33613330.0,14347000.0,12844000.0,22852000.0,27929000.0,22962000.0,23449000.0,18847000.0,14785000.0
20240510,3686750.0,28824230.0,32679700.0,63122760.0,62954050.0,61864370.0,51739630.0,29571440.0,36009430.0,12677000.0,14361000.0,27750000.0,27672000.0,27193000.0,22747000.0,12993000.0,15833000.0
20240513,-25845890.0,54964190.0,25208650.0,59913290.0,63822940.0,43614560.0,59516020.0,27258650.0,37203080.0,24385000.0,11181000.0,26607000.0,28320000.0,19368000.0,26431000.0,12121000.0,16548000.0
20240514,-11626980.0,36042330.0,25730090.0,52114840.0,50800100.0,35315790.0,38478570.0,18021380.0,26485580.0,15956000.0,11379000.0,23069000.0,22473000.0,15621000.0,17035000.0,7973000.0,11731000.0
20240515,-36612550.0,54221010.0,29258360.0,83103640.0,71453740.0,53063110.0,66245720.0,30105900.0,53535840.0,24536000.0,13236000.0,37593000.0,32300000.0,23975000.0,29960000.0,13630000.0,24238000.0
20240516,-18423790.0,36886260.0,29845180.0,73349570.0,61966880.0,46264380.0,55220030.0,33616350.0,43084490.0,16917000.0,13678000.0,33622000.0,28407000.0,21205000.0,25321000.0,15413000.0,19751000.0
20240517,5446500.0,28854970.0,29247790.0,64474550.0,69528240.0,42784410.0,39508800.0,20349980.0,18179090.0,13189000.0,13360000.0,29457000.0,31770000.0,19543000.0,18047000.0,9298000.0,8309000.0
20240520,4908270.0,30108740.0,35536970.0,62843210.0,62323240.0,46084160.0,47302690.0,29817330.0,23690530.0,13548000.0,15983000.0,28270000.0,28034000.0,20733000.0,21286000.0,13407000.0,10656000.0
20240521,-6244240.0,42153120.0,31052370.0,57904750.0,62761260.0,42132810.0,46241860.0,41671250.0,43806440.0,19277000.0,14200000.0,26479000.0,28701000.0,19267000.0,21138000.0,19058000.0,20042000.0
20240522,-1515630.0,40535460.0,30119250.0,60319010.0,69219590.0,48516440.0,49047280.0,42261670.0,43246460.0,18707000.0,13892000.0,27829000.0,31923000.0,22382000.0,22626000.0,19480000.0,19957000.0
20240523,222870.0,32534030.0,22346660.0,42554640.0,52964870.0,39936710.0,36616710.0,18625240.0,21722370.0,15167000.0,10413000.0,19833000.0,24682000.0,18608000.0,17065000.0,8679000.0,10127000.0
20240524,-20365340.0,54084650.0,34621210.0,76185930.0,75284040.0,52203280.0,50821380.0,34211270.0,55958510.0,25673000.0,16430000.0,36168000.0,35730000.0,24785000.0,24120000.0,16250000.0,26595000.0
20240527,-4384570.0,37309100.0,31614500.0,60552480.0,61862510.0,42710360.0,40189570.0,17474240.0,24379600.0,17960000.0,15216000.0,29137000.0,29775000.0,20544000.0,19328000.0,8405000.0,11726000.0
20240528,-1666160.0,28813000.0,27579890.0,46398200.0,45965140.0,31415220.0,32034240.0,19884840.0,20931980.0,13885000.0,13286000.0,22354000.0,22143000.0,15132000.0,15434000.0,9575000.0,10083000.0
20240529,53144900.0,91352400.0,122794410.0,184768710.0,206471600.0,209591860.0,196033430.0,177603550.0,138017080.0,41775000.0,56144000.0,84369000.0,94309000.0,95396000.0,89263000.0,81107000.0,62932000.0
20240530,17252320.0,65313690.0,84493040.0,153005550.0,151078500.0,153479430.0,155198490.0,135277610.0,116306230.0,28846000.0,37276000.0,67553000.0,66675000.0,67749000.0,68488000.0,59643000.0,51353000.0
20240531,27679470.0,55666370.0,66004080.0,117608390.0,134950150.0,124190210.0,129719850.0,128975080.0,95765970.0,24208000.0,28689000.0,51137000.0,58666000.0,54001000.0,56388000.0,56084000.0,41688000.0
20240603,21722070.0,89218180.0,108270400.0,181810440.0,184480290.0,185462240.0,177378760.0,180554510.0,166915920.0,37834000.0,45871000.0,77126000.0,78233000.0,78709000.0,75300000.0,76478000.0,70742000.0
20240604,-18258850.0,68151540.0,52683720.0,126976950.0,124185930.0,113317430.0,112678780.0,66021270.0,84918770.0,28668000.0,22143000.0,53388000.0,52209000.0,47627000.0,47370000.0,27745000.0,35707000.0
20240605,-10235040.0,76480300.0,69011150.0,146866880.0,144100980.0,138540470.0,139675310.0,111330750.0,120430950.0,31449000.0,28338000.0,60370000.0,59196000.0,56917000.0,57375000.0,45698000.0,49525000.0
20240606,-15664730.0,80224310.0,64625060.0,127706230.0,127640760.0,122388940.0,118787320.0,92464000.0,111730350.0,33392000.0,26855000.0,53120000.0,53083000.0,50897000.0,49422000.0,38457000.0,46506000.0
20240607,-17527270.0,80370480.0,62195600.0,125301170.0,125948780.0,116997470.0,133290160.0,107752020.0,108986600.0,34145000.0,26335000.0,53140000.0,53409000.0,49618000.0,56552000.0,45691000.0,46298000.0
20240611,44806200.0,77372580.0,98822250.0,160649540.0,184006080.0,155343700.0,142939300.0,145261980.0,112860180.0,31843000.0,40640000.0,66107000.0,75710000.0,63886000.0,58827000.0,59761000.0,46420000.0
20240612,43618610.0,69262290.0,97508680.0,142076350.0,157448570.0,136410220.0,118364620.0,109576340.0,84003330.0,28418000.0,39933000.0,58233000.0,64519000.0,55849000.0,48468000.0,44832000.0,34413000.0
20240613,46063010.0,91699020.0,105115690.0,166291200.0,198937540.0,250630580.0,251655620.0,233718720.0,186630670.0,36109000.0,41424000.0,65508000.0,78415000.0,98723000.0,99138000.0,92180000.0,73543000.0
20240614,-13604340.0,103570630.0,72626810.0,148378500.0,165717980.0,143948540.0,161979660.0,110713240.0,106286460.0,41436000.0,29015000.0,59343000.0,66263000.0,57533000.0,64757000.0,44298000.0,42575000.0
20240617,49222010.0,66215760.0,81650320.0,144281210.0,178068660.0,172505990.0,169829010.0,154148300.0,107603270.0,25743000.0,31713000.0,56070000.0,69171000.0,67021000.0,65966000.0,59815000.0,41799000.0
20240618,-20294050.0,61858630.0,40492660.0,90749960.0,91821880.0,91874460.0,108059640.0,83766490.0,87875360.0,24279000.0,15881000.0,35607000.0,36022000.0,36035000.0,42397000.0,32869000.0,34489000.0
20240619,4348050.0,45224320.0,43244840.0,69262520.0,75590040.0,72681750.0,75673670.0,65743150.0,58403180.0,17732000.0,16937000.0,27144000.0,29611000.0,28472000.0,29643000.0,25761000.0,22917000.0
20240620,-24733510.0,67484380.0,44511220.0,78065260.0,76304900.0,94832970.0,94265120.0,51727290.0,77028650.0,26849000.0,17695000.0,31056000.0,30350000.0,37722000.0,37492000.0,20573000.0,30664000.0
20240621,-20171390.0,59760350.0,50780090.0,87810710.0,76619580.0,81207000.0,76548830.0,62830500.0,87660060.0,23864000.0,20238000.0,35042000.0,30552000.0,32370000.0,30527000.0,25055000.0,35013000.0
20240624,-938920.0,48271830.0,47817300.0,86680930.0,86196530.0,82305190.0,81759440.0,54694940.0,56179610.0,19253000.0,19049000.0,34576000.0,34360000.0,32793000.0,32596000.0,21801000.0,22418000.0
20240625,38063640.0,64798410.0,91019380.0,141503070.0,153345740.0,146695970.0,147985170.0,146858740.0,107505900.0,25396000.0,35619000.0,55444000.0,60044000.0,57441000.0,57935000.0,57466000.0,42148000.0
20240626,-5696460.0,54338610.0,54964920.0,82477120.0,76154350.0,79486310.0,79047990.0,65141480.0,71276260.0,21622000.0,21833000.0,32803000.0,30271000.0,31607000.0,31434000.0,25884000.0,28378000.0
20240627,-4935300.0,46198590.0,39472760.0,62608840.0,64399360.0,51774130.0,53348720.0,46845590.0,50206300.0,18466000.0,15769000.0,25026000.0,25739000.0,20690000.0,21324000.0,18729000.0,20079000.0
20240628,9810710.0,40663540.0,46095380.0,74870960.0,79249840.0,70532090.0,61351680.0,46385500.0,45755200.0,16275000.0,18417000.0,29953000.0,31686000.0,28200000.0,24535000.0,18554000.0,18344000.0
20240701,-23538530.0,68104360.0,46718850.0,101876770.0,99723760.0,83131180.0,93879580.0,64850480.0,77640610.0,27711000.0,18948000.0,41419000.0,40528000.0,33775000.0,38178000.0,26368000.0,31619000.0
20240702,-18681390.0,51138060.0,36682710.0,79044100.0,74818060.0,69598010.0,65652930.0,51752460.0,74378930.0,20871000.0,14946000.0,32249000.0,30510000.0,28396000.0,26789000.0,21110000.0,30382000.0
20240703,-13444280.0,49009350.0,41497610.0,78511340.0,72578800.0,62396000.0,65915920.0,44147850.0,54072210.0,20225000.0,17098000.0,32402000.0,29933000.0,25735000.0,27198000.0,18212000.0,22345000.0
20240704,156610.0,42650860.0,50317810.0,84629460.0,77119120.0,73655950.0,67695930.0,43982920.0,49786330.0,17284000.0,20368000.0,34308000.0,31225000.0,29813000.0,27412000.0,17790000.0,20192000.0
20240705,-13601330.0,51898130.0,42997420.0,78986280.0,74285660.0,55968940.0,66388070.0,43968790.0,47150990.0,21520000.0,17811000.0,32732000.0,30775000.0,23188000.0,27514000.0,18224000.0,19565000.0
20240708,6793080.0,40706970.0,56926700.0,102054910.0,92628270.0,75766130.0,69873290.0,40595980.0,39695740.0,16560000.0,23137000.0,41502000.0,37659000.0,30809000.0,28417000.0,16504000.0,16162000.0
20240709,24437340.0,53251400.0,75646510.0,115848240.0,117890470.0,112699800.0,98038990.0,68890430.0,59113900.0,21389000.0,30393000.0,46567000.0,47321000.0,45215000.0,39351000.0,27591000.0,23697000.0
20240710,1217300.0,43298080.0,43363560.0,80682150.0,81833970.0,91697700.0,82573410.0,61113440.0,69020430.0,17104000.0,17112000.0,31864000.0,32301000.0,36199000.0,32595000.0,24116000.0,27274000.0
20240711,8630400.0,42031030.0,40817510.0,69684890.0,79528820.0,84743170.0,73988440.0,58205440.0,60329770.0,16577000.0,16079000.0,27464000.0,31341000.0,33396000.0,29146000.0,22923000.0,23793000.0
20240712,25153460.0,75560650.0,89673790.0,133570120.0,144610430.0,160283000.0,149470000.0,119785110.0,105444650.0,29207000.0,34659000.0,51572000.0,55878000.0,61867000.0,57689000.0,46217000.0,40636000.0
20240715,-24067000.0,52807800.0,38431250.0,85756560.0,76066100.0,70060730.0,76753860.0,50417270.0,67791140.0,20126000.0,14642000.0,32679000.0,28981000.0,26694000.0,29250000.0,19216000.0,25843000.0
20240716,-24836250.0,63555800.0,42910770.0,103084400.0,98893180.0,83769620.0,85328470.0,53922790.0,77200190.0,24563000.0,16577000.0,39823000.0,38200000.0,32366000.0,32965000.0,20835000.0,29846000.0
20240717,105270.0,43560080.0,42801400.0,92904770.0,93768730.0,68893750.0,79985240.0,67273540.0,56076780.0,16823000.0,16508000.0,35854000.0,36181000.0,26584000.0,30860000.0,25930000.0,21643000.0
20240718,9249280.0,38599350.0,47214280.0,84834710.0,85469050.0,83034940.0,68530260.0,42275180.0,47530580.0,14801000.0,18090000.0,32514000.0,32755000.0,31815000.0,26267000.0,16192000.0,18210000.0
20240719,-1373160.0,61831090.0,64175230.0,126788490.0,123071180.0,94250100.0,98907460.0,76462380.0,73178180.0,23473000.0,24330000.0,48049000.0,46644000.0,35708000.0,37502000.0,28984000.0,27738000.0
20240722,-9546400.0,56054670.0,47383430.0,84446520.0,83571340.0,71499590.0,75060680.0,56886660.0,62871970.0,21030000.0,17757000.0,31666000.0,31324000.0,26778000.0,28109000.0,21276000.0,23558000.0
20240723,-68715150.0,102221120.0,47621040.0,133899080.0,119784000.0,119252840.0,137190500.0,76455340.0,127232830.0,39562000.0,18441000.0,51898000.0,46385000.0,46271000.0,53139000.0,29680000.0,49445000.0
20240724,-28348590.0,68098560.0,46696220.0,107548510.0,100602260.0,73397530.0,81322570.0,48609850.0,69033400.0,27155000.0,18626000.0,42895000.0,40125000.0,29225000.0,32390000.0,19365000.0,27499000.0
20240725,8954320.0,48394440.0,46470070.0,81830430.0,92709120.0,73318880.0,68356650.0,49852090.0,45860000.0,19325000.0,18536000.0,32669000.0,37011000.0,29241000.0,27268000.0,19869000.0,18289000.0
20240726,20785140.0,45701810.0,51013040.0,93361830.0,108835740.0,97062430.0,95630570.0,81897430.0,62544150.0,17974000.0,20027000.0,36688000.0,42760000.0,38072000.0,37530000.0,32109000.0,24524000.0
20240729,-14859040.0,46334350.0,32180670.0,68687940.0,67982580.0,50760140.0,51234630.0,30282570.0,44667120.0,18642000.0,12933000.0,27623000.0,27338000.0,20414000.0,20602000.0,12180000.0,17986000.0
20240730,-21982660.0,62231590.0,40567540.0,88429980.0,88111380.0,64372160.0,61142960.0,53572010.0,78783870.0,25578000.0,16670000.0,36351000.0,36210000.0,26458000.0,25113000.0,22006000.0,32401000.0
20240731,16125870.0,38870360.0,46025560.0,74026290.0,82996950.0,60307730.0,47009490.0,42146080.0,39318450.0,15799000.0,18691000.0,30078000.0,33719000.0,24493000.0,19103000.0,17121000.0,15977000.0
20240801,-6843600.0,59553160.0,48358740.0,82461810.0,86812640.0,63624810.0,65619100.0,46294350.0,51143660.0,24519000.0,19873000.0,33929000.0,35704000.0,26162000.0,27019000.0,19024000.0,21039000.0
20240802,-39038270.0,89805760.0,54520340.0,109622790.0,105869940.0,83630150.0,84936100.0,62335760.0,100068080.0,37863000.0,23004000.0,46233000.0,44638000.0,35276000.0,35795000.0,26299000.0,42234000.0
20240805,-16010010.0,53043670.0,46051130.0,89230380.0,80212910.0,64881600.0,61562910.0,38580320.0,57909020.0,22737000.0,19709000.0,38233000.0,34350000.0,27765000.0,26385000.0,16534000.0,24824000.0
20240806,-9712250.0,58262370.0,47311920.0,94476430.0,95714630.0,80714970.0,83063030.0,62124610.0,69488800.0,25461000.0,20664000.0,41280000.0,41803000.0,35246000.0,36289000.0,27115000.0,30345000.0
20240807,7992400.0,46709730.0,52143700.0,61228310.0,63786730.0,51758880.0,43235110.0,28595080.0,29126450.0,20349000.0,22709000.0,26676000.0,27782000.0,22543000.0,18835000.0,12454000.0,12697000.0
20240808,2903070.0,43350220.0,36207110.0,61367230.0,71413420.0,50597480.0,54494040.0,37276210.0,30476580.0,19219000.0,16034000.0,27197000.0,31649000.0,22429000.0,24160000.0,16513000.0,13515000.0
20240809,21314410.0,49901180.0,59856010.0,86686360.0,98045950.0,81507230.0,77418100.0,60984300.0,43759020.0,21430000.0,25702000.0,37221000.0,42110000.0,35012000.0,33246000.0,26190000.0,18795000.0
20240812,-5802750.0,31062330.0,26269900.0,45221090.0,44210760.0,27525780.0,31081910.0,20397960.0,22644580.0,13459000.0,11374000.0,19587000.0,19146000.0,11919000.0,13458000.0,8814000.0,9802000.0
20240813,-3568320.0,32627850.0,28478780.0,49361960.0,49942710.0,38463210.0,37299010.0,17392240.0,22124760.0,14313000.0,12480000.0,21644000.0,21893000.0,16860000.0,16356000.0,7620000.0,9708000.0
20240814,-16322330.0,32077240.0,19719070.0,41164940.0,37200800.0,33355970.0,38165790.0,21060310.0,32572820.0,14154000.0,8695000.0,18162000.0,16409000.0,14719000.0,16837000.0,9295000.0,14389000.0
20240815,6083630.0,37249290.0,48990560.0,79864050.0,74206410.0,53958110.0,52705930.0,32896990.0,28065540.0,16174000.0,21271000.0,34662000.0,32212000.0,23428000.0,22889000.0,14282000.0,12174000.0
20240816,23221990.0,39176780.0,55115230.0,78621930.0,85905470.0,64806090.0,60284460.0,58022810.0,39322450.0,16649000.0,23411000.0,33415000.0,36496000.0,27536000.0,25603000.0,24619000.0,16709000.0
20240819,-11929220.0,36240240.0,28979640.0,61058980.0,56390360.0,40428290.0,46576670.0,28517740.0,34298580.0,15313000.0,12226000.0,25791000.0,23812000.0,17064000.0,19667000.0,12014000.0,14477000.0
20240820,-1658380.0,31872570.0,30344100.0,51759290.0,51629390.0,38844340.0,41439810.0,25104560.0,24167470.0,13500000.0,12842000.0,21914000.0,21859000.0,16447000.0,17547000.0,10623000.0,10235000.0
20240821,17049360.0,47265720.0,57182390.0,86601830.0,93734530.0,77080130.0,69743090.0,54947080.0,45234760.0,19767000.0,23876000.0,36209000.0,39151000.0,32175000.0,29166000.0,22893000.0,18851000.0
20240822,2031230.0,28573160.0,31272320.0,53069100.0,52401170.0,35920240.0,41017810.0,33063590.0,25934790.0,11860000.0,12972000.0,22021000.0,21741000.0,14903000.0,17017000.0,13705000.0,10759000.0
20240823,-8211500.0,26189040.0,22460130.0,48874430.0,44391840.0,31774300.0,34721920.0,12505940.0,17769820.0,10928000.0,9367000.0,20390000.0,18516000.0,13252000.0,14487000.0,5216000.0,7416000.0
20240826,-10556380.0,28401450.0,22526370.0,46065740.0,41384440.0,32337170.0,41592980.0,28661670.0,29962240.0,11860000.0,9395000.0,19233000.0,17261000.0,13490000.0,17349000.0,11930000.0,12508000.0
20240827,-3528900.0,24528070.0,25855640.0,46855710.0,41999240.0,34803740.0,35238370.0,15738280.0,18832550.0,10256000.0,10795000.0,19571000.0,17543000.0,14535000.0,14722000.0,6565000.0,7866000.0
20240828,-20931390.0,49582640.0,38560110.0,77034260.0,67125390.0,51970110.0,58757970.0,31270710.0,45414240.0,21045000.0,16355000.0,32680000.0,28474000.0,22046000.0,24930000.0,13269000.0,19283000.0
20240829,-109240.0,42743610.0,35864290.0,61846690.0,68616770.0,50495620.0,48007230.0,30781890.0,33379520.0,18268000.0,15310000.0,26424000.0,29296000.0,21558000.0,20498000.0,13135000.0,14281000.0
20240830,41445680.0,75756730.0,93792710.0,146730550.0,170140250.0,134409360.0,131035190.0,119569380.0,81497870.0,30615000.0,37999000.0,59410000.0,68889000.0,54522000.0,53089000.0,48480000.0,33052000.0
20240902,-16610020.0,61246530.0,51834190.0,79771790.0,72574100.0,67238090.0,65261720.0,38603690.0,57190080.0,25106000.0,21224000.0,32676000.0,29720000.0,27558000.0,26707000.0,15795000.0,23484000.0
20240903,-4730680.0,59209160.0,56800350.0,88574500.0,86252630.0,58995370.0,65334070.0,42963160.0,41355140.0,24134000.0,23147000.0,36105000.0,35164000.0,24056000.0,26653000.0,17525000.0,16856000.0
20240904,719520.0,44498140.0,51536540.0,91795140.0,85476260.0,53620490.0,66179770.0,60764060.0,47485260.0,17873000.0,20675000.0,36828000.0,34309000.0,21524000.0,26552000.0,24382000.0,19070000.0
20240905,13016980.0,40079720.0,57680440.0,83139390.0,78555640.0,74500060.0,66717500.0,56499770.0,51265350.0,15795000.0,22719000.0,32757000.0,30943000.0,29339000.0,26281000.0,22235000.0,20183000.0
20240906,2682850.0,37661080.0,37060760.0,56509280.0,59792440.0,58893090.0,56265840.0,45161060.0,45105460.0,14850000.0,14597000.0,22271000.0,23561000.0,23222000.0,22180000.0,17799000.0,17803000.0
20240909,-7583020.0,39506320.0,33776870.0,54142670.0,52289110.0,45721810.0,50559090.0,38113720.0,40859460.0,15782000.0,13476000.0,21609000.0,20872000.0,18247000.0,20187000.0,15214000.0,16317000.0
20240910,944750.0,32339090.0,33414510.0,47215350.0,47084690.0,45343320.0,39225490.0,28448510.0,33621590.0,12922000.0,13345000.0,18862000.0,18806000.0,18108000.0,15665000.0,11356000.0,13433000.0
20240911,9599940.0,62299790.0,74401170.0,121398970.0,118897540.0,119475570.0,111593300.0,96986060.0,95268390.0,24168000.0,28886000.0,47121000.0,46157000.0,46453000.0,43353000.0,37620000.0,36964000.0
20240912,-992460.0,44726390.0,41294030.0,62408660.0,64848550.0,65025480.0,49380850.0,27415060.0,44052150.0,17318000.0,15976000.0,24157000.0,25095000.0,25162000.0,19111000.0,10615000.0,17068000.0
20240913,-13992910.0,41548650.0,26928770.0,46573200.0,47200170.0,35181120.0,39569400.0,22555820.0,32160450.0,16235000.0,10517000.0,18195000.0,18439000.0,13747000.0,15457000.0,8815000.0,12578000.0
20240918,6817690.0,30617330.0,35677280.0,50958920.0,52716670.0,52876660.0,51447050.0,37106640.0,31718560.0,11937000.0,13892000.0,19856000.0,20536000.0,20587000.0,20037000.0,14440000.0,12354000.0
20240919,-10819060.0,50631580.0,41009120.0,70130330.0,68933730.0,59146210.0,61669380.0,52728410.0,61024300.0,19828000.0,16046000.0,27444000.0,26973000.0,23145000.0,24138000.0,20627000.0,23886000.0
20240920,-16926740.0,45241790.0,36178760.0,77649840.0,69786150.0,59895650.0,63986100.0,46495680.0,59331970.0,17756000.0,14175000.0,30452000.0,27371000.0,23472000.0,25090000.0,18218000.0,23262000.0
20240923,-30075850.0,64247200.0,37056020.0,96092200.0,93207520.0,67555630.0,81739910.0,43320330.0,59211900.0,25510000.0,14672000.0,38102000.0,36975000.0,26797000.0,32429000.0,17174000.0,23506000.0
20240924,-11865900.0,71563190.0,57932260.0,138079420.0,139844460.0,112322530.0,129414130.0,72942940.0,67717240.0,28394000.0,22938000.0,54701000.0,55424000.0,44474000.0,51295000.0,28926000.0,26838000.0
20240925,13661670.0,79987330.0,94815670.0,154538030.0,153371360.0,163154980.0,154188330.0,146584860.0,141889840.0,30227000.0,35818000.0,58381000.0,57954000.0,61693000.0,58265000.0,55409000.0,53674000.0
20240926,14886880.0,59129710.0,76885220.0,131473120.0,128604500.0,106078320.0,109889180.0,99338630.0,80640890.0,22286000.0,28937000.0,49503000.0,48409000.0,39930000.0,41355000.0,37348000.0,30364000.0
20240927,-24926210.0,133236590.0,127343620.0,238994860.0,219961620.0,262103610.0,237298950.0,234009740.0,283740610.0,47597000.0,45458000.0,85489000.0,78525000.0,93604000.0,84650000.0,83232000.0,101290000.0
20240930,-60258380.0,162950900.0,167721600.0,343801500.0,278772430.0,356087690.0,361838230.0,300086620.0,354594460.0,54402000.0,55860000.0,114791000.0,93005000.0,118865000.0,120820000.0,100365000.0,118739000.0
20241008,-86160500.0,214799360.0,175536710.0,382739400.0,335841550.0,417219430.0,429553850.0,433737020.0,507563100.0,65839000.0,53767000.0,117288000.0,102998000.0,127822000.0,131588000.0,132490000.0,155087000.0
20241009,-30578620.0,176057790.0,136362100.0,299834580.0,308951640.0,314620490.0,324232340.0,226184160.0,247150930.0,56551000.0,43666000.0,96118000.0,99014000.0,100747000.0,104034000.0,72503000.0,79204000.0
20241010,26745410.0,130357580.0,127741410.0,217915000.0,247276580.0,239102420.0,219921110.0,204489740.0,196925640.0,41209000.0,40329000.0,68863000.0,78117000.0,75531000.0,69513000.0,64563000.0,62208000.0
20241011,-69274310.0,132636880.0,74100010.0,172293180.0,161555750.0,148589660.0,183962180.0,113668210.0,147570000.0,43618000.0,24284000.0,56569000.0,53079000.0,48829000.0,60461000.0,37403000.0,48594000.0
20241014,12925550.0,79615620.0,92950680.0,157517140.0,157107620.0,147733950.0,149791880.0,141943330.0,126959850.0,26069000.0,30409000.0,51559000.0,51393000.0,48345000.0,49015000.0,46392000.0,41548000.0
20241015,-33861110.0,96495830.0,64441620.0,107367040.0,105560130.0,97453610.0,101733130.0,68241260.0,97822850.0,31935000.0,21266000.0,35487000.0,34872000.0,32166000.0,33620000.0,22561000.0,32391000.0
20241016,-23611780.0,93813100.0,73938440.0,125246210.0,121509110.0,125610970.0,123838270.0,91619590.0,117004070.0,32328000.0,25457000.0,43148000.0,41859000.0,43264000.0,42671000.0,31582000.0,40334000.0
20241017,-5996530.0,61934460.0,54294670.0,93565540.0,95208790.0,94548680.0,88414630.0,50471200.0,62601780.0,21146000.0,18489000.0,31909000.0,32465000.0,32215000.0,30143000.0,17186000.0,21360000.0
20241018,53765280.0,101600180.0,122897700.0,151126850.0,183594620.0,169597080.0,168285650.0,145090700.0,92636850.0,34254000.0,41429000.0,50935000.0,61838000.0,57121000.0,56641000.0,48782000.0,31184000.0
20241021,13401240.0,81984620.0,100305970.0,143235200.0,138315080.0,152647270.0,134209810.0,104094640.0,109130860.0,26850000.0,32828000.0,46901000.0,45282000.0,49975000.0,43957000.0,34090000.0,35750000.0
20241022,7457180.0,69887260.0,61296140.0,79162210.0,95210510.0,86270000.0,90271510.0,82166490.0,70707800.0,22860000.0,20010000.0,25867000.0,31105000.0,28188000.0,29497000.0,26818000.0,23120000.0
20241023,19415670.0,68651250.0,84128370.0,106915650.0,110854210.0,114152950.0,107696930.0,101418510.0,88458860.0,22263000.0,27249000.0,34640000.0,35905000.0,36984000.0,34895000.0,32808000.0,28647000.0
20241024,-10968720.0,71729940.0,57304730.0,78942400.0,82398880.0,83101970.0,77056580.0,62201230.0,79215340.0,23509000.0,18748000.0,25840000.0,26973000.0,27176000.0,25220000.0,20361000.0,25944000.0
20241025,42199980.0,69080060.0,91307990.0,112115860.0,132087910.0,125518670.0,107948970.0,123909930.0,99279650.0,22449000.0,29633000.0,36402000.0,42880000.0,40750000.0,35039000.0,40220000.0,32267000.0
20241028,-35969540.0,81189810.0,53130240.0,105632570.0,97722610.0,87115700.0,93994090.0,58379710.0,87470860.0,26722000.0,17470000.0,34745000.0,32144000.0,28657000.0,30926000.0,19200000.0,28785000.0
20241029,-2014470.0,68725490.0,66298410.0,101247270.0,101659880.0,109546230.0,101130410.0,84035230.0,94465520.0,22432000.0,21600000.0,33029000.0,33144000.0,35706000.0,32972000.0,27379000.0,30829000.0
20241030,-8743770.0,65315610.0,53743560.0,88410590.0,91238860.0,88715830.0,107586740.0,87674410.0,77547270.0,21478000.0,17634000.0,29053000.0,29954000.0,29140000.0,35363000.0,28777000.0,25498000.0
20241031,-90962730.0,186901950.0,105539920.0,201989200.0,192388500.0,204542390.0,216028640.0,119336920.0,198813400.0,63195000.0,35704000.0,68270000.0,65016000.0,69072000.0,72959000.0,40315000.0,67173000.0
20241101,-44117360.0,106765460.0,56855940.0,124747750.0,130539910.0,115065210.0,147398620.0,70867320.0,82651270.0,36607000.0,19471000.0,42771000.0,44729000.0,39416000.0,50524000.0,24247000.0,28317000.0
20241104,81397660.0,97008900.0,148050940.0,174649700.0,205005320.0,209303930.0,183889520.0,179077430.0,123094180.0,31915000.0,48760000.0,57528000.0,67491000.0,68893000.0,60507000.0,58983000.0,40561000.0
20241105,17338900.0,97187230.0,101278660.0,144428820.0,157676280.0,154151020.0,146160020.0,116657510.0,107309610.0,31870000.0,33148000.0,47306000.0,51615000.0,50452000.0,47887000.0,38193000.0,35169000.0
20241106,-62702230.0,144009310.0,77494300.0,161612180.0,165424950.0,150104010.0,184891160.0,105457590.0,133372670.0,47532000.0,25482000.0,53243000.0,54489000.0,49408000.0,60906000.0,34678000.0,43984000.0
20241107,-16337490.0,111725340.0,90129240.0,137358460.0,142617070.0,124429300.0,130435640.0,74923910.0,85255060.0,37573000.0,30247000.0,46164000.0,47899000.0,41786000.0,43840000.0,25153000.0,28690000.0
20241108,-54197110.0,122550890.0,83637000.0,158597180.0,143313970.0,131235820.0,155441910.0,89835670.0,119826690.0,40790000.0,27758000.0,52690000.0,47564000.0,43523000.0,51593000.0,29713000.0,39800000.0
20241111,4492740.0,122771700.0,88480700.0,134595030.0,173378780.0,146611590.0,152416340.0,130940770.0,120643280.0,41563000.0,29859000.0,45521000.0,58600000.0,49555000.0,51564000.0,44220000.0,40837000.0
20241112,41958580.0,143219120.0,151185790.0,190310650.0,224302560.0,212644860.0,221609180.0,205856640.0,154933740.0,47082000.0,49522000.0,62471000.0,73491000.0,69691000.0,72691000.0,67313000.0,50853000.0
20241113,-41275550.0,105076470.0,70248290.0,124057890.0,117610530.0,135012040.0,156720970.0,68549350.0,88115970.0,35262000.0,23550000.0,41605000.0,39424000.0,45282000.0,52590000.0,22967000.0,29552000.0
20241114,-37725610.0,102399420.0,63325280.0,106782350.0,108130880.0,110834330.0,113463020.0,49051590.0,84148510.0,34574000.0,21371000.0,36043000.0,36491000.0,37396000.0,38305000.0,16570000.0,28416000.0
20241115,-10210400.0,112498450.0,91222640.0,124985330.0,136050740.0,126668700.0,131998330.0,82992540.0,87873310.0,38602000.0,31215000.0,42857000.0,46608000.0,43371000.0,45266000.0,28405000.0,30147000.0
20241118,-30488690.0,92312070.0,68736390.0,108608120.0,101695120.0,89067320.0,95068610.0,46441380.0,70928780.0,31915000.0,23719000.0,37521000.0,35108000.0,30750000.0,32847000.0,16020000.0,24533000.0
20241119,-32388630.0,93057520.0,65814340.0,127379060.0,122233620.0,99231870.0,113885750.0,58833210.0,76567960.0,32450000.0,22903000.0,44385000.0,42593000.0,34584000.0,39716000.0,20527000.0,26735000.0
20241120,-3216200.0,71120120.0,57630710.0,88331530.0,98604730.0,90543550.0,91032640.0,55002180.0,57729290.0,24734000.0,20023000.0,30708000.0,34271000.0,31473000.0,31650000.0,19103000.0,20073000.0
20241121,-29656930.0,80292970.0,47131550.0,89385050.0,92889540.0,66933330.0,76716430.0,36111650.0,55985480.0,28133000.0,16503000.0,31311000.0,32538000.0,23442000.0,26872000.0,12647000.0,19619000.0
20241122,-37057290.0,93478510.0,54550820.0,110248290.0,112118690.0,90001940.0,79565930.0,59268560.0,106761860.0,33141000.0,19311000.0,39058000.0,39686000.0,31880000.0,28179000.0,21063000.0,37967000.0
20241125,27308830.0,89000880.0,108544510.0,157049480.0,164814680.0,141069080.0,127604640.0,111051990.0,97207600.0,31227000.0,38037000.0,55032000.0,57729000.0,49366000.0,44663000.0,38908000.0,34105000.0
20241126,8158470.0,58290840.0,60632750.0,92768910.0,98585450.0,85997390.0,69977360.0,31585190.0,39446750.0,20674000.0,21472000.0,32868000.0,34926000.0,30468000.0,24805000.0,11196000.0,14003000.0
20241127,-5761480.0,70760500.0,57663550.0,93612820.0,100948280.0,89780160.0,92125310.0,52676900.0,56093230.0,25391000.0,20659000.0,33559000.0,36183000.0,32188000.0,33040000.0,18865000.0,20121000.0
20241128,-17886090.0,112905130.0,91926840.0,131318770.0,134410980.0,106550060.0,107885560.0,85803950.0,102354540.0,41003000.0,33399000.0,47694000.0,48825000.0,38703000.0,39166000.0,31189000.0,37198000.0
20241129,3914510.0,75128780.0,76132700.0,112072160.0,114982760.0,94878110.0,92292170.0,69539570.0,68211000.0,27366000.0,27699000.0,40800000.0,41857000.0,34542000.0,33595000.0,25297000.0,24853000.0
20241202,30921370.0,72437840.0,97666570.0,131337590.0,137030240.0,123932000.0,114327120.0,97854240.0,76537750.0,25758000.0,34733000.0,46708000.0,48730000.0,44105000.0,40654000.0,34786000.0,27240000.0
20241203,17303580.0,53379250.0,58915090.0,79857160.0,91624900.0,80663710.0,67001100.0,44631880.0,40990910.0,18898000.0,20835000.0,28252000.0,32416000.0,28527000.0,23699000.0,15774000.0,14499000.0
20241204,-16943430.0,62045010.0,41411310.0,70629570.0,74319830.0,76980180.0,79828920.0,29260430.0,43355120.0,22089000.0,14723000.0,25133000.0,26441000.0,27380000.0,28416000.0,10411000.0,15433000.0
20241205,-34337090.0,73968900.0,44937310.0,86512070.0,81206560.0,55583660.0,70045520.0,32556870.0,52432100.0,26858000.0,16310000.0,31408000.0,29481000.0,20179000.0,25433000.0,11823000.0,19043000.0
20241206,26077880.0,61750900.0,78297870.0,101855130.0,111386040.0,88275520.0,85065470.0,95059760.0,72191930.0,22225000.0,28122000.0,36634000.0,40049000.0,31738000.0,30613000.0,34102000.0,25914000.0
20241209,-15541740.0,52437030.0,52496410.0,97626090.0,82024960.0,74782390.0,89687600.0,34168850.0,34805380.0,18668000.0,18671000.0,34735000.0,29177000.0,26597000.0,31901000.0,12152000.0,12403000.0
20241210,-28047690.0,95984080.0,83571880.0,160500070.0,144864580.0,149653620.0,181197620.0,99565980.0,96069670.0,33498000.0,29028000.0,55905000.0,50360000.0,52004000.0,63114000.0,34522000.0,33427000.0
20241211,-48822710.0,66326060.0,43212840.0,100221680.0,74512180.0,63650320.0,99997420.0,32201670.0,44677280.0,23609000.0,15368000.0,35655000.0,26502000.0,22640000.0,35579000.0,11456000.0,15910000.0
20241212,491570.0,59567280.0,50857410.0,89085210.0,98286650.0,74662240.0,98060160.0,58367080.0,34477590.0,21185000.0,18061000.0,31674000.0,34941000.0,26552000.0,34880000.0,20723000.0,12251000.0
20241213,-33954930.0,91371390.0,50039370.0,100407450.0,107784550.0,76776950.0,76074660.0,44483470.0,79140690.0,32819000.0,17947000.0,36034000.0,38661000.0,27538000.0,27302000.0,15967000.0,28448000.0
20241216,-14640500.0,57022940.0,41911010.0,67633110.0,68104540.0,45103010.0,52110380.0,26972390.0,34605520.0,20738000.0,15234000.0,24583000.0,24752000.0,16384000.0,18933000.0,9785000.0,12571000.0
20241217,54562310.0,96067830.0,121589930.0,141825340.0,170865560.0,141414880.0,122717040.0,116724930.0,80860460.0,34039000.0,43075000.0,50257000.0,60538000.0,50071000.0,43480000.0,41315000.0,28589000.0
20241218,2506860.0,46858420.0,57014630.0,83848170.0,76198830.0,69737360.0,63607610.0,39321830.0,42944720.0,16444000.0,19995000.0,29414000.0,26729000.0,24453000.0,22311000.0,13794000.0,15071000.0
20241219,13807030.0,48183180.0,58108890.0,81626270.0,85507590.0,70084940.0,65607140.0,46643340.0,37314110.0,16974000.0,20425000.0,28730000.0,30088000.0,24642000.0,23091000.0,16382000.0,13125000.0
20241220,-1274620.0,71695020.0,56553340.0,78118870.0,91985920.0,74934210.0,66266490.0,48318590.0,58260930.0,25409000.0,20034000.0,27671000.0,32563000.0,26517000.0,23461000.0,17110000.0,20649000.0
20241223,1208180.0,51976030.0,47079710.0,81449240.0,87553740.0,66248600.0,59338290.0,29453710.0,35155840.0,18491000.0,16740000.0,28977000.0,31148000.0,23567000.0,21119000.0,10481000.0,12510000.0
20241224,53685670.0,68593170.0,97476530.0,107628880.0,132431190.0,129247760.0,112562610.0,101737240.0,64736720.0,23981000.0,34061000.0,37641000.0,46282000.0,45154000.0,39317000.0,35512000.0,22627000.0
20241225,-14992300.0,60694520.0,47200780.0,75208920.0,73710360.0,65395460.0,74266090.0,39252810.0,45374480.0,21068000.0,16358000.0,26084000.0,25553000.0,22664000.0,25746000.0,13576000.0,15734000.0
20241226,-2839850.0,44185750.0,34815510.0,63526570.0,70056960.0,61362870.0,53616250.0,23802260.0,34388730.0,15492000.0,12200000.0,22267000.0,24553000.0,21502000.0,18789000.0,8343000.0,12062000.0
20241227,-17756610.0,50655520.0,45754150.0,77747140.0,64891890.0,57088010.0,68687250.0,39475130.0,45632500.0,17728000.0,16003000.0,27196000.0,22697000.0,19961000.0,24019000.0,13798000.0,15964000.0
20241230,-10636730.0,54683610.0,48604100.0,76598350.0,72041140.0,62147020.0,67086930.0,43696760.0,49393580.0,19147000.0,16993000.0,26804000.0,25209000.0,21717000.0,23464000.0,15279000.0,17282000.0
20241231,-24393840.0,62430900.0,38535230.0,75040160.0,74541970.0,49507930.0,59923390.0,33211360.0,47189740.0,22010000.0,13575000.0,26447000.0,26271000.0,17444000.0,21139000.0,11719000.0,16634000.0
20250102,-52642010.0,129249130.0,74839950.0,148449160.0,150216340.0,111944370.0,143160490.0,72764730.0,94190620.0,47186000.0,27308000.0,54210000.0,54831000.0,40892000.0,52270000.0,26496000.0,34375000.0
20250103,-17467900.0,65908770.0,49661230.0,90388880.0,89168510.0,72554040.0,76446840.0,40455540.0,54030640.0,24323000.0,18301000.0,33356000.0,32895000.0,26763000.0,28214000.0,14923000.0,19954000.0
20250106,-3064950.0,66354090.0,49314110.0,73103280.0,87078310.0,50265930.0,56538150.0,33935710.0,30728440.0,24473000.0,18174000.0,26949000.0,32099000.0,18530000.0,20843000.0,12494000.0,11331000.0
20250107,6414210.0,55280250.0,59035610.0,84866140.0,87524990.0,72711260.0,73795520.0,49859080.0,42360610.0,20155000.0,21502000.0,30928000.0,31889000.0,26488000.0,26884000.0,18151000.0,15446000.0
20250108,-52136540.0,87097710.0,43533050.0,105266570.0,96694700.0,65560720.0,88856100.0,35419710.0,64260870.0,32394000.0,16164000.0,39130000.0,35950000.0,24375000.0,33063000.0,13183000.0,23905000.0
20250109,-6092210.0,47074360.0,37650260.0,59664080.0,62995970.0,47407350.0,48434990.0,22541580.0,27606150.0,17488000.0,13972000.0,22156000.0,23391000.0,17605000.0,17990000.0,8364000.0,10260000.0
20250110,-20353540.0,64389830.0,42730270.0,68945250.0,70251260.0,53364120.0,61172130.0,28037120.0,40582650.0,24156000.0,16016000.0,25860000.0,26346000.0,20010000.0,22944000.0,10522000.0,15242000.0
20250113,-10267780.0,42439830.0,41515590.0,72148200.0,62804660.0,43273720.0,51030220.0,20883120.0,23394400.0,15961000.0,15607000.0,27135000.0,23613000.0,16270000.0,19189000.0,7847000.0,8804000.0
20250114,32839120.0,63709720.0,87333610.0,109193510.0,118408730.0,96911920.0,91408060.0,74067620.0,46732360.0,23289000.0,31961000.0,39958000.0,43314000.0,35482000.0,33442000.0,27061000.0,17073000.0
20250115,-8485850.0,50894440.0,40680870.0,58894320.0,60622050.0,43623190.0,50178480.0,18464950.0,20395510.0,18460000.0,14752000.0,21356000.0,21985000.0,15824000.0,18205000.0,6697000.0,7394000.0
20250116,7873100.0,57281880.0,60934620.0,63766590.0,67986950.0,45271710.0,40497010.0,32148390.0,29049990.0,20970000.0,22273000.0,23320000.0,24872000.0,16536000.0,14804000.0,11746000.0,10622000.0
20250117,25397650.0,44663950.0,65293880.0,73190070.0,77957790.0,74668190.0,55241440.0,45154870.0,39183970.0,16207000.0,23664000.0,26547000.0,28259000.0,27036000.0,20017000.0,16351000.0,14202000.0
20250120,3744060.0,76230920.0,84014240.0,120689250.0,116649990.0,121078000.0,119618390.0,68374580.0,66090130.0,26789000.0,29534000.0,42424000.0,41003000.0,42552000.0,42024000.0,24032000.0,23236000.0
20250121,1782620.0,49213170.0,50396790.0,65526340.0,66125350.0,59661230.0,55273510.0,44012540.0,46617640.0,17231000.0,17636000.0,22938000.0,23146000.0,20877000.0,19346000.0,15395000.0,16313000.0
20250122,-20861370.0,63558370.0,42516730.0,74782660.0,74962930.0,61000990.0,64764540.0,29388340.0,46486160.0,22534000.0,15063000.0,26505000.0,26563000.0,21610000.0,22955000.0,10408000.0,16476000.0
20250123,-28589570.0,82178420.0,56210120.0,92184990.0,89563710.0,57060270.0,72507270.0,37636440.0,50779010.0,29395000.0,20061000.0,32956000.0,32036000.0,20374000.0,25907000.0,13449000.0,18170000.0
20250124,4413820.0,41042330.0,49648380.0,68570780.0,64378550.0,42044720.0,40253820.0,38240100.0,35617180.0,14737000.0,17812000.0,24612000.0,23098000.0,15086000.0,14445000.0,13709000.0,12789000.0
20250127,-2438520.0,50296830.0,40842440.0,58296460.0,65312340.0,43801760.0,40287300.0,23157880.0,29110860.0,18162000.0,14742000.0,21055000.0,23585000.0,15820000.0,14554000.0,8371000.0,10527000.0
20250205,32077400.0,75879290.0,94316680.0,125722360.0,139362370.0,122656820.0,111078160.0,87332660.0,66833920.0,26723000.0,33197000.0,44271000.0,49063000.0,43170000.0,39100000.0,30731000.0,23534000.0
20250206,220347500.0,102202080.0,201786030.0,194930850.0,315694400.0,276967480.0,320177060.0,567550470.0,303993390.0,34612000.0,67764000.0,66076000.0,105822000.0,93246000.0,107040000.0,187524000.0,100832000.0
20250207,16974470.0,192437800.0,211055370.0,349327530.0,347684440.0,509911920.0,430730220.0,517521650.0,579728880.0,59676000.0,65393000.0,108375000.0,107791000.0,158197000.0,133644000.0,160829000.0,180247000.0
20250210,43633140.0,140467390.0,159325580.0,229211400.0,253986350.0,226084940.0,241087820.0,295088120.0,236452100.0,43019000.0,48760000.0,70169000.0,77729000.0,69136000.0,73785000.0,90388000.0,72437000.0
20250211,-39535380.0,167684180.0,140039500.0,240463380.0,228572680.0,259686110.0,261490060.0,263754880.0,301486310.0,50575000.0,42133000.0,72503000.0,68846000.0,78161000.0,78681000.0,79124000.0,90704000.0
20250212,70027470.0,141983670.0,181903270.0,211291230.0,241399110.0,289152600.0,267869070.0,302677360.0,253933420.0,42099000.0,53760000.0,62576000.0,71440000.0,85458000.0,79184000.0,89224000.0,74973000.0
20250213,1076240.0,106721150.0,107282190.0,155033720.0,155548930.0,207204510.0,195491950.0,217040370.0,227676690.0,31101000.0,31230000.0,45151000.0,45295000.0,60343000.0,56936000.0,63246000.0,66380000.0
20250214,62366390.0,118745200.0,159310230.0,179126400.0,200927770.0,274040180.0,270895930.0,285551570.0,226329430.0,33731000.0,45262000.0,50911000.0,57109000.0,77842000.0,76915000.0,81161000.0,64358000.0
20250217,-86715450.0,159727410.0,106524750.0,202324490.0,168811680.0,240380390.0,226803480.0,208702300.0,308994660.0,45779000.0,30461000.0,57952000.0,48323000.0,68744000.0,64931000.0,59540000.0,88301000.0
20250218,53940610.0,126514500.0,162931140.0,198833170.0,216357140.0,286059900.0,279145160.0,286368690.0,239342820.0,35509000.0,45679000.0,55793000.0,60669000.0,80238000.0,78290000.0,80258000.0,67159000.0
20250219,-55221850.0,102690920.0,98135910.0,174558760.0,123891920.0,168920840.0,160931880.0,132242440.0,195453250.0,28749000.0,27450000.0,48852000.0,34662000.0,47282000.0,45036000.0,37034000.0,54770000.0
20250220,-4225880.0,106699940.0,109029540.0,150631170.0,144075700.0,157570710.0,162272550.0,154685840.0,154209880.0,29416000.0,30022000.0,41506000.0,39681000.0,43410000.0,44734000.0,42605000.0,42500000.0
20250221,23040400.0,145401800.0,162783950.0,214111130.0,219769380.0,281363810.0,266213440.0,268073020.0,260182990.0,38199000.0,42867000.0,56316000.0,57829000.0,74124000.0,69964000.0,70655000.0,68632000.0
20250224,-96682630.0,175569810.0,105333440.0,202535930.0,176089670.0,186495670.0,184661940.0,194027530.0,292543890.0,46213000.0,27668000.0,53261000.0,46294000.0,49030000.0,48544000.0,50904000.0,76902000.0
20250225,-39022020.0,135603160.0,96091900.0,149729200.0,150218440.0,151619330.0,159297870.0,163936150.0,195279630.0,36349000.0,25727000.0,40105000.0,40246000.0,40654000.0,42714000.0,43994000.0,52416000.0
20250226,-33793320.0,121504910.0,97257330.0,140377850.0,130832120.0,133918410.0,148498050.0,116758300.0,135971980.0,32847000.0,26244000.0,37945000.0,35351000.0,36196000.0,40155000.0,31542000.0,36779000.0
20250227,-17550560.0,128661980.0,110278820.0,166373960.0,167206550.0,149890020.0,190137240.0,190117640.0,167420980.0,34191000.0,29230000.0,44165000.0,44369000.0,39774000.0,50479000.0,50316000.0,44368000.0
20250228,-133649980.0,221767190.0,110557080.0,220288750.0,197848870.0,236651500.0,273717210.0,197514050.0,294098320.0,60571000.0,30149000.0,60095000.0,53960000.0,64554000.0,74749000.0,54084000.0,80446000.0
20250303,-32372060.0,143970750.0,119868230.0,166570620.0,158301080.0,144865110.0,164039040.0,97043560.0,110241690.0,39694000.0,32969000.0,45858000.0,43603000.0,39860000.0,45157000.0,26666000.0,30349000.0
20250304,-82523430.0,194305670.0,120125820.0,212504870.0,204161290.0,265646840.0,285299030.0,233835110.0,296706350.0,56436000.0,34859000.0,61743000.0,59248000.0,77201000.0,82929000.0,68074000.0,86417000.0
20250305,21555080.0,116668140.0,119083170.0,120096840.0,139236890.0,136123880.0,137349310.0,115699130.0,92918620.0,33214000.0,33872000.0,34186000.0,39628000.0,38734000.0,39088000.0,32935000.0,26480000.0
20250306,2278570.0,91967550.0,102443890.0,113811560.0,105613780.0,121488360.0,109290700.0,84796300.0,94715390.0,25587000.0,28487000.0,31655000.0,29374000.0,33788000.0,30398000.0,23572000.0,26342000.0
20250307,-15532910.0,91387480.0,66313010.0,85683470.0,95225030.0,78345930.0,94445670.0,57734890.0,57168060.0,25571000.0,18534000.0,23961000.0,26634000.0,21902000.0,26415000.0,16150000.0,16002000.0
20250310,-53503140.0,109776560.0,57814390.0,99686940.0,98145970.0,88160460.0,112493410.0,50811140.0,79981330.0,31259000.0,16444000.0,28379000.0,27932000.0,25084000.0,32020000.0,14455000.0,22781000.0
20250311,-8270850.0,83394040.0,72239070.0,87011980.0,89896100.0,87365550.0,106961490.0,73697360.0,62372270.0,24009000.0,20773000.0,25043000.0,25865000.0,25134000.0,30787000.0,21184000.0,17945000.0
20250312,8318610.0,106122360.0,101597530.0,124188280.0,137031740.0,125025060.0,132156330.0,103995540.0,88545660.0,29970000.0,28631000.0,35031000.0,38651000.0,35217000.0,37253000.0,29293000.0,24975000.0
20250313,27406190.0,69126090.0,86529310.0,85151690.0,95154660.0,117032900.0,100909740.0,91165210.0,79882180.0,19498000.0,24388000.0,24019000.0,26825000.0,32995000.0,28458000.0,25699000.0,22540000.0
20250314,57635730.0,116649530.0,191690350.0,211853880.0,194448790.0,246207530.0,219655900.0,254587810.0,223503710.0,31573000.0,51976000.0,57369000.0,52693000.0,66748000.0,59501000.0,69007000.0,60527000.0
20250317,15046570.0,92017700.0,107109550.0,136778640.0,136733360.0,169344540.0,137471380.0,107880280.0,124706870.0,24214000.0,28162000.0,35979000.0,35967000.0,44533000.0,36158000.0,28344000.0,32781000.0
20250318,-32825980.0,127867820.0,112886300.0,181102930.0,163258460.0,189612730.0,184264910.0,168704640.0,206878440.0,33257000.0,29310000.0,47091000.0,42439000.0,49250000.0,47897000.0,43741000.0,53692000.0
20250319,66107870.0,125145070.0,166905110.0,182841970.0,207189790.0,213306340.0,181158970.0,219192600.0,185232100.0,31802000.0,42420000.0,46459000.0,52649000.0,54273000.0,46085000.0,55817000.0,47198000.0
20250320,24306730.0,61941370.0,60667720.0,188493390.0,214073770.0,191154780.0,176468480.0,195709420.0,186088990.0,15553000.0,15224000.0,47133000.0,53493000.0,47809000.0,44127000.0,48918000.0,46568000.0
20250321,-112615690.0,287485050.0,165601110.0,267352510.0,276620760.0,279233790.0,343107080.0,234454090.0,283196490.0,76011000.0,43786000.0,70582000.0,73124000.0,73647000.0,90534000.0,61866000.0,74663000.0
20250324,1526200.0,126067460.0,112902700.0,150952690.0,165643650.0,147372110.0,150440450.0,127905150.0,123310610.0,33773000.0,30219000.0,40435000.0,44369000.0,39471000.0,40297000.0,34214000.0,33008000.0
20250325,-44595470.0,131670600.0,95165580.0,122023940.0,113933490.0,103203160.0,115978940.0,102681480.0,134501170.0,35324000.0,25502000.0,32695000.0,30526000.0,27621000.0,31056000.0,27445000.0,36002000.0
20250326,15851040.0,103026690.0,134142760.0,133955370.0,118690340.0,114857800.0,122630470.0,98536430.0,74912720.0,27500000.0,35787000.0,35748000.0,31664000.0,30666000.0,32748000.0,26290000.0,20006000.0
20250327,10823470.0,108958290.0,130571710.0,156233570.0,145443620.0,151451330.0,153242470.0,138843350.0,126228740.0,28347000.0,33949000.0,40617000.0,37804000.0,39369000.0,39853000.0,36061000.0,32788000.0
20250328,-45993010.0,131483320.0,86782020.0,122547800.0,121256090.0,98546900.0,117411300.0,90293560.0,117422170.0,34147000.0,22497000.0,31799000.0,31465000.0,25570000.0,30486000.0,23424000.0,30492000.0
20250331,-61570730.0,138168730.0,76661750.0,122254010.0,122190270.0,110097820.0,128426970.0,66519470.0,109761050.0,36627000.0,20296000.0,32395000.0,32359000.0,29157000.0,34034000.0,17605000.0,29094000.0
20250401,-66529740.0,163931420.0,108582450.0,160798720.0,149617940.0,131513740.0,177276500.0,110094620.0,130861600.0,44608000.0,29514000.0,43755000.0,40693000.0,35763000.0,48226000.0,29945000.0,35639000.0
20250402,-14916560.0,115409810.0,102437870.0,118075780.0,116131180.0,101192950.0,117165350.0,87985340.0,86929500.0,31972000.0,28357000.0,32709000.0,32165000.0,28026000.0,32474000.0,24394000.0,24104000.0
20250403,-11013360.0,85938060.0,78120210.0,94067290.0,90871780.0,88228770.0,95643420.0,93633570.0,97232280.0,23998000.0,21792000.0,26259000.0,25358000.0,24629000.0,26712000.0,26137000.0,27161000.0
20250407,-145596890.0,166311510.0,88472000.0,260125490.0,192368130.0,228716970.0,231740990.0,235994400.0,378567270.0,51034000.0,27148000.0,79903000.0,59048000.0,70239000.0,71150000.0,72322000.0,116152000.0
20250408,-22823360.0,152944310.0,155093940.0,253614290.0,228641290.0,237687950.0,245763000.0,165673550.0,180421860.0,47203000.0,47776000.0,78215000.0,70483000.0,73191000.0,75680000.0,50814000.0,55485000.0
20250409,2916940.0,138216270.0,125937810.0,191089010.0,206284420.0,204201880.0,187215700.0,148730470.0,162799710.0,42951000.0,39050000.0,59338000.0,63982000.0,63450000.0,58228000.0,46199000.0,50679000.0
20250410,8227060.0,142567900.0,139510850.0,166241260.0,177525350.0,203645030.0,206174620.0,204096970.0,193340320.0,41960000.0,41047000.0,48911000.0,52223000.0,59918000.0,60651000.0,60107000.0,56975000.0
20250411,75275170.0,120765410.0,161439390.0,154576040.0,189177230.0,214072880.0,186670110.0,172767850.0,124895450.0,34677000.0,46344000.0,44357000.0,54233000.0,61452000.0,53602000.0,49459000.0,35765000.0
20250414,15637950.0,104985030.0,115229090.0,132912200.0,138306090.0,143759170.0,136108160.0,129892010.0,121905070.0,29180000.0,32008000.0,36922000.0,38419000.0,39927000.0,37807000.0,36040000.0,33835000.0
20250415,10197730.0,87070980.0,91388890.0,118295030.0,124174850.0,109927010.0,103160570.0,104301680.0,100870390.0,24210000.0,25384000.0,32869000.0,34491000.0,30526000.0,28659000.0,28910000.0,27981000.0
20250416,-30583480.0,123759590.0,82304020.0,117703070.0,128575170.0,128162290.0,148777900.0,92221260.0,102189130.0,35347000.0,23496000.0,33604000.0,36703000.0,36558000.0,42456000.0,26319000.0,29172000.0
20250417,-6567510.0,74189050.0,61270910.0,78253710.0,84604340.0,91966860.0,106325090.0,54188900.0,46398180.0,21203000.0,17492000.0,22350000.0,24153000.0,26248000.0,30378000.0,15488000.0,13265000.0
20250418,-24269630.0,87887490.0,62314430.0,69019650.0,70323070.0,66708410.0,75202000.0,31772430.0,47548470.0,25425000.0,18021000.0,19963000.0,20340000.0,19284000.0,21748000.0,9188000.0,13752000.0
20250421,-10010640.0,69246130.0,60636580.0,75456550.0,74055450.0,75828070.0,86775350.0,40391880.0,39455240.0,19900000.0,17410000.0,21677000.0,21265000.0,21778000.0,24935000.0,11599000.0,11344000.0
20250422,37136430.0,78236920.0,107301650.0,115032660.0,123104360.0,127485900.0,115044180.0,74853110.0,50158400.0,22173000.0,30400000.0,32604000.0,34870000.0,36142000.0,32634000.0,21202000.0,14219000.0
20250423,37336570.0,159477380.0,183779150.0,230722940.0,243757750.0,261536710.0,289255410.0,269945180.0,204889910.0,42943000.0,49434000.0,62095000.0,65587000.0,70374000.0,77816000.0,72515000.0,55090000.0
20250424,-53956990.0,139403510.0,87908890.0,154108510.0,151646130.0,143360620.0,157624530.0,118838680.0,158531760.0,37890000.0,23859000.0,41883000.0,41192000.0,38909000.0,42790000.0,32210000.0,43051000.0
20250425,30525480.0,94718480.0,118290490.0,124659560.0,131613030.0,143131960.0,132902570.0,135021490.0,114725400.0,25502000.0,31819000.0,33550000.0,35401000.0,38521000.0,35777000.0,36296000.0,30872000.0
20250428,-72589070.0,162081540.0,105549970.0,183442850.0,167385350.0,184141280.0,197443630.0,116247970.0,175534690.0,45123000.0,29388000.0,51061000.0,46602000.0,51243000.0,54965000.0,32356000.0,48829000.0
20250429,-37981710.0,121916260.0,71944070.0,121895000.0,133885470.0,111254570.0,127417490.0,68694820.0,90513610.0,34245000.0,20180000.0,34220000.0,37583000.0,31226000.0,35787000.0,19292000.0,25433000.0
20250430,-40962700.0,118432920.0,88831910.0,137983370.0,126621680.0,129694030.0,135442390.0,73797130.0,109011470.0,33605000.0,25186000.0,39141000.0,35904000.0,36797000.0,38424000.0,20937000.0,30966000.0
20250506,36037460.0,94654260.0,121847970.0,142115350.0,150959100.0,145785470.0,154597850.0,150064540.0,105214700.0,26369000.0,33924000.0,39588000.0,42026000.0,40610000.0,43048000.0,41726000.0,29295000.0
20250507,-17744090.0,101342940.0,79119260.0,116336320.0,120815920.0,105273670.0,110755110.0,70845100.0,83107750.0,28047000.0,21845000.0,32163000.0,33392000.0,29089000.0,30627000.0,19541000.0,22976000.0
20250508,547940.0,66554260.0,66520260.0,86128310.0,86710260.0,85272940.0,86323940.0,61535320.0,59936380.0,18539000.0,18511000.0,23979000.0,24137000.0,23738000.0,24038000.0,17126000.0,16696000.0
20250509,63564360.0,78804650.0,109570550.0,116640530.0,149439000.0,187449430.0,157733610.0,139004930.0,105156390.0,21710000.0,30167000.0,32121000.0,41165000.0,51625000.0,43448000.0,38271000.0,28946000.0
20250512,57676170.0,104876040.0,132372440.0,130409670.0,160589450.0,151654290.0,144503080.0,202130890.0,151605930.0,28810000.0,36240000.0,35787000.0,44004000.0,41577000.0,39631000.0,55195000.0,41495000.0
20250513,-22407200.0,109203550.0,83372950.0,118067630.0,121491050.0,124096290.0,127317870.0,136098300.0,155283920.0,29603000.0,22550000.0,31957000.0,32867000.0,33555000.0,34427000.0,36656000.0,41928000.0
20250514,45732000.0,90817660.0,118021280.0,118765270.0,137293640.0,147013150.0,138874030.0,144609900.0,107017020.0,24634000.0,31924000.0,32188000.0,37177000.0,39804000.0,37633000.0,39067000.0,28959000.0
20250515,21247990.0,135174190.0,150448620.0,195637310.0,201610880.0,223293880.0,229413520.0,235351720.0,207984090.0,35780000.0,39749000.0,51750000.0,53295000.0,59006000.0,60651000.0,62266000.0,55106000.0
20250516,134024780.0,122841720.0,200240810.0,186319700.0,242945390.0,310787630.0,243429970.0,265899400.0,199232280.0,31839000.0,51861000.0,48301000.0,62886000.0,80452000.0,62983000.0,68737000.0,51599000.0
20250519,-59535790.0,146937480.0,105826540.0,178632330.0,160207470.0,180318480.0,185564000.0,110024340.0,164314610.0,38521000.0,27714000.0,46802000.0,41979000.0,47242000.0,48624000.0,28808000.0,43056000.0
20250520,68517800.0,96843880.0,144387320.0,162805880.0,183780230.0,192546780.0,182120290.0,218343470.0,160252160.0,24896000.0,37032000.0,41810000.0,47154000.0,49431000.0,46764000.0,55962000.0,41149000.0
20250521,12095810.0,94434520.0,85313460.0,232976280.0,254193150.0,224612170.0,251178270.0,244688540.0,206026630.0,23727000.0,21432000.0,58295000.0,63555000.0,56230000.0,62870000.0,61227000.0,51622000.0
20250522,-7563790.0,50392440.0,36630220.0,194512070.0,200710500.0,176331280.0,171194090.0,165644220.0,178345200.0,12617000.0,9170000.0,48488000.0,50013000.0,43967000.0,42691000.0,41291000.0,44489000.0
20250523,41460110.0,1772170.0,2493810.0,307025880.0,347764340.0,290218280.0,286987710.0,363736200.0,325506660.0,444000.0,624000.0,75190000.0,85111000.0,71045000.0,70242000.0,88894000.0,79597000.0
20250526,-105796590.0,276036520.0,166738010.0,259658260.0,263160180.0,253842860.0,348648750.0,411885250.0,422875950.0,71340000.0,43075000.0,66945000.0,67820000.0,65403000.0,89806000.0,105862000.0,108849000.0
20250527,-100811620.0,209912780.0,115451950.0,208261730.0,201910940.0,196928760.0,244357710.0,244380120.0,297762790.0,56293000.0,30944000.0,55824000.0,54119000.0,52773000.0,65458000.0,65386000.0,79754000.0
20250528,-84457410.0,195084690.0,116769650.0,168209610.0,162067250.0,156008800.0,164996220.0,132019920.0,207489910.0,53274000.0,31882000.0,45907000.0,44244000.0,42567000.0,45016000.0,36005000.0,56612000.0
20250529,-42645100.0,172340180.0,140905340.0,184643350.0,173433100.0,182912010.0,187634900.0,154394500.0,192316710.0,47660000.0,38899000.0,51041000.0,47934000.0,50591000.0,51908000.0,42769000.0,53320000.0
20250530,-112725490.0,205904990.0,90819070.0,166006180.0,168366610.0,161583250.0,208622050.0,139855440.0,205542130.0,58274000.0,25701000.0,46978000.0,47666000.0,45713000.0,59019000.0,39594000.0,58174000.0
20250603,15338210.0,144427470.0,149579990.0,164213530.0,174399230.0,173300690.0,194684450.0,163446880.0,126724910.0,40711000.0,42114000.0,46276000.0,49131000.0,48843000.0,54902000.0,46063000.0,35746000.0
20250604,-31355490.0,140188080.0,114964950.0,137145810.0,131013450.0,140080680.0,148009660.0,113707830.0,137134340.0,38779000.0,31790000.0,37936000.0,36236000.0,38740000.0,40926000.0,31450000.0,37952000.0
20250605,-24148900.0,102222730.0,80694820.0,108863930.0,106242940.0,104089660.0,125078580.0,75632110.0,78792090.0,28418000.0,22419000.0,30254000.0,29526000.0,28933000.0,34779000.0,21008000.0,21889000.0
20250606,-14598880.0,85795380.0,69659220.0,96033050.0,97570340.0,85790660.0,88532080.0,55190720.0,67048180.0,23851000.0,19347000.0,26685000.0,27111000.0,23834000.0,24606000.0,15328000.0,18634000.0
20250609,-180555630.0,290076090.0,112627130.0,245042960.0,241936300.0,223534780.0,254998550.0,134590310.0,283682170.0,82862000.0,32183000.0,69986000.0,69147000.0,63814000.0,72793000.0,38429000.0,80969000.0
20250610,29764630.0,142256660.0,123411390.0,138508090.0,187117990.0,180173310.0,148057720.0,143357960.0,145708920.0,40463000.0,35053000.0,39388000.0,53209000.0,51218000.0,42086000.0,40717000.0,41438000.0
20250611,59424630.0,143550640.0,173092500.0,180936230.0,210819000.0,203921120.0,195254140.0,204246480.0,153488830.0,39815000.0,47981000.0,50161000.0,58446000.0,56519000.0,54132000.0,56612000.0,42547000.0
20250612,-69788940.0,162013610.0,88068800.0,136237360.0,140393250.0,123143140.0,139634810.0,90382370.0,143679640.0,45619000.0,24785000.0,38350000.0,39525000.0,34661000.0,39301000.0,25417000.0,40435000.0
20250613,-138102300.0,236629520.0,110132430.0,187959420.0,176354200.0,172290160.0,223688670.0,128775730.0,215479520.0,68572000.0,31890000.0,54472000.0,51105000.0,49900000.0,64810000.0,37295000.0,62434000.0
20250616,-12652120.0,100317730.0,87145180.0,93284480.0,93804900.0,85367270.0,101769550.0,71925310.0,68175150.0,29253000.0,25389000.0,27198000.0,27345000.0,24880000.0,29676000.0,20953000.0,19874000.0
20250617,-2708560.0,72788920.0,60375060.0,61737290.0,71442590.0,61953740.0,60621470.0,44411350.0,48452180.0,21169000.0,17550000.0,17952000.0,20773000.0,18012000.0,17628000.0,12913000.0,14094000.0
20250618,42134700.0,83112440.0,99866810.0,82416370.0,107796700.0,101248470.0,96203320.0,89762520.0,52672970.0,23990000.0,28819000.0,23790000.0,31112000.0,29233000.0,27771000.0,25884000.0,15195000.0
20250619,-68476200.0,123267890.0,62501500.0,97380180.0,89670360.0,78980170.0,103903560.0,44140650.0,87693460.0,36011000.0,18251000.0,28439000.0,26185000.0,23054000.0,30340000.0,12878000.0,25606000.0
20250620,-22324430.0,73536440.0,54524550.0,68631700.0,65319150.0,60184790.0,62681250.0,48399720.0,68227690.0,21571000.0,15983000.0,20126000.0,19152000.0,17648000.0,18381000.0,14194000.0,20022000.0
20250623,-7363870.0,89438820.0,73256430.0,85737560.0,94556070.0,85142980.0,94858210.0,58228380.0,55877020.0,26566000.0,21735000.0,25453000.0,28069000.0,25272000.0,28181000.0,17302000.0,16608000.0
20250624,729300.0,114716810.0,108912730.0,130124940.0,136658310.0,140449550.0,164773580.0,112658240.0,87604910.0,33355000.0,31645000.0,37822000.0,39719000.0,40820000.0,47890000.0,32716000.0,25459000.0
20250625,19268680.0,92048060.0,108889420.0,118721940.0,121149270.0,128660350.0,127703850.0,95799810.0,77487630.0,26619000.0,31432000.0,34297000.0,34999000.0,37177000.0,36899000.0,27646000.0,22409000.0
20250626,-194803250.0,248527010.0,108801570.0,199008220.0,143930410.0,163172000.0,228925510.0,86056810.0,215106550.0,73112000.0,32005000.0,58526000.0,42330000.0,47986000.0,67315000.0,25308000.0,63282000.0
20250627,-53158690.0,145164760.0,75481540.0,121215140.0,137739680.0,116117950.0,144748370.0,80848320.0,105376590.0,43438000.0,22575000.0,36265000.0,41205000.0,34732000.0,43300000.0,24183000.0,31538000.0
20250630,-53577850.0,140148030.0,83265890.0,141928190.0,145232480.0,119932870.0,138166810.0,74817940.0,110161850.0,42336000.0,25140000.0,42868000.0,43860000.0,36219000.0,41738000.0,22581000.0,33266000.0
20250701,-11383250.0,89584850.0,66157870.0,85555180.0,97598910.0,72780470.0,86890120.0,45209840.0,42483440.0,27055000.0,19969000.0,25837000.0,29465000.0,21978000.0,26239000.0,13648000.0,12845000.0
20250702,-23218180.0,83419790.0,62858020.0,90608750.0,87952360.0,84999710.0,78095570.0,49306000.0,79428320.0,25241000.0,19009000.0,27413000.0,26603000.0,25710000.0,23623000.0,14906000.0,24035000.0
20250703,50289910.0,81141210.0,109178190.0,101294570.0,123547500.0,122180770.0,109803830.0,107756700.0,69843730.0,24304000.0,32697000.0,30344000.0,37005000.0,36592000.0,32885000.0,32259000.0,20910000.0
20250704,-25544800.0,99213530.0,69504410.0,104120080.0,108284390.0,95941770.0,102596140.0,46174170.0,65064600.0,29923000.0,20932000.0,31383000.0,32621000.0,28892000.0,30924000.0,13906000.0,19626000.0
20250707,-23885440.0,88929910.0,52786350.0,80677440.0,92935560.0,64183770.0,72858860.0,56310440.0,71520790.0,27041000.0,16047000.0,24529000.0,28256000.0,19514000.0,22154000.0,17124000.0,21751000.0
20250708,-17836380.0,103936970.0,74924490.0,118923460.0,130099560.0,102680060.0,108717200.0,57000880.0,68800120.0,31773000.0,22887000.0,36346000.0,39759000.0,31380000.0,33239000.0,17419000.0,21034000.0
20250709,-36261340.0,117926640.0,62823130.0,111815950.0,130658140.0,95404870.0,123268930.0,71790940.0,80188220.0,36146000.0,19243000.0,34265000.0,40036000.0,29230000.0,37773000.0,21992000.0,24581000.0
20250710,-100564000.0,191976840.0,103432940.0,191188520.0,179168430.0,171303190.0,221342960.0,119665990.0,170190220.0,59796000.0,32230000.0,59563000.0,55830000.0,53388000.0,68999000.0,37275000.0,52963000.0
20250711,11050520.0,123964920.0,118727750.0,149031100.0,165318790.0,139365170.0,148603150.0,133322010.0,113033510.0,38229000.0,36601000.0,45955000.0,50984000.0,42971000.0,45830000.0,41114000.0,34854000.0
20250714,-130752790.0,161299690.0,63699310.0,156384620.0,123232200.0,127420660.0,152633250.0,105128220.0,210668420.0,50528000.0,19945000.0,48979000.0,38594000.0,39902000.0,47807000.0,32901000.0,65963000.0
20250715,33923440.0,115673550.0,133141130.0,153084780.0,169540630.0,143316850.0,132352160.0,113187960.0,90229210.0,35863000.0,41245000.0,47451000.0,52542000.0,44423000.0,41036000.0,35055000.0,27968000.0
20250716,-6388940.0,81096360.0,82071150.0,109883490.0,102519760.0,93303610.0,94497840.0,75170960.0,80365670.0,24997000.0,25283000.0,33864000.0,31587000.0,28746000.0,29122000.0,23151000.0,24766000.0
20250717,18848340.0,104023050.0,116510640.0,141562700.0,147923450.0,124244140.0,143983030.0,144031210.0,105443980.0,31762000.0,35569000.0,43227000.0,45162000.0,37938000.0,43965000.0,43965000.0,32195000.0
20250718,-2858860.0,99134070.0,86130280.0,111070020.0,121214950.0,119333040.0,114320970.0,118709550.0,126580480.0,30291000.0,26284000.0,33926000.0,37009000.0,36424000.0,34912000.0,36225000.0,38662000.0
20250721,52069720.0,95288140.0,123345270.0,118954320.0,142966900.0,135574070.0,125641040.0,160429390.0,118292700.0,28770000.0,37200000.0,35910000.0,43136000.0,40892000.0,37920000.0,48372000.0,35690000.0
20250722,17230460.0,143400440.0,147278160.0,155819360.0,169172100.0,193878000.0,188799820.0,229675300.0,217523020.0,42559000.0,43616000.0,46221000.0,50128000.0,57468000.0,55947000.0,67915000.0,64473000.0
20250723,-61491470.0,143041590.0,93042320.0,140979130.0,129486920.0,150437870.0,167687630.0,105125450.0,149367160.0,42139000.0,27395000.0,41516000.0,38140000.0,44299000.0,49388000.0,30954000.0,43984000.0
20250724,25628030.0,127501690.0,139131480.0,148710870.0,162709110.0,179079900.0,170716040.0,193644550.0,176380380.0,37152000.0,40523000.0,43332000.0,47396000.0,52180000.0,49739000.0,56399000.0,51405000.0
20250725,-114438460.0,167305300.0,85056070.0,148543900.0,116354680.0,131554030.0,138836520.0,83383430.0,190539400.0,49500000.0,25158000.0,43944000.0,34413000.0,38915000.0,41061000.0,24681000.0,56409000.0
20250728,-33765890.0,100591370.0,75462410.0,106507010.0,97870090.0,108776140.0,96789040.0,78825580.0,124578570.0,29843000.0,22374000.0,31592000.0,29024000.0,32257000.0,28700000.0,23365000.0,36959000.0
20250729,-29506530.0,119604160.0,83804890.0,130227100.0,136519840.0,109055560.0,111563030.0,73387390.0,100386450.0,107201000.0,75090000.0,116716000.0,122337000.0,97707000.0,99959000.0,65735000.0,89975000.0
20250730,-80829920.0,165286130.0,88001070.0,179907110.0,176362240.0,141013270.0,166921600.0,88181360.0,143102950.0,151089000.0,80309000.0,164357000.0,161015000.0,128755000.0,152447000.0,80633000.0,131062000.0
20250731,-89854470.0,193376060.0,98616870.0,197415500.0,202320220.0,136259780.0,198765650.0,107438740.0,134787340.0,182719000.0,93210000.0,186563000.0,191238000.0,128710000.0,187709000.0,101508000.0,127343000.0
20250801,-4851860.0,85900700.0,69559580.0,124153480.0,135642740.0,99411120.0,112255550.0,72200650.0,64208080.0,81607000.0,66026000.0,117905000.0,128772000.0,94367000.0,106564000.0,68458000.0,60975000.0
20250804,-38765980.0,106431970.0,70391220.0,142665640.0,139940410.0,115011570.0,140355520.0,65281180.0,78703210.0,102435000.0,67592000.0,137182000.0,134622000.0,110539000.0,135036000.0,62781000.0,75688000.0
20250805,-18498260.0,84315100.0,60265300.0,124220790.0,129772340.0,87271900.0,107641750.0,58155870.0,56284280.0,80637000.0,57566000.0,118752000.0,124039000.0,83404000.0,102938000.0,55557000.0,53807000.0
20250806,-16913620.0,80884780.0,59571910.0,115919260.0,120318520.0,84356270.0,82504280.0,37318190.0,56083800.0,77633000.0,57165000.0,111246000.0,115463000.0,80932000.0,79172000.0,35809000.0,53820000.0
20250807,23907200.0,86828130.0,86803820.0,134573800.0,158505310.0,131455290.0,130267670.0,99804060.0,77084480.0,82246000.0,82191000.0,127473000.0,150157000.0,124499000.0,123428000.0,94545000.0,72988000.0
20250808,-43913770.0,98625570.0,57660120.0,114385440.0,111437120.0,76417990.0,90669100.0,51102730.0,80765390.0,94612000.0,55280000.0,109715000.0,106868000.0,73283000.0,86971000.0,49004000.0,77495000.0
20250811,25134750.0,77386650.0,77669140.0,110668520.0,135520770.0,109753370.0,96580070.0,76324420.0,64362970.0,73806000.0,73994000.0,105556000.0,129157000.0,104642000.0,92126000.0,72693000.0,61421000.0
20250812,2866220.0,65600660.0,61342800.0,109649950.0,116774050.0,93795750.0,91366250.0,61217540.0,60780820.0,62035000.0,57966000.0,103670000.0,110376000.0,88656000.0,86389000.0,57834000.0,57465000.0
20250813,-9903280.0,87071070.0,90615160.0,153666420.0,140219060.0,141369690.0,138169860.0,108767300.0,121870410.0,81585000.0,84846000.0,143963000.0,131353000.0,132435000.0,129466000.0,101847000.0,114165000.0
20250814,-8541390.0,86866110.0,65373160.0,137655530.0,150607100.0,144256880.0,139046730.0,79033380.0,92784920.0,81421000.0,61221000.0,128974000.0,141091000.0,135140000.0,130298000.0,74013000.0,86938000.0
20250815,-27304680.0,82114340.0,71115100.0,124037880.0,107732430.0,103099420.0,119996520.0,73853070.0,84260650.0,77476000.0,67065000.0,116994000.0,101604000.0,97242000.0,113168000.0,69641000.0,79516000.0
20250818,41696690.0,122648680.0,137518400.0,177337640.0,204164610.0,208850480.0,191865340.0,159239380.0,134527830.0,113575000.0,127391000.0,164374000.0,189216000.0,193780000.0,177833000.0,147522000.0,124812000.0
20250819,-19093080.0,90475870.0,73606910.0,132197930.0,129973800.0,118031640.0,123004480.0,79829500.0,93949740.0,83858000.0,68206000.0,122521000.0,120438000.0,109367000.0,114011000.0,73989000.0,87080000.0
20250820,-1850120.0,84228230.0,74526180.0,124339900.0,132191830.0,114777310.0,118467880.0,89700480.0,87860030.0,78619000.0,69453000.0,115978000.0,123218000.0,107003000.0,110494000.0,83453000.0,81889000.0
20250821,-55625360.0,102068200.0,70822590.0,161903920.0,137524180.0,133642000.0,155694400.0,86752900.0,120325860.0,94753000.0,65695000.0,150271000.0,127558000.0,123976000.0,144490000.0,80463000.0,111721000.0
20250822,58073880.0,135375740.0,173818490.0,248687480.0,268318600.0,238480580.0,229886780.0,212603180.0,163123100.0,123646000.0,158759000.0,227212000.0,245175000.0,218018000.0,210111000.0,194244000.0,149075000.0
20250825,-28452270.0,135361560.0,117837410.0,207314690.0,196386570.0,190503930.0,200961540.0,147138110.0,165132770.0,121744000.0,105900000.0,186414000.0,176546000.0,171234000.0,180618000.0,132236000.0,148563000.0
20250826,10537130.0,143976510.0,145932030.0,227045450.0,235627060.0,230140470.0,242513050.0,183888670.0,160978960.0,127055000.0,128793000.0,200425000.0,208002000.0,203180000.0,214172000.0,162256000.0,141948000.0
20250827,-97169510.0,194980740.0,112535420.0,234424050.0,219699870.0,201947000.0,246197080.0,144824900.0,197744330.0,173383000.0,99923000.0,208336000.0,195193000.0,179407000.0,218781000.0,128620000.0,175851000.0
20250828,-116175650.0,198272860.0,97459130.0,250381410.0,235019500.0,203693480.0,275506450.0,175498850.0,219861530.0,182652000.0,89743000.0,230633000.0,216483000.0,187630000.0,253786000.0,161606000.0,202510000.0
20250829,87028630.0,203999920.0,251465430.0,364139560.0,403702670.0,393462640.0,376650110.0,335730490.0,265514390.0,180218000.0,221849000.0,321550000.0,356516000.0,347271000.0,332168000.0,295863000.0,234369000.0
20250901,-172286890.0,315047750.0,204303560.0,438432670.0,376889970.0,354324310.0,465565470.0,346884290.0,407930020.0,288148000.0,186636000.0,400926000.0,344416000.0,323869000.0,425597000.0,316924000.0,373218000.0
20250902,-1330630.0,144238050.0,134676210.0,251332290.0,259563490.0,267430360.0,256677310.0,186546580.0,198630260.0,131376000.0,122469000.0,228783000.0,236193000.0,243341000.0,233661000.0,169724000.0,180901000.0
20250903,-127025210.0,192999250.0,96511930.0,243286000.0,212748120.0,223782500.0,285806970.0,137527120.0,202527860.0,178119000.0,88878000.0,224266000.0,195934000.0,206052000.0,263437000.0,126787000.0,186974000.0
20250904,-181323450.0,243735210.0,108765940.0,278989590.0,232635400.0,196242220.0,292604020.0,139916570.0,224878220.0,231610000.0,103272000.0,265017000.0,220901000.0,186301000.0,277784000.0,132813000.0,213783000.0
20250905,57938810.0,136708170.0,155817840.0,231017900.0,269847040.0,269965710.0,219993940.0,193099010.0,185131970.0,129941000.0,147387000.0,219344000.0,255807000.0,255648000.0,208736000.0,182592000.0,175595000.0
20250908,-47019780.0,132824880.0,88663210.0,190998270.0,188140160.0,144839820.0,194230990.0,122381050.0,120009660.0,124977000.0,83389000.0,179684000.0,176962000.0,136224000.0,182672000.0,115038000.0,112901000.0
20250909,-24103670.0,97263180.0,71285550.0,129614040.0,131487990.0,103243860.0,120150630.0,74803880.0,82000780.0,91727000.0,67137000.0,122189000.0,123906000.0,97268000.0,113246000.0,70452000.0,77347000.0
20250910,-17611570.0,78784080.0,57231390.0,106908640.0,110849760.0,91796470.0,95289140.0,62646200.0,76765100.0,74692000.0,54220000.0,101329000.0,105014000.0,86972000.0,90310000.0,59376000.0,72826000.0
20250911,-12353760.0,112019890.0,98428530.0,178409380.0,179646980.0,167683550.0,151922210.0,110231850.0,138346950.0,106073000.0,92990000.0,168838000.0,169919000.0,158608000.0,143775000.0,104263000.0,131098000.0
20250912,-50906370.0,114842040.0,78724390.0,156226730.0,141438020.0,129051730.0,143181960.0,85857750.0,122633890.0,107826000.0,73829000.0,146585000.0,132659000.0,121004000.0,134333000.0,80495000.0,115090000.0
20250915,81131680.0,174022880.0,215833880.0,296633530.0,335954210.0,314982760.0,302041740.0,276407330.0,208216670.0,159711000.0,198022000.0,272304000.0,308406000.0,289195000.0,277258000.0,253594000.0,191118000.0
20250916,-44325500.0,122371830.0,88911450.0,174816100.0,163950990.0,157642190.0,165224690.0,120513670.0,157256670.0,113472000.0,82399000.0,162055000.0,151975000.0,146022000.0,153064000.0,111610000.0,145723000.0
20250917,129852380.0,170364610.0,225067980.0,261144400.0,336293410.0,339112570.0,283446950.0,312146690.0,237959930.0,154382000.0,203949000.0,236904000.0,304857000.0,307480000.0,257050000.0,282474000.0,215384000.0
20250918,-34363080.0,212645550.0,167560650.0,296711580.0,307433400.0,288588530.0,299601990.0,238273670.0,261623290.0,192031000.0,150898000.0,267697000.0,277046000.0,259895000.0,270046000.0,214391000.0,236024000.0
20250919,-27357580.0,105267070.0,90498650.0,163348760.0,150759600.0,136263030.0,145295450.0,113938760.0,132263920.0,95995000.0,82445000.0,148915000.0,137373000.0,124151000.0,132445000.0,103916000.0,120714000.0
20250922,-68036210.0,126256010.0,76357390.0,176256350.0,158118740.0,133938480.0,153356740.0,92945330.0,141563280.0,117264000.0,70892000.0,163685000.0,146812000.0,124329000.0,142388000.0,86281000.0,131468000.0
20250923,-151947420.0,198270700.0,86042050.0,237591160.0,197872390.0,163325520.0,207101560.0,89635820.0,197807200.0,187505000.0,81345000.0,224534000.0,186886000.0,154252000.0,195648000.0,84672000.0,187084000.0
20250924,-69605940.0,136959640.0,86335030.0,180623320.0,161641990.0,135549730.0,135991500.0,122759540.0,191923710.0,130458000.0,82121000.0,171953000.0,153792000.0,128995000.0,129423000.0,116756000.0,182827000.0
20250925,87464860.0,112315360.0,158057460.0,205100640.0,246823400.0,218716760.0,196384240.0,206061480.0,140929140.0,105121000.0,147448000.0,191824000.0,230602000.0,204373000.0,183598000.0,192165000.0,131834000.0
20250926,19526390.0,154192100.0,163970340.0,239767840.0,249515980.0,219659980.0,235260340.0,211429390.0,176302640.0,141731000.0,150252000.0,220232000.0,228659000.0,201376000.0,215776000.0,193274000.0,161925000.0
20250929,8955050.0,111892750.0,121843570.0,200817040.0,199821260.0,181630910.0,180788820.0,167846730.0,159733770.0,103835000.0,112880000.0,186266000.0,185190000.0,168385000.0,167740000.0,155497000.0,148174000.0
20250930,-18866100.0,105592390.0,102891940.0,197921090.0,181755450.0,184420790.0,183159030.0,132117600.0,152245460.0,96718000.0,94158000.0,181238000.0,166361000.0,168821000.0,167721000.0,120978000.0,139516000.0
20251009,86331800.0,178120960.0,202875550.0,267989120.0,329566330.0,342131860.0,327608860.0,331358530.0,259549730.0,160585000.0,182575000.0,241589000.0,296838000.0,308335000.0,295212000.0,298213000.0,234097000.0
20251010,-106455630.0,160486250.0,106725260.0,231235080.0,178540440.0,159369810.0,180187720.0,90950410.0,176588130.0,147595000.0,98088000.0,212515000.0,164011000.0,146401000.0,165594000.0,83591000.0,162409000.0
20251013,-150180350.0,223471930.0,124830140.0,273244140.0,221705580.0,181508170.0,213950590.0,105953200.0,223691130.0,212222000.0,118496000.0,259418000.0,210405000.0,172275000.0,203050000.0,100515000.0,212480000.0
20251014,17620970.0,166262420.0,160361480.0,239761940.0,263283860.0,244653020.0,234362990.0,173745470.0,166414530.0,155271000.0,149001000.0,223625000.0,244866000.0,227312000.0,218335000.0,161579000.0,155585000.0
20251015,23188330.0,91717040.0,106949130.0,158862970.0,166819210.0,157215170.0,152254390.0,98522780.0,80295230.0,86255000.0,100418000.0,149352000.0,156688000.0,147675000.0,143197000.0,92509000.0,75488000.0
20251016,7276700.0,109953360.0,108688070.0,169174960.0,177716950.0,167673500.0,158900660.0,116072060.0,117568200.0,102403000.0,100902000.0,157491000.0,165100000.0,155636000.0,147735000.0,107567000.0,109359000.0
20251017,-185537480.0,215761640.0,89010990.0,235554990.0,176768150.0,136685410.0,194976700.0,65637990.0,192884180.0,205348000.0,84670000.0,224154000.0,168123000.0,129987000.0,185542000.0,62417000.0,183572000.0
20251020,-65325820.0,95350580.0,54627280.0,140527180.0,115924650.0,86586790.0,132043750.0,49705430.0,69574290.0,91154000.0,52175000.0,134302000.0,110756000.0,82703000.0,126195000.0,47455000.0,66489000.0
20251021,-14528440.0,63015070.0,50469430.0,102239040.0,100256240.0,85614280.0,88077610.0,62510560.0,74575670.0,60146000.0,48157000.0,97570000.0,95665000.0,81706000.0,84055000.0,59653000.0,71197000.0
20251022,-106401540.0,110977000.0,44113000.0,132672040.0,93134500.0,80261010.0,97387440.0,47620170.0,136895280.0,106912000.0,42489000.0,127793000.0,89705000.0,77301000.0,93799000.0,45868000.0,131881000.0
20251023,-57590930.0,113312270.0,70618230.0,132322350.0,117425460.0,92005720.0,109641710.0,51325840.0,91280780.0,110356000.0,68680000.0,128789000.0,114270000.0,89517000.0,106764000.0,49942000.0,88890000.0
20251024,-31073930.0,67279330.0,46923980.0,109753330.0,99034760.0,85000460.0,98998450.0,55363300.0,72439240.0,64774000.0,45152000.0,105658000.0,95326000.0,81822000.0,95309000.0,53289000.0,69756000.0
20251027,-24066960.0,73197430.0,60258630.0,119934380.0,108806230.0,104278430.0,97257870.0,63365440.0,94452960.0,70235000.0,57771000.0,115050000.0,104324000.0,99978000.0,93272000.0,60725000.0,90620000.0
20251028,-24006380.0,58505940.0,46907720.0,99807700.0,87399550.0,75617180.0,76927740.0,41621780.0,64317600.0,56373000.0,45172000.0,96146000.0,84173000.0,72826000.0,74098000.0,40071000.0,61973000.0
20251029,7448470.0,76737270.0,74913280.0,128317630.0,137590090.0,113779480.0,118242270.0,94026460.0,82115200.0,73976000.0,71995000.0,123563000.0,132380000.0,109452000.0,113853000.0,90349000.0,79112000.0
20251030,-42521490.0,77807610.0,51191210.0,128802910.0,112897820.0,102248660.0,108895630.0,64533380.0,100407900.0,74861000.0,49177000.0,123862000.0,108507000.0,98267000.0,104688000.0,61998000.0,96618000.0
20251031,-120077800.0,184955280.0,88546550.0,218912530.0,195243460.0,147735200.0,208785170.0,90252100.0,149279930.0,183561000.0,87834000.0,217259000.0,193753000.0,146625000.0,207250000.0,89607000.0,148216000.0
20251103,-114202320.0,177761480.0,86277640.0,180822920.0,158104450.0,130116420.0,177532650.0,58567140.0,125353230.0,179254000.0,86986000.0,182290000.0,159394000.0,131104000.0,178938000.0,59022000.0,126352000.0
20251104,-97596690.0,136467900.0,65519340.0,150891800.0,124243680.0,95782510.0,135105400.0,44277540.0,102551340.0,138881000.0,66667000.0,153578000.0,126430000.0,97500000.0,137496000.0,45058000.0,104425000.0
20251105,-79259950.0,164225350.0,90557040.0,178886910.0,173295280.0,136198570.0,176440340.0,82410750.0,121428930.0,171687000.0,94589000.0,187007000.0,181071000.0,142351000.0,184516000.0,86170000.0,127039000.0
20251106,20008820.0,90852750.0,92726930.0,119245270.0,137379900.0,120366960.0,103838220.0,59307410.0,55827330.0,93685000.0,95584000.0,123010000.0,141728000.0,124099000.0,107134000.0,61209000.0,57557000.0
20251107,-33644050.0,70744940.0,53233580.0,110540690.0,94408000.0,91961490.0,92660710.0,41334680.0,74279510.0,72563000.0,54561000.0,113347000.0,96788000.0,94280000.0,95002000.0,42371000.0,76210000.0
20251110,55749380.0,101624590.0,124561970.0,157494250.0,190306260.0,166052100.0,157043230.0,126152940.0,79412430.0,102280000.0,125403000.0,158564000.0,191574000.0,167203000.0,158085000.0,126830000.0,79815000.0
20251111,-45931650.0,82854520.0,51507660.0,104300900.0,89716120.0,86052220.0,86656590.0,42904770.0,88232050.0,83870000.0,52117000.0,105552000.0,90765000.0,87038000.0,87645000.0,43397000.0,89331000.0
20251112,-40450010.0,69346710.0,43695240.0,87547560.0,72749020.0,66456000.0,64191250.0,32234500.0,74949260.0,70743000.0,44571000.0,89289000.0,74199000.0,67759000.0,65453000.0,32852000.0,76421000.0
20251113,59520070.0,100625600.0,120607590.0,161677410.0,201215500.0,170520310.0,144804180.0,143119610.0,109315670.0,101400000.0,121237000.0,163028000.0,202562000.0,171720000.0,145910000.0,143842000.0,110282000.0
20251114,-67406720.0,94137220.0,51432950.0,121343400.0,96640960.0,82939690.0,125649770.0,41193180.0,65889820.0,95156000.0,51923000.0,122570000.0,97557000.0,83695000.0,126966000.0,41564000.0,66538000.0
20251117,-26361430.0,53678970.0,39828410.0,75337410.0,62826540.0,49222090.0,60743250.0,24682310.0,39522580.0,54834000.0,40658000.0,76944000.0,64151000.0,50267000.0,62033000.0,25203000.0,40405000.0
20251118,-86315720.0,97727090.0,42177600.0,112103170.0,81336940.0,62467550.0,94830350.0,22618470.0,76571390.0,100995000.0,43572000.0,115851000.0,84029000.0,64550000.0,97991000.0,23361000.0,79165000.0
20251119,-65230210.0,101822660.0,42466780.0,116687310.0,110812980.0,80436640.0,119250170.0,33834320.0,60251000.0,106603000.0,44441000.0,122122000.0,115954000.0,84171000.0,124803000.0,35397000.0,63094000.0
20251120,-72217450.0,119542670.0,53478440.0,129858350.0,123705140.0,84345920.0,112429190.0,35487860.0,79622040.0,126851000.0,56743000.0,137759000.0,131271000.0,89518000.0,119312000.0,37682000.0,84484000.0
20251121,-30255290.0,104678670.0,72500080.0,134807270.0,136730570.0,115644810.0,127499320.0,63160900.0,81561680.0,113081000.0,78176000.0,145604000.0,147600000.0,124881000.0,137746000.0,68147000.0,88191000.0
20251124,17935820.0,57763160.0,70639210.0,98542240.0,103602000.0,90328910.0,82686460.0,59839370.0,49546000.0,61723000.0,75395000.0,105296000.0,110617000.0,96472000.0,88342000.0,63811000.0,52949000.0
20251125,-15477900.0,64710840.0,52822410.0,88683880.0,85094400.0,72493270.0,79542810.0,36197590.0,44625950.0,68534000.0,55890000.0,93906000.0,90070000.0,76736000.0,84230000.0,38312000.0,47298000.0
20251126,30935310.0,59155010.0,71460890.0,91446620.0,110076040.0,86515900.0,72627590.0,54345120.0,37298120.0,62230000.0,75158000.0,96197000.0,115782000.0,91003000.0,76402000.0,57147000.0,39235000.0
20251127,-25039470.0,48816100.0,34440300.0,71339800.0,60676130.0,47903230.0,61406980.0,23475820.0,35011540.0,51564000.0,36368000.0,75342000.0,64074000.0,50582000.0,64859000.0,24791000.0,36979000.0
20251128,21815500.0,41201170.0,43926160.0,63808910.0,82899400.0,71445520.0,56537240.0,31605980.0,24698760.0,43450000.0,46308000.0,67282000.0,87383000.0,75311000.0,59607000.0,33307000.0,26052000.0
20251201,4761290.0,53296830.0,50167700.0,73598660.0,81489080.0,57347050.0,61298930.0,39459100.0,30745930.0,55710000.0,52395000.0,76911000.0,85130000.0,59899000.0,64043000.0,41192000.0,32144000.0
20251202,35992830.0,69156720.0,93096230.0,109782680.0,121835990.0,102153030.0,92271950.0,67264750.0,41153000.0,71368000.0,95997000.0,113250000.0,125611000.0,105305000.0,95149000.0,69296000.0,42461000.0
20251203,-29065690.0,63400950.0,43452450.0,76693880.0,67576700.0,57090510.0,73424070.0,23557590.0,36289720.0,66519000.0,45587000.0,80448000.0,70898000.0,59879000.0,77022000.0,24727000.0,38066000.0
20251204,6527820.0,43139280.0,35243240.0,49853550.0,64277410.0,53754740.0,41510230.0,10928380.0,16645070.0,45462000.0,37124000.0,52545000.0,67729000.0,56625000.0,43747000.0,11509000.0,17541000.0
20251205,15238980.0,47801280.0,52029830.0,65908920.0,76919360.0,59939400.0,55101560.0,28475410.0,18074270.0,50092000.0,54442000.0,69041000.0,80539000.0,62713000.0,57707000.0,29772000.0,18930000.0
20251208,14287990.0,50941850.0,52367280.0,67517310.0,80379850.0,71515120.0,68285070.0,49751910.0,38693970.0,52673000.0,54114000.0,69800000.0,83078000.0,73922000.0,70595000.0,51410000.0,40018000.0
20251209,-4654950.0,40843100.0,32899080.0,49368780.0,52657850.0,48009430.0,46653570.0,18584430.0,24595240.0,42524000.0,34242000.0,51400000.0,54806000.0,49968000.0,48571000.0,19335000.0,25608000.0
20251210,18848270.0,38788570.0,47935700.0,61799560.0,71500690.0,62047030.0,50089020.0,27663660.0,20773400.0,40474000.0,49946000.0,64475000.0,74533000.0,64666000.0,52236000.0,28788000.0,21687000.0
20251211,15527990.0,43102330.0,53589300.0,74000900.0,79041920.0,77836060.0,71081110.0,47305540.0,38532500.0,44664000.0,55485000.0,76659000.0,81854000.0,80598000.0,73649000.0,48986000.0,39920000.0
20251212,77704540.0,92309140.0,123622270.0,131742420.0,178133830.0,199951440.0,146666670.0,115042640.0,90622870.0,94975000.0,127169000.0,135611000.0,183257000.0,205760000.0,150898000.0,118275000.0,93297000.0
20251215,-32948590.0,76234620.0,55371660.0,98606910.0,86521280.0,85007960.0,86120030.0,22575340.0,54411860.0,79215000.0,57502000.0,102399000.0,89820000.0,88244000.0,89425000.0,23443000.0,56555000.0
20251216,-28014040.0,77097220.0,55026530.0,85786460.0,79843110.0,65716930.0,79017790.0,16433050.0,31146230.0,81434000.0,58098000.0,90598000.0,84295000.0,69378000.0,83474000.0,17358000.0,32901000.0
20251217,434630.0,64749010.0,64696860.0,88695550.0,89182330.0,75725300.0,72930100.0,29244050.0,31604620.0,68430000.0,68235000.0,93620000.0,94128000.0,79928000.0,77081000.0,30847000.0,33381000.0
20251218,-42516750.0,79305780.0,55597390.0,87262920.0,68454550.0,54726950.0,71013100.0,16317050.0,42547650.0,84384000.0,59129000.0,92835000.0,72814000.0,58218000.0,75574000.0,17360000.0,45280000.0
20251219,6268430.0,64243870.0,60405780.0,79058720.0,89165240.0,69337990.0,72605510.0,44663200.0,35127250.0,67918000.0,63847000.0,83610000.0,94263000.0,73318000.0,76777000.0,47222000.0,37181000.0
20251222,-18301260.0,55217620.0,40234310.0,71252430.0,67934470.0,51186290.0,64158920.0,17579860.0,22908490.0,58338000.0,42482000.0,75271000.0,71737000.0,54052000.0,67793000.0,18573000.0,24223000.0
20251223,12425620.0,54070350.0,54616310.0,74911260.0,86790920.0,65570810.0,59761290.0,30215570.0,23599470.0,56941000.0,57488000.0,78894000.0,91366000.0,69004000.0,62920000.0,31777000.0,24843000.0
20251224,-20757390.0,52980570.0,44332460.0,70788580.0,58679300.0,40183880.0,54757290.0,17982800.0,24166780.0,56153000.0,46976000.0,75021000.0,62181000.0,42580000.0,58039000.0,19056000.0,25614000.0
20251225,17352140.0,37520870.0,43080420.0,50962040.0,62754640.0,49361280.0,46413640.0,34728190.0,20323690.0,39631000.0,45485000.0,53828000.0,66246000.0,52101000.0,49004000.0,36643000.0,21467000.0
20251226,146000970.0,181546300.0,249163770.0,268822060.0,347205570.0,289806750.0,269070810.0,277680680.0,152415650.0,181834000.0,250150000.0,269259000.0,348458000.0,291113000.0,269766000.0,278754000.0,152584000.0
20251229,12842710.0,105967400.0,99636500.0,156517390.0,175691000.0,151141200.0,144659320.0,107322830.0,100962000.0,105679000.0,99260000.0,156003000.0,175061000.0,150594000.0,144219000.0,106890000.0,100627000.0
20251230,2098650.0,72046960.0,67983560.0,94564490.0,100726550.0,105733750.0,89704150.0,45124600.0,59055550.0,72370000.0,68235000.0,94958000.0,101114000.0,106132000.0,90085000.0,45296000.0,59322000.0
20251231,-55379980.0,115041030.0,69439210.0,132092010.0,122313850.0,100086590.0,124062440.0,48311400.0,79715530.0,117243000.0,70729000.0,134548000.0,124603000.0,101941000.0,126354000.0,49127000.0,81174000.0
20260105,-12497210.0,82066470.0,73701160.0,124644870.0,120512970.0,109677800.0,111854700.0,59890650.0,70210960.0,83484000.0,74905000.0,126776000.0,122530000.0,111463000.0,113802000.0,60902000.0,71387000.0
20260106,45774380.0,91903340.0,118606750.0,154049470.0,173120440.0,162223570.0,151453420.0,110326240.0,75322010.0,92559000.0,119259000.0,155103000.0,174142000.0,163275000.0,152519000.0,110847000.0,75865000.0
20260107,-110931980.0,154667940.0,95958090.0,189325060.0,137102930.0,121896290.0,159116760.0,84367780.0,158079290.0,157685000.0,97816000.0,192961000.0,139623000.0,124231000.0,162036000.0,85971000.0,161374000.0
20260108,-28730350.0,81502160.0,66285370.0,107868000.0,94354430.0,72681230.0,81806180.0,28792560.0,48397960.0,84269000.0,68523000.0,111510000.0,97528000.0,75121000.0,84568000.0,29754000.0,50036000.0
20260109,6659050.0,57153310.0,63875830.0,99143410.0,99079940.0,105583060.0,90814090.0,79383240.0,87493160.0,58691000.0,65539000.0,101781000.0,101663000.0,108360000.0,93218000.0,81509000.0,89921000.0
20260112,-4201420.0,86494500.0,72300710.0,129627660.0,139620020.0,127283080.0,126903620.0,69138020.0,73718900.0,89216000.0,74505000.0,133666000.0,143909000.0,131180000.0,130816000.0,71196000.0,76027000.0
20260113,-5103850.0,103211290.0,103926370.0,163039310.0,157220370.0,148021050.0,155513780.0,76251350.0,73862470.0,105126000.0,105615000.0,165890000.0,159767000.0,150364000.0,158187000.0,77343000.0,75153000.0
20260114,-86303550.0,129764780.0,79371540.0,181329590.0,145419280.0,129641580.0,173274710.0,56779510.0,99449930.0,134422000.0,82051000.0,187637000.0,150369000.0,134030000.0,179341000.0,58661000.0,102990000.0
20260115,-34137740.0,74245360.0,43194030.0,104125460.0,101039050.0,71864540.0,88091360.0,33344950.0,51255870.0,77427000.0,45007000.0,108545000.0,105321000.0,74912000.0,91847000.0,34752000.0,53461000.0
20260116,-8888180.0,83207880.0,66658730.0,126525820.0,134186800.0,111668560.0,107643900.0,49130630.0,62043470.0,86491000.0,69113000.0,131415000.0,139213000.0,115794000.0,111803000.0,50887000.0,64459000.0
20260119,-8285530.0,73123810.0,61576580.0,116289740.0,119551440.0,92062950.0,95019620.0,41288890.0,46617750.0,75946000.0,63869000.0,120728000.0,124067000.0,95479000.0,98596000.0,42774000.0,48395000.0
20260120,-95335350.0,119207440.0,54978420.0,142041470.0,110935140.0,79903900.0,110750220.0,28780950.0,93269980.0,125418000.0,57837000.0,149414000.0,116688000.0,84063000.0,116501000.0,30255000.0,98124000.0
20260121,-46681060.0,81373110.0,37131160.0,104784020.0,102344910.0,72642560.0,99178480.0,32233080.0,52378220.0,86244000.0,39318000.0,111025000.0,108440000.0,76947000.0,105111000.0,34118000.0,55465000.0
20260122,-27642070.0,74299800.0,45487000.0,98154140.0,99324870.0,70858540.0,85529010.0,30841180.0,43812780.0,78909000.0,48264000.0,104211000.0,105416000.0,75197000.0,90807000.0,32698000.0,46528000.0
20260123,-72465540.0,98648510.0,45750700.0,139529970.0,119962230.0,86241420.0,122635720.0,35386740.0,71457980.0,105123000.0,48712000.0,148658000.0,127786000.0,91855000.0,130673000.0,37667000.0,76132000.0
20260126,-54952790.0,102515250.0,45697900.0,126619720.0,128484270.0,86459180.0,117272710.0,32943110.0,57082370.0,110460000.0,49211000.0,136413000.0,138425000.0,93110000.0,126350000.0,35476000.0,61474000.0
20260127,-58059890.0,95093100.0,52634940.0,118479950.0,102878220.0,76620020.0,97174130.0,34277220.0,71783000.0,103340000.0,57173000.0,128741000.0,111770000.0,83238000.0,105590000.0,37223000.0,78009000.0
20260128,-13603710.0,158521150.0,129442000.0,217140830.0,232616280.0,183855340.0,200411500.0,95797680.0,92845230.0,173671000.0,140934000.0,237414000.0,254121000.0,200302000.0,218926000.0,104179000.0,101585000.0
20260129,-26557910.0,86647960.0,59268610.0,127364410.0,128185840.0,91593140.0,99111820.0,36740750.0,55779980.0,94141000.0,64334000.0,138345000.0,139229000.0,99457000.0,107676000.0,39882000.0,60585000.0
20260130,-58955300.0,81014570.0,47651250.0,116109590.0,90517620.0,73225570.0,96763650.0,29837390.0,65254610.0,88863000.0,52247000.0,127336000.0,99253000.0,80283000.0,106101000.0,32695000.0,71574000.0
20260202,-148390960.0,179196580.0,79369070.0,216240260.0,167676820.0,123715600.0,166628790.0,48532630.0,154010400.0,204298000.0,90353000.0,246466000.0,191000000.0,140948000.0,189990000.0,55261000.0,175630000.0
20260203,-39579730.0,96086460.0,56560270.0,117462220.0,117408680.0,80232170.0,94983990.0,33818860.0,58646770.0,110834000.0,65181000.0,135478000.0,135388000.0,92545000.0,109558000.0,38971000.0,67701000.0
20260204,44991850.0,67247230.0,88701960.0,105891330.0,129428460.0,95588840.0,75779130.0,63525610.0,38343470.0,76223000.0,100434000.0,120045000.0,146629000.0,108318000.0,85927000.0,71919000.0,43515000.0
20260205,6425450.0,68641050.0,76891080.0,116206430.0,114381850.0,80530920.0,82194620.0,53069610.0,44980460.0,76415000.0,85455000.0,129278000.0,127229000.0,89565000.0,91507000.0,58983000.0,50049000.0
20260206,-2101430.0,50460640.0,49613720.0,84911520.0,83657020.0,58106220.0,57773790.0,28231310.0,30665170.0,56259000.0,55236000.0,94623000.0,93253000.0,64774000.0,64419000.0,31431000.0,34179000.0
20260209,-7289930.0,44546400.0,36635630.0,65467720.0,66088560.0,52176200.0,53110550.0,25407690.0,31763270.0,49437000.0,40646000.0,72658000.0,73335000.0,57895000.0,58938000.0,28189000.0,35260000.0
20260210,13927050.0,43134000.0,53941070.0,84488020.0,87608010.0,72396830.0,69386330.0,43403140.0,32486590.0,47437000.0,59287000.0,92890000.0,96313000.0,79562000.0,76276000.0,47716000.0,35729000.0
20260211,28051780.0,62672460.0,81313770.0,121508190.0,130918660.0,116784720.0,103994980.0,65246410.0,49984370.0,67909000.0,88130000.0,131661000.0,141893000.0,126592000.0,112728000.0,70787000.0,54198000.0
20260212,-31625090.0,55844670.0,36547960.0,77617600.0,65289220.0,55241640.0,69968260.0,21899310.0,38797780.0,61078000.0,39965000.0,84869000.0,71391000.0,60414000.0,76511000.0,23952000.0,42445000.0
20260213,-19042730.0,57227510.0,47550830.0,73096540.0,63730490.0,47938640.0,52333960.0,18095250.0,32742660.0,63354000.0,52614000.0,80901000.0,70530000.0,53051000.0,57926000.0,20032000.0,36268000.0
20260224,5855940.0,43377730.0,41393960.0,62307040.0,70146760.0,49752120.0,50303360.0,32551980.0,26144800.0,47657000.0,45461000.0,68448000.0,77040000.0,54624000.0,55234000.0,35715000.0,28709000.0
20260225,23851710.0,55870410.0,63746950.0,89248670.0,105223840.0,90305540.0,82521150.0,63146830.0,47079510.0,60846000.0,69313000.0,97148000.0,114433000.0,98184000.0,89822000.0,68602000.0,51211000.0
20260226,-61427900.0,80942000.0,42898940.0,100932160.0,77547320.0,61912030.0,82438230.0,18206030.0,59107730.0,89915000.0,47668000.0,112105000.0,86149000.0,68774000.0,91548000.0,20226000.0,65654000.0
20260227,-18198240.0,49940590.0,32605410.0,62657130.0,61794080.0,57839740.0,58864070.0,25794440.0,42968350.0,55832000.0,36427000.0,70040000.0,69056000.0,64630000.0,65807000.0,28838000.0,48051000.0
20260302,346279490.0,194700290.0,340808730.0,294278820.0,494449860.0,393405740.0,341654670.0,468337910.0,173809490.0,206468000.0,361551000.0,312546000.0,525072000.0,419052000.0,363050000.0,497071000.0,185465000.0
20260303,-59646900.0,178269960.0,137955280.0,249195400.0,229863180.0,249204870.0,233961610.0,150580130.0,225470290.0,186637000.0,144277000.0,260911000.0,240522000.0,260708000.0,244803000.0,157485000.0,236140000.0
20260304,18120410.0,133913710.0,143075270.0,216317010.0,225275870.0,192112840.0,191216920.0,125152890.0,107928400.0,140846000.0,150157000.0,227292000.0,236609000.0,201609000.0,200850000.0,131222000.0,113352000.0
20260305,-63468490.0,136705060.0,113640410.0,194571340.0,154167500.0,126455720.0,156656190.0,65842490.0,99110510.0,144303000.0,119961000.0,205304000.0,162708000.0,133395000.0,165231000.0,69438000.0,104539000.0
20260306,-44144000.0,118407690.0,77867670.0,161663610.0,158059640.0,123792270.0,148651130.0,70501920.0,89787060.0,125806000.0,82667000.0,171677000.0,167860000.0,131321000.0,157804000.0,74736000.0,95209000.0
20260309,176107660.0,165911710.0,246532260.0,263721530.0,359208640.0,311041850.0,273850840.0,315573480.0,176656830.0,171760000.0,254914000.0,273076000.0,371666000.0,322005000.0,283535000.0,326569000.0,183294000.0
20260310,-69777480.0,122349420.0,80352670.0,179306980.0,151526250.0,124492940.0,152468660.0,64590390.0,106392150.0,126534000.0,83061000.0,185413000.0,156674000.0,128699000.0,157707000.0,66817000.0,110021000.0
20260311,112795020.0,157045000.0,204014680.0,246678690.0,312504020.0,276806670.0,242673240.0,211979010.0,133317420.0,159173000.0,206264000.0,249984000.0,316246000.0,280203000.0,245999000.0,214384000.0,135235000.0
20260312,-16529340.0,114859700.0,109614600.0,164412780.0,153128550.0,149391930.0,155401670.0,70837210.0,81356810.0,115671000.0,110282000.0,165473000.0,154016000.0,150172000.0,156346000.0,71209000.0,81879000.0
20260313,17621090.0,96683180.0,109473630.0,168236880.0,173067520.0,154763200.0,153131660.0,100217210.0,84227660.0,96758000.0,109428000.0,168243000.0,173003000.0,154676000.0,153110000.0,100088000.0,84223000.0
20260316,158773900.0,157476410.0,245852160.0,306030280.0,376428440.0,322682600.0,300079930.0,332227170.0,196055940.0,153381000.0,238832000.0,297806000.0,366018000.0,314187000.0,292120000.0,322440000.0,190844000.0
20260317,-40561670.0,186741310.0,144387920.0,275154830.0,276946540.0,236417400.0,258199890.0,181010220.0,199789400.0,178994000.0,138033000.0,263467000.0,264958000.0,225935000.0,247084000.0,172992000.0,191313000.0
20260318,-79768030.0,155279460.0,90274880.0,200080070.0,185316620.0,162942840.0,192675600.0,107443560.0,157478830.0,153437000.0,89115000.0,197568000.0,182902000.0,160888000.0,190280000.0,106104000.0,155701000.0
20260319,11276170.0,95503950.0,102017190.0,162796830.0,167559770.0,163917710.0,164431730.0,122819750.0,111029560.0,93085000.0,99319000.0,158619000.0,163212000.0,159735000.0,160212000.0,119620000.0,108316000.0
20260320,21304540.0,106798530.0,120839590.0,194413620.0,201677100.0,203803460.0,176034390.0,144494900.0,150959430.0,103487000.0,116862000.0,188256000.0,195197000.0,197257000.0,170475000.0,139783000.0,146250000.0
20260323,135974700.0,279109880.0,321898960.0,483117830.0,576303460.0,520386250.0,536384830.0,645877980.0,493904700.0,257551000.0,297073000.0,446320000.0,532104000.0,481011000.0,495874000.0,597563000.0,457395000.0
20260324,-59586230.0,191174920.0,163213390.0,306617970.0,274993280.0,272662230.0,266595800.0,208025520.0,273678180.0,180142000.0,153660000.0,288818000.0,258955000.0,256720000.0,251084000.0,195765000.0,257747000.0
20260325,-47666340.0,130728830.0,109355830.0,214322930.0,188029590.0,200979310.0,200253980.0,160100100.0,208491770.0,122733000.0,102568000.0,201147000.0,176426000.0,188565000.0,187942000.0,150220000.0,195730000.0
20260326,-108890610.0,217989930.0,111301550.0,263822490.0,261620250.0,213714670.0,265162710.0,170039230.0,227481800.0,208622000.0,106395000.0,252309000.0,250519000.0,204329000.0,253737000.0,162861000.0,217470000.0
20260327,26807600.0,136366990.0,145034830.0,204907180.0,223046940.0,196515070.0,187582250.0,151581770.0,133706990.0,130436000.0,138418000.0,195829000.0,212990000.0,187579000.0,179194000.0,144610000.0,127853000.0
20260330,10834710.0,135344450.0,130684680.0,209130870.0,224625360.0,209845590.0,221760440.0,217027300.0,194277740.0,127740000.0,123052000.0,197238000.0,211695000.0,197629000.0,209238000.0,204951000.0,183572000.0
20260331,4949280.0,119132120.0,117604450.0,187458760.0,193935720.0,182528770.0,183372100.0,139214850.0,133422240.0,111836000.0,110115000.0,175766000.0,181649000.0,170886000.0,171812000.0,130171000.0,125083000.0
20260401,-127830520.0,196618180.0,94079290.0,235042510.0,209750880.0,185652400.0,225479670.0,121003760.0,209007010.0,190564000.0,91139000.0,227730000.0,203234000.0,179765000.0,218350000.0,117139000.0,202474000.0
20260402,-80719070.0,145991630.0,74425090.0,189134730.0,179982190.0,170996190.0,202468320.0,109273280.0,158520220.0,143557000.0,72993000.0,185703000.0,176647000.0,167835000.0,198890000.0,107254000.0,155821000.0
20260403,-86318270.0,140218130.0,73678670.0,151914130.0,132135320.0,119080890.0,148237990.0,80909260.0,138070430.0,140314000.0,73625000.0,151863000.0,132003000.0,118806000.0,148089000.0,80762000.0,138028000.0
20260407,-39405310.0,106814710.0,73122290.0,114992390.0,109279500.0,91664330.0,109737800.0,59724870.0,81056710.0,108719000.0,74395000.0,116985000.0,111198000.0,93254000.0,111649000.0,60739000.0,82455000.0
20260408,40779130.0,95211970.0,119849380.0,158798290.0,174940010.0,153909610.0,150511480.0,154221160.0,116840160.0,95360000.0,119916000.0,159013000.0,175096000.0,154188000.0,150802000.0,154257000.0,117004000.0
20260409,-74862880.0,109572470.0,61190290.0,128294580.0,101813860.0,92161130.0,121522530.0,46424650.0,91926130.0,110380000.0,61601000.0,129192000.0,102492000.0,92794000.0,122370000.0,46696000.0,92600000.0
20260410,71852050.0,100405900.0,128196620.0,166167920.0,210229250.0,175476040.0,169870750.0,170989410.0,104742650.0,99263000.0,126621000.0,164283000.0,207702000.0,173463000.0,167907000.0,168723000.0,103502000.0
20260413,68194000.0,102750130.0,147292910.0,205571350.0,229222570.0,212019370.0,187819190.0,168368050.0,124374230.0,98982000.0,141687000.0,197980000.0,220673000.0,204185000.0,180947000.0,161989000.0,119829000.0
20260414,-58008550.0,117326550.0,77981370.0,185755430.0,167092070.0,133875740.0,164926370.0,124496400.0,151454320.0,113601000.0,75434000.0,179776000.0,161678000.0,129516000.0,159619000.0,120451000.0,146613000.0
20260415,-35339840.0,103596140.0,72494270.0,143544230.0,139306270.0,113785350.0,132636080.0,82269540.0,98758650.0,100384000.0,70110000.0,138921000.0,134746000.0,109941000.0,128305000.0,79473000.0,95557000.0
20260416,92734350.0,111516580.0,153146090.0,181759590.0,232864430.0,178825960.0,172914020.0,204260280.0,117437870.0,106058000.0,145709000.0,173041000.0,221615000.0,170213000.0,164588000.0,194349000.0,111749000.0
20260417,-77366200.0,108121440.0,52517620.0,150405440.0,128643060.0,118971750.0,141716440.0,82068540.0,136690050.0,104046000.0,50509000.0,144696000.0,123706000.0,114415000.0,136309000.0,78890000.0,131525000.0
20260420,-40007940.0,84851020.0,45540820.0,119514980.0,118817240.0,120362480.0,117739470.0,70992830.0,113623780.0,82299000.0,44132000.0,115868000.0,115172000.0,116665000.0,114145000.0,68846000.0,110228000.0
20260421,-62370770.0,112074940.0,57930440.0,136306740.0,128080470.0,114609590.0,122986740.0,76832080.0,130825700.0,110169000.0,56928000.0,133966000.0,125865000.0,112616000.0,120838000.0,75506000.0,128626000.0
20260422,-33595430.0,82266910.0,50927690.0,113541420.0,111285200.0,92689250.0,103755010.0,60067250.0,82596920.0,81173000.0,50202000.0,111981000.0,109737000.0,91383000.0,102331000.0,59197000.0,81463000.0
20260423,-87034850.0,144678350.0,79392720.0,159878200.0,138128970.0,111674360.0,143328240.0,75324520.0,130705490.0,144930000.0,79502000.0,160055000.0,138274000.0,111809000.0,143480000.0,75371000.0,130908000.0
20260424,-52654700.0,107071620.0,61867930.0,109675620.0,102224620.0,80867310.0,112875950.0,37187040.0,57833100.0,108055000.0,62378000.0,110644000.0,103100000.0,81552000.0,113903000.0,37487000.0,58359000.0
20260427,91903430.0,89803020.0,139540170.0,159084030.0,201250300.0,186961680.0,175776800.0,181054980.0,100336430.0,87630000.0,136027000.0,155205000.0,196237000.0,182338000.0,171436000.0,176497000.0,97970000.0
20260428,-14618270.0,77162900.0,63131190.0,115426820.0,114840270.0,101836410.0,111098070.0,74365150.0,79721760.0,75734000.0,61874000.0,113196000.0,112554000.0,99739000.0,108941000.0,72881000.0,78180000.0
20260429,212194340.0,149079970.0,246669310.0,264234510.0,378839500.0,304167710.0,281414090.0,384710590.0,195269870.0,142732000.0,236173000.0,253102000.0,362982000.0,291361000.0,269882000.0,369363000.0,187521000.0
20260430,-64664800.0,147751960.0,91704990.0,207125580.0,198507750.0,154609470.0,170717430.0,111125680.0,159682520.0,143141000.0,88883000.0,200572000.0,192253000.0,149672000.0,165192000.0,107593000.0,154651000.0
20260506,-111415920.0,167423210.0,100871790.0,238354890.0,193490390.0,169386400.0,192303140.0,99493350.0,187992530.0,166429000.0,100231000.0,236907000.0,192291000.0,168303000.0,191125000.0,98848000.0,186839000.0
20260507,-42876270.0,108756330.0,76807250.0,151451220.0,140524030.0,132165230.0,139283470.0,78456210.0,114214240.0,108349000.0,76474000.0,150855000.0,139926000.0,131560000.0,138676000.0,78082000.0,113770000.0
20260508,-65856380.0,108552100.0,57124260.0,129181280.0,114752740.0,89816140.0,118181610.0,54832680.0,92323590.0,108517000.0,57094000.0,129113000.0,114687000.0,89747000.0,118105000.0,54781000.0,92272000.0
20260511,-17283190.0,111398660.0,92883060.0,150657700.0,151890100.0,139195690.0,150534210.0,80040030.0,85984700.0,111898000.0,93077000.0,151165000.0,152307000.0,139552000.0,151125000.0,80196000.0,86302000.0
20260512,-53989920.0,105485270.0,64644310.0,117389260.0,104240290.0,85721250.0,93317700.0,42859110.0,89252580.0,106114000.0,65009000.0,118052000.0,104807000.0,86204000.0,93820000.0,43071000.0,89806000.0
20260513,-77596940.0,146692050.0,82545470.0,148980310.0,135529950.0,101232400.0,124331400.0,51234830.0,105732770.0,149356000.0,84012000.0,151662000.0,137937000.0,103025000.0,126542000.0,52150000.0,107702000.0
20260514,2684680.0,80015020.0,74125570.0,110959070.0,119533180.0,88130530.0,89437660.0,57010510.0,53018700.0,80792000.0,74780000.0,112011000.0,120605000.0,88910000.0,90279000.0,57467000.0,53516000.0
20260515,-86281500.0,152584230.0,77590280.0,148100480.0,136812940.0,98919210.0,142382060.0,51185460.0,94004110.0,157851000.0,80211000.0,153166000.0,141464000.0,102292000.0,147280000.0,52908000.0,97262000.0
20260518,-60583290.0,116297270.0,58176660.0,115482110.0,113019420.0,78183630.0,105591910.0,26011540.0,59186550.0,122779000.0,61388000.0,121879000.0,119299000.0,82499000.0,111452000.0,27456000.0,62474000.0
20260519,13281740.0,63745060.0,63080200.0,87021740.0,100968350.0,83980480.0,76646080.0,47487370.0,41540030.0,66907000.0,66142000.0,91354000.0,105921000.0,88122000.0,80468000.0,49801000.0,43654000.0
20260520,-97478600.0,138444330.0,65631740.0,136265860.0,111599860.0,82376490.0,119089760.0,32934940.0,93700270.0,147388000.0,69858000.0,145000000.0,118746000.0,87623000.0,126713000.0,34998000.0,99692000.0
20260521,8241310.0,94272800.0,82051270.0,115463020.0,135925850.0,91179210.0,91234260.0,53164200.0,44867840.0,99702000.0,86556000.0,122027000.0,143500000.0,96213000.0,96366000.0,56008000.0,47528000.0
20260522,-11166780.0,65891810.0,52074220.0,85615370.0,88266180.0,66432150.0,75777060.0,33122260.0,34944130.0,70513000.0,55688000.0,91590000.0,94411000.0,71058000.0,81090000.0,35430000.0,37402000.0
20260525,48152260.0,84033260.0,100621670.0,114122350.0,145686200.0,106155620.0,97512310.0,85773640.0,46264690.0,87523000.0,104640000.0,118847000.0,151611000.0,110416000.0,101531000.0,89209000.0,48213000.0
20260526,15796560.0,66424670.0,76580860.0,118132590.0,123772960.0,125129290.0,100617490.0,62317400.0,71032640.0,69048000.0,79487000.0,122777000.0,128534000.0,129992000.0,104580000.0,64706000.0,73923000.0
20260527,-42558920.0,91148840.0,59229980.0,116229660.0,105589600.0,89664070.0,93964670.0,49745710.0,88004030.0,95407000.0,61902000.0,121513000.0,110283000.0,93623000.0,98166000.0,51830000.0,92023000.0
20260528,8776690.0,65227750.0,65121380.0,93451780.0,102334840.0,82712350.0,85527500.0,57739630.0,46147790.0,68672000.0,68418000.0,98350000.0,107593000.0,86965000.0,89966000.0,60602000.0,48613000.0
20260529,-15226420.0,125005140.0,117099280.0,186034720.0,178714180.0,155520170.0,163250730.0,123568620.0,131064480.0,128568000.0,120230000.0,191210000.0,183609000.0,159768000.0,167805000.0,126747000.0,134650000.0
20260601,-81672900.0,134778520.0,66323500.0,148081270.0,134863400.0,93192220.0,123592420.0,44683030.0,95955730.0,143002000.0,70308000.0,156989000.0,142965000.0,98707000.0,130997000.0,47283000.0,101711000.0
20260602,126944200.0,85784030.0,146488310.0,133738890.0,199978800.0,155453190.0,128556520.0,157157000.0,57109470.0,89476000.0,152683000.0,139637000.0,208627000.0,162207000.0,134134000.0,163644000.0,59521000.0
20260603,-80169960.0,99438720.0,54455030.0,127206160.0,92019890.0,88253000.0,104834630.0,36517890.0,100106220.0,104854000.0,57404000.0,134110000.0,96996000.0,93018000.0,110490000.0,38452000.0,105543000.0
20260604,-87269310.0,98073800.0,37597930.0,109261800.0,82468360.0,65869350.0,105454340.0,25095010.0,72779330.0,104819000.0,40147000.0,116735000.0,88062000.0,70366000.0,112713000.0,26791000.0,77791000.0
20260605,-32127900.0,95654030.0,72142160.0,109141400.0,100525370.0,74658270.0,94508290.0,36472910.0,48750790.0,103002000.0,77570000.0,117455000.0,108162000.0,80320000.0,101729000.0,39192000.0,52508000.0
20260608,-50604710.0,92768580.0,53135640.0,106203820.0,95232050.0,65316080.0,83709410.0,24299440.0,56510820.0,101892000.0,58313000.0,116603000.0,104541000.0,71679000.0,91886000.0,26670000.0,62104000.0
20260609,-18315700.0,68136200.0,53081190.0,93771260.0,90510580.0,63957230.0,80888790.0,30358600.0,31742740.0,75043000.0,58302000.0,103213000.0,99531000.0,70304000.0,89110000.0,33367000.0,34985000.0
20260610,-36634540.0,70085290.0,40778800.0,78483240.0,71155200.0,48129070.0,66798600.0,21532110.0,39497120.0,77509000.0,45081000.0,86782000.0,78670000.0,53210000.0,73861000.0,23786000.0,43675000.0
20260611,-48933070.0,83722640.0,50476950.0,100295410.0,84608030.0,65695040.0,87465630.0,32430610.0,59593090.0,93580000.0,56357000.0,112009000.0,94446000.0,73319000.0,97683000.0,36180000.0,66601000.0
20260612,42576950.0,61646480.0,89290270.0,118237060.0,133170210.0,113870750.0,87702940.0,55948560.0,39539420.0,68047000.0,98236000.0,130343000.0,146703000.0,125389000.0,96740000.0,61572000.0,43672000.0
20260615,-32397230.0,75583320.0,50953770.0,103611860.0,95844170.0,70949060.0,83583040.0,34621430.0,54384680.0,83113000.0,56026000.0,113876000.0,105386000.0,77964000.0,91819000.0,38026000.0,59749000.0
20260616,-57716760.0,87818120.0,46416590.0,108204110.0,91888890.0,72546490.0,106650230.0,33167540.0,56780560.0,97829000.0,51674000.0,120505000.0,102307000.0,80755000.0,118776000.0,36930000.0,63261000.0
20260617,-100815920.0,151034610.0,75701450.0,153233640.0,127750880.0,89875660.0,140141440.0,39387960.0,89938100.0,172518000.0,86552000.0,175039000.0,146013000.0,102715000.0,160124000.0,44995000.0,102579000.0
20260618,8804270.0,80625400.0,78739630.0,124084020.0,134774050.0,110019070.0,108476810.0,67288200.0,60026190.0,92006000.0,89614000.0,141494000.0,153712000.0,125453000.0,123871000.0,76837000.0,68592000.0
20260622,-60683550.0,143975130.0,101987530.0,181094750.0,162398810.0,144201580.0,134900170.0,77460730.0,147445690.0,168077000.0,118483000.0,211219000.0,188999000.0,167791000.0,157357000.0,90155000.0,172404000.0
20260623,-76023260.0,120873920.0,62394900.0,145256150.0,127711910.0,90605990.0,121962590.0,44900520.0,89567180.0,140517000.0,72314000.0,168568000.0,147980000.0,104967000.0,141656000.0,52165000.0,104266000.0
20260624,-30233440.0,106241310.0,69993630.0,129515060.0,135529300.0,95289380.0,101008400.0,49319230.0,73833650.0,127387000.0,83831000.0,155220000.0,162368000.0,114106000.0,121012000.0,59022000.0,88524000.0
20260625,-5012280.0,114037720.0,89231800.0,151068970.0,170862610.0,131536040.0,123865830.0,61284600.0,73967090.0,138646000.0,108250000.0,183622000.0,207540000.0,159777000.0,150617000.0,74388000.0,90025000.0
20260626,-97781480.0,182774280.0,86935030.0,152151850.0,150209630.0,119963790.0,202045110.0,71859110.0,87559270.0,230313000.0,109570000.0,191421000.0,189087000.0,150961000.0,254341000.0,90513000.0,110211000.0
20260629,12146040.0,103497350.0,108847680.0,129871700.0,136667400.0,123008130.0,114049480.0,59696310.0,56508920.0,130326000.0,136868000.0,163439000.0,171920000.0,154884000.0,143731000.0,75059000.0,71189000.0
20260630,-13000300.0,88659950.0,72012590.0,94170410.0,97817480.0,79864880.0,87257680.0,40491260.0,46098760.0,111820000.0,90718000.0,118638000.0,123240000.0,100611000.0,110000000.0,50974000.0,58086000.0
20260701,25310300.0,98458380.0,103892580.0,124867380.0,144743490.0,105195850.0,100408930.0,75003480.0,54480100.0,123157000.0,129529000.0,155706000.0,180336000.0,131062000.0,125287000.0,93252000.0,68024000.0
20260702,58185150.0,126947320.0,156207850.0,201958690.0,230883300.0,200546420.0,184079730.0,166225970.0,124507510.0,150562000.0,185249000.0,239544000.0,273826000.0,237824000.0,218385000.0,197115000.0,147585000.0
20260703,111633210.0,120803400.0,174599990.0,195942370.0,253778990.0,234689530.0,188209310.0,178378730.0,113225740.0,138969000.0,200475000.0,225458000.0,291651000.0,269756000.0,216207000.0,204798000.0,130649000.0
20260706,-3878970.0,92472410.0,85295690.0,134559130.0,137856890.0,113658570.0,127634280.0,85709060.0,75612320.0,105427000.0,97160000.0,153335000.0,157106000.0,129492000.0,145509000.0,97575000.0,86054000.0
20260707,-35573900.0,78762070.0,55530400.0,113226490.0,100884260.0,93517870.0,104836980.0,52392300.0,76647090.0,90850000.0,63976000.0,130492000.0,116209000.0,107740000.0,120816000.0,60388000.0,88468000.0
20260708,42641600.0,61189850.0,80607120.0,102244580.0,125468910.0,120254640.0,100505900.0,69058200.0,46165340.0,70084000.0,92192000.0,117107000.0,143651000.0,137649000.0,115101000.0,78969000.0,52866000.0
20260709,-35429740.0,78307750.0,53395210.0,120070800.0,109553600.0,72579090.0,96788930.0,56130770.0,67350670.0,90417000.0,61582000.0,138526000.0,126383000.0,83719000.0,111672000.0,64731000.0,77756000.0
20260710,101812610.0,103189690.0,149816760.0,151208950.0,206394480.0,191332480.0,154287900.0,182596760.0,117828730.0,117077000.0,168878000.0,171529000.0,233063000.0,215729000.0,174401000.0,204998000.0,132990000.0
20260713,-51530960.0,92178560.0,70866960.0,132596180.0,102376820.0,89473890.0,109696130.0,57242210.0,88550930.0,105405000.0,80992000.0,151600000.0,117024000.0,102252000.0,125398000.0,65328000.0,101171000.0
20260714,104047700.0,75405040.0,122501280.0,123602740.0,180554190.0,150884590.0,120960600.0,138437280.0,64313570.0,84565000.0,137130000.0,138600000.0,202294000.0,168903000.0,135570000.0,155007000.0,72082000.0
20260715,50944890.0,90888650.0,110100370.0,124142180.0,155875350.0,146061040.0,129927060.0,112273190.0,77462280.0,98733000.0,119461000.0,134911000.0,169256000.0,158475000.0,141135000.0,122036000.0,84302000.0
20260716,47207110.0,111275210.0,139327350.0,175491100.0,194646070.0,164428900.0,142240830.0,116143560.0,91124520.0,119189000.0,148982000.0,187882000.0,208281000.0,175955000.0,152342000.0,124179000.0,97600000.0
20260717,-25108480.0,161563980.0,124602080.0,189749310.0,201602740.0,177032950.0,180726450.0,115868320.0,137283300.0,172729000.0,132839000.0,202614000.0,215080000.0,188591000.0,192867000.0,123412000.0,146559000.0
20260720,-12410310.0,101559440.0,97740200.0,140162870.0,131571790.0,118984600.0,105026150.0,51245310.0,77614070.0,108540000.0,104347000.0,149687000.0,140466000.0,126973000.0,112142000.0,54690000.0,82935000.0
20260721,9386140.0,157404790.0,150932800.0,193978960.0,209837100.0,174291860.0,169019740.0,113395910.0,109281890.0,165722000.0,158428000.0,203924000.0,220376000.0,182882000.0,177705000.0,119064000.0,115084000.0
20260722,-46582460.0,156490630.0,104250630.0,171159860.0,176817410.0,128929460.0,175425630.0,95027680.0,95113970.0,171231000.0,114035000.0,187226000.0,193455000.0,141033000.0,191964000.0,104060000.0,104096000.0
20260723,-2939300.0,84032280.0,74985400.0,99477800.0,105585400.0,84748310.0,83847160.0,42184320.0,46024770.0,91436000.0,81527000.0,108332000.0,114924000.0,92319000.0,91367000.0,45928000.0,50197000.0
20260724,-16199060.0,63946940.0,58934040.0,81424360.0,70238190.0,54118520.0,57980630.0,24971980.0,37308930.0,69233000.0,63781000.0,88156000.0,76032000.0,58608000.0,62801000.0,27036000.0,40420000.0
20260727,-1002950.0,53468450.0,59861720.0,81247810.0,73851590.0,68556260.0,74435430.0,41562870.0,36686650.0,57969000.0,64883000.0,88067000.0,80038000.0,74284000.0,80667000.0,45012000.0,39744000.0
20260728,26785890.0,70029970.0,88533230.0,107899100.0,116181730.0,101161870.0,87262810.0,61691780.0,48804950.0,74845000.0,94549000.0,115266000.0,124082000.0,108083000.0,93252000.0,65821000.0,52132000.0
20260729,45518990.0,96542990.0,127807060.0,143915300.0,158170220.0,148946770.0,124197320.0,99782730.0,79013190.0,101559000.0,134326000.0,151432000.0,166314000.0,156636000.0,130631000.0,104830000.0,83187000.0
20260730,43498600.0,91849260.0,113132960.0,135710910.0,157925800.0,127933890.0,120846300.0,104914000.0,68502990.0,95880000.0,117983000.0,141678000.0,164725000.0,133454000.0,126122000.0,109349000.0,71531000.0
20260731,-10364560.0,92807280.0,91264510.0,125991460.0,117169670.0,114098210.0,127939630.0,81055420.0,77578560.0,97773000.0,96060000.0,132828000.0,123411000.0,120206000.0,134758000.0,85323000.0,81902000.0
20260803,-23081840.0,82189670.0,73007450.0,114729040.0,100829410.0,94507160.0,100376060.0,54861560.0,72074500.0,86418000.0,76626000.0,120588000.0,105911000.0,99244000.0,105566000.0,57647000.0,75794000.0
20260804,-148584140.0,180003870.0,90122630.0,213577900.0,154875000.0,141447520.0,201075760.0,78447120.0,167403020.0,195983000.0,98082000.0,232382000.0,168409000.0,153934000.0,219001000.0,85416000.0,182223000.0
20260805,-32669780.0,115903940.0,88905590.0,151996520.0,146325090.0,119678510.0,151993950.0,77825020.0,78179360.0,128381000.0,98434000.0,168362000.0,162090000.0,132623000.0,168405000.0,86231000.0,86670000.0
20260806,-47142310.0,92824930.0,62165020.0,116016920.0,99534530.0,82048930.0,96427810.0,39104540.0,71867970.0,103373000.0,69206000.0,129138000.0,110800000.0,91325000.0,107370000.0,43536000.0,79996000.0
20260807,-2311640.0,78958870.0,68728200.0,105718040.0,113637070.0,106759560.0,101482590.0,71978770.0,79567380.0,88530000.0,76913000.0,118472000.0,127223000.0,119477000.0,113682000.0,80536000.0,89197000.0
20260810,18541700.0,66883340.0,87417650.0,118144030.0,116151430.0,110550790.0,100558330.0,55449100.0,46899860.0,73527000.0,95991000.0,129873000.0,127622000.0,121464000.0,110536000.0,60873000.0,51588000.0
20260811,-23734990.0,59081920.0,44227700.0,78986300.0,70105520.0,58336110.0,57507950.0,22739200.0,47302350.0,65325000.0,48884000.0,87304000.0,77478000.0,64456000.0,63564000.0,25143000.0,52301000.0
20260812,755070.0,47484120.0,41991090.0,63521470.0,69769560.0,47990240.0,53805780.0,29115260.0,22544650.0,52560000.0,46438000.0,70296000.0,77183000.0,53103000.0,59571000.0,32229000.0,24996000.0
20260813,-21440460.0,58471180.0,42422650.0,74758870.0,69366950.0,45992240.0,58429650.0,24747220.0,33750270.0,64982000.0,47132000.0,83073000.0,77073000.0,51101000.0,64934000.0,27497000.0,37514000.0
20260814,-18715690.0,55062320.0,38142270.0,61219790.0,59424150.0,40544800.0,47103720.0,26379130.0,38535900.0,61878000.0,42855000.0,68788000.0,66760000.0,45550000.0,52923000.0,29640000.0,43318000.0
20260817,19248450.0,46937550.0,55203070.0,71264450.0,82247390.0,60983400.0,56083180.0,41844950.0,27496720.0,52300000.0,61479000.0,79422000.0,91599000.0,67949000.0,62514000.0,46584000.0,30663000.0
20260818,-3622700.0,47156620.0,41415300.0,66437410.0,68556020.0,45064240.0,46349190.0,26574930.0,28912680.0,52580000.0,46136000.0,74051000.0,76366000.0,50173000.0,51640000.0,29564000.0,32227000.0
20260819,-19499950.0,62419560.0,38481340.0,69705600.0,74143860.0,42499920.0,56728710.0,20526440.0,25797600.0,70258000.0,43304000.0,78444000.0,83420000.0,47808000.0,63836000.0,23095000.0,29046000.0
20260820,49295260.0,66346080.0,83721350.0,90263040.0,122183030.0,90316350.0,82524860.0,76868740.0,35364970.0,73374000.0,92563000.0,99851000.0,135095000.0,99894000.0,91300000.0,84954000.0,39116000.0
