trade_date,main_net_in,buy_sm_amount,sell_sm_amount,buy_md_amount,sell_md_amount,buy_lg_amount,sell_lg_amount,buy_elg_amount,sell_elg_amount,buy_sm_vol,sell_sm_vol,buy_md_vol,sell_md_vol,buy_lg_vol,sell_lg_vol,buy_elg_vol,sell_elg_vol
20190102,-265810.0,1037310.0,900810.0,993710.0,864400.0,167120.0,432930.0,0.0,0.0,12190000.0,10579000.0,11676000.0,10140000.0,1949000.0,5096000.0,0.0,0.0
20190103,-827080.0,2363550.0,1124030.0,1887320.0,2299760.0,347570.0,1239620.0,199510.0,134540.0,28660000.0,13651000.0,22918000.0,27903000.0,4244000.0,15073000.0,2451000.0,1647000.0
20190104,-552150.0,2147130.0,1133630.0,2001350.0,2462700.0,507260.0,1059410.0,0.0,0.0,26310000.0,13878000.0,24505000.0,30164000.0,6203000.0,12976000.0,0.0,0.0
20190107,179520.0,1767970.0,2068980.0,2370320.0,2248830.0,884190.0,704670.0,0.0,0.0,20979000.0,24443000.0,28058000.0,26684000.0,10436000.0,8346000.0,0.0,0.0
20190108,-137700.0,1160930.0,849560.0,1035620.0,1209280.0,321460.0,330770.0,0.0,128390.0,13755000.0,10062000.0,12275000.0,14325000.0,3805000.0,3925000.0,0.0,1523000.0
20190109,-188540.0,1144200.0,1179940.0,1671430.0,1447140.0,499920.0,688460.0,0.0,0.0,13444000.0,13839000.0,19628000.0,16998000.0,5862000.0,8096000.0,0.0,0.0
20190110,105120.0,1317240.0,915410.0,1342310.0,1849260.0,459970.0,354850.0,0.0,0.0,15563000.0,10807000.0,15853000.0,21846000.0,5426000.0,4189000.0,0.0,0.0
20190111,-604460.0,2445760.0,1428550.0,1733250.0,2146000.0,123690.0,728150.0,0.0,0.0,29809000.0,17375000.0,21108000.0,26150000.0,1501000.0,8893000.0,0.0,0.0
20190114,19580.0,1161650.0,913900.0,1100170.0,1367510.0,132590.0,113010.0,0.0,0.0,14032000.0,11036000.0,13296000.0,16513000.0,1592000.0,1371000.0,0.0,0.0
20190115,408010.0,2045970.0,2787380.0,2877030.0,2543630.0,1175320.0,884320.0,117010.0,0.0,24143000.0,32862000.0,33917000.0,29943000.0,13828000.0,10445000.0,1362000.0,0.0
20190116,-213210.0,1451300.0,1481280.0,1997070.0,1753890.0,354270.0,567480.0,0.0,0.0,17047000.0,17392000.0,23458000.0,20602000.0,4159000.0,6670000.0,0.0,0.0
20190117,-322140.0,1320980.0,855890.0,1168210.0,1311160.0,390610.0,712750.0,0.0,0.0,15831000.0,10257000.0,13996000.0,15718000.0,4687000.0,8539000.0,0.0,0.0
20190118,-54820.0,909840.0,836730.0,918670.0,936960.0,226070.0,280890.0,0.0,0.0,10945000.0,10050000.0,11035000.0,11261000.0,2709000.0,3378000.0,0.0,0.0
20190121,-46880.0,948570.0,875960.0,1119250.0,1144990.0,278280.0,325160.0,0.0,0.0,11233000.0,10371000.0,13249000.0,13551000.0,3289000.0,3849000.0,0.0,0.0
20190122,-109340.0,1038800.0,774630.0,1055320.0,1210140.0,443030.0,552370.0,0.0,0.0,12504000.0,9321000.0,12682000.0,14551000.0,5334000.0,6648000.0,0.0,0.0
20190123,-29120.0,683110.0,514480.0,417240.0,556750.0,158010.0,187130.0,0.0,0.0,8268000.0,6225000.0,5047000.0,6735000.0,1912000.0,2266000.0,0.0,0.0
20190124,-291690.0,961990.0,735620.0,1182090.0,1116770.0,400380.0,893920.0,201850.0,0.0,11567000.0,8818000.0,14180000.0,13413000.0,4786000.0,10716000.0,2413000.0,0.0
20190125,-117710.0,1007660.0,936770.0,1255040.0,1208220.0,319830.0,437540.0,0.0,0.0,12140000.0,11260000.0,15113000.0,14550000.0,3832000.0,5274000.0,0.0,0.0
20190128,-428550.0,1761980.0,1241590.0,1530970.0,1622800.0,302950.0,569240.0,0.0,162260.0,21548000.0,15150000.0,18724000.0,19822000.0,3683000.0,7008000.0,0.0,1975000.0
20190129,-425970.0,1655230.0,917370.0,1070120.0,1382000.0,297720.0,723690.0,0.0,0.0,20845000.0,11549000.0,13486000.0,17385000.0,3727000.0,9125000.0,0.0,0.0
20190130,12450.0,808700.0,713620.0,569430.0,676960.0,151810.0,139360.0,0.0,0.0,10226000.0,9008000.0,7194000.0,8562000.0,1904000.0,1754000.0,0.0,0.0
20190131,-223760.0,1052460.0,861070.0,668790.0,636420.0,192120.0,415880.0,0.0,0.0,13427000.0,10953000.0,8509000.0,8118000.0,2441000.0,5306000.0,0.0,0.0
20190201,28010.0,748500.0,821960.0,823500.0,778050.0,144300.0,116290.0,0.0,0.0,9466000.0,10385000.0,10401000.0,9819000.0,1811000.0,1474000.0,0.0,0.0
20190211,598340.0,1451970.0,2081730.0,2022350.0,1990920.0,1128190.0,529850.0,0.0,0.0,17525000.0,25127000.0,24399000.0,24035000.0,13620000.0,6383000.0,0.0,0.0
20190212,-82440.0,3337970.0,2380130.0,2048450.0,2923850.0,873160.0,1057710.0,102110.0,0.0,38702000.0,27593000.0,23745000.0,33878000.0,10127000.0,12280000.0,1177000.0,0.0
20190213,-162000.0,3344100.0,2768060.0,2789660.0,3203700.0,1090850.0,1273620.0,111360.0,90590.0,37930000.0,31349000.0,31609000.0,36303000.0,12283000.0,14398000.0,1246000.0,1019000.0
20190214,567470.0,4301020.0,4006920.0,3911180.0,4772730.0,2041870.0,1716440.0,378170.0,136130.0,46095000.0,42899000.0,41900000.0,51050000.0,21860000.0,18392000.0,3888000.0,1402000.0
20190215,105190.0,2201290.0,2167230.0,2058290.0,2197550.0,981700.0,1139530.0,263020.0,0.0,23855000.0,23465000.0,22298000.0,23806000.0,10654000.0,12369000.0,2833000.0,0.0
20190218,455590.0,2599080.0,3262560.0,3287120.0,3079220.0,1539000.0,1217770.0,134360.0,0.0,27583000.0,34453000.0,34731000.0,32559000.0,16247000.0,12949000.0,1400000.0,0.0
20190219,-289380.0,3249530.0,3107550.0,3292620.0,3145220.0,715150.0,871350.0,0.0,133180.0,34128000.0,32640000.0,34503000.0,32983000.0,7485000.0,9092000.0,0.0,1400000.0
20190220,-1456500.0,2706540.0,2048640.0,3182420.0,2383830.0,606270.0,2062770.0,0.0,0.0,28922000.0,21850000.0,33945000.0,25432000.0,6469000.0,22054000.0,0.0,0.0
20190221,-1074530.0,3735310.0,2673970.0,3155450.0,3142260.0,766770.0,1651550.0,0.0,189750.0,39796000.0,28399000.0,33535000.0,33436000.0,8124000.0,17562000.0,0.0,2058000.0
20190222,675030.0,2980100.0,3400020.0,3694280.0,3949390.0,2053620.0,1521030.0,504260.0,361820.0,31408000.0,35786000.0,38898000.0,41595000.0,21573000.0,15996000.0,5285000.0,3787000.0
20190225,1940920.0,3959590.0,5284990.0,5378690.0,5994210.0,3604370.0,2682610.0,1599770.0,580610.0,39800000.0,52916000.0,54103000.0,60146000.0,35982000.0,26842000.0,15897000.0,5879000.0
20190226,802810.0,4996930.0,5292670.0,5294230.0,5801310.0,3582220.0,3417880.0,1190590.0,552120.0,47995000.0,50704000.0,50781000.0,55604000.0,34305000.0,32778000.0,11302000.0,5296000.0
20190227,-798330.0,3794600.0,3065090.0,3837950.0,3769130.0,1916220.0,2838890.0,555620.0,431280.0,36990000.0,29762000.0,37389000.0,36679000.0,18587000.0,27662000.0,5351000.0,4215000.0
20190228,-67800.0,2324410.0,1998250.0,2342870.0,2601220.0,1075760.0,1399700.0,468510.0,212370.0,22979000.0,19703000.0,23145000.0,25664000.0,10594000.0,13872000.0,4600000.0,2080000.0
20190301,-155440.0,2266510.0,2099590.0,2270190.0,2281680.0,1037700.0,1310820.0,462310.0,344630.0,22457000.0,20753000.0,22480000.0,22580000.0,10253000.0,13014000.0,4572000.0,3416000.0
20190304,5070.0,3860990.0,3716960.0,4578640.0,4727740.0,3020680.0,2992580.0,973750.0,996780.0,37094000.0,35680000.0,43952000.0,45378000.0,28996000.0,28691000.0,9290000.0,9583000.0
20190305,2800190.0,5006140.0,7240500.0,7590880.0,8156730.0,5543850.0,5197850.0,3696820.0,1242630.0,46467000.0,66662000.0,70427000.0,75416000.0,51029000.0,47974000.0,33255000.0,11125000.0
20190306,-2969400.0,11652360.0,6675290.0,11593350.0,13601020.0,7331090.0,9318060.0,2503350.0,3485780.0,101268000.0,57547000.0,100459000.0,118168000.0,63573000.0,80718000.0,21380000.0,30248000.0
20190307,-4137350.0,8638930.0,6535730.0,10036320.0,8002160.0,5617450.0,8791330.0,584790.0,1548260.0,75372000.0,56731000.0,87348000.0,69619000.0,48844000.0,76714000.0,5018000.0,13518000.0
20190308,-1232110.0,7562690.0,6858590.0,8111160.0,7583160.0,4392460.0,5323890.0,405130.0,705810.0,67849000.0,61337000.0,72501000.0,67879000.0,39187000.0,47465000.0,3558000.0,6415000.0
20190311,3117980.0,5167950.0,7644480.0,8006260.0,8647720.0,6588350.0,4946500.0,2022770.0,546640.0,44749000.0,66121000.0,69377000.0,74844000.0,57013000.0,42838000.0,17407000.0,4743000.0
20190312,-4429770.0,10566040.0,7957740.0,11944870.0,10123410.0,4882570.0,9615410.0,1311100.0,1008030.0,88516000.0,66331000.0,99816000.0,84511000.0,40780000.0,80616000.0,10865000.0,8518000.0
20190313,-3133790.0,6324490.0,3648450.0,6666340.0,6208580.0,3593280.0,5890470.0,115000.0,951600.0,54390000.0,31324000.0,57269000.0,53265000.0,30844000.0,50732000.0,1000000.0,8182000.0
20190314,-1926580.0,7453660.0,4385140.0,6851300.0,7993240.0,2731370.0,4106390.0,329370.0,880930.0,68142000.0,40049000.0,62708000.0,73306000.0,25148000.0,37548000.0,3000000.0,8096000.0
20190315,-1361430.0,4679950.0,3702150.0,4844340.0,4460710.0,2350700.0,3025620.0,0.0,686510.0,43106000.0,33935000.0,44538000.0,40979000.0,21498000.0,27810000.0,0.0,6418000.0
20190318,1085410.0,3510100.0,4059740.0,4291830.0,4827610.0,3593510.0,2578190.0,222580.0,152490.0,31965000.0,36857000.0,39028000.0,43878000.0,32555000.0,23422000.0,2000000.0,1391000.0
20190319,-182970.0,3374430.0,2933310.0,3646160.0,3904290.0,1835120.0,2322470.0,304380.0,0.0,30227000.0,26214000.0,32626000.0,34942000.0,16379000.0,20784000.0,2707000.0,0.0
20190320,273340.0,5536230.0,5704390.0,6857890.0,6963060.0,4092030.0,3740770.0,814260.0,892180.0,49161000.0,50468000.0,60787000.0,61689000.0,36227000.0,33125000.0,7180000.0,8074000.0
20190321,1584790.0,4535220.0,6556010.0,5437590.0,5001600.0,4342670.0,3053050.0,520380.0,225210.0,40215000.0,58067000.0,48160000.0,44302000.0,38397000.0,27013000.0,4604000.0,1995000.0
20190322,-456650.0,3015800.0,2679220.0,3798590.0,3678520.0,2335650.0,2039680.0,0.0,752620.0,26938000.0,23890000.0,33906000.0,32831000.0,20818000.0,18205000.0,0.0,6736000.0
20190325,1377520.0,4389890.0,4861590.0,4673960.0,5579800.0,4861940.0,3664900.0,713440.0,532960.0,38757000.0,42761000.0,41166000.0,49184000.0,42802000.0,32361000.0,6308000.0,4727000.0
20190326,-457380.0,3862830.0,3047450.0,3795820.0,4153810.0,2499250.0,2715100.0,113160.0,354690.0,34533000.0,27102000.0,33884000.0,37018000.0,22176000.0,24287000.0,1014000.0,3200000.0
20190327,501350.0,2184380.0,2354820.0,2713860.0,3044770.0,2438920.0,1881630.0,440490.0,496430.0,19609000.0,21099000.0,24346000.0,27303000.0,21843000.0,16875000.0,3952000.0,4473000.0
20190328,-1772110.0,4046990.0,2405820.0,3919990.0,3789060.0,1966640.0,3177720.0,150440.0,711470.0,36859000.0,21803000.0,35612000.0,34414000.0,17811000.0,28868000.0,1358000.0,6556000.0
20190329,-707390.0,5161560.0,4392830.0,5363640.0,5424980.0,2937890.0,2922390.0,108000.0,830890.0,48364000.0,41024000.0,50217000.0,50688000.0,27383000.0,27367000.0,1000000.0,7885000.0
20190401,-235450.0,5791640.0,7525540.0,9900040.0,7930670.0,4909730.0,5159190.0,689920.0,675910.0,50593000.0,65618000.0,86371000.0,69205000.0,42794000.0,45034000.0,6075000.0,5976000.0
20190402,-851670.0,5682660.0,4734040.0,6227460.0,6324420.0,3053370.0,3907340.0,116900.0,114600.0,49319000.0,41062000.0,54038000.0,54887000.0,26479000.0,33887000.0,1000000.0,1000000.0
20190403,499660.0,4183660.0,4694440.0,4553350.0,4542230.0,3474550.0,3039650.0,178310.0,113550.0,36632000.0,41022000.0,39824000.0,39732000.0,30378000.0,26644000.0,1563000.0,1000000.0
20190404,-1274400.0,4448070.0,3457800.0,4266050.0,3981930.0,2432350.0,3836040.0,344710.0,215420.0,38918000.0,30207000.0,37294000.0,34767000.0,21194000.0,33557000.0,3000000.0,1875000.0
20190408,-2015270.0,6027490.0,3563770.0,4742810.0,5191280.0,2487590.0,2797650.0,321080.0,2026290.0,54293000.0,32117000.0,42654000.0,46722000.0,22356000.0,25177000.0,2868000.0,18155000.0
20190409,-865980.0,2690120.0,2212480.0,3007140.0,2618800.0,1269980.0,2135400.0,120250.0,120810.0,24410000.0,20069000.0,27279000.0,23741000.0,11520000.0,19395000.0,1096000.0,1100000.0
20190410,-664120.0,2708860.0,1918420.0,2597310.0,2723640.0,824250.0,997770.0,297280.0,787880.0,24955000.0,17651000.0,23904000.0,25050000.0,7574000.0,9190000.0,2740000.0,7281000.0
20190411,-804730.0,3090440.0,2162070.0,2758020.0,2881660.0,1182170.0,1986900.0,0.0,0.0,28540000.0,19947000.0,25437000.0,26597000.0,10918000.0,18351000.0,0.0,0.0
20190412,-304350.0,2059270.0,1879620.0,2222710.0,2098010.0,930990.0,1235340.0,0.0,0.0,19271000.0,17546000.0,20760000.0,19597000.0,8670000.0,11558000.0,0.0,0.0
20190415,-1412590.0,3011790.0,2028530.0,3086880.0,2657550.0,880320.0,1939870.0,581900.0,934940.0,28080000.0,18883000.0,28666000.0,24705000.0,8175000.0,18053000.0,5470000.0,8750000.0
20190416,-685630.0,2966890.0,2485660.0,3213110.0,3008710.0,1066360.0,1277780.0,237570.0,711780.0,28520000.0,23731000.0,30765000.0,28864000.0,10200000.0,12357000.0,2237000.0,6770000.0
20190417,-302890.0,1958720.0,1969910.0,2836660.0,2522590.0,1059880.0,1482930.0,120160.0,0.0,18359000.0,18447000.0,26575000.0,23627000.0,9919000.0,13901000.0,1122000.0,0.0
20190418,-1259200.0,2481680.0,1259600.0,2254840.0,2217720.0,999150.0,1406020.0,141290.0,993620.0,23454000.0,11892000.0,21332000.0,20944000.0,9440000.0,13278000.0,1324000.0,9436000.0
20190419,-20170.0,1136850.0,1264680.0,1751190.0,1603180.0,1057070.0,1159850.0,425570.0,342960.0,10776000.0,11981000.0,16588000.0,15187000.0,10020000.0,11009000.0,4053000.0,3260000.0
20190422,-282780.0,1770770.0,1179260.0,1777120.0,2085850.0,637820.0,920600.0,0.0,0.0,16763000.0,11153000.0,16807000.0,19724000.0,6016000.0,8709000.0,0.0,0.0
20190423,-2578640.0,3728170.0,1426740.0,2823120.0,2545900.0,725690.0,2335280.0,0.0,969050.0,36657000.0,13995000.0,27771000.0,24979000.0,7133000.0,22987000.0,0.0,9600000.0
20190424,-286540.0,2044350.0,1696430.0,2000210.0,2061590.0,885070.0,1173010.0,101500.0,100100.0,20178000.0,16677000.0,19715000.0,20320000.0,8691000.0,11587000.0,1000000.0,1000000.0
20190425,-791800.0,2665040.0,1509130.0,1900700.0,2264810.0,486370.0,1245430.0,0.0,32740.0,26411000.0,14927000.0,18889000.0,22466000.0,4840000.0,12424000.0,0.0,323000.0
20190426,-311300.0,2159260.0,1636810.0,1864650.0,2075790.0,754550.0,1019180.0,180120.0,226790.0,21753000.0,16469000.0,18798000.0,20926000.0,7628000.0,10306000.0,1794000.0,2272000.0
20190429,-347070.0,2159030.0,1876060.0,2421990.0,2357900.0,660430.0,996890.0,124690.0,135300.0,22020000.0,19122000.0,24706000.0,24052000.0,6743000.0,10161000.0,1260000.0,1394000.0
20190430,-618550.0,1505360.0,1062300.0,1737030.0,1561550.0,544420.0,1005750.0,174870.0,332090.0,15395000.0,10842000.0,17751000.0,15930000.0,5555000.0,10299000.0,1777000.0,3407000.0
20190506,-1689500.0,3779500.0,1806590.0,3089980.0,3373390.0,955810.0,2490890.0,131400.0,285820.0,41955000.0,19988000.0,34342000.0,37420000.0,10613000.0,27741000.0,1500000.0,3261000.0
20190507,-506790.0,2906870.0,1860380.0,2018100.0,2557810.0,956540.0,1067470.0,15960.0,411820.0,32497000.0,20778000.0,22606000.0,28579000.0,10728000.0,12013000.0,179000.0,4640000.0
20190508,368080.0,1934360.0,2039000.0,1802840.0,2066290.0,1133740.0,690390.0,1350.0,76620.0,21111000.0,22176000.0,19696000.0,22548000.0,12320000.0,7570000.0,15000.0,848000.0
20190509,-137180.0,1534730.0,1377260.0,1214120.0,1234410.0,207230.0,344410.0,0.0,0.0,16676000.0,14939000.0,13177000.0,13426000.0,2252000.0,3739000.0,0.0,0.0
20190510,29720.0,1880150.0,1929220.0,2127210.0,2107860.0,716330.0,753540.0,66930.0,0.0,20293000.0,20768000.0,22969000.0,22753000.0,7702000.0,8168000.0,724000.0,0.0
20190513,-379220.0,1344490.0,805400.0,1092040.0,1251910.0,271630.0,650850.0,0.0,0.0,14541000.0,8707000.0,11812000.0,13542000.0,2939000.0,7043000.0,0.0,0.0
20190514,-257100.0,2079450.0,1862890.0,1492910.0,1452380.0,501380.0,621910.0,0.0,136570.0,22898000.0,20493000.0,16438000.0,15998000.0,5518000.0,6863000.0,0.0,1499000.0
20190515,-422650.0,1457260.0,1259880.0,1430670.0,1205400.0,178940.0,601590.0,0.0,0.0,15997000.0,13821000.0,15700000.0,13232000.0,1965000.0,6609000.0,0.0,0.0
20190516,-176090.0,2078530.0,2397640.0,2637500.0,2142300.0,966060.0,1098010.0,0.0,44140.0,22758000.0,26204000.0,28831000.0,23431000.0,10563000.0,12032000.0,0.0,485000.0
20190517,-924320.0,3356460.0,1832220.0,2534590.0,3134510.0,663970.0,1482670.0,0.0,105620.0,37534000.0,20423000.0,28310000.0,35011000.0,7437000.0,16646000.0,0.0,1200000.0
20190520,-695430.0,2229900.0,1564840.0,1810540.0,1780180.0,654810.0,1150110.0,0.0,200130.0,26092000.0,18244000.0,21189000.0,20783000.0,7625000.0,13516000.0,0.0,2363000.0
20190521,-174650.0,2055240.0,1703670.0,1672650.0,1849570.0,908730.0,684100.0,0.0,399280.0,23446000.0,19387000.0,19046000.0,21047000.0,10358000.0,7816000.0,0.0,4600000.0
20190522,273690.0,1323790.0,1469810.0,1194580.0,1322250.0,606850.0,451800.0,118640.0,0.0,14972000.0,16616000.0,13498000.0,14946000.0,6862000.0,5105000.0,1335000.0,0.0
20190523,101670.0,2914670.0,3020310.0,3131480.0,3127520.0,1681420.0,1448530.0,16470.0,147690.0,32045000.0,33130000.0,34416000.0,34375000.0,18481000.0,15970000.0,183000.0,1650000.0
20190524,-133910.0,1617150.0,1475020.0,1322440.0,1330650.0,188540.0,322450.0,0.0,0.0,18460000.0,16836000.0,15091000.0,15194000.0,2157000.0,3678000.0,0.0,0.0
20190527,141560.0,1616880.0,2238010.0,2431040.0,1951460.0,929120.0,787560.0,0.0,0.0,18177000.0,25110000.0,27318000.0,21892000.0,10396000.0,8888000.0,0.0,0.0
20190528,197280.0,1997590.0,1858640.0,1750960.0,2087190.0,862430.0,693000.0,137400.0,109550.0,21820000.0,20290000.0,19127000.0,22796000.0,9408000.0,7573000.0,1500000.0,1196000.0
20190529,-155740.0,1244180.0,1225040.0,1275670.0,1139070.0,419880.0,575620.0,0.0,0.0,13523000.0,13305000.0,13864000.0,12379000.0,4558000.0,6261000.0,0.0,0.0
20190530,-744340.0,1521950.0,820010.0,1246240.0,1203840.0,665340.0,1409680.0,0.0,0.0,16740000.0,9012000.0,13712000.0,13249000.0,7311000.0,15502000.0,0.0,0.0
20190531,254120.0,1318150.0,1263540.0,1235670.0,1544390.0,721890.0,557160.0,89390.0,0.0,14478000.0,13847000.0,13550000.0,16947000.0,7905000.0,6124000.0,985000.0,0.0
20190603,103700.0,1260830.0,1320230.0,912490.0,956790.0,213730.0,110030.0,0.0,0.0,13999000.0,14653000.0,10118000.0,10609000.0,2370000.0,1225000.0,0.0,0.0
20190604,-288350.0,1321450.0,1317350.0,1251400.0,967150.0,304680.0,593030.0,0.0,0.0,14855000.0,14771000.0,14022000.0,10835000.0,3435000.0,6705000.0,0.0,0.0
20190605,-152640.0,973500.0,1007150.0,1111130.0,924850.0,107540.0,176660.0,107760.0,191280.0,10780000.0,11148000.0,12299000.0,10240000.0,1193000.0,1954000.0,1200000.0,2130000.0
20190606,-284820.0,1129580.0,917670.0,1343450.0,1270530.0,359590.0,338370.0,0.0,306040.0,12565000.0,10210000.0,14950000.0,14143000.0,4002000.0,3764000.0,0.0,3400000.0
20190610,-166310.0,1017070.0,906090.0,747550.0,692210.0,134190.0,259040.0,0.0,41460.0,11418000.0,10158000.0,8380000.0,7770000.0,1502000.0,2908000.0,0.0,464000.0
20190611,543290.0,1276460.0,1708620.0,1329630.0,1440760.0,866880.0,323590.0,0.0,0.0,14112000.0,18845000.0,14662000.0,15887000.0,9512000.0,3555000.0,0.0,0.0
20190612,-289060.0,1525250.0,1202330.0,1053100.0,1086960.0,215800.0,636710.0,131850.0,0.0,16730000.0,13189000.0,11551000.0,11920000.0,2369000.0,6987000.0,1446000.0,0.0
20190613,-169770.0,1778720.0,1523500.0,1103910.0,1189360.0,319110.0,308690.0,0.0,180190.0,19779000.0,16949000.0,12282000.0,13212000.0,3552000.0,3434000.0,0.0,2018000.0
20190614,-281990.0,1947760.0,1652350.0,1347770.0,1361190.0,327110.0,501610.0,0.0,107490.0,21955000.0,18619000.0,15186000.0,15330000.0,3689000.0,5665000.0,0.0,1216000.0
20190617,204110.0,894670.0,1014110.0,871670.0,956340.0,298730.0,164380.0,69760.0,0.0,10120000.0,11462000.0,9845000.0,10808000.0,3377000.0,1862000.0,790000.0,0.0
20190618,48850.0,909010.0,1098650.0,895190.0,754390.0,397130.0,348280.0,0.0,0.0,10279000.0,12418000.0,10113000.0,8526000.0,4483000.0,3931000.0,0.0,0.0
20190619,-153760.0,1373680.0,1067090.0,1400270.0,1553110.0,576540.0,783580.0,187200.0,133920.0,15238000.0,11827000.0,15513000.0,17220000.0,6388000.0,8689000.0,2080000.0,1483000.0
20190620,-228310.0,1641000.0,1348860.0,1559600.0,1623440.0,760360.0,650880.0,0.0,337790.0,18173000.0,14916000.0,17242000.0,17949000.0,8393000.0,7200000.0,0.0,3743000.0
20190621,283700.0,1822710.0,1860050.0,1680140.0,1926510.0,1163500.0,713530.0,136400.0,302670.0,19791000.0,20181000.0,18241000.0,20911000.0,12623000.0,7739000.0,1473000.0,3297000.0
20190624,-229100.0,1369620.0,744890.0,905330.0,1300980.0,467750.0,562640.0,0.0,134210.0,14985000.0,8148000.0,9911000.0,14234000.0,5118000.0,6159000.0,0.0,1473000.0
20190625,-699370.0,1787330.0,1183060.0,1463170.0,1368070.0,223300.0,922670.0,0.0,0.0,19938000.0,13214000.0,16342000.0,15262000.0,2500000.0,10304000.0,0.0,0.0
20190626,69900.0,1235290.0,1125970.0,891900.0,1071130.0,509270.0,439370.0,0.0,0.0,13802000.0,12574000.0,9963000.0,11964000.0,5683000.0,4910000.0,0.0,0.0
20190627,-107980.0,1308320.0,1146880.0,1064090.0,1117540.0,486490.0,594470.0,0.0,0.0,14580000.0,12778000.0,11853000.0,12449000.0,5417000.0,6623000.0,0.0,0.0
20190628,-625440.0,1679890.0,1499740.0,1639040.0,1193740.0,175060.0,800500.0,0.0,0.0,19062000.0,17023000.0,18601000.0,13540000.0,1990000.0,9090000.0,0.0,0.0
20190701,368480.0,1660640.0,1775760.0,1989150.0,2242520.0,1332970.0,1055990.0,280400.0,188900.0,18368000.0,19653000.0,22015000.0,24817000.0,14741000.0,11666000.0,3097000.0,2085000.0
20190702,-326570.0,1907360.0,1430350.0,1681710.0,1832140.0,690960.0,953180.0,0.0,64350.0,21075000.0,15802000.0,18587000.0,20247000.0,7633000.0,10535000.0,0.0,711000.0
20190703,-1369010.0,2249200.0,1395910.0,1846150.0,1330420.0,393840.0,1549630.0,0.0,213220.0,25382000.0,15756000.0,20844000.0,15009000.0,4453000.0,17507000.0,0.0,2407000.0
20190704,-123050.0,1202550.0,1001760.0,919290.0,997050.0,199140.0,322190.0,0.0,0.0,13599000.0,11325000.0,10398000.0,11271000.0,2245000.0,3646000.0,0.0,0.0
20190705,123380.0,832760.0,1319320.0,1255060.0,891890.0,427970.0,304590.0,0.0,0.0,9428000.0,14914000.0,14173000.0,10073000.0,4832000.0,3446000.0,0.0,0.0
20190708,-62280.0,1984310.0,1734640.0,1472980.0,1660360.0,478240.0,514020.0,0.0,26500.0,22661000.0,19776000.0,16797000.0,18950000.0,5459000.0,5892000.0,0.0,299000.0
20190709,-309470.0,1045490.0,735490.0,1069000.0,1069530.0,76330.0,385800.0,0.0,0.0,12096000.0,8503000.0,12361000.0,12369000.0,885000.0,4469000.0,0.0,0.0
20190710,-815870.0,2186170.0,794540.0,1926830.0,2502570.0,424050.0,1239920.0,0.0,0.0,25675000.0,9323000.0,22631000.0,29388000.0,4996000.0,14590000.0,0.0,0.0
20190711,-643450.0,1367850.0,940600.0,1357690.0,1141480.0,374570.0,727180.0,0.0,290840.0,16273000.0,11150000.0,16117000.0,13543000.0,4455000.0,8652000.0,0.0,3500000.0
20190712,88320.0,959480.0,997560.0,1073100.0,1123340.0,430580.0,342260.0,0.0,0.0,11477000.0,11922000.0,12828000.0,13423000.0,5139000.0,4099000.0,0.0,0.0
20190715,-493510.0,3258800.0,2036070.0,2981950.0,3711160.0,1134510.0,1865330.0,237310.0,0.0,39824000.0,24818000.0,36401000.0,45312000.0,13767000.0,22733000.0,2871000.0,0.0
20190716,-105340.0,1674840.0,1587770.0,2525570.0,2507310.0,811180.0,1026890.0,110370.0,0.0,20064000.0,18995000.0,30235000.0,30000000.0,9710000.0,12314000.0,1300000.0,0.0
20190717,223310.0,1553690.0,1407950.0,1668600.0,2037650.0,774720.0,551410.0,0.0,0.0,18518000.0,16760000.0,19857000.0,24255000.0,9211000.0,6571000.0,0.0,0.0
20190718,454150.0,2401940.0,3008640.0,3409980.0,3257440.0,1697390.0,1452320.0,209080.0,0.0,27972000.0,35005000.0,39670000.0,37904000.0,19738000.0,16893000.0,2421000.0,0.0
20190719,472160.0,3162690.0,3480550.0,4121600.0,4275900.0,1781510.0,1705640.0,396290.0,0.0,36208000.0,39834000.0,47201000.0,48939000.0,20364000.0,19518000.0,4519000.0,0.0
20190722,-968480.0,3274360.0,2183480.0,2961360.0,3083750.0,1453970.0,2422450.0,0.0,0.0,37800000.0,25194000.0,34155000.0,35582000.0,16777000.0,27955000.0,0.0,0.0
20190723,232960.0,2068920.0,2068360.0,2024750.0,2258270.0,915860.0,861820.0,178920.0,0.0,24518000.0,24459000.0,23970000.0,26735000.0,10807000.0,10202000.0,2100000.0,0.0
20190724,588560.0,1441920.0,1992880.0,1975030.0,2012630.0,1644180.0,1055620.0,0.0,0.0,16689000.0,23020000.0,22826000.0,23245000.0,18971000.0,12220000.0,0.0,0.0
20190725,-3098910.0,3680630.0,1902820.0,4360260.0,3039170.0,2839660.0,3044560.0,253980.0,3147990.0,42878000.0,22005000.0,50709000.0,35215000.0,33019000.0,35498000.0,3020000.0,36908000.0
20190726,1546680.0,7899440.0,8171670.0,8131220.0,9405660.0,4051100.0,3413890.0,1012140.0,102670.0,88451000.0,91102000.0,91001000.0,104998000.0,45104000.0,38381000.0,11154000.0,1228000.0
20190729,-411410.0,5641760.0,4985750.0,6438540.0,6683130.0,2810360.0,3195690.0,602730.0,628810.0,61451000.0,54258000.0,70043000.0,72741000.0,30594000.0,34817000.0,6557000.0,6829000.0
20190730,-525800.0,3628670.0,3430440.0,4003000.0,3675430.0,1292950.0,1818750.0,0.0,0.0,39675000.0,37494000.0,43750000.0,40175000.0,14101000.0,19856000.0,0.0,0.0
20190731,-94870.0,3120910.0,3381830.0,3776120.0,3420330.0,1230840.0,1325710.0,0.0,0.0,34556000.0,37392000.0,41765000.0,37844000.0,13603000.0,14689000.0,0.0,0.0
20190801,604670.0,2513840.0,3298960.0,3023020.0,2842570.0,1866090.0,1264550.0,112320.0,109190.0,27909000.0,36562000.0,33514000.0,31507000.0,20648000.0,14031000.0,1248000.0,1219000.0
20190802,-1506290.0,3511580.0,2108760.0,3288690.0,3185220.0,800830.0,2134140.0,177920.0,350900.0,39926000.0,23938000.0,37355000.0,36170000.0,9100000.0,24282000.0,2017000.0,4009000.0
20190805,-27780.0,2027660.0,2006460.0,2538200.0,2531610.0,1079350.0,1107130.0,0.0,0.0,22892000.0,22613000.0,28636000.0,28555000.0,12154000.0,12514000.0,0.0,0.0
20190806,-833260.0,3349770.0,2591510.0,3745850.0,3670870.0,1310980.0,2139870.0,101800.0,106170.0,39956000.0,30826000.0,44644000.0,43780000.0,15693000.0,25628000.0,1230000.0,1290000.0
20190807,-544020.0,1917630.0,1146750.0,1760350.0,1987210.0,514270.0,783590.0,0.0,274700.0,22843000.0,13642000.0,20972000.0,23649000.0,6134000.0,9373000.0,0.0,3286000.0
20190808,268070.0,1178640.0,1309620.0,1444590.0,1581680.0,1101190.0,833120.0,0.0,0.0,14058000.0,15606000.0,17223000.0,18859000.0,13130000.0,9946000.0,0.0,0.0
20190809,-571650.0,1480190.0,1145900.0,1623840.0,1386480.0,265130.0,836780.0,0.0,0.0,17872000.0,13807000.0,19598000.0,16754000.0,3194000.0,10103000.0,0.0,0.0
20190812,459000.0,1022240.0,1275620.0,928100.0,1133720.0,903750.0,516070.0,71320.0,0.0,12312000.0,15330000.0,11168000.0,13638000.0,10857000.0,6227000.0,858000.0,0.0
20190813,107520.0,1361390.0,1649690.0,1961790.0,1781030.0,948860.0,841340.0,0.0,0.0,16098000.0,19495000.0,23185000.0,21030000.0,11206000.0,9964000.0,0.0,0.0
20190814,-258850.0,1868330.0,1551920.0,1702600.0,1760180.0,471260.0,619470.0,0.0,110640.0,21700000.0,18007000.0,19775000.0,20445000.0,5470000.0,7199000.0,0.0,1294000.0
20190815,313640.0,2384170.0,2468230.0,2635180.0,2864760.0,1300430.0,1118790.0,132000.0,0.0,27642000.0,28429000.0,30404000.0,33143000.0,14941000.0,12916000.0,1500000.0,0.0
20190816,819420.0,4199460.0,5240480.0,6365740.0,6144130.0,3109850.0,2570870.0,560690.0,280250.0,46198000.0,57550000.0,69820000.0,67436000.0,34105000.0,28217000.0,6174000.0,3094000.0
20190819,2092790.0,3798850.0,5267950.0,6414390.0,7038080.0,6055290.0,4208140.0,355010.0,109370.0,40799000.0,56248000.0,68690000.0,75301000.0,64588000.0,45142000.0,3789000.0,1176000.0
20190820,-2564510.0,5813640.0,2969770.0,5191630.0,5470980.0,3530450.0,5672080.0,6710.0,429590.0,61574000.0,31407000.0,54953000.0,57895000.0,37392000.0,60110000.0,71000.0,4578000.0
20190821,-857940.0,2754890.0,1624480.0,3668960.0,3941430.0,1267710.0,2369900.0,353610.0,109360.0,29635000.0,17473000.0,39440000.0,42382000.0,13628000.0,25475000.0,3802000.0,1175000.0
20190822,-489640.0,3252100.0,2474870.0,4276430.0,4564030.0,2487070.0,2611010.0,0.0,365700.0,34766000.0,26363000.0,45708000.0,48725000.0,26471000.0,27932000.0,0.0,3925000.0
20190823,-1151190.0,2929200.0,1706200.0,3535750.0,3607550.0,1554000.0,2617280.0,456010.0,543920.0,31854000.0,18535000.0,38427000.0,39204000.0,16890000.0,28474000.0,4957000.0,5915000.0
20190909,602680.0,0.0,351390.0,0.0,251290.0,0.0,186480.0,789160.0,0.0,0.0,3486000.0,0.0,2493000.0,0.0,1850000.0,7829000.0,0.0
20190910,-1834130.0,13738410.0,11194650.0,18827930.0,19537560.0,15773830.0,18774010.0,6246460.0,5080410.0,128869000.0,104596000.0,176318000.0,182624000.0,147066000.0,175249000.0,57340000.0,47124000.0
20190911,-1046660.0,6631520.0,5877040.0,11131480.0,10839300.0,8206180.0,9323060.0,1034410.0,964190.0,64163000.0,56609000.0,107341000.0,104548000.0,79058000.0,90090000.0,9938000.0,9253000.0
20190912,-3257410.0,5504150.0,3236960.0,6654360.0,5664130.0,2987650.0,4896030.0,465740.0,1814770.0,54703000.0,32129000.0,66073000.0,56257000.0,29739000.0,48693000.0,4643000.0,18079000.0
20190916,-794240.0,3755980.0,2656430.0,4748460.0,5053770.0,3170220.0,3458420.0,252550.0,758590.0,37517000.0,26490000.0,47418000.0,50447000.0,31593000.0,34517000.0,2513000.0,7587000.0
20190917,-1382300.0,4231730.0,2519760.0,4496900.0,4826560.0,2847710.0,3972180.0,124580.0,382410.0,43273000.0,25765000.0,46005000.0,49389000.0,29097000.0,40623000.0,1280000.0,3879000.0
20190918,106750.0,2339310.0,1950110.0,2312640.0,2808600.0,1700960.0,1639550.0,347980.0,302640.0,23929000.0,19930000.0,23638000.0,28724000.0,17390000.0,16761000.0,3556000.0,3098000.0
20190919,-566460.0,1803490.0,1456630.0,2249020.0,2029420.0,728550.0,1304570.0,130650.0,121090.0,18552000.0,14975000.0,23119000.0,20869000.0,7499000.0,13416000.0,1340000.0,1250000.0
20190920,-896100.0,2058190.0,1483480.0,2569390.0,2248000.0,1324620.0,1973140.0,235660.0,483240.0,21119000.0,15221000.0,26351000.0,23061000.0,13596000.0,20270000.0,2432000.0,4946000.0
20190923,-353670.0,2208740.0,1396500.0,2546330.0,3004900.0,1172880.0,1521780.0,0.0,4770.0,23233000.0,14676000.0,26782000.0,31613000.0,12337000.0,16013000.0,0.0,50000.0
20190924,-294570.0,1879990.0,1795290.0,2603780.0,2393910.0,1148820.0,1561500.0,121820.0,3710.0,19713000.0,18775000.0,27290000.0,25057000.0,12022000.0,16423000.0,1269000.0,39000.0
20190925,-280400.0,3380430.0,3422660.0,5097280.0,4774640.0,2912950.0,3223740.0,196000.0,165610.0,34584000.0,34961000.0,52112000.0,48768000.0,29729000.0,33003000.0,2000000.0,1694000.0
20190926,-416050.0,4592420.0,4168950.0,5478220.0,5485630.0,2480320.0,2793030.0,362060.0,465400.0,48012000.0,43576000.0,57086000.0,57231000.0,25832000.0,28925000.0,3698000.0,4896000.0
20190927,-599250.0,2953440.0,2917150.0,3669740.0,3106790.0,1355930.0,1852710.0,0.0,102470.0,31792000.0,31315000.0,39477000.0,33441000.0,14559000.0,19972000.0,0.0,1100000.0
20190930,-737610.0,2380740.0,1283280.0,2139120.0,2498970.0,2009500.0,1908320.0,0.0,838790.0,26245000.0,14130000.0,23570000.0,27538000.0,22162000.0,21050000.0,0.0,9258000.0
20191008,-288440.0,1338480.0,933190.0,1302710.0,1419570.0,466550.0,752680.0,124120.0,126430.0,14770000.0,10293000.0,14381000.0,15662000.0,5142000.0,8302000.0,1364000.0,1400000.0
20191009,-406000.0,1604130.0,1023940.0,1439400.0,1613570.0,353210.0,804440.0,180830.0,135600.0,17852000.0,11378000.0,16005000.0,17962000.0,3923000.0,8941000.0,2000000.0,1500000.0
20191010,279340.0,1495360.0,1895780.0,2010360.0,1889270.0,1212710.0,933370.0,0.0,0.0,16513000.0,20927000.0,22202000.0,20868000.0,13383000.0,10304000.0,0.0,0.0
20191011,-795580.0,2297800.0,2057370.0,2316360.0,1761200.0,1270950.0,1963920.0,0.0,102610.0,25623000.0,22920000.0,25834000.0,19626000.0,14153000.0,21925000.0,0.0,1140000.0
20191014,-502670.0,2156480.0,1757670.0,3001240.0,2897380.0,1021850.0,1822280.0,297760.0,0.0,23529000.0,19165000.0,32736000.0,31620000.0,11124000.0,19837000.0,3233000.0,0.0
20191015,-451730.0,1680250.0,1428670.0,1928070.0,1727920.0,1352990.0,1525090.0,0.0,279630.0,18620000.0,15826000.0,21364000.0,19131000.0,14946000.0,16873000.0,0.0,3100000.0
20191016,-67190.0,917180.0,907350.0,1196550.0,1139190.0,271550.0,483900.0,145160.0,0.0,10180000.0,10066000.0,13271000.0,12634000.0,3015000.0,5369000.0,1603000.0,0.0
20191017,-784870.0,1327190.0,667160.0,1150390.0,1025550.0,452540.0,1093980.0,125580.0,269010.0,14899000.0,7482000.0,12912000.0,11512000.0,5073000.0,12280000.0,1400000.0,3010000.0
20191018,-362750.0,1290810.0,903050.0,1491200.0,1516210.0,708380.0,1071130.0,0.0,0.0,14602000.0,10182000.0,16848000.0,17114000.0,7960000.0,12114000.0,0.0,0.0
20191021,-283490.0,1418300.0,1034730.0,1389240.0,1489320.0,244070.0,527560.0,125170.0,125170.0,16377000.0,11935000.0,16029000.0,17171000.0,2813000.0,6113000.0,1447000.0,1447000.0
20191022,589180.0,2414990.0,2295620.0,1961280.0,2669820.0,1352290.0,994840.0,545420.0,313690.0,27213000.0,25819000.0,22101000.0,30040000.0,15130000.0,11163000.0,6110000.0,3532000.0
20191023,83520.0,893060.0,859780.0,832550.0,949350.0,466640.0,383120.0,0.0,0.0,9985000.0,9612000.0,9308000.0,10614000.0,5219000.0,4286000.0,0.0,0.0
20191024,-26140.0,716740.0,694590.0,709290.0,705300.0,255310.0,303330.0,21880.0,0.0,8031000.0,7779000.0,7945000.0,7901000.0,2862000.0,3404000.0,246000.0,0.0
20191025,-175030.0,1083320.0,922380.0,1067290.0,1053210.0,486990.0,644740.0,112260.0,129540.0,12251000.0,10388000.0,12046000.0,11891000.0,5461000.0,7285000.0,1255000.0,1449000.0
20191028,-357470.0,2531440.0,1872690.0,2137770.0,2439040.0,1058910.0,1304120.0,0.0,112260.0,27645000.0,20479000.0,23434000.0,26707000.0,11627000.0,14285000.0,0.0,1235000.0
20191029,-616250.0,2163470.0,1477460.0,1793600.0,1863360.0,455580.0,979370.0,0.0,92460.0,23904000.0,16318000.0,19812000.0,20569000.0,5028000.0,10841000.0,0.0,1016000.0
20191030,-284520.0,1507410.0,1111810.0,1099750.0,1210830.0,253740.0,698270.0,160010.0,0.0,17060000.0,12575000.0,12446000.0,13701000.0,2878000.0,7910000.0,1802000.0,0.0
20191031,-778950.0,2210460.0,1434180.0,1732340.0,1729670.0,652530.0,1326810.0,73680.0,178350.0,25717000.0,16661000.0,20149000.0,20108000.0,7596000.0,15474000.0,865000.0,2084000.0
20191101,-21710.0,2273310.0,1558640.0,1066490.0,1759450.0,377790.0,482610.0,83110.0,0.0,26063000.0,17854000.0,12251000.0,20175000.0,4325000.0,5555000.0,945000.0,0.0
20191104,107410.0,1450110.0,1900500.0,1808980.0,1466010.0,507620.0,282550.0,43440.0,161100.0,16226000.0,21262000.0,20241000.0,16394000.0,5665000.0,3161000.0,487000.0,1802000.0
20191105,-555410.0,1558970.0,1197940.0,1348560.0,1154180.0,315340.0,738630.0,0.0,132120.0,17546000.0,13467000.0,15181000.0,12993000.0,3560000.0,8327000.0,0.0,1500000.0
20191106,-607600.0,1370900.0,860320.0,1172560.0,1075540.0,193850.0,680050.0,0.0,121400.0,15528000.0,9726000.0,13298000.0,12198000.0,2211000.0,7747000.0,0.0,1366000.0
20191107,-311680.0,834320.0,623100.0,718080.0,617610.0,169180.0,349560.0,0.0,131300.0,9508000.0,7090000.0,8168000.0,7033000.0,1931000.0,3980000.0,0.0,1504000.0
20191108,-330280.0,1174270.0,721290.0,920690.0,1043380.0,202340.0,532620.0,0.0,0.0,13455000.0,8250000.0,10559000.0,11966000.0,2316000.0,6114000.0,0.0,0.0
20191111,-721990.0,1809530.0,1095200.0,1273920.0,1266260.0,275940.0,997930.0,0.0,0.0,21311000.0,12881000.0,15022000.0,14927000.0,3243000.0,11767000.0,0.0,0.0
20191112,-1448690.0,1802300.0,1150990.0,2085220.0,1287840.0,532970.0,1817620.0,0.0,164040.0,21794000.0,13853000.0,25170000.0,15497000.0,6453000.0,22068000.0,0.0,2000000.0
20191113,-417620.0,1098810.0,896200.0,899810.0,684780.0,43990.0,348410.0,0.0,113200.0,13283000.0,10824000.0,10877000.0,8273000.0,535000.0,4220000.0,0.0,1378000.0
20191114,106730.0,713790.0,670350.0,585590.0,735770.0,291950.0,185220.0,0.0,0.0,8648000.0,8112000.0,7083000.0,8911000.0,3539000.0,2247000.0,0.0,0.0
20191115,262390.0,547510.0,1015620.0,1261370.0,1055650.0,346030.0,83640.0,0.0,0.0,6588000.0,12195000.0,15146000.0,12685000.0,4150000.0,1004000.0,0.0,0.0
20191118,278460.0,920700.0,1023680.0,1028680.0,1204160.0,545380.0,266920.0,0.0,0.0,10959000.0,12140000.0,12211000.0,14305000.0,6461000.0,3187000.0,0.0,0.0
20191119,926840.0,1421380.0,1926040.0,1496020.0,1918210.0,1548000.0,868570.0,364000.0,116590.0,16602000.0,22416000.0,17446000.0,22341000.0,17938000.0,10113000.0,4254000.0,1370000.0
20191120,224540.0,1150350.0,1040910.0,790730.0,1124720.0,754700.0,530160.0,0.0,0.0,13296000.0,12010000.0,9125000.0,12984000.0,8696000.0,6123000.0,0.0,0.0
20191121,1780780.0,6421040.0,6224780.0,5900750.0,7877790.0,4905500.0,3563310.0,617190.0,178600.0,70262000.0,68265000.0,64775000.0,86369000.0,53843000.0,39080000.0,6835000.0,2000000.0
20191122,271900.0,4195010.0,3577980.0,3443570.0,4332490.0,2003420.0,2679360.0,1615140.0,667300.0,45443000.0,38700000.0,37269000.0,46855000.0,21610000.0,28936000.0,17387000.0,7217000.0
20191125,854570.0,2764890.0,3525170.0,2483470.0,2577760.0,1923760.0,1465290.0,662070.0,265970.0,29871000.0,37990000.0,26832000.0,27787000.0,20735000.0,15803000.0,7000000.0,2859000.0
20191126,-498740.0,2172560.0,1588470.0,1343490.0,1428830.0,398280.0,897020.0,0.0,0.0,23495000.0,17182000.0,14545000.0,15463000.0,4304000.0,9699000.0,0.0,0.0
20191127,-751000.0,4386220.0,3339820.0,2630680.0,2926070.0,782060.0,1533060.0,0.0,0.0,46819000.0,35641000.0,28027000.0,31178000.0,8323000.0,16350000.0,0.0,0.0
20191128,-273850.0,2187510.0,1449750.0,1058320.0,1522230.0,107980.0,381830.0,0.0,0.0,23398000.0,15500000.0,11320000.0,16284000.0,1157000.0,4092000.0,0.0,0.0
20191129,-192860.0,1694700.0,1363650.0,1216300.0,1354480.0,190200.0,383060.0,0.0,0.0,18072000.0,14523000.0,12943000.0,14427000.0,2034000.0,4099000.0,0.0,0.0
20191202,4540.0,2742570.0,3243910.0,3449660.0,2952860.0,1736970.0,1637440.0,0.0,94990.0,28513000.0,33689000.0,35820000.0,30658000.0,17987000.0,16984000.0,0.0,989000.0
20191203,274320.0,1830990.0,1975190.0,1680500.0,1810620.0,873760.0,599440.0,0.0,0.0,19153000.0,20622000.0,17570000.0,18912000.0,9102000.0,6291000.0,0.0,0.0
20191204,-149020.0,1560250.0,1333790.0,1284410.0,1361850.0,367680.0,516700.0,0.0,0.0,16401000.0,14015000.0,13495000.0,14325000.0,3874000.0,5430000.0,0.0,0.0
20191205,-219430.0,2136540.0,1652030.0,1914930.0,2180010.0,543060.0,762490.0,0.0,0.0,22457000.0,17349000.0,20124000.0,22907000.0,5696000.0,8021000.0,0.0,0.0
20191206,-409300.0,2308480.0,2075060.0,2176860.0,2000990.0,682050.0,1091350.0,0.0,0.0,24084000.0,21613000.0,22688000.0,20848000.0,7083000.0,11394000.0,0.0,0.0
20191209,884690.0,2703240.0,3506070.0,3973380.0,4055240.0,2077980.0,1725480.0,532190.0,0.0,27456000.0,35572000.0,40321000.0,41142000.0,21037000.0,17496000.0,5396000.0,0.0
20191210,-121150.0,1959000.0,1898280.0,2358960.0,2298530.0,1196160.0,1300290.0,0.0,17020.0,20021000.0,19384000.0,24109000.0,23482000.0,12206000.0,13296000.0,0.0,173000.0
20191211,-150600.0,1546980.0,1577700.0,2514000.0,2332670.0,1080140.0,1159380.0,0.0,71360.0,15696000.0,15964000.0,25461000.0,23630000.0,10921000.0,11760000.0,0.0,723000.0
20191212,-163250.0,1398290.0,906410.0,1114780.0,1443410.0,501860.0,665110.0,0.0,0.0,14295000.0,9264000.0,11400000.0,14754000.0,5131000.0,6808000.0,0.0,0.0
20191213,-430750.0,6021690.0,6162230.0,7454690.0,6883400.0,4278610.0,4152570.0,692000.0,1248790.0,58520000.0,60099000.0,72677000.0,67184000.0,41861000.0,40405000.0,6757000.0,12128000.0
20191216,3262390.0,3664280.0,5429540.0,4553770.0,6050900.0,6365630.0,3587130.0,693110.0,209220.0,34580000.0,51028000.0,42989000.0,56942000.0,59682000.0,33798000.0,6507000.0,1990000.0
20191217,981180.0,6513990.0,6999770.0,7265060.0,7760450.0,5807920.0,5398720.0,851200.0,279220.0,58477000.0,62718000.0,65179000.0,69606000.0,52113000.0,48524000.0,7601000.0,2522000.0
20191218,-1507520.0,6567740.0,5906950.0,8021800.0,7175070.0,4389430.0,5734510.0,223170.0,385610.0,59381000.0,53443000.0,72453000.0,64756000.0,39661000.0,51866000.0,2037000.0,3468000.0
20191219,-2204160.0,3902000.0,2833390.0,4442020.0,3306470.0,2629140.0,4250890.0,131040.0,713450.0,35564000.0,25788000.0,40472000.0,30107000.0,23957000.0,38780000.0,1200000.0,6519000.0
20191220,-326250.0,2433590.0,2216090.0,3386580.0,3277830.0,1972090.0,2889590.0,843080.0,251830.0,22227000.0,20217000.0,30955000.0,29922000.0,18008000.0,26421000.0,7683000.0,2313000.0
20191223,777520.0,3854000.0,4458250.0,4599850.0,4773130.0,3421130.0,2512080.0,132450.0,263980.0,34453000.0,39789000.0,41123000.0,42617000.0,30516000.0,22469000.0,1166000.0,2384000.0
20191224,156230.0,1851560.0,2025260.0,2712120.0,2694660.0,1605650.0,1570710.0,223360.0,102070.0,16669000.0,18200000.0,24393000.0,24238000.0,14424000.0,14126000.0,2000000.0,922000.0
20191225,24400.0,2086940.0,2420540.0,3004070.0,2694870.0,1737840.0,1864260.0,599560.0,448740.0,18656000.0,21603000.0,26850000.0,24081000.0,15543000.0,16664000.0,5319000.0,4019000.0
20191226,-111760.0,1941100.0,1790140.0,2585040.0,2624230.0,1618650.0,1699620.0,114490.0,145280.0,17194000.0,15834000.0,22900000.0,23250000.0,14347000.0,15061000.0,1000000.0,1296000.0
20191227,-2025610.0,3778570.0,2169650.0,3770460.0,3353770.0,1719220.0,3826930.0,505110.0,423010.0,34148000.0,19586000.0,34094000.0,30303000.0,15581000.0,34662000.0,4567000.0,3840000.0
20191230,381670.0,2997220.0,3287000.0,3615040.0,3706950.0,2245670.0,2208760.0,759260.0,414500.0,26661000.0,29182000.0,32115000.0,32957000.0,19888000.0,19576000.0,6703000.0,3652000.0
20191231,-240980.0,1748340.0,1662900.0,2167560.0,2012010.0,1625190.0,1866170.0,0.0,0.0,15511000.0,14739000.0,19227000.0,17831000.0,14420000.0,16588000.0,0.0,0.0
20200102,-52590.0,3535420.0,3299100.0,3398010.0,3581760.0,1518220.0,1689510.0,331380.0,212680.0,31169000.0,29041000.0,29950000.0,31570000.0,13356000.0,14882000.0,2900000.0,1882000.0
20200103,-465640.0,2422900.0,1848620.0,2192690.0,2301330.0,1159230.0,1665810.0,102240.0,61300.0,21416000.0,16322000.0,19384000.0,20326000.0,10212000.0,14726000.0,904000.0,542000.0
20200106,-4530960.0,5953620.0,3741790.0,7258830.0,4939700.0,4299480.0,7537170.0,110300.0,1403570.0,53915000.0,33894000.0,65705000.0,44698000.0,38978000.0,68254000.0,1000000.0,12752000.0
20200107,3450770.0,4541500.0,5613860.0,5301390.0,7679810.0,7234220.0,3845270.0,219890.0,158070.0,40642000.0,50131000.0,47418000.0,68695000.0,64637000.0,34414000.0,1953000.0,1410000.0
20200108,-1410440.0,3885090.0,3352000.0,4614020.0,3736660.0,2257150.0,2745570.0,0.0,922020.0,34770000.0,29938000.0,41245000.0,33380000.0,20168000.0,24552000.0,0.0,8313000.0
20200109,7803560.0,3629800.0,8193180.0,6371400.0,9611580.0,6666670.0,4678950.0,7663990.0,1848150.0,30961000.0,69189000.0,54262000.0,80943000.0,56280000.0,39252000.0,63215000.0,15333000.0
20200110,-2028790.0,7484750.0,5819460.0,8350270.0,7986760.0,6118520.0,7122500.0,809080.0,1833890.0,62545000.0,48560000.0,69744000.0,66671000.0,50930000.0,59504000.0,6713000.0,15198000.0
20200113,-530820.0,4673020.0,5181500.0,5997060.0,4957770.0,2743250.0,3283510.0,892770.0,883330.0,39340000.0,43612000.0,50466000.0,41708000.0,23049000.0,27609000.0,7501000.0,7426000.0
20200114,-244230.0,3003410.0,3284990.0,4173630.0,3647820.0,2300210.0,2636520.0,392750.0,300670.0,25236000.0,27577000.0,35034000.0,30598000.0,19302000.0,22129000.0,3253000.0,2521000.0
20200115,-179050.0,3295840.0,2848210.0,3973880.0,4242470.0,2096730.0,2051060.0,117370.0,342090.0,28184000.0,24332000.0,33966000.0,36272000.0,17928000.0,17562000.0,1004000.0,2916000.0
20200116,930440.0,2694220.0,2922160.0,3086180.0,3788670.0,2236130.0,1648080.0,381860.0,39470.0,22826000.0,24723000.0,26118000.0,32055000.0,18902000.0,13960000.0,3227000.0,335000.0
20200117,-34770.0,3394880.0,2961430.0,2991330.0,3390010.0,2190850.0,2495660.0,692550.0,422510.0,28966000.0,25233000.0,25494000.0,28866000.0,18652000.0,21281000.0,5863000.0,3595000.0
20200120,700970.0,2949100.0,3768610.0,3471530.0,3353000.0,2535400.0,2356370.0,676750.0,154810.0,24933000.0,31826000.0,29348000.0,28327000.0,21400000.0,19940000.0,5716000.0,1304000.0
20200121,1349910.0,2710490.0,3670580.0,3920440.0,4310270.0,3822670.0,2071100.0,388230.0,789890.0,22737000.0,30749000.0,32865000.0,36151000.0,31999000.0,17341000.0,3246000.0,6606000.0
20200122,-57980.0,7470080.0,6165320.0,7483690.0,8730460.0,5858140.0,5480730.0,1469620.0,1905010.0,65269000.0,53804000.0,65537000.0,76406000.0,51291000.0,48012000.0,12934000.0,16810000.0
20200123,-2128210.0,7494030.0,6358980.0,8244650.0,7251500.0,6674440.0,5884510.0,792860.0,3711000.0,68471000.0,58114000.0,75525000.0,66679000.0,61936000.0,54099000.0,7425000.0,34465000.0
20200203,-419600.0,1943630.0,1366020.0,1939760.0,2097780.0,2200500.0,2628830.0,1741340.0,1732610.0,19986000.0,14044000.0,19954000.0,21579000.0,22658000.0,27075000.0,17952000.0,17854000.0
20200204,754230.0,6411840.0,7368840.0,7862090.0,7659320.0,3564160.0,3109390.0,1353950.0,1054490.0,63439000.0,72819000.0,77528000.0,75479000.0,35148000.0,30421000.0,13176000.0,10573000.0
20200205,576890.0,5455360.0,5923600.0,6181990.0,6290630.0,4612350.0,4043810.0,879620.0,871270.0,51572000.0,55874000.0,58343000.0,59333000.0,43464000.0,38165000.0,8239000.0,8246000.0
20200206,3728100.0,6531750.0,9587790.0,9474330.0,10146390.0,8193830.0,6298630.0,3316410.0,1483510.0,58102000.0,84529000.0,84179000.0,89668000.0,72384000.0,55804000.0,28500000.0,13163000.0
20200207,-1213650.0,9385040.0,7477700.0,11381730.0,12075410.0,8845550.0,9393440.0,1265300.0,1931060.0,78074000.0,62046000.0,94433000.0,100200000.0,73272000.0,78013000.0,10473000.0,15993000.0
20200210,1348660.0,7463720.0,8586740.0,10418600.0,10644240.0,10113110.0,8686140.0,1074790.0,1153100.0,60422000.0,69372000.0,84329000.0,86027000.0,81454000.0,70114000.0,8665000.0,9356000.0
20200211,-1312130.0,9341970.0,6411070.0,8856760.0,10475530.0,5242590.0,6152790.0,567450.0,969380.0,76762000.0,52568000.0,72758000.0,86012000.0,43066000.0,50657000.0,4646000.0,7995000.0
20200212,-1641390.0,7997170.0,5210860.0,7315330.0,8460260.0,6010920.0,6992780.0,548340.0,1207870.0,65866000.0,42896000.0,60263000.0,69633000.0,49521000.0,57625000.0,4490000.0,9986000.0
20200213,4128250.0,9281490.0,10664950.0,11345790.0,14090570.0,10291350.0,8189590.0,2801560.0,775070.0,72681000.0,83559000.0,89001000.0,110309000.0,80396000.0,64151000.0,22059000.0,6118000.0
20200214,16420.0,4686620.0,3982350.0,4580960.0,5301650.0,3178030.0,3027600.0,183990.0,318000.0,37567000.0,31869000.0,36681000.0,42438000.0,25426000.0,24280000.0,1472000.0,2559000.0
20200217,2528790.0,6318280.0,7580440.0,7641290.0,8907920.0,7963090.0,5743520.0,1843210.0,1533990.0,50035000.0,59882000.0,60476000.0,70498000.0,62963000.0,45513000.0,14550000.0,12131000.0
20200218,-1397360.0,6694510.0,5529620.0,7389010.0,7156530.0,4763780.0,6667920.0,1078300.0,571520.0,52569000.0,43358000.0,57983000.0,56148000.0,37372000.0,52363000.0,8437000.0,4493000.0
20200219,3384000.0,8677270.0,11172970.0,13739220.0,14627510.0,12010730.0,9984100.0,3899870.0,2542500.0,64860000.0,83572000.0,102583000.0,109214000.0,89987000.0,74581000.0,29107000.0,19171000.0
20200220,-900210.0,7184250.0,6958400.0,10458990.0,9784640.0,8350800.0,8557080.0,593440.0,1287370.0,53458000.0,51685000.0,77673000.0,72677000.0,62039000.0,63569000.0,4394000.0,9633000.0
20200221,-5500050.0,10194150.0,6335300.0,14315730.0,12674520.0,7965390.0,10327010.0,1587320.0,4725750.0,76314000.0,47222000.0,106961000.0,94672000.0,59427000.0,77213000.0,11886000.0,35481000.0
20200224,1548360.0,6305350.0,6860220.0,10302760.0,11296250.0,8314370.0,7370890.0,2781380.0,2176500.0,47014000.0,51042000.0,76728000.0,84033000.0,61894000.0,54982000.0,20699000.0,16278000.0
20200225,-11470650.0,15971290.0,6749990.0,20020290.0,17770940.0,14204360.0,22675600.0,2666040.0,5665450.0,122931000.0,51820000.0,153979000.0,136485000.0,109577000.0,174628000.0,20446000.0,44000000.0
20200226,-7335170.0,9045100.0,4665300.0,14825020.0,11869650.0,8657470.0,13942670.0,1820130.0,3870100.0,72716000.0,37429000.0,119028000.0,95206000.0,69399000.0,111762000.0,14602000.0,31349000.0
20200227,825650.0,8686110.0,6633120.0,13696970.0,16575600.0,10202920.0,10208310.0,2396800.0,1565760.0,70476000.0,53637000.0,110987000.0,134287000.0,82581000.0,82757000.0,19371000.0,12734000.0
20200228,-7928330.0,13769790.0,8643350.0,12967920.0,10166040.0,8804980.0,10394610.0,1739010.0,8077710.0,120886000.0,75624000.0,113569000.0,88932000.0,77141000.0,90896000.0,15060000.0,71204000.0
20200302,-1031420.0,8616800.0,8602320.0,11403560.0,10386630.0,7573520.0,8185300.0,1135970.0,1555610.0,76681000.0,75979000.0,101029000.0,92061000.0,67329000.0,73073000.0,9946000.0,13871000.0
20200303,-3122020.0,8901550.0,6118790.0,10375000.0,10035740.0,6221250.0,8615940.0,1047670.0,1775000.0,76204000.0,52265000.0,88805000.0,85921000.0,53198000.0,73751000.0,8881000.0,15152000.0
20200304,1074060.0,6471210.0,7437710.0,9774000.0,9881570.0,5725560.0,5904470.0,1528050.0,275080.0,55230000.0,63226000.0,83194000.0,84022000.0,48621000.0,50321000.0,12849000.0,2326000.0
20200305,828740.0,6215570.0,6783370.0,8284570.0,8545510.0,6417140.0,5728750.0,1514890.0,1374540.0,51556000.0,56151000.0,68648000.0,70786000.0,53170000.0,47552000.0,12508000.0,11393000.0
20200306,-1295250.0,7295360.0,6947760.0,9763880.0,8816230.0,6383780.0,7437610.0,942200.0,1183620.0,59996000.0,56780000.0,80027000.0,72188000.0,52350000.0,61062000.0,7551000.0,9895000.0
20200309,-3970070.0,7712330.0,4351230.0,6785870.0,6176910.0,3611180.0,6410430.0,18760.0,1189580.0,66345000.0,37321000.0,58307000.0,53068000.0,31001000.0,55146000.0,163000.0,10280000.0
20200310,-360360.0,5641840.0,6115430.0,7832320.0,6998380.0,4712940.0,5488800.0,1240390.0,824890.0,48555000.0,52603000.0,67449000.0,60302000.0,40690000.0,47364000.0,10829000.0,7254000.0
20200311,-322940.0,4928600.0,4549010.0,6162600.0,6219260.0,3805190.0,3813780.0,527560.0,841910.0,41229000.0,38017000.0,51556000.0,52040000.0,31835000.0,31911000.0,4387000.0,7038000.0
20200312,-1074490.0,4640840.0,3563630.0,3974410.0,3977130.0,2241830.0,3190370.0,0.0,125950.0,39768000.0,30505000.0,34030000.0,34051000.0,19184000.0,27343000.0,0.0,1083000.0
20200313,-1344960.0,6689810.0,5343650.0,6058130.0,6059330.0,3703100.0,4031000.0,116180.0,1133240.0,59392000.0,47307000.0,53743000.0,53755000.0,32843000.0,35810000.0,1028000.0,10134000.0
20200316,-2759520.0,6887280.0,4030230.0,5965920.0,6063460.0,3711610.0,5607040.0,632440.0,1496530.0,62960000.0,36598000.0,54418000.0,55249000.0,33799000.0,51024000.0,5673000.0,13978000.0
20200317,-1932070.0,5333190.0,4519320.0,6385190.0,5266980.0,2759530.0,4095220.0,7430.0,603810.0,50253000.0,42502000.0,60184000.0,49640000.0,26006000.0,38652000.0,70000.0,5718000.0
20200318,-447340.0,4941740.0,4253830.0,3829940.0,4070510.0,2042970.0,2460340.0,76160.0,106130.0,45871000.0,39360000.0,35488000.0,37701000.0,18857000.0,22848000.0,693000.0,1000000.0
20200319,-544390.0,4469390.0,4397730.0,4260590.0,3787860.0,2385050.0,2321030.0,306990.0,915400.0,42575000.0,41864000.0,40552000.0,36041000.0,22638000.0,22123000.0,2888000.0,8625000.0
20200320,-630820.0,3528730.0,3148570.0,3812430.0,3561760.0,2177750.0,2808570.0,0.0,0.0,33171000.0,29613000.0,35799000.0,33481000.0,20437000.0,26312000.0,0.0,0.0
20200323,-1768590.0,4405200.0,2682480.0,3966450.0,3920570.0,1567470.0,2801190.0,100690.0,635560.0,43699000.0,26548000.0,39358000.0,38871000.0,15565000.0,27873000.0,991000.0,6321000.0
20200324,-385330.0,4413550.0,3487710.0,4820920.0,5361420.0,2061760.0,2310930.0,285310.0,421470.0,44571000.0,35028000.0,48577000.0,54110000.0,20601000.0,23268000.0,2895000.0,4238000.0
20200325,-1157800.0,3756290.0,3327540.0,5237440.0,4508390.0,2706360.0,3724190.0,495530.0,635500.0,36944000.0,32658000.0,51474000.0,44259000.0,26579000.0,36648000.0,4858000.0,6291000.0
20200326,-1002590.0,3276930.0,2428430.0,3009120.0,2855040.0,1270210.0,2215260.0,100700.0,158240.0,32824000.0,24306000.0,30110000.0,28564000.0,12719000.0,22182000.0,999000.0,1600000.0
20200327,-298000.0,3237960.0,3108290.0,3069610.0,2901280.0,1370580.0,1530760.0,0.0,137820.0,32634000.0,31295000.0,30914000.0,29208000.0,13809000.0,15455000.0,0.0,1399000.0
20200330,-545830.0,3610740.0,2715720.0,3219050.0,3568250.0,1346610.0,1854820.0,148270.0,185890.0,38552000.0,28909000.0,34300000.0,38101000.0,14407000.0,19813000.0,1563000.0,2000000.0
20200331,-949070.0,2938070.0,2366600.0,2425590.0,2047990.0,935690.0,1773160.0,16400.0,128000.0,31388000.0,25238000.0,25927000.0,21875000.0,9969000.0,18971000.0,175000.0,1375000.0
20200401,-55640.0,2986450.0,3298840.0,3550460.0,3182420.0,1629340.0,1924950.0,239970.0,0.0,31725000.0,34984000.0,37696000.0,33789000.0,17338000.0,20501000.0,2515000.0,0.0
20200402,18880.0,2444640.0,2665840.0,2704770.0,2502440.0,1351140.0,1661170.0,328910.0,0.0,25799000.0,28085000.0,28508000.0,26300000.0,14241000.0,17564000.0,3401000.0,0.0
20200403,-553100.0,3288320.0,2249060.0,2036790.0,2522960.0,592920.0,1146020.0,0.0,0.0,34020000.0,23252000.0,21071000.0,26104000.0,6129000.0,11864000.0,0.0,0.0
20200407,731320.0,2636500.0,3227060.0,3172240.0,3313000.0,2472250.0,2720450.0,1530200.0,550680.0,26368000.0,32227000.0,31718000.0,33057000.0,24643000.0,27139000.0,15199000.0,5505000.0
20200408,-254900.0,3398950.0,2758830.0,2802510.0,3187730.0,1586510.0,1947700.0,237060.0,130770.0,33758000.0,27408000.0,27863000.0,31664000.0,15761000.0,19345000.0,2335000.0,1300000.0
20200409,537640.0,1840950.0,1919060.0,1794670.0,2254200.0,2052100.0,1514230.0,101090.0,101320.0,18068000.0,18790000.0,17594000.0,22095000.0,20118000.0,14877000.0,982000.0,1000000.0
20200410,-464130.0,2366440.0,1502890.0,1618320.0,2017740.0,628260.0,992290.0,0.0,100100.0,23697000.0,15058000.0,16207000.0,20225000.0,6319000.0,9940000.0,0.0,1000000.0
20200413,-512600.0,1532750.0,1111950.0,1380220.0,1288410.0,217990.0,730590.0,0.0,0.0,15745000.0,11421000.0,14176000.0,13237000.0,2245000.0,7508000.0,0.0,0.0
20200414,-238930.0,1840700.0,1834080.0,1675710.0,1443400.0,712140.0,951070.0,0.0,0.0,18842000.0,18741000.0,17137000.0,14756000.0,7267000.0,9749000.0,0.0,0.0
20200415,-204520.0,1877160.0,1917880.0,1881630.0,1636390.0,573260.0,777780.0,0.0,0.0,19065000.0,19456000.0,19085000.0,16586000.0,5795000.0,7903000.0,0.0,0.0
20200416,584110.0,2104180.0,2422920.0,1779770.0,2045140.0,955430.0,521120.0,149800.0,0.0,21349000.0,24525000.0,18045000.0,20731000.0,9655000.0,5291000.0,1498000.0,0.0
20200417,170370.0,2558370.0,2535120.0,2361570.0,2555200.0,1675730.0,1705160.0,199800.0,0.0,25521000.0,25222000.0,23553000.0,25491000.0,16621000.0,16982000.0,2000000.0,0.0
20200420,509870.0,1657550.0,2392920.0,2611480.0,2385970.0,1634040.0,1228810.0,104640.0,0.0,16483000.0,23769000.0,25973000.0,23743000.0,16273000.0,12245000.0,1028000.0,0.0
20200421,223970.0,1904070.0,1948640.0,2222940.0,2402340.0,1377640.0,1112270.0,434960.0,476360.0,18829000.0,19258000.0,21998000.0,23755000.0,13606000.0,11009000.0,4317000.0,4728000.0
20200422,3682600.0,3212900.0,5838600.0,5103590.0,6160490.0,6032800.0,3131810.0,921620.0,140010.0,30767000.0,55776000.0,48904000.0,58892000.0,57608000.0,30047000.0,8770000.0,1334000.0
20200423,525270.0,5774190.0,5454870.0,4265640.0,5110220.0,1986220.0,2060440.0,707990.0,108500.0,53589000.0,50598000.0,39566000.0,47422000.0,18377000.0,19066000.0,6554000.0,1000000.0
20200424,-361940.0,4595580.0,3855280.0,3668310.0,4046680.0,2117180.0,2212290.0,531170.0,798000.0,43314000.0,36204000.0,34422000.0,38045000.0,19784000.0,20754000.0,5001000.0,7519000.0
20200427,-446080.0,2953180.0,2257070.0,2014110.0,2264150.0,1093840.0,1765860.0,225940.0,0.0,28335000.0,21628000.0,19320000.0,21720000.0,10481000.0,16948000.0,2161000.0,0.0
20200428,-2207810.0,5654690.0,5052720.0,7142310.0,5536480.0,4021680.0,5202910.0,305720.0,1332300.0,59387000.0,53139000.0,74934000.0,57909000.0,41772000.0,54552000.0,3182000.0,13676000.0
20200429,331430.0,2432300.0,3002790.0,2366270.0,2127200.0,1930330.0,1722520.0,123620.0,0.0,25731000.0,31715000.0,25042000.0,22462000.0,20350000.0,18246000.0,1300000.0,0.0
20200430,1444250.0,6125070.0,5833840.0,5063810.0,6799280.0,3570970.0,3610050.0,2264700.0,781370.0,59672000.0,56973000.0,49453000.0,66166000.0,34907000.0,35048000.0,21751000.0,7596000.0
20200506,-507350.0,4485610.0,3901170.0,4886780.0,4963890.0,3172500.0,3201860.0,104000.0,581990.0,43041000.0,37345000.0,46895000.0,47542000.0,30317000.0,30795000.0,1000000.0,5571000.0
20200507,-487200.0,3523480.0,3411360.0,3484450.0,3109370.0,1325310.0,1812510.0,0.0,0.0,33287000.0,32199000.0,32882000.0,29315000.0,12501000.0,17156000.0,0.0,0.0
20200508,243840.0,3873330.0,3602430.0,4266760.0,4781500.0,2154450.0,1908910.0,104800.0,106500.0,36682000.0,34042000.0,40387000.0,45355000.0,20363000.0,18015000.0,1000000.0,1019000.0
20200511,-68450.0,4767100.0,5954620.0,5840340.0,4584380.0,4154970.0,3891160.0,226980.0,559240.0,44377000.0,55340000.0,54330000.0,42566000.0,38600000.0,36301000.0,2107000.0,5207000.0
20200512,-340310.0,4325540.0,4531690.0,3983580.0,3437110.0,1604460.0,2223280.0,426980.0,148470.0,40779000.0,42727000.0,37524000.0,32290000.0,15101000.0,20957000.0,3984000.0,1414000.0
20200513,588090.0,2712970.0,3661260.0,2814450.0,2454250.0,1666640.0,1441740.0,363190.0,0.0,25807000.0,34807000.0,26756000.0,23331000.0,15838000.0,13722000.0,3459000.0,0.0
20200514,11360.0,2860630.0,2878500.0,3168520.0,3162010.0,2814610.0,2412200.0,202410.0,593460.0,27248000.0,27373000.0,30145000.0,30068000.0,26891000.0,23046000.0,1911000.0,5707000.0
20200515,1169060.0,3729210.0,4949650.0,4759170.0,4707790.0,2765570.0,1883000.0,728830.0,442340.0,35286000.0,46821000.0,45061000.0,44574000.0,26151000.0,17816000.0,6904000.0,4191000.0
20200518,-1257640.0,5210620.0,4835330.0,5080690.0,4198330.0,2570800.0,4082420.0,1138120.0,884140.0,51161000.0,47528000.0,49838000.0,41196000.0,25177000.0,40086000.0,11245000.0,8611000.0
20200519,-771790.0,2911300.0,2614280.0,2650570.0,2175800.0,1807180.0,2350030.0,570350.0,799290.0,28511000.0,25579000.0,25962000.0,21296000.0,17712000.0,23049000.0,5571000.0,7832000.0
20200520,-336880.0,2922880.0,2497380.0,2320740.0,2409350.0,1460030.0,2061120.0,275750.0,11540.0,28579000.0,24382000.0,22659000.0,23526000.0,14279000.0,20183000.0,2686000.0,112000.0
20200521,-1062220.0,4686900.0,3208960.0,3178390.0,3594120.0,1574890.0,2573270.0,677990.0,741830.0,47061000.0,32231000.0,31917000.0,36002000.0,15846000.0,25906000.0,6823000.0,7507000.0
20200522,-746030.0,4337090.0,4479980.0,3072500.0,2183580.0,1273080.0,1648260.0,26230.0,397080.0,45273000.0,46711000.0,32092000.0,22827000.0,13303000.0,17227000.0,277000.0,4179000.0
20200525,-331330.0,3172160.0,2973000.0,1679810.0,1547640.0,1144990.0,923360.0,101250.0,654210.0,33824000.0,31686000.0,17919000.0,16483000.0,12200000.0,9846000.0,1072000.0,7000000.0
20200526,191610.0,2948200.0,3181630.0,3323450.0,3281630.0,2048140.0,2048380.0,1022760.0,830910.0,31304000.0,33647000.0,35270000.0,34628000.0,21595000.0,21651000.0,10666000.0,8910000.0
20200527,90330.0,2388610.0,1957990.0,2150770.0,2671720.0,1675270.0,1980030.0,527850.0,132760.0,25050000.0,20483000.0,22542000.0,27975000.0,17579000.0,20764000.0,5452000.0,1400000.0
20200528,-667270.0,2598730.0,2098520.0,2721840.0,2554780.0,2009230.0,2108690.0,0.0,567810.0,27655000.0,22277000.0,28956000.0,27142000.0,21311000.0,22471000.0,0.0,6031000.0
20200529,1239710.0,4784650.0,6154560.0,6183160.0,6052960.0,3379900.0,2421720.0,620120.0,338590.0,48553000.0,62379000.0,62751000.0,61351000.0,34200000.0,24552000.0,6216000.0,3438000.0
20200601,2610770.0,6057940.0,7321570.0,6611660.0,7958780.0,5573570.0,5510200.0,3826870.0,1279470.0,57305000.0,69342000.0,62655000.0,75227000.0,53081000.0,52264000.0,35968000.0,12176000.0
20200602,215310.0,5865350.0,5794070.0,5736470.0,6023060.0,4490810.0,3905160.0,210920.0,581260.0,54684000.0,53964000.0,53453000.0,56092000.0,41764000.0,36378000.0,1953000.0,5419000.0
20200603,-1603100.0,5735520.0,4027990.0,4322140.0,4426560.0,2783440.0,3926720.0,192470.0,652290.0,52869000.0,37114000.0,39834000.0,40801000.0,25653000.0,36218000.0,1769000.0,5992000.0
20200604,-977610.0,3572610.0,2541180.0,2662130.0,2715960.0,1867080.0,2475160.0,239290.0,608820.0,33040000.0,23512000.0,24624000.0,25120000.0,17263000.0,22897000.0,2221000.0,5619000.0
20200605,-413370.0,6908260.0,6837320.0,5661300.0,5318880.0,3612530.0,3889730.0,326020.0,462190.0,62457000.0,61738000.0,51284000.0,48035000.0,32703000.0,35374000.0,2913000.0,4210000.0
20200608,1079990.0,5860170.0,6188430.0,3915000.0,4666730.0,2506290.0,2226840.0,800540.0,0.0,53313000.0,56265000.0,35646000.0,42449000.0,22830000.0,20272000.0,7196000.0,0.0
20200609,-150900.0,5671780.0,4915220.0,3623710.0,4229360.0,1928030.0,1963140.0,311480.0,427270.0,52718000.0,45654000.0,33714000.0,39320000.0,17930000.0,18264000.0,2895000.0,4019000.0
20200610,-247570.0,2386380.0,2205440.0,1891230.0,1824600.0,1135290.0,1231050.0,410850.0,562660.0,22602000.0,20878000.0,17901000.0,17279000.0,10744000.0,11661000.0,3909000.0,5338000.0
20200611,-581700.0,2462610.0,2401770.0,2849290.0,2328440.0,2303720.0,1955210.0,113520.0,1043730.0,23455000.0,22809000.0,27096000.0,22111000.0,21889000.0,18632000.0,1093000.0,9982000.0
20200612,-1280150.0,2855700.0,2232090.0,2741120.0,2084570.0,2037780.0,2484740.0,559820.0,1393010.0,27910000.0,21794000.0,26784000.0,20376000.0,19916000.0,24287000.0,5442000.0,13595000.0
20200615,-1852500.0,4783550.0,4043420.0,4870600.0,3758230.0,3206590.0,4835800.0,465620.0,688910.0,47196000.0,39843000.0,47977000.0,36981000.0,31476000.0,47624000.0,4589000.0,6790000.0
20200616,4181420.0,4012770.0,5940120.0,5303750.0,7557810.0,6123480.0,4408400.0,3407830.0,941490.0,38201000.0,56127000.0,50342000.0,71182000.0,57689000.0,41566000.0,31441000.0,8798000.0
20200617,615170.0,10588290.0,8834870.0,10124560.0,12493130.0,7560200.0,8755010.0,3096050.0,1286070.0,94113000.0,78399000.0,89800000.0,110758000.0,66944000.0,77665000.0,27357000.0,11392000.0
20200618,-2539370.0,6928020.0,5455210.0,6380790.0,5314210.0,3143330.0,4732180.0,352790.0,1303310.0,62082000.0,48809000.0,57155000.0,47576000.0,28090000.0,42395000.0,3152000.0,11698000.0
20200619,238700.0,4356590.0,4992460.0,4722650.0,4325480.0,3082130.0,2658710.0,414900.0,599620.0,39420000.0,45122000.0,42701000.0,39115000.0,27873000.0,24078000.0,3755000.0,5433000.0
20200622,2222890.0,5217940.0,6931290.0,5762720.0,6272260.0,4036800.0,2256570.0,1157210.0,714550.0,47023000.0,62384000.0,51857000.0,56460000.0,36248000.0,20276000.0,10450000.0,6458000.0
20200623,2621740.0,7145910.0,9737280.0,9796610.0,9826980.0,6619750.0,5234020.0,2048410.0,812400.0,62440000.0,85115000.0,85499000.0,85669000.0,57818000.0,45751000.0,17839000.0,7060000.0
20200624,-103200.0,6163390.0,5863880.0,4538650.0,4734980.0,3107170.0,2614260.0,212360.0,808470.0,54840000.0,52140000.0,40391000.0,42120000.0,27657000.0,23287000.0,1905000.0,7247000.0
20200629,1532300.0,7131380.0,8002010.0,8324650.0,8986320.0,6083840.0,5459980.0,2177320.0,1268880.0,62649000.0,70106000.0,72992000.0,78708000.0,53436000.0,48041000.0,18904000.0,11125000.0
20200630,3048340.0,5567930.0,8117280.0,7139260.0,7638260.0,7276340.0,5479610.0,2876400.0,1624790.0,46911000.0,68255000.0,60154000.0,64305000.0,61198000.0,46116000.0,24023000.0,13610000.0
20200701,3451110.0,6470860.0,8616850.0,8323750.0,9628880.0,8302120.0,6888440.0,4989910.0,2952480.0,52795000.0,70236000.0,67900000.0,78520000.0,67689000.0,56176000.0,40492000.0,23945000.0
20200702,2989310.0,5120790.0,7146180.0,6072370.0,7036310.0,5071390.0,4608690.0,3879490.0,1352880.0,41868000.0,58284000.0,49621000.0,57487000.0,41396000.0,37669000.0,31617000.0,11062000.0
20200703,4837980.0,5493770.0,7924190.0,7036590.0,9444150.0,10134060.0,7933000.0,5206620.0,2569700.0,43061000.0,61989000.0,55195000.0,73964000.0,79392000.0,62120000.0,40721000.0,20296000.0
20200706,-537800.0,8176350.0,7333430.0,9842290.0,10147410.0,10127530.0,10014680.0,3162240.0,3812890.0,63067000.0,56510000.0,75889000.0,78214000.0,77991000.0,77188000.0,24356000.0,29392000.0
20200707,192540.0,6898830.0,6577690.0,8152700.0,8666370.0,7610860.0,6576810.0,1726900.0,2568410.0,52159000.0,49622000.0,61618000.0,65410000.0,57381000.0,49718000.0,12993000.0,19402000.0
20200708,5404700.0,7819310.0,9459720.0,10173210.0,13937510.0,10021860.0,12220750.0,12705440.0,5101850.0,56491000.0,68132000.0,73669000.0,100423000.0,72173000.0,88066000.0,91012000.0,36725000.0
20200709,7630030.0,6608490.0,10042310.0,9433510.0,13629710.0,15748370.0,12866550.0,7729560.0,2981350.0,45121000.0,67926000.0,64237000.0,92412000.0,106841000.0,87224000.0,51573000.0,20211000.0
20200710,703740.0,9543260.0,10092840.0,11186430.0,11340580.0,10407890.0,8965230.0,1810830.0,2549750.0,63173000.0,66781000.0,74028000.0,75048000.0,68992000.0,59440000.0,12017000.0,16942000.0
20200713,178200.0,6524260.0,7590300.0,10539300.0,9651460.0,7675060.0,8714710.0,3150010.0,1932160.0,43228000.0,50180000.0,69753000.0,63909000.0,50736000.0,57676000.0,20736000.0,12688000.0
20200714,-679690.0,9423280.0,10287480.0,12530150.0,10986260.0,10295670.0,10481640.0,1826720.0,2320440.0,61692000.0,67214000.0,81833000.0,71579000.0,67025000.0,68149000.0,11720000.0,15327000.0
20200715,1859480.0,6924590.0,9425620.0,11197940.0,10556390.0,9895110.0,8724880.0,4308220.0,3618970.0,45721000.0,62117000.0,74005000.0,69600000.0,65171000.0,57645000.0,28460000.0,23995000.0
20200716,1087560.0,8904520.0,9023890.0,11875470.0,12843660.0,10704110.0,10385900.0,3871530.0,3102180.0,57973000.0,58386000.0,77155000.0,83295000.0,69243000.0,67397000.0,24920000.0,20213000.0
20200717,1410800.0,6873940.0,7721780.0,10297660.0,10860620.0,8837160.0,8445350.0,4534820.0,3515830.0,44931000.0,50402000.0,67351000.0,70959000.0,57651000.0,55088000.0,29359000.0,22843000.0
20200720,5807010.0,8155010.0,11732410.0,13720230.0,15949840.0,17220130.0,15341480.0,13918390.0,9990030.0,49523000.0,71010000.0,83333000.0,96474000.0,104488000.0,93121000.0,82759000.0,59498000.0
20200721,2040590.0,10051550.0,10870080.0,13796280.0,15018330.0,10475780.0,10010660.0,4529230.0,2953760.0,58525000.0,63119000.0,80228000.0,87248000.0,60695000.0,58164000.0,26041000.0,16959000.0
20200722,3761570.0,6775480.0,9339930.0,10722290.0,11919420.0,11280390.0,9010780.0,3817480.0,2325520.0,38382000.0,52858000.0,60715000.0,67384000.0,63636000.0,50886000.0,21468000.0,13075000.0
20200723,-12787310.0,16692790.0,8959160.0,23549810.0,18496130.0,13304980.0,23647820.0,2595600.0,5040070.0,99135000.0,53030000.0,139625000.0,109396000.0,78681000.0,140433000.0,15252000.0,29835000.0
20200724,-7895380.0,13682200.0,9589060.0,18093010.0,14290770.0,11928500.0,17501760.0,2387150.0,4709270.0,84904000.0,59060000.0,112039000.0,88218000.0,73702000.0,108768000.0,14843000.0,29441000.0
20200727,-3629140.0,11491500.0,10139310.0,14148590.0,11871650.0,8228760.0,10086130.0,1724580.0,3496350.0,73953000.0,65115000.0,90783000.0,76216000.0,52726000.0,64727000.0,11123000.0,22527000.0
20200728,-2031880.0,6934570.0,5962370.0,7213870.0,6154190.0,4430250.0,5738690.0,1003620.0,1727060.0,44571000.0,38332000.0,46267000.0,39516000.0,28367000.0,36716000.0,6458000.0,11099000.0
20200729,2190880.0,7951200.0,9808490.0,11637460.0,11971040.0,9226400.0,6829150.0,1283380.0,1489750.0,49796000.0,61075000.0,72365000.0,74530000.0,57431000.0,42513000.0,7926000.0,9401000.0
20200730,-3047310.0,8577650.0,6867520.0,11185600.0,9848430.0,7899770.0,9627520.0,1751050.0,3070610.0,51881000.0,41405000.0,67386000.0,59376000.0,47582000.0,57981000.0,10488000.0,18575000.0
20200731,-3183260.0,8352020.0,5586960.0,7914020.0,7495810.0,4407210.0,6132310.0,1929480.0,3387640.0,51557000.0,34392000.0,48777000.0,46227000.0,27154000.0,37751000.0,11867000.0,20985000.0
20200803,468040.0,8545390.0,8746790.0,11841830.0,12108460.0,9088580.0,7984400.0,1907600.0,2543740.0,49936000.0,51056000.0,69338000.0,70846000.0,53200000.0,46643000.0,11085000.0,15014000.0
20200804,1098280.0,6239620.0,6747710.0,7759860.0,8350060.0,8074630.0,6817250.0,1828600.0,1987700.0,36220000.0,39070000.0,44978000.0,48371000.0,46671000.0,39500000.0,10601000.0,11528000.0
20200805,1926130.0,8378270.0,10098830.0,12394820.0,12600390.0,10896000.0,9707930.0,2774840.0,2036780.0,46244000.0,55607000.0,68590000.0,69489000.0,59975000.0,53758000.0,15267000.0,11222000.0
20200806,1673180.0,6707570.0,9028560.0,11869010.0,11221200.0,8144500.0,6513000.0,480460.0,438780.0,35458000.0,47675000.0,62731000.0,59418000.0,43225000.0,34522000.0,2541000.0,2340000.0
20200807,-3709400.0,11154820.0,6438840.0,9607850.0,10614430.0,7347650.0,10609940.0,2843800.0,3290910.0,60475000.0,34838000.0,52012000.0,57456000.0,39876000.0,57469000.0,15388000.0,17989000.0
20200810,-872860.0,6279370.0,5125580.0,8738790.0,9019720.0,6979140.0,7983370.0,1385530.0,1254160.0,34094000.0,27760000.0,47364000.0,48878000.0,37730000.0,43309000.0,7480000.0,6721000.0
20200811,-4156650.0,8530560.0,4623580.0,8450640.0,8200970.0,5280450.0,7969570.0,1566680.0,3034210.0,47172000.0,25478000.0,46730000.0,45286000.0,29262000.0,44218000.0,8675000.0,16858000.0
20200812,-1659400.0,7810860.0,5194590.0,8009150.0,8966020.0,5591330.0,6332530.0,3555400.0,4473600.0,46188000.0,30695000.0,47384000.0,53034000.0,33222000.0,37555000.0,21069000.0,26579000.0
20200813,-1427140.0,6434530.0,4335170.0,5328130.0,6000350.0,2125270.0,3572960.0,695220.0,674670.0,38135000.0,25647000.0,31529000.0,35559000.0,12582000.0,21168000.0,4135000.0,4008000.0
20200814,-845560.0,5956740.0,5181010.0,5572330.0,5502500.0,2908550.0,3203410.0,0.0,550700.0,35116000.0,30498000.0,32800000.0,32390000.0,17096000.0,18883000.0,0.0,3241000.0
20200817,-1223740.0,6563010.0,5512090.0,4998680.0,4825870.0,2949820.0,3484860.0,224890.0,913590.0,38499000.0,32340000.0,29389000.0,28313000.0,17333000.0,20502000.0,1338000.0,5404000.0
20200818,1176940.0,4324020.0,5302010.0,5505130.0,5704090.0,4285630.0,4182990.0,2269280.0,1194980.0,25230000.0,30886000.0,32069000.0,33231000.0,24955000.0,24366000.0,13222000.0,6991000.0
20200819,-2317850.0,5206870.0,3596050.0,5324070.0,4617040.0,3696190.0,5120070.0,632200.0,1526170.0,30725000.0,21182000.0,31369000.0,27254000.0,21814000.0,30234000.0,3710000.0,8947000.0
20200820,-1509930.0,4860210.0,3756910.0,5140750.0,4734120.0,2661860.0,4624940.0,943260.0,490110.0,29482000.0,22734000.0,31158000.0,28693000.0,16099000.0,28047000.0,5686000.0,2951000.0
20200821,-715220.0,4091440.0,3087410.0,4012160.0,4300970.0,2380340.0,3044820.0,487580.0,538320.0,24838000.0,18717000.0,24340000.0,26094000.0,14444000.0,18516000.0,2971000.0,3266000.0
20200824,-643980.0,6069590.0,6024660.0,5189350.0,4590300.0,2926710.0,4355590.0,1265000.0,480100.0,36085000.0,35671000.0,30861000.0,27188000.0,17240000.0,26041000.0,7577000.0,2862000.0
20200825,-1373490.0,4098340.0,3353970.0,3341030.0,2711890.0,1823110.0,2242920.0,409550.0,1363230.0,24288000.0,19844000.0,19796000.0,16064000.0,10798000.0,13324000.0,2454000.0,8103000.0
20200826,-2092610.0,4570580.0,2209680.0,3539840.0,3808130.0,2734310.0,3893520.0,616110.0,1549510.0,28123000.0,13564000.0,21790000.0,23398000.0,16803000.0,23973000.0,3780000.0,9560000.0
20200827,-1543480.0,3234090.0,1932320.0,2733180.0,2491480.0,1777450.0,2947130.0,347480.0,721280.0,20034000.0,11981000.0,16930000.0,15439000.0,11008000.0,18233000.0,2156000.0,4475000.0
20200828,1630890.0,9246310.0,9013930.0,8109620.0,9972880.0,6708080.0,6866970.0,3540840.0,1751060.0,53883000.0,52187000.0,47067000.0,57606000.0,38534000.0,39604000.0,19959000.0,10044000.0
20200831,-38080.0,15426040.0,12115860.0,13957680.0,17229790.0,9308090.0,9304150.0,1308720.0,1350740.0,82460000.0,64683000.0,74657000.0,92145000.0,49751000.0,49770000.0,6964000.0,7233000.0
20200901,-1336170.0,8267920.0,7278550.0,6749820.0,6403020.0,3192730.0,4022430.0,217760.0,724230.0,43943000.0,38661000.0,35853000.0,34014000.0,16960000.0,21383000.0,1154000.0,3852000.0
20200902,1873100.0,9276970.0,9619040.0,8045870.0,9576910.0,5004640.0,4035640.0,1824800.0,920700.0,48104000.0,49789000.0,41683000.0,49536000.0,25848000.0,20874000.0,9358000.0,4794000.0
20200903,-1551970.0,5826360.0,4530220.0,4652890.0,4397050.0,2703280.0,4036290.0,449670.0,668630.0,30215000.0,23459000.0,24139000.0,22797000.0,14023000.0,20968000.0,2322000.0,3475000.0
20200904,-1004230.0,12884000.0,9595510.0,7115380.0,9399650.0,2759050.0,4059600.0,778750.0,482430.0,67786000.0,50534000.0,37538000.0,49500000.0,14462000.0,21334000.0,4129000.0,2546000.0
20200907,-3869030.0,8484060.0,5363760.0,7256980.0,6508250.0,2474180.0,4384640.0,0.0,1958570.0,44898000.0,28295000.0,38340000.0,34448000.0,13120000.0,23224000.0,0.0,10391000.0
20200908,-2407140.0,9867210.0,7167280.0,6139360.0,6432150.0,3275290.0,4595570.0,1246780.0,2333640.0,54042000.0,39180000.0,33628000.0,35213000.0,17927000.0,25180000.0,6838000.0,12862000.0
20200909,-1978790.0,8582260.0,6760620.0,7158980.0,7001840.0,2857390.0,4817960.0,617810.0,636030.0,48603000.0,38167000.0,40528000.0,39637000.0,16167000.0,27305000.0,3506000.0,3695000.0
20200910,-434450.0,6631890.0,7345110.0,5504700.0,4357030.0,1894460.0,2200730.0,426270.0,554450.0,38206000.0,42293000.0,31718000.0,25107000.0,10910000.0,12693000.0,2460000.0,3200000.0
20200911,1022690.0,6419190.0,7831950.0,5923400.0,5533340.0,2747170.0,1933250.0,701110.0,492340.0,36057000.0,43934000.0,33225000.0,31033000.0,15469000.0,10878000.0,3896000.0,2802000.0
20200914,61810.0,5727060.0,7313930.0,7648430.0,6123360.0,2378400.0,2244680.0,571410.0,643320.0,31263000.0,39888000.0,41636000.0,33335000.0,12967000.0,12239000.0,3118000.0,3522000.0
20200915,-953050.0,6017570.0,5842420.0,4795500.0,4017600.0,1708120.0,2775460.0,349890.0,235600.0,32396000.0,31405000.0,25793000.0,21604000.0,9184000.0,14960000.0,1855000.0,1260000.0
20200916,-691700.0,4499230.0,3924720.0,3098480.0,2981290.0,1454960.0,1922630.0,182200.0,406230.0,24584000.0,21434000.0,16922000.0,16282000.0,7950000.0,10519000.0,1000000.0,2221000.0
20200917,515350.0,6000550.0,6571080.0,5861740.0,5806570.0,2833230.0,2654490.0,791320.0,454710.0,32277000.0,35354000.0,31544000.0,31230000.0,15187000.0,14252000.0,4246000.0,2417000.0
20200918,371030.0,5324210.0,6818880.0,7102960.0,5979320.0,2882450.0,3025800.0,1115430.0,601050.0,27876000.0,35661000.0,37128000.0,31248000.0,15058000.0,15800000.0,5784000.0,3137000.0
20200921,-740320.0,8618710.0,9022270.0,9360850.0,8216970.0,5771740.0,7903950.0,2284940.0,893050.0,43882000.0,45782000.0,47602000.0,41733000.0,29318000.0,40304000.0,11539000.0,4522000.0
20200922,-156250.0,6158890.0,5541040.0,5766340.0,6227950.0,2105980.0,2364090.0,101860.0,0.0,32126000.0,28848000.0,30023000.0,32442000.0,10953000.0,12347000.0,535000.0,0.0
20200923,-1081200.0,5132990.0,4470410.0,3231800.0,2813180.0,1192760.0,1622570.0,227410.0,878800.0,27009000.0,23489000.0,16998000.0,14788000.0,6270000.0,8546000.0,1200000.0,4653000.0
20200924,-1706280.0,7004560.0,4475580.0,3679650.0,4502340.0,1633790.0,2828480.0,121730.0,633320.0,37883000.0,24184000.0,19888000.0,24314000.0,8811000.0,15323000.0,667000.0,3428000.0
20200925,429980.0,4446040.0,4700610.0,2790350.0,2965750.0,2166890.0,1730990.0,703270.0,709190.0,24165000.0,25540000.0,15157000.0,16097000.0,11760000.0,9407000.0,3810000.0,3848000.0
20200928,1005370.0,4597380.0,5233670.0,3077020.0,3446090.0,2649330.0,1906660.0,748730.0,486030.0,24970000.0,28425000.0,16694000.0,18708000.0,14362000.0,10323000.0,4053000.0,2623000.0
20200929,971170.0,5118270.0,6064310.0,5280860.0,5305980.0,2913690.0,2966600.0,1953620.0,929540.0,27088000.0,32031000.0,27901000.0,28051000.0,15462000.0,15710000.0,10324000.0,4983000.0
20200930,49830.0,7965030.0,8703860.0,8079850.0,7390850.0,4038370.0,3344400.0,283960.0,928100.0,40626000.0,44338000.0,41141000.0,37613000.0,20538000.0,17053000.0,1442000.0,4742000.0
20201009,124290.0,6874620.0,9621580.0,10808630.0,8185970.0,7032140.0,6909570.0,1339120.0,1337400.0,33569000.0,46824000.0,52725000.0,39924000.0,34295000.0,33642000.0,6495000.0,6694000.0
20201012,-244810.0,6057760.0,6699600.0,7794230.0,6907590.0,4501180.0,4287040.0,973630.0,1432580.0,28433000.0,31424000.0,36582000.0,32395000.0,21110000.0,20145000.0,4560000.0,6721000.0
20201013,-1128320.0,4409900.0,3105670.0,4845120.0,5021040.0,2626480.0,3311180.0,223920.0,667540.0,20598000.0,14498000.0,22625000.0,23438000.0,12266000.0,15473000.0,1040000.0,3120000.0
20201014,-960080.0,9114630.0,8276630.0,9264220.0,9142130.0,6088870.0,6729890.0,1819700.0,2138760.0,40921000.0,37137000.0,41603000.0,41047000.0,27279000.0,30138000.0,8140000.0,9622000.0
20201015,61180.0,7880740.0,8630580.0,7483080.0,6794410.0,5599230.0,6446150.0,1917630.0,1009530.0,34498000.0,37767000.0,32712000.0,29701000.0,24461000.0,28153000.0,8358000.0,4408000.0
20201016,-6814000.0,16638520.0,11892810.0,17442800.0,15374510.0,8091490.0,13798840.0,2636220.0,3742870.0,75767000.0,53781000.0,79657000.0,70176000.0,36805000.0,63027000.0,11871000.0,17116000.0
20201019,1000440.0,10676520.0,10211930.0,7579750.0,9044800.0,5515870.0,4342880.0,1426310.0,1598860.0,47899000.0,45749000.0,33976000.0,40515000.0,24730000.0,19501000.0,6402000.0,7242000.0
20201020,-523240.0,6940510.0,6787240.0,4406820.0,4036850.0,2016880.0,2890870.0,775600.0,424850.0,30855000.0,30165000.0,19577000.0,17939000.0,8955000.0,12846000.0,3443000.0,1880000.0
20201021,-289640.0,5795080.0,6179990.0,5658480.0,4983930.0,4004850.0,3954810.0,795780.0,1135460.0,25722000.0,27433000.0,25138000.0,22130000.0,17770000.0,17532000.0,3526000.0,5061000.0
20201022,-1526050.0,7040510.0,4871580.0,4708970.0,5351830.0,3006660.0,4383480.0,803680.0,952910.0,31564000.0,21811000.0,21105000.0,23971000.0,13445000.0,19655000.0,3588000.0,4264000.0
20201023,-2924660.0,6093580.0,3999250.0,5198210.0,4367880.0,4147870.0,4886380.0,2274010.0,4460160.0,27524000.0,18010000.0,23498000.0,19701000.0,18670000.0,22090000.0,10221000.0,20111000.0
20201026,-2061240.0,7985220.0,6994920.0,5708210.0,4637270.0,1996330.0,4069510.0,623950.0,612010.0,36821000.0,32244000.0,26384000.0,21358000.0,9234000.0,18894000.0,2922000.0,2865000.0
20201027,2408730.0,12529390.0,12668900.0,10585200.0,12854420.0,10067640.0,6602250.0,2791330.0,3847990.0,54140000.0,54781000.0,45776000.0,55511000.0,43025000.0,28444000.0,11808000.0,16013000.0
20201028,-585960.0,10770000.0,11643950.0,9716640.0,8256740.0,4940250.0,4697220.0,310020.0,1139010.0,45656000.0,49276000.0,41194000.0,34962000.0,20875000.0,19898000.0,1298000.0,4888000.0
20201029,1480740.0,6596310.0,7915780.0,5342880.0,5504160.0,3924330.0,3043860.0,1391420.0,791150.0,28527000.0,34218000.0,23083000.0,23768000.0,16954000.0,13151000.0,5998000.0,3425000.0
20201030,-5291060.0,14101750.0,10106310.0,10206170.0,8910540.0,5489870.0,6063150.0,2103110.0,6820890.0,62586000.0,44778000.0,45277000.0,39489000.0,24395000.0,27002000.0,9309000.0,30299000.0
20201102,1073550.0,12552230.0,11791250.0,10053680.0,11888200.0,7304120.0,7189710.0,2411980.0,1452840.0,53771000.0,50549000.0,43398000.0,50900000.0,31466000.0,31200000.0,10358000.0,6345000.0
20201103,-534490.0,12329280.0,11207810.0,9788060.0,10375030.0,6886880.0,5886430.0,162260.0,1697200.0,51516000.0,46789000.0,40889000.0,43336000.0,28777000.0,24604000.0,678000.0,7131000.0
20201104,50720.0,7280760.0,8198340.0,6279880.0,5413030.0,3458100.0,3044210.0,132110.0,495280.0,30762000.0,34598000.0,26495000.0,22823000.0,14580000.0,12874000.0,558000.0,2100000.0
20201105,-1363800.0,7192400.0,7143620.0,6815470.0,5500470.0,4331540.0,4406780.0,324520.0,1613080.0,30349000.0,30102000.0,28748000.0,23184000.0,18290000.0,18628000.0,1372000.0,6845000.0
20201106,30920.0,9526480.0,10286600.0,10541810.0,9812600.0,5771140.0,5778210.0,2026450.0,1988460.0,40499000.0,43634000.0,44739000.0,41557000.0,24302000.0,24452000.0,8548000.0,8445000.0
20201109,-821520.0,15953140.0,15428770.0,18142100.0,17844950.0,9941210.0,10132240.0,1614350.0,2244840.0,64803000.0,62478000.0,73723000.0,72513000.0,40590000.0,41506000.0,6542000.0,9161000.0
20201110,-4032300.0,15614070.0,14394280.0,15279970.0,12467450.0,6012620.0,8955930.0,753630.0,1842620.0,63838000.0,58925000.0,62524000.0,51032000.0,24609000.0,36539000.0,3111000.0,7586000.0
20201111,-2930100.0,13086010.0,13005330.0,16948160.0,14098750.0,12908120.0,15186470.0,2964510.0,3616260.0,51836000.0,51112000.0,66952000.0,55607000.0,50732000.0,60242000.0,11524000.0,14082000.0
20201112,-1544170.0,10185260.0,8428750.0,10941200.0,11153530.0,6704980.0,7183310.0,1626880.0,2692720.0,43354000.0,35853000.0,46606000.0,47437000.0,28533000.0,30612000.0,6912000.0,11503000.0
20201113,1051520.0,11302300.0,11728220.0,10666560.0,11292160.0,6370800.0,5754790.0,1232120.0,796610.0,46684000.0,48411000.0,44130000.0,46672000.0,26343000.0,23785000.0,4988000.0,3276000.0
20201116,-1678080.0,6330980.0,5626920.0,7034810.0,6060790.0,3759920.0,4638080.0,751760.0,1551680.0,26450000.0,23522000.0,29394000.0,25310000.0,15715000.0,19387000.0,3144000.0,6484000.0
20201117,-2336510.0,7137490.0,4867500.0,6840490.0,6773970.0,4534100.0,6968180.0,1191960.0,1094390.0,30568000.0,20724000.0,29242000.0,28988000.0,19386000.0,29848000.0,5074000.0,4710000.0
20201118,-5034350.0,12026130.0,6814520.0,9210700.0,9387960.0,4458290.0,8028200.0,2402780.0,3867220.0,53981000.0,30614000.0,41279000.0,42027000.0,20032000.0,36041000.0,10694000.0,17303000.0
20201119,-1096410.0,9025630.0,9568980.0,10017410.0,8377650.0,5903700.0,6282630.0,824860.0,1542340.0,39914000.0,42377000.0,44333000.0,37119000.0,26142000.0,27768000.0,3588000.0,6714000.0
20201120,1704550.0,9875760.0,10548140.0,10522730.0,11554910.0,9196240.0,7228190.0,1698280.0,1961780.0,40408000.0,43276000.0,43235000.0,47325000.0,37575000.0,29514000.0,6879000.0,7982000.0
20201123,-789480.0,15206270.0,14678190.0,13557750.0,13296340.0,8802410.0,8603990.0,1174190.0,2162090.0,59114000.0,57037000.0,52577000.0,51538000.0,34081000.0,33406000.0,4478000.0,8268000.0
20201124,73710.0,10641940.0,10037820.0,7737680.0,8415520.0,3886850.0,3852900.0,420450.0,380690.0,41023000.0,38710000.0,29810000.0,32396000.0,14981000.0,14789000.0,1562000.0,1482000.0
20201125,-2939570.0,7422420.0,5222560.0,5859850.0,5120140.0,2320030.0,3663650.0,0.0,1595950.0,29051000.0,20417000.0,22917000.0,20020000.0,9093000.0,14341000.0,0.0,6282000.0
20201126,-2478800.0,8291180.0,5422500.0,7047370.0,7437240.0,2855900.0,5045410.0,254320.0,543610.0,33390000.0,21796000.0,28366000.0,29895000.0,11500000.0,20376000.0,1031000.0,2220000.0
20201127,1474700.0,6187470.0,6438550.0,5581680.0,6805290.0,2995750.0,2926870.0,2060990.0,655170.0,24502000.0,25460000.0,22070000.0,26910000.0,11857000.0,11591000.0,8143000.0,2612000.0
20201130,-3409450.0,8331760.0,5769780.0,7299370.0,6451890.0,4644750.0,6201820.0,641610.0,2493990.0,34096000.0,23535000.0,29840000.0,26430000.0,18995000.0,25346000.0,2622000.0,10242000.0
20201201,1061860.0,9933950.0,10394720.0,9190180.0,9791270.0,7739530.0,7085540.0,1833580.0,1425710.0,39353000.0,40940000.0,36360000.0,38795000.0,30534000.0,28076000.0,7209000.0,5645000.0
20201202,-2490010.0,12308670.0,9272130.0,9402960.0,9949500.0,6191770.0,7329280.0,684310.0,2036810.0,48122000.0,36187000.0,36687000.0,38826000.0,24118000.0,28592000.0,2679000.0,8001000.0
20201203,-8339750.0,16576630.0,10452820.0,13470370.0,11254430.0,10161700.0,15844260.0,2771310.0,5428500.0,69661000.0,43811000.0,56559000.0,47271000.0,42570000.0,66473000.0,11687000.0,22922000.0
20201204,900480.0,9850040.0,8975940.0,8575990.0,10350570.0,4442920.0,2957340.0,114220.0,699320.0,41337000.0,37559000.0,35869000.0,43412000.0,18612000.0,12409000.0,489000.0,2927000.0
20201207,-1591900.0,12480490.0,9510030.0,5743360.0,7121920.0,3231580.0,4259660.0,479170.0,1042990.0,50219000.0,38268000.0,23137000.0,28680000.0,13007000.0,17157000.0,1937000.0,4195000.0
20201208,-978370.0,7412090.0,8310500.0,9995350.0,8118570.0,3543450.0,4809150.0,672820.0,385490.0,29206000.0,32689000.0,39272000.0,31930000.0,13953000.0,18951000.0,2658000.0,1518000.0
20201209,-2509050.0,13046370.0,8250870.0,8329820.0,10616270.0,4046950.0,6196700.0,748160.0,1107460.0,50713000.0,31893000.0,32276000.0,41157000.0,15614000.0,24093000.0,2912000.0,4372000.0
20201210,164020.0,5657030.0,6742200.0,5159580.0,4238430.0,2629230.0,2422770.0,494170.0,536610.0,22431000.0,26667000.0,20427000.0,16792000.0,10402000.0,9635000.0,1953000.0,2119000.0
20201211,-1827870.0,11075110.0,6965650.0,6523640.0,8805240.0,2811600.0,4959430.0,664210.0,344250.0,44018000.0,27555000.0,25852000.0,34946000.0,11096000.0,19670000.0,2598000.0,1392000.0
20201214,1044030.0,12635770.0,13863130.0,13576270.0,13392940.0,7120330.0,7169710.0,2872850.0,1779440.0,48140000.0,52840000.0,51937000.0,51141000.0,27030000.0,27272000.0,10900000.0,6755000.0
20201215,-688800.0,10043340.0,8617190.0,7925740.0,8663080.0,4888520.0,5732170.0,768340.0,613490.0,37353000.0,31981000.0,29412000.0,32118000.0,18083000.0,21296000.0,2823000.0,2277000.0
20201216,-624040.0,10809570.0,11036100.0,11316110.0,10465530.0,6578890.0,7419330.0,2411620.0,2195220.0,39039000.0,39750000.0,40806000.0,37731000.0,23657000.0,26771000.0,8653000.0,7903000.0
20201217,-5091890.0,9412540.0,7259030.0,11344350.0,8405960.0,4062200.0,8398220.0,181780.0,937650.0,33608000.0,25912000.0,40501000.0,30008000.0,14486000.0,29992000.0,652000.0,3334000.0
20201218,-445960.0,6580110.0,5667490.0,7984870.0,8451520.0,4354040.0,4611630.0,1138450.0,1326820.0,23304000.0,20036000.0,28290000.0,29931000.0,15394000.0,16352000.0,4044000.0,4713000.0
20201221,1879240.0,8169850.0,9140620.0,8985060.0,9893530.0,8794130.0,10031330.0,9708870.0,6592430.0,27282000.0,30375000.0,29984000.0,32869000.0,29158000.0,33158000.0,31512000.0,21533000.0
20201222,-4817010.0,12568550.0,8648450.0,12485840.0,11588940.0,7010060.0,9959490.0,494280.0,2361860.0,40582000.0,27898000.0,40322000.0,37407000.0,22614000.0,32136000.0,1589000.0,7666000.0
20201223,2900.0,6745730.0,6579430.0,7477250.0,7646450.0,4798420.0,4547990.0,247690.0,495220.0,21834000.0,21277000.0,24168000.0,24711000.0,15484000.0,14698000.0,797000.0,1597000.0
20201224,-5043860.0,10449240.0,5109390.0,8631580.0,8927570.0,4582190.0,7282280.0,466260.0,2810030.0,34450000.0,16760000.0,28402000.0,29420000.0,15064000.0,24113000.0,1526000.0,9149000.0
20201225,-2145250.0,5814760.0,4629080.0,5575120.0,4615560.0,3841500.0,3781500.0,1845200.0,4050450.0,19553000.0,15533000.0,18720000.0,15518000.0,12922000.0,12754000.0,6150000.0,13540000.0
20201228,-1852990.0,10743360.0,7343690.0,6951380.0,8498060.0,5486990.0,6732390.0,1430200.0,2037790.0,36453000.0,24900000.0,23512000.0,28725000.0,18578000.0,22850000.0,4745000.0,6813000.0
20201229,-3150650.0,10605370.0,8420340.0,8682940.0,7717320.0,4736520.0,6621910.0,399920.0,1665180.0,36697000.0,29086000.0,30059000.0,26682000.0,16386000.0,22951000.0,1377000.0,5801000.0
20201230,2543140.0,8110710.0,9099410.0,8769670.0,10324100.0,6499810.0,5273030.0,1557810.0,241450.0,27652000.0,30959000.0,29856000.0,35170000.0,22161000.0,18053000.0,5328000.0,814000.0
20201231,-1207030.0,8535230.0,8389810.0,9160030.0,8098430.0,9591310.0,8709090.0,969890.0,3059140.0,28899000.0,28344000.0,30919000.0,27333000.0,32321000.0,29366000.0,3257000.0,10354000.0
20210104,1412490.0,10110890.0,11539610.0,9943750.0,9927530.0,7302410.0,6029140.0,1140360.0,1001140.0,32469000.0,36990000.0,31949000.0,31924000.0,23489000.0,19380000.0,3616000.0,3230000.0
20210105,-4398850.0,11884060.0,8180290.0,11394180.0,10699090.0,4442290.0,7678200.0,241990.0,1404930.0,37554000.0,25816000.0,35997000.0,33799000.0,14018000.0,24265000.0,765000.0,4455000.0
20210106,-1300410.0,14165800.0,11009650.0,12466720.0,14322460.0,9103550.0,10134200.0,1173360.0,1443120.0,43210000.0,33475000.0,37958000.0,43607000.0,27780000.0,31045000.0,3578000.0,4399000.0
20210107,370140.0,10202050.0,10544650.0,9957180.0,9984710.0,7662950.0,8518790.0,2467120.0,1241140.0,30401000.0,31388000.0,29668000.0,29715000.0,22800000.0,25350000.0,7265000.0,3681000.0
20210108,-10395020.0,19633370.0,10456210.0,13621200.0,12403340.0,8510950.0,12307390.0,3298590.0,9897170.0,61152000.0,32232000.0,42284000.0,38372000.0,26503000.0,38353000.0,10571000.0,31553000.0
20210111,-356420.0,16458470.0,13585530.0,12307650.0,14824170.0,7490220.0,9316990.0,3746760.0,2276410.0,54126000.0,44610000.0,40640000.0,48767000.0,24630000.0,30718000.0,12237000.0,7538000.0
20210112,-89950.0,9678520.0,9665890.0,9226230.0,9148910.0,6385700.0,6061140.0,1232430.0,1646940.0,30822000.0,30785000.0,29327000.0,29077000.0,20254000.0,19238000.0,3918000.0,5221000.0
20210113,-1843880.0,11943090.0,9169100.0,9183540.0,10113650.0,5925550.0,7352360.0,1040450.0,1457520.0,37822000.0,28941000.0,28996000.0,31945000.0,18717000.0,23245000.0,3298000.0,4702000.0
20210114,-3282500.0,11798330.0,9787670.0,9570800.0,8298950.0,6521120.0,7877240.0,1755190.0,3681570.0,39155000.0,32354000.0,31746000.0,27499000.0,21647000.0,26150000.0,5856000.0,12400000.0
20210115,-727740.0,8823760.0,7492660.0,7279690.0,7883060.0,4049650.0,4829800.0,1877500.0,1825090.0,28959000.0,24556000.0,23849000.0,25888000.0,13271000.0,15851000.0,6243000.0,6028000.0
20210118,318900.0,11406800.0,12594590.0,11550330.0,10681440.0,8337040.0,7066950.0,932410.0,1883600.0,35471000.0,39102000.0,35904000.0,33241000.0,25916000.0,21987000.0,2876000.0,5837000.0
20210119,-2915620.0,11943700.0,8065620.0,10745520.0,11707980.0,4936340.0,7153610.0,394650.0,1093000.0,37379000.0,25127000.0,33667000.0,36628000.0,15470000.0,22540000.0,1237000.0,3456000.0
20210120,974320.0,11636160.0,11174550.0,9916860.0,11352780.0,5008400.0,4681000.0,1166270.0,519350.0,36042000.0,34592000.0,30687000.0,35100000.0,15457000.0,14482000.0,3578000.0,1589000.0
20210121,-62290.0,11156990.0,12198290.0,14371690.0,13268100.0,11561050.0,8427980.0,2922900.0,6118260.0,33203000.0,36175000.0,42510000.0,39288000.0,34119000.0,24970000.0,8653000.0,18052000.0
20210122,-2565060.0,18441380.0,16574310.0,15629330.0,14931340.0,10305590.0,11548470.0,1528280.0,2850460.0,51973000.0,46738000.0,44080000.0,42066000.0,29054000.0,32541000.0,4284000.0,8046000.0
20210125,-3305890.0,19122400.0,16260260.0,16155050.0,15711300.0,11371990.0,11734250.0,1851020.0,4794650.0,50469000.0,43019000.0,42971000.0,41612000.0,30101000.0,31054000.0,4893000.0,12750000.0
20210126,-3613680.0,19818460.0,15235530.0,13349520.0,14318760.0,7356300.0,9439320.0,1086330.0,2616990.0,53515000.0,41174000.0,35998000.0,38566000.0,19815000.0,25413000.0,2936000.0,7111000.0
20210127,-2298470.0,17194630.0,18207420.0,21734550.0,18423290.0,9086300.0,10657490.0,1235880.0,1963160.0,48375000.0,50936000.0,60569000.0,51570000.0,25502000.0,29812000.0,3438000.0,5567000.0
20210128,-47440.0,16478610.0,15144720.0,10033590.0,11320040.0,4319810.0,4459500.0,285000.0,192750.0,46156000.0,42360000.0,28089000.0,31745000.0,12118000.0,12507000.0,800000.0,550000.0
20210129,-7242240.0,22361520.0,16303650.0,22420480.0,21236120.0,10803360.0,15318200.0,2682190.0,5409590.0,64790000.0,46989000.0,65141000.0,61644000.0,31247000.0,44542000.0,7771000.0,15774000.0
20210201,3830890.0,20859700.0,22100620.0,13483970.0,16073950.0,9655890.0,6894050.0,2121120.0,1052070.0,59539000.0,62939000.0,38471000.0,45844000.0,27506000.0,19726000.0,6036000.0,3043000.0
20210202,-5334570.0,14531600.0,10517500.0,11428770.0,10108300.0,7109980.0,10664690.0,502630.0,2282490.0,41363000.0,29903000.0,32507000.0,28751000.0,20195000.0,30326000.0,1441000.0,6527000.0
20210203,-5725390.0,16226620.0,11605730.0,11913860.0,10809360.0,5669320.0,10295580.0,1943310.0,3042440.0,46063000.0,32897000.0,33764000.0,30615000.0,16048000.0,29258000.0,5508000.0,8613000.0
20210204,-4367390.0,12446790.0,8334480.0,9600460.0,9345390.0,5362040.0,7899000.0,962290.0,2792720.0,36530000.0,24364000.0,28161000.0,27396000.0,15725000.0,23271000.0,2834000.0,8219000.0
20210205,-3083800.0,13686870.0,10998290.0,10832950.0,10437740.0,6015350.0,7866510.0,1955430.0,3188070.0,39579000.0,31737000.0,31292000.0,30177000.0,17310000.0,22741000.0,5611000.0,9137000.0
20210208,5723180.0,13270310.0,18823940.0,17470210.0,17639760.0,10553850.0,9848460.0,5952950.0,935160.0,37016000.0,52207000.0,48404000.0,48866000.0,29234000.0,27242000.0,16263000.0,2602000.0
20210209,795880.0,11762190.0,15424830.0,11645400.0,8778640.0,7344100.0,7030860.0,1592600.0,1109960.0,31691000.0,41551000.0,31368000.0,23657000.0,19752000.0,18910000.0,4284000.0,2976000.0
20210210,2886850.0,10771420.0,13663890.0,10472520.0,10466910.0,9004530.0,7633870.0,3801520.0,2285330.0,28238000.0,35836000.0,27427000.0,27388000.0,23581000.0,19922000.0,9895000.0,5994000.0
20210218,-3431820.0,16982240.0,12893110.0,12474390.0,13131710.0,5732640.0,8858930.0,2667390.0,2972920.0,44220000.0,33526000.0,32403000.0,34093000.0,14881000.0,23028000.0,6943000.0,7799000.0
20210219,-7154700.0,20044950.0,13302930.0,14910980.0,14498300.0,7071820.0,10143220.0,1009290.0,5092590.0,55098000.0,36505000.0,41133000.0,39939000.0,19482000.0,27983000.0,2783000.0,14069000.0
20210222,-5430450.0,19966500.0,12787240.0,13842910.0,15591730.0,9087070.0,11653780.0,854760.0,3718500.0,57118000.0,36466000.0,39561000.0,44627000.0,26015000.0,33326000.0,2423000.0,10697000.0
20210223,-873410.0,14252790.0,12684870.0,10881500.0,11576020.0,7131910.0,7307660.0,986400.0,1684060.0,43057000.0,38207000.0,32923000.0,35056000.0,21611000.0,22165000.0,2981000.0,5143000.0
20210224,-2833610.0,20515000.0,13783190.0,17964260.0,21862460.0,9489990.0,11638670.0,2118710.0,2803640.0,64461000.0,43093000.0,56752000.0,69146000.0,29882000.0,36689000.0,6631000.0,8798000.0
20210225,-6289810.0,14503970.0,10393960.0,11371230.0,9191440.0,4824670.0,9104750.0,119010.0,2128740.0,46630000.0,33383000.0,36527000.0,29528000.0,15520000.0,29278000.0,385000.0,6874000.0
20210226,-6718070.0,19785250.0,10547570.0,11830900.0,14350500.0,9003830.0,13914970.0,3116410.0,4923340.0,67156000.0,35706000.0,40150000.0,48615000.0,30504000.0,47168000.0,10491000.0,16812000.0
20210301,2918330.0,10316500.0,13688890.0,9571180.0,9117120.0,5789280.0,4217970.0,2603740.0,1256720.0,34290000.0,45482000.0,31791000.0,30295000.0,19230000.0,14008000.0,8643000.0,4169000.0
20210302,-7414160.0,15586480.0,9751220.0,11544800.0,9965910.0,6162140.0,12714870.0,1074640.0,1936070.0,53041000.0,33079000.0,39320000.0,33894000.0,21035000.0,43466000.0,3677000.0,6634000.0
20210303,1833490.0,10204700.0,13363940.0,8471300.0,7145550.0,4225430.0,2756250.0,643630.0,279320.0,34789000.0,45508000.0,28866000.0,24366000.0,14384000.0,9395000.0,2177000.0,948000.0
20210304,-2056540.0,17376150.0,13115610.0,10823640.0,13027640.0,4554380.0,6716420.0,1056080.0,950580.0,60268000.0,45519000.0,37586000.0,45199000.0,15800000.0,23287000.0,3657000.0,3307000.0
20210305,3090160.0,12672670.0,15609430.0,11102270.0,11255670.0,8315450.0,5697610.0,2180860.0,1708540.0,44861000.0,55063000.0,39192000.0,39653000.0,29115000.0,20068000.0,7662000.0,6046000.0
20210308,-6810260.0,21807030.0,15188270.0,14752320.0,14560820.0,7806980.0,10843270.0,674070.0,4448040.0,80186000.0,55425000.0,54752000.0,53740000.0,28982000.0,40508000.0,2433000.0,16680000.0
20210309,-1956390.0,19520620.0,18170410.0,18804840.0,18198670.0,8669140.0,10643530.0,2204960.0,2186960.0,78983000.0,73231000.0,76021000.0,73667000.0,35177000.0,43234000.0,8874000.0,8923000.0
20210310,-632010.0,19246510.0,21221060.0,14415310.0,11808740.0,6786770.0,5879230.0,779150.0,2318700.0,79112000.0,87162000.0,59309000.0,48516000.0,27914000.0,24234000.0,3226000.0,9650000.0
20210311,-2523440.0,22655300.0,23280360.0,15865610.0,12717110.0,8492920.0,7933070.0,1126540.0,4209830.0,91437000.0,93985000.0,63943000.0,51268000.0,34168000.0,31918000.0,4568000.0,16946000.0
20210312,528380.0,14873050.0,14106440.0,8782110.0,10077100.0,5154550.0,4430220.0,613080.0,809030.0,61187000.0,57989000.0,36137000.0,41397000.0,21167000.0,18293000.0,2503000.0,3315000.0
20210315,72200.0,11631470.0,10843850.0,5788130.0,6647950.0,2813800.0,2382860.0,236790.0,595530.0,47746000.0,44428000.0,23735000.0,27294000.0,11504000.0,9757000.0,970000.0,2475000.0
20210316,-9257170.0,21226770.0,14093880.0,15401360.0,13277070.0,5322980.0,13041470.0,1511360.0,3050040.0,92204000.0,60997000.0,66886000.0,57509000.0,23139000.0,56917000.0,6486000.0,13293000.0
20210317,4284480.0,15726630.0,19885100.0,13263730.0,13389750.0,8888090.0,5333120.0,1892350.0,1162840.0,65330000.0,82391000.0,55106000.0,55666000.0,36834000.0,22201000.0,7882000.0,4894000.0
20210318,6302700.0,20564670.0,24792790.0,17460570.0,19535140.0,11623470.0,8437410.0,3474840.0,358200.0,78505000.0,94675000.0,66698000.0,74754000.0,44876000.0,32399000.0,13072000.0,1322000.0
20210319,677090.0,21379450.0,26620900.0,27360880.0,22796520.0,15159310.0,13012630.0,1900180.0,3369770.0,77674000.0,96585000.0,99232000.0,82704000.0,54758000.0,47074000.0,6890000.0,12190000.0
20210322,5357560.0,20670150.0,22783170.0,17329830.0,20574380.0,12077090.0,7572390.0,1725240.0,872380.0,78394000.0,86532000.0,65759000.0,77902000.0,45548000.0,28489000.0,6527000.0,3305000.0
20210323,-996670.0,12357820.0,11626030.0,7913410.0,7648550.0,3353050.0,3768350.0,557540.0,1138910.0,47587000.0,44757000.0,30455000.0,29424000.0,12913000.0,14508000.0,2145000.0,4411000.0
20210324,386920.0,10430610.0,12755970.0,10070270.0,8131830.0,4579390.0,4241200.0,131760.0,83030.0,40568000.0,49612000.0,39108000.0,31514000.0,17683000.0,16413000.0,500000.0,320000.0
20210325,5104620.0,10708570.0,14027660.0,11301330.0,13086850.0,9188570.0,4571250.0,942400.0,455100.0,42000000.0,54814000.0,44163000.0,51091000.0,35726000.0,17846000.0,3668000.0,1807000.0
20210326,2498590.0,13069240.0,14271950.0,11865320.0,13161200.0,8096340.0,6041700.0,978640.0,534690.0,50795000.0,55245000.0,46000000.0,51028000.0,31195000.0,23383000.0,3727000.0,2061000.0
20210329,310170.0,13648210.0,11553770.0,9738150.0,12142760.0,6052580.0,6309980.0,1115530.0,547960.0,53299000.0,45117000.0,38024000.0,47395000.0,23624000.0,24618000.0,4335000.0,2152000.0
20210330,-856260.0,10583620.0,10959430.0,11766030.0,10533940.0,6144310.0,6867840.0,1187560.0,1320290.0,40640000.0,41983000.0,45098000.0,40376000.0,23558000.0,26409000.0,4525000.0,5053000.0
20210331,-1215590.0,10734760.0,10158370.0,7944530.0,7305330.0,4029950.0,5527850.0,1378580.0,1096270.0,41976000.0,39712000.0,31090000.0,28564000.0,15773000.0,21659000.0,5380000.0,4283000.0
20210401,1326530.0,5569660.0,5931550.0,4777420.0,5742060.0,3669620.0,3668600.0,1469680.0,144170.0,21363000.0,22687000.0,18271000.0,21979000.0,14029000.0,14053000.0,5618000.0,562000.0
20210402,2112990.0,7284340.0,8786500.0,7264410.0,7875240.0,5632210.0,4139720.0,742230.0,121730.0,26917000.0,32454000.0,26825000.0,29101000.0,20817000.0,15292000.0,2732000.0,444000.0
20210406,139360.0,7218400.0,7185240.0,5833850.0,6006370.0,2512200.0,2858020.0,632120.0,146940.0,26739000.0,26587000.0,21591000.0,22239000.0,9288000.0,10588000.0,2336000.0,540000.0
20210407,-1950100.0,10835230.0,10802200.0,7411560.0,5494480.0,4019060.0,6116240.0,1497200.0,1350120.0,41086000.0,40949000.0,28123000.0,20817000.0,15259000.0,23280000.0,5742000.0,5165000.0
20210408,-640.0,7370420.0,7175890.0,4816420.0,5010310.0,2071770.0,2572810.0,753260.0,252860.0,28044000.0,27224000.0,18306000.0,19045000.0,7838000.0,9772000.0,2821000.0,968000.0
20210409,-526940.0,7423180.0,7962300.0,5389870.0,4323820.0,2668300.0,2318560.0,1168270.0,2044950.0,28509000.0,30564000.0,20702000.0,16604000.0,10244000.0,8910000.0,4500000.0,7878000.0
20210412,-466170.0,10084250.0,10226180.0,6809740.0,6201640.0,3442030.0,3722570.0,626440.0,812070.0,38445000.0,38960000.0,25945000.0,23615000.0,13107000.0,14194000.0,2376000.0,3103000.0
20210413,-700550.0,8538890.0,8229810.0,7464680.0,7073220.0,5985900.0,6734170.0,510680.0,462960.0,33161000.0,31948000.0,29042000.0,27464000.0,23264000.0,26223000.0,1972000.0,1804000.0
20210414,1743050.0,15694380.0,15351760.0,12390800.0,14476480.0,8599380.0,7427860.0,2091290.0,1519760.0,57833000.0,56614000.0,45671000.0,53344000.0,31749000.0,27375000.0,7672000.0,5592000.0
20210415,5029680.0,14421620.0,17907270.0,9902960.0,11446970.0,10643370.0,6633320.0,2034140.0,1014510.0,50622000.0,62840000.0,34884000.0,40228000.0,37312000.0,23241000.0,7086000.0,3595000.0
20210416,465490.0,16576380.0,16309650.0,12318610.0,13050840.0,7271930.0,6771690.0,806860.0,841610.0,56391000.0,55402000.0,41844000.0,44358000.0,24682000.0,23033000.0,2723000.0,2846000.0
20210419,2436310.0,14671570.0,17556750.0,13650050.0,13201190.0,8078430.0,8322690.0,4623420.0,1942850.0,47203000.0,56391000.0,43867000.0,42425000.0,25921000.0,26736000.0,14828000.0,6267000.0
20210420,-88780.0,11995070.0,12353350.0,8673910.0,8226860.0,4377080.0,4523010.0,687720.0,630570.0,37974000.0,39038000.0,27440000.0,26043000.0,13818000.0,14328000.0,2171000.0,1993000.0
20210421,773460.0,11131800.0,15740620.0,13222970.0,9387610.0,5871700.0,4863830.0,512660.0,747070.0,34892000.0,49269000.0,41386000.0,29373000.0,18309000.0,15212000.0,1608000.0,2341000.0
20210422,621900.0,10194670.0,11674940.0,8043800.0,7185440.0,4100770.0,2874780.0,923750.0,1527840.0,32038000.0,36590000.0,25249000.0,22562000.0,12828000.0,9033000.0,2905000.0,4836000.0
20210423,-966920.0,12228420.0,11477250.0,8215910.0,8000160.0,2523620.0,3454720.0,888340.0,924160.0,38279000.0,35914000.0,25715000.0,25035000.0,7893000.0,10822000.0,2776000.0,2892000.0
20210426,-1571890.0,11946590.0,10758800.0,8140130.0,7756040.0,4190770.0,5673410.0,1103460.0,1192710.0,36992000.0,33189000.0,25144000.0,23967000.0,12907000.0,17551000.0,3365000.0,3701000.0
20210427,-676580.0,8573430.0,8510570.0,6863620.0,6249910.0,3283450.0,3712900.0,0.0,247130.0,27105000.0,26833000.0,21624000.0,19716000.0,10333000.0,11741000.0,0.0,772000.0
20210428,891130.0,14131550.0,17831930.0,15137150.0,12327890.0,5727110.0,4973950.0,1169770.0,1031800.0,42351000.0,53444000.0,45305000.0,36897000.0,17152000.0,14874000.0,3497000.0,3091000.0
20210429,153230.0,12561310.0,9252530.0,6052160.0,9514160.0,2458750.0,3022070.0,1425400.0,708850.0,37527000.0,27589000.0,18066000.0,28380000.0,7315000.0,9005000.0,4203000.0,2137000.0
20210430,-2419630.0,15912620.0,11761680.0,7622100.0,9353400.0,4522680.0,6544020.0,938260.0,1336550.0,49354000.0,36451000.0,23708000.0,29039000.0,14003000.0,20330000.0,2894000.0,4139000.0
20210506,-1874230.0,12902230.0,12008290.0,7872570.0,6892270.0,3419440.0,4778720.0,432910.0,947860.0,40418000.0,37622000.0,24670000.0,21609000.0,10715000.0,14965000.0,1359000.0,2967000.0
20210507,-2223160.0,14040490.0,11701550.0,7841260.0,7957040.0,2131570.0,4159650.0,1269280.0,1464360.0,45328000.0,37695000.0,25328000.0,25748000.0,6882000.0,13479000.0,4113000.0,4729000.0
20210510,-8040590.0,19130570.0,15269020.0,14876850.0,10697810.0,6484480.0,12679850.0,965950.0,2811170.0,65026000.0,51740000.0,50524000.0,36374000.0,21979000.0,43139000.0,3280000.0,9555000.0
20210511,6716320.0,16933990.0,23063370.0,10400650.0,10987600.0,10545730.0,4235610.0,1096970.0,690770.0,57235000.0,77931000.0,35215000.0,37100000.0,35634000.0,14416000.0,3686000.0,2323000.0
20210512,1535310.0,8680350.0,13328460.0,8941830.0,5829020.0,3506970.0,2534280.0,1079350.0,516730.0,29361000.0,45023000.0,30213000.0,19717000.0,11846000.0,8576000.0,3649000.0,1754000.0
20210513,-754130.0,11512520.0,12048850.0,6922240.0,5631770.0,2348760.0,2987850.0,0.0,115040.0,40002000.0,41856000.0,24065000.0,19579000.0,8167000.0,10399000.0,0.0,400000.0
20210514,1294800.0,9552910.0,12130780.0,8116670.0,6833600.0,3652260.0,2630570.0,484730.0,211620.0,32687000.0,41454000.0,27801000.0,23406000.0,12482000.0,9023000.0,1640000.0,727000.0
20210517,3669320.0,14428810.0,17996150.0,11954370.0,12056370.0,6750750.0,5329580.0,2784810.0,536660.0,47642000.0,59366000.0,39456000.0,39697000.0,22176000.0,17556000.0,9091000.0,1746000.0
20210518,824740.0,6887220.0,8592070.0,6328620.0,5448520.0,3155050.0,2201410.0,617740.0,746640.0,23199000.0,28843000.0,21266000.0,18282000.0,10538000.0,7419000.0,2073000.0,2532000.0
20210519,660950.0,8829080.0,9928050.0,7234840.0,6796800.0,3497980.0,3109280.0,633390.0,361140.0,29142000.0,32730000.0,23852000.0,22411000.0,11543000.0,10284000.0,2084000.0,1195000.0
20210520,1561250.0,14429890.0,16220550.0,9762510.0,9533110.0,4980390.0,3619300.0,518650.0,318490.0,47959000.0,53783000.0,32374000.0,31655000.0,16463000.0,12031000.0,1718000.0,1046000.0
20210521,-151930.0,16706810.0,19559040.0,14122700.0,11118530.0,4771850.0,4975140.0,699660.0,648300.0,55093000.0,64420000.0,46597000.0,36684000.0,15729000.0,16444000.0,2297000.0,2169000.0
20210524,888430.0,8422480.0,9358880.0,4992740.0,4944760.0,2245800.0,1742670.0,385300.0,0.0,28099000.0,31207000.0,16655000.0,16491000.0,7487000.0,5819000.0,1276000.0,0.0
20210525,796520.0,13037290.0,14446210.0,7886420.0,7274010.0,5499100.0,4902660.0,1281270.0,1081190.0,43027000.0,47600000.0,26023000.0,24026000.0,18148000.0,16203000.0,4197000.0,3567000.0
20210526,1452590.0,16406260.0,18558550.0,12856380.0,12156690.0,10775960.0,6308810.0,1052020.0,4066580.0,51582000.0,58341000.0,40488000.0,38258000.0,33868000.0,19875000.0,3306000.0,12770000.0
20210527,-1631530.0,14917410.0,14064560.0,11726660.0,10947980.0,5854060.0,6660810.0,489010.0,1313790.0,46128000.0,43498000.0,36262000.0,33852000.0,18068000.0,20561000.0,1524000.0,4070000.0
20210528,-1199400.0,10414360.0,9126220.0,8374880.0,8463630.0,5067500.0,5198350.0,489070.0,1557620.0,31785000.0,27800000.0,25544000.0,25794000.0,15437000.0,15898000.0,1483000.0,4757000.0
20210531,1882010.0,8566280.0,10080980.0,7563900.0,7931210.0,8123090.0,4949080.0,649720.0,1941720.0,25978000.0,30562000.0,22937000.0,24047000.0,24618000.0,15011000.0,1971000.0,5884000.0
20210601,-1007230.0,8824240.0,7748620.0,7798350.0,7866740.0,3451420.0,4257910.0,317090.0,517830.0,27020000.0,23682000.0,23821000.0,24082000.0,10588000.0,13050000.0,973000.0,1587000.0
20210602,-5521120.0,12047530.0,6889660.0,6994880.0,6631630.0,2583360.0,5552720.0,725630.0,3277390.0,37846000.0,21636000.0,21934000.0,20807000.0,8133000.0,17450000.0,2303000.0,10322000.0
20210603,-456380.0,7557010.0,6722010.0,6376000.0,6754620.0,2109650.0,2058500.0,880770.0,1388300.0,23996000.0,21336000.0,20265000.0,21479000.0,6714000.0,6547000.0,2798000.0,4412000.0
20210604,641950.0,6717500.0,9710140.0,6896170.0,4545490.0,2947260.0,1833080.0,266600.0,738830.0,21374000.0,30869000.0,21907000.0,14440000.0,9349000.0,5824000.0,850000.0,2348000.0
20210607,-1923840.0,10230950.0,7727310.0,7115790.0,7695590.0,1571710.0,4101420.0,732270.0,126400.0,32661000.0,24653000.0,22739000.0,24614000.0,5014000.0,13090000.0,2343000.0,400000.0
20210608,-1122950.0,9645880.0,8597620.0,8548150.0,8473440.0,2784430.0,3327090.0,26930.0,607220.0,31232000.0,27786000.0,27658000.0,27431000.0,8999000.0,10778000.0,88000.0,1981000.0
20210609,10064620.0,18539430.0,26066380.0,20248160.0,22785830.0,13064090.0,9959190.0,12891640.0,5931920.0,56556000.0,79435000.0,61714000.0,69152000.0,39332000.0,30056000.0,38639000.0,17598000.0
20210610,-1679190.0,20396360.0,17635240.0,14744170.0,15826100.0,9815930.0,12701440.0,4355030.0,3148710.0,60334000.0,52162000.0,43629000.0,46829000.0,28961000.0,37504000.0,12856000.0,9286000.0
20210611,-139150.0,10052760.0,10377900.0,7533370.0,7069090.0,3531970.0,4169060.0,1273340.0,775400.0,30196000.0,31164000.0,22613000.0,21206000.0,10582000.0,12485000.0,3794000.0,2330000.0
20210615,2474600.0,10175460.0,14268250.0,11832710.0,10214520.0,6214860.0,3926990.0,1115170.0,928440.0,30244000.0,42411000.0,35143000.0,30313000.0,18437000.0,11659000.0,3299000.0,2740000.0
20210616,-1443480.0,10686130.0,10419150.0,9574030.0,8397540.0,6640760.0,7955060.0,643460.0,772640.0,32550000.0,31692000.0,29146000.0,25561000.0,20213000.0,24264000.0,1968000.0,2359000.0
20210617,-2579980.0,9851250.0,12198090.0,15450100.0,10523280.0,7027840.0,8362060.0,895410.0,2141170.0,29186000.0,36069000.0,45785000.0,31104000.0,20767000.0,24842000.0,2643000.0,6367000.0
20210618,8936440.0,11087820.0,17927510.0,16713720.0,18810460.0,16504670.0,12468810.0,11501390.0,6600810.0,30641000.0,49388000.0,46184000.0,51757000.0,45265000.0,33949000.0,30869000.0,17866000.0
20210621,-3673310.0,20883130.0,20620220.0,20294520.0,16884120.0,13279130.0,13046900.0,2980520.0,6886060.0,55100000.0,54398000.0,53622000.0,44631000.0,35053000.0,34435000.0,7825000.0,18136000.0
20210622,-2160190.0,10037240.0,10529610.0,12039270.0,9386710.0,5826470.0,7034270.0,2934610.0,3887000.0,26098000.0,27352000.0,31262000.0,24384000.0,15125000.0,18273000.0,7635000.0,10111000.0
20210623,-1015050.0,13798840.0,12023860.0,9742830.0,10502750.0,5417360.0,5945230.0,1101440.0,1588620.0,35706000.0,31029000.0,25193000.0,27184000.0,14023000.0,15430000.0,2829000.0,4108000.0
20210624,-2692790.0,18874740.0,14275290.0,9601760.0,11508430.0,3776250.0,5532590.0,114690.0,1051140.0,50796000.0,38412000.0,25809000.0,30949000.0,10157000.0,14875000.0,310000.0,2836000.0
20210625,2517950.0,9438470.0,14253270.0,11306630.0,9009770.0,6549590.0,3935520.0,874720.0,970840.0,24856000.0,37440000.0,29733000.0,23752000.0,17216000.0,10346000.0,2301000.0,2569000.0
20210628,-2091890.0,9967970.0,8249340.0,7759220.0,7385950.0,3121520.0,5125140.0,504320.0,592590.0,26362000.0,21781000.0,20500000.0,19524000.0,8258000.0,13581000.0,1333000.0,1567000.0
20210629,991690.0,9435310.0,9484740.0,7384950.0,8327210.0,3841540.0,4532650.0,2254440.0,571640.0,24618000.0,24701000.0,19229000.0,21700000.0,9979000.0,11801000.0,5867000.0,1491000.0
20210630,1304000.0,6131640.0,8547720.0,7248040.0,6135970.0,4923040.0,3653240.0,675630.0,641430.0,15910000.0,22124000.0,18777000.0,15920000.0,12709000.0,9451000.0,1761000.0,1662000.0
20210701,626340.0,8391490.0,9612150.0,9914070.0,9319750.0,7012030.0,6124130.0,1177630.0,1439190.0,21733000.0,24757000.0,25612000.0,24091000.0,18073000.0,15886000.0,3038000.0,3722000.0
20210702,-265430.0,14453170.0,16492650.0,19720470.0,17415570.0,11985400.0,10960480.0,488300.0,1778650.0,36425000.0,41552000.0,49636000.0,43801000.0,30072000.0,27542000.0,1240000.0,4478000.0
20210705,-3089740.0,17094410.0,15464880.0,17102990.0,15642780.0,6847020.0,9589420.0,746740.0,1094080.0,43978000.0,39739000.0,44052000.0,40279000.0,17626000.0,24742000.0,1905000.0,2802000.0
20210706,-3291890.0,21636920.0,17936100.0,20888830.0,21297770.0,10811200.0,13840710.0,1969600.0,2231980.0,57730000.0,47784000.0,55707000.0,56712000.0,28763000.0,36873000.0,5207000.0,6039000.0
20210707,3732790.0,13165740.0,16709100.0,20676140.0,20865580.0,11117000.0,7166630.0,1554960.0,1772540.0,33479000.0,42486000.0,52465000.0,52801000.0,28089000.0,18126000.0,3902000.0,4522000.0
20210708,2256840.0,11923650.0,14774740.0,23711380.0,23117120.0,15093150.0,12321190.0,2850680.0,3365800.0,28764000.0,35601000.0,57184000.0,55754000.0,36348000.0,29700000.0,6823000.0,8064000.0
20210709,664180.0,8870560.0,10841800.0,12348870.0,11041810.0,9222580.0,9052630.0,2400630.0,1906400.0,21666000.0,26396000.0,30100000.0,26885000.0,22429000.0,22105000.0,5844000.0,4652000.0
20210712,-415710.0,9417840.0,9331340.0,10618070.0,10288870.0,5363910.0,5844010.0,642840.0,578450.0,23015000.0,22780000.0,25921000.0,25108000.0,13092000.0,14278000.0,1567000.0,1429000.0
20210713,1744700.0,8290050.0,9560280.0,9548300.0,10022770.0,6533310.0,4539420.0,1348110.0,1597300.0,20059000.0,23094000.0,23068000.0,24206000.0,15763000.0,10972000.0,3256000.0,3874000.0
20210714,-4264890.0,15487410.0,10803230.0,16036820.0,16456120.0,8238100.0,11402820.0,1194310.0,2294480.0,38985000.0,27093000.0,40320000.0,41393000.0,20728000.0,28787000.0,3012000.0,5772000.0
20210715,-1469070.0,9164210.0,7783400.0,8215530.0,8127260.0,4529180.0,5768190.0,1584830.0,1814890.0,23534000.0,19938000.0,21072000.0,20849000.0,11589000.0,14814000.0,4080000.0,4674000.0
20210716,-4263130.0,13867670.0,8639270.0,10758540.0,11723800.0,5561670.0,8624190.0,1115360.0,2315970.0,36633000.0,22722000.0,28468000.0,30998000.0,14704000.0,22864000.0,2926000.0,6146000.0
20210719,-346160.0,8945870.0,9994960.0,9096040.0,7700800.0,3570660.0,3721530.0,107070.0,302360.0,23786000.0,26561000.0,24156000.0,20432000.0,9471000.0,9889000.0,284000.0,816000.0
20210720,669810.0,6882370.0,8264910.0,6491530.0,5778810.0,3374010.0,2846760.0,309300.0,166740.0,18154000.0,21792000.0,17114000.0,15233000.0,8895000.0,7513000.0,811000.0,436000.0
20210721,424310.0,12102870.0,12555120.0,14724950.0,14697000.0,9562040.0,9071100.0,2000630.0,2067260.0,29935000.0,31123000.0,36493000.0,36344000.0,23633000.0,22438000.0,4983000.0,5138000.0
20210722,-1380320.0,7400850.0,8712260.0,10796970.0,8105230.0,3407610.0,3918160.0,1086010.0,1955780.0,18247000.0,21471000.0,26613000.0,19967000.0,8394000.0,9661000.0,2666000.0,4821000.0
20210723,-906360.0,9990940.0,7907190.0,6016400.0,7193780.0,4090570.0,3987540.0,437850.0,1447240.0,25149000.0,19854000.0,15128000.0,18079000.0,10271000.0,10033000.0,1108000.0,3690000.0
20210726,41330.0,11359250.0,9778100.0,7886000.0,9508480.0,5219870.0,4642970.0,249960.0,785530.0,28392000.0,24395000.0,19665000.0,23731000.0,12975000.0,11579000.0,632000.0,1958000.0
20210727,-3470530.0,11653840.0,8740880.0,10475970.0,9918400.0,4409610.0,5686920.0,601940.0,2795160.0,29676000.0,22123000.0,26615000.0,25183000.0,11192000.0,14475000.0,1562000.0,7264000.0
20210728,-1543400.0,10579500.0,8452800.0,8388960.0,8972250.0,4118240.0,5395730.0,573430.0,839340.0,28730000.0,22926000.0,22789000.0,24380000.0,11201000.0,14694000.0,1555000.0,2275000.0
20210729,962420.0,13441280.0,14428720.0,15208650.0,15183640.0,6227260.0,5743260.0,679480.0,201060.0,35130000.0,37624000.0,39673000.0,39632000.0,16241000.0,15028000.0,1762000.0,522000.0
20210730,-2275270.0,18562140.0,13554530.0,14820080.0,17552420.0,5205870.0,7639050.0,1264510.0,1106600.0,47699000.0,34765000.0,38060000.0,45102000.0,13355000.0,19627000.0,3239000.0,2859000.0
20210802,9712920.0,19864940.0,23123350.0,16464330.0,22918840.0,13571570.0,6190390.0,3086900.0,755160.0,50283000.0,58453000.0,41630000.0,57963000.0,34256000.0,15605000.0,7763000.0,1911000.0
20210803,-7315330.0,20925970.0,16556080.0,20299470.0,17354010.0,8055640.0,14057560.0,1299390.0,2612800.0,53572000.0,42189000.0,51791000.0,44195000.0,20485000.0,35971000.0,3290000.0,6783000.0
20210804,-6141800.0,20306090.0,11621550.0,18428250.0,20970990.0,11236350.0,17631910.0,3451790.0,3198030.0,53306000.0,30483000.0,48310000.0,54949000.0,29426000.0,46253000.0,9081000.0,8437000.0
20210805,-10111570.0,22763840.0,12323550.0,16292940.0,16621670.0,9873130.0,17505760.0,2225880.0,4704820.0,62447000.0,33787000.0,44717000.0,45596000.0,27125000.0,48044000.0,6132000.0,12995000.0
20210806,-11953640.0,23844620.0,11574090.0,16154690.0,16471580.0,8652070.0,14526600.0,2049650.0,8128760.0,68755000.0,33241000.0,46647000.0,47527000.0,24966000.0,41945000.0,5909000.0,23565000.0
20210809,-1668850.0,13961030.0,10740630.0,12498420.0,14049980.0,10171330.0,13228530.0,4099810.0,2711460.0,41165000.0,31608000.0,36829000.0,41395000.0,29883000.0,38921000.0,12025000.0,7977000.0
20210810,-7793760.0,18193820.0,12738490.0,14788260.0,12449840.0,6468390.0,11737890.0,1980550.0,4504810.0,54778000.0,38331000.0,44514000.0,37467000.0,19479000.0,35341000.0,5953000.0,13584000.0
20210811,4105210.0,15769160.0,19662120.0,18042380.0,18254610.0,18578570.0,16605400.0,6233010.0,4100970.0,45759000.0,57008000.0,52289000.0,53029000.0,53911000.0,48141000.0,17985000.0,11766000.0
20210812,-1529920.0,15581140.0,13710220.0,10940930.0,11281930.0,7328410.0,7680810.0,1159800.0,2337320.0,46060000.0,40564000.0,32303000.0,33284000.0,21653000.0,22686000.0,3431000.0,6914000.0
20210813,46330.0,11122560.0,12418960.0,8932170.0,7682110.0,4178790.0,4551700.0,1230210.0,810970.0,33319000.0,37147000.0,26676000.0,22971000.0,12469000.0,13603000.0,3682000.0,2424000.0
20210816,-2579810.0,12954020.0,9744440.0,9802460.0,10432240.0,4620100.0,6653320.0,2087670.0,2634260.0,39989000.0,30044000.0,30292000.0,32197000.0,14281000.0,20577000.0,6437000.0,8181000.0
20210817,-2429870.0,14971070.0,9467200.0,8818200.0,11892200.0,4868850.0,6421580.0,412100.0,1289240.0,47680000.0,30046000.0,28059000.0,37872000.0,15533000.0,20529000.0,1320000.0,4145000.0
20210818,1278400.0,8586070.0,11564560.0,8919480.0,7219380.0,7042470.0,6667360.0,2446340.0,1543050.0,27693000.0,37287000.0,28765000.0,23281000.0,22704000.0,21496000.0,7874000.0,4973000.0
20210819,-643640.0,9232730.0,8046280.0,7665490.0,8208320.0,3298430.0,3521650.0,510540.0,930960.0,29773000.0,25940000.0,24719000.0,26464000.0,10623000.0,11350000.0,1640000.0,3001000.0
20210820,2475310.0,10384820.0,13897020.0,10446320.0,9409440.0,8064650.0,4525950.0,1700900.0,2764290.0,33440000.0,44715000.0,33686000.0,30342000.0,25951000.0,14578000.0,5510000.0,8951000.0
20210823,1429710.0,19224660.0,23091920.0,23327360.0,20889810.0,15320090.0,13606820.0,4047680.0,4331240.0,58447000.0,70035000.0,70722000.0,63375000.0,46505000.0,41378000.0,12228000.0,13114000.0
20210824,-930300.0,17408680.0,16121930.0,21565960.0,21922410.0,11399010.0,9831250.0,4117540.0,6615600.0,52334000.0,48487000.0,64793000.0,65937000.0,34308000.0,29458000.0,12304000.0,19856000.0
20210825,-2246370.0,10750960.0,8829540.0,9801590.0,9476630.0,6228930.0,7867620.0,1755900.0,2363580.0,32383000.0,26552000.0,29476000.0,28518000.0,18732000.0,23674000.0,5295000.0,7142000.0
20210826,-2145720.0,9506760.0,8163680.0,8734520.0,7931880.0,4763930.0,5342030.0,266140.0,1833760.0,28705000.0,24573000.0,26309000.0,23899000.0,14325000.0,16133000.0,803000.0,5538000.0
20210827,-4506160.0,12545280.0,11527700.0,11771350.0,8282770.0,5523720.0,8633830.0,288130.0,1684180.0,38697000.0,35548000.0,36336000.0,25554000.0,17047000.0,26662000.0,880000.0,5195000.0
20210830,-322440.0,14659580.0,14935530.0,14085480.0,13487080.0,8227110.0,8670330.0,1634590.0,1513810.0,43522000.0,44322000.0,41799000.0,40065000.0,24408000.0,25689000.0,4825000.0,4477000.0
20210831,-4145230.0,8802480.0,3994870.0,8219910.0,8882290.0,6581020.0,10483620.0,6023840.0,6266470.0,28355000.0,12862000.0,26459000.0,28611000.0,21169000.0,33751000.0,19513000.0,20272000.0
20210901,-1645210.0,17227230.0,13479380.0,17514330.0,19616960.0,16878200.0,19495800.0,15823400.0,14851010.0,61680000.0,48207000.0,62569000.0,70083000.0,60338000.0,69714000.0,56701000.0,53285000.0
20210902,285510.0,38856740.0,28108310.0,32812290.0,43846230.0,19372360.0,19581700.0,9042420.0,8547570.0,149780000.0,108137000.0,126106000.0,168839000.0,74655000.0,75335000.0,34910000.0,33140000.0
20210903,-5352170.0,28674550.0,23361370.0,24674170.0,24635190.0,14208700.0,14998650.0,3634290.0,8196510.0,118093000.0,96162000.0,101651000.0,101491000.0,58362000.0,61683000.0,14813000.0,33583000.0
20210906,7933790.0,34231130.0,50225730.0,35349420.0,27288620.0,17979820.0,12894070.0,7072080.0,4224040.0,141621000.0,208473000.0,145630000.0,112138000.0,73726000.0,52563000.0,29290000.0,17092000.0
20210907,-5112500.0,16166200.0,17706200.0,27929660.0,21277170.0,11442110.0,14975640.0,2707820.0,4286790.0,63841000.0,69877000.0,110143000.0,83950000.0,45207000.0,59113000.0,10676000.0,16928000.0
20210908,1049010.0,11112140.0,13660290.0,16912140.0,15413000.0,7994310.0,7091260.0,3553170.0,3407210.0,43994000.0,54031000.0,66946000.0,60980000.0,31610000.0,28085000.0,14091000.0,13544000.0
20210909,-851310.0,11731610.0,10125000.0,13823020.0,14578330.0,5160680.0,6751050.0,1317470.0,578410.0,46958000.0,40488000.0,55226000.0,58280000.0,20636000.0,26997000.0,5268000.0,2324000.0
20210910,3163580.0,14781870.0,13699080.0,12061770.0,16308130.0,10648980.0,7913470.0,1429350.0,1001280.0,59946000.0,55304000.0,48743000.0,65997000.0,42841000.0,31892000.0,5708000.0,4045000.0
20210913,2462760.0,10654030.0,12276440.0,15135500.0,15975850.0,9331210.0,5924950.0,2204800.0,3148300.0,42247000.0,48625000.0,59970000.0,63331000.0,36985000.0,23489000.0,8738000.0,12495000.0
20210914,-2751890.0,17570570.0,14912600.0,17900180.0,17806260.0,10386770.0,11037520.0,1647040.0,3748180.0,67983000.0,57594000.0,69206000.0,68879000.0,40137000.0,42662000.0,6359000.0,14550000.0
20210915,-2256940.0,11105240.0,8866560.0,9131430.0,9113180.0,5648140.0,5611940.0,681820.0,2974960.0,44432000.0,35440000.0,36518000.0,36433000.0,22597000.0,22454000.0,2739000.0,11959000.0
20210916,-59610.0,15393700.0,13421550.0,12762530.0,14675070.0,8154190.0,8144450.0,1856300.0,1925650.0,63701000.0,55492000.0,52712000.0,60708000.0,33824000.0,33689000.0,7589000.0,7938000.0
20210917,-3545350.0,14773020.0,10405130.0,11490440.0,12312990.0,6109550.0,7008140.0,1137660.0,3784420.0,62453000.0,43897000.0,48503000.0,51887000.0,25781000.0,29615000.0,4768000.0,16106000.0
20210922,392380.0,9628040.0,9254880.0,8055090.0,8820640.0,5281540.0,4438760.0,491050.0,941450.0,40971000.0,39220000.0,34195000.0,37466000.0,22390000.0,18915000.0,2086000.0,4041000.0
20210923,-1950940.0,11266490.0,8012790.0,8395930.0,9698690.0,3830360.0,5056510.0,517460.0,1242250.0,48152000.0,34223000.0,35848000.0,41439000.0,16357000.0,21584000.0,2211000.0,5323000.0
20210924,-784660.0,13339310.0,12374080.0,14395650.0,14576220.0,6544780.0,6021420.0,429120.0,1737140.0,55933000.0,51832000.0,60296000.0,60981000.0,27401000.0,25282000.0,1788000.0,7322000.0
20210927,-2237260.0,14842700.0,9771680.0,11516170.0,14349940.0,5671380.0,7437900.0,467060.0,937800.0,64955000.0,42753000.0,50330000.0,62731000.0,24779000.0,32452000.0,2021000.0,4148000.0
20210928,-1728200.0,12701380.0,11395070.0,11528800.0,11106920.0,4683960.0,5747440.0,1440730.0,2105450.0,56658000.0,50666000.0,51386000.0,49528000.0,20877000.0,25684000.0,6391000.0,9434000.0
20210929,-3183380.0,13448200.0,9342250.0,8473860.0,9396430.0,5234790.0,7414260.0,321200.0,1325110.0,62217000.0,43081000.0,39100000.0,43450000.0,24230000.0,34365000.0,1500000.0,6151000.0
20210930,-2536000.0,16919350.0,9322920.0,11849700.0,16910130.0,5015320.0,6492400.0,342390.0,1401310.0,78110000.0,42968000.0,54572000.0,77946000.0,22997000.0,29866000.0,1574000.0,6474000.0
20211008,547990.0,11865310.0,15731650.0,15649060.0,12330710.0,5940050.0,4988190.0,499490.0,903360.0,52465000.0,69411000.0,69026000.0,54420000.0,26101000.0,21964000.0,2211000.0,4010000.0
20211011,2752590.0,10556510.0,12255610.0,10444950.0,11498450.0,7592650.0,4525530.0,626110.0,940640.0,45933000.0,53303000.0,45451000.0,50046000.0,33023000.0,19683000.0,2730000.0,4104000.0
20211012,-3008420.0,9845880.0,8838310.0,9010740.0,7009880.0,3801010.0,4567360.0,0.0,2242070.0,43900000.0,39285000.0,40098000.0,31212000.0,16946000.0,20362000.0,0.0,10084000.0
20211013,-1411700.0,6927540.0,5816320.0,5841820.0,5541340.0,1742610.0,3248460.0,170930.0,76780.0,31593000.0,26435000.0,26531000.0,25215000.0,7919000.0,14824000.0,784000.0,353000.0
20211014,222000.0,6085520.0,6622970.0,5837840.0,5522390.0,2557860.0,2632540.0,296680.0,0.0,27087000.0,29429000.0,25956000.0,24558000.0,11357000.0,11720000.0,1307000.0,0.0
20211015,9103450.0,19212570.0,24065490.0,16560860.0,20811400.0,9980410.0,12678860.0,13762790.0,1960890.0,81144000.0,101274000.0,70117000.0,87537000.0,42001000.0,53196000.0,56952000.0,8206000.0
20211018,9153970.0,29389470.0,35587850.0,35465950.0,38421530.0,27449320.0,27861410.0,17996020.0,8429960.0,112150000.0,135508000.0,135207000.0,146542000.0,104707000.0,106078000.0,67971000.0,31908000.0
20211019,-4237570.0,31260750.0,27115890.0,30293750.0,30201030.0,17579650.0,19224750.0,3808680.0,6401150.0,116193000.0,100723000.0,112472000.0,112190000.0,65260000.0,71392000.0,14129000.0,23748000.0
20211020,-3520080.0,34441530.0,32064530.0,44625140.0,43482050.0,26032220.0,26378740.0,6479450.0,9653010.0,120259000.0,111925000.0,155504000.0,152114000.0,91255000.0,92075000.0,22790000.0,33693000.0
20211021,-1284500.0,23489370.0,22872190.0,22146270.0,21478950.0,8786840.0,11106820.0,3106170.0,2070690.0,84390000.0,82059000.0,79434000.0,77212000.0,31605000.0,39863000.0,11147000.0,7442000.0
20211022,-1865820.0,26916890.0,22506050.0,17135250.0,19680260.0,10473410.0,12063300.0,3864540.0,4140470.0,101693000.0,84977000.0,64648000.0,74263000.0,39547000.0,45517000.0,14541000.0,15672000.0
20211025,137230.0,23305020.0,21738890.0,17204680.0,18908040.0,11279710.0,11279430.0,3447810.0,3310860.0,88699000.0,82362000.0,65264000.0,71908000.0,42869000.0,43035000.0,13163000.0,12691000.0
20211026,4813170.0,18713610.0,24110950.0,17823370.0,17239190.0,11874960.0,9501020.0,3510770.0,1071540.0,71234000.0,91668000.0,67746000.0,65540000.0,45113000.0,36104000.0,13278000.0,4058000.0
20211027,-2828360.0,15976670.0,14099610.0,12773470.0,11822190.0,5976200.0,8784870.0,1578610.0,1598300.0,62175000.0,54745000.0,49656000.0,45985000.0,23242000.0,34220000.0,6131000.0,6254000.0
20211028,-5049370.0,15772330.0,11578040.0,10770730.0,9915650.0,4334510.0,7348630.0,719310.0,2754560.0,61687000.0,45137000.0,42042000.0,38756000.0,16935000.0,28770000.0,2819000.0,10820000.0
20211029,163440.0,14796070.0,16594500.0,15676310.0,14041330.0,10289520.0,9769360.0,2365730.0,2722450.0,57336000.0,63936000.0,60234000.0,54195000.0,39624000.0,37664000.0,9066000.0,10465000.0
20211101,-908010.0,13665380.0,13183590.0,10621750.0,10195530.0,6538960.0,5837820.0,1125540.0,2734690.0,52975000.0,51077000.0,41133000.0,39516000.0,25321000.0,22633000.0,4346000.0,10549000.0
20211102,-475270.0,12463520.0,13846460.0,14472320.0,12614110.0,7124290.0,8476770.0,2019140.0,1141930.0,47070000.0,52151000.0,54522000.0,47521000.0,26801000.0,31966000.0,7549000.0,4304000.0
20211103,529790.0,9884900.0,11645000.0,11630910.0,10400600.0,6997030.0,6454230.0,1159130.0,1172140.0,36849000.0,43355000.0,43315000.0,38715000.0,26028000.0,24050000.0,4316000.0,4388000.0
20211104,3518520.0,10931810.0,13539570.0,12208930.0,13119690.0,8748500.0,8725710.0,5132620.0,1636890.0,39242000.0,48552000.0,43789000.0,47077000.0,31368000.0,31271000.0,18344000.0,5842000.0
20211105,-2918860.0,11329160.0,8484170.0,10481170.0,10407280.0,6146680.0,7101170.0,1092170.0,3056540.0,41468000.0,30987000.0,38367000.0,38073000.0,22464000.0,25990000.0,3983000.0,11233000.0
20211108,-485230.0,7400890.0,7085960.0,8215190.0,8044880.0,3292350.0,3855160.0,860750.0,783170.0,27926000.0,26649000.0,30920000.0,30273000.0,12368000.0,14531000.0,3223000.0,2983000.0
20211109,1261340.0,6542420.0,7597220.0,7096120.0,7302660.0,4879610.0,4359850.0,1417260.0,675680.0,23964000.0,27792000.0,25957000.0,26730000.0,17835000.0,15942000.0,5166000.0,2458000.0
20211110,-2394260.0,10759620.0,7965480.0,8687440.0,9087320.0,5176200.0,5779680.0,1406160.0,3196940.0,38891000.0,28675000.0,31333000.0,32783000.0,18656000.0,20910000.0,5121000.0,11633000.0
20211111,-1767090.0,6430970.0,5292790.0,7756820.0,7127900.0,3376080.0,4939700.0,906160.0,1109630.0,23875000.0,19621000.0,28786000.0,26432000.0,12513000.0,18347000.0,3351000.0,4124000.0
20211112,1320290.0,14421150.0,15961110.0,16744300.0,16524630.0,9308380.0,9916160.0,3848980.0,1920910.0,50939000.0,56306000.0,58996000.0,58304000.0,32812000.0,34929000.0,13517000.0,6726000.0
20211115,-2014330.0,13873450.0,11851690.0,12996220.0,13003650.0,7102940.0,8530790.0,904710.0,1491190.0,48195000.0,41085000.0,45102000.0,45160000.0,24666000.0,29671000.0,3111000.0,5158000.0
20211116,1500320.0,8259940.0,9198490.0,9037410.0,9599180.0,5800820.0,4988110.0,2298560.0,1610950.0,28724000.0,31927000.0,31383000.0,33327000.0,20142000.0,17327000.0,7958000.0,5626000.0
20211117,2560100.0,11646320.0,12984640.0,12871100.0,14092880.0,7926300.0,9784540.0,6071110.0,1652770.0,39156000.0,43597000.0,43257000.0,47344000.0,26633000.0,32828000.0,20255000.0,5531000.0
20211118,-1908220.0,11803310.0,9951730.0,11696280.0,11639650.0,5472900.0,8240470.0,2170740.0,1311390.0,40186000.0,33743000.0,39705000.0,39557000.0,18605000.0,28073000.0,7328000.0,4452000.0
20211119,-509080.0,7033530.0,7040050.0,8032660.0,7517060.0,4651800.0,4940130.0,644170.0,864920.0,24374000.0,24313000.0,27792000.0,26006000.0,16071000.0,17124000.0,2215000.0,3009000.0
20211122,-2412300.0,11802280.0,8738490.0,8845370.0,9496870.0,5750180.0,6594830.0,670240.0,2237890.0,41651000.0,30763000.0,31206000.0,33492000.0,20261000.0,23290000.0,2348000.0,7921000.0
20211123,1080090.0,9424010.0,10865580.0,10151200.0,9789710.0,5582080.0,6156040.0,2759690.0,1105640.0,32679000.0,37568000.0,35118000.0,33891000.0,19253000.0,21336000.0,9507000.0,3762000.0
20211124,-1102100.0,7268620.0,6157800.0,6618050.0,6626760.0,4459770.0,4308530.0,1048710.0,2302050.0,24967000.0,21137000.0,22735000.0,22759000.0,15297000.0,14802000.0,3601000.0,7903000.0
20211125,-1520100.0,7790810.0,6245860.0,7391870.0,7416720.0,3759400.0,5116250.0,1136230.0,1299480.0,27537000.0,22048000.0,26098000.0,26198000.0,13273000.0,18076000.0,4024000.0,4610000.0
20211126,356070.0,5884080.0,6515520.0,6176060.0,5900700.0,3513060.0,3960380.0,2814560.0,2011170.0,20719000.0,22820000.0,21690000.0,20699000.0,12317000.0,13890000.0,9799000.0,7116000.0
20211129,-3103660.0,7664990.0,4269680.0,6030150.0,6321810.0,3739370.0,5133720.0,551470.0,2260780.0,27531000.0,15295000.0,21647000.0,22696000.0,13424000.0,18420000.0,1965000.0,8156000.0
20211130,-596750.0,5874990.0,4869540.0,4908000.0,5316710.0,2490410.0,3322460.0,1072950.0,837650.0,21219000.0,17548000.0,17714000.0,19185000.0,8971000.0,12000000.0,3855000.0,3025000.0
20211201,-1847290.0,5554260.0,4371670.0,4584930.0,3920230.0,2238420.0,3002640.0,253100.0,1336170.0,19929000.0,15669000.0,16442000.0,14059000.0,8033000.0,10787000.0,904000.0,4793000.0
20211202,-2077200.0,4795820.0,3756530.0,4786920.0,3749010.0,2102450.0,2643980.0,374290.0,1909960.0,17248000.0,13506000.0,17216000.0,13482000.0,7570000.0,9521000.0,1352000.0,6877000.0
20211203,-4460030.0,12644810.0,7419100.0,10130690.0,10896380.0,4124650.0,7371120.0,1564770.0,2778330.0,47489000.0,27784000.0,38076000.0,41012000.0,15533000.0,27733000.0,5893000.0,10462000.0
20211206,-974590.0,6055070.0,4615200.0,4245800.0,4711080.0,2032170.0,2446880.0,354040.0,913920.0,22801000.0,17361000.0,15982000.0,17725000.0,7637000.0,9213000.0,1335000.0,3456000.0
20211207,-259750.0,4991200.0,4424110.0,3249260.0,3556600.0,1502720.0,2110640.0,1041210.0,693040.0,18811000.0,16653000.0,12240000.0,13408000.0,5650000.0,7960000.0,3931000.0,2611000.0
20211208,-759530.0,7759770.0,5476130.0,6604830.0,8128940.0,2361350.0,3037560.0,226730.0,310050.0,29395000.0,20727000.0,25018000.0,30802000.0,8945000.0,11510000.0,858000.0,1178000.0
20211209,1543860.0,7323480.0,8572240.0,6654840.0,6949940.0,4243210.0,3330880.0,964130.0,332600.0,27338000.0,31989000.0,24812000.0,25926000.0,15835000.0,12439000.0,3606000.0,1238000.0
20211210,-235970.0,5627670.0,5778490.0,4805270.0,4418490.0,2420080.0,2776580.0,388100.0,267570.0,20957000.0,21505000.0,17889000.0,16438000.0,8997000.0,10353000.0,1452000.0,1000000.0
20211213,-200280.0,4076440.0,4442830.0,4816040.0,4249370.0,2091680.0,2486520.0,233560.0,39000.0,15122000.0,16470000.0,17848000.0,15753000.0,7751000.0,9220000.0,866000.0,144000.0
20211214,-322450.0,4036130.0,3197350.0,3040290.0,3556630.0,1779650.0,1787000.0,497000.0,812100.0,15030000.0,11888000.0,11318000.0,13239000.0,6619000.0,6661000.0,1854000.0,3034000.0
20211215,-1722000.0,7301400.0,3657470.0,4531510.0,6453450.0,2536750.0,3075190.0,377360.0,1560920.0,27646000.0,13818000.0,17167000.0,24436000.0,9586000.0,11656000.0,1422000.0,5912000.0
20211216,-3211610.0,11593820.0,6914550.0,6000390.0,7468050.0,3558320.0,5196120.0,381160.0,1954970.0,45239000.0,26960000.0,23408000.0,29124000.0,13896000.0,20315000.0,1466000.0,7610000.0
20211217,-400390.0,7030230.0,6604140.0,5312230.0,5337940.0,2039200.0,2356600.0,1565550.0,1648540.0,27809000.0,26095000.0,21021000.0,21102000.0,8060000.0,9328000.0,6206000.0,6572000.0
20211220,-136420.0,6221170.0,5530060.0,3687670.0,4242360.0,2446420.0,2361790.0,224110.0,445160.0,24762000.0,21996000.0,14660000.0,16861000.0,9713000.0,9406000.0,890000.0,1763000.0
20211221,-12170.0,4624300.0,4048070.0,3001230.0,3565300.0,2419900.0,2268180.0,268910.0,432800.0,18579000.0,16258000.0,12064000.0,14325000.0,9727000.0,9132000.0,1086000.0,1741000.0
20211222,-95050.0,3457960.0,2937050.0,2169050.0,2594920.0,545830.0,875050.0,234170.0,0.0,13828000.0,11740000.0,8670000.0,10378000.0,2182000.0,3499000.0,937000.0,0.0
20211223,-1274320.0,5030930.0,4064170.0,3241300.0,2933740.0,1213310.0,2648840.0,479260.0,318050.0,20309000.0,16392000.0,13080000.0,11837000.0,4895000.0,10711000.0,1942000.0,1286000.0
20211224,-227800.0,5042570.0,4011980.0,3233220.0,4036010.0,1546050.0,1987120.0,213270.0,0.0,20680000.0,16441000.0,13257000.0,16546000.0,6336000.0,8157000.0,872000.0,0.0
20211227,-996060.0,3891730.0,3214170.0,2719250.0,2400750.0,1443890.0,1365360.0,120450.0,1195040.0,16209000.0,13376000.0,11328000.0,10002000.0,6018000.0,5691000.0,500000.0,4987000.0
20211228,3089100.0,8842320.0,11821910.0,9072940.0,9182450.0,6507380.0,4821740.0,2328290.0,924830.0,35022000.0,46805000.0,35855000.0,36229000.0,25550000.0,18951000.0,9147000.0,3589000.0
20211229,-1368200.0,7221280.0,6740690.0,7141370.0,6253780.0,2902660.0,3793800.0,613670.0,1090730.0,28371000.0,26424000.0,28018000.0,24528000.0,11368000.0,14910000.0,2401000.0,4294000.0
20211230,-693520.0,10055510.0,9755260.0,7810390.0,7417120.0,3507360.0,3914370.0,1159180.0,1445690.0,38322000.0,37176000.0,29779000.0,28280000.0,13372000.0,14926000.0,4421000.0,5511000.0
20211231,-422920.0,6130570.0,4715120.0,3665160.0,4657700.0,2286740.0,2656910.0,437650.0,490400.0,23621000.0,18147000.0,14118000.0,17944000.0,8785000.0,10231000.0,1678000.0,1880000.0
20220104,260620.0,5587580.0,6032870.0,4479930.0,4295260.0,2475560.0,2137230.0,152510.0,230220.0,21320000.0,23007000.0,17085000.0,16384000.0,9437000.0,8154000.0,583000.0,880000.0
20220105,-639020.0,5788980.0,5748160.0,5441890.0,4843700.0,2048430.0,2575380.0,106510.0,218580.0,22489000.0,22305000.0,21129000.0,18795000.0,7949000.0,10026000.0,413000.0,853000.0
20220106,-171630.0,6884980.0,6359450.0,5306390.0,5660300.0,2157630.0,2297900.0,215950.0,247310.0,27440000.0,25350000.0,21161000.0,22583000.0,8608000.0,9151000.0,868000.0,994000.0
20220107,-2240500.0,13795150.0,11593230.0,9504410.0,9465830.0,4104910.0,5581560.0,1181820.0,1945670.0,56950000.0,47792000.0,39211000.0,39089000.0,16959000.0,23083000.0,4972000.0,8129000.0
20220110,-2274540.0,12505350.0,10974140.0,8117260.0,7373940.0,3578330.0,3684550.0,1031740.0,3200060.0,54146000.0,47427000.0,35142000.0,31932000.0,15520000.0,15976000.0,4448000.0,13921000.0
20220111,-965040.0,12190460.0,12698520.0,9068890.0,7595780.0,2138640.0,3500120.0,740240.0,343800.0,52222000.0,54365000.0,38784000.0,32452000.0,9119000.0,14974000.0,3149000.0,1483000.0
20220112,-1859350.0,18786200.0,15217280.0,17095380.0,18804960.0,6628900.0,8054490.0,1406640.0,1840400.0,75221000.0,60732000.0,68163000.0,75112000.0,26369000.0,32151000.0,5612000.0,7370000.0
20220113,-4054840.0,19542020.0,21165030.0,29155640.0,23477790.0,14075740.0,17139340.0,2386610.0,3377850.0,72617000.0,78675000.0,108031000.0,86999000.0,52238000.0,63514000.0,8913000.0,12612000.0
20220114,-804510.0,8846180.0,7053030.0,5694350.0,6683000.0,3832540.0,4515010.0,575820.0,697860.0,33197000.0,26461000.0,21371000.0,25072000.0,14361000.0,16945000.0,2162000.0,2613000.0
20220117,935890.0,5770740.0,6670960.0,6269670.0,6305350.0,2841050.0,2030200.0,637070.0,512030.0,21683000.0,25027000.0,23526000.0,23675000.0,10648000.0,7626000.0,2400000.0,1928000.0
20220118,197370.0,6488970.0,5703270.0,5419280.0,6402330.0,2167120.0,2479000.0,1013750.0,504500.0,24419000.0,21404000.0,20349000.0,24049000.0,8127000.0,9342000.0,3788000.0,1889000.0
20220119,-126070.0,5675180.0,6148370.0,4392820.0,3793550.0,2567360.0,2153030.0,274760.0,815160.0,21751000.0,23484000.0,16803000.0,14511000.0,9774000.0,8251000.0,1039000.0,3121000.0
20220120,-962600.0,4174630.0,3095280.0,3074540.0,3191280.0,1195190.0,1934290.0,0.0,223500.0,16201000.0,11989000.0,11921000.0,12368000.0,4635000.0,7523000.0,0.0,877000.0
20220121,-636450.0,3322240.0,2805070.0,2350540.0,2231260.0,1082320.0,1361910.0,0.0,356860.0,12926000.0,10901000.0,9147000.0,8679000.0,4211000.0,5307000.0,0.0,1397000.0
20220124,-930560.0,6271730.0,5129420.0,4967520.0,5179260.0,1944300.0,2765870.0,297290.0,406280.0,25183000.0,20562000.0,19919000.0,20784000.0,7808000.0,11121000.0,1194000.0,1637000.0
20220125,-909200.0,4583770.0,3654950.0,3118790.0,3138410.0,1313130.0,1863150.0,0.0,359180.0,18741000.0,14919000.0,12742000.0,12825000.0,5364000.0,7627000.0,0.0,1476000.0
20220126,260130.0,2466710.0,2917370.0,2118050.0,1927530.0,1024730.0,754300.0,0.0,10300.0,10227000.0,12084000.0,8782000.0,7987000.0,4243000.0,3138000.0,0.0,43000.0
20220127,-1156280.0,5526610.0,4178540.0,4642940.0,4834740.0,1410430.0,2522070.0,0.0,44640.0,23526000.0,17729000.0,19712000.0,20587000.0,5998000.0,10725000.0,0.0,194000.0
20220128,761790.0,4771140.0,4000380.0,3644370.0,5176920.0,2262180.0,1360380.0,0.0,140010.0,20608000.0,17250000.0,15723000.0,22353000.0,9766000.0,5884000.0,0.0,611000.0
20220207,1087940.0,6182560.0,7037770.0,4890980.0,5123710.0,2603500.0,1801310.0,441080.0,155330.0,25593000.0,29114000.0,20230000.0,21214000.0,10777000.0,7456000.0,1824000.0,640000.0
20220208,-1619050.0,5489410.0,4432080.0,4855680.0,4293950.0,1625690.0,2663980.0,143890.0,724650.0,22914000.0,18451000.0,20237000.0,17899000.0,6778000.0,11156000.0,600000.0,3023000.0
20220209,-2279020.0,5160850.0,5196300.0,5425150.0,3110680.0,2698580.0,4201070.0,139470.0,916000.0,21902000.0,22001000.0,22975000.0,13174000.0,11434000.0,17824000.0,596000.0,3908000.0
20220210,-710960.0,4779330.0,5147540.0,4247470.0,3168310.0,1986640.0,2608410.0,374560.0,463750.0,20299000.0,21874000.0,18031000.0,13434000.0,8427000.0,11075000.0,1605000.0,1978000.0
20220211,-154290.0,8914640.0,9199310.0,7593250.0,7154300.0,4012440.0,3567430.0,107520.0,706820.0,39231000.0,40425000.0,33431000.0,31529000.0,17648000.0,15714000.0,480000.0,3122000.0
20220214,-418480.0,4620620.0,4973380.0,3315930.0,2544690.0,1760690.0,1546090.0,259480.0,892560.0,20938000.0,22522000.0,15050000.0,11521000.0,7955000.0,7019000.0,1163000.0,4044000.0
20220215,1118880.0,4958830.0,5010250.0,3849260.0,4916710.0,2220020.0,1171990.0,229070.0,158220.0,22002000.0,22227000.0,17080000.0,21804000.0,9851000.0,5201000.0,1006000.0,706000.0
20220216,-21890.0,4091750.0,4072730.0,4300330.0,4297450.0,2184750.0,2536830.0,1092040.0,761850.0,17842000.0,17753000.0,18766000.0,18742000.0,9528000.0,11080000.0,4760000.0,3321000.0
20220217,-794180.0,5249600.0,4088970.0,3549260.0,3915710.0,1487680.0,2563070.0,541270.0,260060.0,23093000.0,17982000.0,15613000.0,17231000.0,6544000.0,11278000.0,2386000.0,1145000.0
20220218,-525440.0,9220050.0,7778170.0,7771710.0,8688140.0,2871600.0,3565840.0,1041060.0,872260.0,41652000.0,35067000.0,35077000.0,39258000.0,12975000.0,16157000.0,4726000.0,3948000.0
20220221,1536440.0,7180310.0,7672470.0,6457610.0,7501890.0,3157010.0,1600530.0,571510.0,591550.0,32865000.0,35058000.0,29543000.0,34363000.0,14438000.0,7333000.0,2609000.0,2700000.0
20220222,-3802390.0,8468580.0,6950500.0,7093730.0,4809410.0,2836490.0,6630040.0,375380.0,384220.0,38458000.0,31555000.0,32200000.0,21820000.0,12880000.0,30126000.0,1701000.0,1738000.0
20220223,1289510.0,15641440.0,16620870.0,14303180.0,14613250.0,8275660.0,8490060.0,4062950.0,2559040.0,66266000.0,70484000.0,60772000.0,62067000.0,35150000.0,36024000.0,17292000.0,10906000.0
20220224,-2283200.0,13723290.0,10158720.0,11281380.0,12562760.0,5984070.0,8330670.0,940520.0,877120.0,57216000.0,42293000.0,47057000.0,52331000.0,24856000.0,34760000.0,3919000.0,3664000.0
20220225,-657260.0,7784340.0,7193550.0,5876100.0,5809620.0,2310870.0,2549020.0,0.0,419110.0,32570000.0,30105000.0,24582000.0,24281000.0,9658000.0,10667000.0,0.0,1757000.0
20220228,-471560.0,4479130.0,4549450.0,3550410.0,3008530.0,1860080.0,2024010.0,88830.0,396460.0,19056000.0,19358000.0,15110000.0,12801000.0,7918000.0,8617000.0,379000.0,1687000.0
20220301,-232840.0,4102920.0,4569500.0,4023030.0,3323590.0,1516040.0,1458420.0,413900.0,704360.0,17403000.0,19373000.0,17049000.0,14084000.0,6431000.0,6191000.0,1762000.0,2997000.0
20220302,-815700.0,4145110.0,3230460.0,2696610.0,2795550.0,1342740.0,1561890.0,511500.0,1108050.0,17735000.0,13815000.0,11541000.0,11963000.0,5750000.0,6693000.0,2192000.0,4748000.0
20220303,-1041890.0,5974160.0,4558570.0,3792040.0,4165740.0,1572960.0,1860100.0,288280.0,1043030.0,25902000.0,19740000.0,16431000.0,18074000.0,6819000.0,8098000.0,1260000.0,4499000.0
20220304,-905670.0,4984940.0,4228520.0,3015920.0,2866680.0,1356360.0,1787380.0,378220.0,852870.0,21936000.0,18598000.0,13281000.0,12617000.0,5963000.0,7861000.0,1656000.0,3760000.0
20220307,-199720.0,4151280.0,4274220.0,3532300.0,3209660.0,1482650.0,1637470.0,262280.0,307180.0,18611000.0,19153000.0,15826000.0,14385000.0,6649000.0,7341000.0,1173000.0,1380000.0
20220308,-1938000.0,14781540.0,12917730.0,11314990.0,11240800.0,4213170.0,5112310.0,388210.0,1427070.0,70754000.0,61609000.0,54042000.0,53883000.0,20191000.0,24457000.0,1868000.0,6906000.0
20220309,-2234280.0,14290140.0,13094350.0,10688880.0,9650390.0,4627490.0,5775440.0,595390.0,1681720.0,73512000.0,67624000.0,55064000.0,49615000.0,23902000.0,29641000.0,3074000.0,8673000.0
20220310,-153770.0,12602730.0,13070820.0,9040000.0,8418140.0,3664960.0,4137950.0,1255610.0,936390.0,63227000.0,65533000.0,45298000.0,42188000.0,18335000.0,20732000.0,6308000.0,4716000.0
20220311,-859310.0,9635480.0,8377830.0,6230940.0,6629280.0,3594200.0,4030520.0,734220.0,1157210.0,48841000.0,42385000.0,31484000.0,33504000.0,18133000.0,20392000.0,3709000.0,5886000.0
20220314,-1273270.0,8056090.0,6974160.0,4623520.0,4432180.0,1980060.0,1844610.0,124660.0,1533380.0,41882000.0,36240000.0,24015000.0,23042000.0,10285000.0,9591000.0,653000.0,7961000.0
20220315,-995770.0,10086520.0,9717840.0,7524360.0,6897260.0,3309470.0,4197290.0,628430.0,736380.0,53833000.0,51863000.0,40221000.0,36829000.0,17684000.0,22520000.0,3388000.0,3913000.0
20220316,145570.0,10507700.0,9803470.0,7788630.0,8638430.0,3933030.0,3210540.0,721780.0,1298700.0,58260000.0,54189000.0,42987000.0,47800000.0,21691000.0,17732000.0,3928000.0,7145000.0
20220317,1874790.0,10578200.0,11771490.0,10954960.0,11636460.0,6061460.0,4547050.0,943530.0,583150.0,54851000.0,61013000.0,56829000.0,60287000.0,31399000.0,23592000.0,4821000.0,3007000.0
20220318,-453210.0,6863180.0,6304670.0,4303440.0,4408740.0,1716550.0,2062480.0,496540.0,603820.0,35855000.0,32904000.0,22463000.0,23033000.0,8968000.0,10781000.0,2602000.0,3171000.0
20220321,1005770.0,6326980.0,7128200.0,4682480.0,4887040.0,2906100.0,2216950.0,591160.0,274540.0,32264000.0,36298000.0,23868000.0,24875000.0,14753000.0,11302000.0,2990000.0,1400000.0
20220322,-538760.0,3940920.0,3903650.0,3105180.0,2603680.0,1076770.0,1187350.0,0.0,428180.0,20303000.0,20100000.0,15997000.0,13411000.0,5544000.0,6118000.0,0.0,2214000.0
20220323,474930.0,4044080.0,4666410.0,3407290.0,3259890.0,1634120.0,1316490.0,157300.0,0.0,20654000.0,23798000.0,17379000.0,16636000.0,8321000.0,6720000.0,800000.0,0.0
20220324,-572910.0,4527220.0,3679560.0,2825110.0,3099880.0,1248270.0,1794930.0,0.0,26250.0,23460000.0,19062000.0,14643000.0,16064000.0,6471000.0,9312000.0,0.0,136000.0
20220325,389430.0,5630240.0,6047930.0,4813930.0,4785670.0,1300850.0,911420.0,0.0,0.0,28962000.0,31143000.0,24744000.0,24563000.0,6683000.0,4683000.0,0.0,0.0
20220328,-326400.0,8486790.0,11403650.0,10150350.0,6907100.0,2117100.0,1995050.0,89160.0,537610.0,43588000.0,58438000.0,51999000.0,35441000.0,10780000.0,10220000.0,452000.0,2721000.0
20220329,629220.0,7537360.0,8555380.0,5697350.0,5308550.0,3176800.0,2614140.0,448740.0,382180.0,37790000.0,42860000.0,28508000.0,26569000.0,15873000.0,13061000.0,2259000.0,1940000.0
20220330,-641950.0,8970930.0,8149610.0,8010400.0,8189760.0,2468650.0,3738700.0,660170.0,32070.0,43305000.0,39326000.0,38637000.0,39468000.0,11898000.0,18039000.0,3149000.0,156000.0
20220331,-2140150.0,6880900.0,5868260.0,5988200.0,4860700.0,2826330.0,2647960.0,347730.0,2666250.0,33790000.0,28785000.0,29415000.0,23870000.0,13894000.0,13022000.0,1722000.0,13145000.0
20220401,-1923330.0,4471690.0,3143940.0,4341890.0,3746310.0,1448740.0,1449880.0,484140.0,2406330.0,22138000.0,15565000.0,21489000.0,18528000.0,7168000.0,7178000.0,2401000.0,11925000.0
20220406,-806670.0,5660590.0,4207280.0,3864730.0,4511380.0,1445990.0,1766480.0,406700.0,892880.0,28051000.0,20793000.0,19130000.0,22386000.0,7164000.0,8747000.0,2032000.0,4452000.0
20220407,-7980770.0,10382360.0,4602340.0,6813750.0,4613000.0,2963160.0,10166040.0,814730.0,1592620.0,53780000.0,23858000.0,35298000.0,23923000.0,15377000.0,52525000.0,4204000.0,8354000.0
20220408,-10874910.0,12114330.0,5461540.0,9746670.0,5524560.0,3389520.0,10043440.0,1790920.0,6011910.0,67082000.0,30151000.0,53997000.0,30526000.0,18754000.0,55637000.0,10050000.0,33568000.0
20220411,-7014820.0,10709740.0,5480840.0,7028110.0,5242190.0,2208180.0,5261400.0,816540.0,4778140.0,63260000.0,32251000.0,41527000.0,30878000.0,13057000.0,31223000.0,4827000.0,28319000.0
20220412,-6151060.0,10812690.0,5914370.0,7303230.0,6050500.0,3411440.0,3607490.0,548850.0,6503860.0,66029000.0,35956000.0,44565000.0,36871000.0,20800000.0,22183000.0,3395000.0,39779000.0
20220413,-7502140.0,11355610.0,6778580.0,9231560.0,6306460.0,4635920.0,4426080.0,1212610.0,8924590.0,70125000.0,41682000.0,56930000.0,38869000.0,28592000.0,27372000.0,7516000.0,55239000.0
20220414,-6341330.0,9575330.0,5277530.0,7547440.0,5503920.0,3923200.0,3276630.0,408610.0,7396510.0,60898000.0,33501000.0,47974000.0,34938000.0,24912000.0,20832000.0,2607000.0,47120000.0
20220415,-4215010.0,8963090.0,5418930.0,5868940.0,5198100.0,2366890.0,2838380.0,104380.0,3847900.0,58887000.0,35538000.0,38552000.0,34093000.0,15531000.0,18652000.0,689000.0,25376000.0
20220418,683500.0,5523120.0,6448830.0,4311430.0,4069220.0,2887220.0,2202240.0,1103290.0,1104770.0,35698000.0,41580000.0,27892000.0,26287000.0,18503000.0,14210000.0,7019000.0,7034000.0
20220419,-863180.0,6522910.0,6407390.0,6059370.0,5311700.0,1073860.0,1938290.0,104030.0,102780.0,40797000.0,40038000.0,37849000.0,33163000.0,6711000.0,12147000.0,640000.0,650000.0
20220420,322280.0,6621420.0,9431950.0,7594990.0,5106740.0,1608530.0,1428110.0,141860.0,0.0,41301000.0,58830000.0,47326000.0,31817000.0,10054000.0,8922000.0,887000.0,0.0
20220421,-389090.0,10317340.0,9168490.0,4434070.0,5193830.0,2224170.0,2762510.0,149250.0,0.0,67589000.0,59958000.0,29057000.0,34094000.0,14632000.0,18219000.0,993000.0,0.0
20220422,-1942160.0,9487070.0,7575270.0,4864970.0,4834620.0,1673960.0,3192970.0,146300.0,569450.0,65315000.0,52090000.0,33492000.0,33247000.0,11514000.0,22041000.0,1000000.0,3943000.0
20220425,-478490.0,11372450.0,10205720.0,5194440.0,5882680.0,1880060.0,2437540.0,367290.0,288300.0,84232000.0,75609000.0,38619000.0,43639000.0,13896000.0,18089000.0,2782000.0,2192000.0
20220426,-236500.0,10092200.0,10314060.0,5756080.0,5297710.0,1915480.0,1773370.0,0.0,378610.0,78420000.0,79922000.0,44673000.0,41227000.0,14932000.0,13876000.0,0.0,3000000.0
20220427,542000.0,9147750.0,10061560.0,5230760.0,4858940.0,2268140.0,1336400.0,135400.0,525140.0,70827000.0,77909000.0,40513000.0,37578000.0,17685000.0,10377000.0,1099000.0,4260000.0
20220428,-736510.0,8637840.0,8550110.0,4419840.0,3771060.0,882260.0,1504560.0,0.0,114210.0,63818000.0,63154000.0,32701000.0,27887000.0,6534000.0,11166000.0,0.0,846000.0
20220429,574970.0,14746310.0,13537310.0,9384840.0,11168800.0,3839730.0,4055600.0,1755960.0,965120.0,101902000.0,93558000.0,64770000.0,76933000.0,26480000.0,27865000.0,11904000.0,6700000.0
20220505,810950.0,11787130.0,13397650.0,8764910.0,7965350.0,5295060.0,4373730.0,195930.0,306310.0,76855000.0,87260000.0,57184000.0,52038000.0,34518000.0,28537000.0,1270000.0,1993000.0
20220506,-74630.0,6602030.0,5936150.0,3709110.0,4300360.0,1129460.0,1203290.0,101750.0,102550.0,44403000.0,39932000.0,24969000.0,28958000.0,7623000.0,8102000.0,684000.0,687000.0
20220509,-576370.0,5294400.0,4002050.0,2651510.0,3367490.0,622840.0,1199210.0,0.0,0.0,35321000.0,26700000.0,17685000.0,22473000.0,4155000.0,7988000.0,0.0,0.0
20220510,595270.0,6001350.0,7004290.0,5307200.0,4899520.0,1910040.0,1318000.0,3230.0,0.0,39415000.0,45955000.0,34783000.0,32142000.0,12515000.0,8637000.0,21000.0,0.0
20220511,24980.0,9318610.0,8770710.0,6479720.0,7052600.0,3302910.0,3614700.0,336770.0,0.0,59302000.0,55819000.0,41233000.0,44855000.0,21027000.0,23035000.0,2147000.0,0.0
20220512,135360.0,6462020.0,5612240.0,4324560.0,5309690.0,2041950.0,1730940.0,225710.0,401360.0,41513000.0,36036000.0,27779000.0,34131000.0,13114000.0,11118000.0,1459000.0,2580000.0
20220513,-4286550.0,7411360.0,4649740.0,4725660.0,3200720.0,1701910.0,3859950.0,390890.0,2519400.0,48271000.0,30202000.0,30768000.0,20805000.0,11117000.0,25244000.0,2546000.0,16450000.0
20220516,51070.0,7873000.0,6882830.0,3705100.0,4746350.0,1328910.0,1554730.0,714100.0,437210.0,50334000.0,43949000.0,23616000.0,30279000.0,8491000.0,9921000.0,4516000.0,2808000.0
20220517,277930.0,4584370.0,5227830.0,4210780.0,3845250.0,1312510.0,1251660.0,217080.0,0.0,29433000.0,33540000.0,26980000.0,24643000.0,8396000.0,8008000.0,1383000.0,0.0
20220518,-832380.0,4390190.0,3998730.0,3512160.0,3071240.0,1099150.0,2447750.0,516220.0,0.0,27777000.0,25285000.0,22216000.0,19428000.0,6956000.0,15491000.0,3256000.0,0.0
20220519,692540.0,4950010.0,5151350.0,3692980.0,4184180.0,2229570.0,1917470.0,632560.0,252120.0,31452000.0,32661000.0,23417000.0,26540000.0,14100000.0,12191000.0,4003000.0,1580000.0
20220520,570370.0,8916450.0,8899090.0,6492080.0,7079820.0,3140460.0,3102130.0,532040.0,0.0,54204000.0,54047000.0,39401000.0,43011000.0,19059000.0,18807000.0,3201000.0,0.0
20220523,-12290.0,6750770.0,6832050.0,4562360.0,4468790.0,1978560.0,1992760.0,141070.0,139160.0,40751000.0,41246000.0,27540000.0,26974000.0,11937000.0,12023000.0,850000.0,835000.0
20220524,-2505760.0,10630460.0,8045660.0,6371740.0,6450780.0,2001990.0,3821660.0,203420.0,889510.0,66185000.0,49966000.0,39651000.0,40193000.0,12497000.0,23861000.0,1279000.0,5591000.0
20220525,-59280.0,6021170.0,5702290.0,3632620.0,3892210.0,1744830.0,2090810.0,286700.0,0.0,38311000.0,36271000.0,23119000.0,24767000.0,11112000.0,13327000.0,1823000.0,0.0
20220526,-1339400.0,5706060.0,6576470.0,6356010.0,4146200.0,1899140.0,3050790.0,176580.0,364330.0,35740000.0,41039000.0,39710000.0,25935000.0,11834000.0,19114000.0,1093000.0,2290000.0
20220527,209600.0,5885200.0,6636770.0,4165760.0,3623790.0,1641660.0,1345020.0,260700.0,347740.0,36590000.0,41257000.0,25892000.0,22499000.0,10218000.0,8384000.0,1605000.0,2164000.0
20220530,-418280.0,5279620.0,5690740.0,3819540.0,2990150.0,1215580.0,1308190.0,156510.0,482180.0,32983000.0,35497000.0,23844000.0,18667000.0,7570000.0,8206000.0,973000.0,3000000.0
20220531,472820.0,10542930.0,9692420.0,6195560.0,7518890.0,2949020.0,2462020.0,1120720.0,1134900.0,63071000.0,58092000.0,37290000.0,45082000.0,17636000.0,14765000.0,6736000.0,6795000.0
20220601,958710.0,13680560.0,13229920.0,9705240.0,11114590.0,4339220.0,3558110.0,650070.0,472470.0,78054000.0,75419000.0,55386000.0,63442000.0,24753000.0,20342000.0,3728000.0,2720000.0
20220602,1198560.0,8145710.0,9671550.0,7006520.0,6679240.0,4317350.0,2926240.0,11510.0,204060.0,45931000.0,54538000.0,39641000.0,37650000.0,24232000.0,16518000.0,64000.0,1163000.0
20220606,4670.0,8736300.0,9070780.0,7783660.0,7453840.0,4576520.0,4664830.0,752480.0,659500.0,47973000.0,49793000.0,42755000.0,40948000.0,25093000.0,25605000.0,4130000.0,3605000.0
20220607,-2018590.0,8092220.0,6231450.0,5709600.0,5551770.0,1886580.0,3969510.0,254210.0,189870.0,45317000.0,34800000.0,31933000.0,31040000.0,10517000.0,22278000.0,1418000.0,1067000.0
20220608,-1229920.0,6790770.0,5248870.0,4508710.0,4820680.0,2003340.0,2493770.0,24290.0,763780.0,38638000.0,29791000.0,25613000.0,27363000.0,11354000.0,14201000.0,138000.0,4388000.0
20220609,-1050080.0,6414130.0,4969750.0,4223150.0,4617460.0,1349540.0,1951560.0,543350.0,991410.0,37063000.0,28668000.0,24398000.0,26632000.0,7817000.0,11284000.0,3093000.0,5787000.0
20220610,249580.0,5147810.0,5563620.0,5067310.0,4901070.0,2008640.0,1886200.0,489080.0,361940.0,29423000.0,31779000.0,28906000.0,27971000.0,11415000.0,10735000.0,2781000.0,2039000.0
20220613,2388420.0,16735240.0,19097680.0,15648900.0,15674880.0,7606860.0,7307220.0,6173160.0,4084380.0,87942000.0,100217000.0,82216000.0,82196000.0,39810000.0,38268000.0,32074000.0,21360000.0
20220614,-2272040.0,15581240.0,15485170.0,13010870.0,10834910.0,3912120.0,5368090.0,504190.0,1320260.0,85205000.0,84590000.0,71066000.0,59164000.0,21340000.0,29372000.0,2751000.0,7237000.0
20220615,-281490.0,11636620.0,13089530.0,12220500.0,10486110.0,4043530.0,3932610.0,415170.0,807580.0,62978000.0,70833000.0,66101000.0,56718000.0,21848000.0,21276000.0,2250000.0,4350000.0
20220616,1216730.0,8652970.0,10099050.0,8729310.0,8499960.0,4742350.0,3461670.0,611030.0,674980.0,46655000.0,54404000.0,47026000.0,45818000.0,25559000.0,18666000.0,3280000.0,3631000.0
20220617,-1833030.0,8611950.0,7860880.0,9257680.0,8175720.0,3303470.0,5117320.0,906780.0,925960.0,46700000.0,42527000.0,50086000.0,44251000.0,17849000.0,27720000.0,4872000.0,5009000.0
20220620,304360.0,11486390.0,11981680.0,12874900.0,12683970.0,6087370.0,5326900.0,739280.0,1195390.0,59961000.0,62449000.0,67163000.0,66176000.0,31702000.0,27814000.0,3827000.0,6214000.0
20220621,2721220.0,18832260.0,21654370.0,23659580.0,23558690.0,12694560.0,13419380.0,6504690.0,3058650.0,93968000.0,108082000.0,117978000.0,117247000.0,63121000.0,66548000.0,31997000.0,15187000.0
20220622,-479020.0,14078310.0,12982700.0,11951660.0,12568250.0,6087620.0,7762180.0,4514150.0,3318610.0,72017000.0,66327000.0,61021000.0,64193000.0,31031000.0,39592000.0,22916000.0,16873000.0
20220623,478000.0,15591830.0,15900000.0,16923850.0,17093680.0,11394440.0,10142100.0,1969680.0,2744020.0,78457000.0,79954000.0,85162000.0,85976000.0,57234000.0,50891000.0,9850000.0,13882000.0
20220624,3558600.0,12904770.0,15862400.0,16380430.0,16981400.0,11032560.0,9484350.0,3760170.0,1749780.0,62569000.0,76730000.0,79337000.0,82125000.0,53262000.0,45948000.0,18079000.0,8444000.0
20220627,8733000.0,16046990.0,21834880.0,22751050.0,25696160.0,17616470.0,21872210.0,27667240.0,14678500.0,71443000.0,96621000.0,101114000.0,113821000.0,78213000.0,96700000.0,120946000.0,64574000.0
20220628,-3954190.0,24581610.0,21508660.0,30184820.0,29303580.0,25833250.0,30626500.0,20843280.0,20004220.0,100868000.0,87896000.0,123801000.0,119975000.0,105969000.0,125537000.0,84247000.0,81475000.0
20220629,-16431030.0,56973280.0,43684170.0,61659930.0,58518000.0,47185210.0,47994400.0,17512910.0,33134750.0,222950000.0,171879000.0,241145000.0,229330000.0,184525000.0,187835000.0,67753000.0,127330000.0
20220630,1018420.0,28859990.0,29927790.0,35573520.0,35524130.0,31557470.0,28181810.0,7520230.0,9877470.0,115987000.0,120066000.0,142707000.0,142659000.0,126653000.0,113033000.0,30163000.0,39752000.0
20220701,3060100.0,29131570.0,28004990.0,35554880.0,39741560.0,30588580.0,28183110.0,10216030.0,9561400.0,114061000.0,109556000.0,139204000.0,155423000.0,119725000.0,110415000.0,40015000.0,37610000.0
20220704,-4373840.0,32026600.0,27923640.0,32549950.0,32279080.0,22108730.0,24310420.0,6639830.0,8811980.0,129877000.0,113057000.0,132004000.0,130803000.0,89646000.0,98696000.0,26787000.0,35758000.0
20220705,-14411030.0,41311940.0,26014530.0,34903500.0,35789870.0,19976990.0,26308910.0,3436780.0,11515890.0,175500000.0,110220000.0,148028000.0,151928000.0,84612000.0,111506000.0,14601000.0,49087000.0
20220706,-383140.0,26199760.0,26728650.0,34574760.0,33662730.0,20271760.0,21315890.0,4237140.0,3576150.0,110006000.0,112063000.0,145006000.0,141074000.0,84926000.0,89487000.0,17679000.0,14993000.0
20220707,-9665720.0,26733250.0,17559780.0,24734100.0,24241840.0,14501970.0,20064350.0,2880440.0,6983780.0,115248000.0,75544000.0,106553000.0,104376000.0,62486000.0,86458000.0,12392000.0,30300000.0
20220708,-2332910.0,26556680.0,26272300.0,29998380.0,27949850.0,17351590.0,20524200.0,6103300.0,5263600.0,110382000.0,108898000.0,124506000.0,116031000.0,71849000.0,85140000.0,25252000.0,21921000.0
20220711,-2900780.0,21596300.0,17108800.0,20758400.0,22345130.0,12285540.0,12716240.0,4223390.0,6693470.0,92334000.0,73042000.0,88578000.0,95221000.0,52326000.0,54285000.0,17911000.0,28602000.0
20220712,-7266350.0,21408480.0,12865750.0,15336030.0,16612420.0,8744090.0,12900480.0,1409050.0,4519010.0,94520000.0,56710000.0,67691000.0,73280000.0,38621000.0,57021000.0,6205000.0,20026000.0
20220713,-7237990.0,15092510.0,12299120.0,17723920.0,13279310.0,9054360.0,13385570.0,1107270.0,4014050.0,67784000.0,55055000.0,79484000.0,59583000.0,40620000.0,60184000.0,4958000.0,18024000.0
20220714,5309450.0,25122180.0,29803960.0,27961590.0,28589260.0,19734570.0,19059210.0,8057460.0,3423370.0,105294000.0,125055000.0,117520000.0,120146000.0,83083000.0,80122000.0,33778000.0,14351000.0
20220715,663830.0,20594140.0,18640200.0,20203670.0,22821430.0,13703000.0,12296470.0,3114030.0,3856730.0,86773000.0,78479000.0,85067000.0,96026000.0,57672000.0,51846000.0,13083000.0,16244000.0
20220718,1165120.0,16034370.0,18182450.0,17331970.0,16349000.0,10307590.0,9971840.0,3078080.0,2248710.0,69315000.0,78371000.0,74705000.0,70491000.0,44403000.0,43054000.0,13189000.0,9695000.0
20220719,7870270.0,28620980.0,36593460.0,34566840.0,34464630.0,29087310.0,21102550.0,5164290.0,5278780.0,121786000.0,154644000.0,146132000.0,145294000.0,121989000.0,88964000.0,21460000.0,22465000.0
20220720,2367120.0,36093380.0,38859590.0,48856330.0,48457250.0,30886100.0,30015870.0,10092450.0,8595560.0,141778000.0,152323000.0,191964000.0,190140000.0,120811000.0,117738000.0,39390000.0,33742000.0
20220721,3384830.0,31321550.0,30157840.0,34930910.0,39479450.0,26959770.0,26421020.0,7786980.0,4940900.0,120657000.0,115939000.0,134474000.0,151860000.0,103480000.0,101603000.0,29858000.0,19066000.0
20220722,-5907380.0,24665070.0,18443910.0,24974830.0,25288610.0,18184330.0,21462820.0,4426760.0,7055650.0,98085000.0,73077000.0,99178000.0,100338000.0,72114000.0,85351000.0,17445000.0,28057000.0
20220725,9247010.0,22883040.0,28632350.0,31793240.0,35290940.0,28155380.0,22111920.0,10918390.0,7714840.0,88971000.0,111029000.0,123601000.0,137182000.0,109277000.0,85740000.0,41977000.0,29875000.0
20220726,-2952050.0,19894060.0,17495580.0,22114640.0,21561060.0,15332600.0,16272810.0,4978670.0,6990510.0,77971000.0,68443000.0,86651000.0,84391000.0,60075000.0,63770000.0,19541000.0,27635000.0
20220727,8418800.0,25030500.0,30567700.0,37754890.0,40636490.0,33889610.0,28408390.0,10137420.0,7199840.0,93664000.0,114230000.0,141058000.0,151735000.0,126430000.0,106121000.0,37755000.0,26821000.0
20220728,-2831030.0,31870340.0,27425810.0,38999800.0,40613310.0,32402970.0,32731520.0,7576560.0,10079040.0,117391000.0,100855000.0,143500000.0,149421000.0,119203000.0,120440000.0,27800000.0,37178000.0
20220729,6506460.0,30444920.0,34244210.0,43066610.0,45773780.0,37611500.0,34858780.0,14667460.0,10913720.0,108319000.0,121595000.0,153274000.0,162787000.0,133693000.0,124091000.0,52077000.0,38890000.0
20220801,-3262170.0,39069470.0,35421830.0,46538550.0,46924020.0,36892860.0,39954490.0,14625680.0,14826220.0,135217000.0,122284000.0,161040000.0,162137000.0,127439000.0,138174000.0,50267000.0,51368000.0
20220802,-17892010.0,44619120.0,28946830.0,48250200.0,46030480.0,33938000.0,41482500.0,8531080.0,18878590.0,158697000.0,102750000.0,171711000.0,163446000.0,120625000.0,147692000.0,30276000.0,67422000.0
20220803,-13617610.0,46324460.0,30135510.0,47337770.0,49909130.0,35404950.0,40804410.0,8435290.0,16653440.0,173138000.0,111906000.0,176348000.0,185154000.0,131374000.0,152196000.0,31054000.0,62658000.0
20220804,-137100.0,30055850.0,27535870.0,35074800.0,37457690.0,24731590.0,24793790.0,6525120.0,6600020.0,118080000.0,107668000.0,137451000.0,146872000.0,96800000.0,97202000.0,25475000.0,26063000.0
20220805,-11318940.0,38786620.0,28741420.0,40159770.0,38886020.0,26941920.0,32401030.0,7295010.0,13154840.0,154873000.0,115022000.0,160379000.0,155427000.0,107572000.0,129118000.0,29182000.0,52440000.0
20220808,-5103260.0,21651150.0,16403070.0,25446060.0,25590890.0,14767140.0,19997310.0,3835890.0,3708980.0,86945000.0,65744000.0,102059000.0,102666000.0,59188000.0,80281000.0,15386000.0,14886000.0
20220809,-4799290.0,19911730.0,20412200.0,29416270.0,24116490.0,17411860.0,19867690.0,2108750.0,4452210.0,79414000.0,81247000.0,117172000.0,96054000.0,69357000.0,79271000.0,8394000.0,17765000.0
20220810,956520.0,27015770.0,27539470.0,35226780.0,35659610.0,26247400.0,24079650.0,6232170.0,7443400.0,106525000.0,108240000.0,138676000.0,140453000.0,103202000.0,94815000.0,24425000.0,29321000.0
20220811,-5075430.0,22714890.0,17232280.0,23324160.0,23731340.0,15167000.0,19143690.0,4086060.0,5184800.0,88777000.0,67277000.0,91116000.0,92684000.0,59245000.0,74818000.0,15930000.0,20289000.0
20220812,-4362870.0,23544300.0,19412510.0,27074380.0,26843290.0,19043980.0,22970750.0,6785370.0,7221470.0,90332000.0,74334000.0,103719000.0,102877000.0,72949000.0,88078000.0,25989000.0,27699000.0
20220815,-1113140.0,18500780.0,17909340.0,23149010.0,22627310.0,14256840.0,16031320.0,3703220.0,3041880.0,72825000.0,70207000.0,90956000.0,88893000.0,55997000.0,63077000.0,14442000.0,12044000.0
20220816,-1385620.0,17475020.0,15089660.0,19648720.0,20648460.0,15736560.0,15797360.0,5487840.0,6812660.0,67978000.0,58593000.0,76353000.0,80251000.0,61091000.0,61374000.0,21270000.0,26475000.0
20220817,-21005030.0,44432860.0,18278240.0,37437130.0,42586710.0,23724510.0,37607190.0,5613650.0,12736000.0,179920000.0,73877000.0,151448000.0,172286000.0,96295000.0,152422000.0,22661000.0,51738000.0
20220818,-4464170.0,28712770.0,23736660.0,28116200.0,28628140.0,18380670.0,20397000.0,2155960.0,4603800.0,119612000.0,98761000.0,117070000.0,119237000.0,76508000.0,84997000.0,8981000.0,19177000.0
20220819,-20060140.0,36500020.0,18678990.0,31766800.0,29527680.0,19063060.0,29843200.0,8227040.0,17507040.0,158069000.0,80839000.0,137589000.0,127772000.0,82544000.0,129260000.0,35640000.0,75971000.0
20220822,-3484440.0,20116220.0,15206060.0,18526910.0,19952620.0,12420530.0,14065510.0,2806310.0,4645770.0,90283000.0,68244000.0,83171000.0,89518000.0,55723000.0,63176000.0,12623000.0,20863000.0
20220823,-3517800.0,18122600.0,14972440.0,16270180.0,15902550.0,10598110.0,10846290.0,2690200.0,5959820.0,81699000.0,67390000.0,73215000.0,71596000.0,47688000.0,48815000.0,12095000.0,26897000.0
20220824,-7152360.0,27589590.0,13728920.0,21178590.0,27886890.0,13333460.0,19494850.0,3864650.0,4855620.0,129622000.0,64337000.0,99362000.0,131224000.0,62605000.0,91417000.0,18143000.0,22754000.0
20220825,-5500700.0,15741440.0,11276270.0,14221040.0,13185510.0,6019450.0,9974060.0,1469990.0,3016080.0,76340000.0,54643000.0,69039000.0,63937000.0,29196000.0,48413000.0,7096000.0,14679000.0
20220826,-2563030.0,12694870.0,11034350.0,11838670.0,10936160.0,6116120.0,7638430.0,799550.0,1840270.0,61574000.0,53437000.0,57391000.0,52970000.0,29585000.0,37097000.0,3896000.0,8942000.0
20220829,2382890.0,9665480.0,11007950.0,9374920.0,10415350.0,7346910.0,5117870.0,1065250.0,911400.0,47257000.0,53775000.0,45836000.0,50962000.0,35949000.0,25049000.0,5211000.0,4467000.0
20220830,-412050.0,7802540.0,8009590.0,7911450.0,7292340.0,4734090.0,4892910.0,1118610.0,1371840.0,38250000.0,39243000.0,38762000.0,35730000.0,23227000.0,24011000.0,5478000.0,6733000.0
20220831,-5256670.0,31476910.0,22058980.0,23786740.0,27947990.0,10777330.0,14491160.0,672020.0,2214860.0,164104000.0,115000000.0,123658000.0,145316000.0,55989000.0,75412000.0,3480000.0,11502000.0
20220901,-955950.0,14573300.0,12253190.0,12093730.0,13457890.0,6578350.0,7564670.0,451300.0,420930.0,77920000.0,65448000.0,64616000.0,71934000.0,35202000.0,40515000.0,2417000.0,2258000.0
20220902,742060.0,10074790.0,10537950.0,9122740.0,9401640.0,4388050.0,4477540.0,1113940.0,282390.0,53786000.0,56233000.0,48691000.0,50165000.0,23412000.0,23923000.0,5942000.0,1510000.0
20220905,-2287920.0,12129940.0,8934640.0,8988570.0,9895950.0,4208640.0,5925000.0,413250.0,984810.0,65553000.0,48250000.0,48555000.0,53455000.0,22744000.0,32038000.0,2233000.0,5341000.0
20220906,3406290.0,17146690.0,20053270.0,16346020.0,16845730.0,8521100.0,6825640.0,3708360.0,1997530.0,90701000.0,106069000.0,86631000.0,89272000.0,45085000.0,36127000.0,19584000.0,10533000.0
20220907,4985000.0,21414480.0,27288030.0,26876480.0,25987930.0,18708450.0,13677280.0,4745960.0,4792130.0,107811000.0,137180000.0,135219000.0,130656000.0,93909000.0,68818000.0,23817000.0,24101000.0
20220908,-23970.0,15489160.0,15645540.0,16772660.0,16592300.0,10622790.0,10297920.0,2022080.0,2370920.0,77120000.0,77864000.0,83430000.0,82509000.0,52815000.0,51243000.0,10036000.0,11785000.0
20220909,499900.0,10830560.0,11272640.0,11836540.0,11894360.0,6814070.0,6139690.0,979920.0,1154400.0,54159000.0,56294000.0,59122000.0,59383000.0,33981000.0,30702000.0,4900000.0,5783000.0
20220913,-455080.0,9600130.0,9186100.0,11188420.0,11147370.0,6866460.0,7698580.0,1755660.0,1378620.0,47285000.0,45192000.0,55061000.0,54843000.0,33772000.0,37906000.0,8619000.0,6796000.0
20220914,-4693100.0,14840790.0,9074520.0,10838260.0,11911420.0,5032780.0,8127610.0,951040.0,2549310.0,74774000.0,45675000.0,54546000.0,59966000.0,25324000.0,40929000.0,4786000.0,12859000.0
20220915,-8018760.0,18289890.0,10855720.0,14728900.0,14144300.0,5045730.0,10596450.0,1116640.0,3584680.0,95143000.0,56451000.0,76614000.0,73549000.0,26193000.0,55071000.0,5839000.0,18717000.0
20220916,-1914200.0,8677750.0,10416000.0,12669350.0,9016890.0,2987670.0,4584660.0,753740.0,1070950.0,45452000.0,54455000.0,66245000.0,47163000.0,15664000.0,24065000.0,3973000.0,5650000.0
20220919,1617870.0,11708390.0,12325980.0,9944580.0,10944870.0,6738400.0,5018700.0,348350.0,450180.0,61180000.0,64311000.0,51902000.0,57183000.0,35162000.0,26200000.0,1825000.0,2374000.0
20220920,2064980.0,11195670.0,14097720.0,12203970.0,11366900.0,7244500.0,6350540.0,1775190.0,604170.0,57914000.0,72829000.0,63035000.0,58737000.0,37452000.0,32847000.0,9133000.0,3120000.0
20220921,45480.0,8588130.0,9665240.0,9316670.0,8285050.0,3765160.0,3783540.0,1040510.0,976650.0,44632000.0,50198000.0,48406000.0,43061000.0,19565000.0,19670000.0,5396000.0,5070000.0
20220922,1349790.0,13054400.0,15279270.0,14440400.0,13565320.0,8146210.0,6496210.0,2054580.0,2354790.0,66402000.0,77603000.0,73382000.0,68981000.0,41308000.0,33023000.0,10432000.0,11916000.0
20220923,3637860.0,20352740.0,23572400.0,24281780.0,24699980.0,14661360.0,12646340.0,3722900.0,2100060.0,101060000.0,116884000.0,120393000.0,122371000.0,72449000.0,62573000.0,18316000.0,10390000.0
20220926,-1570200.0,16090320.0,14159020.0,17647670.0,18008770.0,9058180.0,10220630.0,1707820.0,2115570.0,78484000.0,68954000.0,86009000.0,87757000.0,44086000.0,49788000.0,8253000.0,10334000.0
20220927,-1847640.0,14991780.0,13205790.0,17229370.0,17167710.0,10776430.0,11412940.0,2295290.0,3506420.0,72624000.0,63825000.0,83443000.0,83068000.0,52127000.0,55230000.0,11102000.0,17174000.0
20220928,-6479470.0,14317850.0,9508680.0,14169770.0,12499470.0,5814800.0,10790250.0,1145650.0,2649670.0,71180000.0,47215000.0,70381000.0,62113000.0,28978000.0,53672000.0,5669000.0,13208000.0
20220929,-216680.0,9717170.0,9363150.0,10324820.0,10462160.0,5792420.0,5967050.0,1358550.0,1400600.0,48829000.0,46986000.0,51828000.0,52512000.0,29065000.0,29982000.0,6808000.0,7051000.0
20220930,-3987140.0,13563760.0,8446110.0,11743840.0,12874350.0,4760580.0,7019340.0,573660.0,2302040.0,70621000.0,43892000.0,61123000.0,66977000.0,24798000.0,36549000.0,2925000.0,12050000.0
20221010,-5954750.0,15836710.0,9699380.0,13802260.0,13984850.0,5614860.0,10725340.0,1178630.0,2022900.0,90727000.0,55412000.0,78913000.0,79864000.0,32283000.0,61691000.0,6757000.0,11713000.0
20221011,-1161570.0,10949530.0,10803040.0,10528400.0,9513310.0,4273640.0,4784630.0,748720.0,1399300.0,64570000.0,63668000.0,62124000.0,56127000.0,25311000.0,28267000.0,4416000.0,8359000.0
20221012,451330.0,14262470.0,14380800.0,13633290.0,13966290.0,6810640.0,5438060.0,891480.0,1812730.0,80492000.0,80801000.0,76621000.0,78641000.0,38020000.0,30560000.0,4999000.0,10130000.0
20221013,-803470.0,13052280.0,10722010.0,10024580.0,11551370.0,5011570.0,5392630.0,861160.0,1283570.0,69500000.0,57038000.0,53331000.0,61475000.0,26635000.0,28736000.0,4589000.0,6805000.0
20221014,324870.0,14023870.0,12569360.0,11717740.0,13497120.0,6643990.0,5734260.0,1304970.0,1889830.0,74189000.0,66470000.0,61892000.0,71329000.0,35067000.0,30287000.0,6868000.0,9930000.0
20221017,2405190.0,14985970.0,17165270.0,17471610.0,17697500.0,9687200.0,9121430.0,2668280.0,828860.0,76120000.0,87028000.0,88622000.0,89751000.0,48993000.0,46252000.0,13507000.0,4212000.0
20221018,-2961230.0,14955450.0,14291750.0,17759200.0,15461650.0,8099130.0,10048750.0,1146730.0,2158340.0,74349000.0,71022000.0,88282000.0,76814000.0,40217000.0,49958000.0,5673000.0,10728000.0
20221019,-2564950.0,11432800.0,12350740.0,18391640.0,14908750.0,7452530.0,9185300.0,932220.0,1764400.0,56136000.0,60562000.0,90268000.0,73138000.0,36512000.0,45097000.0,4563000.0,8682000.0
20221020,-2041100.0,12535220.0,14874050.0,20112730.0,15732810.0,8469310.0,10994610.0,2310080.0,1825880.0,61621000.0,72958000.0,98705000.0,77241000.0,41485000.0,53907000.0,11306000.0,9011000.0
20221021,44200.0,10292290.0,13819840.0,17878510.0,14395160.0,9455540.0,8202210.0,1650790.0,2859920.0,49407000.0,66255000.0,85756000.0,69069000.0,45354000.0,39357000.0,7920000.0,13756000.0
20221024,-7351200.0,15888610.0,10846910.0,17484360.0,15174880.0,6164080.0,11256750.0,1079800.0,3338330.0,76615000.0,52175000.0,84157000.0,73123000.0,29706000.0,54250000.0,5200000.0,16130000.0
20221025,1980640.0,14497110.0,15008110.0,15072320.0,16541960.0,10005060.0,9490350.0,2752280.0,1286350.0,70149000.0,72372000.0,72744000.0,79888000.0,48209000.0,45871000.0,13269000.0,6240000.0
20221026,-2067540.0,14104500.0,13011950.0,15240240.0,14265240.0,8129960.0,9177410.0,1015370.0,2035460.0,68131000.0,62796000.0,73578000.0,68852000.0,39220000.0,44309000.0,4878000.0,9850000.0
20221027,-2590040.0,15241290.0,13437630.0,17512310.0,16725940.0,10943680.0,13165400.0,2228210.0,2596530.0,72451000.0,63711000.0,83109000.0,79340000.0,51847000.0,62569000.0,10478000.0,12264000.0
20221028,-6125920.0,14025730.0,9111010.0,14035940.0,12824740.0,4360350.0,9252350.0,233810.0,1467730.0,69140000.0,44836000.0,69235000.0,63160000.0,21459000.0,45732000.0,1150000.0,7256000.0
20221031,-2958690.0,15594190.0,11943540.0,12849880.0,13541850.0,4521930.0,7123440.0,709400.0,1066580.0,79292000.0,60602000.0,65317000.0,68796000.0,22948000.0,36284000.0,3601000.0,5476000.0
20221101,1918920.0,11647470.0,13610590.0,12310210.0,12266000.0,8442390.0,9150320.0,2960470.0,333620.0,57498000.0,67130000.0,60699000.0,60505000.0,41567000.0,45048000.0,14543000.0,1623000.0
20221102,2582690.0,11696210.0,13812820.0,13460380.0,13926460.0,10389230.0,9636510.0,3375560.0,1545590.0,55678000.0,65728000.0,64054000.0,66247000.0,49386000.0,45807000.0,15993000.0,7329000.0
20221103,-2550080.0,11640160.0,8677010.0,9591530.0,10004590.0,4848510.0,6662220.0,797990.0,1534360.0,55551000.0,41381000.0,45746000.0,47718000.0,23143000.0,31814000.0,3806000.0,7333000.0
20221104,1205310.0,12288450.0,12613090.0,14241210.0,15121890.0,10045440.0,8772150.0,2192120.0,2260100.0,57967000.0,59424000.0,67154000.0,71283000.0,47319000.0,41344000.0,10303000.0,10693000.0
20221107,-3641700.0,14302600.0,10535410.0,11728850.0,11854340.0,6394290.0,8985030.0,1094230.0,2145190.0,68474000.0,50438000.0,56119000.0,56703000.0,30572000.0,43002000.0,5244000.0,10266000.0
20221108,1473420.0,8385310.0,9729860.0,8430790.0,8559660.0,5851250.0,4640930.0,1064180.0,801080.0,40503000.0,46934000.0,40685000.0,41293000.0,28179000.0,22403000.0,5139000.0,3876000.0
20221109,1793930.0,9562640.0,13081190.0,13252550.0,11527940.0,8836150.0,8036830.0,1785290.0,790680.0,45697000.0,62323000.0,63098000.0,54964000.0,42009000.0,38316000.0,8559000.0,3761000.0
20221110,-3277070.0,14069160.0,11534300.0,12713950.0,11971730.0,6598450.0,9031640.0,1308550.0,2152430.0,68935000.0,56438000.0,62250000.0,58658000.0,32335000.0,44289000.0,6436000.0,10570000.0
20221111,1729440.0,13651450.0,13737650.0,14410380.0,16053630.0,9927360.0,9713080.0,3621020.0,2105860.0,65308000.0,65671000.0,68917000.0,76757000.0,47444000.0,46443000.0,17287000.0,10085000.0
20221114,-2520040.0,13605610.0,11392810.0,12882130.0,12574890.0,5956820.0,7587510.0,952970.0,1842320.0,67206000.0,56217000.0,63645000.0,62158000.0,29422000.0,37520000.0,4750000.0,9130000.0
20221115,1510080.0,13576030.0,15786070.0,17163460.0,16463500.0,11474530.0,10793030.0,3449440.0,2620860.0,65449000.0,76036000.0,82730000.0,79270000.0,55162000.0,51966000.0,16463000.0,12535000.0
20221116,11220.0,13448850.0,11714120.0,11181750.0,12927700.0,7425400.0,6576090.0,1252490.0,2090580.0,64108000.0,55718000.0,53220000.0,61535000.0,35296000.0,31328000.0,5953000.0,9996000.0
20221117,276670.0,9357570.0,11438450.0,11975220.0,10171010.0,6708820.0,6001660.0,478510.0,909000.0,45598000.0,55589000.0,58210000.0,49476000.0,32558000.0,29207000.0,2351000.0,4445000.0
20221118,23857490.0,24525120.0,39637430.0,38475040.0,47220230.0,37031500.0,37294530.0,38521950.0,14401430.0,109402000.0,176107000.0,171670000.0,209306000.0,163935000.0,164831000.0,168203000.0,62966000.0
20221121,-4769100.0,26601540.0,24154340.0,28717830.0,26395930.0,20493280.0,21213000.0,5537160.0,9586540.0,119092000.0,107855000.0,128305000.0,117863000.0,91484000.0,94904000.0,24774000.0,43033000.0
20221122,-5242570.0,18216840.0,13779530.0,18389720.0,17584450.0,11095920.0,11778230.0,2275460.0,6835720.0,81630000.0,61615000.0,82248000.0,78685000.0,49699000.0,52775000.0,10168000.0,30670000.0
20221123,-1571770.0,11941490.0,10758780.0,13495950.0,13106890.0,8029630.0,8947390.0,615170.0,1269180.0,55003000.0,49425000.0,62097000.0,60349000.0,36952000.0,41247000.0,2837000.0,5868000.0
20221124,426860.0,9575460.0,10808170.0,13102470.0,12296620.0,6191560.0,6754880.0,1092710.0,102530.0,43476000.0,49045000.0,59416000.0,55766000.0,28093000.0,30657000.0,4945000.0,461000.0
20221125,-1232060.0,8400440.0,7552910.0,10816380.0,10431850.0,5603320.0,5388080.0,1061390.0,2508690.0,38930000.0,34925000.0,50070000.0,48276000.0,25937000.0,24977000.0,4885000.0,11644000.0
20221128,2041590.0,13051490.0,14663150.0,16333750.0,16763690.0,11424450.0,9706520.0,1853930.0,1530270.0,60039000.0,67028000.0,74863000.0,76823000.0,51990000.0,44513000.0,8399000.0,6928000.0
20221129,78150.0,13524660.0,13716760.0,18032010.0,17918060.0,13269450.0,12338810.0,2722630.0,3575120.0,59855000.0,60665000.0,79770000.0,79231000.0,58642000.0,54586000.0,12005000.0,15789000.0
20221130,-1603890.0,12980270.0,10911840.0,15044650.0,15509190.0,10762620.0,11646650.0,1795020.0,2514880.0,57466000.0,48235000.0,66528000.0,68608000.0,47565000.0,51499000.0,7902000.0,11119000.0
20221201,568890.0,15021850.0,16571890.0,21586490.0,20605340.0,14419480.0,14478620.0,3807880.0,3179850.0,65186000.0,71780000.0,93639000.0,89354000.0,62428000.0,62843000.0,16503000.0,13778000.0
20221202,14499570.0,17627280.0,26090160.0,25411900.0,31448580.0,32890370.0,20525860.0,5277270.0,3142210.0,74146000.0,109592000.0,107003000.0,132233000.0,138070000.0,86257000.0,22122000.0,13259000.0
20221205,-4961700.0,15754520.0,11529830.0,17439120.0,16702110.0,11323670.0,13486380.0,523220.0,3322210.0,66691000.0,48768000.0,73784000.0,70640000.0,47894000.0,57072000.0,2204000.0,14093000.0
20221206,-2404720.0,14419710.0,10531660.0,14575090.0,16058410.0,9125090.0,10099780.0,996010.0,2426040.0,61909000.0,45124000.0,62530000.0,68875000.0,39165000.0,43386000.0,4279000.0,10498000.0
20221207,-1646520.0,11011170.0,9413320.0,12591120.0,12542440.0,8114900.0,8801120.0,1275500.0,2235800.0,47141000.0,40206000.0,53857000.0,53607000.0,34686000.0,37645000.0,5417000.0,9643000.0
20221208,-3216990.0,10958420.0,6738870.0,11200590.0,12203160.0,6714460.0,7612460.0,425210.0,2744200.0,47859000.0,29408000.0,48898000.0,53259000.0,29337000.0,33271000.0,1870000.0,12027000.0
20221209,210340.0,9552520.0,8756030.0,11723610.0,12730430.0,6896580.0,6619940.0,971420.0,1037720.0,41819000.0,38279000.0,51299000.0,55694000.0,30159000.0,28979000.0,4241000.0,4566000.0
20221212,3370620.0,10111670.0,12638420.0,14979240.0,15823120.0,12272350.0,11003790.0,3614570.0,1512510.0,43444000.0,54105000.0,64229000.0,67861000.0,52533000.0,47217000.0,15488000.0,6511000.0
20221213,-3301240.0,9558080.0,5984540.0,9392820.0,9665120.0,4274620.0,6557770.0,303220.0,1321310.0,41561000.0,26008000.0,40820000.0,42005000.0,18582000.0,28504000.0,1324000.0,5770000.0
20221214,-382640.0,7795830.0,6655290.0,9892930.0,10650830.0,5451610.0,5968400.0,1058360.0,924210.0,33803000.0,28778000.0,42859000.0,46123000.0,23609000.0,25901000.0,4541000.0,4010000.0
20221215,-3812080.0,11149040.0,7478350.0,11764800.0,11623410.0,6621310.0,9035430.0,1296200.0,2694160.0,49541000.0,33188000.0,52268000.0,51604000.0,29394000.0,40154000.0,5755000.0,12012000.0
20221216,-3942480.0,12468560.0,8623200.0,13910030.0,13812910.0,6870770.0,9867090.0,496110.0,1442270.0,57154000.0,39487000.0,63737000.0,63294000.0,31511000.0,45273000.0,2281000.0,6629000.0
20221219,-1263720.0,8086990.0,5990010.0,8177840.0,9011090.0,4354900.0,5276140.0,724240.0,1066720.0,37096000.0,27368000.0,37445000.0,41279000.0,19919000.0,24197000.0,3322000.0,4938000.0
20221220,1787470.0,8322080.0,9530550.0,10390150.0,10969170.0,7738400.0,7159130.0,1627910.0,419710.0,37821000.0,43288000.0,47181000.0,49816000.0,35112000.0,32496000.0,7377000.0,1890000.0
20221221,-3593700.0,8644550.0,5107890.0,8966680.0,8909630.0,4352180.0,6674140.0,532760.0,1804500.0,40282000.0,23799000.0,41802000.0,41517000.0,20327000.0,31149000.0,2479000.0,8426000.0
20221222,-2871050.0,7977820.0,5284170.0,8834240.0,8656840.0,4213120.0,6622930.0,924420.0,1385660.0,37995000.0,25115000.0,42042000.0,41184000.0,20072000.0,31569000.0,4383000.0,6625000.0
20221223,-3108090.0,7816790.0,4233770.0,6840360.0,7315300.0,3094380.0,4636380.0,1549500.0,3115590.0,38253000.0,20702000.0,33486000.0,35784000.0,15138000.0,22695000.0,7593000.0,15291000.0
20221226,-661750.0,9081040.0,8123620.0,7970580.0,8266240.0,4208720.0,4613950.0,1010870.0,1267390.0,43101000.0,38577000.0,37818000.0,39290000.0,20041000.0,21873000.0,4827000.0,6047000.0
20221227,1535490.0,6253720.0,6462530.0,6322220.0,7648900.0,4571070.0,3890710.0,1141450.0,286320.0,29101000.0,30066000.0,29409000.0,35602000.0,21255000.0,18102000.0,5335000.0,1330000.0
20221228,-523060.0,5858090.0,5647330.0,5303390.0,4991090.0,2477000.0,2625100.0,324960.0,699920.0,27442000.0,26435000.0,24842000.0,23369000.0,11588000.0,12295000.0,1515000.0,3288000.0
20221229,1736480.0,5864240.0,7380890.0,6722020.0,6941850.0,5054320.0,3742630.0,701050.0,276260.0,27106000.0,34079000.0,31063000.0,32073000.0,23311000.0,17279000.0,3231000.0,1279000.0
20221230,327090.0,6236440.0,6746570.0,6167090.0,5984050.0,3536370.0,3243230.0,365350.0,331400.0,28646000.0,30954000.0,28297000.0,27475000.0,16228000.0,14897000.0,1685000.0,1530000.0
20230103,4485710.0,8197230.0,12607580.0,11703970.0,11779350.0,10650400.0,8019140.0,2609890.0,755440.0,36786000.0,56487000.0,52489000.0,52754000.0,47675000.0,36046000.0,11732000.0,3395000.0
20230104,-1374910.0,9933360.0,8920310.0,10253190.0,9891330.0,7339550.0,8451390.0,2032480.0,2295550.0,43969000.0,39419000.0,45334000.0,43725000.0,32398000.0,37329000.0,8963000.0,10192000.0
20230105,-178660.0,9349830.0,9155830.0,10293930.0,10309280.0,7008670.0,8091670.0,2318390.0,1414050.0,40937000.0,40067000.0,45054000.0,45122000.0,30641000.0,35403000.0,10151000.0,6191000.0
20230106,-2363430.0,10733710.0,7166490.0,8765010.0,9968800.0,6178440.0,8119640.0,1512820.0,1935050.0,47084000.0,31406000.0,38452000.0,43711000.0,27078000.0,35585000.0,6590000.0,8502000.0
20230109,-4565440.0,12113710.0,7037660.0,8700940.0,9211560.0,4507210.0,6776880.0,319370.0,2615140.0,53515000.0,31031000.0,38387000.0,40657000.0,19897000.0,29935000.0,1420000.0,11596000.0
20230110,-1584640.0,7579980.0,5257000.0,6773660.0,7512000.0,3026040.0,4469530.0,474920.0,616070.0,33694000.0,23348000.0,30110000.0,33381000.0,13438000.0,19872000.0,2107000.0,2747000.0
20230111,-2570410.0,7589400.0,6099320.0,9357250.0,8276930.0,2789360.0,5026400.0,582170.0,915540.0,33798000.0,27118000.0,41606000.0,36814000.0,12416000.0,22391000.0,2571000.0,4069000.0
20230112,-612110.0,8115560.0,9401890.0,9726360.0,7827920.0,4852330.0,5116720.0,852720.0,1200440.0,35763000.0,41424000.0,42849000.0,34485000.0,21371000.0,22539000.0,3748000.0,5284000.0
20230113,-860310.0,9933350.0,11722910.0,10563860.0,7913980.0,3670160.0,4750050.0,934380.0,714800.0,43875000.0,51770000.0,46604000.0,34911000.0,16218000.0,20960000.0,4112000.0,3168000.0
20230116,-792710.0,12188420.0,11551270.0,10650430.0,10494870.0,7474390.0,7469270.0,1520040.0,2317870.0,52789000.0,50008000.0,46137000.0,45432000.0,32368000.0,32371000.0,6568000.0,10052000.0
20230117,-87090.0,12442740.0,16138330.0,23075340.0,19292650.0,9509520.0,9884330.0,2159690.0,1871970.0,53181000.0,68851000.0,98361000.0,82254000.0,40554000.0,42197000.0,9193000.0,7987000.0
20230118,3591880.0,18117970.0,25451730.0,29949160.0,26207290.0,22650210.0,18781270.0,3357340.0,3634400.0,73378000.0,103124000.0,121127000.0,106212000.0,92035000.0,76095000.0,13596000.0,14705000.0
20230119,-2439350.0,15452240.0,12061980.0,11545680.0,12496590.0,8072610.0,8190710.0,2025870.0,4347120.0,61869000.0,48275000.0,46211000.0,50005000.0,32300000.0,32776000.0,8104000.0,17429000.0
20230120,-1178450.0,24834690.0,22056800.0,28306130.0,29905570.0,21762190.0,22249090.0,4918860.0,5610410.0,95181000.0,84415000.0,108412000.0,114355000.0,83066000.0,85093000.0,18623000.0,21420000.0
20230130,-3410830.0,23067030.0,22625410.0,23349220.0,20380020.0,13931310.0,16424470.0,3128700.0,4046370.0,89129000.0,87383000.0,90032000.0,78513000.0,53638000.0,63340000.0,12009000.0,15571000.0
20230131,-2735050.0,19748130.0,16070060.0,18582700.0,19525720.0,11733400.0,14415720.0,3305390.0,3358120.0,75398000.0,61298000.0,70922000.0,74531000.0,44680000.0,54949000.0,12582000.0,12804000.0
20230201,-1201740.0,15462810.0,15024800.0,17589580.0,16825850.0,10562410.0,10315420.0,1434140.0,2882870.0,59220000.0,57491000.0,67308000.0,64387000.0,40403000.0,39469000.0,5477000.0,11061000.0
20230202,-1724980.0,15443690.0,13112460.0,17057870.0,17664140.0,10265580.0,12449190.0,2936600.0,2477970.0,58293000.0,49367000.0,64274000.0,66561000.0,38634000.0,46912000.0,10958000.0,9320000.0
20230203,-808400.0,11915570.0,11030970.0,13530170.0,13606360.0,8505100.0,10400430.0,2776130.0,1689200.0,45612000.0,42078000.0,51735000.0,51968000.0,32426000.0,39852000.0,10579000.0,6454000.0
20230206,262080.0,12066070.0,12596940.0,13342240.0,13073460.0,8518010.0,10268710.0,4357350.0,2344570.0,45471000.0,47410000.0,50233000.0,49199000.0,32028000.0,38674000.0,16364000.0,8813000.0
20230207,5844040.0,17644990.0,24572640.0,23203780.0,22120170.0,16470250.0,14094750.0,5634330.0,2165790.0,65458000.0,91067000.0,85976000.0,81933000.0,60917000.0,52185000.0,20874000.0,8039000.0
20230208,-7946580.0,20477960.0,10092240.0,15579200.0,18018350.0,7437840.0,13503420.0,2019770.0,3900770.0,77423000.0,38115000.0,58875000.0,68075000.0,28119000.0,51035000.0,7569000.0,14761000.0
20230209,456700.0,13577460.0,12187260.0,12825990.0,14672880.0,8603260.0,9229700.0,2725560.0,1642420.0,50863000.0,45632000.0,48077000.0,54961000.0,32210000.0,34601000.0,10191000.0,6147000.0
20230210,-3095450.0,10033170.0,7251180.0,8917340.0,8603880.0,4401530.0,6902870.0,743350.0,1337460.0,37789000.0,27293000.0,33569000.0,32366000.0,16537000.0,25995000.0,2806000.0,5047000.0
20230213,752180.0,11704600.0,9619360.0,11858210.0,14695620.0,7644570.0,6460510.0,909610.0,1341490.0,44484000.0,36546000.0,45063000.0,55854000.0,29052000.0,24558000.0,3461000.0,5101000.0
20230214,-3512190.0,11203100.0,8211010.0,10027440.0,9507340.0,5739550.0,7780350.0,830490.0,2301880.0,42887000.0,31400000.0,38374000.0,36377000.0,21940000.0,29781000.0,3163000.0,8807000.0
20230215,-6778080.0,10173950.0,5935660.0,10360450.0,7820660.0,6472860.0,8702520.0,1431330.0,5979750.0,39140000.0,22798000.0,39859000.0,30072000.0,24888000.0,33468000.0,5510000.0,23059000.0
20230216,-3229220.0,12807980.0,10720540.0,14478060.0,13336280.0,9851950.0,12976050.0,2159450.0,2264570.0,49636000.0,41357000.0,55992000.0,51588000.0,38095000.0,50301000.0,8294000.0,8770000.0
20230217,-4838280.0,15936750.0,9637160.0,11544850.0,13006150.0,6292350.0,7863660.0,1256520.0,4523490.0,63726000.0,38526000.0,46070000.0,51932000.0,25105000.0,31363000.0,5014000.0,18095000.0
20230220,1547160.0,8879030.0,10301850.0,8266770.0,8391100.0,5372820.0,4147490.0,1286480.0,964650.0,35384000.0,40995000.0,32917000.0,33419000.0,21370000.0,16514000.0,5125000.0,3868000.0
20230221,1565770.0,8938670.0,10397920.0,8410910.0,8517440.0,5463590.0,4957790.0,1572360.0,512390.0,35196000.0,40895000.0,33085000.0,33504000.0,21489000.0,19503000.0,6155000.0,2023000.0
20230222,465130.0,6739920.0,6720300.0,5357470.0,5842210.0,2708940.0,2661090.0,443890.0,26610.0,26685000.0,26602000.0,21210000.0,23127000.0,10720000.0,10538000.0,1757000.0,105000.0
20230223,-3948870.0,10840350.0,7955800.0,8937740.0,7873410.0,3710080.0,7009190.0,40720.0,690480.0,43603000.0,31989000.0,35931000.0,31659000.0,14902000.0,28175000.0,164000.0,2777000.0
20230224,-1217630.0,6621200.0,4929600.0,5841930.0,6315900.0,2767400.0,3662610.0,312830.0,635250.0,26766000.0,19913000.0,23611000.0,25509000.0,11174000.0,14805000.0,1253000.0,2578000.0
20230227,-2126820.0,8320360.0,8113730.0,10061210.0,8141040.0,3461080.0,4981290.0,119540.0,726150.0,34010000.0,33143000.0,41116000.0,33274000.0,14145000.0,20357000.0,483000.0,2981000.0
20230228,1187980.0,12890580.0,14290060.0,10980350.0,10768850.0,4266720.0,3430220.0,535080.0,183600.0,52556000.0,58231000.0,44730000.0,43859000.0,17365000.0,13995000.0,2176000.0,743000.0
20230301,2860940.0,13929420.0,19991080.0,17834730.0,14633990.0,9086180.0,5584000.0,1811850.0,2453090.0,56688000.0,81270000.0,72524000.0,59523000.0,36939000.0,22699000.0,7360000.0,10019000.0
20230302,-467290.0,19077960.0,20394900.0,20440650.0,18656420.0,13320050.0,11502020.0,2799730.0,5085050.0,77494000.0,82648000.0,82899000.0,75661000.0,54052000.0,46698000.0,11298000.0,20735000.0
20230303,531840.0,10662240.0,13022920.0,14892120.0,13063270.0,9317830.0,9470270.0,1182300.0,498020.0,43106000.0,52577000.0,60182000.0,52766000.0,37595000.0,38288000.0,4767000.0,2020000.0
20230306,-3885540.0,13587020.0,10998650.0,12951610.0,11654440.0,7791250.0,10223360.0,1012720.0,2466150.0,56049000.0,45338000.0,53422000.0,48052000.0,32155000.0,42201000.0,4190000.0,10227000.0
20230307,-4928230.0,14841950.0,7220740.0,10527410.0,13220390.0,5801620.0,8474070.0,231830.0,2487610.0,62348000.0,30313000.0,44220000.0,55527000.0,24393000.0,35626000.0,979000.0,10474000.0
20230308,-1288400.0,6668000.0,5057240.0,6300730.0,6623080.0,3277450.0,4768660.0,441060.0,238250.0,28336000.0,21474000.0,26769000.0,28144000.0,13913000.0,20263000.0,1872000.0,1008000.0
20230309,357890.0,7479450.0,8243390.0,8811870.0,8405830.0,4986020.0,4954540.0,467320.0,140910.0,31640000.0,34778000.0,37218000.0,35477000.0,21006000.0,20971000.0,1958000.0,595000.0
20230310,1544870.0,7694910.0,9584220.0,9524820.0,9180370.0,6236590.0,4738030.0,520960.0,474650.0,32289000.0,40142000.0,39913000.0,38470000.0,26101000.0,19844000.0,2174000.0,2022000.0
20230313,16215910.0,29918540.0,42330690.0,37026140.0,40829890.0,40078010.0,34192030.0,25404890.0,15074960.0,116962000.0,164798000.0,144526000.0,159362000.0,155856000.0,133312000.0,97960000.0,57832000.0
20230314,-5727670.0,27232830.0,21412750.0,26573720.0,26666120.0,25265430.0,25693860.0,2508710.0,7807950.0,106347000.0,83452000.0,103700000.0,104012000.0,98407000.0,100240000.0,9729000.0,30479000.0
20230315,-2737840.0,14670720.0,15311440.0,17205330.0,13826780.0,5884980.0,8040540.0,896270.0,1478550.0,56447000.0,58846000.0,66071000.0,53147000.0,22599000.0,30876000.0,3454000.0,5702000.0
20230316,1983580.0,12503900.0,15705510.0,13381450.0,12163420.0,9035460.0,7257020.0,1126790.0,921650.0,48627000.0,61018000.0,51984000.0,47240000.0,35045000.0,28163000.0,4368000.0,3604000.0
20230317,3298890.0,9895890.0,15958200.0,14460390.0,11696970.0,10317380.0,7107300.0,1078200.0,989390.0,38707000.0,62359000.0,56508000.0,45714000.0,40290000.0,27770000.0,4205000.0,3867000.0
20230320,586270.0,12886020.0,15504680.0,17887850.0,15855460.0,18049580.0,15348000.0,1424660.0,3539970.0,50227000.0,60250000.0,69504000.0,61672000.0,70035000.0,59600000.0,5510000.0,13754000.0
20230321,-1023110.0,14326650.0,14583060.0,15592880.0,14313370.0,10752830.0,12407520.0,1987660.0,1356080.0,54603000.0,55514000.0,59386000.0,54538000.0,40936000.0,47240000.0,7529000.0,5162000.0
20230322,-3121570.0,14380800.0,9253530.0,12720000.0,14725710.0,7648540.0,10324650.0,1588670.0,2034130.0,55752000.0,35840000.0,49325000.0,57075000.0,29653000.0,40088000.0,6165000.0,7892000.0
20230323,-871640.0,7524990.0,6487670.0,7309310.0,7475000.0,4845190.0,5259630.0,1025870.0,1483070.0,29329000.0,25267000.0,28477000.0,29129000.0,18870000.0,20488000.0,3987000.0,5780000.0
20230324,5070930.0,16881300.0,26102940.0,32151640.0,28000940.0,20152110.0,17691250.0,6873530.0,4263460.0,63209000.0,97562000.0,119993000.0,104613000.0,75330000.0,66085000.0,25599000.0,15872000.0
20230327,7931810.0,22805900.0,30868730.0,33838030.0,33707020.0,22907880.0,20666790.0,10009250.0,4318530.0,81105000.0,109769000.0,120455000.0,120029000.0,81608000.0,73467000.0,35468000.0,15371000.0
20230328,-4793530.0,18645540.0,15040610.0,22758710.0,21570120.0,13676110.0,16783490.0,1969090.0,3655240.0,66375000.0,53430000.0,80934000.0,76687000.0,48595000.0,59712000.0,6991000.0,13065000.0
20230329,-810330.0,12113240.0,12706910.0,14290950.0,12886950.0,8531700.0,9104360.0,932560.0,1170230.0,43547000.0,45610000.0,51299000.0,46278000.0,30644000.0,32736000.0,3353000.0,4219000.0
20230330,4239980.0,10630470.0,10909480.0,14432910.0,18393870.0,13112860.0,9068010.0,1526100.0,1330970.0,38679000.0,39621000.0,52445000.0,66804000.0,47553000.0,32940000.0,5523000.0,4834000.0
20230331,-2278120.0,12335840.0,12487990.0,15584420.0,13154150.0,5722140.0,7330320.0,1463450.0,2133390.0,44110000.0,44621000.0,55667000.0,47010000.0,20459000.0,26207000.0,5240000.0,7639000.0
20230403,1855140.0,11499380.0,11221750.0,13753750.0,15886510.0,10669240.0,8930520.0,1934020.0,1817600.0,40763000.0,39693000.0,48701000.0,56320000.0,37808000.0,31666000.0,6868000.0,6461000.0
20230404,-5579820.0,13274650.0,7934850.0,12478010.0,12237990.0,7939130.0,10639150.0,2399790.0,5279590.0,47855000.0,28585000.0,44963000.0,44101000.0,28606000.0,38337000.0,8663000.0,19064000.0
20230406,-3591510.0,13803500.0,9781740.0,12645020.0,13075260.0,8310520.0,10045900.0,1447900.0,3304030.0,51066000.0,36124000.0,46729000.0,48322000.0,30716000.0,37164000.0,5341000.0,12243000.0
20230407,-2099230.0,11500280.0,8050790.0,6974600.0,8324870.0,3680290.0,5985170.0,1145890.0,940240.0,41963000.0,29335000.0,25453000.0,30362000.0,13416000.0,21849000.0,4161000.0,3447000.0
20230410,243110.0,11073230.0,10093270.0,10123690.0,11346750.0,5912580.0,5461120.0,1901440.0,2109790.0,40343000.0,36703000.0,36775000.0,41200000.0,21412000.0,19858000.0,6893000.0,7661000.0
20230411,-4388680.0,13256800.0,7702600.0,9160040.0,10325560.0,5463710.0,7745170.0,396160.0,2503380.0,49436000.0,28693000.0,34152000.0,38512000.0,20387000.0,28901000.0,1483000.0,9353000.0
20230412,-727030.0,13038700.0,9745020.0,11972600.0,14539260.0,7621530.0,7863750.0,1406110.0,1890920.0,48903000.0,36456000.0,44809000.0,54440000.0,28521000.0,29470000.0,5257000.0,7125000.0
20230413,-4918300.0,15783380.0,9953150.0,9674370.0,10586300.0,4560840.0,7804470.0,223130.0,1897800.0,60308000.0,38013000.0,36943000.0,40431000.0,17426000.0,29832000.0,855000.0,7256000.0
20230414,-495070.0,9593570.0,7995930.0,6053850.0,7156430.0,4222600.0,3656730.0,620780.0,1681720.0,36881000.0,30737000.0,23274000.0,27505000.0,16236000.0,14054000.0,2393000.0,6487000.0
20230417,1356210.0,10610310.0,12302510.0,11418880.0,11082880.0,6959200.0,6494760.0,2267220.0,1375450.0,40526000.0,46946000.0,43581000.0,42240000.0,26471000.0,24772000.0,8634000.0,5254000.0
20230418,-133220.0,11822180.0,11079580.0,8946220.0,9555600.0,4895480.0,4893830.0,1206180.0,1341050.0,45547000.0,42679000.0,34478000.0,36807000.0,18845000.0,18860000.0,4660000.0,5183000.0
20230419,-5045920.0,13085920.0,7047680.0,8654650.0,9646980.0,4300680.0,6727310.0,890520.0,3509810.0,51294000.0,27608000.0,33952000.0,37804000.0,16862000.0,26397000.0,3515000.0,13814000.0
20230420,-2037820.0,9944210.0,6700450.0,6942180.0,8148110.0,4045790.0,5149500.0,765670.0,1699780.0,39691000.0,26717000.0,27720000.0,32517000.0,16161000.0,20585000.0,3046000.0,6800000.0
20230421,-748030.0,12511260.0,11360180.0,9549790.0,9952830.0,5558590.0,6801600.0,1495740.0,1000760.0,50899000.0,46096000.0,38817000.0,40450000.0,22609000.0,27707000.0,6029000.0,4101000.0
20230424,-3036270.0,14061330.0,10200390.0,10673060.0,11497740.0,5978230.0,6850440.0,471520.0,2635580.0,59347000.0,43001000.0,45045000.0,48546000.0,25242000.0,28931000.0,2002000.0,11158000.0
20230425,-3627070.0,20839690.0,15870350.0,11616040.0,12958320.0,6487990.0,8023810.0,1374060.0,3465310.0,91642000.0,69917000.0,51046000.0,56940000.0,28533000.0,35280000.0,6015000.0,15099000.0
20230426,607740.0,16384060.0,17102670.0,10190130.0,10079260.0,4954710.0,4831490.0,820050.0,335530.0,72090000.0,75248000.0,44803000.0,44222000.0,21710000.0,21258000.0,3613000.0,1488000.0
20230427,-577800.0,9438360.0,8669960.0,6061150.0,6251730.0,1779650.0,2576340.0,218890.0,0.0,41858000.0,38431000.0,26871000.0,27739000.0,7896000.0,11426000.0,971000.0,0.0
20230428,1910890.0,8069110.0,8988460.0,7189980.0,8181520.0,4063410.0,2867320.0,1829630.0,1114830.0,35420000.0,39432000.0,31553000.0,35916000.0,17839000.0,12585000.0,8024000.0,4903000.0
20230504,3335900.0,18263250.0,24874030.0,23431460.0,20156580.0,12406990.0,10524210.0,2872770.0,1419650.0,77217000.0,105030000.0,98890000.0,85045000.0,52281000.0,44379000.0,12026000.0,5960000.0
20230505,-4698860.0,21668070.0,20955240.0,24397780.0,20411760.0,9387480.0,13762440.0,1661810.0,1985710.0,90291000.0,87184000.0,101482000.0,84968000.0,39014000.0,57211000.0,6848000.0,8272000.0
20230508,-633000.0,13944590.0,14704770.0,14823540.0,13430370.0,7770600.0,7495840.0,363020.0,1270780.0,58714000.0,61801000.0,62319000.0,56476000.0,32641000.0,31551000.0,1507000.0,5353000.0
20230509,-3347080.0,11510980.0,8347550.0,9240730.0,9057080.0,4485640.0,6732400.0,529570.0,1629890.0,49153000.0,35644000.0,39471000.0,38683000.0,19174000.0,28764000.0,2258000.0,6963000.0
20230510,749890.0,9761100.0,10857650.0,11318060.0,10971380.0,6400390.0,5774410.0,1089620.0,965710.0,41197000.0,45782000.0,47707000.0,46265000.0,27000000.0,24365000.0,4572000.0,4064000.0
20230511,-1626440.0,7983480.0,7663700.0,8918540.0,7611890.0,4903310.0,5869500.0,899510.0,1559760.0,33686000.0,32310000.0,37613000.0,32097000.0,20646000.0,24747000.0,3780000.0,6571000.0
20230512,-2055590.0,7864250.0,5561350.0,7133150.0,7380460.0,3192830.0,4408260.0,0.0,840160.0,33661000.0,23790000.0,30533000.0,31591000.0,13684000.0,18893000.0,0.0,3604000.0
20230515,-3437980.0,11330030.0,8920550.0,11397900.0,10369400.0,4170320.0,7033180.0,755730.0,1330850.0,49010000.0,38586000.0,49316000.0,44811000.0,18014000.0,30423000.0,3250000.0,5770000.0
20230516,-734820.0,11480340.0,11815370.0,9198610.0,8128760.0,4087050.0,3107860.0,428050.0,2142060.0,49743000.0,51094000.0,39815000.0,35188000.0,17699000.0,13492000.0,1859000.0,9343000.0
20230517,413000.0,10482240.0,12083910.0,11717910.0,10529240.0,5609850.0,6100120.0,2414720.0,1511450.0,45281000.0,52013000.0,50435000.0,45328000.0,24022000.0,26197000.0,10319000.0,6519000.0
20230518,4675840.0,18824860.0,21877600.0,22887160.0,24510260.0,17619320.0,15265230.0,6456660.0,4134910.0,76289000.0,88593000.0,92743000.0,99304000.0,71323000.0,61791000.0,26074000.0,16741000.0
20230519,812620.0,22368310.0,24992050.0,30025170.0,28214060.0,21311030.0,21779480.0,6196670.0,4915600.0,87904000.0,98107000.0,118001000.0,110785000.0,83635000.0,85479000.0,24141000.0,19310000.0
20230522,-1155600.0,15226030.0,13424370.0,15176730.0,15822790.0,11032120.0,12418720.0,3755420.0,3524420.0,59101000.0,52047000.0,58884000.0,61382000.0,42790000.0,48191000.0,14542000.0,13695000.0
20230523,-2453950.0,17847910.0,12921930.0,17210610.0,19682640.0,8998920.0,11132850.0,1012970.0,1332990.0,69895000.0,50503000.0,67361000.0,77088000.0,35222000.0,43623000.0,3958000.0,5221000.0
20230524,-1347070.0,12433550.0,10680890.0,12104320.0,12509900.0,7594750.0,7521480.0,614320.0,2034660.0,48980000.0,42024000.0,47637000.0,49234000.0,29870000.0,29622000.0,2421000.0,8028000.0
20230525,-663770.0,12789330.0,10784720.0,12696490.0,14037320.0,7404100.0,8212290.0,1088230.0,943810.0,50398000.0,42442000.0,49954000.0,55271000.0,29140000.0,32316000.0,4245000.0,3708000.0
20230526,-3256870.0,12538540.0,9076990.0,10210360.0,10415040.0,5473600.0,7506980.0,522800.0,1746290.0,49969000.0,36055000.0,40638000.0,41430000.0,21698000.0,29904000.0,2055000.0,6971000.0
20230529,230330.0,9610960.0,8842320.0,8084280.0,9083250.0,6282780.0,5878600.0,230140.0,403990.0,37818000.0,34747000.0,31772000.0,35714000.0,24669000.0,23104000.0,900000.0,1594000.0
20230530,103680.0,12273840.0,11533500.0,10150980.0,10995000.0,7222610.0,7970730.0,2327990.0,1476190.0,48898000.0,45891000.0,40435000.0,43735000.0,28751000.0,31713000.0,9151000.0,5895000.0
20230531,-1530110.0,21378830.0,20210480.0,22610120.0,22248350.0,17376960.0,16910820.0,4611610.0,6607860.0,83996000.0,79201000.0,88648000.0,87116000.0,68098000.0,66358000.0,17995000.0,26061000.0
20230601,-5089270.0,18381510.0,11757900.0,15194430.0,16728760.0,9331570.0,13116800.0,251640.0,1555680.0,73819000.0,47082000.0,60909000.0,67085000.0,37391000.0,52672000.0,1008000.0,6287000.0
20230602,-926300.0,10884280.0,10611540.0,10373450.0,9719900.0,5223960.0,6135350.0,1730620.0,1745530.0,43260000.0,42174000.0,41231000.0,38623000.0,20768000.0,24400000.0,6876000.0,6937000.0
20230605,-2240510.0,11055340.0,7073550.0,6653890.0,8395160.0,4355730.0,5478320.0,106480.0,1224400.0,44368000.0,28395000.0,26724000.0,33690000.0,17486000.0,22004000.0,429000.0,4918000.0
20230606,-6193510.0,16023370.0,8426170.0,10376030.0,11779720.0,5390930.0,9685690.0,790330.0,2689080.0,66517000.0,34947000.0,43079000.0,48901000.0,22403000.0,40265000.0,3286000.0,11171000.0
20230607,-3690510.0,16293080.0,10066030.0,10981080.0,13517630.0,7027760.0,9695780.0,792950.0,1815440.0,69888000.0,43154000.0,47102000.0,57977000.0,30136000.0,41597000.0,3399000.0,7797000.0
20230608,-1566800.0,10956370.0,7687520.0,7148550.0,8850590.0,4221130.0,5344670.0,425320.0,868580.0,47977000.0,33633000.0,31291000.0,38765000.0,18478000.0,23415000.0,1861000.0,3794000.0
20230609,-3243360.0,14619000.0,11927040.0,10905820.0,10354420.0,5789530.0,6094970.0,1362060.0,4299980.0,65744000.0,53575000.0,49004000.0,46548000.0,25993000.0,27355000.0,6116000.0,19379000.0
20230612,2364450.0,13058420.0,14167910.0,11072850.0,12327800.0,9033980.0,7374610.0,1462130.0,757050.0,57159000.0,61864000.0,48360000.0,53951000.0,39426000.0,32197000.0,6356000.0,3290000.0
20230613,640450.0,8860830.0,9502760.0,8863800.0,8862330.0,5568420.0,6031200.0,1789710.0,686480.0,37869000.0,40562000.0,37848000.0,37862000.0,23762000.0,25747000.0,7624000.0,2933000.0
20230614,1714560.0,12466270.0,13540010.0,10736920.0,11377740.0,6271430.0,7032440.0,3027180.0,551610.0,52731000.0,57135000.0,45345000.0,48039000.0,26451000.0,29707000.0,12676000.0,2322000.0
20230615,17498400.0,13846610.0,26279040.0,20770290.0,25836260.0,16983020.0,18953540.0,27959090.0,8490170.0,55144000.0,103447000.0,82336000.0,101444000.0,66746000.0,74087000.0,107411000.0,32657000.0
20230616,-5190650.0,45310450.0,39344260.0,45386210.0,46161750.0,32528550.0,36103930.0,8772410.0,10387680.0,167989000.0,145958000.0,168256000.0,171083000.0,120518000.0,133701000.0,32455000.0,38475000.0
20230619,1808260.0,38631280.0,40782940.0,47386960.0,47043550.0,31773510.0,32704080.0,11725820.0,8986990.0,138396000.0,146017000.0,169737000.0,168548000.0,113880000.0,117169000.0,41914000.0,32191000.0
20230620,-2720930.0,37486410.0,36592440.0,42410530.0,40583570.0,29439930.0,29133490.0,12986190.0,16013560.0,131970000.0,128629000.0,149348000.0,142725000.0,103502000.0,102557000.0,45421000.0,56330000.0
20230621,-10493500.0,38722560.0,26561760.0,33450710.0,35118000.0,21272320.0,25230600.0,5287560.0,11822780.0,135575000.0,92729000.0,116887000.0,122693000.0,74222000.0,88268000.0,18464000.0,41459000.0
20230626,-4839860.0,34664420.0,23615020.0,26736690.0,32946220.0,17470390.0,22063230.0,4392940.0,4639960.0,125098000.0,85085000.0,96211000.0,118627000.0,62747000.0,79315000.0,15612000.0,16642000.0
20230627,-2149600.0,20678720.0,16864750.0,17618070.0,19282430.0,7575100.0,10348490.0,1886700.0,1262910.0,75649000.0,61670000.0,64517000.0,70580000.0,27680000.0,37867000.0,6893000.0,4622000.0
20230628,-2614210.0,20241680.0,16810470.0,16396010.0,17213030.0,10545500.0,12734960.0,2840280.0,3265030.0,74492000.0,61756000.0,60268000.0,63273000.0,38755000.0,46856000.0,10464000.0,12094000.0
20230629,1008550.0,22221250.0,23545890.0,25565260.0,25249170.0,16582120.0,15835360.0,4656260.0,4394470.0,78929000.0,83532000.0,90739000.0,89666000.0,58825000.0,56179000.0,16435000.0,15551000.0
20230630,-4347710.0,20615440.0,16966850.0,19590820.0,18891700.0,9785720.0,14638860.0,2455290.0,1949860.0,73858000.0,60742000.0,70130000.0,67614000.0,35009000.0,52442000.0,8782000.0,6981000.0
20230703,-3400460.0,21347390.0,16243650.0,17244690.0,18947980.0,9428030.0,11117040.0,1849060.0,3560510.0,77456000.0,58767000.0,62325000.0,68554000.0,34032000.0,40238000.0,6659000.0,12914000.0
20230704,412370.0,16656910.0,14350290.0,11576440.0,14295420.0,7387800.0,6834380.0,2601300.0,2742350.0,60158000.0,51770000.0,41805000.0,51592000.0,26647000.0,24683000.0,9395000.0,9960000.0
20230705,-44290.0,22780980.0,25061490.0,25196760.0,22871960.0,15433530.0,14656470.0,3302760.0,4124110.0,81676000.0,89680000.0,90061000.0,81753000.0,55085000.0,52441000.0,11753000.0,14702000.0
20230706,-3262300.0,19821280.0,17272040.0,17611010.0,16897960.0,8823040.0,10727470.0,1209670.0,2567540.0,73022000.0,63563000.0,64906000.0,62256000.0,32512000.0,39572000.0,4444000.0,9491000.0
20230707,-2572210.0,16877920.0,12469610.0,11342940.0,13179040.0,4953570.0,6372520.0,736830.0,1890090.0,63467000.0,46832000.0,42598000.0,49512000.0,18604000.0,23970000.0,2773000.0,7128000.0
20230710,-2191340.0,15405390.0,12431760.0,12603260.0,13385550.0,5386720.0,6425280.0,762430.0,1915210.0,59132000.0,47718000.0,48374000.0,51386000.0,20672000.0,24626000.0,2909000.0,7357000.0
20230711,4370730.0,15128590.0,18069200.0,14100520.0,15530640.0,8773790.0,5644530.0,2203000.0,961530.0,58903000.0,70268000.0,54900000.0,60501000.0,34114000.0,21969000.0,8556000.0,3735000.0
20230712,-3880900.0,18296400.0,13564410.0,11677270.0,12528360.0,5710600.0,7737840.0,1675070.0,3528730.0,71992000.0,53252000.0,45894000.0,49268000.0,22410000.0,30475000.0,6570000.0,13872000.0
20230713,-3067740.0,19364390.0,14749790.0,14201010.0,15747870.0,8014450.0,8221930.0,2216820.0,5077080.0,78312000.0,59633000.0,57458000.0,63675000.0,32422000.0,33281000.0,8996000.0,20599000.0
20230714,2185950.0,12903370.0,16885700.0,13002370.0,11205990.0,8417470.0,6381070.0,2327670.0,2178120.0,52270000.0,68356000.0,52633000.0,45345000.0,34058000.0,25821000.0,9413000.0,8852000.0
20230717,-792650.0,11938910.0,12288240.0,8629070.0,7487100.0,4033250.0,4557250.0,404270.0,672920.0,48868000.0,50247000.0,35283000.0,30606000.0,16484000.0,18668000.0,1644000.0,2758000.0
20230718,2364700.0,14600950.0,17091850.0,15525190.0,15398980.0,7428910.0,5165920.0,1375200.0,1273490.0,60153000.0,70350000.0,63916000.0,63408000.0,30582000.0,21302000.0,5665000.0,5256000.0
20230719,157290.0,11412190.0,10326790.0,9437530.0,10680220.0,4576720.0,3770910.0,684580.0,1333100.0,47769000.0,43214000.0,39497000.0,44705000.0,19158000.0,15787000.0,2868000.0,5586000.0
20230720,-1759570.0,17685500.0,14932350.0,16214570.0,17208150.0,6239350.0,6121490.0,593670.0,2471100.0,74974000.0,63184000.0,68635000.0,72835000.0,26425000.0,26003000.0,2504000.0,10515000.0
20230721,-893060.0,12472840.0,10270580.0,8549390.0,9858590.0,5465410.0,5343930.0,837090.0,1851630.0,54150000.0,44556000.0,37099000.0,42770000.0,23712000.0,23207000.0,3624000.0,8051000.0
20230724,114910.0,11927420.0,11237300.0,10412390.0,11217420.0,5849380.0,5000570.0,1230720.0,1964620.0,52282000.0,49181000.0,45616000.0,49117000.0,25601000.0,21914000.0,5357000.0,8643000.0
20230725,4497060.0,14915910.0,20151450.0,16437560.0,15699090.0,11915830.0,9307360.0,3065320.0,1176730.0,63952000.0,86355000.0,70498000.0,67322000.0,51059000.0,39896000.0,13102000.0,5037000.0
20230726,-3718200.0,15538820.0,12983470.0,15007470.0,13844630.0,6589530.0,8364780.0,685890.0,2628840.0,67713000.0,56538000.0,65341000.0,60248000.0,28662000.0,36458000.0,2990000.0,11462000.0
20230727,-1745720.0,11986480.0,11364670.0,12361770.0,11237870.0,5258940.0,5779610.0,999380.0,2224430.0,52423000.0,49619000.0,53949000.0,49094000.0,22967000.0,25277000.0,4365000.0,9715000.0
20230728,1362650.0,11641140.0,13861120.0,11201600.0,10344260.0,7539990.0,6547710.0,1203070.0,832700.0,51467000.0,61143000.0,49447000.0,45667000.0,33207000.0,28942000.0,5316000.0,3685000.0
20230731,3476600.0,13601810.0,15184460.0,13592870.0,15486820.0,10349640.0,7547870.0,1255570.0,580740.0,58810000.0,65641000.0,58779000.0,66976000.0,44762000.0,32634000.0,5420000.0,2520000.0
20230801,2402340.0,11491500.0,15701280.0,11876740.0,10069310.0,6661770.0,5384440.0,2676980.0,1551970.0,50191000.0,68550000.0,51863000.0,43958000.0,29086000.0,23507000.0,11667000.0,6793000.0
20230802,2780310.0,11885320.0,17151410.0,15796400.0,13310620.0,11382090.0,8498070.0,2697930.0,2801640.0,51420000.0,74162000.0,68306000.0,57526000.0,49181000.0,36740000.0,11637000.0,12116000.0
20230803,4699410.0,10879040.0,17107260.0,12615050.0,11086230.0,9542110.0,6054860.0,2174680.0,962520.0,46857000.0,73634000.0,54298000.0,47713000.0,41059000.0,26058000.0,9329000.0,4139000.0
20230804,4500640.0,14209520.0,19850440.0,19306860.0,18166580.0,14899650.0,11450370.0,3614750.0,2563390.0,60539000.0,84451000.0,82177000.0,77259000.0,63349000.0,48741000.0,15302000.0,10916000.0
20230807,-3154800.0,15987750.0,15294700.0,15872280.0,13410530.0,9578830.0,9548690.0,903070.0,4088010.0,68278000.0,65227000.0,67722000.0,57184000.0,40794000.0,40764000.0,3860000.0,17480000.0
20230808,-1932130.0,10794240.0,8048270.0,9344580.0,10158430.0,6013290.0,6642670.0,332010.0,1634760.0,46992000.0,34999000.0,40631000.0,44198000.0,26175000.0,28908000.0,1424000.0,7116000.0
20230809,-2952000.0,7944810.0,5121740.0,6341350.0,6212410.0,3222100.0,5437940.0,113900.0,850060.0,34936000.0,22502000.0,27880000.0,27312000.0,14162000.0,23923000.0,500000.0,3741000.0
20230810,-3247640.0,7951520.0,6423790.0,7852140.0,6132230.0,4135290.0,5108480.0,136500.0,2410950.0,35221000.0,28449000.0,34773000.0,27171000.0,18311000.0,22624000.0,600000.0,10661000.0
20230811,-3017100.0,16323970.0,14681830.0,13819220.0,12444270.0,7821510.0,8800380.0,1498890.0,3537120.0,73658000.0,66170000.0,62299000.0,56148000.0,35280000.0,39678000.0,6771000.0,16011000.0
20230814,-1934660.0,9203730.0,6122830.0,7736240.0,8882480.0,5460040.0,5942020.0,949660.0,2402340.0,42385000.0,28134000.0,35587000.0,40864000.0,25097000.0,27377000.0,4362000.0,11056000.0
20230815,6229380.0,26528870.0,34847950.0,39620730.0,37531030.0,28711890.0,27137970.0,10124340.0,5468880.0,113759000.0,149459000.0,169986000.0,161022000.0,123141000.0,116512000.0,43556000.0,23449000.0
20230816,-7303640.0,23898380.0,19429860.0,25178640.0,22343520.0,12788400.0,17035260.0,3160150.0,6216930.0,101019000.0,82057000.0,106315000.0,94397000.0,54059000.0,71994000.0,13372000.0,26317000.0
20230817,7164240.0,21464490.0,28949880.0,27514120.0,27192960.0,22573880.0,17053730.0,7768900.0,6124810.0,89417000.0,120365000.0,114377000.0,112898000.0,93445000.0,70797000.0,32218000.0,25398000.0
20230818,-5991900.0,22139740.0,16531540.0,18461910.0,18078210.0,11231770.0,14939410.0,3156490.0,5440750.0,93035000.0,69418000.0,77528000.0,76005000.0,47239000.0,62822000.0,13314000.0,22872000.0
20230821,-2320910.0,14099410.0,11038880.0,11949610.0,12689230.0,7927780.0,9089680.0,1595810.0,2754820.0,61326000.0,47937000.0,51945000.0,55123000.0,34411000.0,39535000.0,6906000.0,11993000.0
20230822,-502580.0,14901220.0,14654960.0,14166160.0,13909840.0,8084770.0,8497090.0,2379000.0,2469260.0,65340000.0,64081000.0,61990000.0,60860000.0,35351000.0,37195000.0,10349000.0,10895000.0
20230823,-2930130.0,11214790.0,10065290.0,10519540.0,8738910.0,5524550.0,6203740.0,889470.0,3140410.0,49454000.0,44288000.0,46384000.0,38530000.0,24357000.0,27381000.0,3968000.0,13963000.0
20230824,-440570.0,12147560.0,10593680.0,8779300.0,9892610.0,5550160.0,5699130.0,746430.0,1038030.0,54696000.0,47649000.0,39489000.0,44515000.0,24970000.0,25665000.0,3356000.0,4682000.0
20230825,-5937010.0,19159670.0,14132400.0,16938210.0,16028470.0,8911530.0,11982930.0,2137890.0,5003500.0,90994000.0,67102000.0,80559000.0,76172000.0,42328000.0,56897000.0,10088000.0,23798000.0
20230828,-1202870.0,16964690.0,15184930.0,15657140.0,16234030.0,7404170.0,8922460.0,2003820.0,1688400.0,78449000.0,70180000.0,72348000.0,75003000.0,34130000.0,41162000.0,9207000.0,7789000.0
20230829,2297170.0,21184650.0,20335260.0,16171460.0,19318030.0,12314460.0,11392970.0,4020530.0,2644850.0,93949000.0,90265000.0,71872000.0,85810000.0,54721000.0,50560000.0,17795000.0,11702000.0
20230830,-110980.0,14534500.0,13155130.0,12939050.0,14207440.0,8094440.0,8066680.0,1861010.0,1999750.0,62894000.0,56883000.0,55989000.0,61418000.0,34982000.0,34898000.0,8025000.0,8691000.0
20230831,-1461550.0,15094240.0,14028210.0,12182300.0,11786790.0,6363600.0,7571090.0,1378220.0,1632280.0,65086000.0,60422000.0,52502000.0,50785000.0,27440000.0,32676000.0,5934000.0,7078000.0
20230901,-829900.0,10299900.0,8875820.0,8306750.0,8900930.0,3972380.0,5336930.0,649740.0,115090.0,44611000.0,38394000.0,35943000.0,38509000.0,17191000.0,23145000.0,2803000.0,500000.0
20230904,1077090.0,11631040.0,14579860.0,12093640.0,10221900.0,7192580.0,5887640.0,919660.0,1147510.0,49981000.0,62604000.0,51913000.0,43887000.0,30861000.0,25279000.0,3953000.0,4939000.0
20230905,828260.0,12048590.0,10864920.0,8967470.0,10979390.0,6024200.0,5484920.0,1026670.0,737690.0,51946000.0,46802000.0,38658000.0,47361000.0,25984000.0,23666000.0,4421000.0,3179000.0
20230906,-910580.0,9467580.0,8328070.0,6830100.0,7059030.0,3580850.0,4204770.0,435550.0,722210.0,41313000.0,36308000.0,29793000.0,30791000.0,15596000.0,18342000.0,1901000.0,3161000.0
20230907,-3150790.0,10661500.0,7432090.0,7320940.0,7399560.0,3889870.0,6042520.0,101090.0,1099230.0,47101000.0,32788000.0,32339000.0,32696000.0,17211000.0,26737000.0,443000.0,4873000.0
20230908,-314310.0,7332550.0,7202480.0,6412470.0,6228230.0,3214980.0,3584630.0,287880.0,232540.0,32376000.0,31772000.0,28295000.0,27494000.0,14185000.0,15825000.0,1271000.0,1036000.0
20230911,282090.0,11072000.0,11451630.0,10255640.0,10158100.0,6808350.0,4503190.0,2606780.0,4629850.0,49373000.0,51020000.0,45702000.0,45271000.0,30360000.0,20062000.0,11647000.0,20729000.0
20230912,1082040.0,8066450.0,8741370.0,8189510.0,8596640.0,5140770.0,4340900.0,579400.0,297230.0,35685000.0,38631000.0,36160000.0,37979000.0,22698000.0,19176000.0,2561000.0,1318000.0
20230913,-2484880.0,10175940.0,8958920.0,8588760.0,7320900.0,3759310.0,5557790.0,120950.0,807350.0,45848000.0,40343000.0,38688000.0,32977000.0,16925000.0,25034000.0,550000.0,3658000.0
20230914,-794230.0,5903460.0,4894980.0,4658140.0,4872380.0,2496940.0,2933150.0,288490.0,646510.0,26869000.0,22269000.0,21190000.0,22163000.0,11357000.0,13342000.0,1315000.0,2957000.0
20230915,-518930.0,6097640.0,6332240.0,5621310.0,4867760.0,3146240.0,2677970.0,619190.0,1606390.0,27834000.0,28908000.0,25655000.0,22210000.0,14378000.0,12237000.0,2834000.0,7346000.0
20230918,1122360.0,6905490.0,7585210.0,5597920.0,6040570.0,3949030.0,2947860.0,834490.0,713300.0,31277000.0,34347000.0,25362000.0,27351000.0,17858000.0,13346000.0,3774000.0,3226000.0
20230919,-187780.0,5872040.0,5670320.0,5050570.0,5064510.0,3013190.0,2530210.0,129220.0,799980.0,27007000.0,26076000.0,23222000.0,23285000.0,13847000.0,11630000.0,594000.0,3680000.0
20230920,64870.0,6613530.0,8493030.0,7855480.0,6040840.0,4193300.0,4034580.0,227970.0,321820.0,30311000.0,38919000.0,35994000.0,27654000.0,19199000.0,18503000.0,1046000.0,1475000.0
20230921,80690.0,5506380.0,5241430.0,3980880.0,4326520.0,1994650.0,1872380.0,217160.0,258740.0,25510000.0,24272000.0,18439000.0,20035000.0,9236000.0,8681000.0,1000000.0,1197000.0
20230922,1113290.0,8101310.0,9227220.0,6801120.0,6788510.0,4298150.0,3486340.0,806630.0,505150.0,37200000.0,42330000.0,31195000.0,31131000.0,19675000.0,15960000.0,3693000.0,2341000.0
20230925,1218630.0,8305400.0,9762430.0,8988720.0,8750330.0,5548330.0,5074370.0,994720.0,250050.0,37448000.0,44010000.0,40473000.0,39381000.0,24948000.0,22835000.0,4483000.0,1125000.0
20230926,3298270.0,8360200.0,10733910.0,9831120.0,10755680.0,6930390.0,5281700.0,1987350.0,337770.0,37342000.0,47919000.0,43890000.0,48005000.0,30920000.0,23585000.0,8856000.0,1499000.0
20230927,-637050.0,11876890.0,11071210.0,9919340.0,10087980.0,6662470.0,6366930.0,873040.0,1805630.0,53658000.0,49982000.0,44795000.0,45545000.0,30105000.0,28800000.0,3940000.0,8170000.0
20230928,-465440.0,8450790.0,6983950.0,7447250.0,8448650.0,5562850.0,5331290.0,486720.0,1183720.0,38214000.0,31568000.0,33676000.0,38191000.0,25151000.0,24123000.0,2201000.0,5360000.0
20231009,-1125790.0,8812660.0,6987540.0,5461660.0,6161000.0,2867420.0,3745780.0,751110.0,998540.0,40311000.0,31952000.0,25001000.0,28168000.0,13121000.0,17150000.0,3434000.0,4596000.0
20231010,-1307170.0,7690330.0,6781260.0,6299120.0,5901010.0,2980380.0,4171530.0,360620.0,476640.0,35217000.0,31046000.0,28827000.0,27007000.0,13658000.0,19123000.0,1659000.0,2186000.0
20231011,1929170.0,8252120.0,10242710.0,7617660.0,7556250.0,5853990.0,4219560.0,1185660.0,890920.0,37799000.0,46900000.0,34886000.0,34596000.0,26798000.0,19305000.0,5388000.0,4070000.0
20231012,-2487460.0,8288560.0,6618930.0,7123060.0,6305230.0,4314040.0,6157590.0,393520.0,1037430.0,38338000.0,30630000.0,32954000.0,29168000.0,19982000.0,28509000.0,1827000.0,4795000.0
20231013,-3212350.0,9179720.0,4860340.0,6011160.0,7118200.0,3702960.0,4989510.0,364500.0,2290300.0,43241000.0,22866000.0,28307000.0,33525000.0,17434000.0,23508000.0,1714000.0,10796000.0
20231016,-1906750.0,7333910.0,4763880.0,5453070.0,6116360.0,2960890.0,3936080.0,280520.0,1212080.0,35133000.0,22787000.0,26128000.0,29304000.0,14173000.0,18859000.0,1351000.0,5836000.0
20231017,-859640.0,5289790.0,4393810.0,3813200.0,3849540.0,1742710.0,2497710.0,102940.0,207580.0,25593000.0,21249000.0,18443000.0,18622000.0,8438000.0,12093000.0,498000.0,1008000.0
20231018,-4243370.0,9872360.0,5821850.0,7440430.0,7247570.0,4161560.0,6423760.0,711060.0,2692230.0,49127000.0,28969000.0,37032000.0,36056000.0,20717000.0,31975000.0,3536000.0,13412000.0
20231019,-2180520.0,8210130.0,5485110.0,6004980.0,6549490.0,3105580.0,5172700.0,46610.0,160010.0,41198000.0,27508000.0,30114000.0,32809000.0,15563000.0,25994000.0,236000.0,800000.0
20231020,-2224050.0,9043290.0,7107250.0,6817840.0,6529820.0,2903350.0,4733690.0,429990.0,823700.0,46292000.0,36348000.0,34906000.0,33432000.0,14858000.0,24286000.0,2223000.0,4213000.0
20231023,-2947880.0,9952270.0,5780520.0,5312730.0,6536600.0,2284970.0,4904050.0,443410.0,772210.0,52794000.0,30675000.0,28181000.0,34677000.0,12130000.0,26006000.0,2385000.0,4131000.0
20231024,288810.0,8724780.0,8162110.0,6421960.0,7273440.0,3267210.0,3145400.0,1514180.0,1347180.0,46357000.0,43360000.0,34115000.0,38608000.0,17352000.0,16726000.0,8006000.0,7137000.0
20231025,-503640.0,7336350.0,7587400.0,6620410.0,5865710.0,4174510.0,4648830.0,226530.0,255850.0,38399000.0,39680000.0,34638000.0,30667000.0,21830000.0,24353000.0,1176000.0,1343000.0
20231026,-156490.0,8105450.0,7373890.0,6421350.0,6996410.0,3263010.0,3644640.0,425710.0,200570.0,43456000.0,39476000.0,34393000.0,37486000.0,17459000.0,19553000.0,2275000.0,1068000.0
20231027,673610.0,7389810.0,7914630.0,6961690.0,7110490.0,3492270.0,3173580.0,892890.0,537970.0,38887000.0,41540000.0,36593000.0,37386000.0,18324000.0,16715000.0,4677000.0,2840000.0
20231030,210260.0,12881870.0,13412270.0,12103850.0,11783700.0,5722760.0,5495180.0,692140.0,709460.0,67561000.0,70084000.0,63284000.0,61781000.0,29975000.0,28850000.0,3626000.0,3731000.0
20231031,-2117160.0,15100350.0,16484640.0,13649210.0,10147770.0,7224320.0,7789800.0,1641270.0,3192950.0,79903000.0,87306000.0,72250000.0,53655000.0,38211000.0,41190000.0,8660000.0,16873000.0
20231101,-1390040.0,11569790.0,10487840.0,8922460.0,8614370.0,4482210.0,4483100.0,672630.0,2061780.0,62567000.0,56682000.0,48263000.0,46612000.0,24248000.0,24268000.0,3654000.0,11169000.0
20231102,-2645120.0,9369410.0,7860100.0,7903850.0,6768040.0,3815470.0,5704810.0,292790.0,1048570.0,50894000.0,42620000.0,42925000.0,36713000.0,20691000.0,31054000.0,1593000.0,5717000.0
20231103,8150150.0,23803190.0,30004210.0,25705210.0,27654340.0,18277200.0,14847190.0,6652710.0,1932570.0,123585000.0,155490000.0,133290000.0,143588000.0,95013000.0,77331000.0,34649000.0,10127000.0
20231106,2426680.0,20317290.0,22133820.0,22782010.0,23392140.0,16214080.0,14392250.0,4851350.0,4246500.0,102505000.0,111289000.0,114767000.0,117712000.0,81296000.0,72490000.0,24224000.0,21301000.0
20231107,-794470.0,12755220.0,11461390.0,11749090.0,12248440.0,8302310.0,8436330.0,1592920.0,2253370.0,63163000.0,56731000.0,58157000.0,60624000.0,41084000.0,41755000.0,7878000.0,11172000.0
20231108,-690080.0,10701990.0,8952260.0,9709510.0,10769160.0,6451580.0,6611580.0,1261240.0,1791320.0,53172000.0,44435000.0,48236000.0,53465000.0,32035000.0,32886000.0,6270000.0,8927000.0
20231109,1114430.0,9610460.0,10184600.0,10320870.0,10861150.0,7477410.0,7238450.0,1754540.0,879070.0,47577000.0,50380000.0,51051000.0,53715000.0,36988000.0,35833000.0,8660000.0,4348000.0
20231110,-83870.0,7360690.0,6676160.0,6373020.0,6973690.0,3801780.0,4127520.0,789920.0,548050.0,36803000.0,33357000.0,31847000.0,34850000.0,18996000.0,20630000.0,3945000.0,2754000.0
20231113,-291080.0,7262290.0,7923770.0,7724640.0,6772080.0,4912520.0,5163890.0,347780.0,387490.0,36126000.0,39396000.0,38415000.0,33670000.0,24425000.0,25701000.0,1730000.0,1929000.0
20231114,-1342140.0,6852400.0,6196320.0,7395240.0,6709180.0,5216660.0,6308020.0,1215340.0,1466120.0,34036000.0,30772000.0,36729000.0,33314000.0,25888000.0,31331000.0,6024000.0,7261000.0
20231115,546220.0,9418800.0,10741700.0,11151770.0,10375080.0,8302400.0,7682350.0,1235400.0,1309230.0,46211000.0,52654000.0,54676000.0,50865000.0,40674000.0,37664000.0,6059000.0,6437000.0
20231116,-2011720.0,7713030.0,5998290.0,7189260.0,6892290.0,4266400.0,4861090.0,430770.0,1847800.0,38159000.0,29648000.0,35569000.0,34089000.0,21120000.0,24085000.0,2124000.0,9150000.0
20231117,947950.0,7812600.0,7463240.0,7387720.0,8685030.0,4869200.0,4407570.0,833130.0,346810.0,38835000.0,37067000.0,36703000.0,43141000.0,24166000.0,21894000.0,4123000.0,1725000.0
20231120,3353920.0,11132950.0,14435320.0,15050460.0,15102000.0,13067300.0,10455520.0,2813040.0,2070900.0,53924000.0,69879000.0,72878000.0,73090000.0,63207000.0,50610000.0,13634000.0,10064000.0
20231121,-3285030.0,12136420.0,9153830.0,13032340.0,12729900.0,7826620.0,9639410.0,936490.0,2408730.0,59091000.0,44463000.0,63404000.0,61926000.0,38074000.0,46956000.0,4564000.0,11787000.0
20231122,-6438450.0,14470200.0,8931070.0,10777130.0,9877810.0,6052460.0,10867930.0,1385630.0,3008610.0,72691000.0,44827000.0,54063000.0,49554000.0,30312000.0,54521000.0,6961000.0,15125000.0
20231123,-991380.0,9838500.0,8811820.0,7179570.0,7214880.0,4058610.0,5672560.0,622570.0,0.0,49655000.0,44430000.0,36233000.0,36420000.0,20488000.0,28646000.0,3120000.0,0.0
20231124,-2352250.0,10567580.0,7765320.0,6863270.0,7313290.0,3862330.0,4971320.0,194000.0,1437260.0,54277000.0,39885000.0,35260000.0,37559000.0,19834000.0,25534000.0,1000000.0,7393000.0
20231127,-2808500.0,10105490.0,6686760.0,5978330.0,6588550.0,2251050.0,4657600.0,220420.0,622370.0,51960000.0,34369000.0,30729000.0,33867000.0,11566000.0,23946000.0,1127000.0,3200000.0
20231128,-2613690.0,9075580.0,7477230.0,6656840.0,5641500.0,3448000.0,5977790.0,314070.0,397970.0,46655000.0,38449000.0,34221000.0,29002000.0,17705000.0,30690000.0,1619000.0,2060000.0
20231129,-856390.0,9351760.0,7503400.0,6314950.0,7306920.0,3610590.0,3893980.0,266790.0,839790.0,48011000.0,38462000.0,32402000.0,37510000.0,18457000.0,19970000.0,1372000.0,4299000.0
20231130,-1924880.0,10174570.0,8390170.0,7577900.0,7437410.0,3709780.0,5235730.0,774920.0,1173850.0,52922000.0,43540000.0,39397000.0,38648000.0,19289000.0,27320000.0,4059000.0,6159000.0
20231201,-2635770.0,8542180.0,5932750.0,6581130.0,6554790.0,2620380.0,4506740.0,0.0,749410.0,45033000.0,31243000.0,34697000.0,34555000.0,13807000.0,23776000.0,0.0,3963000.0
20231204,-2402530.0,8142000.0,7183540.0,6661960.0,5217880.0,3157640.0,5147140.0,0.0,413030.0,42843000.0,37779000.0,35043000.0,27449000.0,16604000.0,27082000.0,0.0,2180000.0
20231205,-3904010.0,11103280.0,6964940.0,7809990.0,8044310.0,2919410.0,5713500.0,852380.0,1962300.0,59863000.0,37518000.0,42083000.0,43348000.0,15726000.0,30809000.0,4603000.0,10600000.0
20231206,-39500.0,8301900.0,8063150.0,5969520.0,6168760.0,3382990.0,2810500.0,596600.0,1208590.0,45217000.0,43895000.0,32505000.0,33589000.0,18421000.0,15314000.0,3254000.0,6598000.0
20231207,-1828490.0,8776000.0,7452800.0,6755710.0,6250420.0,2916270.0,4274690.0,1215910.0,1685980.0,48438000.0,41092000.0,37281000.0,34490000.0,16089000.0,23608000.0,6694000.0,9312000.0
20231208,1458750.0,7176900.0,7358930.0,6055460.0,7332180.0,5037250.0,3723720.0,653240.0,508020.0,39266000.0,40249000.0,33132000.0,40122000.0,27558000.0,20383000.0,3584000.0,2785000.0
20231211,136300.0,9176640.0,8720400.0,7324390.0,7916930.0,4484080.0,5118020.0,914440.0,144200.0,50247000.0,47687000.0,40051000.0,43289000.0,24469000.0,27999000.0,4988000.0,780000.0
20231212,-229990.0,5471690.0,5734790.0,4923230.0,4430140.0,2669860.0,2565800.0,397690.0,731740.0,29678000.0,31093000.0,26696000.0,24027000.0,14481000.0,13918000.0,2152000.0,3969000.0
20231213,4271620.0,10938000.0,14002770.0,12507740.0,13714580.0,9739320.0,6445850.0,2210830.0,1232680.0,58607000.0,74953000.0,66953000.0,73418000.0,52141000.0,34527000.0,11841000.0,6643000.0
20231214,978810.0,9284390.0,9276530.0,9208370.0,10195030.0,5713450.0,4398970.0,1008480.0,1344150.0,49795000.0,49660000.0,49365000.0,54694000.0,30616000.0,23588000.0,5388000.0,7222000.0
20231215,-2464570.0,7171540.0,5072070.0,6026050.0,5660960.0,2798350.0,4105740.0,212000.0,1369180.0,39129000.0,27664000.0,32897000.0,30893000.0,15287000.0,22435000.0,1160000.0,7481000.0
20231218,-1907870.0,6216440.0,4381360.0,5101510.0,5028730.0,1476490.0,3421290.0,612500.0,575570.0,34545000.0,24327000.0,28332000.0,27928000.0,8196000.0,19008000.0,3402000.0,3213000.0
20231219,-417880.0,6901690.0,6143160.0,5855040.0,6195710.0,1970390.0,2353190.0,27330.0,62410.0,38827000.0,34521000.0,32920000.0,34857000.0,11079000.0,13249000.0,153000.0,352000.0
20231220,-1927190.0,7432640.0,5412680.0,5639610.0,5732360.0,1788070.0,3089200.0,255490.0,881550.0,41888000.0,30407000.0,31752000.0,32307000.0,10044000.0,17417000.0,1449000.0,5002000.0
20231221,533060.0,6990440.0,6730410.0,5252120.0,6045200.0,3220290.0,2698740.0,125700.0,114190.0,39790000.0,38251000.0,29889000.0,34405000.0,18305000.0,15391000.0,722000.0,660000.0
20231222,-327330.0,6763990.0,6364280.0,6054230.0,6126620.0,1963810.0,2523960.0,352920.0,120100.0,38058000.0,35790000.0,34026000.0,34451000.0,11032000.0,14181000.0,1984000.0,678000.0
20231225,-110180.0,4855600.0,4602310.0,4431240.0,4574360.0,2529690.0,2438670.0,227270.0,428470.0,27242000.0,25813000.0,24859000.0,25645000.0,14181000.0,13679000.0,1265000.0,2409000.0
20231226,-1993060.0,6793940.0,5439880.0,5815190.0,5176180.0,2303660.0,2759910.0,285220.0,1822030.0,39125000.0,31336000.0,33488000.0,29811000.0,13281000.0,15919000.0,1642000.0,10470000.0
20231227,1319670.0,9773920.0,12551970.0,11746270.0,10287900.0,6513870.0,6034470.0,1802290.0,962020.0,54971000.0,70638000.0,65989000.0,57705000.0,36578000.0,33779000.0,9964000.0,5381000.0
20231228,992350.0,13788540.0,14244210.0,14744030.0,15280710.0,6824400.0,7042610.0,1968210.0,757650.0,76489000.0,78735000.0,81703000.0,84774000.0,37812000.0,39100000.0,10816000.0,4212000.0
20231229,369110.0,8458580.0,8846890.0,9397350.0,9378160.0,5179170.0,3950450.0,267060.0,1126670.0,45652000.0,47738000.0,50700000.0,50618000.0,27927000.0,21294000.0,1448000.0,6078000.0
20240102,-1671250.0,7848100.0,5402290.0,7323680.0,8098240.0,3170670.0,4581280.0,319610.0,580250.0,42608000.0,29312000.0,39775000.0,43971000.0,17225000.0,24901000.0,1734000.0,3157000.0
20240103,-2747350.0,8990000.0,7969860.0,7740580.0,6013360.0,3387840.0,4967910.0,0.0,1167280.0,50341000.0,44624000.0,43352000.0,33654000.0,18965000.0,27814000.0,0.0,6566000.0
20240104,-1884990.0,8742770.0,7195690.0,8123680.0,7785770.0,3588970.0,5962110.0,877790.0,389640.0,50115000.0,41148000.0,46534000.0,44605000.0,20535000.0,34219000.0,5014000.0,2227000.0
20240105,-2626370.0,9437250.0,6286490.0,6797630.0,7322020.0,3474960.0,5477150.0,103720.0,727900.0,54904000.0,36533000.0,39512000.0,42563000.0,20215000.0,31878000.0,602000.0,4259000.0
20240108,-2531210.0,9261300.0,6320310.0,7940620.0,8350400.0,3682300.0,5409470.0,161540.0,965580.0,56328000.0,38440000.0,48291000.0,50765000.0,22402000.0,32920000.0,988000.0,5885000.0
20240109,586080.0,10152830.0,9200540.0,9007260.0,10545620.0,5346150.0,4783230.0,392570.0,369410.0,60707000.0,54974000.0,53905000.0,63065000.0,31895000.0,28589000.0,2333000.0,2212000.0
20240110,133230.0,6405380.0,6596210.0,6144860.0,6087250.0,2184800.0,1920220.0,313880.0,445230.0,38524000.0,39628000.0,36942000.0,36598000.0,13119000.0,11553000.0,1885000.0,2691000.0
20240111,1104950.0,6708320.0,6880150.0,5902030.0,6835170.0,3586510.0,2337610.0,394710.0,538660.0,39789000.0,40791000.0,35015000.0,40546000.0,21254000.0,13893000.0,2348000.0,3176000.0
20240112,-849930.0,5857030.0,4463220.0,5309790.0,5853670.0,2691460.0,3574850.0,326880.0,293420.0,34930000.0,26607000.0,31655000.0,34893000.0,16046000.0,21336000.0,1962000.0,1757000.0
20240115,-700230.0,5695170.0,4910180.0,5023590.0,5108350.0,2232250.0,2765640.0,909720.0,1076560.0,34691000.0,29859000.0,30581000.0,31084000.0,13607000.0,16878000.0,5502000.0,6560000.0
20240116,-1016740.0,6398900.0,4851250.0,5553770.0,6084670.0,2107380.0,2463020.0,281000.0,942100.0,39348000.0,29805000.0,34125000.0,37404000.0,12958000.0,15166000.0,1728000.0,5783000.0
20240117,-4633210.0,10563230.0,5215280.0,8049430.0,8764170.0,2458950.0,5978470.0,328850.0,1442540.0,66687000.0,32863000.0,50803000.0,55369000.0,15560000.0,37778000.0,2066000.0,9106000.0
20240118,-1557000.0,11464700.0,9977850.0,9617780.0,9547640.0,4206290.0,5278330.0,413750.0,898710.0,74867000.0,65151000.0,62828000.0,62332000.0,27441000.0,34518000.0,2697000.0,5832000.0
20240119,-2702330.0,7529950.0,4613180.0,6309440.0,6523870.0,2747830.0,4648110.0,806610.0,1608660.0,48854000.0,29876000.0,40922000.0,42385000.0,17848000.0,30170000.0,5282000.0,10475000.0
20240122,-2727170.0,12972010.0,6909650.0,8337030.0,11672210.0,3711490.0,6343860.0,146400.0,241200.0,87845000.0,46911000.0,56473000.0,79018000.0,25191000.0,42953000.0,1000000.0,1628000.0
20240123,-430790.0,9273020.0,8896970.0,6866280.0,6811540.0,3759910.0,3338720.0,1008310.0,1860290.0,63839000.0,61161000.0,47231000.0,46854000.0,25848000.0,23017000.0,6937000.0,12823000.0
20240124,247970.0,8962910.0,7500410.0,7207260.0,8917740.0,4834950.0,4115120.0,578290.0,1050150.0,62274000.0,51947000.0,49979000.0,61857000.0,33433000.0,28577000.0,3999000.0,7304000.0
20240125,1210390.0,9015450.0,9740170.0,8966160.0,9451840.0,5154910.0,4981920.0,1478120.0,440720.0,60651000.0,65469000.0,60226000.0,63452000.0,34661000.0,33558000.0,9921000.0,2980000.0
20240126,-1569090.0,6978220.0,5997310.0,6735590.0,6147420.0,3387530.0,4691280.0,938690.0,1204030.0,46892000.0,40245000.0,45234000.0,41293000.0,22733000.0,31519000.0,6308000.0,8110000.0
20240129,-1627150.0,8451350.0,8011770.0,6541960.0,5354390.0,3720500.0,4727000.0,0.0,620650.0,58724000.0,55729000.0,45375000.0,37127000.0,25902000.0,32850000.0,0.0,4295000.0
20240130,-131110.0,8247560.0,7490090.0,5536750.0,6163110.0,3315190.0,2650760.0,637340.0,1432880.0,58541000.0,53114000.0,39325000.0,43747000.0,23601000.0,18890000.0,4518000.0,10234000.0
20240131,-3233780.0,13407040.0,9028590.0,8118960.0,9263630.0,4320730.0,7154120.0,451240.0,851630.0,100582000.0,67584000.0,60903000.0,69571000.0,32469000.0,53871000.0,3424000.0,6352000.0
20240201,324100.0,9786440.0,9947580.0,6907350.0,7070310.0,3131580.0,2208680.0,393390.0,992190.0,74753000.0,75874000.0,52719000.0,53975000.0,23778000.0,16878000.0,3003000.0,7526000.0
20240202,-648420.0,11954860.0,9803010.0,6647200.0,8150640.0,4195680.0,4640720.0,521060.0,724440.0,93328000.0,76322000.0,51897000.0,63609000.0,32748000.0,36382000.0,3982000.0,5642000.0
20240205,-58280.0,16142880.0,17068490.0,12562780.0,11578880.0,5805410.0,6283670.0,2333790.0,1913810.0,136586000.0,144201000.0,106330000.0,97946000.0,49294000.0,53417000.0,19873000.0,16519000.0
20240206,2071970.0,16471790.0,17335990.0,10182520.0,11390300.0,6220040.0,5399140.0,2816490.0,1565420.0,136698000.0,143108000.0,84106000.0,94222000.0,51131000.0,44510000.0,22345000.0,12440000.0
20240207,4484860.0,19654060.0,19381130.0,15909590.0,20667390.0,12845050.0,12600400.0,10911940.0,6671730.0,143946000.0,141550000.0,116662000.0,151069000.0,93696000.0,91906000.0,78593000.0,48372000.0
20240208,-2244370.0,22396260.0,20055830.0,17332190.0,17428250.0,10865000.0,12487560.0,1794590.0,2416400.0,156072000.0,139630000.0,120791000.0,121507000.0,75812000.0,87180000.0,12531000.0,16889000.0
20240219,-705900.0,17951880.0,17234570.0,14773610.0,14785020.0,7658910.0,7227190.0,1096540.0,2234160.0,124291000.0,119305000.0,102163000.0,102137000.0,52843000.0,49930000.0,7559000.0,15484000.0
20240220,1237210.0,9003200.0,8978670.0,8534840.0,9796580.0,5904240.0,4716940.0,800420.0,750510.0,62476000.0,62227000.0,59174000.0,67915000.0,40876000.0,32738000.0,5511000.0,5157000.0
20240221,-1105560.0,15862440.0,15465470.0,14935860.0,14227260.0,7842680.0,7832780.0,759410.0,1874870.0,106660000.0,103906000.0,100473000.0,95681000.0,52715000.0,52751000.0,5053000.0,12564000.0
20240222,250580.0,12863650.0,11954990.0,11640480.0,12799710.0,6535480.0,6748210.0,2161930.0,1698620.0,85965000.0,79731000.0,77733000.0,85451000.0,43566000.0,45082000.0,14333000.0,11333000.0
20240223,2672710.0,12203300.0,16131520.0,14651190.0,13395680.0,9999990.0,7780080.0,1432760.0,979960.0,79203000.0,104424000.0,94972000.0,86848000.0,64671000.0,50433000.0,9246000.0,6387000.0
20240226,12612710.0,25624850.0,34323920.0,31875070.0,35788720.0,25918560.0,23951840.0,23082660.0,12436670.0,151273000.0,201673000.0,188386000.0,210837000.0,152799000.0,141065000.0,134116000.0,72999000.0
20240227,-1953220.0,32005100.0,34099900.0,36907730.0,32859710.0,24373210.0,26789880.0,7517700.0,7054250.0,187185000.0,199045000.0,215648000.0,191769000.0,141957000.0,156130000.0,43635000.0,41480000.0
20240228,-8787100.0,34119340.0,25383560.0,32179910.0,32128590.0,16826480.0,24009250.0,7168040.0,8772370.0,199497000.0,148240000.0,187832000.0,187952000.0,98402000.0,140466000.0,42047000.0,51120000.0
20240229,8205960.0,19647810.0,26186410.0,25899480.0,27566840.0,19439180.0,13471900.0,4204370.0,1965690.0,115743000.0,153995000.0,152394000.0,162423000.0,114381000.0,79418000.0,24942000.0,11625000.0
20240301,3268930.0,26334460.0,28121350.0,31713290.0,33195330.0,24912510.0,22158460.0,7849580.0,7334700.0,147706000.0,157464000.0,177966000.0,186165000.0,139588000.0,124403000.0,43918000.0,41145000.0
20240304,39010.0,33561630.0,32604840.0,37787420.0,38783220.0,24300270.0,24439600.0,8829870.0,8651530.0,181605000.0,175612000.0,204292000.0,209380000.0,131078000.0,132035000.0,47246000.0,47194000.0
20240305,-9831920.0,27951040.0,18798050.0,26772060.0,26093120.0,15272110.0,20602260.0,3483110.0,7984880.0,150783000.0,101258000.0,144403000.0,140702000.0,82394000.0,111178000.0,18786000.0,43228000.0
20240306,1643940.0,21893000.0,22510610.0,26484670.0,27510990.0,16507380.0,16747580.0,5555830.0,3671690.0,118125000.0,121177000.0,142754000.0,148306000.0,88923000.0,90439000.0,29970000.0,19849000.0
20240307,-7492610.0,36167300.0,27550230.0,36075360.0,37199830.0,22298660.0,26095240.0,3435860.0,7131890.0,189215000.0,143517000.0,188203000.0,194007000.0,116135000.0,136431000.0,17863000.0,37460000.0
20240308,2757880.0,18457680.0,21496470.0,23987300.0,23706380.0,18661110.0,16261820.0,3234670.0,2876080.0,99274000.0,115317000.0,128859000.0,127358000.0,100144000.0,87501000.0,17332000.0,15432000.0
20240311,-1349920.0,16277780.0,14718070.0,17646740.0,17856540.0,11439230.0,12750840.0,1989910.0,2028220.0,86792000.0,78335000.0,94048000.0,95115000.0,60851000.0,67974000.0,10575000.0,10843000.0
20240312,1341240.0,20482490.0,21190680.0,26519040.0,27152080.0,16577630.0,16015650.0,5332080.0,4552820.0,106655000.0,110085000.0,138002000.0,141202000.0,86157000.0,83335000.0,27565000.0,23757000.0
20240313,-2884870.0,17634060.0,13644420.0,19459720.0,20564480.0,12215980.0,13155700.0,2163970.0,4109120.0,91926000.0,71013000.0,101360000.0,107098000.0,63598000.0,68578000.0,11254000.0,21449000.0
20240314,-7709680.0,23024240.0,15540860.0,23637800.0,23411490.0,14271860.0,19482040.0,2647440.0,5146940.0,121454000.0,81644000.0,124419000.0,123229000.0,75041000.0,102761000.0,13847000.0,27126000.0
20240315,1329140.0,18623520.0,20284470.0,22604370.0,22272550.0,16479800.0,16871850.0,5873950.0,4152760.0,97966000.0,106362000.0,118716000.0,116935000.0,86372000.0,88647000.0,30599000.0,21708000.0
20240318,5140310.0,25751860.0,29266580.0,32946590.0,34572180.0,27350710.0,23249060.0,8149290.0,7110630.0,131185000.0,148443000.0,167562000.0,175816000.0,138804000.0,118187000.0,41223000.0,36328000.0
20240319,-7989760.0,26167490.0,19774270.0,29402210.0,27805650.0,16403470.0,20800860.0,2841660.0,6434030.0,131006000.0,98777000.0,146961000.0,139012000.0,81876000.0,104060000.0,14188000.0,32183000.0
20240320,-6745720.0,21361880.0,13775030.0,17717220.0,18558350.0,10765010.0,13601420.0,4453650.0,8362960.0,107999000.0,69548000.0,89544000.0,93700000.0,54375000.0,68756000.0,22492000.0,42407000.0
20240321,-8699830.0,23440470.0,14134510.0,19159900.0,19766030.0,9125380.0,14075640.0,1538370.0,5287940.0,120307000.0,72538000.0,98332000.0,101466000.0,46863000.0,72239000.0,7895000.0,27154000.0
20240322,-6724810.0,20191770.0,13072410.0,17738080.0,18132630.0,10410730.0,13054070.0,3045120.0,7126590.0,106374000.0,68825000.0,93414000.0,95478000.0,54831000.0,68761000.0,16048000.0,37602000.0
20240325,-7428630.0,22475870.0,13678330.0,17675010.0,19043920.0,10868050.0,15551510.0,3065560.0,5810730.0,121439000.0,73613000.0,95392000.0,102815000.0,58671000.0,84033000.0,16544000.0,31586000.0
20240326,-2697030.0,18734620.0,14606680.0,14179470.0,15610380.0,8519270.0,10497660.0,2461950.0,3180590.0,104975000.0,81735000.0,79377000.0,87403000.0,47670000.0,58838000.0,13778000.0,17823000.0
20240327,-3620820.0,13698180.0,10128800.0,11468760.0,11417310.0,5318060.0,7502930.0,1480360.0,2916310.0,78333000.0,57840000.0,65535000.0,65266000.0,30395000.0,42924000.0,8468000.0,16701000.0
20240328,16364200.0,17272810.0,27501660.0,21776620.0,27911970.0,19392140.0,16874990.0,18840440.0,4993390.0,94887000.0,149976000.0,119394000.0,152174000.0,105425000.0,91627000.0,100780000.0,26709000.0
20240329,4500890.0,24701280.0,31502430.0,28134250.0,25833980.0,19541660.0,17189170.0,4375200.0,2226800.0,131509000.0,167211000.0,149442000.0,137328000.0,103937000.0,91632000.0,23182000.0,11898000.0
20240401,2566130.0,19086820.0,20322730.0,20269290.0,21599510.0,14757120.0,12618460.0,3416780.0,2989310.0,98977000.0,105257000.0,105049000.0,111906000.0,76358000.0,65371000.0,17677000.0,15526000.0
20240402,-6090440.0,18781750.0,11690670.0,15112550.0,16113190.0,9020980.0,11585700.0,1584030.0,5109750.0,98882000.0,61486000.0,79519000.0,84804000.0,47488000.0,60959000.0,8337000.0,26978000.0
20240403,-4821850.0,20529940.0,15951180.0,14852700.0,14609600.0,8149670.0,9951070.0,2935460.0,5955910.0,112031000.0,86998000.0,81040000.0,79693000.0,44401000.0,54305000.0,16022000.0,32498000.0
20240408,-2497180.0,11600160.0,9565250.0,9926660.0,9464390.0,5220380.0,7340280.0,1357260.0,1734540.0,64853000.0,53459000.0,55500000.0,52927000.0,29213000.0,41033000.0,7595000.0,9742000.0
20240409,1867620.0,9532320.0,11851750.0,9772870.0,9321070.0,5710540.0,4393330.0,1202130.0,651720.0,53206000.0,66108000.0,54519000.0,51965000.0,31840000.0,24538000.0,6687000.0,3641000.0
20240410,291520.0,13103570.0,12614530.0,12279260.0,13059820.0,5935300.0,5667950.0,659000.0,634830.0,73575000.0,70759000.0,68800000.0,73165000.0,33171000.0,31781000.0,3701000.0,3543000.0
20240411,185380.0,9762310.0,10044250.0,9796500.0,9699950.0,5329000.0,5340940.0,1883280.0,1685960.0,55133000.0,56705000.0,55274000.0,54763000.0,30033000.0,30118000.0,10636000.0,9490000.0
20240412,-3522210.0,9688330.0,6885480.0,9654700.0,8935340.0,3940680.0,6623250.0,1116060.0,1955700.0,55635000.0,39475000.0,55397000.0,51284000.0,22626000.0,38053000.0,6395000.0,11241000.0
20240415,-2465400.0,11895490.0,9019600.0,10309900.0,10720400.0,5172870.0,7206540.0,1010000.0,1441730.0,69830000.0,52789000.0,60506000.0,62912000.0,30332000.0,42400000.0,5953000.0,8521000.0
20240416,-4782550.0,15824490.0,9742030.0,11142990.0,12442910.0,5361810.0,10468280.0,1384770.0,1060850.0,97188000.0,59762000.0,68418000.0,76466000.0,32951000.0,64408000.0,8597000.0,6518000.0
20240417,1845450.0,12238550.0,14111540.0,13354390.0,13326840.0,8600950.0,8087050.0,1866940.0,535390.0,72672000.0,83741000.0,79311000.0,79156000.0,51081000.0,47996000.0,11016000.0,3187000.0
20240418,-475130.0,12869860.0,11886220.0,14479660.0,14988150.0,7922280.0,8284270.0,680270.0,793410.0,75088000.0,69229000.0,84400000.0,87343000.0,46090000.0,48329000.0,3951000.0,4628000.0
20240419,-2067360.0,10865370.0,7685820.0,7586220.0,8698410.0,4874700.0,6478580.0,787790.0,1251270.0,64716000.0,45732000.0,45173000.0,51789000.0,29005000.0,38602000.0,4688000.0,7459000.0
20240422,-2643600.0,8999030.0,7566600.0,8578920.0,7367740.0,3725060.0,5640800.0,332040.0,1059900.0,54537000.0,45829000.0,51966000.0,44631000.0,22562000.0,34157000.0,1992000.0,6440000.0
20240423,1965870.0,11313640.0,11995000.0,12030500.0,13315010.0,6863380.0,5259620.0,1075330.0,713220.0,67644000.0,71623000.0,71868000.0,79495000.0,40861000.0,31399000.0,6383000.0,4239000.0
20240424,-2874770.0,10172770.0,8893110.0,11891610.0,10296500.0,6525590.0,7572540.0,885710.0,2713530.0,60212000.0,52618000.0,70370000.0,60942000.0,38619000.0,44794000.0,5236000.0,16083000.0
20240425,-2899590.0,10729170.0,7626260.0,8937120.0,9140440.0,4749290.0,6733850.0,676570.0,1591600.0,63770000.0,45321000.0,53116000.0,54331000.0,28243000.0,39998000.0,4016000.0,9496000.0
20240426,1281000.0,13061260.0,13035230.0,12552230.0,13859260.0,9006150.0,8912580.0,2007530.0,820100.0,76409000.0,76243000.0,73446000.0,81139000.0,52691000.0,52118000.0,11745000.0,4792000.0
20240429,1798470.0,16048250.0,17344420.0,16926530.0,17428830.0,11740990.0,11087470.0,2436630.0,1291680.0,89858000.0,97048000.0,94771000.0,97522000.0,65664000.0,62120000.0,13627000.0,7230000.0
20240430,-20957520.0,35953390.0,23178740.0,33447680.0,25264820.0,17571470.0,28278670.0,4014820.0,14265140.0,220292000.0,142109000.0,204708000.0,154614000.0,107449000.0,172828000.0,24595000.0,87494000.0
20240506,3359500.0,18556280.0,20192880.0,20639480.0,22362380.0,14387050.0,12970330.0,4328460.0,2385680.0,111072000.0,120629000.0,123584000.0,133753000.0,85983000.0,77695000.0,25725000.0,14288000.0
20240507,-2380100.0,12285630.0,8637060.0,8906040.0,10174500.0,4951660.0,6666560.0,1097240.0,1762440.0,74169000.0,52093000.0,53758000.0,61375000.0,29846000.0,40264000.0,6619000.0,10660000.0
20240508,-6137960.0,14519820.0,9355130.0,11556560.0,10583290.0,5134490.0,8948980.0,1254500.0,3577970.0,90274000.0,58173000.0,71837000.0,65773000.0,31919000.0,55626000.0,7810000.0,22268000.0
20240509,1480600.0,9988550.0,9927890.0,9232870.0,10774150.0,6000820.0,4546350.0,782190.0,756060.0,61335000.0,60960000.0,56714000.0,66166000.0,36826000.0,27913000.0,4801000.0,4637000.0
20240510,-1915210.0,9597600.0,8640150.0,9405040.0,8447280.0,4820380.0,5799740.0,440220.0,1376070.0,59916000.0,53962000.0,58733000.0,52713000.0,30098000.0,36203000.0,2751000.0,8620000.0
20240513,-2423880.0,11042650.0,7185740.0,9039400.0,10472420.0,5035780.0,6437370.0,669330.0,1691620.0,71148000.0,46217000.0,58212000.0,67477000.0,32416000.0,41504000.0,4317000.0,10895000.0
20240514,-1391250.0,6827590.0,5863300.0,6847930.0,6420970.0,3457190.0,4961130.0,576160.0,463470.0,43749000.0,37549000.0,43856000.0,41116000.0,22116000.0,31784000.0,3693000.0,2965000.0
20240515,-869710.0,5378720.0,4010290.0,4711980.0,5210700.0,2776330.0,3425860.0,357960.0,578140.0,34736000.0,25884000.0,30416000.0,33652000.0,17936000.0,22137000.0,2322000.0,3737000.0
20240516,-1316080.0,6968010.0,5943200.0,6601340.0,6310060.0,3758070.0,4653370.0,1088880.0,1509660.0,45198000.0,38506000.0,42795000.0,40879000.0,24327000.0,30153000.0,7045000.0,9826000.0
20240517,-87680.0,6660540.0,5906550.0,5921430.0,6587730.0,3409850.0,3356900.0,905470.0,1046100.0,43365000.0,38423000.0,38551000.0,42872000.0,22159000.0,21873000.0,5885000.0,6792000.0
20240520,778020.0,7141760.0,7482690.0,7502290.0,7939380.0,5164670.0,4137120.0,544850.0,794380.0,45468000.0,47628000.0,47785000.0,50534000.0,32866000.0,26353000.0,3466000.0,5070000.0
20240521,-2232160.0,6183280.0,4307590.0,5158480.0,4802010.0,2510940.0,3055970.0,209340.0,1896470.0,39946000.0,27818000.0,33322000.0,31011000.0,16232000.0,19735000.0,1361000.0,12297000.0
20240522,419080.0,4379500.0,4318800.0,4556830.0,5036620.0,2023640.0,2237100.0,982750.0,350210.0,28263000.0,27865000.0,29398000.0,32492000.0,13052000.0,14430000.0,6334000.0,2260000.0
20240523,-4065150.0,8194910.0,4565740.0,6486130.0,6050140.0,2306640.0,4697090.0,851160.0,2525860.0,53741000.0,29893000.0,42539000.0,39655000.0,15151000.0,30860000.0,5621000.0,16644000.0
20240524,-2944760.0,7996640.0,4558430.0,5883600.0,6377040.0,3861200.0,5767770.0,383790.0,1421980.0,53769000.0,30586000.0,39552000.0,42849000.0,25962000.0,38835000.0,2565000.0,9578000.0
20240527,-894380.0,6684630.0,5616950.0,5431040.0,5604340.0,2408520.0,3540500.0,1176010.0,938410.0,45486000.0,38124000.0,36917000.0,38140000.0,16363000.0,24116000.0,8008000.0,6394000.0
20240528,-39920.0,4601740.0,4583210.0,4241290.0,4219900.0,1664550.0,3260450.0,1784050.0,228070.0,30873000.0,30732000.0,28446000.0,28300000.0,11164000.0,21866000.0,11952000.0,1537000.0
20240529,-438170.0,3914410.0,3355900.0,3705190.0,3825530.0,1887930.0,1995820.0,235230.0,565510.0,26414000.0,22632000.0,24987000.0,25797000.0,12728000.0,13474000.0,1581000.0,3807000.0
20240530,635170.0,4575160.0,4951030.0,4485340.0,4744640.0,2977750.0,2394240.0,152220.0,100560.0,30758000.0,33251000.0,30126000.0,31865000.0,19963000.0,16076000.0,1024000.0,679000.0
20240531,1969610.0,5921430.0,7730280.0,6493190.0,6653950.0,4481450.0,3022600.0,1326770.0,816010.0,39022000.0,50921000.0,42770000.0,43836000.0,29521000.0,19906000.0,8726000.0,5376000.0
20240603,-1128280.0,9443070.0,8113030.0,7058730.0,7260500.0,3795000.0,4208940.0,242120.0,956460.0,62184000.0,53442000.0,46524000.0,47806000.0,24982000.0,27722000.0,1597000.0,6317000.0
20240604,-612780.0,5367980.0,4612930.0,4807680.0,4949950.0,2203350.0,2625890.0,274760.0,465000.0,36048000.0,30914000.0,32255000.0,33200000.0,14775000.0,17644000.0,1823000.0,3143000.0
20240605,-352390.0,4311810.0,4421400.0,4796840.0,4334850.0,1879690.0,2348690.0,266480.0,149870.0,28593000.0,29308000.0,31805000.0,28730000.0,12451000.0,15583000.0,1758000.0,986000.0
20240606,-1824090.0,8244820.0,5690020.0,6459880.0,7190570.0,3610750.0,4629750.0,460220.0,1265310.0,56343000.0,38828000.0,44116000.0,49054000.0,24624000.0,31713000.0,3142000.0,8630000.0
20240607,-18120.0,4675670.0,4547470.0,4453290.0,4563360.0,2557020.0,2563400.0,529280.0,541020.0,32097000.0,31228000.0,30572000.0,31319000.0,17536000.0,17570000.0,3620000.0,3708000.0
20240611,-183580.0,6663330.0,7356360.0,5450090.0,4573480.0,2400380.0,2346240.0,0.0,237720.0,46106000.0,50850000.0,37719000.0,31681000.0,16624000.0,16238000.0,0.0,1680000.0
20240612,4023520.0,11538180.0,15643430.0,14274610.0,14192880.0,9534910.0,9208500.0,4408670.0,711560.0,75556000.0,102340000.0,93426000.0,92945000.0,62390000.0,60271000.0,28824000.0,4640000.0
20240613,3436970.0,12857140.0,16601400.0,15530160.0,15222870.0,12091110.0,9989740.0,2948520.0,1612920.0,82316000.0,106229000.0,99527000.0,97499000.0,77225000.0,63950000.0,18995000.0,10385000.0
20240614,-513670.0,10821490.0,9887770.0,9589390.0,10009430.0,4658680.0,4810830.0,583970.0,945490.0,69699000.0,63690000.0,61760000.0,64452000.0,30015000.0,31003000.0,3765000.0,6093000.0
20240617,-967510.0,5324860.0,5199040.0,6376490.0,5534810.0,3064130.0,3593850.0,210900.0,648690.0,34320000.0,33502000.0,41103000.0,35671000.0,19752000.0,23174000.0,1352000.0,4180000.0
20240618,-28700.0,6778120.0,6778720.0,7318590.0,7289280.0,4081730.0,3970500.0,69960.0,209890.0,43456000.0,43433000.0,46905000.0,46713000.0,26150000.0,25468000.0,446000.0,1342000.0
20240619,-2435480.0,7366380.0,5626620.0,6860480.0,6164770.0,3173350.0,4420890.0,182010.0,1369950.0,47820000.0,36512000.0,44540000.0,39995000.0,20594000.0,28723000.0,1188000.0,8912000.0
20240620,-1792670.0,7353880.0,5540120.0,6458330.0,6479430.0,3112980.0,4253670.0,227670.0,879650.0,48900000.0,36797000.0,42970000.0,43064000.0,20695000.0,28344000.0,1508000.0,5868000.0
20240621,-230590.0,4385350.0,4872090.0,4627270.0,3909940.0,1972730.0,2149670.0,373930.0,427580.0,29816000.0,33120000.0,31453000.0,26573000.0,13418000.0,14624000.0,2542000.0,2912000.0
20240624,-407470.0,6117920.0,5587500.0,5154520.0,5277460.0,2681640.0,2549170.0,563610.0,1103550.0,42177000.0,38448000.0,35535000.0,36388000.0,18505000.0,17638000.0,3906000.0,7649000.0
20240625,185560.0,7784960.0,7845230.0,8572520.0,8697810.0,3818180.0,3663430.0,248450.0,217640.0,53329000.0,53669000.0,58648000.0,59503000.0,26068000.0,25045000.0,1680000.0,1508000.0
20240626,-342040.0,6332690.0,6571090.0,7163670.0,6583220.0,3438930.0,3578110.0,70210.0,273070.0,43902000.0,45430000.0,49529000.0,45543000.0,23706000.0,24793000.0,482000.0,1853000.0
20240627,-1635050.0,7731960.0,8077860.0,7497400.0,5516450.0,2657110.0,4416090.0,615060.0,491130.0,53722000.0,55959000.0,51977000.0,38336000.0,18479000.0,30760000.0,4285000.0,3408000.0
20240628,-410440.0,6545360.0,6395880.0,6422570.0,6161600.0,2872500.0,3075570.0,0.0,207370.0,45616000.0,44538000.0,44724000.0,42907000.0,20026000.0,21469000.0,0.0,1452000.0
20240701,-1101230.0,7363320.0,6669390.0,6256440.0,5849130.0,2463830.0,3354630.0,265580.0,476010.0,52608000.0,47576000.0,44643000.0,41750000.0,17546000.0,23961000.0,1889000.0,3400000.0
20240702,304800.0,4810130.0,6379350.0,6498060.0,5233640.0,2714570.0,2447420.0,163300.0,125650.0,33911000.0,44961000.0,45776000.0,36871000.0,19137000.0,17255000.0,1155000.0,892000.0
20240703,-281380.0,4818400.0,4918660.0,4171790.0,3790140.0,1322480.0,1678200.0,74340.0,0.0,34468000.0,35151000.0,29823000.0,27109000.0,9457000.0,12024000.0,536000.0,0.0
20240704,598730.0,6626900.0,6666270.0,5572020.0,6131380.0,3578980.0,2769190.0,153150.0,364210.0,47595000.0,47777000.0,39926000.0,43936000.0,25629000.0,19930000.0,1077000.0,2584000.0
20240705,-514440.0,6556590.0,6322140.0,6074470.0,5794470.0,3064550.0,3444990.0,0.0,134000.0,48744000.0,46943000.0,45145000.0,43033000.0,22737000.0,25651000.0,0.0,1000000.0
20240708,-2112140.0,6614570.0,3794640.0,4071100.0,4778890.0,2053210.0,3431160.0,127630.0,861820.0,50140000.0,28735000.0,30909000.0,36260000.0,15609000.0,26047000.0,981000.0,6597000.0
20240709,1397940.0,7877850.0,8025900.0,6384200.0,7634090.0,4652760.0,3392910.0,482980.0,344890.0,59260000.0,60160000.0,47820000.0,57210000.0,34768000.0,25469000.0,3585000.0,2593000.0
20240710,-173450.0,5906470.0,5352300.0,5448250.0,5828970.0,3583650.0,3471190.0,634120.0,920030.0,42923000.0,38875000.0,39603000.0,42373000.0,26064000.0,25259000.0,4600000.0,6683000.0
20240711,-5810170.0,19407210.0,15229350.0,19283560.0,17651230.0,12389990.0,14368630.0,2382340.0,6213870.0,148374000.0,116394000.0,147258000.0,134885000.0,94564000.0,109882000.0,17977000.0,47013000.0
20240712,-3411590.0,14060660.0,11494040.0,11761920.0,10916960.0,6323590.0,7684010.0,139040.0,2190210.0,110887000.0,90655000.0,92804000.0,86099000.0,49889000.0,60620000.0,1105000.0,17310000.0
20240715,-1391790.0,6541910.0,4983870.0,5485230.0,5651490.0,2900630.0,3478850.0,341710.0,1155280.0,52586000.0,40041000.0,44081000.0,45411000.0,23303000.0,27970000.0,2754000.0,9302000.0
20240716,1069080.0,5540770.0,6697650.0,5398310.0,5310500.0,3368180.0,2424400.0,125300.0,0.0,44393000.0,53625000.0,43194000.0,42482000.0,26932000.0,19412000.0,1000000.0,0.0
20240717,-777240.0,6193040.0,4972300.0,4170630.0,4614130.0,2179960.0,2560880.0,0.0,396320.0,49701000.0,39891000.0,33456000.0,37012000.0,17482000.0,20547000.0,0.0,3189000.0
20240718,-486610.0,7659960.0,7211110.0,5656980.0,5619220.0,2026130.0,2265470.0,0.0,247270.0,62526000.0,58816000.0,46144000.0,45813000.0,16483000.0,18517000.0,0.0,2006000.0
20240719,163130.0,6126140.0,6994820.0,6009590.0,5304050.0,2916910.0,2611120.0,500520.0,643180.0,49042000.0,55971000.0,48109000.0,42439000.0,23318000.0,20917000.0,3994000.0,5136000.0
20240722,-895350.0,5338900.0,4765250.0,5299950.0,4978250.0,2819180.0,2847430.0,104490.0,971590.0,42467000.0,37876000.0,42155000.0,39581000.0,22409000.0,22640000.0,828000.0,7761000.0
20240723,-1367870.0,6488550.0,5192980.0,4935700.0,4863400.0,2262920.0,3343060.0,0.0,287730.0,52411000.0,41911000.0,39874000.0,39295000.0,18301000.0,27032000.0,0.0,2347000.0
20240724,-1100270.0,6127750.0,4371600.0,3903570.0,4559450.0,1674370.0,2766290.0,111650.0,120000.0,50812000.0,36222000.0,32357000.0,37801000.0,13896000.0,22963000.0,922000.0,1000000.0
20240725,-713870.0,4843650.0,3883480.0,3920430.0,4166740.0,1874020.0,2103800.0,0.0,484090.0,40156000.0,32188000.0,32517000.0,34547000.0,15518000.0,17439000.0,0.0,4017000.0
20240726,-73430.0,6328360.0,5771070.0,5563780.0,6047650.0,3414040.0,3008600.0,957740.0,1436610.0,51468000.0,46899000.0,45232000.0,49178000.0,27758000.0,24480000.0,7797000.0,11699000.0
20240729,-886130.0,4539750.0,3562140.0,3675990.0,3767460.0,1702790.0,2090720.0,0.0,498200.0,37192000.0,29176000.0,30121000.0,30864000.0,13951000.0,17129000.0,0.0,4094000.0
20240730,742890.0,5349710.0,5927100.0,4881240.0,5046740.0,2162120.0,1862820.0,443590.0,0.0,43804000.0,48410000.0,39862000.0,41272000.0,17631000.0,15248000.0,3633000.0,0.0
20240731,2645460.0,14056830.0,16176690.0,12552220.0,13077820.0,8725510.0,8215960.0,3176560.0,1040650.0,108700000.0,125087000.0,97233000.0,101235000.0,67464000.0,63637000.0,24577000.0,8016000.0
20240801,-1951750.0,15835690.0,13548980.0,14084900.0,14419860.0,8213430.0,9685650.0,2267810.0,2747340.0,117941000.0,100676000.0,104773000.0,107254000.0,61072000.0,72116000.0,16819000.0,20560000.0
20240802,-1591670.0,9352830.0,7203840.0,8281920.0,8839230.0,4116740.0,5553230.0,283320.0,438500.0,70074000.0,53912000.0,61961000.0,66198000.0,30795000.0,41573000.0,2133000.0,3280000.0
20240805,-1669040.0,9806180.0,7575470.0,6716600.0,7278270.0,3927280.0,5249520.0,567750.0,914550.0,74985000.0,57752000.0,51284000.0,55564000.0,29841000.0,40136000.0,4318000.0,6976000.0
20240806,-998510.0,6575070.0,5475570.0,5433740.0,5534720.0,2881360.0,3249420.0,356970.0,987420.0,50688000.0,42156000.0,41837000.0,42623000.0,22172000.0,25041000.0,2745000.0,7622000.0
20240807,-122880.0,5921250.0,6328970.0,5899420.0,5368810.0,2875580.0,3503790.0,997140.0,491810.0,45322000.0,48365000.0,45101000.0,41055000.0,21939000.0,26801000.0,7632000.0,3773000.0
20240808,-1169910.0,6331390.0,4919530.0,4855080.0,5097030.0,2085150.0,2519680.0,51350.0,786730.0,49567000.0,38443000.0,37962000.0,39860000.0,16264000.0,19730000.0,400000.0,6160000.0
20240809,-406830.0,4623840.0,4610470.0,4159500.0,3766020.0,1555700.0,2185100.0,573100.0,350530.0,35753000.0,35605000.0,32117000.0,29097000.0,12021000.0,16870000.0,4400000.0,2719000.0
20240812,-824730.0,3999220.0,3204010.0,3257560.0,3228040.0,1021010.0,1748470.0,215950.0,313220.0,31650000.0,25359000.0,25794000.0,25561000.0,8090000.0,13846000.0,1717000.0,2485000.0
20240813,10400.0,3995770.0,3823270.0,3309720.0,3492610.0,1471270.0,1119120.0,117300.0,459050.0,31757000.0,30353000.0,26269000.0,27734000.0,11661000.0,8878000.0,928000.0,3650000.0
20240814,44820.0,3628130.0,3136580.0,2658650.0,3195020.0,1229330.0,1226120.0,41610.0,0.0,28873000.0,24939000.0,21134000.0,25410000.0,9773000.0,9760000.0,329000.0,0.0
20240815,2135790.0,7523260.0,9272490.0,6971890.0,7358450.0,4960990.0,3295480.0,1409770.0,939490.0,58503000.0,72007000.0,54195000.0,57133000.0,38451000.0,25574000.0,10857000.0,7292000.0
20240816,-491300.0,5085400.0,4347180.0,4466450.0,4713350.0,2433140.0,2692230.0,0.0,232210.0,39390000.0,33652000.0,34574000.0,36473000.0,18829000.0,20868000.0,0.0,1800000.0
20240819,-6280.0,4835650.0,4901450.0,4261580.0,4189500.0,2329810.0,1968350.0,251020.0,618760.0,37485000.0,37971000.0,33026000.0,32442000.0,18029000.0,15255000.0,1943000.0,4815000.0
20240820,-1735950.0,5942110.0,4432460.0,4436510.0,4210210.0,1858640.0,3130430.0,140980.0,605140.0,47400000.0,35327000.0,35403000.0,33561000.0,14802000.0,24981000.0,1118000.0,4853000.0
20240821,121340.0,7431070.0,8307260.0,7456080.0,6701230.0,3646490.0,3782730.0,820010.0,562430.0,58647000.0,65507000.0,58707000.0,52719000.0,28721000.0,29858000.0,6497000.0,4488000.0
20240822,-1745910.0,7249480.0,5304510.0,5312660.0,5511730.0,2230320.0,3607620.0,798670.0,1167280.0,59319000.0,43385000.0,43485000.0,45106000.0,18304000.0,29550000.0,6531000.0,9599000.0
20240823,-603210.0,4946110.0,3494370.0,3042800.0,3891340.0,1622980.0,1969730.0,99010.0,355470.0,41056000.0,28991000.0,25261000.0,32295000.0,13470000.0,16363000.0,821000.0,2959000.0
20240826,-384280.0,4226560.0,3966360.0,3919020.0,3794930.0,1111210.0,1885950.0,822820.0,432360.0,34556000.0,32372000.0,32000000.0,30998000.0,9078000.0,15418000.0,6693000.0,3539000.0
20240827,-1774870.0,6660070.0,4295890.0,4379240.0,4968550.0,2698650.0,3293860.0,213600.0,1393260.0,56644000.0,36541000.0,37273000.0,42292000.0,22980000.0,28034000.0,1832000.0,11862000.0
20240828,-193550.0,4593270.0,3924230.0,3285290.0,3760760.0,1377540.0,1557100.0,424170.0,438160.0,39030000.0,33339000.0,27924000.0,31974000.0,11722000.0,13256000.0,3596000.0,3703000.0
20240829,-377220.0,8307240.0,7482990.0,5986030.0,6433060.0,2176100.0,2440900.0,228160.0,340580.0,68359000.0,61547000.0,49309000.0,52968000.0,17890000.0,20139000.0,1864000.0,2768000.0
20240830,-907480.0,11353110.0,10868240.0,8825930.0,8403310.0,5233030.0,6183190.0,1581720.0,1539040.0,93103000.0,89010000.0,72374000.0,68891000.0,42803000.0,50624000.0,12924000.0,12679000.0
20240902,-1785360.0,6710340.0,4646290.0,4491010.0,4769690.0,2162490.0,3126110.0,126920.0,948660.0,56300000.0,38975000.0,37649000.0,39994000.0,18198000.0,26256000.0,1055000.0,7977000.0
20240903,579670.0,4812690.0,5550000.0,4180540.0,4022900.0,2366710.0,1892010.0,127150.0,22180.0,40171000.0,46291000.0,34923000.0,33594000.0,19702000.0,15770000.0,1044000.0,185000.0
20240904,-193810.0,4450040.0,3828180.0,3115760.0,3543820.0,1427030.0,1538790.0,307280.0,389330.0,36893000.0,31708000.0,25821000.0,29374000.0,11814000.0,12759000.0,2546000.0,3233000.0
20240905,-210720.0,4376220.0,3902700.0,3410930.0,3673730.0,1723110.0,1682570.0,240850.0,492110.0,35785000.0,31908000.0,27874000.0,30046000.0,14095000.0,13750000.0,1968000.0,4018000.0
20240906,-888580.0,3963330.0,2984020.0,2583210.0,2673940.0,715120.0,1349410.0,0.0,254290.0,32966000.0,24801000.0,21484000.0,22241000.0,5960000.0,11245000.0,0.0,2123000.0
20240909,186280.0,3403960.0,3778950.0,2399790.0,2211080.0,1394920.0,898770.0,112840.0,422710.0,28603000.0,31746000.0,20170000.0,18590000.0,11731000.0,7558000.0,949000.0,3559000.0
20240910,-737090.0,4127570.0,3652700.0,3069470.0,2807250.0,1000970.0,1601880.0,0.0,136180.0,34783000.0,30745000.0,25835000.0,23630000.0,8388000.0,13474000.0,0.0,1157000.0
20240911,-189690.0,3452520.0,3048060.0,2525780.0,2740560.0,1229340.0,1604570.0,461750.0,276210.0,28725000.0,25356000.0,21015000.0,22800000.0,10224000.0,13350000.0,3847000.0,2305000.0
20240912,-240170.0,3700160.0,3128260.0,2520750.0,2852470.0,1290510.0,1385060.0,127440.0,273060.0,30598000.0,25846000.0,20820000.0,23585000.0,10667000.0,11461000.0,1048000.0,2241000.0
20240913,-844460.0,3702320.0,3031310.0,2792620.0,2619160.0,1046520.0,1434000.0,0.0,456980.0,31403000.0,25699000.0,23665000.0,22206000.0,8883000.0,12176000.0,0.0,3870000.0
20240918,-975590.0,3750030.0,2916890.0,2327220.0,2184780.0,757070.0,1504450.0,0.0,228210.0,32410000.0,25189000.0,20125000.0,18871000.0,6542000.0,13030000.0,0.0,1987000.0
20240919,167550.0,6555480.0,6675960.0,4908480.0,4955570.0,2174570.0,2183030.0,628890.0,452880.0,54614000.0,55683000.0,41027000.0,41298000.0,18137000.0,18255000.0,5219000.0,3762000.0
20240920,-446500.0,4314100.0,3852880.0,2858660.0,2873370.0,1173220.0,1652400.0,271960.0,239280.0,36065000.0,32213000.0,23892000.0,24015000.0,9820000.0,13814000.0,2265000.0,2000000.0
20240923,-134220.0,2959760.0,3339790.0,2357330.0,1843070.0,854570.0,888020.0,0.0,100770.0,24820000.0,27998000.0,19768000.0,15457000.0,7160000.0,7449000.0,0.0,844000.0
20240924,2036270.0,8826570.0,10285710.0,7223880.0,7801010.0,4731640.0,3395200.0,937380.0,237550.0,71992000.0,83883000.0,58905000.0,63595000.0,38599000.0,27670000.0,7568000.0,1916000.0
20240925,-80350.0,9256560.0,8417390.0,7609520.0,8368350.0,4759980.0,4291880.0,664420.0,1212870.0,72692000.0,65961000.0,59710000.0,65674000.0,37268000.0,33668000.0,5208000.0,9575000.0
20240926,1278900.0,9829070.0,11010290.0,8999120.0,9096810.0,6303330.0,4967640.0,1029070.0,1085860.0,76197000.0,85290000.0,69830000.0,70537000.0,48904000.0,38604000.0,7908000.0,8407000.0
20240927,630910.0,14159490.0,14113010.0,13583500.0,14260890.0,8254470.0,8019640.0,1205510.0,809430.0,102952000.0,102390000.0,98825000.0,103837000.0,60070000.0,58466000.0,8729000.0,5883000.0
20240930,-2380210.0,24472370.0,19963520.0,22661780.0,24790410.0,13750780.0,15093750.0,5192480.0,6229720.0,161589000.0,131659000.0,149529000.0,163608000.0,90774000.0,99705000.0,34216000.0,41136000.0
20241008,-1758320.0,24919560.0,20461530.0,29232420.0,31932130.0,18393680.0,23487280.0,8983210.0,5647930.0,150667000.0,123312000.0,176319000.0,192526000.0,110878000.0,141727000.0,53759000.0,34059000.0
20241009,-5873320.0,24207360.0,20428400.0,23715600.0,21621240.0,14885700.0,17835770.0,3737270.0,6660520.0,154192000.0,129643000.0,150858000.0,137497000.0,94556000.0,113654000.0,23790000.0,42603000.0
20241010,-4001440.0,17326520.0,13343040.0,13964390.0,13946430.0,7603260.0,9734430.0,1397830.0,3268100.0,114709000.0,88031000.0,92342000.0,92167000.0,50224000.0,64487000.0,9205000.0,21796000.0
20241011,-3912450.0,14536860.0,11578340.0,12181530.0,11227600.0,6860560.0,9175060.0,258850.0,1856800.0,102680000.0,81691000.0,86041000.0,79235000.0,48310000.0,64702000.0,1837000.0,13240000.0
20241014,1098640.0,11339230.0,11686430.0,10969780.0,11721210.0,6935830.0,5596290.0,466930.0,707830.0,81024000.0,83176000.0,78172000.0,83415000.0,49127000.0,39976000.0,3312000.0,5068000.0
20241015,-1596500.0,11009530.0,10114550.0,9651620.0,8950100.0,4698670.0,5815690.0,891600.0,1371080.0,77199000.0,70793000.0,67576000.0,62669000.0,32904000.0,40792000.0,6257000.0,9681000.0
20241016,800340.0,7135790.0,7402020.0,6640580.0,7174680.0,4185320.0,3727420.0,599240.0,256800.0,51048000.0,52917000.0,47469000.0,51310000.0,29930000.0,26645000.0,4262000.0,1837000.0
20241017,-635790.0,7507630.0,7410910.0,7950240.0,7411150.0,3500580.0,2972970.0,249260.0,1412660.0,53234000.0,52493000.0,56318000.0,52516000.0,24766000.0,21055000.0,1759000.0,10013000.0
20241018,127960.0,16986700.0,14642870.0,11693460.0,14165240.0,7557720.0,7394480.0,1112150.0,1147430.0,117315000.0,101404000.0,81090000.0,98131000.0,52504000.0,51161000.0,7703000.0,7916000.0
20241021,-573630.0,13697800.0,14308830.0,14539370.0,13354710.0,8301970.0,8764800.0,1239640.0,1350440.0,91947000.0,95983000.0,97524000.0,89569000.0,55624000.0,58800000.0,8335000.0,9078000.0
20241022,3314940.0,12269800.0,15328060.0,14978670.0,15235350.0,12233230.0,10726630.0,4319880.0,2511540.0,81480000.0,101774000.0,99455000.0,101014000.0,81031000.0,71072000.0,28578000.0,16685000.0
20241023,-2770580.0,11686890.0,9440480.0,12057890.0,11533720.0,6327110.0,7307580.0,669290.0,2459400.0,77140000.0,62254000.0,79568000.0,76051000.0,41719000.0,48254000.0,4402000.0,16269000.0
20241024,-2186460.0,9203290.0,7268880.0,8649270.0,8397230.0,3941300.0,5924950.0,2492650.0,2695460.0,61323000.0,48371000.0,57569000.0,55895000.0,26241000.0,39479000.0,16601000.0,17989000.0
20241025,-26910.0,9514710.0,8259500.0,8653930.0,9882220.0,6466340.0,5972420.0,596590.0,1117420.0,62891000.0,54573000.0,57193000.0,65273000.0,42701000.0,39510000.0,3936000.0,7365000.0
20241028,-2429490.0,9113160.0,7032800.0,8092610.0,7743490.0,5494100.0,7093670.0,671540.0,1501460.0,60491000.0,46674000.0,53709000.0,51384000.0,36463000.0,47095000.0,4460000.0,9970000.0
20241029,-2419040.0,11897520.0,10959940.0,12522470.0,11041010.0,6262700.0,8754440.0,2643370.0,2570670.0,78963000.0,72522000.0,83002000.0,73093000.0,41459000.0,58131000.0,17433000.0,17111000.0
20241030,-1014790.0,9755780.0,8860910.0,9275340.0,9155400.0,5553990.0,5453550.0,1341840.0,2457070.0,65214000.0,59184000.0,61941000.0,61135000.0,37068000.0,36459000.0,8928000.0,16373000.0
20241031,-541930.0,13985500.0,11435440.0,10993880.0,13002010.0,9277080.0,9084550.0,2425120.0,3159580.0,93401000.0,76294000.0,73400000.0,86701000.0,61755000.0,60593000.0,16161000.0,21129000.0
20241101,-1123150.0,12642290.0,11037360.0,11360650.0,11842430.0,6683550.0,7861700.0,1152450.0,1097450.0,85252000.0,74258000.0,76520000.0,79880000.0,45005000.0,53037000.0,7808000.0,7410000.0
20241104,18965750.0,6793470.0,18446460.0,9466250.0,16779020.0,12208240.0,9539800.0,18749130.0,2451820.0,43227000.0,115785000.0,60081000.0,105646000.0,77008000.0,60177000.0,116587000.0,15296000.0
20241105,-7355490.0,60627110.0,55788130.0,62860640.0,60344120.0,43190700.0,49746260.0,22572150.0,23372080.0,358110000.0,328936000.0,371267000.0,356268000.0,254848000.0,294153000.0,133378000.0,138244000.0
20241106,-4739560.0,53759450.0,51072280.0,62152100.0,60099720.0,44320580.0,39892240.0,14617070.0,23784970.0,307586000.0,291534000.0,355220000.0,343466000.0,252898000.0,228166000.0,83550000.0,136089000.0
20241107,-4427650.0,32252190.0,26224480.0,29929700.0,31529770.0,20820090.0,23851920.0,8365210.0,9761030.0,190277000.0,154558000.0,176486000.0,185884000.0,122743000.0,140720000.0,49297000.0,57641000.0
20241108,4552260.0,34012640.0,36151940.0,40048640.0,42461610.0,31991560.0,30273870.0,10745010.0,7910440.0,191777000.0,203488000.0,225663000.0,239104000.0,179982000.0,170556000.0,60190000.0,44464000.0
20241111,-786740.0,32742480.0,34455690.0,38671680.0,36171730.0,28063000.0,27373880.0,8945750.0,10421610.0,180979000.0,190220000.0,213626000.0,199805000.0,154983000.0,151334000.0,49436000.0,57665000.0
20241112,-2397580.0,31234870.0,25262770.0,27803810.0,31378330.0,22161140.0,21980100.0,5827050.0,8405670.0,172942000.0,139560000.0,153806000.0,173478000.0,122421000.0,121663000.0,32107000.0,46575000.0
20241113,-4746000.0,27588450.0,19686850.0,21662780.0,24818380.0,13288840.0,16798900.0,3160760.0,4396700.0,158046000.0,112600000.0,123975000.0,142096000.0,76043000.0,96166000.0,18121000.0,25324000.0
20241114,-4949110.0,19416400.0,14732260.0,16738080.0,16473120.0,8830020.0,11299600.0,899190.0,3378720.0,111644000.0,84477000.0,96015000.0,94607000.0,50554000.0,64905000.0,5205000.0,19430000.0
20241115,2328240.0,22414770.0,24503580.0,24836910.0,25076340.0,18191630.0,16126930.0,4535160.0,4271620.0,130219000.0,142165000.0,144150000.0,145464000.0,105474000.0,93677000.0,26336000.0,24873000.0
20241118,-8638920.0,22422210.0,16930690.0,21227730.0,18080330.0,11234650.0,15127590.0,2531160.0,7277140.0,134886000.0,101584000.0,127360000.0,108519000.0,67402000.0,90880000.0,14979000.0,43644000.0
20241119,1700730.0,26044140.0,27472410.0,26824940.0,27097400.0,19570940.0,16622020.0,5066880.0,6315070.0,153567000.0,161539000.0,157894000.0,159598000.0,115001000.0,97935000.0,29691000.0,37080000.0
20241120,4125670.0,43718090.0,48795760.0,48365170.0,47413160.0,31446780.0,32650910.0,15066190.0,9736390.0,240670000.0,268398000.0,266136000.0,260839000.0,172906000.0,179775000.0,82896000.0,53596000.0
20241121,-4697020.0,30705490.0,22756480.0,24893450.0,28145440.0,16825410.0,18780340.0,2483800.0,5225890.0,172041000.0,127410000.0,139439000.0,157639000.0,94177000.0,105224000.0,13944000.0,29329000.0
20241122,682120.0,24818610.0,24289780.0,23509640.0,24720580.0,17748200.0,17888750.0,4980360.0,4157690.0,139997000.0,136606000.0,132324000.0,139229000.0,99806000.0,100849000.0,28078000.0,23521000.0
20241125,-2719480.0,20488930.0,17617570.0,18896770.0,19048650.0,10829550.0,11848050.0,1923920.0,3624900.0,120040000.0,103013000.0,110547000.0,111419000.0,63296000.0,69453000.0,11340000.0,21338000.0
20241126,-5335610.0,21255200.0,17719990.0,18905640.0,17105240.0,7615300.0,12275190.0,2163460.0,2839180.0,126066000.0,104933000.0,111991000.0,101353000.0,45114000.0,72797000.0,12822000.0,16910000.0
20241127,1605040.0,16965080.0,16819590.0,15790410.0,17540950.0,9715570.0,9007570.0,3418460.0,2521420.0,103064000.0,101817000.0,95888000.0,106306000.0,58790000.0,54846000.0,20564000.0,15337000.0
20241128,-1755200.0,13101740.0,10710560.0,12690960.0,13326950.0,7097260.0,8203450.0,518330.0,1167340.0,78358000.0,63986000.0,75819000.0,79658000.0,42408000.0,49060000.0,3105000.0,6986000.0
20241129,29937290.0,15547580.0,33542980.0,23097830.0,35039710.0,21309180.0,18337900.0,32570950.0,5604940.0,90210000.0,190573000.0,133424000.0,199155000.0,121590000.0,104073000.0,179952000.0,31375000.0
20241202,-9983360.0,62036560.0,51355850.0,69469460.0,70166820.0,51161170.0,59385260.0,17690000.0,19449270.0,322757000.0,266999000.0,361625000.0,365045000.0,266186000.0,308768000.0,91643000.0,101398000.0
20241203,-7083260.0,47015150.0,38542950.0,45059810.0,46448760.0,29094560.0,36665960.0,9831920.0,9343780.0,244942000.0,200551000.0,234609000.0,241768000.0,151334000.0,190848000.0,51075000.0,48794000.0
20241204,10385520.0,52814210.0,61337610.0,62634190.0,64496320.0,48157330.0,49771380.0,23928880.0,11929310.0,267900000.0,310323000.0,317054000.0,326531000.0,243544000.0,251693000.0,120277000.0,60229000.0
20241205,-5508220.0,50924990.0,45573910.0,55477730.0,55320600.0,40160300.0,45943660.0,17668640.0,17393500.0,255463000.0,227802000.0,277578000.0,276958000.0,200747000.0,229948000.0,87967000.0,87047000.0
20241206,-9740850.0,65006430.0,53400090.0,63899460.0,65764950.0,46710150.0,48098500.0,13562880.0,21915380.0,328432000.0,268639000.0,321245000.0,331058000.0,234552000.0,242440000.0,68202000.0,110295000.0
20241209,3314230.0,45066560.0,53063770.0,60859040.0,56176060.0,46629260.0,42570360.0,17307570.0,18052240.0,220663000.0,259458000.0,297598000.0,274563000.0,227746000.0,208166000.0,84610000.0,88429000.0
20241210,-1180520.0,52191930.0,52198730.0,74040880.0,72853570.0,59932580.0,65363650.0,29716890.0,25466340.0,243965000.0,244033000.0,346408000.0,340550000.0,280489000.0,305406000.0,138344000.0,119217000.0
20241211,-10527030.0,46926710.0,33928370.0,49770620.0,52241930.0,39478400.0,46148730.0,14722190.0,18578890.0,228608000.0,165132000.0,242254000.0,254294000.0,192251000.0,224807000.0,71948000.0,90829000.0
20241212,-14646760.0,37640620.0,23918880.0,36547550.0,35622510.0,24303690.0,32966610.0,6701010.0,12684850.0,186872000.0,118642000.0,181341000.0,176788000.0,120670000.0,163660000.0,33275000.0,63069000.0
20241213,-5439970.0,32821480.0,25238730.0,27760310.0,29903080.0,16895760.0,23824250.0,10713380.0,9224860.0,165259000.0,126896000.0,139570000.0,150425000.0,84928000.0,119880000.0,53985000.0,46541000.0
20241216,-3887700.0,24347870.0,19045570.0,20705870.0,22120470.0,14831480.0,15822140.0,3485650.0,6382690.0,125405000.0,97954000.0,106531000.0,113871000.0,76353000.0,81448000.0,17955000.0,32971000.0
20241217,-11355890.0,27105310.0,15684170.0,19708220.0,19773480.0,12838210.0,17130460.0,3449000.0,10512640.0,143221000.0,82749000.0,104090000.0,104399000.0,67725000.0,90419000.0,18281000.0,55750000.0
20241218,1240860.0,18028920.0,19860850.0,18073370.0,17482310.0,13235870.0,12089790.0,3955460.0,3860680.0,95977000.0,105647000.0,96133000.0,93014000.0,70394000.0,64370000.0,21067000.0,20540000.0
20241219,1064450.0,27859480.0,31813040.0,31461580.0,28572480.0,18707400.0,20721140.0,4931210.0,1853020.0,145376000.0,165935000.0,164140000.0,149072000.0,97553000.0,108200000.0,25766000.0,9628000.0
20241220,-2580900.0,26410630.0,26792560.0,31440970.0,28478130.0,20011530.0,20212560.0,2670610.0,5050480.0,135592000.0,137375000.0,161310000.0,146075000.0,102634000.0,103795000.0,13709000.0,26000000.0
20241223,-10088700.0,27363330.0,15121480.0,19992480.0,22145620.0,10718320.0,18601140.0,2771000.0,4976880.0,145194000.0,80113000.0,105996000.0,117409000.0,56750000.0,98706000.0,14702000.0,26414000.0
20241224,-1285260.0,16997800.0,15161890.0,17587530.0,18138190.0,11778890.0,11986280.0,3275610.0,4353480.0,90121000.0,80266000.0,93098000.0,96007000.0,62286000.0,63466000.0,17310000.0,23076000.0
20241225,9322910.0,33917370.0,41412930.0,38872170.0,40699530.0,25418900.0,20841580.0,7953170.0,3207580.0,174383000.0,212786000.0,199761000.0,209110000.0,130561000.0,107211000.0,40834000.0,16432000.0
20241226,-2558950.0,35624990.0,31560410.0,38508940.0,40014560.0,25390920.0,24856880.0,4930910.0,8023900.0,178143000.0,157695000.0,192478000.0,199978000.0,126872000.0,124214000.0,24564000.0,40170000.0
20241227,-14881150.0,35548410.0,22272520.0,28819800.0,27214530.0,13018460.0,25008470.0,3629850.0,6520990.0,180500000.0,112970000.0,146251000.0,138116000.0,66030000.0,126878000.0,18335000.0,33152000.0
20241230,-2290870.0,18495470.0,15468830.0,17285950.0,18021730.0,12875390.0,12405740.0,1547900.0,4308420.0,96215000.0,80253000.0,89931000.0,93598000.0,66879000.0,64642000.0,8000000.0,22532000.0
20241231,-6060120.0,22055950.0,15983270.0,18176710.0,18189280.0,9593310.0,12983860.0,1665340.0,4334910.0,116915000.0,84491000.0,96119000.0,96278000.0,50722000.0,68738000.0,8827000.0,23076000.0
20250102,-2424570.0,23579170.0,19574320.0,22508940.0,24089240.0,15991280.0,15898060.0,3676070.0,6193860.0,129192000.0,106837000.0,123100000.0,131754000.0,87318000.0,87044000.0,20160000.0,34135000.0
20250103,-8773590.0,26029620.0,16773340.0,23789620.0,24272310.0,13005300.0,19432970.0,3832200.0,6178120.0,150570000.0,96851000.0,137760000.0,140435000.0,75149000.0,112606000.0,22273000.0,35860000.0
20250106,-2942280.0,14600260.0,10990360.0,12186620.0,12854230.0,7381130.0,8440350.0,342460.0,2225520.0,87603000.0,65846000.0,73064000.0,77074000.0,44187000.0,50638000.0,2050000.0,13347000.0
20250107,23970.0,12456010.0,12357630.0,12122190.0,12244550.0,6777300.0,7373560.0,1275120.0,654890.0,74076000.0,73406000.0,72048000.0,72806000.0,40255000.0,43818000.0,7566000.0,3914000.0
20250108,-188410.0,22028270.0,22539840.0,23493470.0,22793490.0,15528800.0,12856800.0,2982230.0,5842640.0,129661000.0,131685000.0,137720000.0,133521000.0,90950000.0,75533000.0,17346000.0,34938000.0
20250109,-649460.0,20873590.0,19662870.0,22265760.0,22827020.0,13720650.0,14099540.0,2386150.0,2656720.0,118868000.0,111721000.0,126702000.0,129856000.0,77959000.0,80352000.0,13536000.0,15136000.0
20250110,-519830.0,24639580.0,25556230.0,27177920.0,25741430.0,17163640.0,18138180.0,5309910.0,4855200.0,137123000.0,141870000.0,150913000.0,143019000.0,95030000.0,100632000.0,29342000.0,26887000.0
20250113,22540110.0,37146920.0,49213230.0,43747660.0,54221470.0,36130100.0,31194540.0,26825260.0,9220710.0,199157000.0,262037000.0,234155000.0,289093000.0,192858000.0,166239000.0,140209000.0,49010000.0
20250114,-5363010.0,45803130.0,42121360.0,48484030.0,46802800.0,36283330.0,38805710.0,12574500.0,15415130.0,237678000.0,218095000.0,251442000.0,242554000.0,188042000.0,201295000.0,65184000.0,80401000.0
20250115,-12183320.0,38189580.0,26416970.0,32424860.0,32014160.0,21478060.0,25825240.0,3310730.0,11146870.0,195504000.0,135222000.0,165991000.0,163882000.0,109888000.0,132193000.0,16980000.0,57066000.0
20250116,-737560.0,28509010.0,24223220.0,25453020.0,29001240.0,18815040.0,19810180.0,3580040.0,3322460.0,145580000.0,123469000.0,129749000.0,147800000.0,95804000.0,101025000.0,18167000.0,17006000.0
20250117,549210.0,30095650.0,29735500.0,29608860.0,30518200.0,22367150.0,23163560.0,7250040.0,5904420.0,152339000.0,150181000.0,149651000.0,154207000.0,112942000.0,117141000.0,36492000.0,29896000.0
20250120,-6779060.0,29015000.0,19988510.0,22104680.0,24352100.0,15426590.0,19303090.0,3224780.0,6127340.0,147740000.0,101670000.0,112476000.0,123840000.0,78353000.0,98178000.0,16320000.0,31201000.0
20250121,8465270.0,28375830.0,33354850.0,30189220.0,33675470.0,27769130.0,22411810.0,8377990.0,5270040.0,143287000.0,168165000.0,152315000.0,169785000.0,139963000.0,113077000.0,42113000.0,26651000.0
20250122,-7877250.0,23188660.0,15016920.0,19050300.0,19344800.0,14061350.0,16697430.0,3204260.0,8445430.0,118431000.0,76639000.0,97258000.0,98772000.0,71813000.0,85283000.0,16368000.0,43175000.0
20250123,3686800.0,29896280.0,34423290.0,35202390.0,34362180.0,27184630.0,25586830.0,10999410.0,8910410.0,150121000.0,172448000.0,176493000.0,172230000.0,136104000.0,128243000.0,54937000.0,44734000.0
20250124,3327920.0,26813310.0,30898880.0,33046890.0,32289250.0,26994650.0,25025160.0,8431000.0,7072570.0,134664000.0,154639000.0,165473000.0,161681000.0,134918000.0,125337000.0,42019000.0,35416000.0
20250127,-21732150.0,47485660.0,26988820.0,40938940.0,39703640.0,21531970.0,35666640.0,5342470.0,12939950.0,256483000.0,145440000.0,220771000.0,213990000.0,115539000.0,192131000.0,28602000.0,69834000.0
20250205,1675400.0,46369260.0,43901930.0,36787850.0,40930580.0,24896720.0,25406500.0,7667640.0,5482460.0,245721000.0,232167000.0,194938000.0,216994000.0,131976000.0,134990000.0,40707000.0,29192000.0
20250206,5074420.0,36955120.0,39788450.0,39255050.0,41496140.0,34591910.0,31931050.0,13081370.0,10667810.0,184292000.0,198582000.0,195835000.0,207152000.0,172526000.0,158975000.0,65068000.0,53012000.0
20250207,-6529750.0,47742650.0,36632180.0,47910130.0,52490860.0,38724310.0,40228440.0,16286880.0,21312500.0,233162000.0,178750000.0,233885000.0,256224000.0,189052000.0,196370000.0,79448000.0,104204000.0
20250210,-3809700.0,34537630.0,25715860.0,30400460.0,35412530.0,24064150.0,30474610.0,11505130.0,8904370.0,168548000.0,125399000.0,148209000.0,172646000.0,117196000.0,148516000.0,55816000.0,43208000.0
20250211,3637580.0,29658690.0,30684890.0,33051400.0,35662770.0,27231220.0,25426990.0,10223930.0,8390580.0,144973000.0,149774000.0,161409000.0,174121000.0,132851000.0,124165000.0,49831000.0,41004000.0
20250212,6442860.0,35399950.0,43462440.0,42282680.0,40663060.0,37187650.0,31695550.0,13135990.0,12185230.0,171150000.0,209448000.0,204163000.0,196287000.0,179318000.0,153186000.0,63231000.0,58941000.0
20250213,-22617150.0,41683790.0,22178910.0,35837700.0,32725430.0,21841290.0,33001120.0,6748560.0,18205880.0,205533000.0,109165000.0,176479000.0,161028000.0,107509000.0,162649000.0,33234000.0,89913000.0
20250214,53560.0,33003560.0,32936210.0,35108220.0,35229130.0,31114840.0,27586790.0,9011210.0,12485700.0,161792000.0,161036000.0,171811000.0,171968000.0,151822000.0,135047000.0,44010000.0,61385000.0
20250217,13699730.0,45216660.0,55106580.0,52365600.0,56175410.0,47460210.0,41735010.0,20912980.0,12938450.0,217387000.0,264509000.0,251409000.0,269591000.0,227592000.0,200335000.0,100057000.0,62010000.0
20250218,-483900.0,43774670.0,46634820.0,50460550.0,47116510.0,41975980.0,39089240.0,15330960.0,18701600.0,208656000.0,222172000.0,240228000.0,224276000.0,199821000.0,186126000.0,72853000.0,88984000.0
20250219,22203300.0,52725520.0,70872180.0,75680050.0,79736680.0,67205610.0,62116080.0,35092390.0,17978620.0,239597000.0,321747000.0,343982000.0,362401000.0,305475000.0,282666000.0,159525000.0,81765000.0
20250220,-6536010.0,76506720.0,72994590.0,89950390.0,86926520.0,76541240.0,78847970.0,33219740.0,37449020.0,326702000.0,311349000.0,384130000.0,371300000.0,326562000.0,336542000.0,141478000.0,159681000.0
20250221,-4500900.0,65734830.0,59828290.0,75368290.0,76773940.0,61602340.0,62610840.0,24710880.0,28203280.0,279603000.0,253936000.0,320294000.0,326133000.0,261597000.0,266255000.0,105025000.0,120195000.0
20250224,8932630.0,66801900.0,72147610.0,82570790.0,86157700.0,73072010.0,65972150.0,30819440.0,28986670.0,274890000.0,296047000.0,339637000.0,354134000.0,300103000.0,271441000.0,126477000.0,119486000.0
20250225,-2395120.0,52060530.0,50273920.0,60225070.0,59616550.0,52852020.0,52652540.0,22333080.0,24927680.0,213084000.0,205335000.0,246337000.0,243817000.0,215934000.0,215275000.0,91064000.0,101992000.0
20250226,6007400.0,66494920.0,69885070.0,81755550.0,84372790.0,74176710.0,77771620.0,44518020.0,34915710.0,261362000.0,274395000.0,321179000.0,331505000.0,291104000.0,305486000.0,174234000.0,136493000.0
20250227,-5325900.0,78085870.0,73707170.0,95483400.0,94536210.0,87392670.0,86372810.0,46583500.0,52929260.0,301508000.0,283358000.0,367344000.0,364156000.0,335323000.0,332707000.0,179019000.0,202973000.0
20250228,-38237570.0,78218070.0,46968790.0,76330720.0,69342430.0,58285590.0,72495690.0,29943130.0,53970600.0,308376000.0,184847000.0,300531000.0,272586000.0,229435000.0,285224000.0,117908000.0,213594000.0
20250303,-16400120.0,60029900.0,42880210.0,63326770.0,64076350.0,53250710.0,59113020.0,23010030.0,33547840.0,256065000.0,182629000.0,269667000.0,273129000.0,226883000.0,252065000.0,98136000.0,142928000.0
20250304,-4865700.0,37149200.0,34806280.0,44455110.0,41932320.0,34208350.0,34240460.0,15008180.0,19841770.0,158045000.0,147955000.0,189133000.0,178363000.0,145337000.0,145661000.0,63891000.0,84429000.0
20250305,6964920.0,39709950.0,44982550.0,48031400.0,49723720.0,42255390.0,36960270.0,15487210.0,13817410.0,163988000.0,185519000.0,198332000.0,205272000.0,174430000.0,152743000.0,63876000.0,57092000.0
20250306,1209190.0,44564950.0,44610180.0,52066590.0,53230560.0,42812860.0,44705430.0,21985100.0,18883340.0,177498000.0,177467000.0,207349000.0,211827000.0,170365000.0,178041000.0,87354000.0,75231000.0
20250307,-9114560.0,42491470.0,32253960.0,42208380.0,43331340.0,32105030.0,41099320.0,14639240.0,14759510.0,170709000.0,129383000.0,169374000.0,173916000.0,128818000.0,165074000.0,58716000.0,59245000.0
20250310,4360060.0,38827060.0,43035280.0,48508620.0,48660440.0,38299110.0,37261370.0,13422560.0,10100240.0,154329000.0,170865000.0,192634000.0,193217000.0,152077000.0,147967000.0,53201000.0,40192000.0
20250311,-13989050.0,43895910.0,29771130.0,41671470.0,41807210.0,32554880.0,39967300.0,11307400.0,17884030.0,179702000.0,121591000.0,170399000.0,170820000.0,133090000.0,163499000.0,46065000.0,73346000.0
20250312,-15815140.0,34141410.0,22670540.0,35137710.0,30793440.0,25166130.0,28684980.0,6574100.0,18870390.0,139779000.0,92643000.0,143666000.0,125931000.0,102811000.0,117400000.0,26966000.0,77248000.0
20250313,-24986460.0,53829880.0,28935130.0,41701870.0,41610160.0,30278920.0,40774670.0,8418150.0,22908860.0,233946000.0,125793000.0,181149000.0,180720000.0,131427000.0,176989000.0,36525000.0,99545000.0
20250314,6616930.0,31069350.0,32719200.0,34274440.0,39241520.0,28396440.0,26315460.0,11989240.0,7453290.0,134156000.0,140970000.0,147900000.0,169228000.0,122529000.0,113536000.0,51387000.0,32238000.0
20250317,-4218200.0,27725350.0,22574540.0,26193210.0,27125820.0,20197490.0,22465120.0,6799920.0,8750490.0,118178000.0,96079000.0,111589000.0,115525000.0,86007000.0,95706000.0,28868000.0,37331000.0
20250318,1444500.0,24692800.0,27352390.0,29034490.0,27819390.0,24869500.0,25054640.0,11861110.0,10231470.0,103870000.0,114906000.0,122058000.0,116931000.0,104545000.0,105364000.0,49772000.0,43044000.0
20250319,-80930.0,24450350.0,24070080.0,25553200.0,25852540.0,19218730.0,21239320.0,8788830.0,6849170.0,102834000.0,101062000.0,107337000.0,108610000.0,80697000.0,89275000.0,36869000.0,28791000.0
20250320,5978790.0,45350090.0,48354010.0,49689080.0,52663950.0,46373760.0,40223120.0,20195490.0,20367340.0,187449000.0,198924000.0,204651000.0,216876000.0,190150000.0,165751000.0,82587000.0,83286000.0
20250321,-8271700.0,38300300.0,31150600.0,33852470.0,32730460.0,28085800.0,32189410.0,10409220.0,14577310.0,163603000.0,133079000.0,144540000.0,139683000.0,119857000.0,137332000.0,44340000.0,62246000.0
20250324,-13234010.0,36948290.0,22130110.0,30490150.0,32074310.0,19202730.0,25131350.0,8464670.0,15770060.0,165161000.0,98780000.0,136153000.0,143137000.0,85675000.0,112206000.0,37778000.0,70644000.0
20250325,-5786620.0,19511380.0,13853550.0,18699320.0,18570540.0,13967480.0,16510400.0,4157440.0,7401140.0,87459000.0,61973000.0,83710000.0,83105000.0,62589000.0,73954000.0,18648000.0,33374000.0
20250326,-1131930.0,16685250.0,14469510.0,16956060.0,18039870.0,14591830.0,13188970.0,3842380.0,6377170.0,74522000.0,64570000.0,75678000.0,80499000.0,65089000.0,58892000.0,17146000.0,28475000.0
20250327,424000.0,17958200.0,17532940.0,17471670.0,18320930.0,14238890.0,14825900.0,5727750.0,4716740.0,80668000.0,78592000.0,78376000.0,82245000.0,63831000.0,66543000.0,25742000.0,21237000.0
20250328,385220.0,14695950.0,14123820.0,14560280.0,15517630.0,11135450.0,10832950.0,2065020.0,1982300.0,65847000.0,63245000.0,65202000.0,69490000.0,49867000.0,48541000.0,9241000.0,8882000.0
20250331,-6457830.0,27861220.0,19637080.0,22980120.0,24746430.0,14477070.0,19985600.0,5671740.0,6621040.0,131041000.0,92342000.0,108078000.0,116278000.0,68040000.0,93904000.0,26526000.0,31160000.0
20250401,-3602890.0,15540700.0,10720570.0,12524740.0,13741970.0,9153460.0,11149880.0,2512030.0,4118500.0,73425000.0,50628000.0,59144000.0,64884000.0,43249000.0,52668000.0,11829000.0,19466000.0
20250402,1183570.0,12121050.0,11873610.0,11957850.0,13388860.0,8315250.0,8591520.0,2161820.0,701980.0,57040000.0,55834000.0,56270000.0,62985000.0,39115000.0,40445000.0,10146000.0,3307000.0
20250403,-2447710.0,13889720.0,11418100.0,12434180.0,12458090.0,8699040.0,10026710.0,1413140.0,2533180.0,65880000.0,54117000.0,58948000.0,59017000.0,41175000.0,47544000.0,6674000.0,11999000.0
20250407,-5903340.0,13932050.0,8693600.0,11272210.0,10607300.0,5668600.0,9016680.0,1648460.0,4203720.0,73621000.0,45895000.0,59517000.0,55926000.0,29944000.0,47691000.0,8636000.0,22206000.0
20250408,-14554870.0,37905920.0,27037930.0,32447440.0,28760570.0,20331830.0,22834170.0,6155870.0,18208400.0,217858000.0,154772000.0,185973000.0,164391000.0,116095000.0,131001000.0,35070000.0,104832000.0
20250409,-1153430.0,31299700.0,27885300.0,25346300.0,27607270.0,18188690.0,19718190.0,5562010.0,5185940.0,182395000.0,161402000.0,147533000.0,160784000.0,105205000.0,114914000.0,32331000.0,30364000.0
20250410,-3429060.0,24344770.0,21865300.0,22840950.0,21891360.0,15008500.0,15260890.0,3210420.0,6387090.0,131270000.0,117826000.0,123109000.0,118049000.0,80890000.0,82291000.0,17271000.0,34374000.0
20250411,-378660.0,22380480.0,19187990.0,17569070.0,20382910.0,11179870.0,12832410.0,3563320.0,2289440.0,120136000.0,102887000.0,94375000.0,109419000.0,60059000.0,68959000.0,19082000.0,12387000.0
20250414,315640.0,15691180.0,15679660.0,15174950.0,15502110.0,9370930.0,8393720.0,1585090.0,2246660.0,82394000.0,82265000.0,79644000.0,81391000.0,49161000.0,44071000.0,8291000.0,11763000.0
20250415,-1250030.0,13408820.0,12083320.0,11165770.0,11241250.0,6331990.0,6964290.0,489160.0,1106890.0,71360000.0,64240000.0,59389000.0,59782000.0,33657000.0,37084000.0,2606000.0,5906000.0
20250416,-1964330.0,13036030.0,9895700.0,9418720.0,10594720.0,5528390.0,7065990.0,914990.0,1341720.0,70559000.0,53542000.0,50964000.0,57319000.0,29897000.0,38241000.0,4937000.0,7256000.0
20250417,-1386560.0,10050700.0,8846200.0,8183550.0,8001480.0,5490300.0,6613420.0,219380.0,482820.0,54424000.0,47873000.0,44310000.0,43305000.0,29675000.0,35801000.0,1190000.0,2620000.0
20250418,-908110.0,7999130.0,7019010.0,6546100.0,6618110.0,3410520.0,5007710.0,1435220.0,746140.0,43876000.0,38447000.0,35878000.0,36276000.0,18679000.0,27466000.0,7841000.0,4085000.0
20250421,2088230.0,13636060.0,14160820.0,11274910.0,12838380.0,7588980.0,6472360.0,2222070.0,1250460.0,73122000.0,75897000.0,60410000.0,68808000.0,40729000.0,34733000.0,11970000.0,6794000.0
20250422,-744050.0,10140970.0,9267450.0,8379270.0,8508730.0,3855210.0,4557060.0,1184710.0,1226910.0,54333000.0,49652000.0,44890000.0,45575000.0,20645000.0,24423000.0,6346000.0,6564000.0
20250423,5215990.0,18519340.0,23068240.0,20942580.0,21609660.0,14359140.0,11945460.0,5017830.0,2215520.0,96776000.0,120475000.0,109459000.0,112954000.0,75104000.0,62464000.0,26191000.0,11637000.0
20250424,-4493100.0,16315660.0,13720480.0,14204400.0,12306490.0,6668620.0,8803880.0,2360540.0,4718380.0,85790000.0,72124000.0,74610000.0,64625000.0,34969000.0,46262000.0,12471000.0,24829000.0
20250425,-1983630.0,11997700.0,9157200.0,9796030.0,10652910.0,4821460.0,7153810.0,664780.0,316060.0,63507000.0,48461000.0,51850000.0,56383000.0,25534000.0,37894000.0,3524000.0,1677000.0
20250428,-3551440.0,12192470.0,7407900.0,7475830.0,8708970.0,3272140.0,4837670.0,321780.0,2307690.0,65552000.0,39803000.0,40199000.0,46803000.0,17580000.0,26022000.0,1737000.0,12440000.0
20250429,557990.0,20404900.0,19761990.0,16989050.0,18189950.0,10135630.0,9986610.0,2024530.0,1615560.0,106616000.0,103246000.0,88792000.0,95081000.0,52974000.0,52200000.0,10557000.0,8412000.0
20250430,1984830.0,20170140.0,24552560.0,21598680.0,19201110.0,14979870.0,13257810.0,3970940.0,3708170.0,101957000.0,123992000.0,109119000.0,97043000.0,75691000.0,67064000.0,20026000.0,18693000.0
20250506,4714220.0,22653660.0,27675160.0,23991340.0,23684070.0,20370690.0,17912720.0,7903670.0,5647420.0,109533000.0,133658000.0,116034000.0,114528000.0,98483000.0,86737000.0,38180000.0,27306000.0
20250507,-4027830.0,25122660.0,21730400.0,25300230.0,24664650.0,17743420.0,18975610.0,4711370.0,7507010.0,120529000.0,104116000.0,121247000.0,118197000.0,84982000.0,91025000.0,22503000.0,35922000.0
20250508,-1326690.0,17260770.0,15704590.0,17098880.0,17328370.0,11354350.0,11840670.0,3083600.0,3923970.0,82463000.0,74983000.0,81666000.0,82746000.0,54213000.0,56562000.0,14710000.0,18761000.0
20250509,-3914240.0,20542780.0,15626470.0,17042130.0,18044200.0,10349240.0,11694580.0,2303290.0,4872190.0,99926000.0,75768000.0,82754000.0,87684000.0,50235000.0,56879000.0,11169000.0,23753000.0
20250512,3803630.0,22141930.0,28860640.0,31502410.0,28587330.0,21787290.0,18761680.0,7203330.0,6425310.0,103694000.0,135133000.0,147482000.0,133881000.0,102085000.0,87877000.0,33636000.0,30006000.0
20250513,-5474850.0,24093040.0,19657990.0,23540070.0,22500250.0,15362650.0,19101990.0,5059840.0,6795350.0,112388000.0,91574000.0,109673000.0,104793000.0,71459000.0,88952000.0,23382000.0,31583000.0
20250514,-3342520.0,18262190.0,13148450.0,16247070.0,18018280.0,10610910.0,12235830.0,4104170.0,5821770.0,86710000.0,62373000.0,77105000.0,85491000.0,50350000.0,58073000.0,19460000.0,27688000.0
20250515,-2718480.0,14264350.0,10660990.0,11887620.0,12772500.0,7207810.0,10123910.0,3423910.0,3226290.0,68961000.0,51486000.0,57417000.0,61704000.0,34831000.0,48947000.0,16549000.0,15621000.0
20250516,-1373780.0,14655980.0,13315770.0,14651640.0,14618070.0,10956050.0,12068680.0,3949200.0,4210350.0,70470000.0,63939000.0,70361000.0,70175000.0,52580000.0,57965000.0,18885000.0,20217000.0
20250519,-1002870.0,15570610.0,12769670.0,12441420.0,14239490.0,7817550.0,10696990.0,5775280.0,3898710.0,76435000.0,62456000.0,60944000.0,69727000.0,38290000.0,52488000.0,28094000.0,19092000.0
20250520,-3362600.0,11788010.0,11672240.0,14158820.0,10911990.0,7117830.0,7022410.0,3518030.0,6976050.0,57531000.0,56941000.0,69070000.0,53241000.0,34742000.0,34307000.0,17145000.0,33999000.0
20250521,-2811350.0,10787280.0,9014680.0,10312970.0,9274230.0,5692180.0,7295010.0,1077170.0,2285690.0,53173000.0,44414000.0,50829000.0,45694000.0,28051000.0,35981000.0,5297000.0,11261000.0
20250522,-2196880.0,10920470.0,9192450.0,10347360.0,9878500.0,6131450.0,7369590.0,1749760.0,2708500.0,54055000.0,45425000.0,51178000.0,48873000.0,30288000.0,36473000.0,8661000.0,13411000.0
20250523,-1434110.0,12728940.0,11435460.0,12986940.0,12846300.0,7784150.0,8381100.0,924440.0,1761600.0,63484000.0,56905000.0,64651000.0,63950000.0,38670000.0,41713000.0,4587000.0,8824000.0
20250526,-3202710.0,10274880.0,8280690.0,9000030.0,7791500.0,5765610.0,7511370.0,625670.0,2082620.0,51802000.0,41716000.0,45353000.0,39259000.0,29031000.0,37858000.0,3155000.0,10508000.0
20250527,-3164080.0,12309570.0,7904700.0,8565900.0,9806680.0,4192430.0,6313940.0,166120.0,1208690.0,63068000.0,40477000.0,43882000.0,50239000.0,21473000.0,32349000.0,851000.0,6209000.0
20250528,-2812580.0,10043640.0,7295560.0,7550880.0,7486390.0,3366950.0,5313070.0,230010.0,1096470.0,51853000.0,37640000.0,38967000.0,38634000.0,17361000.0,27428000.0,1186000.0,5665000.0
20250529,830430.0,10095720.0,11065760.0,9624320.0,9484710.0,6353320.0,6582290.0,1571510.0,512110.0,51620000.0,56556000.0,49200000.0,48488000.0,32474000.0,33642000.0,8015000.0,2623000.0
20250530,-3382150.0,11163650.0,8173890.0,8796210.0,8403820.0,4819140.0,6492620.0,547460.0,2256130.0,58113000.0,42518000.0,45777000.0,43744000.0,25094000.0,33810000.0,2849000.0,11761000.0
20250603,-1452260.0,7969350.0,6102100.0,6155180.0,6570170.0,3434310.0,4238180.0,173520.0,821910.0,41444000.0,31725000.0,32006000.0,34160000.0,17857000.0,22050000.0,900000.0,4272000.0
20250604,296470.0,7123230.0,7606180.0,7378300.0,7191840.0,4747240.0,4738160.0,1115280.0,827890.0,36766000.0,39252000.0,38090000.0,37120000.0,24505000.0,24460000.0,5750000.0,4280000.0
20250605,-267420.0,14433180.0,14577570.0,11939660.0,11527850.0,6925860.0,6480550.0,1282310.0,1995040.0,73766000.0,74415000.0,60960000.0,58842000.0,35316000.0,33101000.0,6541000.0,10226000.0
20250606,-2485600.0,10605230.0,8928520.0,8578940.0,7770050.0,3099450.0,5172650.0,644370.0,1056770.0,54485000.0,45852000.0,44067000.0,39915000.0,15912000.0,26573000.0,3308000.0,5432000.0
20250609,4288820.0,15514750.0,19137710.0,18033100.0,18698960.0,11484070.0,9116000.0,3765260.0,1844510.0,77321000.0,95348000.0,89841000.0,93155000.0,57178000.0,45418000.0,18790000.0,9209000.0
20250610,9093770.0,23562380.0,31971690.0,27533000.0,28217460.0,21771830.0,16627800.0,6912830.0,2963090.0,116704000.0,157801000.0,135932000.0,139336000.0,107332000.0,82165000.0,33918000.0,14584000.0
20250611,-1261000.0,16606250.0,16941850.0,18179170.0,16582560.0,12139800.0,13225650.0,2205690.0,2380840.0,81535000.0,83170000.0,89261000.0,81411000.0,59587000.0,64949000.0,10843000.0,11696000.0
20250612,-1290680.0,13989380.0,13264960.0,15556290.0,14990050.0,10979540.0,10100240.0,2651350.0,4821330.0,69564000.0,65819000.0,77277000.0,74460000.0,54522000.0,50211000.0,13164000.0,24037000.0
20250613,-7784610.0,18577910.0,11580130.0,14329920.0,13543080.0,6479230.0,10846980.0,316660.0,3733520.0,94417000.0,58878000.0,72863000.0,68849000.0,32934000.0,55148000.0,1597000.0,18936000.0
20250616,-1491490.0,8683430.0,6393090.0,8017110.0,8815960.0,4355020.0,5133970.0,628600.0,1341140.0,44669000.0,32883000.0,41236000.0,45349000.0,22407000.0,26424000.0,3244000.0,6900000.0
20250617,-404780.0,9137550.0,7895520.0,8185710.0,9022950.0,4271910.0,4574820.0,794770.0,896640.0,46807000.0,40395000.0,41922000.0,46226000.0,21855000.0,23436000.0,4073000.0,4601000.0
20250618,-2260340.0,7687060.0,5435270.0,6804700.0,6796160.0,2724850.0,4912980.0,711190.0,783400.0,39703000.0,28057000.0,35130000.0,35096000.0,14059000.0,25374000.0,3685000.0,4050000.0
20250619,-118050.0,12133290.0,10559110.0,11665960.0,13122090.0,6694020.0,6873310.0,1304360.0,1243120.0,62316000.0,54119000.0,59828000.0,67292000.0,34278000.0,35297000.0,6667000.0,6381000.0
20250620,-5259590.0,13374640.0,8330440.0,11014110.0,10798720.0,4967920.0,8433050.0,2273610.0,4068070.0,70622000.0,43948000.0,58152000.0,56970000.0,26225000.0,44517000.0,12028000.0,21592000.0
20250623,-545260.0,8768600.0,7212130.0,6431090.0,7442310.0,4172030.0,4135510.0,1636280.0,2218060.0,46424000.0,38137000.0,34025000.0,39386000.0,22077000.0,21904000.0,8675000.0,11774000.0
20250624,4088880.0,19581510.0,21770250.0,18357710.0,20257840.0,12960090.0,12233580.0,4785500.0,1423130.0,99353000.0,110500000.0,93258000.0,102890000.0,65907000.0,62179000.0,24288000.0,7236000.0
20250625,-1658770.0,21105010.0,16067520.0,16562110.0,19940820.0,12948200.0,14399570.0,4020010.0,4227410.0,104729000.0,79658000.0,82186000.0,98921000.0,64217000.0,71463000.0,19888000.0,20978000.0
20250626,-6332550.0,18460640.0,11116480.0,14217440.0,15229050.0,9370130.0,12551230.0,1769390.0,4920840.0,91136000.0,54854000.0,70181000.0,75188000.0,46222000.0,61922000.0,8729000.0,24303000.0
20250627,-834510.0,10690150.0,9371300.0,9873490.0,10357830.0,5482190.0,7024890.0,2801340.0,2093150.0,53145000.0,46563000.0,49071000.0,51477000.0,27248000.0,34911000.0,13906000.0,10419000.0
20250630,-563690.0,10226390.0,10284920.0,10881790.0,10259560.0,7454690.0,6500600.0,1399270.0,2917050.0,50632000.0,50893000.0,53857000.0,50776000.0,36887000.0,32177000.0,6920000.0,14450000.0
20250701,-4057040.0,11530430.0,7458300.0,9109550.0,9124650.0,4805110.0,6295500.0,1002690.0,3569340.0,57344000.0,37077000.0,45298000.0,45365000.0,23882000.0,31306000.0,4986000.0,17762000.0
20250702,-4169240.0,13237090.0,9603450.0,9164690.0,8629090.0,4286690.0,6235130.0,728600.0,2949400.0,66489000.0,48227000.0,46034000.0,43328000.0,21526000.0,31302000.0,3660000.0,14852000.0
20250703,27480.0,8124280.0,7983390.0,7074640.0,7243000.0,3707430.0,3576530.0,690490.0,793910.0,40908000.0,40178000.0,35611000.0,36449000.0,18648000.0,18004000.0,3471000.0,4007000.0
20250704,-2125450.0,10796840.0,8316300.0,7952400.0,8307490.0,3465060.0,4889160.0,722140.0,1423490.0,54850000.0,42202000.0,40390000.0,42184000.0,17579000.0,24841000.0,3665000.0,7257000.0
20250707,-1867590.0,8457080.0,6995100.0,6496680.0,6091080.0,2744860.0,4710440.0,892710.0,794720.0,43565000.0,36040000.0,33461000.0,31379000.0,14138000.0,24257000.0,4599000.0,4087000.0
20250708,3125920.0,8909380.0,11266600.0,9152090.0,9920790.0,5942070.0,5027580.0,3173700.0,962270.0,45207000.0,57132000.0,46431000.0,50313000.0,30114000.0,25510000.0,16066000.0,4863000.0
20250709,-2372020.0,11914940.0,9005450.0,10445750.0,10983220.0,6205490.0,8085610.0,896890.0,1388790.0,59670000.0,45070000.0,52247000.0,54946000.0,31014000.0,40460000.0,4481000.0,6936000.0
20250710,-1102340.0,7710170.0,6487400.0,7019930.0,7140360.0,3429890.0,4998630.0,950770.0,484370.0,39143000.0,32916000.0,35628000.0,36237000.0,17401000.0,25381000.0,4820000.0,2458000.0
20250711,533770.0,14882030.0,14580000.0,14191070.0,15026880.0,10303470.0,10273250.0,3497900.0,2994350.0,74270000.0,72722000.0,70784000.0,74918000.0,51346000.0,51219000.0,17371000.0,14912000.0
20250714,-190550.0,15551460.0,16807290.0,17288320.0,15841920.0,11687070.0,12812250.0,4867110.0,3932480.0,76371000.0,82515000.0,84889000.0,77791000.0,57390000.0,62934000.0,23878000.0,19288000.0
20250715,1151270.0,16517440.0,17797050.0,19013960.0,18885630.0,12325530.0,12395470.0,5040310.0,3819100.0,80567000.0,86787000.0,92707000.0,92099000.0,60081000.0,60426000.0,24579000.0,18622000.0
20250716,-1821730.0,15612100.0,14862230.0,17595070.0,16523210.0,13001450.0,13816600.0,2486520.0,3493100.0,75775000.0,72073000.0,85365000.0,80162000.0,63055000.0,67040000.0,12035000.0,16955000.0
20250717,6869690.0,16487500.0,20634960.0,19738840.0,22461070.0,17222700.0,14320940.0,8083510.0,4115580.0,79157000.0,98867000.0,94673000.0,107672000.0,82497000.0,68722000.0,38681000.0,19748000.0
20250718,-3888710.0,18852620.0,13863780.0,17055870.0,18155990.0,11189320.0,13967490.0,2925670.0,4036210.0,89584000.0,65845000.0,81000000.0,86246000.0,53134000.0,66352000.0,13876000.0,19151000.0
20250721,680340.0,23661130.0,24223370.0,25798020.0,25916140.0,17850550.0,17861560.0,7149550.0,6458200.0,110466000.0,113013000.0,120357000.0,120933000.0,83261000.0,83302000.0,33308000.0,30143000.0
20250722,-8772280.0,24979030.0,13705490.0,18572740.0,21073990.0,13023580.0,18442220.0,2501910.0,5855550.0,118068000.0,64768000.0,87790000.0,99595000.0,61543000.0,87171000.0,11830000.0,27698000.0
20250723,-4330670.0,16036020.0,10488350.0,13107170.0,14324180.0,8403990.0,12030230.0,2328060.0,3032490.0,76357000.0,49904000.0,62390000.0,68158000.0,39989000.0,57279000.0,11064000.0,14459000.0
20250724,-609700.0,17257320.0,16685820.0,18288550.0,18250360.0,13066810.0,13636640.0,3325300.0,3365170.0,80780000.0,78053000.0,85549000.0,85353000.0,61116000.0,63810000.0,15540000.0,15769000.0
20250725,130410.0,18861590.0,21444440.0,22981920.0,20529480.0,16740750.0,16070300.0,3745640.0,4285680.0,87050000.0,98907000.0,106053000.0,94709000.0,77222000.0,74161000.0,17228000.0,19776000.0
20250728,-10742160.0,23869950.0,14802450.0,18784590.0,17109930.0,12351160.0,18035250.0,3063370.0,8121440.0,110516000.0,68347000.0,86826000.0,79043000.0,57051000.0,83515000.0,14176000.0,37664000.0
20250729,-4164430.0,15452140.0,10468690.0,11928260.0,12747280.0,7696690.0,10586100.0,1378160.0,2653180.0,72403000.0,49022000.0,55877000.0,59712000.0,36046000.0,49588000.0,6446000.0,12451000.0
20250730,-5836930.0,15262050.0,9040530.0,11862740.0,12247340.0,8984510.0,10595640.0,1776660.0,6002460.0,71935000.0,42583000.0,55879000.0,57700000.0,42318000.0,49903000.0,8359000.0,28305000.0
20250731,-2160740.0,13819830.0,11803410.0,13809390.0,13665080.0,10447340.0,11801330.0,2603800.0,3410550.0,65194000.0,55566000.0,65065000.0,64368000.0,49161000.0,55629000.0,12221000.0,16077000.0
20250801,-2848850.0,12961530.0,10157190.0,10922790.0,10878280.0,8069450.0,9963210.0,674570.0,1629660.0,61773000.0,48364000.0,52028000.0,51813000.0,38408000.0,47450000.0,3211000.0,7793000.0
20250804,5951770.0,21422330.0,29514400.0,26668250.0,24527940.0,19409000.0,16053170.0,7927520.0,5331580.0,99222000.0,136664000.0,123496000.0,113546000.0,89843000.0,74352000.0,36666000.0,24665000.0
20250805,20389290.0,46494230.0,63198900.0,55417040.0,59101660.0,46630590.0,38778930.0,21725100.0,9187470.0,204391000.0,277404000.0,243632000.0,259730000.0,204812000.0,170556000.0,95228000.0,40374000.0
20250806,9811960.0,57057950.0,70749710.0,68782840.0,64903050.0,49425320.0,46337600.0,22497970.0,15773730.0,239884000.0,296856000.0,288883000.0,272743000.0,207479000.0,194619000.0,94217000.0,66245000.0
20250807,-10812820.0,48020070.0,36925430.0,46185310.0,46467120.0,32869440.0,36910790.0,9310120.0,16081590.0,202998000.0,156144000.0,195276000.0,196481000.0,139008000.0,155997000.0,39384000.0,68044000.0
20250808,-10760730.0,35205930.0,22837990.0,28824840.0,30432060.0,19954100.0,25225500.0,5177010.0,10666340.0,150044000.0,97140000.0,122641000.0,129525000.0,84874000.0,107390000.0,22039000.0,45541000.0
20250811,-1105130.0,27152030.0,26783530.0,29904730.0,29168110.0,22531010.0,24093460.0,8341760.0,7884440.0,115058000.0,113439000.0,126703000.0,123548000.0,95422000.0,102077000.0,35301000.0,33420000.0
20250812,-12495520.0,34445810.0,20738450.0,27161350.0,28373190.0,19173970.0,24429970.0,3466580.0,10706100.0,148593000.0,89377000.0,117053000.0,122302000.0,82657000.0,105365000.0,14960000.0,46219000.0
20250813,-7706020.0,25216310.0,18217900.0,23972010.0,23264390.0,16355470.0,18407150.0,4406740.0,10061080.0,109119000.0,78761000.0,103684000.0,100630000.0,70729000.0,79624000.0,19061000.0,43578000.0
20250814,5592820.0,49104900.0,56976870.0,60003960.0,57724800.0,43029890.0,45265080.0,21579740.0,13751730.0,209685000.0,242039000.0,255461000.0,245689000.0,182970000.0,193094000.0,91574000.0,58869000.0
20250815,6492910.0,37360680.0,44373220.0,49010410.0,48490780.0,35414490.0,36260550.0,17944000.0,10605030.0,155576000.0,184677000.0,204085000.0,201947000.0,147467000.0,151020000.0,74664000.0,44149000.0
20250818,-12388960.0,51753110.0,41522400.0,58917150.0,56758890.0,37098100.0,44746530.0,14355370.0,19095900.0,213526000.0,171117000.0,242866000.0,234049000.0,152915000.0,184587000.0,59132000.0,78687000.0
20250819,862630.0,40691000.0,40491110.0,50744710.0,51807230.0,37419090.0,35436440.0,14714990.0,15835010.0,166470000.0,165029000.0,207185000.0,211422000.0,152663000.0,144894000.0,59797000.0,64768000.0
20250820,-10895280.0,32899400.0,22348710.0,30807440.0,30462840.0,18923350.0,25214240.0,6787570.0,11391960.0,135900000.0,92191000.0,127201000.0,125747000.0,78090000.0,104124000.0,28022000.0,47152000.0
20250821,-11196520.0,29035260.0,17347920.0,26038130.0,26528950.0,15549740.0,22163310.0,3267790.0,7850740.0,120956000.0,72186000.0,108343000.0,110426000.0,64674000.0,92273000.0,13595000.0,32682000.0
20250822,-1607240.0,24173470.0,19911130.0,23372140.0,26027240.0,16310040.0,19231400.0,7701450.0,6387330.0,100579000.0,82805000.0,97239000.0,108283000.0,67846000.0,80036000.0,32033000.0,26573000.0
20250825,1818120.0,36752280.0,34674820.0,39342380.0,43237960.0,32347850.0,31382650.0,12297520.0,11444600.0,149159000.0,140571000.0,159600000.0,175352000.0,131231000.0,127298000.0,49778000.0,46547000.0
20250826,-8120490.0,23503680.0,16380620.0,22583280.0,21585860.0,15153290.0,19737670.0,3933040.0,7469150.0,96104000.0,66951000.0,92329000.0,88254000.0,61941000.0,80691000.0,16062000.0,30540000.0
20250827,3120570.0,44183260.0,43072240.0,49605400.0,53837000.0,39021300.0,38204080.0,13192640.0,10889290.0,178702000.0,173638000.0,200106000.0,217321000.0,157285000.0,154177000.0,53018000.0,43976000.0
20250828,-9085400.0,38957670.0,29339740.0,34571820.0,35104360.0,23388500.0,29302180.0,7125480.0,10297200.0,163353000.0,122830000.0,144762000.0,147012000.0,97872000.0,122667000.0,29713000.0,43191000.0
20250829,-6798330.0,29405650.0,22056730.0,27650360.0,28200940.0,18235800.0,20873470.0,5170200.0,9330860.0,122775000.0,91996000.0,115393000.0,117644000.0,76085000.0,87142000.0,21524000.0,38994000.0
20250901,-12152080.0,28665170.0,16203320.0,24449600.0,24759370.0,16591100.0,21729680.0,3358220.0,10371720.0,121135000.0,68365000.0,103168000.0,104544000.0,70016000.0,91748000.0,14137000.0,43798000.0
20250902,6965190.0,48904250.0,55911630.0,61277030.0,61234830.0,48966000.0,41951110.0,13059750.0,13109450.0,206066000.0,233034000.0,256132000.0,256213000.0,204511000.0,176377000.0,54036000.0,55121000.0
20250903,-7488610.0,33976900.0,27693590.0,34796630.0,33591340.0,20106990.0,24181430.0,6219960.0,9634130.0,141776000.0,115513000.0,144962000.0,139989000.0,83769000.0,100752000.0,25901000.0,40154000.0
20250904,-8533390.0,37738290.0,28117180.0,31409320.0,32497040.0,23186320.0,24823460.0,4941950.0,11838200.0,163447000.0,121328000.0,135698000.0,140185000.0,100140000.0,107279000.0,21234000.0,51727000.0
20250905,-3081220.0,32579830.0,26547090.0,25144850.0,28096350.0,16437170.0,20567190.0,4935030.0,3886230.0,140550000.0,114505000.0,108631000.0,121343000.0,70893000.0,88690000.0,21246000.0,16783000.0
20250908,1451140.0,46429930.0,47888870.0,48322760.0,48314960.0,33676700.0,36671020.0,15026930.0,10581470.0,188230000.0,193940000.0,195676000.0,195608000.0,136300000.0,148438000.0,60686000.0,42906000.0
20250909,-2539000.0,33993430.0,32381920.0,35954680.0,35027190.0,23819900.0,24043050.0,5249520.0,7565370.0,137388000.0,130808000.0,145293000.0,141535000.0,96185000.0,97098000.0,21200000.0,30625000.0
20250910,-7498780.0,26348790.0,20163000.0,26439940.0,25126950.0,15397420.0,20303880.0,3899730.0,6492050.0,107465000.0,82120000.0,107689000.0,102323000.0,62637000.0,82675000.0,15862000.0,26535000.0
20250911,14319210.0,36434430.0,44520800.0,43092000.0,49324840.0,36850720.0,32731480.0,22368340.0,12168370.0,146440000.0,178486000.0,173132000.0,197967000.0,147719000.0,131435000.0,89448000.0,48850000.0
20250912,-7077870.0,42147610.0,35395990.0,45436170.0,45109920.0,32234480.0,34749290.0,9012280.0,13575340.0,165284000.0,138580000.0,178030000.0,176733000.0,126208000.0,136198000.0,35168000.0,53180000.0
20250915,-9791190.0,28190690.0,21639870.0,30855420.0,27615060.0,19545120.0,23908670.0,6416130.0,11843770.0,111729000.0,85627000.0,122140000.0,109300000.0,77367000.0,94724000.0,25340000.0,46925000.0
20250916,12917530.0,36408550.0,48173450.0,51688470.0,52841110.0,41805230.0,35160700.0,18829650.0,12556650.0,142444000.0,187631000.0,201913000.0,206373000.0,163172000.0,137676000.0,73237000.0,49086000.0
20250917,-7033980.0,48818100.0,45842750.0,59848330.0,55789700.0,38570630.0,43784490.0,15486970.0,17307090.0,184913000.0,173333000.0,226532000.0,210995000.0,145850000.0,165772000.0,58335000.0,65530000.0
20250918,-14084270.0,64389030.0,48046510.0,62479950.0,64738210.0,44260600.0,53401710.0,16936580.0,21879740.0,243602000.0,180771000.0,235579000.0,243952000.0,166376000.0,201436000.0,63615000.0,83014000.0
20250919,-17053210.0,44133570.0,26654500.0,35742200.0,36168060.0,25188880.0,29233880.0,7477920.0,20486130.0,173433000.0,104674000.0,140420000.0,141998000.0,99067000.0,114801000.0,29514000.0,80960000.0
20250922,-6727740.0,23058070.0,19320380.0,24538980.0,21548940.0,14196430.0,18087280.0,5003290.0,7840180.0,91273000.0,76425000.0,97142000.0,85239000.0,56165000.0,71601000.0,19788000.0,31102000.0
20250923,-7577980.0,31275890.0,24964590.0,32755840.0,31489150.0,18510140.0,22911880.0,1920320.0,5096560.0,126238000.0,100557000.0,132151000.0,126966000.0,74454000.0,92445000.0,7706000.0,20581000.0
20250924,3485380.0,27537110.0,27929010.0,29957020.0,33050500.0,19607790.0,20752390.0,8491870.0,3861890.0,109003000.0,110465000.0,118465000.0,130685000.0,77499000.0,82052000.0,33492000.0,15258000.0
20250925,2369970.0,29586590.0,32266050.0,35355450.0,35045950.0,23977880.0,23140740.0,9273970.0,7741140.0,114098000.0,124309000.0,136203000.0,135027000.0,92332000.0,89160000.0,35706000.0,29843000.0
20250926,-7300370.0,27397190.0,21933930.0,24345770.0,22508640.0,13521870.0,17373480.0,4613130.0,8061890.0,109311000.0,87588000.0,97111000.0,89685000.0,53933000.0,69328000.0,18408000.0,32162000.0
20250929,7516510.0,31531060.0,36290090.0,28069870.0,30827360.0,22446490.0,20057890.0,7763510.0,2635600.0,124057000.0,142820000.0,110435000.0,121195000.0,88285000.0,78889000.0,30486000.0,10359000.0
20250930,-156780.0,22903860.0,24195170.0,22146680.0,20698600.0,15401690.0,14604370.0,4988350.0,5942450.0,89409000.0,94419000.0,86452000.0,80775000.0,60107000.0,57034000.0,19469000.0,23210000.0
20251009,9927540.0,29931960.0,42161680.0,39067550.0,36765360.0,31208010.0,22317200.0,9568450.0,8531720.0,115450000.0,162047000.0,150354000.0,141522000.0,119818000.0,85896000.0,36830000.0,32988000.0
20251010,-5629520.0,32983900.0,33046780.0,34794490.0,29102090.0,21036190.0,24886290.0,5183120.0,6962540.0,127668000.0,127927000.0,134490000.0,112486000.0,81243000.0,96170000.0,19976000.0,26793000.0
20251013,-2638550.0,28612680.0,26275100.0,29512680.0,29211710.0,19330730.0,22638670.0,4692000.0,4022610.0,117836000.0,108032000.0,121576000.0,120286000.0,79586000.0,93373000.0,19301000.0,16607000.0
20251014,-4749610.0,37614190.0,31272820.0,31700290.0,33292060.0,22156160.0,24867450.0,6845770.0,8884090.0,152449000.0,126694000.0,128192000.0,134527000.0,89367000.0,100416000.0,27738000.0,36110000.0
20251015,-646490.0,29517520.0,26015750.0,23631610.0,26486890.0,16303790.0,16702250.0,5056660.0,5304690.0,121444000.0,107183000.0,97482000.0,109045000.0,67183000.0,68949000.0,20916000.0,21848000.0
20251016,-5347180.0,25179030.0,20950800.0,20640790.0,19521850.0,12306180.0,16518530.0,3114550.0,4249380.0,105497000.0,87717000.0,86459000.0,81833000.0,51541000.0,69170000.0,13044000.0,17821000.0
20251017,-5080840.0,23414260.0,18747800.0,18107270.0,17692890.0,11972600.0,14425900.0,3369020.0,5996560.0,102235000.0,81808000.0,79004000.0,77164000.0,52206000.0,63004000.0,14673000.0,26142000.0
20251020,-5946200.0,31532750.0,24387880.0,25353670.0,26552340.0,15129810.0,19865170.0,3045410.0,4256250.0,134266000.0,103913000.0,107966000.0,113223000.0,64618000.0,84613000.0,12983000.0,18084000.0
20251021,1290140.0,11975300.0,13972070.0,12407310.0,11700690.0,7871280.0,6246720.0,1377000.0,1711420.0,51157000.0,59674000.0,52989000.0,49969000.0,33599000.0,26671000.0,5878000.0,7308000.0
20251022,-536490.0,11734800.0,12943660.0,12018730.0,10273380.0,7139320.0,7257670.0,1189570.0,1607710.0,50222000.0,55321000.0,51380000.0,43909000.0,30509000.0,31055000.0,5074000.0,6900000.0
20251023,-517710.0,11916560.0,11867980.0,10097320.0,9628190.0,6525780.0,5834330.0,417660.0,1626820.0,51742000.0,51524000.0,43845000.0,41784000.0,28324000.0,25332000.0,1806000.0,7077000.0
20251024,1087570.0,22438810.0,21114660.0,18870200.0,21281920.0,17562860.0,15457930.0,3746180.0,4763540.0,93351000.0,87914000.0,78582000.0,88669000.0,73159000.0,64328000.0,15597000.0,19778000.0
20251027,305120.0,17186980.0,16956670.0,16827650.0,17363080.0,12302290.0,11900440.0,2970530.0,3067260.0,71030000.0,70059000.0,69534000.0,71717000.0,50760000.0,49141000.0,12299000.0,12706000.0
20251028,-2103380.0,16740590.0,14971570.0,15140810.0,14806440.0,10927900.0,10827010.0,1129940.0,3334210.0,69556000.0,62143000.0,62869000.0,61437000.0,45299000.0,44947000.0,4681000.0,13879000.0
20251029,-600050.0,13617200.0,12490510.0,12599190.0,13125840.0,9874610.0,9102770.0,1183560.0,2555450.0,56213000.0,51542000.0,51998000.0,54173000.0,40757000.0,37583000.0,4893000.0,10563000.0
20251030,-1417400.0,25916700.0,24985880.0,24554560.0,24067990.0,17638730.0,17610620.0,4866760.0,6312270.0,104888000.0,100932000.0,99190000.0,97216000.0,71100000.0,71095000.0,19581000.0,25517000.0
20251031,128950.0,39549620.0,35864320.0,31646740.0,35461000.0,24268820.0,25695910.0,8813170.0,7257130.0,156034000.0,141492000.0,124879000.0,139946000.0,95791000.0,101355000.0,34757000.0,28668000.0
20251103,-2763080.0,24789620.0,24827630.0,22704950.0,19903870.0,13492200.0,15186050.0,4665250.0,5734480.0,100133000.0,100308000.0,91670000.0,80365000.0,54481000.0,61316000.0,18847000.0,23142000.0
20251104,-3882300.0,21619220.0,20687910.0,17181120.0,14230150.0,9162980.0,12469700.0,2607870.0,3183450.0,89765000.0,85897000.0,71335000.0,59031000.0,38020000.0,51739000.0,10821000.0,13274000.0
20251105,-1407010.0,14280490.0,14335650.0,12617090.0,11154920.0,7106870.0,8890480.0,2488780.0,2112180.0,60392000.0,60537000.0,53349000.0,47142000.0,30036000.0,37628000.0,10481000.0,8951000.0
20251106,502020.0,14331880.0,15988310.0,14018500.0,12864090.0,8974050.0,9802500.0,2348610.0,1018140.0,59625000.0,66462000.0,58274000.0,53452000.0,37223000.0,40718000.0,9751000.0,4240000.0
20251107,-2329020.0,13997100.0,12816570.0,12419300.0,11270820.0,7594040.0,8003940.0,776510.0,2695630.0,59095000.0,54090000.0,52428000.0,47562000.0,32042000.0,33797000.0,3277000.0,11393000.0
20251110,-1639060.0,14868520.0,14165830.0,12443220.0,11506860.0,7641570.0,9302010.0,2090840.0,2069460.0,63711000.0,60734000.0,53318000.0,49286000.0,32749000.0,39849000.0,8991000.0,8900000.0
20251111,-2225940.0,14612880.0,13531030.0,11327500.0,10183400.0,7720170.0,9296630.0,1103650.0,1753130.0,62998000.0,58313000.0,48777000.0,43855000.0,33291000.0,40118000.0,4773000.0,7553000.0
20251112,-1651310.0,14717940.0,15322770.0,12346050.0,10089900.0,8770710.0,9724110.0,4004460.0,4702370.0,64379000.0,66974000.0,53980000.0,44099000.0,38301000.0,42502000.0,17458000.0,20543000.0
20251113,-304720.0,10770650.0,11535200.0,10998830.0,9929570.0,7346440.0,7484490.0,1232550.0,1399220.0,47389000.0,50730000.0,48379000.0,43684000.0,32295000.0,32919000.0,5421000.0,6151000.0
20251114,-2096560.0,11432430.0,10043370.0,9423000.0,8715510.0,4601490.0,6719740.0,1718230.0,1696540.0,50816000.0,44632000.0,41887000.0,38749000.0,20458000.0,29871000.0,7649000.0,7558000.0
20251117,181760.0,7421080.0,8605630.0,7710870.0,6708070.0,5320860.0,4563010.0,633360.0,1209450.0,33120000.0,38381000.0,34397000.0,29926000.0,23720000.0,20356000.0,2828000.0,5402000.0
20251118,-515230.0,9499900.0,10776200.0,9011840.0,7220310.0,4076000.0,4942810.0,1473820.0,1122240.0,42480000.0,48155000.0,40283000.0,32273000.0,18222000.0,22088000.0,6565000.0,5034000.0
20251119,-2209260.0,10551810.0,7850110.0,8066380.0,8558830.0,4958970.0,6087090.0,258650.0,1339790.0,47686000.0,35427000.0,36441000.0,38668000.0,22406000.0,27527000.0,1166000.0,6077000.0
20251120,-2658040.0,8871860.0,6106240.0,7153680.0,7261260.0,3668270.0,5604000.0,618430.0,1340740.0,40303000.0,27712000.0,32484000.0,32988000.0,16685000.0,25477000.0,2819000.0,6113000.0
20251121,-3597780.0,16114660.0,15415410.0,16501220.0,13602700.0,9179950.0,9842600.0,1102480.0,4037610.0,74365000.0,70814000.0,76016000.0,62701000.0,42256000.0,45452000.0,5060000.0,18730000.0
20251124,399000.0,10967970.0,12120930.0,11116080.0,10362120.0,7063000.0,6524210.0,2506600.0,2646390.0,50538000.0,55777000.0,51119000.0,47685000.0,32390000.0,29972000.0,11585000.0,12198000.0
20251125,-1886600.0,10878050.0,10550510.0,12213210.0,10654150.0,7041290.0,6749540.0,868550.0,3046900.0,49399000.0,47883000.0,55430000.0,48341000.0,31952000.0,30640000.0,3943000.0,13861000.0
20251126,-693320.0,8320290.0,7811300.0,8678950.0,8494610.0,5389700.0,5052510.0,452080.0,1482590.0,38026000.0,35686000.0,39660000.0,38818000.0,24620000.0,23094000.0,2067000.0,6776000.0
20251127,-855420.0,8296130.0,7639400.0,8861790.0,8663100.0,4784760.0,4572800.0,347880.0,1415260.0,37814000.0,34795000.0,40366000.0,39465000.0,21790000.0,20843000.0,1592000.0,6459000.0
20251128,-1103760.0,7781450.0,6012450.0,6344940.0,7010180.0,4333250.0,5046510.0,213460.0,603960.0,35676000.0,27553000.0,29086000.0,32133000.0,19855000.0,23141000.0,983000.0,2773000.0
20251201,2591910.0,10876280.0,13091730.0,12738990.0,13115450.0,9236680.0,7575900.0,2941120.0,2009990.0,48834000.0,58761000.0,57180000.0,58870000.0,41460000.0,33991000.0,13182000.0,9034000.0
20251202,-2009480.0,9890590.0,8140520.0,8462440.0,8203020.0,4650290.0,6639150.0,772710.0,793330.0,44781000.0,36852000.0,38310000.0,37141000.0,21047000.0,30052000.0,3499000.0,3592000.0
20251203,-1581690.0,7697070.0,6061030.0,6101820.0,6156170.0,2770720.0,4369280.0,1084850.0,1067980.0,35233000.0,27730000.0,27920000.0,28158000.0,12678000.0,20004000.0,4960000.0,4898000.0
20251204,4476570.0,14410710.0,18928420.0,18583850.0,18542700.0,12213110.0,10245510.0,4476710.0,1967740.0,64353000.0,84470000.0,82938000.0,82787000.0,54476000.0,45707000.0,19972000.0,8775000.0
20251205,-774900.0,11094720.0,10620800.0,12097980.0,11797010.0,8109360.0,7450500.0,880350.0,2314110.0,49510000.0,47365000.0,53960000.0,52619000.0,36133000.0,33245000.0,3928000.0,10303000.0
20251208,-687150.0,11517480.0,11241820.0,13519050.0,13107550.0,11311640.0,10294200.0,2036180.0,3740770.0,50893000.0,49634000.0,59714000.0,57892000.0,49961000.0,45489000.0,8983000.0,16537000.0
20251209,-3579470.0,10521320.0,7971900.0,10295550.0,9265490.0,5388330.0,8602970.0,1909690.0,2274520.0,46799000.0,35441000.0,45773000.0,41186000.0,23939000.0,38249000.0,8481000.0,10115000.0
20251210,-1524790.0,8987520.0,8295520.0,9841070.0,9008280.0,6123230.0,6593790.0,1104090.0,2158320.0,40100000.0,36978000.0,43885000.0,40174000.0,27287000.0,29407000.0,4910000.0,9623000.0
20251211,-2948210.0,11721150.0,8134110.0,9779810.0,10418640.0,5256740.0,7193490.0,861820.0,1873280.0,52861000.0,36676000.0,44092000.0,46980000.0,23706000.0,32445000.0,3879000.0,8437000.0
20251212,-1188110.0,12980280.0,9186830.0,10137120.0,12742470.0,6424930.0,6057500.0,960660.0,2516200.0,59310000.0,41950000.0,46312000.0,58202000.0,29338000.0,27687000.0,4381000.0,11503000.0
20251215,-3783440.0,12243190.0,8116730.0,8684690.0,9027720.0,5000040.0,7175260.0,1372860.0,2981080.0,56692000.0,37540000.0,40201000.0,41795000.0,23143000.0,33239000.0,6345000.0,13807000.0
20251216,-3108040.0,11205690.0,6900160.0,8257010.0,9454510.0,5178970.0,6431530.0,656930.0,2512410.0,53392000.0,32858000.0,39326000.0,45026000.0,24684000.0,30657000.0,3139000.0,12000000.0
20251217,-1341670.0,9111350.0,6910490.0,7384090.0,8243260.0,4385620.0,4924710.0,440530.0,1243110.0,43544000.0,32947000.0,35223000.0,39332000.0,20915000.0,23510000.0,2081000.0,5974000.0
20251218,-705380.0,6210980.0,5526940.0,6107020.0,6085670.0,4234080.0,4988510.0,418690.0,369640.0,29468000.0,26208000.0,28962000.0,28863000.0,20077000.0,23673000.0,1989000.0,1753000.0
20251219,-13970.0,6618340.0,6341160.0,6451960.0,6715170.0,5557610.0,6420210.0,1539230.0,690600.0,31212000.0,29893000.0,30432000.0,31667000.0,26212000.0,30285000.0,7250000.0,3261000.0
20251222,513150.0,10901870.0,10677980.0,10421000.0,11158040.0,8094540.0,7966610.0,1384370.0,999150.0,50251000.0,49202000.0,48044000.0,51418000.0,37292000.0,36729000.0,6378000.0,4616000.0
20251223,-1926130.0,7664170.0,5576470.0,6109310.0,6270880.0,3474960.0,4939340.0,671630.0,1133380.0,35568000.0,25867000.0,28349000.0,29095000.0,16118000.0,22924000.0,3115000.0,5264000.0
20251224,-601840.0,6252740.0,5668180.0,5811640.0,5794370.0,3811950.0,3846130.0,461540.0,1029200.0,28890000.0,26185000.0,26849000.0,26769000.0,17606000.0,17768000.0,2131000.0,4754000.0
20251225,4397870.0,15075200.0,19943970.0,18276190.0,17805300.0,14002120.0,11398700.0,4073200.0,2278750.0,67741000.0,89598000.0,82107000.0,79981000.0,62887000.0,51154000.0,18225000.0,10227000.0
20251226,-5876880.0,19646290.0,12561070.0,14541300.0,15749640.0,7668520.0,11663230.0,1374420.0,3256590.0,87237000.0,55739000.0,64531000.0,69911000.0,34014000.0,51786000.0,6102000.0,14447000.0
20251229,-1904550.0,17908690.0,16109640.0,18238870.0,18133370.0,10610600.0,12754980.0,3431930.0,3192100.0,78507000.0,70599000.0,79949000.0,79481000.0,46491000.0,55916000.0,15020000.0,13972000.0
20251230,7758130.0,27251780.0,35045870.0,34200540.0,34164580.0,23749290.0,22131470.0,10497820.0,4357510.0,116447000.0,149629000.0,146067000.0,145928000.0,101395000.0,94536000.0,44784000.0,18599000.0
20251231,-4296730.0,25655620.0,20896390.0,25413780.0,25876280.0,18406400.0,20765770.0,4396770.0,6334130.0,108403000.0,88250000.0,107336000.0,109292000.0,77724000.0,87717000.0,18581000.0,26785000.0
20260105,-1954780.0,21991850.0,17509180.0,19487290.0,22015180.0,14210620.0,15841680.0,2595120.0,2918840.0,93351000.0,74286000.0,82685000.0,93425000.0,60282000.0,67208000.0,10984000.0,12383000.0
20260106,-3015880.0,20280340.0,16535380.0,18840940.0,19570020.0,12269360.0,14166850.0,5290730.0,6409120.0,85642000.0,69779000.0,79535000.0,82603000.0,51779000.0,59804000.0,22327000.0,27098000.0
20260107,-1442450.0,20273240.0,16779100.0,18125940.0,20177630.0,15235710.0,15284490.0,4973990.0,6367660.0,85300000.0,70541000.0,76229000.0,84844000.0,64035000.0,64303000.0,20890000.0,26766000.0
20260108,-492250.0,20084390.0,20685930.0,24006530.0,22912720.0,18495290.0,18107490.0,7310660.0,8190710.0,83433000.0,85865000.0,99659000.0,95113000.0,76751000.0,75172000.0,30295000.0,33988000.0
20260109,-4375950.0,26489020.0,19777330.0,23897850.0,26233590.0,19032070.0,21405500.0,5934340.0,7936860.0,109365000.0,81544000.0,98597000.0,108212000.0,78416000.0,88295000.0,24451000.0,32778000.0
20260112,740660.0,46935530.0,45328640.0,47876970.0,50224520.0,39766520.0,38382050.0,12131430.0,12775240.0,185875000.0,179234000.0,189396000.0,198809000.0,157040000.0,151748000.0,48142000.0,50662000.0
20260113,-7401320.0,44077940.0,33204130.0,35416380.0,38888880.0,26771710.0,32226170.0,7731680.0,9678540.0,173834000.0,130613000.0,139421000.0,153128000.0,105341000.0,127055000.0,30294000.0,38094000.0
20260114,-4826190.0,38909520.0,29007260.0,32920150.0,37996200.0,25581470.0,28611940.0,4280100.0,6075820.0,154058000.0,114643000.0,130177000.0,150257000.0,101035000.0,113186000.0,16854000.0,24038000.0
20260115,-5052420.0,24561000.0,16832360.0,17464310.0,20140530.0,12369000.0,14862690.0,2804000.0,5362730.0,99284000.0,67978000.0,70514000.0,81347000.0,49937000.0,60036000.0,11313000.0,21687000.0
20260116,1887580.0,29807780.0,30793630.0,29784080.0,30685820.0,22983790.0,25816390.0,10369120.0,5648940.0,117603000.0,121424000.0,117540000.0,121096000.0,90709000.0,101894000.0,40818000.0,22256000.0
20260119,-4359790.0,22892640.0,18604540.0,20730580.0,20658890.0,12676740.0,15686720.0,3480610.0,4830420.0,90284000.0,73339000.0,81715000.0,81434000.0,49976000.0,61851000.0,13713000.0,19064000.0
20260120,-4417390.0,22788400.0,18491490.0,20789610.0,20669130.0,12626930.0,15081880.0,2708330.0,4670770.0,90330000.0,73155000.0,82287000.0,81802000.0,49881000.0,59689000.0,10678000.0,18529000.0
20260121,-1962810.0,19939710.0,16848100.0,16446050.0,17574840.0,10037740.0,11217330.0,1118010.0,1901230.0,79296000.0,66997000.0,65395000.0,69865000.0,39875000.0,44587000.0,4446000.0,7563000.0
20260122,547780.0,25476800.0,26484970.0,25321110.0,24860720.0,18245050.0,17514930.0,5535510.0,5717850.0,99754000.0,103557000.0,98969000.0,97135000.0,71260000.0,68493000.0,21583000.0,22381000.0
20260123,-2738670.0,26494280.0,21379840.0,24673430.0,27049200.0,15305760.0,18051700.0,5012770.0,5005500.0,103306000.0,83276000.0,96181000.0,105402000.0,59618000.0,70372000.0,19513000.0,19568000.0
20260126,-4725510.0,30616270.0,25916950.0,27766820.0,27740630.0,20480460.0,21762720.0,2931550.0,6374800.0,119586000.0,101122000.0,108220000.0,108143000.0,79844000.0,84860000.0,11331000.0,24855000.0
20260127,-3871090.0,29718330.0,21051000.0,17922340.0,22718580.0,12182600.0,13603930.0,664820.0,3114580.0,119173000.0,84358000.0,71884000.0,91120000.0,48888000.0,54619000.0,2675000.0,12522000.0
20260128,-6238090.0,27234670.0,19429530.0,19103470.0,20670520.0,10289060.0,14591480.0,1793690.0,3729360.0,111426000.0,79472000.0,78097000.0,84469000.0,42048000.0,59666000.0,7333000.0,15297000.0
20260129,-3069350.0,20316650.0,17655460.0,15757460.0,15349290.0,8317080.0,9763830.0,1595130.0,3217730.0,84380000.0,73312000.0,65426000.0,63690000.0,34552000.0,40589000.0,6641000.0,13408000.0
20260130,240840.0,20267260.0,19795700.0,16299280.0,17011660.0,9748420.0,10016240.0,3265980.0,2757320.0,86535000.0,84432000.0,69633000.0,72630000.0,41609000.0,42784000.0,13899000.0,11830000.0
20260202,1248340.0,19000730.0,23942440.0,20278980.0,16585600.0,11823270.0,10193440.0,2332260.0,2713750.0,79684000.0,100362000.0,84961000.0,69488000.0,49536000.0,42723000.0,9742000.0,11350000.0
20260203,316970.0,14739140.0,14482820.0,12866910.0,13440200.0,8113920.0,7780860.0,1146820.0,1162910.0,61959000.0,60851000.0,54077000.0,56484000.0,34106000.0,32738000.0,4823000.0,4892000.0
20260204,520610.0,12687080.0,13903400.0,10963790.0,10268090.0,6135380.0,5799990.0,1509030.0,1323810.0,53504000.0,58599000.0,46202000.0,43278000.0,25853000.0,24450000.0,6339000.0,5571000.0
20260205,-817450.0,12052900.0,12754770.0,9757290.0,8237960.0,4895290.0,4773850.0,1189670.0,2128560.0,51193000.0,54161000.0,41421000.0,34947000.0,20762000.0,20270000.0,5026000.0,9024000.0
20260206,377030.0,14120560.0,15096470.0,13553210.0,12954340.0,7282880.0,6653880.0,1456850.0,1708820.0,59594000.0,63638000.0,57101000.0,54620000.0,30681000.0,28020000.0,6132000.0,7230000.0
20260209,-1001240.0,11255690.0,11801020.0,10757520.0,9210940.0,5590760.0,6086580.0,989000.0,1494420.0,47008000.0,49274000.0,44933000.0,38470000.0,23353000.0,25431000.0,4130000.0,6249000.0
20260210,2329160.0,12477490.0,16806920.0,16697690.0,14697410.0,12735470.0,9478430.0,3234860.0,4162740.0,51281000.0,69046000.0,68601000.0,60401000.0,52334000.0,38974000.0,13298000.0,17093000.0
20260211,-497260.0,10059110.0,9428550.0,8415500.0,8548800.0,5719500.0,6041050.0,850340.0,1026050.0,41388000.0,38792000.0,34626000.0,35162000.0,23541000.0,24860000.0,3487000.0,4228000.0
20260212,-55990.0,9586720.0,10533550.0,9732300.0,8729480.0,6312870.0,6175210.0,1996500.0,2190150.0,39429000.0,43317000.0,40024000.0,35898000.0,25960000.0,25399000.0,8219000.0,9019000.0
20260213,1773990.0,13273800.0,18618930.0,15761440.0,12190300.0,10222730.0,9327690.0,3074420.0,2195470.0,54419000.0,76300000.0,64605000.0,49962000.0,41884000.0,38243000.0,12589000.0,8993000.0
20260224,377770.0,25257380.0,29439370.0,26845270.0,23041040.0,18275830.0,19067810.0,6801490.0,5631740.0,103268000.0,120449000.0,109674000.0,94131000.0,74668000.0,77958000.0,27839000.0,22912000.0
20260225,-2519920.0,18558210.0,16513950.0,16593280.0,16117630.0,11267540.0,12142310.0,2060010.0,3705160.0,76855000.0,68318000.0,68700000.0,66742000.0,46643000.0,50295000.0,8524000.0,15367000.0
20260226,-2201060.0,16366400.0,13070710.0,12290690.0,13385320.0,7672200.0,9121110.0,1620830.0,2372980.0,68160000.0,54425000.0,51189000.0,55739000.0,31947000.0,37993000.0,6745000.0,9883000.0
20260227,-5055690.0,15165980.0,10458490.0,13361350.0,13013140.0,6778780.0,10895210.0,1622660.0,2561920.0,63786000.0,43977000.0,56196000.0,54725000.0,28515000.0,45841000.0,6824000.0,10778000.0
20260302,-5041960.0,24393090.0,19215110.0,18927320.0,19063340.0,9904790.0,12828530.0,1715280.0,3833500.0,106321000.0,83753000.0,82410000.0,82968000.0,43137000.0,55908000.0,7468000.0,16707000.0
20260303,-4950210.0,21078980.0,17966420.0,17565420.0,15727770.0,9200360.0,12790810.0,2183020.0,3542780.0,94608000.0,80555000.0,78824000.0,70508000.0,41066000.0,57353000.0,9775000.0,15858000.0
20260304,-1426280.0,14541460.0,13378910.0,11605230.0,11341490.0,6827300.0,6928970.0,904010.0,2228620.0,67141000.0,61757000.0,53599000.0,52377000.0,31524000.0,32009000.0,4173000.0,10294000.0
20260305,1069720.0,13465930.0,13681600.0,11107130.0,11961190.0,7619690.0,7215700.0,1258290.0,592560.0,61194000.0,62144000.0,50471000.0,54345000.0,34604000.0,32794000.0,5712000.0,2698000.0
20260306,-484130.0,10458030.0,10954870.0,10342960.0,9361990.0,6399350.0,6847870.0,1599120.0,1634730.0,47052000.0,49257000.0,46520000.0,42125000.0,28791000.0,30804000.0,7195000.0,7372000.0
20260309,-2582280.0,18526670.0,17124500.0,14879570.0,13699460.0,6694810.0,8142370.0,1380850.0,2515570.0,85859000.0,79318000.0,68950000.0,63483000.0,31015000.0,37722000.0,6394000.0,11695000.0
20260310,1498980.0,11962620.0,12983850.0,11507530.0,11985270.0,8054300.0,6570290.0,1833860.0,1818890.0,53739000.0,58307000.0,51682000.0,53831000.0,36173000.0,29509000.0,8222000.0,8169000.0
20260311,77250.0,12223500.0,13345960.0,11996050.0,10950830.0,7062030.0,7934360.0,2529410.0,1579830.0,54357000.0,59321000.0,53309000.0,48672000.0,31376000.0,35275000.0,11264000.0,7038000.0
20260312,-3016420.0,11287600.0,8606070.0,9122650.0,8787750.0,5508170.0,7115580.0,607210.0,2016220.0,51154000.0,38972000.0,41308000.0,39787000.0,24943000.0,32255000.0,2746000.0,9137000.0
20260313,-467600.0,15408580.0,13341390.0,11573130.0,13172730.0,5999700.0,8399910.0,6646310.0,4713700.0,71138000.0,61517000.0,53494000.0,60853000.0,27671000.0,38674000.0,30345000.0,21605000.0
20260316,1551530.0,9733330.0,12973530.0,10758630.0,9069960.0,6921540.0,6209730.0,2143090.0,1303370.0,44791000.0,59733000.0,49524000.0,41746000.0,31861000.0,28574000.0,9861000.0,5984000.0
20260317,-504320.0,11371230.0,11897520.0,10865780.0,9835180.0,7217520.0,8649540.0,2616580.0,1688880.0,51580000.0,53957000.0,49297000.0,44613000.0,32736000.0,39246000.0,11870000.0,7667000.0
20260318,-2961430.0,9954650.0,7310330.0,7672960.0,7355830.0,3328880.0,5707270.0,715520.0,1298560.0,45989000.0,33758000.0,35453000.0,33971000.0,15372000.0,26381000.0,3307000.0,6010000.0
20260319,-3578410.0,11746890.0,8221490.0,8452160.0,8399140.0,4205040.0,7104430.0,1133500.0,1812520.0,55536000.0,38840000.0,39935000.0,39683000.0,19861000.0,33610000.0,5371000.0,8571000.0
20260320,-857420.0,10960530.0,7185090.0,7507300.0,10425320.0,4895150.0,4960560.0,1002150.0,1794160.0,52834000.0,34585000.0,36169000.0,50288000.0,23619000.0,23921000.0,4844000.0,8672000.0
20260323,-2823390.0,16111060.0,12186420.0,11432310.0,12533560.0,5594740.0,7390260.0,922880.0,1950750.0,79972000.0,60357000.0,56579000.0,62040000.0,27631000.0,36649000.0,4578000.0,9714000.0
20260324,-654420.0,11872630.0,10061380.0,7883380.0,9040200.0,4051270.0,4281990.0,438670.0,862370.0,60128000.0,50905000.0,39870000.0,45742000.0,20492000.0,21685000.0,2201000.0,4359000.0
20260325,294420.0,7681620.0,8671090.0,8092010.0,7396970.0,5427320.0,4721820.0,1495240.0,1906320.0,38026000.0,42908000.0,40046000.0,36612000.0,26844000.0,23374000.0,7417000.0,9440000.0
20260326,94190.0,7652110.0,8428070.0,7071990.0,6390220.0,4481840.0,4259090.0,1428290.0,1556850.0,37830000.0,41644000.0,34969000.0,31581000.0,22139000.0,21063000.0,7085000.0,7735000.0
20260327,-458280.0,7618040.0,6824650.0,4955190.0,5290300.0,3846780.0,3278590.0,833520.0,1859990.0,37989000.0,34018000.0,24699000.0,26377000.0,19151000.0,16335000.0,4134000.0,9243000.0
20260330,-127020.0,7026290.0,6863630.0,5155170.0,5190820.0,2833820.0,2994890.0,713570.0,679520.0,35149000.0,34298000.0,25754000.0,25936000.0,14133000.0,14959000.0,3559000.0,3402000.0
20260331,-368700.0,9139280.0,8217990.0,6521080.0,7073650.0,3180590.0,3900080.0,800830.0,450040.0,45191000.0,40640000.0,32241000.0,34954000.0,15712000.0,19284000.0,3956000.0,2222000.0
20260401,-463240.0,7055650.0,6883560.0,6257070.0,5965920.0,3182860.0,3060020.0,136890.0,722970.0,34897000.0,34038000.0,30945000.0,29502000.0,15739000.0,15140000.0,676000.0,3577000.0
20260402,-641060.0,8923080.0,8107360.0,5963820.0,6138480.0,2939770.0,3847500.0,690350.0,423680.0,44789000.0,40676000.0,29906000.0,30803000.0,14758000.0,19288000.0,3453000.0,2138000.0
20260403,-1670000.0,7613660.0,5030800.0,4289010.0,5201860.0,1749200.0,2696980.0,404020.0,1126240.0,38709000.0,25544000.0,21798000.0,26434000.0,8879000.0,13731000.0,2069000.0,5746000.0
20260407,-1328910.0,7490800.0,5813000.0,4476560.0,4825450.0,1549290.0,2504260.0,0.0,373940.0,38612000.0,29964000.0,23077000.0,24881000.0,7991000.0,12903000.0,0.0,1932000.0
20260408,1319630.0,13160210.0,13706650.0,10423360.0,11196550.0,7589190.0,7029580.0,2693280.0,1933260.0,65029000.0,67722000.0,51521000.0,55364000.0,37512000.0,34734000.0,13316000.0,9559000.0
20260409,-1818960.0,7866030.0,7278370.0,7201470.0,5970160.0,2911480.0,4253130.0,752890.0,1230200.0,39110000.0,36185000.0,35800000.0,29667000.0,14479000.0,21148000.0,3741000.0,6130000.0
20260410,2866540.0,9827560.0,10970720.0,7483390.0,9206770.0,6284610.0,4594740.0,1615620.0,438950.0,47913000.0,53459000.0,36471000.0,44871000.0,30624000.0,22414000.0,7884000.0,2148000.0
20260413,747220.0,7552060.0,8715630.0,7298890.0,6882540.0,4897890.0,4483570.0,2310760.0,1977860.0,36666000.0,42285000.0,35417000.0,33418000.0,23783000.0,21765000.0,11231000.0,9629000.0
20260414,-329510.0,9701950.0,8533230.0,6985360.0,7824560.0,4135320.0,4582590.0,855160.0,737400.0,46620000.0,40978000.0,33558000.0,37589000.0,19858000.0,22017000.0,4099000.0,3551000.0
20260415,-1170490.0,9899950.0,7508740.0,6811810.0,8032530.0,3406240.0,4336550.0,428080.0,668260.0,47320000.0,35879000.0,32519000.0,38366000.0,16270000.0,20715000.0,2048000.0,3198000.0
20260416,1166080.0,7945750.0,8137800.0,5900010.0,6874050.0,3702430.0,4155200.0,2878560.0,1259710.0,37935000.0,38844000.0,28167000.0,32812000.0,17675000.0,19842000.0,13740000.0,6019000.0
20260417,1813860.0,11242070.0,12784710.0,10431710.0,10702930.0,9176690.0,7071240.0,1076360.0,1367950.0,52973000.0,60240000.0,49158000.0,50448000.0,43281000.0,33330000.0,5063000.0,6457000.0
20260420,-1575570.0,10855830.0,9743080.0,9791800.0,9328990.0,4836610.0,6410420.0,1097210.0,1098970.0,50604000.0,45395000.0,45640000.0,43481000.0,22541000.0,29882000.0,5097000.0,5124000.0
20260421,-1971270.0,10146810.0,8151640.0,8151620.0,8175530.0,3797010.0,5319570.0,1134660.0,1583370.0,48047000.0,38580000.0,38591000.0,38690000.0,17963000.0,25182000.0,5359000.0,7509000.0
20260422,-2574090.0,7543590.0,5839920.0,7036810.0,6166380.0,3597980.0,5431820.0,632020.0,1372270.0,35662000.0,27603000.0,33267000.0,29151000.0,17008000.0,25684000.0,2983000.0,6482000.0
20260423,-2388140.0,10843440.0,7593250.0,6572020.0,7434070.0,3505320.0,5036010.0,262420.0,1119870.0,51688000.0,36188000.0,31307000.0,35418000.0,16692000.0,23977000.0,1249000.0,5353000.0
20260424,-428380.0,9489420.0,8623150.0,5781770.0,6219680.0,2693180.0,2562580.0,660550.0,1219530.0,46015000.0,41801000.0,28043000.0,30165000.0,13049000.0,12433000.0,3197000.0,5905000.0
20260427,744720.0,8212780.0,9888680.0,6916520.0,5985340.0,3864880.0,3561550.0,1128190.0,686800.0,39228000.0,47172000.0,33001000.0,28577000.0,18431000.0,17007000.0,5366000.0,3270000.0
20260428,-1495280.0,9473290.0,8386550.0,6627510.0,6218970.0,3231190.0,4125060.0,1097690.0,1699100.0,46170000.0,40882000.0,32319000.0,30291000.0,15724000.0,20102000.0,5341000.0,8280000.0
20260429,828270.0,8853550.0,9051260.0,5864860.0,6495400.0,4695540.0,3492150.0,1524940.0,1900060.0,42912000.0,43871000.0,28436000.0,31466000.0,22742000.0,16937000.0,7347000.0,9162000.0
20260430,1589540.0,26089790.0,27088780.0,22512690.0,23103250.0,17040770.0,16572500.0,6614210.0,5492940.0,119519000.0,124091000.0,103185000.0,105872000.0,78084000.0,75923000.0,30246000.0,25149000.0
20260506,814930.0,28858960.0,30874860.0,30866760.0,29665790.0,20187980.0,20662440.0,7041060.0,5751670.0,126099000.0,134811000.0,134874000.0,129642000.0,88252000.0,90359000.0,30741000.0,25154000.0
20260507,3427530.0,23320830.0,24704640.0,22446930.0,24490650.0,17602740.0,15595620.0,5164380.0,3743970.0,100115000.0,105935000.0,96344000.0,105103000.0,75517000.0,66951000.0,22103000.0,16090000.0
20260508,5173170.0,34547400.0,37321440.0,34612850.0,37011980.0,26309650.0,23934840.0,12558970.0,9760610.0,143916000.0,155177000.0,144148000.0,154038000.0,109355000.0,99638000.0,52119000.0,40686000.0
20260511,-3982660.0,38626300.0,29651960.0,28090350.0,33082040.0,20712150.0,26143520.0,11767720.0,10319010.0,160616000.0,123260000.0,116799000.0,137559000.0,86146000.0,108730000.0,48881000.0,42894000.0
20260512,2564690.0,32536820.0,29136120.0,24031620.0,29997010.0,20332510.0,20582730.0,9447300.0,6632390.0,132841000.0,118906000.0,98118000.0,122468000.0,83023000.0,84028000.0,38540000.0,27120000.0
20260513,-10378890.0,33859050.0,18680390.0,21273150.0,26072920.0,13713950.0,19035700.0,3743010.0,8800150.0,139987000.0,77196000.0,87941000.0,107772000.0,56707000.0,78716000.0,15482000.0,36432000.0
20260514,-5300280.0,29081200.0,20126230.0,21462600.0,25117290.0,13183920.0,17157950.0,5072120.0,6398370.0,121179000.0,83742000.0,89286000.0,104529000.0,54837000.0,71458000.0,21001000.0,26574000.0
20260515,35914660.0,53142500.0,72591130.0,58782320.0,75248360.0,57665380.0,54056450.0,54050910.0,21745180.0,210933000.0,286808000.0,233049000.0,296489000.0,227059000.0,212688000.0,210428000.0,85483000.0
20260518,-787440.0,65759550.0,66255330.0,61060630.0,59777410.0,51468860.0,45387420.0,15364530.0,22233410.0,252320000.0,253950000.0,234229000.0,229233000.0,197339000.0,174179000.0,58872000.0,85398000.0
20260519,4725880.0,51393360.0,57845500.0,51258130.0,49531870.0,40460480.0,38459130.0,16364350.0,13639820.0,193233000.0,217253000.0,192722000.0,186218000.0,152118000.0,144701000.0,61479000.0,51379000.0
20260520,-14335200.0,55504810.0,34908420.0,37397210.0,43658390.0,26308430.0,38519180.0,10038200.0,12162650.0,211752000.0,133085000.0,142579000.0,166454000.0,100287000.0,146844000.0,38158000.0,46393000.0
20260521,49926710.0,52726660.0,80042910.0,76304430.0,98914880.0,80685750.0,83388040.0,104550140.0,51921140.0,189918000.0,285966000.0,273021000.0,352124000.0,287400000.0,296414000.0,366945000.0,182779000.0
20260522,13892420.0,95062530.0,117379920.0,115948180.0,107523210.0,93181660.0,74554260.0,43623810.0,48358790.0,332768000.0,410330000.0,405691000.0,376213000.0,325869000.0,260867000.0,152570000.0,169488000.0
20260525,-15232240.0,93185930.0,83379750.0,100826080.0,95400010.0,72575680.0,72465770.0,30014660.0,45356810.0,322147000.0,287315000.0,347610000.0,329141000.0,250195000.0,249987000.0,103078000.0,156585000.0
20260526,11332860.0,92848960.0,100318800.0,118842040.0,122705060.0,100080180.0,98009790.0,40394830.0,31132360.0,316152000.0,340662000.0,404346000.0,417497000.0,339965000.0,333918000.0,137521000.0,105907000.0
20260527,-14363690.0,87687090.0,68364880.0,85056820.0,90015350.0,71951630.0,76695180.0,27620690.0,37240830.0,303705000.0,235988000.0,293379000.0,310650000.0,247805000.0,264882000.0,95469000.0,128837000.0
20260528,-28307860.0,100989400.0,60482590.0,75762700.0,87961650.0,44491510.0,66062390.0,15272630.0,22009610.0,361161000.0,215832000.0,270404000.0,314182000.0,158700000.0,236031000.0,54441000.0,78660000.0
20260529,-13699310.0,73055960.0,62241000.0,66328200.0,63443850.0,42744960.0,51220690.0,10580970.0,15804550.0,257400000.0,218485000.0,232994000.0,222857000.0,149654000.0,180106000.0,36847000.0,55446000.0
20260601,-13756270.0,61704610.0,37189750.0,41968980.0,52727590.0,28776840.0,38572610.0,14571720.0,18532220.0,226877000.0,136625000.0,154167000.0,193694000.0,105603000.0,141708000.0,53633000.0,68253000.0
20260602,-3160850.0,50588040.0,45361790.0,40322810.0,42388210.0,29696660.0,32155620.0,9985460.0,10687350.0,184859000.0,165851000.0,147101000.0,154613000.0,108290000.0,117141000.0,36347000.0,38993000.0
20260603,29338600.0,76615250.0,96717010.0,92124790.0,101361620.0,82784060.0,78993680.0,58307830.0,32759610.0,267312000.0,335574000.0,320619000.0,352046000.0,286945000.0,273339000.0,199018000.0,112935000.0
20260604,-12853890.0,94838770.0,83552010.0,86502360.0,84935230.0,63263430.0,66744370.0,27697400.0,37070350.0,319280000.0,280786000.0,290996000.0,285660000.0,212810000.0,224577000.0,92808000.0,124872000.0
20260605,14820130.0,91253950.0,105694140.0,96866560.0,97246510.0,72925590.0,59192210.0,28604810.0,27518060.0,304373000.0,349116000.0,321205000.0,322535000.0,241168000.0,196951000.0,93477000.0,91621000.0
20260608,50155660.0,76308700.0,116572840.0,105695340.0,115586860.0,93808590.0,95817470.0,92169410.0,40004870.0,236259000.0,357998000.0,327317000.0,355276000.0,288818000.0,293990000.0,276552000.0,121682000.0
20260609,23300210.0,54795680.0,66433590.0,67622930.0,79285220.0,60090600.0,69875740.0,95206570.0,62121220.0,150375000.0,181256000.0,185504000.0,216721000.0,164416000.0,191139000.0,258558000.0,169738000.0
20260610,-56244990.0,226304900.0,184065140.0,230617260.0,216612030.0,167971310.0,185515820.0,99972710.0,138673190.0,609109000.0,493366000.0,619003000.0,581810000.0,447251000.0,496668000.0,264695000.0,368215000.0
20260611,-17079150.0,138298460.0,107249640.0,117736600.0,131706270.0,89662690.0,96411010.0,47862530.0,58193360.0,411107000.0,318323000.0,348983000.0,390418000.0,264691000.0,285382000.0,140926000.0,171585000.0
20260612,-23157980.0,140996660.0,113919240.0,120134160.0,124053610.0,85421450.0,103873570.0,32079050.0,36784910.0,422786000.0,340932000.0,358306000.0,370064000.0,253709000.0,309497000.0,95169000.0,109477000.0
20260615,8885100.0,99283940.0,111814650.0,99749150.0,96103550.0,70586000.0,64062020.0,23514790.0,21153670.0,301972000.0,339514000.0,303306000.0,292291000.0,214523000.0,195104000.0,71580000.0,64473000.0
20260616,4915170.0,110580610.0,129236220.0,127728530.0,113988100.0,92992170.0,84602990.0,33753420.0,37227430.0,328200000.0,382593000.0,378800000.0,338381000.0,276032000.0,251390000.0,99900000.0,110568000.0
20260617,-21292780.0,99570300.0,76966870.0,84597030.0,85907680.0,58042250.0,69749380.0,19485870.0,29071520.0,298584000.0,230250000.0,253144000.0,257223000.0,173527000.0,208802000.0,58208000.0,87188000.0
20260618,43932350.0,58329720.0,84756240.0,68606420.0,86112240.0,61317870.0,63590110.0,69552470.0,23347880.0,166087000.0,239531000.0,195515000.0,243780000.0,174197000.0,179945000.0,193236000.0,65779000.0
20260622,-19039430.0,169750820.0,145917540.0,162636020.0,167429870.0,125601140.0,128017170.0,48356910.0,64980310.0,461835000.0,395993000.0,441102000.0,454498000.0,340238000.0,347539000.0,130929000.0,176074000.0
20260623,17675910.0,150981900.0,165900840.0,162128330.0,164885300.0,123478790.0,118552120.0,63171220.0,50421980.0,401989000.0,440088000.0,430377000.0,437801000.0,327070000.0,315046000.0,166745000.0,133246000.0
20260624,-19691240.0,136708330.0,115988840.0,137522640.0,138550890.0,95229990.0,109411450.0,38442600.0,43952380.0,363597000.0,307765000.0,365004000.0,367906000.0,252441000.0,290715000.0,102045000.0,116699000.0
20260625,-10081300.0,152729090.0,128193850.0,149419700.0,163873650.0,113102590.0,119528820.0,48705950.0,52361020.0,408345000.0,339921000.0,397255000.0,436283000.0,298374000.0,318274000.0,129406000.0,138903000.0
20260626,-17757700.0,108220910.0,90119140.0,114658070.0,115002150.0,86553590.0,90834300.0,32777160.0,46254150.0,305952000.0,254195000.0,323940000.0,325081000.0,244706000.0,256844000.0,92853000.0,131331000.0
20260629,-8494050.0,92536280.0,76852270.0,90135290.0,97325260.0,68224390.0,71162540.0,21091210.0,26647110.0,270315000.0,223454000.0,262954000.0,283729000.0,197650000.0,207382000.0,61104000.0,77458000.0
20260630,48554470.0,51528520.0,76374870.0,58485710.0,82193840.0,58028580.0,59301180.0,77160070.0,27333000.0,147177000.0,213597000.0,166129000.0,230248000.0,162595000.0,166480000.0,210399000.0,75976000.0
20260701,56338680.0,19122310.0,43135460.0,30924070.0,63249600.0,46597900.0,56941390.0,123077550.0,56395380.0,47463000.0,106442000.0,76626000.0,155764000.0,115284000.0,140375000.0,302108000.0,138900000.0
20260702,-65684440.0,212217380.0,142378860.0,224169720.0,228323800.0,169625550.0,211131450.0,117085200.0,141263740.0,516395000.0,346863000.0,544107000.0,555846000.0,411566000.0,511983000.0,284025000.0,341402000.0
20260703,38246370.0,108033910.0,124649640.0,143099720.0,164730350.0,131092310.0,147210410.0,168580930.0,114216460.0,250622000.0,286246000.0,331309000.0,378371000.0,302481000.0,338802000.0,383016000.0,264008000.0
20260706,-48847200.0,232673430.0,198024040.0,283612090.0,269414280.0,235163570.0,252645880.0,153397920.0,184762810.0,496618000.0,422858000.0,605100000.0,575701000.0,502188000.0,539324000.0,328644000.0,394668000.0
20260707,6049440.0,216641720.0,211144850.0,262342850.0,273889150.0,224224980.0,218636170.0,127233990.0,126773360.0,458645000.0,446904000.0,554978000.0,580789000.0,475267000.0,463431000.0,271127000.0,268894000.0
20260708,-19293880.0,37302390.0,22188730.0,38004100.0,33823880.0,23533450.0,30641440.0,17916810.0,30102700.0,83447000.0,49652000.0,84900000.0,75622000.0,52504000.0,68562000.0,39943000.0,66959000.0
20260709,-13340260.0,207293660.0,192515900.0,230051410.0,231488910.0,178371740.0,182867280.0,91998860.0,100843580.0,511881000.0,474134000.0,566639000.0,570346000.0,438804000.0,450757000.0,227318000.0,249405000.0
20260710,-16109470.0,170013210.0,155573950.0,220513060.0,218842850.0,162152480.0,176732920.0,84987030.0,86516060.0,402532000.0,368314000.0,521945000.0,518335000.0,383511000.0,417918000.0,201695000.0,205115000.0
20260713,-44326750.0,122640060.0,84184480.0,109733010.0,103861840.0,70123760.0,85979440.0,27301530.0,55772600.0,315329000.0,216101000.0,281658000.0,266902000.0,179978000.0,220830000.0,70128000.0,143261000.0
20260714,-9047930.0,122384970.0,108508360.0,123085020.0,127913700.0,84383910.0,94508370.0,44193520.0,43116990.0,323357000.0,286622000.0,325124000.0,338465000.0,223441000.0,250082000.0,117707000.0,114460000.0
20260715,-1784280.0,140021900.0,131501110.0,156144880.0,162881390.0,112417360.0,124720440.0,54157640.0,43638840.0,348240000.0,326712000.0,387711000.0,404484000.0,279762000.0,310068000.0,134644000.0,109093000.0
20260716,-12295730.0,155004270.0,141010020.0,171634440.0,173332960.0,119536910.0,135771380.0,52434350.0,48495610.0,368925000.0,335474000.0,408631000.0,413083000.0,284515000.0,323555000.0,125737000.0,115696000.0
20260717,-32936370.0,99508890.0,64569220.0,81746130.0,83749440.0,46832870.0,64322360.0,26601910.0,42048790.0,256048000.0,165951000.0,209619000.0,214840000.0,120145000.0,164953000.0,68054000.0,108123000.0
20260720,7212210.0,90437480.0,84916410.0,79979810.0,92713090.0,65656340.0,73165360.0,50855070.0,36133840.0,259192000.0,243099000.0,229013000.0,265985000.0,188081000.0,209948000.0,146519000.0,103772000.0
20260721,-14239060.0,133603850.0,121884130.0,131089710.0,128570370.0,93376260.0,104715540.0,48089940.0,50989720.0,411128000.0,374840000.0,403336000.0,396776000.0,287009000.0,322399000.0,148455000.0,155914000.0
20260722,-4337120.0,112323780.0,100150180.0,105792440.0,113628920.0,67468280.0,79837960.0,37941950.0,29909390.0,334407000.0,297236000.0,314401000.0,337974000.0,200518000.0,237687000.0,112773000.0,89203000.0
20260723,-26413390.0,120630730.0,78837880.0,87059210.0,102438680.0,56475290.0,75155020.0,21753440.0,29487100.0,379975000.0,247922000.0,273880000.0,322428000.0,177510000.0,236623000.0,68545000.0,92937000.0
20260724,-16972820.0,85115680.0,62838810.0,60862250.0,66166300.0,35097830.0,45350790.0,13574230.0,20294090.0,279444000.0,206344000.0,200002000.0,217582000.0,115325000.0,149189000.0,44734000.0,66391000.0
20260727,5023070.0,69078740.0,74355540.0,58920100.0,58666370.0,36928430.0,33321980.0,10910840.0,9494220.0,224285000.0,240915000.0,191315000.0,190405000.0,119593000.0,108139000.0,35208000.0,30942000.0
20260728,-6254770.0,73797460.0,68786770.0,58840510.0,57596440.0,31864030.0,38742630.0,12088950.0,11465120.0,237306000.0,221228000.0,188559000.0,184559000.0,101917000.0,123991000.0,38588000.0,36592000.0
20260729,152850.0,102465070.0,106275380.0,94758550.0,91101090.0,58970040.0,60940540.0,19582280.0,17458930.0,329703000.0,341529000.0,304155000.0,292479000.0,189178000.0,195424000.0,62443000.0,56047000.0
20260730,-15456370.0,93802640.0,71029320.0,77737430.0,85054380.0,52026670.0,62118860.0,21360590.0,26724770.0,325503000.0,246035000.0,269253000.0,294268000.0,179861000.0,215479000.0,74094000.0,92929000.0
20260731,15763330.0,96489010.0,102240760.0,90730910.0,100742490.0,71808440.0,62738640.0,26603570.0,19910040.0,325599000.0,344505000.0,306330000.0,340007000.0,242075000.0,211911000.0,89655000.0,67236000.0
20260803,-3954900.0,92476970.0,89745250.0,83947880.0,82724690.0,55092280.0,62108600.0,22856740.0,19795320.0,298712000.0,289663000.0,271148000.0,267118000.0,177791000.0,200587000.0,73797000.0,64080000.0
20260804,17909020.0,85007880.0,102003090.0,91839900.0,92753710.0,69861260.0,59382210.0,28987160.0,21557190.0,270336000.0,323025000.0,291635000.0,294685000.0,221697000.0,189099000.0,91865000.0,68724000.0
20260805,9933450.0,105050250.0,115768100.0,111899720.0,111115320.0,84880960.0,79328140.0,33627920.0,29247290.0,310702000.0,342089000.0,330810000.0,328444000.0,250983000.0,234605000.0,99145000.0,86502000.0
20260806,-5651520.0,106410020.0,101438360.0,101859200.0,101179340.0,66808560.0,72013340.0,31472420.0,31919160.0,306303000.0,291831000.0,293181000.0,291423000.0,192280000.0,207322000.0,90751000.0,91938000.0
20260807,-4515750.0,106642040.0,97256740.0,94033960.0,98903510.0,62730330.0,64973320.0,20367280.0,22640040.0,306872000.0,279598000.0,270343000.0,284519000.0,180227000.0,186832000.0,58523000.0,65017000.0
20260810,-14999140.0,83896910.0,64847540.0,65495790.0,69546020.0,38958110.0,54636440.0,16974660.0,16295470.0,243746000.0,188126000.0,189974000.0,201772000.0,112979000.0,158456000.0,49050000.0,47395000.0
20260811,12870320.0,118304080.0,117504280.0,110771620.0,124441740.0,77615400.0,78234300.0,37171400.0,23682180.0,334754000.0,331771000.0,312601000.0,350988000.0,218640000.0,220793000.0,104404000.0,66846000.0
20260812,-19331870.0,105219070.0,89695410.0,90355530.0,86547310.0,55179580.0,62681270.0,18676580.0,30506760.0,301571000.0,257060000.0,258921000.0,248041000.0,158164000.0,179645000.0,53537000.0,87446000.0
20260813,5687200.0,86374630.0,85203960.0,83953790.0,90811660.0,59375300.0,59877910.0,25047720.0,18857910.0,245477000.0,241512000.0,238160000.0,257763000.0,168158000.0,169964000.0,71005000.0,53561000.0
20260814,-19491900.0,83168090.0,54806570.0,54619290.0,63488910.0,30554350.0,43994600.0,10124780.0,16176430.0,242199000.0,159384000.0,158912000.0,184787000.0,88827000.0,128052000.0,29418000.0,47133000.0
20260817,23790730.0,76439760.0,89291510.0,70402940.0,81341920.0,52629530.0,46311810.0,36037030.0,18564020.0,215822000.0,251374000.0,198532000.0,229341000.0,148129000.0,130543000.0,100969000.0,52196000.0
20260818,15969840.0,137244410.0,150868950.0,143545380.0,145890690.0,104096640.0,116024560.0,67919160.0,40021400.0,369767000.0,404475000.0,385782000.0,391848000.0,279383000.0,311470000.0,180210000.0,107349000.0
20260819,-40830180.0,98375990.0,61224490.0,76281800.0,72603140.0,49169300.0,62906270.0,18615160.0,45708370.0,270573000.0,168297000.0,209713000.0,199519000.0,135150000.0,172901000.0,51089000.0,125807000.0
20260820,-18797710.0,104634400.0,85570130.0,92813310.0,93079870.0,59401900.0,66093720.0,22634610.0,34740500.0,312352000.0,254888000.0,276694000.0,277878000.0,177148000.0,197535000.0,67822000.0,103716000.0
