trade_date,main_net_in,buy_sm_amount,sell_sm_amount,buy_md_amount,sell_md_amount,buy_lg_amount,sell_lg_amount,buy_elg_amount,sell_elg_amount,buy_sm_vol,sell_sm_vol,buy_md_vol,sell_md_vol,buy_lg_vol,sell_lg_vol,buy_elg_vol,sell_elg_vol
20190102,648680.0,6098370.0,6541020.0,9318280.0,9524310.0,8828480.0,8395210.0,1308550.0,1093140.0,38145000.0,40872000.0,58224000.0,59497000.0,55222000.0,52554000.0,8197000.0,6865000.0
20190103,-2635370.0,7096540.0,6375690.0,11808520.0,9893990.0,8976020.0,11099590.0,2182640.0,2694440.0,43937000.0,39374000.0,72983000.0,61205000.0,55514000.0,68679000.0,13458000.0,16634000.0
20190104,-2109320.0,9420110.0,8651470.0,13162310.0,11821640.0,9752390.0,12808490.0,2074510.0,1127730.0,59717000.0,54602000.0,83162000.0,74843000.0,61684000.0,81198000.0,13208000.0,7129000.0
20190107,-1540450.0,9228660.0,9536880.0,13298270.0,11449600.0,11584430.0,11143380.0,2091850.0,4073350.0,58662000.0,60308000.0,84325000.0,72495000.0,73328000.0,70665000.0,13210000.0,26058000.0
20190108,12219900.0,15326180.0,22705410.0,22336340.0,27177000.0,27760860.0,23584500.0,12629030.0,4585490.0,89539000.0,132766000.0,130741000.0,159035000.0,162537000.0,137299000.0,72939000.0,26657000.0
20190109,-17193090.0,21508310.0,10866730.0,27047550.0,20496030.0,20444570.0,27658040.0,4843680.0,14823300.0,129458000.0,65276000.0,162606000.0,123165000.0,122859000.0,166208000.0,29022000.0,89296000.0
20190110,-918260.0,10055570.0,7751300.0,10680710.0,12066720.0,8176300.0,9141180.0,2419830.0,2373210.0,61608000.0,47417000.0,65409000.0,73811000.0,49954000.0,55901000.0,14773000.0,14616000.0
20190111,-2692540.0,7119320.0,4752580.0,7388150.0,7062350.0,5698760.0,7018510.0,232200.0,1604990.0,44009000.0,29321000.0,45630000.0,43607000.0,35189000.0,43428000.0,1437000.0,9910000.0
20190114,-732060.0,4725590.0,4339120.0,6126450.0,5780870.0,3656790.0,3444750.0,33500.0,977600.0,29030000.0,26626000.0,37606000.0,35479000.0,22413000.0,21110000.0,205000.0,6039000.0
20190115,742030.0,5872120.0,6756740.0,8626580.0,8483980.0,5965370.0,5619200.0,663750.0,267890.0,35891000.0,41228000.0,52657000.0,51791000.0,36371000.0,34342000.0,4065000.0,1624000.0
20190116,-4821800.0,7312820.0,3646790.0,7382650.0,6226890.0,3862660.0,6787080.0,188050.0,2085430.0,45186000.0,22504000.0,45618000.0,38472000.0,23875000.0,41972000.0,1164000.0,12894000.0
20190117,-3055920.0,7041350.0,4462330.0,8638910.0,8162010.0,5486270.0,8404570.0,856370.0,993990.0,44411000.0,28060000.0,54572000.0,51548000.0,34730000.0,53225000.0,5464000.0,6344000.0
20190118,1396380.0,5427180.0,6577220.0,7843490.0,8089830.0,7075560.0,6583640.0,1451000.0,546540.0,34150000.0,41324000.0,49290000.0,50841000.0,44416000.0,41340000.0,9075000.0,3426000.0
20190121,1449430.0,4319000.0,5939110.0,6515840.0,6345170.0,7096080.0,5458780.0,1460150.0,1648020.0,26862000.0,36866000.0,40459000.0,39386000.0,44046000.0,33904000.0,9066000.0,10278000.0
20190122,1840730.0,6479810.0,7808810.0,10553870.0,11065610.0,9721580.0,8986010.0,2937810.0,1832650.0,39497000.0,47430000.0,64177000.0,67264000.0,59039000.0,54616000.0,17723000.0,11126000.0
20190123,370020.0,6200700.0,5538850.0,8421280.0,9453140.0,8161340.0,7982420.0,1246640.0,1055540.0,38053000.0,33872000.0,51566000.0,57865000.0,49967000.0,48924000.0,7593000.0,6517000.0
20190124,10144190.0,7552730.0,14141530.0,13991800.0,17547190.0,20542400.0,14355790.0,7494390.0,3536810.0,44965000.0,83870000.0,83047000.0,103982000.0,121675000.0,85196000.0,44407000.0,21045000.0
20190125,9577610.0,11027730.0,18285120.0,22144000.0,24464220.0,23197590.0,18405630.0,9041910.0,4256260.0,62221000.0,103203000.0,124978000.0,138209000.0,131459000.0,104001000.0,50806000.0,24052000.0
20190128,-2566600.0,10440030.0,7562510.0,12542280.0,12853220.0,10031850.0,10569890.0,3066110.0,5094670.0,58378000.0,42210000.0,70067000.0,71787000.0,55990000.0,59054000.0,17058000.0,28441000.0
20190129,-311550.0,9474590.0,8991540.0,12797680.0,12969180.0,9923490.0,9248130.0,1717590.0,2704500.0,53276000.0,50501000.0,71935000.0,72858000.0,55689000.0,51940000.0,9585000.0,15184000.0
20190130,-771080.0,5642190.0,4857750.0,7468740.0,7482110.0,7193020.0,6207820.0,619200.0,2375480.0,31985000.0,27474000.0,42324000.0,42377000.0,40734000.0,35202000.0,3502000.0,13492000.0
20190131,-4619960.0,9069530.0,5792100.0,10192570.0,8850030.0,8725630.0,7978990.0,920170.0,6286770.0,51741000.0,32934000.0,58265000.0,50459000.0,49698000.0,45691000.0,5227000.0,35846000.0
20190201,5394430.0,7949070.0,12052520.0,13682790.0,14973770.0,13818480.0,10861910.0,4157060.0,1719200.0,43867000.0,66430000.0,75526000.0,82557000.0,76179000.0,59991000.0,22826000.0,9420000.0
20190211,1643820.0,11262060.0,10253860.0,14022520.0,16674550.0,12986840.0,12222010.0,3764530.0,2885540.0,60311000.0,54789000.0,75043000.0,89193000.0,69441000.0,65554000.0,20170000.0,15431000.0
20190212,264270.0,7732050.0,7760640.0,9840160.0,10075840.0,8695280.0,8351940.0,1536350.0,1615420.0,41057000.0,41176000.0,52239000.0,53451000.0,46090000.0,44321000.0,8144000.0,8582000.0
20190213,-5343850.0,10889700.0,6985870.0,12364290.0,10924270.0,9365140.0,12215290.0,1796610.0,4290310.0,58055000.0,37204000.0,65894000.0,58213000.0,49885000.0,65099000.0,9563000.0,22881000.0
20190214,4757460.0,9499540.0,12668880.0,14788560.0,16376670.0,15643320.0,12445840.0,4114350.0,2554370.0,49680000.0,66118000.0,77216000.0,85413000.0,81606000.0,65010000.0,21427000.0,13389000.0
20190215,-3773230.0,11716090.0,6797390.0,12241920.0,13387380.0,10712700.0,12961800.0,2765050.0,4289180.0,62985000.0,36504000.0,65795000.0,71927000.0,57611000.0,69715000.0,14846000.0,23091000.0
20190218,1070750.0,8558120.0,10523700.0,12039210.0,11144390.0,10283240.0,9536000.0,3599740.0,3276230.0,45719000.0,56000000.0,64204000.0,59389000.0,54826000.0,50822000.0,19122000.0,17660000.0
20190219,-2315870.0,11352430.0,9724410.0,12122580.0,11434730.0,10533070.0,11692700.0,2391360.0,3547600.0,60360000.0,51598000.0,64418000.0,60654000.0,55941000.0,62198000.0,12634000.0,18903000.0
20190220,-1026840.0,8416320.0,7566970.0,11833070.0,11655590.0,8231590.0,8771880.0,2009890.0,2496440.0,44608000.0,39996000.0,62542000.0,61654000.0,43492000.0,46428000.0,10637000.0,13201000.0
20190221,4662950.0,8415840.0,10800420.0,14868770.0,17147150.0,16640330.0,12012520.0,2194430.0,2159290.0,44726000.0,57006000.0,78746000.0,90844000.0,87518000.0,63338000.0,11549000.0,11352000.0
20190222,-1393960.0,8654150.0,6937830.0,9751210.0,10073560.0,8957400.0,9147210.0,3286280.0,4490430.0,46108000.0,36950000.0,51938000.0,53659000.0,47714000.0,48717000.0,17486000.0,23921000.0
20190225,3618900.0,13176330.0,15442410.0,22210490.0,23563300.0,29735380.0,27860470.0,8671740.0,6927750.0,66505000.0,77996000.0,112391000.0,119052000.0,150405000.0,140949000.0,43703000.0,35006000.0
20190226,-937650.0,13076650.0,14076910.0,23920500.0,21982580.0,31648660.0,26289190.0,6856390.0,13153510.0,62452000.0,67132000.0,114146000.0,104960000.0,150924000.0,125405000.0,32844000.0,62868000.0
20190227,-7083610.0,15963960.0,8301990.0,17220590.0,17798950.0,13586950.0,17616630.0,4402820.0,7456750.0,79147000.0,40917000.0,85161000.0,87901000.0,67200000.0,87225000.0,21777000.0,37243000.0
20190228,2131160.0,7568130.0,9763620.0,13121500.0,13057170.0,14859500.0,12433220.0,4998100.0,5293220.0,37245000.0,47969000.0,64571000.0,64217000.0,73212000.0,61250000.0,24593000.0,26185000.0
20190301,15173740.0,10354290.0,18741170.0,19580540.0,26367380.0,29941070.0,25213790.0,22100460.0,11654000.0,49559000.0,88543000.0,93109000.0,124950000.0,141791000.0,119636000.0,103689000.0,55020000.0
20190304,-189810.0,16372990.0,14281780.0,23228080.0,25129470.0,25628330.0,24852970.0,10600310.0,11565480.0,74152000.0,64484000.0,105070000.0,113552000.0,115808000.0,112392000.0,47836000.0,52439000.0
20190305,-1565560.0,12949240.0,10463860.0,15626960.0,16546780.0,17066820.0,18337340.0,7340460.0,7635500.0,58386000.0,46992000.0,70303000.0,74410000.0,76604000.0,82397000.0,32930000.0,34424000.0
20190306,-4664420.0,13119410.0,10402990.0,17200120.0,15252120.0,17604070.0,20766030.0,4965540.0,6468000.0,59052000.0,46723000.0,77338000.0,68519000.0,79111000.0,93460000.0,22316000.0,29116000.0
20190307,-4135040.0,22378360.0,17498140.0,26720540.0,27465740.0,27034760.0,30327530.0,12040510.0,12882780.0,95099000.0,74218000.0,113305000.0,116539000.0,114852000.0,128660000.0,50905000.0,54744000.0
20190308,1173800.0,15605240.0,16322930.0,23390040.0,23846140.0,23474820.0,22001850.0,8824780.0,9123950.0,66947000.0,69611000.0,100226000.0,101977000.0,100072000.0,94218000.0,37570000.0,39010000.0
20190311,13049580.0,16261620.0,19381090.0,25217300.0,35147410.0,29470420.0,28107030.0,20635010.0,8948820.0,67757000.0,80384000.0,104999000.0,145734000.0,122280000.0,116645000.0,84577000.0,36851000.0
20190312,-8033300.0,20561660.0,16441690.0,29363760.0,25450430.0,32600140.0,33208840.0,9851000.0,17275600.0,82370000.0,65692000.0,117419000.0,101722000.0,130294000.0,132885000.0,39349000.0,69133000.0
20190313,4135030.0,17303730.0,18757920.0,24680480.0,27361330.0,32553690.0,30914830.0,22064010.0,19567840.0,66029000.0,71433000.0,94164000.0,104273000.0,123971000.0,117707000.0,83489000.0,74240000.0
20190314,-8937500.0,25501900.0,17214870.0,33448210.0,32797750.0,34890710.0,44195750.0,16124550.0,15757010.0,99548000.0,66305000.0,130023000.0,126650000.0,134577000.0,171720000.0,61065000.0,60537000.0
20190315,-6828440.0,14921500.0,11556790.0,21617100.0,18153370.0,18987000.0,25253020.0,6697030.0,7259450.0,60841000.0,47010000.0,88005000.0,73910000.0,77196000.0,102820000.0,27248000.0,29550000.0
20190318,287950.0,16247260.0,13937410.0,21629670.0,24227480.0,29094170.0,27306770.0,11926410.0,13425860.0,68097000.0,58350000.0,91008000.0,101664000.0,122587000.0,115080000.0,50127000.0,56726000.0
20190319,-3782390.0,10743800.0,8159630.0,13962270.0,12764050.0,15886280.0,13632720.0,2321860.0,8357810.0,44609000.0,33827000.0,57936000.0,52968000.0,65973000.0,56600000.0,9642000.0,34764000.0
20190320,-6964200.0,13298680.0,7987850.0,16908260.0,15254880.0,15009100.0,17311000.0,5083440.0,9745740.0,56543000.0,33850000.0,71868000.0,64726000.0,63706000.0,73583000.0,21553000.0,41512000.0
20190321,5356920.0,11101880.0,13835670.0,19492940.0,22116080.0,25008710.0,17614110.0,8574670.0,10612350.0,46031000.0,57247000.0,80747000.0,91523000.0,103469000.0,72981000.0,35413000.0,43909000.0
20190322,4325090.0,9395870.0,11298650.0,12240520.0,14662820.0,14332160.0,10773780.0,4645720.0,3879010.0,39178000.0,46965000.0,50939000.0,60957000.0,59507000.0,44838000.0,19250000.0,16114000.0
20190325,-4605530.0,12288100.0,8077120.0,15183930.0,14789380.0,15559030.0,21215970.0,8082430.0,7031020.0,51941000.0,34117000.0,64116000.0,62477000.0,65678000.0,89581000.0,34110000.0,29670000.0
20190326,-12194450.0,15412490.0,8760370.0,24951320.0,19408990.0,29757740.0,28505850.0,12147080.0,25593420.0,67715000.0,38391000.0,109823000.0,85174000.0,131053000.0,125338000.0,53551000.0,113238000.0
20190327,-120350.0,8890820.0,8212430.0,13560810.0,14118850.0,14495300.0,14071600.0,3709250.0,4253300.0,39080000.0,36007000.0,59432000.0,61920000.0,63476000.0,61556000.0,16258000.0,18763000.0
20190328,-2170050.0,9278080.0,7107520.0,11859210.0,11859730.0,11103140.0,11764840.0,4135410.0,5643760.0,41127000.0,31449000.0,52642000.0,52481000.0,49279000.0,52252000.0,18290000.0,25156000.0
20190329,7378500.0,15023940.0,17923520.0,21757290.0,26236200.0,26792460.0,26103260.0,13277140.0,6587840.0,62529000.0,74711000.0,90902000.0,109518000.0,111950000.0,108851000.0,55181000.0,27481000.0
20190401,26002610.0,8963740.0,22899410.0,19160070.0,31227010.0,37883380.0,33910090.0,45184660.0,23155340.0,34332000.0,87205000.0,73342000.0,118991000.0,144893000.0,129506000.0,171116000.0,87979000.0
20190402,6377760.0,18410310.0,21039140.0,33487160.0,37236100.0,45084260.0,44890870.0,36056250.0,29871880.0,64875000.0,73872000.0,117837000.0,130890000.0,158449000.0,157471000.0,126249000.0,105176000.0
20190403,-1774430.0,13358780.0,11692810.0,22680160.0,22571690.0,25762860.0,27597680.0,10722600.0,10662210.0,47310000.0,41292000.0,80224000.0,79813000.0,91021000.0,97503000.0,37703000.0,37650000.0
20190404,-8469870.0,14904490.0,9738920.0,20918230.0,17613920.0,21377550.0,21348170.0,9660930.0,18160180.0,52642000.0,34293000.0,73860000.0,62068000.0,75290000.0,75219000.0,33881000.0,64093000.0
20190408,-17869500.0,25462680.0,13609250.0,31932930.0,25916850.0,34330920.0,41359220.0,16456490.0,27297690.0,94985000.0,50516000.0,118785000.0,96107000.0,128035000.0,154090000.0,61776000.0,102867000.0
20190409,-1485260.0,12627500.0,10086310.0,17446180.0,18502100.0,18781320.0,18294800.0,8710730.0,10682510.0,47312000.0,37708000.0,65286000.0,69176000.0,70198000.0,68503000.0,32513000.0,39923000.0
20190410,20449120.0,9876290.0,24335280.0,31614500.0,37604620.0,45660500.0,45462750.0,46169470.0,25918100.0,34983000.0,85578000.0,111730000.0,132430000.0,161354000.0,160108000.0,160483000.0,90434000.0
20190411,-4106060.0,17266310.0,14450360.0,25707030.0,24416930.0,24172850.0,25109680.0,15155110.0,18324340.0,59816000.0,49998000.0,88870000.0,84420000.0,83560000.0,86832000.0,51779000.0,62776000.0
20190412,-4174340.0,12553970.0,10376240.0,21172410.0,19175820.0,15691950.0,16958470.0,3674080.0,6581900.0,44879000.0,37027000.0,75682000.0,68468000.0,56081000.0,60592000.0,13126000.0,23680000.0
20190415,-8574390.0,14990350.0,9129360.0,22341320.0,19627920.0,23498450.0,23437530.0,5100870.0,13736180.0,54729000.0,33155000.0,81456000.0,71458000.0,85763000.0,85519000.0,18493000.0,50309000.0
20190416,-66520.0,11601670.0,10377700.0,18460290.0,19617750.0,20263430.0,18436400.0,6393960.0,8287510.0,42576000.0,37997000.0,67683000.0,71871000.0,74250000.0,67598000.0,23391000.0,30433000.0
20190417,8678120.0,14149820.0,19895350.0,26136300.0,29068900.0,36543890.0,33556380.0,20254950.0,14564340.0,48839000.0,68511000.0,90205000.0,100084000.0,125897000.0,115663000.0,69629000.0,50312000.0
20190418,-3122400.0,12143090.0,9729970.0,14338210.0,13628930.0,15526530.0,14368740.0,5523040.0,9803230.0,42305000.0,33842000.0,49925000.0,47425000.0,54004000.0,50019000.0,19220000.0,34167000.0
20190419,-2555520.0,9182370.0,7572410.0,13122240.0,12176680.0,13981730.0,15132350.0,4556310.0,5961210.0,32330000.0,26562000.0,46153000.0,42774000.0,49127000.0,53167000.0,15965000.0,21071000.0
20190422,-2810240.0,9577110.0,7489150.0,12602910.0,11880640.0,11923000.0,13736460.0,3214810.0,4211590.0,33819000.0,26340000.0,44404000.0,41807000.0,41957000.0,48466000.0,11279000.0,14847000.0
20190423,-2048610.0,7965030.0,5666330.0,10281880.0,10531970.0,7905720.0,9907380.0,4037740.0,4084690.0,28616000.0,20324000.0,36909000.0,37796000.0,28359000.0,35575000.0,14492000.0,14681000.0
20190424,-5580090.0,10379500.0,7086450.0,13333170.0,11046120.0,13274120.0,14374400.0,5609010.0,10088820.0,37895000.0,25719000.0,48753000.0,40222000.0,48452000.0,52448000.0,20444000.0,37155000.0
20190425,-1730910.0,7924430.0,7074190.0,10498310.0,9617640.0,11574650.0,12496020.0,3398820.0,4208360.0,28905000.0,25751000.0,38319000.0,35090000.0,42274000.0,45702000.0,12469000.0,15423000.0
20190426,-690610.0,6570720.0,5995020.0,10339160.0,10224260.0,9047910.0,8185050.0,889710.0,2443180.0,24256000.0,22077000.0,38084000.0,37664000.0,33328000.0,30168000.0,3261000.0,9020000.0
20190429,-3806350.0,11046990.0,7791970.0,14602040.0,14050700.0,16101040.0,18019110.0,8107320.0,9995600.0,40909000.0,28724000.0,54083000.0,51925000.0,59674000.0,66649000.0,29674000.0,37041000.0
20190430,-5772030.0,9927040.0,6159160.0,13284600.0,11280440.0,12993580.0,14759730.0,3388300.0,7394180.0,38172000.0,23661000.0,51157000.0,43400000.0,50026000.0,56829000.0,13061000.0,28525000.0
20190506,-5312460.0,12574800.0,11024630.0,19279020.0,15516740.0,18836270.0,24339960.0,6915870.0,6724640.0,51218000.0,44932000.0,78495000.0,63359000.0,76796000.0,98992000.0,28171000.0,27396000.0
20190507,-4215990.0,13937800.0,13085050.0,20775030.0,17411800.0,17812340.0,22660010.0,5715800.0,5084120.0,54540000.0,51170000.0,81313000.0,68221000.0,69756000.0,88713000.0,22442000.0,19947000.0
20190508,-5085080.0,13171500.0,10424080.0,15800140.0,13462460.0,11851250.0,12093930.0,2656190.0,7498590.0,52390000.0,41467000.0,62900000.0,53512000.0,47100000.0,48151000.0,10543000.0,29802000.0
20190509,-2678210.0,10292030.0,6111920.0,10871190.0,12373080.0,10795890.0,11654680.0,2297720.0,4117140.0,42376000.0,25091000.0,44759000.0,50906000.0,44468000.0,48078000.0,9446000.0,16974000.0
20190510,8086300.0,11211140.0,16708910.0,21081820.0,23670360.0,26642650.0,26468530.0,15107510.0,7195330.0,43839000.0,65031000.0,82369000.0,92241000.0,103842000.0,103198000.0,58538000.0,28118000.0
20190513,50010.0,10298920.0,10008170.0,12595600.0,12936370.0,11816950.0,12817630.0,5523380.0,4472690.0,39473000.0,38319000.0,48252000.0,49553000.0,45290000.0,49181000.0,21213000.0,17175000.0
20190514,2215620.0,8491470.0,8217920.0,13414320.0,15903490.0,13979600.0,11438780.0,1738660.0,2063860.0,32536000.0,31461000.0,51376000.0,60871000.0,53489000.0,43809000.0,6660000.0,7920000.0
20190515,3501510.0,12714390.0,12779660.0,18206090.0,21642320.0,23770780.0,20753070.0,7047320.0,6563520.0,46641000.0,46872000.0,66794000.0,79375000.0,87156000.0,76133000.0,25819000.0,24028000.0
20190516,-1630210.0,12489680.0,10183980.0,15089130.0,15764610.0,14505220.0,17376110.0,5195100.0,3954420.0,45330000.0,36830000.0,54694000.0,57036000.0,52403000.0,62893000.0,18651000.0,14319000.0
20190517,-5122450.0,14046880.0,11425810.0,15594280.0,13092900.0,14733230.0,15712840.0,3288840.0,7431680.0,52913000.0,42970000.0,58737000.0,49222000.0,55482000.0,59232000.0,12442000.0,28151000.0
20190520,-7847720.0,12727800.0,7693350.0,16610250.0,13796990.0,17606470.0,22812220.0,4107700.0,6749670.0,50219000.0,30204000.0,65490000.0,54345000.0,69287000.0,90034000.0,16136000.0,26548000.0
20190521,-1592460.0,11014270.0,9511280.0,15663660.0,15574200.0,17634620.0,17303190.0,3552410.0,5476300.0,43636000.0,37384000.0,61897000.0,61414000.0,69610000.0,68580000.0,13972000.0,21736000.0
20190522,-5034980.0,9234260.0,4932490.0,9916270.0,9183050.0,9699560.0,11685600.0,884300.0,3933240.0,36741000.0,19590000.0,39457000.0,36470000.0,38587000.0,46525000.0,3497000.0,15697000.0
20190523,-12914430.0,18377820.0,11955240.0,20321530.0,13829680.0,14506260.0,19110150.0,2521410.0,10831950.0,76957000.0,50001000.0,85178000.0,57880000.0,60758000.0,80148000.0,10581000.0,45445000.0
20190524,-1171190.0,13550970.0,10086120.0,19000400.0,21294060.0,18220910.0,16873070.0,3468860.0,5987890.0,58868000.0,43703000.0,82602000.0,92542000.0,79239000.0,73368000.0,15073000.0,26168000.0
20190527,8106230.0,13627490.0,16571310.0,21931560.0,27093960.0,31146300.0,28105800.0,11389280.0,6323550.0,56500000.0,68062000.0,90440000.0,111725000.0,127699000.0,115253000.0,46545000.0,26144000.0
20190528,-1145230.0,11814570.0,10241490.0,14001540.0,14429390.0,13605330.0,13287710.0,3078830.0,4541680.0,47570000.0,41209000.0,56367000.0,58091000.0,54775000.0,53496000.0,12363000.0,18279000.0
20190529,1606760.0,7368600.0,8645740.0,9999310.0,10328930.0,10148250.0,8716550.0,1936450.0,1761390.0,29599000.0,34689000.0,40116000.0,41405000.0,40693000.0,34977000.0,7756000.0,7093000.0
20190530,277560.0,8923220.0,7744200.0,11579990.0,13036570.0,11260670.0,10858710.0,1770320.0,1894720.0,36281000.0,31343000.0,47038000.0,52895000.0,45590000.0,44051000.0,7124000.0,7744000.0
20190531,-1357990.0,6800200.0,7083140.0,10047250.0,8406320.0,6196280.0,7243480.0,1171570.0,1482360.0,27361000.0,28449000.0,40402000.0,33798000.0,24897000.0,29150000.0,4703000.0,5965000.0
20190603,-3581960.0,9321970.0,5012000.0,11771570.0,12499590.0,8219910.0,10808680.0,3370610.0,4363800.0,38084000.0,20379000.0,48074000.0,51014000.0,33546000.0,44125000.0,13706000.0,17892000.0
20190604,-2047000.0,7333770.0,5072830.0,6999910.0,7213850.0,5671720.0,7048010.0,314450.0,985160.0,30065000.0,20787000.0,28697000.0,29565000.0,23223000.0,28881000.0,1288000.0,4039000.0
20190605,-18560.0,6456290.0,5855860.0,7452900.0,8034760.0,6791560.0,5242770.0,2009090.0,3576440.0,26460000.0,23970000.0,30512000.0,32889000.0,27812000.0,21488000.0,8259000.0,14697000.0
20190606,-6586430.0,9854170.0,5901790.0,11385020.0,8750980.0,10337790.0,14383610.0,1477960.0,4018570.0,42010000.0,25190000.0,48499000.0,37220000.0,44036000.0,61132000.0,6272000.0,17276000.0
20190610,-1632760.0,9943980.0,7185770.0,12268770.0,13394220.0,12351080.0,12929460.0,2172060.0,3226440.0,41647000.0,30053000.0,51338000.0,56075000.0,51698000.0,54134000.0,9048000.0,13470000.0
20190611,3256220.0,10202050.0,11651510.0,13249280.0,15056050.0,13146060.0,13832190.0,6236980.0,2294630.0,41462000.0,47313000.0,53830000.0,61096000.0,53250000.0,56001000.0,25134000.0,9266000.0
20190612,3643590.0,8048250.0,10699350.0,12608220.0,13600720.0,17166290.0,13234390.0,2852010.0,3140320.0,31839000.0,42205000.0,49784000.0,53678000.0,67651000.0,52209000.0,11205000.0,12386000.0
20190613,5175400.0,8828190.0,9787770.0,10700190.0,14916000.0,14225260.0,14305400.0,7357090.0,2101550.0,34924000.0,38508000.0,42122000.0,58633000.0,55772000.0,56086000.0,28654000.0,8244000.0
20190614,-5091650.0,14742800.0,10401050.0,17362550.0,16612660.0,10603450.0,12735740.0,2839100.0,5798460.0,59509000.0,41863000.0,70058000.0,67157000.0,42752000.0,51434000.0,11434000.0,23299000.0
20190617,-1005060.0,7651280.0,6655130.0,11051520.0,11042620.0,7966140.0,9391570.0,4340410.0,3920040.0,31071000.0,26990000.0,44883000.0,44835000.0,32332000.0,38096000.0,17650000.0,16016000.0
20190618,-1610190.0,6539030.0,3979370.0,3566690.0,4516150.0,2611390.0,3679410.0,329800.0,871970.0,26527000.0,16125000.0,14466000.0,18326000.0,10586000.0,14932000.0,1332000.0,3527000.0
20190619,3557930.0,6685650.0,10836930.0,15207550.0,14614200.0,14128190.0,13606060.0,7047120.0,4011320.0,26156000.0,42212000.0,59236000.0,56940000.0,55019000.0,52990000.0,27330000.0,15599000.0
20190620,4739070.0,12191850.0,12489500.0,14289230.0,18730670.0,15237660.0,17866760.0,11521720.0,4153550.0,46954000.0,48005000.0,54989000.0,72087000.0,58498000.0,68699000.0,44227000.0,15877000.0
20190621,54770.0,15689150.0,14414420.0,16186330.0,17515830.0,17666000.0,21528690.0,11174440.0,7256980.0,59016000.0,54161000.0,60545000.0,65652000.0,66008000.0,80451000.0,41732000.0,27038000.0
20190624,-3601000.0,11291350.0,9041580.0,11642230.0,10291000.0,10735990.0,9584560.0,2739350.0,7491780.0,43167000.0,34553000.0,44426000.0,39282000.0,41000000.0,36560000.0,10462000.0,28659000.0
20190625,4856160.0,13830970.0,15886270.0,17277430.0,20078290.0,18016800.0,19013890.0,12131220.0,6277970.0,52245000.0,59820000.0,65076000.0,75519000.0,67783000.0,71603000.0,45417000.0,23579000.0
20190626,17107850.0,13887910.0,23513490.0,26590550.0,34072820.0,41029190.0,34464120.0,29894830.0,19352050.0,48749000.0,82573000.0,93585000.0,119533000.0,144366000.0,120880000.0,103708000.0,67423000.0
20190627,616180.0,17524420.0,18651830.0,29677580.0,29166360.0,34249720.0,39975800.0,25790030.0,19447770.0,57873000.0,61768000.0,98343000.0,96595000.0,113451000.0,132284000.0,85372000.0,64393000.0
20190628,-1106220.0,12747230.0,10208050.0,17599270.0,19032230.0,20941500.0,19883060.0,7718760.0,9883420.0,42137000.0,33678000.0,58133000.0,62903000.0,69133000.0,65679000.0,25494000.0,32637000.0
20190701,-7502260.0,15053580.0,16762180.0,31968910.0,22758050.0,28874150.0,33181610.0,20032410.0,23227210.0,46965000.0,52220000.0,99596000.0,70982000.0,90278000.0,103629000.0,62811000.0,72818000.0
20190702,-4181400.0,13630330.0,14900420.0,25631400.0,20179900.0,23400030.0,27384330.0,12554680.0,12751780.0,42259000.0,46164000.0,79445000.0,62497000.0,72441000.0,84787000.0,38886000.0,39582000.0
20190703,-1927150.0,10136730.0,8654660.0,15820790.0,15375720.0,18023760.0,15427960.0,5438600.0,9961550.0,31785000.0,27110000.0,49644000.0,48195000.0,56506000.0,48383000.0,17042000.0,31289000.0
20190704,-10581360.0,17112290.0,9049620.0,22397490.0,19878800.0,25454700.0,22865060.0,8270240.0,21441240.0,54244000.0,28654000.0,71062000.0,63009000.0,80821000.0,72548000.0,26321000.0,68237000.0
20190705,-4871460.0,13793530.0,13301090.0,21234430.0,16855410.0,26335750.0,25741890.0,7479610.0,12944930.0,43312000.0,41780000.0,66667000.0,52875000.0,82561000.0,80686000.0,23470000.0,40669000.0
20190708,-3688380.0,16394720.0,11706270.0,22640100.0,23640170.0,19153790.0,22919400.0,9027230.0,8950000.0,52220000.0,37298000.0,72052000.0,75185000.0,60974000.0,72852000.0,28607000.0,28517000.0
20190709,1432330.0,9995100.0,13931070.0,18820610.0,16316960.0,20740650.0,22252040.0,8977270.0,6033550.0,31681000.0,44173000.0,59667000.0,51684000.0,65690000.0,70374000.0,28268000.0,19076000.0
20190710,-1848360.0,12279070.0,8723750.0,15211120.0,16918070.0,17965650.0,16957190.0,2799050.0,5655870.0,39528000.0,28039000.0,48932000.0,54400000.0,57826000.0,54588000.0,8967000.0,18227000.0
20190711,-2240780.0,10896700.0,8912720.0,12016070.0,11759270.0,9630150.0,12694710.0,3533000.0,2709220.0,34901000.0,28566000.0,38505000.0,37697000.0,30905000.0,40696000.0,11311000.0,8665000.0
20190712,6389140.0,9692730.0,13543280.0,16715120.0,19253730.0,23297250.0,21333440.0,10212130.0,5786800.0,30624000.0,42846000.0,52817000.0,60798000.0,73535000.0,67193000.0,32123000.0,18262000.0
20190715,2634390.0,12403070.0,13347480.0,14287850.0,15977820.0,20367090.0,17155080.0,6742010.0,7319630.0,39579000.0,42587000.0,45639000.0,50959000.0,65018000.0,54741000.0,21532000.0,23481000.0
20190716,-2584040.0,9740460.0,7209670.0,14206440.0,14153200.0,14978130.0,14502820.0,10537900.0,13597250.0,31440000.0,23248000.0,45831000.0,45660000.0,48323000.0,46805000.0,34016000.0,43896000.0
20190717,-786290.0,6462590.0,7250700.0,12474460.0,10900060.0,10554740.0,11656020.0,3544860.0,3229870.0,20774000.0,23257000.0,40049000.0,34988000.0,33857000.0,37421000.0,11367000.0,10381000.0
20190718,-2157420.0,5119980.0,4731220.0,8327950.0,6559280.0,7538220.0,8652910.0,1652880.0,2695610.0,16589000.0,15303000.0,26956000.0,21222000.0,24403000.0,28035000.0,5361000.0,8749000.0
20190719,-4167320.0,9707370.0,7733050.0,14239620.0,12046610.0,13224360.0,16638870.0,9559480.0,10312290.0,31132000.0,24722000.0,45593000.0,38555000.0,42376000.0,53259000.0,30532000.0,33097000.0
20190722,-6477110.0,13130150.0,6616620.0,13148810.0,13185230.0,15472720.0,20437400.0,7163330.0,8675760.0,43505000.0,21928000.0,43622000.0,43726000.0,51305000.0,67813000.0,23873000.0,28838000.0
20190723,-8307720.0,16841900.0,13124820.0,24540430.0,19949790.0,19113450.0,25423090.0,8561450.0,10559530.0,54302000.0,42275000.0,79128000.0,64342000.0,61623000.0,82003000.0,27587000.0,34020000.0
20190724,3969920.0,11459810.0,13166780.0,16840750.0,19103700.0,20739740.0,17416650.0,6013190.0,5366360.0,36698000.0,42018000.0,53814000.0,61060000.0,66197000.0,55693000.0,19172000.0,17111000.0
20190725,-1143330.0,15768840.0,11528890.0,21440100.0,24536710.0,24828630.0,21644710.0,14578870.0,18906120.0,51757000.0,37710000.0,70347000.0,80426000.0,81385000.0,71100000.0,47940000.0,62193000.0
20190726,4725720.0,8327370.0,9441660.0,9897400.0,13508850.0,12261400.0,9108690.0,4306820.0,2733810.0,27258000.0,30895000.0,32386000.0,44187000.0,40082000.0,29780000.0,14050000.0,8914000.0
20190729,-3112860.0,10452350.0,7664790.0,11198270.0,10872990.0,10925970.0,11506310.0,2320990.0,4853510.0,34528000.0,25290000.0,37001000.0,35899000.0,36078000.0,38027000.0,7674000.0,16065000.0
20190730,3983140.0,19065530.0,24195560.0,31778020.0,30631140.0,33267930.0,31286140.0,17309910.0,15308560.0,59572000.0,75634000.0,99548000.0,95848000.0,104281000.0,98197000.0,54051000.0,47774000.0
20190731,-5539840.0,18257470.0,13494680.0,21742250.0,20965210.0,19683130.0,18900110.0,8226580.0,14549440.0,57276000.0,42327000.0,68218000.0,65727000.0,61867000.0,59285000.0,25865000.0,45886000.0
20190801,722590.0,11401600.0,11787330.0,15031800.0,15368660.0,14174710.0,12968480.0,5245020.0,5728660.0,36557000.0,37768000.0,48214000.0,49288000.0,45454000.0,41604000.0,16866000.0,18432000.0
20190802,-10765990.0,17865130.0,11039320.0,22524630.0,18584450.0,22490750.0,23747120.0,6909270.0,16418890.0,59938000.0,36966000.0,75572000.0,62260000.0,75363000.0,79607000.0,23170000.0,55211000.0
20190805,-3777780.0,9890440.0,7401230.0,13050340.0,11761780.0,10640380.0,13552170.0,4903680.0,5769670.0,33134000.0,24719000.0,43668000.0,39320000.0,35575000.0,45398000.0,16468000.0,19407000.0
20190806,-1266690.0,12627680.0,11274250.0,16236940.0,16323690.0,22471360.0,20879630.0,8662870.0,11521290.0,43663000.0,38778000.0,56006000.0,56150000.0,77362000.0,72177000.0,29810000.0,39736000.0
20190807,-837310.0,8367160.0,6986390.0,9485120.0,10028580.0,8670200.0,8821020.0,2744680.0,3431170.0,28374000.0,23653000.0,32126000.0,33971000.0,29335000.0,29882000.0,9313000.0,11642000.0
20190808,3446930.0,5123710.0,8614410.0,9228390.0,9184620.0,9649420.0,7213760.0,2486050.0,1474780.0,17473000.0,29351000.0,31443000.0,31279000.0,32855000.0,24574000.0,8457000.0,5024000.0
20190809,2986660.0,8407780.0,9260920.0,11526700.0,13660210.0,11752900.0,11637830.0,6040580.0,3168990.0,28205000.0,30896000.0,38566000.0,45610000.0,39217000.0,38912000.0,20094000.0,10664000.0
20190812,2465300.0,5505550.0,6886020.0,9098340.0,10183180.0,10081690.0,8048220.0,1894310.0,1462480.0,18557000.0,23162000.0,30635000.0,34302000.0,33916000.0,27079000.0,6359000.0,4925000.0
20190813,2763840.0,7828350.0,8803770.0,12369830.0,14158260.0,14032470.0,13004870.0,5966500.0,4230260.0,25709000.0,28849000.0,40566000.0,46419000.0,45986000.0,42692000.0,19563000.0,13864000.0
20190814,6708800.0,11419710.0,13056950.0,16309000.0,21380550.0,23581440.0,21294130.0,12801820.0,8380330.0,36289000.0,41420000.0,51801000.0,67875000.0,74959000.0,67626000.0,40525000.0,26652000.0
20190815,3226770.0,8637700.0,11877010.0,13320230.0,13307680.0,16654180.0,12918420.0,5534940.0,6043930.0,27649000.0,37963000.0,42588000.0,42537000.0,53168000.0,41311000.0,17683000.0,19278000.0
20190816,3113460.0,18211320.0,21806450.0,38435010.0,37953340.0,48115250.0,39270240.0,29280620.0,35012170.0,54271000.0,64909000.0,114698000.0,113082000.0,143901000.0,117144000.0,87403000.0,105138000.0
20190819,-16638620.0,22444720.0,15852960.0,39498540.0,29451680.0,32447910.0,33959130.0,10244250.0,25371650.0,65798000.0,46386000.0,115660000.0,86192000.0,95098000.0,99527000.0,30046000.0,74497000.0
20190820,-20759290.0,33291990.0,22380490.0,40238850.0,30391070.0,39631430.0,45151260.0,16468100.0,31707560.0,101836000.0,68373000.0,122977000.0,92841000.0,121059000.0,137773000.0,50260000.0,97146000.0
20190821,2701750.0,16322510.0,17546580.0,21215460.0,22693140.0,20476630.0,19404950.0,7214880.0,5584810.0,49709000.0,53458000.0,64645000.0,69087000.0,62308000.0,59042000.0,21886000.0,16962000.0
20190822,1192260.0,13372920.0,13000430.0,19104260.0,20669000.0,21063870.0,18471110.0,10226100.0,11626600.0,39510000.0,38320000.0,56366000.0,60966000.0,62110000.0,54521000.0,30127000.0,34305000.0
20190823,14568680.0,16891780.0,21294770.0,25327950.0,35493650.0,34722640.0,29358870.0,21680520.0,12475610.0,49105000.0,61493000.0,73282000.0,102562000.0,99947000.0,84793000.0,62510000.0,35998000.0
20190826,3116590.0,15992210.0,17864310.0,22747880.0,23992360.0,25762330.0,24302660.0,12644240.0,10987320.0,45651000.0,50871000.0,64870000.0,68293000.0,73408000.0,69437000.0,36255000.0,31584000.0
20190827,4840780.0,11980150.0,13060890.0,18070440.0,21830490.0,20815250.0,20311260.0,11172080.0,6835290.0,33867000.0,36874000.0,51039000.0,61644000.0,58755000.0,57373000.0,31523000.0,19293000.0
20190828,-3342470.0,11433260.0,9621130.0,18392050.0,16861720.0,14361630.0,16776180.0,5393960.0,6321880.0,33028000.0,27736000.0,53059000.0,48671000.0,41426000.0,48386000.0,15525000.0,18245000.0
20190829,1687870.0,9212260.0,10524970.0,13486480.0,13861630.0,12201240.0,11840520.0,5383960.0,4056810.0,26090000.0,29776000.0,38161000.0,39226000.0,34526000.0,33487000.0,15194000.0,11482000.0
20190830,1817270.0,10713300.0,13167630.0,19605110.0,18968050.0,18919050.0,17572420.0,10389930.0,9919290.0,29855000.0,36562000.0,54535000.0,52750000.0,52531000.0,48841000.0,28784000.0,27551000.0
20190902,14316720.0,2972460.0,9408000.0,7407360.0,15288540.0,20731350.0,19859590.0,31975970.0,18531010.0,7645000.0,24047000.0,19049000.0,39106000.0,53243000.0,50851000.0,81508000.0,47442000.0
20190903,-10937850.0,19822360.0,13583940.0,38564340.0,33864920.0,52931540.0,57160670.0,37220140.0,43928860.0,47911000.0,32851000.0,93405000.0,81928000.0,128210000.0,138410000.0,90221000.0,106558000.0
20190904,-11980620.0,17341650.0,12687510.0,31798070.0,24471590.0,29550910.0,36951410.0,13757480.0,18337600.0,41704000.0,30451000.0,76439000.0,58765000.0,70923000.0,88718000.0,32938000.0,44070000.0
20190905,-7525640.0,20820320.0,15787690.0,34987100.0,32494090.0,39529370.0,38928960.0,24358690.0,32484740.0,50477000.0,38263000.0,84822000.0,78796000.0,95777000.0,94355000.0,59189000.0,78852000.0
20190906,346240.0,11232990.0,12088000.0,22494890.0,21986120.0,24245800.0,23166080.0,10051270.0,10784750.0,27520000.0,29567000.0,55126000.0,53814000.0,59329000.0,56746000.0,24580000.0,26428000.0
20190909,1858830.0,18741070.0,19696580.0,37073760.0,37977090.0,43811990.0,52431080.0,31216780.0,20738860.0,43117000.0,45470000.0,85542000.0,87715000.0,101154000.0,121136000.0,72489000.0,47981000.0
20190910,-3143130.0,14430680.0,11768710.0,23821800.0,23340650.0,23327700.0,26445930.0,9703290.0,9728190.0,33418000.0,27248000.0,55158000.0,54023000.0,53987000.0,61210000.0,22479000.0,22561000.0
20190911,199050.0,15271430.0,18471430.0,31676470.0,28675510.0,28166800.0,29349870.0,11218780.0,9836660.0,34719000.0,41896000.0,71861000.0,65073000.0,63816000.0,66534000.0,25345000.0,22237000.0
20190912,-28658060.0,20835610.0,4664210.0,27490490.0,15003840.0,29483240.0,29078640.0,39855450.0,68918110.0,52473000.0,11550000.0,68751000.0,36965000.0,73598000.0,72024000.0,99587000.0,173870000.0
20190916,-12776510.0,35080010.0,22737320.0,42783250.0,42349440.0,58525710.0,53501730.0,52079780.0,69880270.0,92635000.0,59860000.0,113147000.0,111879000.0,154842000.0,141684000.0,138342000.0,185543000.0
20190917,439660.0,22423750.0,24065050.0,33127330.0,31925690.0,30810100.0,26415370.0,14325460.0,18280530.0,58178000.0,62316000.0,85872000.0,82732000.0,79806000.0,68547000.0,36977000.0,47238000.0
20190918,-30415940.0,39299830.0,21707690.0,51153220.0,38329420.0,48974360.0,59641900.0,28214450.0,47962850.0,107988000.0,59583000.0,140489000.0,105334000.0,134798000.0,163958000.0,77864000.0,132263000.0
20190919,-7403600.0,28784710.0,16877960.0,29449690.0,33952840.0,25498310.0,32522090.0,15038330.0,15418150.0,78492000.0,46010000.0,80236000.0,92481000.0,69465000.0,88610000.0,41032000.0,42123000.0
20190920,-48578680.0,55760600.0,22361480.0,64800520.0,49620940.0,51789410.0,75021780.0,26015160.0,51361470.0,159765000.0,63853000.0,185381000.0,141654000.0,148602000.0,214981000.0,74568000.0,147828000.0
20190923,-35719630.0,31959380.0,8528870.0,36643320.0,24354190.0,46730500.0,60872020.0,28232120.0,49810230.0,99674000.0,26358000.0,114031000.0,75264000.0,145126000.0,188970000.0,87506000.0,155744000.0
20190924,-6387660.0,39291210.0,33823510.0,56520070.0,55600110.0,61329870.0,67072820.0,45175050.0,45819760.0,125551000.0,107245000.0,180543000.0,176988000.0,195672000.0,214052000.0,144658000.0,148139000.0
20190925,-11761630.0,30394670.0,20404440.0,41301210.0,39529800.0,40659190.0,45316500.0,19351350.0,26455670.0,98272000.0,65835000.0,133433000.0,127520000.0,131353000.0,146484000.0,62386000.0,85605000.0
20190926,6621430.0,30648310.0,24695380.0,42130660.0,54705010.0,52506880.0,45655510.0,21864660.0,22094600.0,99112000.0,79477000.0,135925000.0,176403000.0,169081000.0,147120000.0,70538000.0,71656000.0
20190927,-2301150.0,25438370.0,23745200.0,33214470.0,32606490.0,31436080.0,33919280.0,13621460.0,13439410.0,81632000.0,76008000.0,106445000.0,104405000.0,100639000.0,108663000.0,43450000.0,43090000.0
20190930,-7978260.0,19839690.0,14350600.0,22635210.0,20146040.0,18730380.0,22608920.0,5322860.0,9422580.0,64783000.0,46834000.0,73862000.0,65753000.0,61128000.0,73753000.0,17445000.0,30877000.0
20191008,-6015220.0,16035470.0,13880040.0,23069440.0,19209650.0,17619300.0,22410810.0,5434580.0,6658290.0,53522000.0,46213000.0,76995000.0,64092000.0,58743000.0,74826000.0,18155000.0,22282000.0
20191009,7238950.0,31732670.0,33779740.0,44083540.0,49275410.0,54420930.0,56090860.0,42978250.0,34069370.0,98805000.0,105014000.0,137386000.0,153481000.0,169966000.0,175235000.0,134242000.0,106670000.0
20191010,-23749320.0,49182350.0,37376230.0,70204760.0,58261550.0,55337370.0,63829550.0,32802090.0,48059230.0,143455000.0,108730000.0,204750000.0,169602000.0,161424000.0,186088000.0,95474000.0,140683000.0
20191011,-12708740.0,43763940.0,29917920.0,48759610.0,49896880.0,38215010.0,45019330.0,18401710.0,24306130.0,129663000.0,88553000.0,144425000.0,147775000.0,113247000.0,133458000.0,54351000.0,71900000.0
20191014,-10975680.0,33210890.0,25835450.0,43336340.0,39736100.0,34016330.0,33518020.0,14128570.0,25602560.0,98658000.0,76422000.0,128599000.0,117718000.0,100799000.0,99566000.0,41880000.0,76231000.0
20191015,5698520.0,27354940.0,29461100.0,36213730.0,39806090.0,33865040.0,32208520.0,17579450.0,13537450.0,82274000.0,88181000.0,108664000.0,119389000.0,101321000.0,96629000.0,52402000.0,40462000.0
20191016,10970200.0,34099510.0,41697930.0,50330660.0,53702450.0,49619520.0,45229060.0,26565960.0,19986220.0,97061000.0,118768000.0,143379000.0,152977000.0,141171000.0,128604000.0,75342000.0,56603000.0
20191017,-4009470.0,25649030.0,20133220.0,29321450.0,30827780.0,24118760.0,23271350.0,12035820.0,16892700.0,73842000.0,57931000.0,84382000.0,88734000.0,69363000.0,67007000.0,34658000.0,48572000.0
20191018,-11380800.0,33853710.0,26858210.0,35113240.0,30727940.0,28069670.0,31713540.0,9756760.0,17493690.0,100976000.0,80298000.0,104818000.0,91469000.0,83785000.0,94722000.0,29126000.0,52215000.0
20191021,-693780.0,16246000.0,15485940.0,19553270.0,19619550.0,16884440.0,15789180.0,3488820.0,5277860.0,49293000.0,46942000.0,59285000.0,59508000.0,51164000.0,47904000.0,10543000.0,15931000.0
20191022,716810.0,12103310.0,11656930.0,14726070.0,15889260.0,13318260.0,13202070.0,5042650.0,4442030.0,36666000.0,35266000.0,44569000.0,48093000.0,40291000.0,39974000.0,15283000.0,13476000.0
20191023,-1008150.0,17618610.0,16519010.0,23768310.0,23859770.0,23204190.0,21396790.0,7862150.0,10677700.0,52505000.0,49142000.0,70732000.0,70992000.0,69016000.0,63662000.0,23372000.0,31830000.0
20191024,-3116590.0,15917680.0,12295040.0,17665520.0,18171570.0,15669460.0,18235420.0,4685470.0,5236100.0,48116000.0,37077000.0,53342000.0,54837000.0,47270000.0,55133000.0,14174000.0,15855000.0
20191025,9722060.0,19114800.0,25671070.0,27635750.0,30801540.0,30120490.0,25160540.0,14439000.0,9676890.0,57049000.0,76307000.0,82236000.0,91673000.0,89455000.0,74831000.0,42689000.0,28618000.0
20191028,-3114460.0,28068600.0,27414200.0,45294240.0,42834170.0,35668780.0,40134650.0,21035470.0,19684060.0,80587000.0,78567000.0,129909000.0,122852000.0,102187000.0,115101000.0,60364000.0,56527000.0
20191029,15084100.0,32990100.0,39195040.0,49777760.0,58656920.0,56683610.0,54280960.0,36652530.0,23971080.0,90796000.0,107919000.0,136924000.0,161415000.0,155979000.0,149252000.0,100798000.0,65910000.0
20191030,10890520.0,28479980.0,33890150.0,44509900.0,49990260.0,46401090.0,45842400.0,37284490.0,26952660.0,76945000.0,91379000.0,120235000.0,134899000.0,125020000.0,123674000.0,100241000.0,72488000.0
20191031,6034240.0,34739660.0,33800830.0,52172710.0,59145770.0,58488620.0,58089800.0,31794420.0,26159000.0,91961000.0,88938000.0,137658000.0,155770000.0,153741000.0,153173000.0,83149000.0,68627000.0
20191101,1220470.0,25004440.0,25217340.0,38023890.0,39031460.0,32447500.0,36267160.0,18541870.0,13501740.0,66611000.0,66956000.0,101164000.0,103785000.0,86176000.0,96384000.0,49003000.0,35828000.0
20191104,-1021940.0,35180820.0,31172690.0,51135660.0,54121850.0,63432490.0,60863460.0,44825760.0,48416730.0,95373000.0,84350000.0,138806000.0,146857000.0,172592000.0,165369000.0,121843000.0,132037000.0
20191105,26271180.0,29342480.0,42016290.0,56754240.0,70351600.0,67219260.0,73890520.0,91841210.0,58898770.0,75451000.0,107764000.0,145912000.0,179964000.0,172704000.0,189025000.0,231288000.0,148603000.0
20191106,-33254360.0,42766690.0,24372500.0,68880410.0,54020220.0,70848390.0,75502550.0,34001010.0,62601210.0,105601000.0,60036000.0,169731000.0,133014000.0,174556000.0,186350000.0,83851000.0,154339000.0
20191107,-23515700.0,38903900.0,22259070.0,47428280.0,40557410.0,46728250.0,53594220.0,27184590.0,43834320.0,98515000.0,56219000.0,119956000.0,102463000.0,118076000.0,135526000.0,68881000.0,111221000.0
20191108,-4800000.0,22570700.0,20209180.0,27668640.0,25230150.0,26276400.0,28636700.0,14391860.0,16831560.0,57433000.0,51344000.0,70360000.0,64151000.0,66805000.0,72814000.0,36580000.0,42870000.0
20191111,-3031270.0,23823150.0,25159360.0,38227130.0,33859660.0,29190360.0,32467090.0,18631850.0,18386390.0,60190000.0,63446000.0,96411000.0,85325000.0,73566000.0,81815000.0,46743000.0,46324000.0
20191112,-13249360.0,31202650.0,21065470.0,35881490.0,32769310.0,29228060.0,34876510.0,10883320.0,18484230.0,82300000.0,55491000.0,94637000.0,86355000.0,77149000.0,92034000.0,28697000.0,48904000.0
20191113,2796320.0,22340230.0,27098750.0,35376410.0,33414200.0,29429500.0,28471150.0,13874000.0,12036030.0,57387000.0,69485000.0,90636000.0,85636000.0,75359000.0,72791000.0,35339000.0,30809000.0
20191114,-2669430.0,23083670.0,17924860.0,25807730.0,28297100.0,25758730.0,29423920.0,10127640.0,9131880.0,58089000.0,45025000.0,64849000.0,71063000.0,64584000.0,73937000.0,25413000.0,22910000.0
20191115,-1406130.0,22566090.0,19943420.0,27519560.0,28736110.0,24809810.0,30563840.0,12288030.0,7940130.0,57335000.0,50467000.0,69802000.0,72789000.0,62757000.0,77398000.0,30943000.0,20183000.0
20191118,-9283740.0,21455640.0,16541160.0,26535240.0,22165970.0,19038430.0,21156790.0,5731670.0,12897050.0,55134000.0,42438000.0,68108000.0,56903000.0,48853000.0,54338000.0,14751000.0,33168000.0
20191119,1768140.0,22159060.0,21767060.0,32321480.0,34481620.0,32122470.0,29406720.0,18050010.0,18997620.0,55856000.0,54712000.0,81204000.0,86613000.0,80576000.0,73898000.0,45197000.0,47609000.0
20191120,7066630.0,24410860.0,25805130.0,43623890.0,49296260.0,52007920.0,49179370.0,24132990.0,19894910.0,58225000.0,61664000.0,104233000.0,117775000.0,124169000.0,117337000.0,57746000.0,47598000.0
20191121,616840.0,18595170.0,19871350.0,29571210.0,28911870.0,28852660.0,29904480.0,13083940.0,11415280.0,43931000.0,46900000.0,69850000.0,68252000.0,68139000.0,70595000.0,30803000.0,26976000.0
20191122,-9491580.0,24318040.0,19910280.0,42988530.0,37904710.0,42480550.0,44786970.0,21750770.0,28935930.0,57764000.0,47123000.0,102070000.0,89956000.0,101041000.0,106391000.0,51570000.0,68977000.0
20191125,-170540.0,18321850.0,17259260.0,30067910.0,30959950.0,34464860.0,30996610.0,10935080.0,14573870.0,45021000.0,42285000.0,73806000.0,75940000.0,84627000.0,76164000.0,26870000.0,35935000.0
20191126,11411880.0,26624450.0,31229620.0,47730300.0,54537000.0,63774370.0,63086120.0,47478780.0,36755150.0,60649000.0,71441000.0,109131000.0,124536000.0,145627000.0,143650000.0,107326000.0,83106000.0
20191127,-3540830.0,27304700.0,25436330.0,52867610.0,51195160.0,63597310.0,63990550.0,26357070.0,29504660.0,60318000.0,56090000.0,116414000.0,112618000.0,139607000.0,140312000.0,57590000.0,64910000.0
20191128,-12107190.0,27042490.0,21383420.0,50913980.0,44465860.0,56780850.0,58975810.0,21730060.0,31642290.0,59010000.0,46340000.0,110915000.0,96615000.0,123580000.0,128484000.0,47123000.0,69189000.0
20191129,-7736970.0,21170510.0,16549360.0,35463570.0,32347750.0,33849490.0,35325590.0,13571810.0,19832680.0,46905000.0,36576000.0,78499000.0,71547000.0,74878000.0,78190000.0,30025000.0,43995000.0
20191202,-2976810.0,18515160.0,15784370.0,27056470.0,26810450.0,26207480.0,27933540.0,6524260.0,7775010.0,41267000.0,35124000.0,60278000.0,59701000.0,58318000.0,62224000.0,14544000.0,17357000.0
20191203,18690710.0,22205630.0,32004510.0,42514370.0,51406200.0,60848740.0,55070960.0,30942970.0,18030040.0,47513000.0,68489000.0,91061000.0,109896000.0,130326000.0,117748000.0,65642000.0,38409000.0
20191204,-3006460.0,22018480.0,19322920.0,33755050.0,33444160.0,38385870.0,39343820.0,15624060.0,17672570.0,45836000.0,40179000.0,70226000.0,69570000.0,79826000.0,81852000.0,32457000.0,36744000.0
20191205,-2612630.0,22885620.0,24238300.0,46404270.0,42438960.0,45994070.0,50867550.0,22619190.0,20358340.0,46793000.0,49492000.0,94784000.0,86632000.0,93850000.0,103837000.0,46207000.0,41673000.0
20191206,-5066680.0,21959800.0,17907440.0,34349100.0,33334790.0,38909630.0,41473460.0,11534050.0,14036900.0,44978000.0,36593000.0,70254000.0,68160000.0,79536000.0,84795000.0,23499000.0,28720000.0
20191209,-553040.0,19738890.0,22681210.0,36184280.0,32688920.0,34486420.0,36687430.0,17945970.0,16298000.0,39964000.0,45781000.0,73079000.0,65906000.0,69565000.0,74057000.0,36042000.0,32906000.0
20191210,-2343060.0,17422960.0,12277820.0,23229350.0,26031430.0,23416430.0,26814980.0,11379900.0,10324410.0,35029000.0,24651000.0,46679000.0,52264000.0,47046000.0,53891000.0,22827000.0,20775000.0
20191211,-23653690.0,33566350.0,19276950.0,55927800.0,46563520.0,57699150.0,61845650.0,26468720.0,45975910.0,70131000.0,40210000.0,117070000.0,97285000.0,120877000.0,129503000.0,55672000.0,96753000.0
20191212,-7007040.0,26522210.0,18127320.0,32137600.0,33525450.0,29826230.0,34522730.0,9511760.0,11822300.0,55504000.0,37883000.0,67274000.0,70110000.0,62364000.0,72261000.0,19892000.0,24779000.0
20191213,22236860.0,22776620.0,29900550.0,49327850.0,64440790.0,55779530.0,64825380.0,93430430.0,62147720.0,44756000.0,58698000.0,97091000.0,126209000.0,109744000.0,127134000.0,180720000.0,120270000.0
20191216,-23958670.0,44591900.0,31350800.0,67519960.0,56802390.0,75751200.0,72570810.0,43009540.0,70148600.0,81599000.0,57306000.0,123751000.0,103978000.0,138769000.0,132965000.0,78671000.0,128541000.0
20191217,-8791690.0,33287090.0,29692140.0,55249210.0,50052470.0,49555950.0,53700500.0,24546990.0,29194130.0,60004000.0,53427000.0,99517000.0,90108000.0,89240000.0,96757000.0,44190000.0,52659000.0
20191218,-21943100.0,43485870.0,29368330.0,63296690.0,55471130.0,52864010.0,55233960.0,22319510.0,41892660.0,80118000.0,54026000.0,116568000.0,102107000.0,97349000.0,101689000.0,41079000.0,77291000.0
20191219,-475910.0,23613640.0,19856310.0,34827640.0,38109080.0,33375000.0,32218010.0,15970510.0,17603410.0,43641000.0,36647000.0,64305000.0,70317000.0,61593000.0,59474000.0,29467000.0,32567000.0
20191220,-4879320.0,28296060.0,26178740.0,39832260.0,37070260.0,39475760.0,36778790.0,23094280.0,30670570.0,52568000.0,48484000.0,73856000.0,68659000.0,73089000.0,68138000.0,42607000.0,56839000.0
20191223,-4141390.0,24179270.0,21703240.0,37074780.0,35409430.0,31849830.0,29598600.0,9942210.0,16334830.0,45428000.0,40716000.0,69638000.0,66423000.0,59791000.0,55593000.0,18663000.0,30788000.0
20191224,-1670000.0,27755630.0,29667230.0,52252010.0,48670400.0,50237660.0,49738800.0,27604780.0,29773640.0,52044000.0,55296000.0,97610000.0,90819000.0,93740000.0,92830000.0,51302000.0,55751000.0
20191225,-37245930.0,45694650.0,25020710.0,64955740.0,48383740.0,57077270.0,58478020.0,39176360.0,75021540.0,88332000.0,48273000.0,125583000.0,93498000.0,110424000.0,113021000.0,75950000.0,145497000.0
20191226,-14908340.0,28630130.0,22320790.0,45405760.0,36806760.0,36990410.0,38633120.0,14391040.0,27656670.0,54900000.0,42644000.0,86918000.0,70369000.0,70698000.0,73919000.0,27457000.0,53041000.0
20191227,-48288130.0,57231030.0,25497480.0,73782090.0,57227500.0,71568270.0,80785880.0,36129130.0,75199650.0,114884000.0,51204000.0,148075000.0,114879000.0,143828000.0,162336000.0,72867000.0,151234000.0
20191230,-2010860.0,27485910.0,25317150.0,37184980.0,37342880.0,36373330.0,41010950.0,17330990.0,14704230.0,55856000.0,51414000.0,75554000.0,75858000.0,73955000.0,83367000.0,35270000.0,29996000.0
20191231,2307200.0,26056700.0,23554980.0,34508590.0,39317500.0,33979900.0,36611040.0,19629250.0,14690910.0,52028000.0,46968000.0,68810000.0,78355000.0,67681000.0,72936000.0,38989000.0,29248000.0
20200102,-5743990.0,30304770.0,23847390.0,39842410.0,40555800.0,29804180.0,36802040.0,14751610.0,13497740.0,60428000.0,47384000.0,79393000.0,80750000.0,59282000.0,73393000.0,29292000.0,26867000.0
20200103,-47179940.0,51540930.0,22825540.0,64857730.0,46393190.0,57961430.0,73953110.0,24062360.0,55250620.0,106376000.0,47032000.0,133844000.0,95611000.0,119573000.0,152531000.0,49528000.0,114147000.0
20200106,30124230.0,34491850.0,52760640.0,72545080.0,84400510.0,90574410.0,69980290.0,44951540.0,35421430.0,67478000.0,103271000.0,142014000.0,165026000.0,176835000.0,136627000.0,87700000.0,69105000.0
20200107,-11020360.0,35611760.0,26963970.0,49951990.0,47579410.0,41311220.0,44926160.0,23555350.0,30960770.0,69675000.0,52666000.0,97615000.0,92998000.0,80731000.0,87826000.0,46018000.0,60550000.0
20200108,-17052430.0,27304080.0,21890730.0,43042080.0,31402990.0,30286220.0,36750730.0,12313320.0,22901240.0,53494000.0,42798000.0,84262000.0,61408000.0,59250000.0,71914000.0,24081000.0,44967000.0
20200109,10130810.0,24018970.0,32127380.0,46071300.0,48093710.0,46911750.0,42725370.0,28397590.0,22453160.0,46265000.0,61806000.0,88695000.0,92541000.0,90190000.0,82215000.0,54556000.0,43145000.0
20200110,4531310.0,28202980.0,34661770.0,55477480.0,53550000.0,50951400.0,54950370.0,35617710.0,27087430.0,53019000.0,65110000.0,104194000.0,100570000.0,95774000.0,103092000.0,66746000.0,50960000.0
20200113,-1706340.0,26649140.0,27735390.0,44011640.0,41219050.0,40790920.0,43956110.0,19040190.0,17581340.0,48476000.0,50374000.0,79998000.0,74859000.0,74017000.0,79845000.0,34537000.0,31950000.0
20200114,-9279670.0,26252990.0,25524530.0,55400100.0,46848880.0,51266660.0,51824950.0,23842640.0,32564020.0,47152000.0,45778000.0,99420000.0,84034000.0,91985000.0,92999000.0,42819000.0,58566000.0
20200115,-11364700.0,24896410.0,18290080.0,36690140.0,31931770.0,30747920.0,36501580.0,12655090.0,18266130.0,45986000.0,33730000.0,67740000.0,58909000.0,56756000.0,67387000.0,23308000.0,33764000.0
20200116,-4471880.0,17346560.0,17985050.0,34312070.0,29201690.0,25165880.0,29214090.0,9586290.0,10009960.0,31595000.0,32709000.0,62397000.0,53104000.0,45771000.0,53142000.0,17419000.0,18227000.0
20200117,-1534580.0,21142900.0,20915030.0,31815230.0,30508520.0,28607220.0,28786610.0,17152020.0,18507210.0,38145000.0,37598000.0,57296000.0,54864000.0,51463000.0,51824000.0,30822000.0,33440000.0
20200120,23965030.0,27712900.0,37178730.0,54084290.0,68583500.0,64190090.0,73260400.0,94411410.0,61376070.0,47224000.0,63157000.0,92097000.0,116408000.0,109534000.0,124256000.0,158610000.0,103642000.0
20200121,-12747860.0,29773120.0,22372160.0,39074970.0,33728060.0,38576310.0,34126570.0,13743550.0,30941150.0,49625000.0,37286000.0,65133000.0,56212000.0,64301000.0,56863000.0,22928000.0,51626000.0
20200122,-639290.0,32938540.0,35242710.0,61403700.0,58460250.0,61552080.0,57863250.0,41765130.0,46093250.0,53741000.0,57261000.0,100226000.0,95146000.0,100112000.0,94178000.0,67441000.0,74934000.0
20200123,-15416120.0,37895260.0,28319100.0,49839300.0,43999330.0,49078490.0,53443920.0,19727240.0,30777930.0,62277000.0,46299000.0,81797000.0,72161000.0,80542000.0,87858000.0,32502000.0,50800000.0
20200203,-10173530.0,28669560.0,21448520.0,48660070.0,45707570.0,51560890.0,58250780.0,68187370.0,71671010.0,52183000.0,38938000.0,88494000.0,83011000.0,93588000.0,105794000.0,124317000.0,130838000.0
20200204,-5684200.0,34492020.0,29902450.0,54759860.0,53665230.0,58264580.0,57388930.0,36255880.0,42815730.0,59094000.0,51237000.0,93954000.0,91970000.0,99820000.0,98366000.0,62142000.0,73437000.0
20200205,-10488130.0,40463280.0,36544260.0,70671590.0,64102480.0,69991200.0,70658920.0,40875280.0,50695690.0,65969000.0,59303000.0,115213000.0,104234000.0,113645000.0,114921000.0,66202000.0,82572000.0
20200206,12747850.0,36067870.0,38130170.0,59736530.0,70422070.0,59398890.0,63420770.0,52510410.0,35740680.0,60462000.0,63093000.0,99679000.0,117048000.0,98887000.0,105313000.0,85957000.0,59531000.0
20200207,-13642220.0,32067870.0,25944160.0,46797890.0,39279390.0,33392820.0,36555630.0,14002860.0,24482270.0,52548000.0,42467000.0,76647000.0,64303000.0,54665000.0,59843000.0,22899000.0,40146000.0
20200210,13914520.0,32245490.0,41021760.0,54141240.0,59279490.0,61009380.0,65608440.0,40520130.0,22006550.0,49882000.0,63327000.0,83663000.0,91543000.0,94200000.0,101188000.0,62238000.0,33924000.0
20200211,1012310.0,31472460.0,29351180.0,45451380.0,48584970.0,45808480.0,43900160.0,18879290.0,19775300.0,47849000.0,44552000.0,69024000.0,73785000.0,69566000.0,66635000.0,28597000.0,30063000.0
20200212,10716460.0,28945060.0,33961160.0,52712680.0,58413050.0,73280690.0,72823800.0,39677040.0,29417470.0,41589000.0,48840000.0,75782000.0,83941000.0,105422000.0,104601000.0,56851000.0,42263000.0
20200213,-4463700.0,32756190.0,32042030.0,57803600.0,54054050.0,77823300.0,76169680.0,31340200.0,37457520.0,46070000.0,44974000.0,81256000.0,75927000.0,109255000.0,106932000.0,43897000.0,52644000.0
20200214,-8587770.0,25622860.0,18988320.0,37474840.0,35521610.0,43405450.0,44129100.0,14211260.0,22075380.0,36427000.0,26933000.0,53288000.0,50469000.0,61688000.0,62714000.0,20174000.0,31460000.0
20200217,29827480.0,23411920.0,35309440.0,40836310.0,58766280.0,60727680.0,73753210.0,87297500.0,44444490.0,31619000.0,47426000.0,55316000.0,78968000.0,81965000.0,98905000.0,115356000.0,58957000.0
20200218,-35890590.0,56307890.0,31648220.0,83552670.0,72321760.0,97760910.0,100271200.0,56807800.0,90188100.0,71415000.0,40113000.0,105732000.0,91414000.0,123754000.0,126826000.0,71813000.0,114363000.0
20200219,-25785740.0,46576160.0,38404730.0,89151160.0,71536850.0,90157430.0,99772370.0,36749960.0,52920760.0,58723000.0,48371000.0,112114000.0,89887000.0,112981000.0,125399000.0,46091000.0,66252000.0
20200220,-7622640.0,37685060.0,30341070.0,58932330.0,58653680.0,68598000.0,70928220.0,39516840.0,44809260.0,47650000.0,38288000.0,74415000.0,73990000.0,86584000.0,89530000.0,49738000.0,56579000.0
20200221,-1368230.0,41841940.0,35704530.0,63381710.0,68150900.0,67031350.0,74727040.0,52032080.0,45704620.0,53065000.0,45063000.0,80122000.0,86017000.0,84792000.0,94404000.0,65512000.0,58006000.0
20200224,-32393340.0,60448050.0,38629640.0,84403870.0,73828930.0,99470740.0,103897040.0,45180930.0,73147970.0,78227000.0,49882000.0,109228000.0,95531000.0,128799000.0,134411000.0,58307000.0,94736000.0
20200225,20330060.0,49801210.0,56702320.0,88018020.0,101446960.0,117802730.0,120503210.0,91896410.0,68865870.0,63414000.0,71475000.0,111251000.0,127343000.0,149157000.0,152041000.0,114289000.0,87253000.0
20200226,-39362550.0,50404480.0,23627840.0,63105340.0,50519430.0,64741790.0,76761440.0,34908370.0,62251270.0,65846000.0,30838000.0,82184000.0,65564000.0,84096000.0,99455000.0,45195000.0,81464000.0
20200227,-6988180.0,47263380.0,37695900.0,70322770.0,72902060.0,75997860.0,85245740.0,54200670.0,51940970.0,64556000.0,51360000.0,95966000.0,99396000.0,103756000.0,116397000.0,73644000.0,70768000.0
20200228,-17779850.0,48475850.0,31209020.0,73773750.0,73260720.0,93547200.0,100201450.0,51450020.0,62575620.0,70606000.0,45373000.0,107347000.0,106607000.0,135834000.0,145645000.0,74639000.0,90801000.0
20200302,1518760.0,34180060.0,35097680.0,57766580.0,58367720.0,70880860.0,69618210.0,35121190.0,34865080.0,49771000.0,50993000.0,84011000.0,84900000.0,103043000.0,101374000.0,51157000.0,50715000.0
20200303,-13487060.0,41865860.0,29656200.0,60221180.0,58943790.0,70601230.0,69532540.0,28935960.0,43491710.0,58363000.0,41168000.0,83930000.0,82133000.0,98383000.0,96826000.0,40016000.0,60566000.0
20200304,831880.0,33217190.0,33252480.0,53704600.0,54501190.0,60974730.0,72176970.0,35591610.0,23557490.0,47187000.0,47106000.0,76233000.0,77356000.0,86513000.0,102366000.0,50375000.0,33479000.0
20200305,-6969430.0,32579670.0,26974080.0,46068150.0,44704330.0,47691050.0,56881130.0,33045220.0,30824570.0,46515000.0,38358000.0,65630000.0,63644000.0,67946000.0,81158000.0,47198000.0,44130000.0
20200306,10685950.0,24569280.0,29858650.0,39453030.0,44849600.0,46851710.0,51990090.0,36625550.0,20801220.0,34571000.0,41829000.0,55454000.0,62849000.0,65768000.0,73050000.0,51204000.0,29270000.0
20200309,-13110240.0,32789220.0,22890620.0,43014360.0,39802720.0,50732450.0,49860440.0,20910180.0,34892430.0,47812000.0,33323000.0,62653000.0,58034000.0,73954000.0,72680000.0,30490000.0,50872000.0
20200310,19466060.0,31453090.0,37988000.0,54667890.0,67599040.0,72992330.0,68158270.0,56179430.0,41547430.0,45456000.0,54231000.0,78775000.0,96980000.0,104425000.0,97964000.0,80363000.0,59844000.0
20200311,-4637350.0,28773090.0,25432050.0,46274350.0,44978050.0,51885470.0,55584670.0,32738220.0,33676370.0,40473000.0,35712000.0,65045000.0,63165000.0,72825000.0,78033000.0,45969000.0,47403000.0
20200312,-24238820.0,34506050.0,20451080.0,46573210.0,36389350.0,44130440.0,62078530.0,26054260.0,32344990.0,50762000.0,29983000.0,68491000.0,53451000.0,64929000.0,91195000.0,38116000.0,47669000.0
20200313,-6798280.0,28617920.0,25776850.0,42659110.0,38701910.0,41304780.0,45505610.0,19299670.0,21897120.0,43402000.0,38938000.0,64669000.0,58643000.0,62615000.0,69047000.0,29376000.0,33436000.0
20200316,-39230100.0,47607260.0,25417630.0,74731800.0,57691340.0,78623040.0,87071330.0,27141370.0,57923180.0,75908000.0,40411000.0,119253000.0,91872000.0,125452000.0,138844000.0,43195000.0,92682000.0
20200317,-1701140.0,28930330.0,25333400.0,47130170.0,49025950.0,47701640.0,47212920.0,23269800.0,25459660.0,48686000.0,42500000.0,79311000.0,82485000.0,80308000.0,79508000.0,39108000.0,42919000.0
20200318,-5873840.0,33748320.0,28235730.0,49898810.0,49537550.0,43501180.0,47863960.0,15434990.0,16946050.0,56095000.0,46748000.0,82829000.0,82100000.0,72120000.0,79453000.0,25436000.0,28178000.0
20200319,-7331540.0,28890060.0,25063820.0,47774930.0,44269630.0,38713020.0,38148040.0,21829240.0,29725760.0,49626000.0,42958000.0,81995000.0,75901000.0,66347000.0,65463000.0,37353000.0,50999000.0
20200320,-3309400.0,24020140.0,20045880.0,36500750.0,37165610.0,30442860.0,36214410.0,24898390.0,22436240.0,40842000.0,33949000.0,61969000.0,63050000.0,51518000.0,61471000.0,42123000.0,37983000.0
20200323,-32607830.0,28703620.0,11854920.0,45485880.0,29726750.0,44404460.0,49440030.0,25219540.0,52791800.0,53012000.0,21808000.0,83914000.0,54721000.0,81950000.0,91002000.0,46347000.0,97692000.0
20200324,6060490.0,37739700.0,29213340.0,59549110.0,74135990.0,59799340.0,57412510.0,32538970.0,28865310.0,71807000.0,55425000.0,113304000.0,141065000.0,113754000.0,109037000.0,61834000.0,55172000.0
20200325,30801240.0,28922890.0,42493180.0,52914400.0,70145340.0,71624760.0,72331450.0,86749970.0,55242040.0,50405000.0,74071000.0,92464000.0,122242000.0,125075000.0,126009000.0,150790000.0,96413000.0
20200326,-19610660.0,39863390.0,27946660.0,53148440.0,45454510.0,47824250.0,50252890.0,33199290.0,50381310.0,70871000.0,49594000.0,94348000.0,80658000.0,84862000.0,89201000.0,58944000.0,89571000.0
20200327,2419460.0,31056960.0,29801460.0,38028050.0,41703010.0,41314940.0,37309890.0,16725850.0,18311440.0,55522000.0,53149000.0,67861000.0,74370000.0,73554000.0,66441000.0,29692000.0,32669000.0
20200330,6416700.0,34807020.0,40044300.0,51219960.0,52399380.0,43784060.0,54617350.0,36173280.0,18923290.0,63454000.0,72837000.0,93608000.0,95494000.0,79596000.0,99469000.0,65839000.0,34697000.0
20200331,7599370.0,31056950.0,37803050.0,54641720.0,55494990.0,53440580.0,55292670.0,27012270.0,17560810.0,53689000.0,65289000.0,94421000.0,95817000.0,92314000.0,95523000.0,46531000.0,30327000.0
20200401,-2915190.0,34191380.0,36299330.0,60341470.0,55318340.0,56138610.0,59095690.0,25680630.0,25638740.0,57535000.0,60886000.0,101360000.0,92833000.0,94157000.0,99191000.0,42885000.0,43026000.0
20200402,18295490.0,26562960.0,36647040.0,45955560.0,54166970.0,54104680.0,44207890.0,32593780.0,24195080.0,44368000.0,60941000.0,76627000.0,90160000.0,90004000.0,73596000.0,53798000.0,40100000.0
20200403,-5530250.0,28587500.0,25766060.0,37055630.0,34346830.0,27939920.0,31859520.0,15082660.0,16693310.0,46428000.0,41742000.0,60105000.0,55662000.0,45271000.0,51615000.0,24289000.0,27073000.0
20200407,1908760.0,23265540.0,25811890.0,35473120.0,34835540.0,38183340.0,36121070.0,21890640.0,22044150.0,36825000.0,40786000.0,56108000.0,55053000.0,60320000.0,57116000.0,34585000.0,34884000.0
20200408,-14378420.0,28638800.0,17519880.0,31339870.0,28080370.0,25687530.0,33318030.0,7372180.0,14120100.0,45257000.0,27605000.0,49418000.0,44268000.0,40504000.0,52570000.0,11613000.0,22350000.0
20200409,-4245280.0,24461200.0,16886670.0,26579080.0,29908340.0,25393410.0,30129230.0,8237660.0,7747120.0,39225000.0,27032000.0,42587000.0,47922000.0,40588000.0,48205000.0,13165000.0,12405000.0
20200410,-24390400.0,34768630.0,18614520.0,43563970.0,35327680.0,31521210.0,41229330.0,18615230.0,33297510.0,57883000.0,30952000.0,72465000.0,58776000.0,52472000.0,68534000.0,30931000.0,55489000.0
20200413,-7283530.0,26436970.0,19849970.0,32153650.0,31457130.0,26512180.0,33165260.0,21891320.0,22521770.0,46605000.0,34887000.0,56736000.0,55477000.0,46877000.0,58580000.0,38652000.0,39926000.0
20200414,5767530.0,26263790.0,29250780.0,43729190.0,46509730.0,52611610.0,50048700.0,22988520.0,19783900.0,43980000.0,48876000.0,73204000.0,77785000.0,88020000.0,83862000.0,38425000.0,33105000.0
20200415,-9891380.0,28325770.0,21369460.0,37297790.0,34362730.0,27304620.0,34387950.0,10472000.0,13280050.0,46918000.0,35293000.0,61687000.0,56816000.0,45094000.0,56853000.0,17280000.0,22017000.0
20200416,3490230.0,17323550.0,19484380.0,25908650.0,27238060.0,21461490.0,23924900.0,11552530.0,5598890.0,28931000.0,32458000.0,43224000.0,45413000.0,35782000.0,39929000.0,19194000.0,9330000.0
20200417,27263360.0,26647010.0,39310930.0,43879430.0,58478870.0,66417890.0,59795800.0,40813350.0,20172080.0,42254000.0,62301000.0,69575000.0,92672000.0,105244000.0,94660000.0,64490000.0,31930000.0
20200420,-2202430.0,32614060.0,35565120.0,50645210.0,45491720.0,57136090.0,54200930.0,22010320.0,27147910.0,49964000.0,54456000.0,77590000.0,69694000.0,87448000.0,83025000.0,33758000.0,41583000.0
20200421,-14444730.0,40616320.0,30855330.0,48228070.0,43544330.0,40993990.0,41713470.0,15796520.0,29521770.0,64304000.0,48825000.0,76316000.0,68876000.0,64902000.0,66054000.0,24985000.0,46754000.0
20200422,-1535440.0,21094710.0,21397130.0,28856650.0,27018790.0,24662000.0,28649460.0,11326920.0,8874900.0,33575000.0,33977000.0,45878000.0,42896000.0,39138000.0,45529000.0,17937000.0,14126000.0
20200423,5168050.0,20411120.0,24966250.0,31852240.0,32465160.0,28391740.0,30896660.0,22180340.0,14507370.0,32547000.0,39729000.0,50753000.0,51674000.0,45193000.0,49164000.0,35204000.0,23130000.0
20200424,-781010.0,20870220.0,20372550.0,30588430.0,30305110.0,26368520.0,29281940.0,10265950.0,8133540.0,32807000.0,31915000.0,48048000.0,47567000.0,41267000.0,45950000.0,16049000.0,12737000.0
20200427,-3909460.0,18179150.0,14382970.0,21150630.0,21037350.0,15023240.0,18460830.0,4913530.0,5385400.0,28983000.0,22891000.0,33717000.0,33517000.0,23933000.0,29425000.0,7787000.0,8587000.0
20200428,12609760.0,25340490.0,31138210.0,37014010.0,43826060.0,42103240.0,40026580.0,25780860.0,15247760.0,39695000.0,48666000.0,57941000.0,68544000.0,65897000.0,62634000.0,40245000.0,23934000.0
20200429,-510670.0,18934770.0,18951590.0,26584220.0,26056730.0,19786860.0,20401200.0,8786610.0,8682940.0,29617000.0,29608000.0,41537000.0,40713000.0,30907000.0,31888000.0,13776000.0,13628000.0
20200430,22408700.0,22083070.0,33433010.0,38301420.0,49360180.0,54172450.0,49057130.0,33273630.0,15980250.0,32936000.0,49865000.0,57118000.0,73596000.0,80768000.0,73101000.0,49562000.0,23822000.0
20200506,2819530.0,26642010.0,25902200.0,46801260.0,50360590.0,55630690.0,60812970.0,30723720.0,22721910.0,38859000.0,37673000.0,68224000.0,73381000.0,81045000.0,88493000.0,44559000.0,33141000.0
20200507,-12732260.0,25160180.0,19918350.0,37421120.0,29930690.0,35923190.0,41556130.0,9811110.0,16910430.0,36630000.0,28985000.0,54480000.0,43558000.0,52301000.0,60482000.0,14277000.0,24662000.0
20200508,-9731650.0,28339570.0,19790740.0,36639040.0,35456220.0,39189280.0,41517990.0,15118010.0,22520950.0,41932000.0,29245000.0,54157000.0,52428000.0,57909000.0,61360000.0,22345000.0,33310000.0
20200511,-11353470.0,22340720.0,13979060.0,27416820.0,24425010.0,23885220.0,28153300.0,7637960.0,14723350.0,33249000.0,20781000.0,40770000.0,36304000.0,35476000.0,41846000.0,11359000.0,21923000.0
20200512,3263720.0,18843960.0,21054910.0,28025630.0,29078400.0,24961550.0,24285750.0,13927760.0,11339840.0,27892000.0,31065000.0,41420000.0,42921000.0,36830000.0,35836000.0,20452000.0,16772000.0
20200513,-4013670.0,16498700.0,14878370.0,23241070.0,20847740.0,21716300.0,25377270.0,6390160.0,6742860.0,24218000.0,21831000.0,34092000.0,30584000.0,31832000.0,37205000.0,9366000.0,9889000.0
20200514,-19872350.0,28380200.0,13318410.0,29652910.0,24842370.0,23107230.0,29320920.0,8063370.0,21722030.0,42696000.0,20006000.0,44620000.0,37340000.0,34743000.0,44107000.0,12108000.0,32715000.0
20200515,-1763110.0,21638470.0,19572890.0,27477380.0,27779850.0,26275140.0,26909250.0,11118920.0,12247920.0,32542000.0,29391000.0,41299000.0,41737000.0,39474000.0,40451000.0,16721000.0,18459000.0
20200518,-17001530.0,38319620.0,20217760.0,40819090.0,41919420.0,34473370.0,47878090.0,23189890.0,26786700.0,61154000.0,32244000.0,65146000.0,66918000.0,55005000.0,76453000.0,37099000.0,42789000.0
20200519,-3282660.0,20527380.0,19462900.0,28197960.0,25979780.0,24967570.0,23069200.0,11035210.0,16216240.0,32514000.0,30764000.0,44626000.0,41082000.0,39425000.0,36479000.0,17479000.0,25719000.0
20200520,24248220.0,35959650.0,48433650.0,51957780.0,63732000.0,65300320.0,56548000.0,46374410.0,30878510.0,54618000.0,73563000.0,78783000.0,96549000.0,98680000.0,85403000.0,70137000.0,46703000.0
20200521,-31881900.0,47027220.0,28273750.0,57278700.0,44150280.0,49819840.0,65495750.0,26548110.0,42754100.0,75765000.0,45602000.0,92201000.0,71122000.0,80288000.0,105311000.0,42725000.0,68943000.0
20200522,-3961100.0,19609080.0,15862590.0,26295070.0,26080470.0,24141270.0,24118660.0,14517970.0,18501680.0,32279000.0,26069000.0,43283000.0,42894000.0,39707000.0,39689000.0,23841000.0,30457000.0
20200525,-1117510.0,19337200.0,21807230.0,29594870.0,26007340.0,25835660.0,21070940.0,6286030.0,12168260.0,32104000.0,36086000.0,49029000.0,43031000.0,42875000.0,34973000.0,10417000.0,20335000.0
20200526,10389210.0,15724450.0,21434140.0,24425630.0,29105150.0,34379500.0,27802230.0,16258330.0,12446390.0,25012000.0,34056000.0,38857000.0,46260000.0,54660000.0,44234000.0,25886000.0,19864000.0
20200527,6638720.0,26586460.0,28158450.0,39508860.0,44575570.0,42235040.0,42497140.0,20709150.0,13808330.0,41463000.0,43784000.0,61573000.0,69377000.0,65590000.0,65991000.0,32012000.0,21485000.0
20200528,688060.0,16859160.0,18129630.0,25185170.0,24602770.0,22612150.0,20028100.0,8844760.0,10740750.0,26789000.0,28720000.0,39958000.0,38994000.0,35873000.0,31778000.0,13971000.0,17099000.0
20200529,6720360.0,20646850.0,23837900.0,30973340.0,34502660.0,32876710.0,32599290.0,23130680.0,16687740.0,31784000.0,36668000.0,47645000.0,53060000.0,50533000.0,50103000.0,35488000.0,25621000.0
20200601,26129600.0,19818980.0,33534410.0,34871000.0,47285170.0,55664550.0,49192030.0,43984970.0,24327890.0,29638000.0,49960000.0,52177000.0,70438000.0,82869000.0,73284000.0,65449000.0,36451000.0
20200602,14086250.0,19252760.0,24199820.0,28958760.0,38097950.0,35859390.0,44406400.0,44460460.0,21827200.0,27943000.0,35042000.0,42013000.0,55197000.0,51954000.0,64322000.0,64269000.0,31617000.0
20200603,-6810830.0,28631940.0,21890010.0,40653020.0,40584120.0,43626790.0,43088990.0,19936490.0,27285120.0,41356000.0,31508000.0,58779000.0,58602000.0,62930000.0,62279000.0,28715000.0,39391000.0
20200604,1796470.0,21129060.0,24298210.0,36990580.0,35617910.0,41967520.0,42620080.0,19353340.0,16904310.0,29474000.0,33884000.0,51590000.0,49678000.0,58522000.0,59436000.0,26961000.0,23549000.0
20200605,12339340.0,19108920.0,23809350.0,27937170.0,35576080.0,39174050.0,36431080.0,23013840.0,13417470.0,26391000.0,32784000.0,38527000.0,48992000.0,53921000.0,50179000.0,31604000.0,18488000.0
20200608,-4217810.0,22123330.0,21309350.0,36060560.0,32656730.0,42092400.0,40063120.0,16949700.0,23196790.0,29672000.0,28493000.0,48333000.0,43718000.0,56320000.0,53677000.0,22600000.0,31037000.0
20200609,-7713450.0,28010330.0,18805780.0,31456190.0,32947290.0,30887610.0,35555600.0,12805950.0,15851410.0,72137000.0,48385000.0,80975000.0,84806000.0,79492000.0,91499000.0,32915000.0,40829000.0
20200610,854080.0,32592390.0,35385620.0,65445080.0,63505940.0,76328690.0,73972510.0,51240930.0,52743030.0,78406000.0,85276000.0,157301000.0,152736000.0,183677000.0,178167000.0,123512000.0,126715000.0
20200611,-15356100.0,41383970.0,32835050.0,74026430.0,67219250.0,83207530.0,81750110.0,34990810.0,51804330.0,96719000.0,76684000.0,172906000.0,157141000.0,194392000.0,190863000.0,81523000.0,120852000.0
20200612,-9552800.0,31079750.0,26382080.0,64371180.0,59516060.0,80711880.0,79459350.0,39435700.0,50241030.0,73048000.0,61873000.0,151149000.0,139667000.0,189292000.0,186421000.0,92818000.0,118346000.0
20200615,678130.0,30816470.0,29611170.0,49673260.0,51556690.0,44869770.0,51745310.0,27810710.0,20257040.0,72427000.0,69504000.0,116733000.0,121070000.0,105432000.0,121553000.0,65269000.0,47735000.0
20200616,1893200.0,30339380.0,26341620.0,40424520.0,46315480.0,40801720.0,43725690.0,26625550.0,21808380.0,70481000.0,61103000.0,93829000.0,107431000.0,94547000.0,101319000.0,61647000.0,50651000.0
20200617,-18821180.0,26562460.0,19694790.0,45235590.0,33282080.0,31791480.0,37979230.0,11004240.0,23637670.0,62951000.0,46643000.0,107182000.0,78829000.0,75305000.0,89973000.0,26067000.0,56060000.0
20200618,-320580.0,19256950.0,20553200.0,34154370.0,32537540.0,30932210.0,30143980.0,16622460.0,17731270.0,45451000.0,48411000.0,80550000.0,76588000.0,72835000.0,70971000.0,38986000.0,41853000.0
20200619,5551420.0,25510440.0,26799750.0,47250290.0,51512390.0,58307750.0,56929720.0,34839920.0,30666530.0,57884000.0,60828000.0,107275000.0,116898000.0,132322000.0,129232000.0,79079000.0,69604000.0
20200622,-8099210.0,27746080.0,22284760.0,42059540.0,39421650.0,43362280.0,48221530.0,20798170.0,24038130.0,62691000.0,50254000.0,94982000.0,88902000.0,97814000.0,108801000.0,46831000.0,54361000.0
20200623,-3280850.0,26053200.0,19381130.0,39400480.0,42791700.0,39533490.0,43287440.0,15993830.0,15520730.0,58302000.0,43315000.0,88103000.0,95671000.0,88277000.0,96701000.0,35747000.0,34743000.0
20200624,-5286440.0,22574180.0,16621280.0,31256780.0,31923250.0,30176510.0,29813400.0,7895780.0,13545330.0,50879000.0,37423000.0,70414000.0,71890000.0,67945000.0,67157000.0,17778000.0,30546000.0
20200629,9919800.0,35251460.0,35328290.0,59325720.0,69168680.0,75490100.0,74178970.0,50055050.0,41446380.0,74626000.0,75105000.0,125836000.0,146967000.0,160378000.0,157467000.0,106242000.0,87542000.0
20200630,-8578680.0,27296320.0,22898340.0,44468590.0,40287890.0,45543380.0,45707880.0,19611240.0,28025420.0,57430000.0,48139000.0,93511000.0,84703000.0,95757000.0,96139000.0,41162000.0,58881000.0
20200701,-11812910.0,37698990.0,28264170.0,53813780.0,51435700.0,50085010.0,54308980.0,19647540.0,27236480.0,78599000.0,58771000.0,112030000.0,107146000.0,104210000.0,112948000.0,40721000.0,56696000.0
20200702,-25063100.0,48878550.0,29626060.0,67615230.0,61804630.0,54989780.0,58884050.0,19953640.0,41122470.0,104436000.0,63083000.0,144412000.0,131821000.0,117381000.0,125826000.0,42573000.0,88072000.0
20200703,7639960.0,31688380.0,32426640.0,43724310.0,50626010.0,57545990.0,48851230.0,24036040.0,25090840.0,67274000.0,68774000.0,92795000.0,107351000.0,121939000.0,103610000.0,50958000.0,53233000.0
20200706,1571450.0,41485210.0,35671850.0,71507030.0,78891850.0,97640450.0,108600600.0,60962810.0,48431210.0,85535000.0,73478000.0,147374000.0,162517000.0,201202000.0,223808000.0,125479000.0,99787000.0
20200707,23963310.0,25778070.0,34262920.0,54032520.0,69510980.0,63193520.0,85488210.0,120950020.0,74692020.0,48940000.0,65037000.0,102664000.0,131842000.0,120232000.0,162298000.0,228450000.0,141110000.0
20200708,-35976220.0,60807240.0,41416210.0,105836120.0,89250930.0,115437440.0,111319690.0,76991480.0,117085450.0,111275000.0,75617000.0,193278000.0,163214000.0,210784000.0,203039000.0,140194000.0,213660000.0
20200709,-7392410.0,55493220.0,51495350.0,104519050.0,101124510.0,121437760.0,117576080.0,75712970.0,86967060.0,97925000.0,90303000.0,183763000.0,177715000.0,213828000.0,207346000.0,133270000.0,153422000.0
20200710,-145243990.0,120575680.0,42101610.0,165001650.0,98231730.0,146467840.0,169993990.0,91582860.0,213300700.0,212907000.0,74334000.0,290841000.0,173141000.0,258367000.0,299436000.0,161204000.0,376408000.0
20200713,-23418270.0,57336560.0,49519360.0,112108260.0,96507190.0,120319990.0,122259170.0,78208050.0,99687140.0,100039000.0,85925000.0,195127000.0,167603000.0,209247000.0,212627000.0,135531000.0,173789000.0
20200714,-118085730.0,112987990.0,40207790.0,142056660.0,96751120.0,117288300.0,159528900.0,62422410.0,138267540.0,207659000.0,74047000.0,260976000.0,177906000.0,215407000.0,292823000.0,114422000.0,253688000.0
20200715,-6745460.0,60112870.0,51454600.0,95152930.0,97065740.0,109685120.0,122440320.0,69440160.0,63430420.0,112979000.0,95721000.0,178199000.0,181485000.0,205412000.0,229109000.0,129184000.0,119459000.0
20200716,-4980440.0,51824010.0,45807380.0,92342020.0,93378210.0,120262180.0,104301550.0,45320150.0,66261220.0,97149000.0,85015000.0,172359000.0,173750000.0,223268000.0,193994000.0,84327000.0,124345000.0
20200717,-7685620.0,37099150.0,29251760.0,61663210.0,61824970.0,63595530.0,63778410.0,37488830.0,44991570.0,71926000.0,56588000.0,119470000.0,119651000.0,123187000.0,123576000.0,72265000.0,87033000.0
20200720,-23638740.0,41056800.0,26819140.0,67098180.0,57697080.0,67450910.0,69635990.0,34431330.0,55884990.0,79019000.0,51330000.0,128936000.0,110695000.0,129415000.0,133744000.0,65759000.0,107359000.0
20200721,3539270.0,30460510.0,34108960.0,61287620.0,61178450.0,72503510.0,64234700.0,42632220.0,47361760.0,56996000.0,63656000.0,114592000.0,114185000.0,135235000.0,119952000.0,79275000.0,88305000.0
20200722,45474480.0,41692560.0,66684240.0,96496080.0,116978880.0,111466330.0,113046080.0,104465800.0,57411570.0,74295000.0,118886000.0,171845000.0,208503000.0,198684000.0,201539000.0,186419000.0,102315000.0
20200723,27047470.0,56323930.0,67718200.0,108529980.0,124183190.0,139772360.0,132825430.0,121091530.0,100990990.0,97874000.0,117253000.0,188183000.0,215114000.0,241975000.0,230148000.0,207483000.0,173000000.0
20200724,-23139770.0,64031200.0,46656200.0,104937080.0,99172310.0,125478490.0,120182610.0,67234200.0,95669850.0,110699000.0,80109000.0,180793000.0,170625000.0,215792000.0,206951000.0,115268000.0,164868000.0
20200727,-16521660.0,38185740.0,27714550.0,67614350.0,61563890.0,73120130.0,81081710.0,33112730.0,41672810.0,69020000.0,49898000.0,121852000.0,111031000.0,131773000.0,146129000.0,59446000.0,75034000.0
20200728,7932590.0,25192140.0,30816240.0,53912000.0,56220490.0,60045030.0,55881050.0,28241490.0,24472880.0,44953000.0,54903000.0,96156000.0,100271000.0,107026000.0,99584000.0,50276000.0,43653000.0
20200729,5407170.0,30097820.0,32635480.0,58102770.0,60972280.0,61244820.0,62550720.0,34537540.0,27824470.0,52818000.0,56953000.0,101577000.0,106489000.0,106972000.0,109245000.0,60054000.0,48733000.0
20200730,-9104510.0,36038880.0,28722680.0,60936050.0,59147750.0,58310370.0,69592700.0,33408370.0,31230550.0,62384000.0,49499000.0,105324000.0,102097000.0,100705000.0,120253000.0,57417000.0,53982000.0
20200731,39054420.0,33140740.0,55547310.0,83505990.0,100153850.0,100149520.0,106599270.0,95113210.0,49609040.0,55670000.0,93062000.0,140194000.0,167809000.0,167949000.0,178560000.0,158661000.0,83045000.0
20200803,-17106990.0,35895540.0,26823270.0,65720030.0,57685310.0,68134730.0,64886940.0,35537960.0,55892740.0,59575000.0,44463000.0,109020000.0,95657000.0,112989000.0,107623000.0,58889000.0,92731000.0
20200804,-33984950.0,50361400.0,32603530.0,77130020.0,60902940.0,69366630.0,75397200.0,25024130.0,52978510.0,85216000.0,55126000.0,130435000.0,102833000.0,117288000.0,127506000.0,42247000.0,89722000.0
20200805,-9600750.0,29025850.0,19624290.0,44552490.0,44353300.0,40943820.0,42693030.0,16570030.0,24421570.0,50126000.0,33848000.0,76902000.0,76546000.0,70653000.0,73650000.0,28550000.0,42186000.0
20200806,-35511010.0,51128730.0,24766590.0,68079130.0,58930260.0,66110310.0,73018990.0,20557170.0,49159500.0,90699000.0,43895000.0,120783000.0,104450000.0,117274000.0,129550000.0,36428000.0,87289000.0
20200807,-21616520.0,42220240.0,24915990.0,63167490.0,58855220.0,58490490.0,62865320.0,21090430.0,38332120.0,77173000.0,45366000.0,115353000.0,107522000.0,107119000.0,115051000.0,38589000.0,70294000.0
20200810,-14963300.0,35771390.0,23839100.0,47720100.0,44689100.0,41367500.0,47942640.0,13655610.0,22043770.0,67375000.0,44829000.0,89877000.0,84101000.0,77891000.0,90256000.0,25661000.0,41616000.0
20200811,277350.0,27699000.0,26547580.0,40895770.0,42324530.0,37547930.0,41390070.0,20681490.0,16562000.0,51588000.0,49280000.0,76114000.0,78722000.0,69807000.0,76996000.0,38356000.0,30867000.0
20200812,-33669190.0,54584360.0,35479740.0,83182640.0,68618080.0,75611070.0,84001710.0,22501970.0,47780520.0,108615000.0,70729000.0,165375000.0,136606000.0,150194000.0,166504000.0,44600000.0,94945000.0
20200813,-5409890.0,24333340.0,19000750.0,38822580.0,38745290.0,32016620.0,32967790.0,16834230.0,21292950.0,48134000.0,37498000.0,76720000.0,76486000.0,63207000.0,65162000.0,33224000.0,42139000.0
20200814,10994430.0,24852860.0,32591050.0,48344900.0,51601150.0,44689300.0,40755380.0,26971640.0,19911130.0,48138000.0,63030000.0,93612000.0,99871000.0,86494000.0,78850000.0,52119000.0,38613000.0
20200817,7703290.0,34103440.0,32175330.0,60217040.0,69848440.0,60619500.0,62705550.0,30962440.0,21173100.0,66012000.0,61784000.0,116232000.0,134443000.0,116697000.0,121055000.0,59204000.0,40864000.0
20200818,-295340.0,27029730.0,24009450.0,43489730.0,46214670.0,32860340.0,29233680.0,11939340.0,15861340.0,51311000.0,45523000.0,82499000.0,87675000.0,62332000.0,55461000.0,22634000.0,30115000.0
20200819,-23486690.0,35794050.0,16295640.0,43734940.0,39746660.0,33452960.0,44741840.0,13541020.0,25738830.0,70491000.0,32047000.0,86189000.0,78269000.0,65856000.0,88147000.0,26727000.0,50800000.0
20200820,-21126880.0,35333260.0,17040570.0,43275040.0,40440850.0,35099570.0,47569020.0,8857740.0,17515170.0,72109000.0,34724000.0,88254000.0,82503000.0,71676000.0,97104000.0,18046000.0,35753000.0
20200821,-5260760.0,25595410.0,26189090.0,47386610.0,41532180.0,37010950.0,41790710.0,16267510.0,16748510.0,51267000.0,52278000.0,94649000.0,82948000.0,73906000.0,83582000.0,32459000.0,33473000.0
20200824,34799670.0,32801900.0,48649470.0,62484550.0,81436640.0,75712390.0,71153620.0,52941130.0,22700230.0,62984000.0,93294000.0,120099000.0,156016000.0,145184000.0,136300000.0,100963000.0,43620000.0
20200825,16066100.0,43613240.0,51026650.0,78882300.0,87534980.0,90376770.0,96830510.0,65097480.0,42577640.0,79589000.0,92976000.0,143784000.0,159543000.0,164893000.0,176234000.0,118174000.0,77686000.0
20200826,-40680380.0,53676510.0,28875030.0,76649520.0,60770630.0,68363770.0,82183510.0,34393720.0,61254360.0,104498000.0,55901000.0,149257000.0,117558000.0,132969000.0,160491000.0,67005000.0,119780000.0
20200827,-21120380.0,36882410.0,23373070.0,52950000.0,45338960.0,50303950.0,63880810.0,17349030.0,24892550.0,74573000.0,47060000.0,106905000.0,91468000.0,101698000.0,129137000.0,34827000.0,50337000.0
20200828,-3924810.0,26445420.0,26026980.0,39468360.0,35961970.0,32330480.0,34548550.0,8871120.0,10577860.0,53193000.0,52219000.0,79223000.0,72183000.0,64897000.0,69392000.0,17738000.0,21257000.0
20200831,-29734280.0,42066540.0,19381240.0,52153850.0,45104880.0,41964980.0,54442530.0,13095350.0,30352080.0,84623000.0,38910000.0,104833000.0,90607000.0,84295000.0,109323000.0,26246000.0,61157000.0
20200901,-2541900.0,32646410.0,28386230.0,48696610.0,50414880.0,39029310.0,48203750.0,20302840.0,13670300.0,66607000.0,57547000.0,99163000.0,102413000.0,79293000.0,98262000.0,40998000.0,27839000.0
20200902,4070800.0,24948160.0,25556760.0,41740260.0,45202470.0,34495080.0,34938220.0,14872620.0,10358680.0,49745000.0,50841000.0,83096000.0,89911000.0,68585000.0,69541000.0,29517000.0,20649000.0
20200903,5048220.0,22165380.0,24332820.0,37152820.0,40033600.0,43861190.0,37101420.0,15213890.0,16925440.0,42751000.0,46853000.0,71686000.0,77165000.0,84380000.0,71467000.0,29254000.0,32585000.0
20200904,-10833410.0,34234490.0,23894820.0,43463790.0,42970060.0,34318790.0,39330530.0,11663680.0,17485350.0,68566000.0,47788000.0,87025000.0,85985000.0,68692000.0,78750000.0,23270000.0,35030000.0
20200907,-31267580.0,46718390.0,22609700.0,52586190.0,45427300.0,42601990.0,52065190.0,10194090.0,31998470.0,95750000.0,46311000.0,107791000.0,92969000.0,87321000.0,106607000.0,20906000.0,65880000.0
20200908,-23185130.0,32776880.0,18661530.0,44974330.0,35904550.0,38695570.0,47127400.0,10187040.0,24940340.0,70392000.0,40030000.0,96627000.0,77064000.0,83153000.0,101296000.0,21876000.0,53658000.0
20200909,-8144330.0,29764920.0,22201920.0,45272000.0,44690680.0,41511760.0,42529470.0,12172170.0,19298790.0,66562000.0,49538000.0,101233000.0,99802000.0,92838000.0,95124000.0,27149000.0,43318000.0
20200910,-7205610.0,21909350.0,20414610.0,39622330.0,33911450.0,35747400.0,42534570.0,11662150.0,12080590.0,47750000.0,44219000.0,86082000.0,73624000.0,77518000.0,92345000.0,25192000.0,26354000.0
20200911,1572940.0,22248470.0,23271540.0,36462000.0,37011880.0,33390120.0,35505870.0,15036560.0,11347870.0,48472000.0,50479000.0,79361000.0,80340000.0,72345000.0,77123000.0,32475000.0,24710000.0
20200914,12660030.0,22431430.0,27440610.0,42107460.0,49758310.0,49243150.0,42666490.0,17203650.0,11120280.0,46529000.0,56825000.0,87272000.0,103156000.0,102071000.0,88438000.0,35680000.0,23133000.0
20200915,-4004910.0,23192740.0,21689850.0,38424560.0,35922540.0,29933170.0,29852870.0,9027660.0,13112870.0,47372000.0,44283000.0,78479000.0,73381000.0,61184000.0,60985000.0,18474000.0,26861000.0
20200916,-1525200.0,16604140.0,15382370.0,26224380.0,25920950.0,22091850.0,24663810.0,5378190.0,4331430.0,34016000.0,31472000.0,53684000.0,53038000.0,45184000.0,50475000.0,10967000.0,8866000.0
20200917,453950.0,24326330.0,25171680.0,43968170.0,43576790.0,38974850.0,42690840.0,18688190.0,14518250.0,49748000.0,51219000.0,89773000.0,88850000.0,79386000.0,87045000.0,37943000.0,29736000.0
20200918,-1309510.0,18828460.0,16796710.0,23932760.0,24655000.0,21031800.0,22583710.0,7951590.0,7709190.0,38253000.0,34094000.0,48577000.0,50041000.0,42665000.0,45826000.0,16116000.0,15650000.0
20200921,-5925680.0,24061520.0,17226660.0,29247380.0,30156560.0,26785060.0,28787610.0,10507000.0,14430130.0,48063000.0,34329000.0,58311000.0,60109000.0,53356000.0,57392000.0,20865000.0,28765000.0
20200922,-6816740.0,16136710.0,10067800.0,21068030.0,20320180.0,17056060.0,19809480.0,4044890.0,8108210.0,33190000.0,20695000.0,43357000.0,41803000.0,35062000.0,40731000.0,8299000.0,16678000.0
20200923,-209300.0,21640970.0,22307090.0,33718010.0,32842580.0,28408460.0,30086530.0,11683470.0,10214700.0,44457000.0,45545000.0,69070000.0,67173000.0,57908000.0,61545000.0,23886000.0,21058000.0
20200924,-88420.0,21274340.0,20801560.0,32899410.0,33283760.0,23838390.0,22680930.0,4707710.0,5953590.0,44134000.0,43105000.0,68228000.0,69072000.0,49421000.0,47018000.0,9794000.0,12382000.0
20200925,4606550.0,26602690.0,38889590.0,66182420.0,58502070.0,42415360.0,55962860.0,36562870.0,18408820.0,53601000.0,78314000.0,133397000.0,117741000.0,85417000.0,112588000.0,73284000.0,37057000.0
20200928,-3008780.0,16592340.0,16779510.0,24874590.0,21678650.0,22486790.0,23854190.0,7739060.0,9380440.0,33348000.0,33684000.0,49921000.0,43513000.0,45120000.0,47876000.0,15531000.0,18847000.0
20200929,11260060.0,18608660.0,23974190.0,29267280.0,35161820.0,27361950.0,27863030.0,19483600.0,7722460.0,37249000.0,47908000.0,58480000.0,70215000.0,54667000.0,55670000.0,38816000.0,15419000.0
20200930,-738200.0,21658730.0,17490180.0,23270210.0,26700570.0,23371230.0,24801200.0,12471530.0,11779760.0,43357000.0,34965000.0,46581000.0,53333000.0,46699000.0,49591000.0,24826000.0,23575000.0
20201009,1535880.0,28031680.0,21992990.0,46529920.0,54104480.0,48302720.0,62795230.0,36124700.0,20096310.0,54654000.0,42735000.0,90618000.0,105291000.0,93928000.0,122217000.0,70152000.0,39109000.0
20201012,18911390.0,31039710.0,37911060.0,56027840.0,68067870.0,79109750.0,79999890.0,50195290.0,30393760.0,57531000.0,70533000.0,104175000.0,126711000.0,146984000.0,148566000.0,93529000.0,56409000.0
20201013,7307730.0,25460950.0,29367730.0,45883330.0,49284290.0,45087450.0,44749230.0,26019150.0,19049640.0,46419000.0,53485000.0,83625000.0,89759000.0,82133000.0,81495000.0,47273000.0,34711000.0
20201014,-9001580.0,25416440.0,20887970.0,44484230.0,40011130.0,40904300.0,37414220.0,12025520.0,24517180.0,46329000.0,38004000.0,81073000.0,72796000.0,74449000.0,68142000.0,21869000.0,44777000.0
20201015,-8072630.0,23577620.0,16484690.0,35493930.0,34514240.0,26920640.0,31063830.0,12739780.0,16669220.0,43303000.0,30225000.0,65120000.0,63309000.0,49401000.0,56972000.0,23311000.0,30628000.0
20201016,1827820.0,32370660.0,32844610.0,57159360.0,58513240.0,66275170.0,68736070.0,48853640.0,44564920.0,58301000.0,58972000.0,102817000.0,105107000.0,119174000.0,123359000.0,87395000.0,80249000.0
20201019,-8014320.0,26789740.0,19545990.0,39031750.0,38261180.0,33551840.0,32821880.0,15153850.0,23898130.0,49744000.0,36207000.0,72441000.0,70896000.0,62143000.0,60906000.0,28066000.0,44385000.0
20201020,21554230.0,25387960.0,35707290.0,50005360.0,61240270.0,58153360.0,58212690.0,44752110.0,23138550.0,46025000.0,64677000.0,90596000.0,110993000.0,105410000.0,105292000.0,80904000.0,41973000.0
20201021,-6222240.0,22594940.0,22371500.0,39796150.0,33797340.0,36512430.0,32746640.0,12797660.0,22785690.0,41105000.0,40658000.0,72333000.0,61410000.0,66378000.0,59524000.0,23244000.0,41469000.0
20201022,-2604370.0,15813800.0,13918990.0,25183020.0,24473470.0,22152910.0,25313210.0,9757840.0,9201910.0,29043000.0,25481000.0,46207000.0,44845000.0,40601000.0,46461000.0,17828000.0,16892000.0
20201023,-10362880.0,18613840.0,11829100.0,27278300.0,23700150.0,22394610.0,24686000.0,6294380.0,14365870.0,34286000.0,21702000.0,50191000.0,43535000.0,41098000.0,45375000.0,11511000.0,26473000.0
20201026,1378790.0,17596310.0,20873150.0,35642800.0,33744750.0,21343000.0,27923580.0,17642690.0,9683320.0,32733000.0,38585000.0,66090000.0,62558000.0,39672000.0,51839000.0,32541000.0,18055000.0
20201027,3224020.0,22158010.0,23839720.0,42040730.0,43583050.0,43980050.0,43507300.0,22707570.0,19956300.0,39795000.0,42739000.0,75443000.0,78155000.0,78843000.0,78043000.0,40731000.0,35875000.0
20201028,19109670.0,20283340.0,28604260.0,33881010.0,44669760.0,37366230.0,33872080.0,28070230.0,12454710.0,35889000.0,50503000.0,59923000.0,78881000.0,65970000.0,59842000.0,49398000.0,21954000.0
20201029,-29738030.0,58328190.0,34933210.0,96110190.0,89767150.0,104614390.0,125002390.0,68029360.0,77379390.0,110522000.0,65782000.0,181895000.0,169755000.0,197976000.0,236548000.0,128231000.0,146540000.0
20201030,-12696530.0,30772110.0,24864990.0,59960560.0,53171150.0,47108310.0,49694810.0,29060640.0,39170670.0,58639000.0,47212000.0,114172000.0,101120000.0,89680000.0,94576000.0,55274000.0,74856000.0
20201102,9364290.0,24035510.0,29209690.0,45680590.0,49870700.0,46771480.0,43463150.0,19752190.0,13696230.0,45256000.0,54843000.0,85885000.0,93737000.0,87916000.0,81646000.0,37043000.0,25873000.0
20201103,-2564470.0,25051940.0,22445240.0,38154360.0,38196590.0,37408280.0,38433030.0,17044270.0,18583990.0,46388000.0,41423000.0,70498000.0,70476000.0,69121000.0,70986000.0,31323000.0,34445000.0
20201104,30426320.0,34462720.0,47459700.0,66967260.0,84396590.0,88764910.0,89937860.0,84088600.0,52489330.0,60265000.0,83099000.0,117095000.0,147641000.0,155470000.0,157483000.0,147282000.0,91889000.0
20201105,53558450.0,44102920.0,62195210.0,90536060.0,126002210.0,148788050.0,133389220.0,122607190.0,84447570.0,72832000.0,102671000.0,149834000.0,208363000.0,246317000.0,220249000.0,201697000.0,139395000.0
20201106,5433160.0,44287660.0,43823960.0,83016920.0,88913780.0,106435390.0,105755950.0,77149020.0,72395300.0,71533000.0,70600000.0,133938000.0,143371000.0,171563000.0,170375000.0,123877000.0,116565000.0
20201109,5153990.0,51198600.0,48047000.0,82126500.0,90432080.0,96132920.0,99804040.0,56835850.0,48010740.0,82216000.0,76836000.0,131738000.0,144902000.0,153905000.0,159927000.0,90868000.0,77062000.0
20201110,7177260.0,41158390.0,40559540.0,71594650.0,79370750.0,88616420.0,90278140.0,52594720.0,43755740.0,65296000.0,63982000.0,113399000.0,125300000.0,139569000.0,142038000.0,82266000.0,69210000.0
20201111,5394220.0,41346600.0,40993000.0,76681210.0,82429020.0,106879150.0,111050210.0,72450640.0,62885360.0,63751000.0,63061000.0,118189000.0,126893000.0,164495000.0,170862000.0,110946000.0,96564000.0
20201112,452030.0,28903100.0,26186800.0,45696370.0,48864710.0,52885910.0,51431870.0,35065930.0,36067940.0,45110000.0,40837000.0,71367000.0,76242000.0,82565000.0,80302000.0,54706000.0,56366000.0
20201113,14234500.0,39106140.0,43827370.0,77242550.0,86755830.0,109976150.0,114361040.0,97953090.0,79333700.0,58978000.0,66044000.0,116424000.0,130719000.0,165650000.0,172091000.0,147140000.0,119340000.0
20201116,1549580.0,40052260.0,36467990.0,67190760.0,72324620.0,83234060.0,89393130.0,59797730.0,52089080.0,60767000.0,55357000.0,101938000.0,109767000.0,126316000.0,135637000.0,90782000.0,79042000.0
20201117,-21560600.0,49492950.0,37475700.0,82381660.0,72838330.0,77629950.0,82732110.0,40804990.0,57263430.0,76444000.0,57671000.0,127283000.0,112276000.0,119653000.0,127779000.0,63214000.0,88869000.0
20201118,-26984770.0,51252700.0,33207900.0,88040320.0,79100350.0,79581810.0,82452860.0,45964780.0,70078500.0,82866000.0,53680000.0,142475000.0,127958000.0,128992000.0,133382000.0,74591000.0,113905000.0
20201119,13529230.0,24753580.0,33966160.0,50034660.0,54351330.0,53981420.0,38886060.0,32124520.0,33690650.0,40160000.0,54881000.0,81138000.0,87954000.0,87275000.0,62811000.0,51743000.0,54670000.0
20201120,17719150.0,34035230.0,40024450.0,60035050.0,71764980.0,69153950.0,64231210.0,42978980.0,30182570.0,51924000.0,61058000.0,91650000.0,109473000.0,105608000.0,98078000.0,65597000.0,46171000.0
20201123,17902440.0,27050690.0,40212040.0,67138460.0,71879550.0,76760060.0,71638730.0,43633740.0,30852630.0,39887000.0,59252000.0,98909000.0,105983000.0,113103000.0,105511000.0,64218000.0,45370000.0
20201124,296650.0,27292410.0,26583670.0,44596410.0,45601790.0,59893600.0,58434050.0,30444750.0,31607650.0,39969000.0,38828000.0,65079000.0,66470000.0,87024000.0,85018000.0,44176000.0,45932000.0
20201125,6171650.0,21414270.0,26976470.0,37572120.0,38181580.0,38366130.0,39200880.0,22845360.0,15838960.0,31669000.0,39839000.0,55533000.0,56386000.0,56634000.0,57921000.0,33700000.0,23390000.0
20201126,-17397170.0,33251240.0,23272570.0,52273620.0,44855120.0,51682000.0,52223220.0,20149510.0,37005460.0,50954000.0,35587000.0,80061000.0,68667000.0,79229000.0,80047000.0,30854000.0,56799000.0
20201127,-12717010.0,23927070.0,19623050.0,36777520.0,28364530.0,26775140.0,32188920.0,12905070.0,20208300.0,36452000.0,29766000.0,55974000.0,43077000.0,40774000.0,49003000.0,19599000.0,30952000.0
20201130,-6898550.0,30693220.0,24916610.0,43902090.0,42780130.0,39990640.0,39692130.0,23649940.0,30847000.0,47539000.0,38484000.0,67922000.0,66191000.0,61940000.0,61490000.0,36670000.0,47905000.0
20201201,2499050.0,25174130.0,24140340.0,36821910.0,40354740.0,33755090.0,36085400.0,20667100.0,15837740.0,38331000.0,36732000.0,56083000.0,61416000.0,51380000.0,54968000.0,31471000.0,24150000.0
20201202,-77881650.0,67761600.0,26247140.0,97376980.0,61009780.0,88411130.0,123462370.0,46367350.0,89197760.0,108537000.0,41952000.0,155992000.0,97381000.0,141553000.0,197924000.0,74299000.0,143124000.0
20201203,2605640.0,31808590.0,18803050.0,54629970.0,70241170.0,41034930.0,37321160.0,21171420.0,22279550.0,51373000.0,30342000.0,88320000.0,113499000.0,66308000.0,60360000.0,34199000.0,35999000.0
20201204,-701860.0,27105500.0,20627680.0,59544210.0,65320170.0,43658980.0,42118060.0,26309150.0,28551930.0,43747000.0,33221000.0,96046000.0,105368000.0,70457000.0,67960000.0,42398000.0,46099000.0
20201207,-34165180.0,45220490.0,23510480.0,68448820.0,55993650.0,65149990.0,84433840.0,31874830.0,46756160.0,73092000.0,37654000.0,110150000.0,89653000.0,104596000.0,135735000.0,50910000.0,75707000.0
20201208,16383690.0,34302210.0,43623410.0,70989770.0,78052270.0,81537610.0,77159120.0,54110340.0,42105140.0,53906000.0,68455000.0,111483000.0,122444000.0,127930000.0,121069000.0,84861000.0,66212000.0
20201209,31020230.0,40828230.0,54179900.0,78119860.0,95788420.0,95191470.0,97642470.0,79806350.0,46335120.0,61390000.0,81390000.0,117347000.0,143874000.0,143039000.0,146677000.0,119820000.0,69656000.0
20201210,-5217150.0,39057180.0,39395040.0,68054250.0,62499230.0,51968090.0,60162300.0,34996090.0,32019030.0,59241000.0,59616000.0,103069000.0,94710000.0,78950000.0,91279000.0,52933000.0,48589000.0
20201211,-18027590.0,37377540.0,25130780.0,54177400.0,48396580.0,50424970.0,56275250.0,25151340.0,37328650.0,57758000.0,38764000.0,83584000.0,74639000.0,77803000.0,86776000.0,38804000.0,57772000.0
20201214,26153590.0,28931310.0,43025040.0,54811130.0,66870990.0,62483310.0,62855370.0,56115590.0,29589940.0,43850000.0,64873000.0,82832000.0,100821000.0,94242000.0,94886000.0,84251000.0,44595000.0
20201215,18832310.0,35820350.0,42904650.0,64169350.0,75917360.0,80966520.0,84584780.0,70392780.0,47942210.0,51843000.0,61961000.0,92910000.0,109607000.0,117197000.0,122237000.0,101304000.0,69449000.0
20201216,2883110.0,35699610.0,29225300.0,42009100.0,51366530.0,39718300.0,38977410.0,27325590.0,25183370.0,51399000.0,42036000.0,60468000.0,73890000.0,57200000.0,56116000.0,39281000.0,36306000.0
20201217,-12458970.0,36336150.0,31067110.0,46900340.0,39710410.0,49764840.0,51229210.0,27019030.0,38013630.0,52964000.0,45177000.0,68320000.0,57787000.0,72571000.0,74693000.0,39413000.0,55612000.0
20201218,19929130.0,24734520.0,35793230.0,52336040.0,61206460.0,74167650.0,77403790.0,72758030.0,49592760.0,34606000.0,50026000.0,73170000.0,85602000.0,103640000.0,108107000.0,101601000.0,69283000.0
20201221,-3668620.0,41565050.0,38146400.0,73441190.0,73191230.0,95826380.0,94321490.0,78461390.0,83634900.0,56175000.0,51272000.0,99329000.0,98647000.0,129016000.0,126847000.0,105243000.0,112997000.0
20201222,-16344180.0,45137620.0,39018560.0,86204380.0,75979270.0,81957180.0,73699320.0,57248020.0,81850060.0,59814000.0,51422000.0,113908000.0,100358000.0,108076000.0,97506000.0,75627000.0,108138000.0
20201223,-16183620.0,43304580.0,34240630.0,70300230.0,63180560.0,80257820.0,84784230.0,52682980.0,64340190.0,57382000.0,45093000.0,93055000.0,83414000.0,105977000.0,112393000.0,69372000.0,84886000.0
20201224,-13797120.0,38024380.0,25583590.0,54763620.0,53407290.0,47965150.0,55508300.0,25399880.0,31653850.0,51880000.0,34781000.0,74576000.0,72901000.0,65246000.0,75658000.0,34707000.0,43069000.0
20201225,24229430.0,26329620.0,34731880.0,45882280.0,61709450.0,78999160.0,63901650.0,66327700.0,57195780.0,35124000.0,46031000.0,61227000.0,82001000.0,104914000.0,84897000.0,87549000.0,75884000.0
20201228,-16272360.0,39051600.0,40262450.0,78176430.0,60693230.0,58640940.0,68148290.0,45212020.0,51977030.0,49858000.0,51299000.0,99572000.0,77350000.0,74851000.0,86777000.0,57471000.0,66325000.0
20201229,-25788190.0,45612830.0,27519490.0,66148010.0,58453150.0,72670620.0,91809050.0,54376090.0,61025850.0,59946000.0,35946000.0,86825000.0,76646000.0,95450000.0,120958000.0,71455000.0,80126000.0
20201230,11450030.0,30057340.0,35067570.0,63081310.0,69521100.0,82503810.0,77520780.0,71789640.0,65322640.0,38018000.0,44333000.0,79751000.0,87849000.0,104281000.0,97908000.0,90562000.0,82522000.0
20201231,8238640.0,27844900.0,29521460.0,54965380.0,61527470.0,59234410.0,63565040.0,54700280.0,42131010.0,34609000.0,36607000.0,68138000.0,76182000.0,73305000.0,78627000.0,67478000.0,52113000.0
20210104,-11425240.0,52798340.0,38570790.0,95446840.0,98249160.0,123043530.0,134724130.0,130569490.0,130314130.0,57440000.0,42559000.0,104501000.0,108457000.0,136117000.0,148449000.0,144350000.0,142943000.0
20210105,-20152060.0,50468670.0,41865840.0,89905600.0,78356370.0,133793040.0,104370290.0,103272920.0,152847730.0,53752000.0,44550000.0,95802000.0,83375000.0,142395000.0,111098000.0,109635000.0,162559000.0
20210106,-24733720.0,46747090.0,32775930.0,89591530.0,78828980.0,87830100.0,94029120.0,72357370.0,90892070.0,49429000.0,34559000.0,94661000.0,83188000.0,92671000.0,99227000.0,76186000.0,95974000.0
20210107,-18539340.0,46715730.0,40543900.0,102381710.0,90014180.0,109911320.0,110590360.0,76505990.0,94366290.0,48197000.0,41718000.0,105519000.0,92590000.0,113248000.0,113827000.0,78613000.0,97443000.0
20210108,-27307820.0,55521780.0,36765380.0,100376400.0,91824990.0,109550970.0,113561850.0,74354870.0,97651810.0,57956000.0,38298000.0,104656000.0,95706000.0,114111000.0,118294000.0,77331000.0,101757000.0
20210111,-73689660.0,67318560.0,42737130.0,141904670.0,92796440.0,136328350.0,146779260.0,84670870.0,147909620.0,73792000.0,46715000.0,155385000.0,101573000.0,149412000.0,160980000.0,92707000.0,162027000.0
20210112,461330.0,40527510.0,40626410.0,76546580.0,76909010.0,80970490.0,84255080.0,48783890.0,45037970.0,43837000.0,43899000.0,82834000.0,83175000.0,87645000.0,91151000.0,52811000.0,48900000.0
20210113,-40611490.0,57361530.0,37212780.0,108642350.0,88179590.0,109747300.0,118982460.0,37899630.0,69275960.0,62521000.0,40230000.0,118477000.0,95777000.0,119506000.0,129742000.0,41132000.0,75886000.0
20210114,-4292320.0,43580080.0,35752070.0,76795270.0,80330970.0,96442630.0,109735330.0,76999530.0,67999150.0,49846000.0,40713000.0,88128000.0,91753000.0,110350000.0,125483000.0,87484000.0,77858000.0
20210115,15659920.0,37835990.0,48362720.0,82999500.0,88132680.0,83219920.0,86611880.0,57121890.0,38070010.0,41916000.0,53545000.0,92113000.0,97266000.0,91892000.0,95632000.0,62775000.0,42252000.0
20210118,30002650.0,32825460.0,46251740.0,69702630.0,86279010.0,96116450.0,90173920.0,66773930.0,42713810.0,35364000.0,49607000.0,75022000.0,92545000.0,102991000.0,96688000.0,71353000.0,45890000.0
20210119,-17796130.0,43964970.0,32973110.0,64577930.0,57773660.0,68448690.0,71801440.0,28484860.0,42928240.0,46886000.0,34948000.0,68776000.0,61326000.0,72665000.0,76464000.0,30134000.0,45723000.0
20210120,53698570.0,42405600.0,60230200.0,90918000.0,126791950.0,157590860.0,143353440.0,137148040.0,97686890.0,41848000.0,59676000.0,89875000.0,125548000.0,156422000.0,141984000.0,135496000.0,96433000.0
20210121,1777850.0,40538120.0,39906810.0,80461120.0,82870280.0,93704050.0,93321990.0,76874530.0,75478740.0,38782000.0,38150000.0,76979000.0,79227000.0,89578000.0,89134000.0,73325000.0,72154000.0
20210122,-4196610.0,45090470.0,46963810.0,105084930.0,99014970.0,126082350.0,123430980.0,108028020.0,114876000.0,41262000.0,42898000.0,96113000.0,90457000.0,115190000.0,112628000.0,98331000.0,104912000.0
20210125,-40622160.0,85178140.0,60018810.0,163243360.0,147780520.0,194281480.0,185647190.0,170218830.0,219475280.0,77391000.0,53846000.0,147666000.0,133255000.0,174497000.0,167318000.0,152609000.0,197744000.0
20210126,-26121960.0,60621270.0,48079740.0,113728530.0,100148110.0,128916090.0,117782150.0,80716190.0,117972090.0,56191000.0,44381000.0,105409000.0,92509000.0,119258000.0,109120000.0,74715000.0,109564000.0
20210127,8160670.0,52684410.0,54913160.0,110521580.0,116453490.0,117437350.0,110537170.0,86239060.0,84978570.0,48487000.0,50128000.0,101738000.0,106504000.0,107389000.0,101109000.0,78393000.0,78266000.0
20210128,-5171450.0,49028230.0,52914020.0,110590210.0,101532960.0,101593340.0,115686330.0,82896610.0,73975070.0,44923000.0,48345000.0,101176000.0,92760000.0,92940000.0,105854000.0,75733000.0,67813000.0
20210129,-14383160.0,49411350.0,47133180.0,102458110.0,90353130.0,108492690.0,112150340.0,73387640.0,84113150.0,46076000.0,43668000.0,95352000.0,83981000.0,100656000.0,104281000.0,67970000.0,78125000.0
20210201,-29111520.0,64546170.0,34955750.0,112254860.0,112733750.0,105086790.0,100104620.0,57963710.0,92057400.0,62468000.0,33711000.0,108493000.0,108920000.0,101525000.0,96814000.0,56050000.0,89091000.0
20210202,30765960.0,52789670.0,57863350.0,85840410.0,111532690.0,133287610.0,130660010.0,110838100.0,82699740.0,48554000.0,53102000.0,79211000.0,102553000.0,122638000.0,120268000.0,101658000.0,76139000.0
20210203,17969140.0,46712980.0,56793180.0,86095010.0,93983960.0,104288430.0,96573260.0,75190520.0,64936550.0,41819000.0,50734000.0,76995000.0,83960000.0,93153000.0,86360000.0,67192000.0,58106000.0
20210204,-17065890.0,47864370.0,37472570.0,76309250.0,69635160.0,73769850.0,77794190.0,51115970.0,64157520.0,43559000.0,33956000.0,69371000.0,63177000.0,67061000.0,70852000.0,46415000.0,58420000.0
20210205,-17999660.0,49388800.0,37068290.0,83092050.0,77412900.0,95344060.0,85459610.0,72242650.0,100126760.0,45825000.0,34168000.0,76960000.0,71335000.0,88015000.0,78895000.0,66208000.0,92611000.0
20210208,-34372180.0,79290880.0,48319820.0,126203690.0,122802570.0,159642090.0,150014430.0,104310130.0,148309970.0,79338000.0,48336000.0,126462000.0,123031000.0,160818000.0,151005000.0,104888000.0,149134000.0
20210209,15484970.0,59053630.0,46622390.0,77852630.0,105768850.0,93603110.0,83383400.0,64484870.0,59219610.0,56038000.0,44197000.0,74025000.0,100226000.0,88774000.0,79227000.0,61337000.0,56524000.0
20210210,17539960.0,44992330.0,53464450.0,79474420.0,88542250.0,69454330.0,76448930.0,82417510.0,57882950.0,41395000.0,49166000.0,73152000.0,81365000.0,63808000.0,70133000.0,75275000.0,52966000.0
20210218,-43257170.0,97554930.0,70866260.0,161800120.0,145231610.0,174212760.0,185689340.0,119750820.0,151531410.0,93942000.0,68470000.0,155385000.0,139790000.0,167509000.0,177711000.0,115023000.0,145888000.0
20210219,-20967560.0,81132980.0,54429090.0,125917270.0,131653610.0,124283070.0,128446260.0,62437570.0,79241940.0,83519000.0,56047000.0,129705000.0,135652000.0,127919000.0,132138000.0,63978000.0,81284000.0
20210222,-49407020.0,68784040.0,56492270.0,123338850.0,86223610.0,110279350.0,132905250.0,47243540.0,74024660.0,71141000.0,58083000.0,127349000.0,88849000.0,113432000.0,136963000.0,48580000.0,76608000.0
20210223,-23080730.0,49179090.0,41095570.0,83204870.0,68207660.0,52159630.0,65863880.0,27025250.0,36401730.0,52438000.0,43723000.0,88722000.0,72663000.0,55530000.0,70197000.0,28773000.0,38880000.0
20210224,-53468020.0,64210450.0,49295380.0,136268890.0,97715940.0,94783780.0,111455490.0,41149870.0,77946180.0,71440000.0,54675000.0,151683000.0,108613000.0,105501000.0,124071000.0,45779000.0,87045000.0
20210225,-12908700.0,47759060.0,48586280.0,92009350.0,78273430.0,50767370.0,58467650.0,26415930.0,31624350.0,53331000.0,54156000.0,102742000.0,87307000.0,56622000.0,65274000.0,29319000.0,35276000.0
20210226,-16224600.0,46738140.0,36580910.0,89882400.0,83815040.0,53883580.0,62940920.0,33145070.0,40312330.0,54205000.0,42364000.0,104286000.0,97106000.0,62614000.0,73094000.0,38404000.0,46945000.0
20210301,8238590.0,49946430.0,49311690.0,75128320.0,84001650.0,64625640.0,77543190.0,59133460.0,37977320.0,55831000.0,55115000.0,84031000.0,93960000.0,72294000.0,86755000.0,66150000.0,42476000.0
20210302,27653990.0,52853050.0,58148270.0,72720940.0,95079690.0,86267230.0,64822530.0,36321660.0,30112370.0,58143000.0,63886000.0,79927000.0,104323000.0,94569000.0,71123000.0,39718000.0,33025000.0
20210303,5782940.0,40548190.0,37656590.0,61983570.0,70658110.0,53016370.0,53145170.0,29869040.0,23957300.0,45402000.0,42063000.0,69373000.0,78972000.0,59199000.0,59434000.0,33264000.0,26769000.0
20210304,-52666680.0,75485670.0,59494580.0,156310570.0,119634980.0,130666690.0,141387950.0,70240710.0,112186130.0,91680000.0,72652000.0,190567000.0,145577000.0,159372000.0,171990000.0,85645000.0,137046000.0
20210305,1755740.0,47009940.0,45579280.0,105137570.0,108323970.0,76411070.0,93489390.0,55135730.0,36301670.0,57584000.0,55630000.0,128512000.0,132196000.0,93332000.0,114395000.0,67364000.0,44572000.0
20210308,-35995780.0,81386070.0,67664090.0,128649760.0,106375960.0,91293750.0,95391960.0,32873850.0,64771420.0,104832000.0,86586000.0,165137000.0,136445000.0,117264000.0,122728000.0,42130000.0,83603000.0
20210309,4864800.0,44847220.0,48221980.0,85413830.0,86903880.0,88515870.0,97349610.0,54006900.0,40308360.0,60548000.0,64902000.0,115245000.0,117482000.0,119562000.0,131424000.0,73280000.0,54828000.0
20210310,19667440.0,48098480.0,56336580.0,87480560.0,98909910.0,103918980.0,108041880.0,62983910.0,39193570.0,60714000.0,70978000.0,110171000.0,124248000.0,130403000.0,135836000.0,79050000.0,49275000.0
20210311,31000430.0,34012750.0,48237120.0,76667120.0,93443170.0,81118290.0,63297900.0,37948180.0,24768140.0,42256000.0,59802000.0,95101000.0,115738000.0,100437000.0,78405000.0,46879000.0,30727000.0
20210312,-8513870.0,52647420.0,53503970.0,119540590.0,110170170.0,140154890.0,122205200.0,77208140.0,103671700.0,63371000.0,63989000.0,143346000.0,131639000.0,167610000.0,146003000.0,92136000.0,124831000.0
20210315,-5954940.0,52145660.0,45130620.0,76973990.0,78034090.0,71484630.0,80753960.0,43651460.0,40337070.0,65643000.0,56745000.0,96750000.0,98082000.0,90047000.0,101378000.0,54559000.0,50794000.0
20210316,841850.0,39006970.0,37435040.0,75750650.0,78164430.0,70337010.0,70166720.0,35832530.0,35160970.0,48757000.0,46644000.0,94486000.0,97385000.0,87788000.0,87686000.0,44641000.0,43956000.0
20210317,22835760.0,40716220.0,52077800.0,74793300.0,86267480.0,72278450.0,65636880.0,44097040.0,27902850.0,48375000.0,61772000.0,88847000.0,102465000.0,85740000.0,77823000.0,52038000.0,32939000.0
20210318,3795140.0,33779340.0,39956480.0,74606880.0,72224880.0,65487670.0,59257300.0,39074700.0,41509930.0,38967000.0,46010000.0,86019000.0,83116000.0,75468000.0,68251000.0,44733000.0,47809000.0
20210319,-4159910.0,33847980.0,26609970.0,58319270.0,61397360.0,48098860.0,49236410.0,21640530.0,24662890.0,40990000.0,32153000.0,70592000.0,74250000.0,58193000.0,59670000.0,26179000.0,29882000.0
20210322,16256780.0,33937250.0,33710670.0,65603080.0,82086430.0,57950660.0,54322630.0,36614730.0,23985980.0,40768000.0,40370000.0,78791000.0,98459000.0,69484000.0,65034000.0,43519000.0,28699000.0
20210323,-103666990.0,100000500.0,47376570.0,166058260.0,115015200.0,204076080.0,218288120.0,228775930.0,318230880.0,145288000.0,68980000.0,241224000.0,167233000.0,296117000.0,316994000.0,329985000.0,459408000.0
20210324,-12230330.0,47336020.0,47085920.0,88846720.0,76866480.0,90328050.0,93831040.0,49137930.0,57865270.0,69006000.0,68471000.0,129287000.0,111723000.0,130963000.0,136268000.0,71400000.0,84194000.0
20210325,-12383460.0,32894740.0,32899080.0,64651730.0,52263920.0,48543120.0,59292970.0,23750010.0,25383620.0,47712000.0,47649000.0,93674000.0,75722000.0,70399000.0,85927000.0,34436000.0,36924000.0
20210326,15807320.0,64900700.0,65286990.0,97286050.0,112707080.0,105714330.0,109791280.0,73075760.0,53191490.0,88355000.0,88960000.0,132866000.0,153474000.0,143987000.0,149523000.0,99524000.0,72775000.0
20210329,-11628640.0,47084760.0,38912800.0,68815460.0,65358780.0,61288950.0,69447240.0,32803980.0,36274330.0,63400000.0,52335000.0,92529000.0,87702000.0,82468000.0,93581000.0,44058000.0,48837000.0
20210330,6744140.0,35934190.0,32993850.0,52709980.0,62394460.0,50594850.0,50899530.0,27247480.0,20198660.0,47989000.0,44010000.0,70382000.0,83245000.0,67510000.0,67931000.0,36322000.0,27017000.0
20210331,1773770.0,30581150.0,32730420.0,46269590.0,45894100.0,49495680.0,51929350.0,18815040.0,14607600.0,40790000.0,43567000.0,61596000.0,61087000.0,65792000.0,69023000.0,24913000.0,19414000.0
20210401,13850560.0,34678470.0,40579680.0,57474280.0,65423630.0,64834400.0,57837740.0,42021270.0,35167370.0,44154000.0,51645000.0,73128000.0,83223000.0,82465000.0,73553000.0,53356000.0,44682000.0
20210402,9135100.0,25288540.0,29252790.0,42049820.0,47220660.0,43174310.0,35106630.0,18479840.0,17412420.0,32247000.0,37240000.0,53557000.0,60122000.0,54940000.0,44705000.0,23520000.0,22197000.0
20210406,1570050.0,25208920.0,18615000.0,28929250.0,37093210.0,28168980.0,26142680.0,11437340.0,11893590.0,31983000.0,23592000.0,36686000.0,47039000.0,35718000.0,33136000.0,14474000.0,15093000.0
20210407,-40265880.0,76335080.0,47393540.0,91738880.0,80414520.0,95542220.0,95585450.0,43541700.0,83764350.0,102539000.0,63854000.0,123181000.0,107879000.0,128246000.0,128058000.0,58502000.0,112676000.0
20210408,-9544430.0,49854770.0,36545860.0,49724160.0,53488640.0,39715960.0,56133420.0,29537560.0,22664530.0,67783000.0,49675000.0,67589000.0,72652000.0,53936000.0,76263000.0,40119000.0,30837000.0
20210409,-23770340.0,52646550.0,36323960.0,66756960.0,59309210.0,48777220.0,62208750.0,23047870.0,33386680.0,73483000.0,50738000.0,93183000.0,82732000.0,68099000.0,86758000.0,32185000.0,46722000.0
20210412,-20551430.0,44599880.0,36519110.0,61734030.0,49263370.0,40009230.0,54401730.0,23258790.0,29417720.0,64032000.0,52419000.0,88468000.0,70530000.0,57355000.0,78028000.0,33305000.0,42183000.0
20210413,5634060.0,25364160.0,30480970.0,40862390.0,41379650.0,38541770.0,38414820.0,26120060.0,20612950.0,36310000.0,43558000.0,58438000.0,59170000.0,55082000.0,54988000.0,37334000.0,29447000.0
20210414,25044410.0,37587020.0,52671970.0,61274060.0,71233530.0,68618910.0,61342600.0,53325450.0,35557350.0,51839000.0,72471000.0,84594000.0,98071000.0,94471000.0,84571000.0,73388000.0,49179000.0
20210415,-2529430.0,41368690.0,35678310.0,37859440.0,41020390.0,34562640.0,30643410.0,12988550.0,19437210.0,56333000.0,48521000.0,51548000.0,55836000.0,47058000.0,41730000.0,17682000.0,26534000.0
20210416,3330500.0,40533020.0,39829510.0,51738620.0,55772620.0,46981080.0,41977920.0,21593000.0,23265660.0,56682000.0,55654000.0,72334000.0,77976000.0,65647000.0,58578000.0,30064000.0,32519000.0
20210419,45389570.0,50297460.0,68039770.0,79355900.0,107003180.0,89932070.0,83984050.0,89592230.0,50150680.0,65413000.0,88191000.0,103208000.0,138737000.0,117174000.0,109018000.0,115384000.0,65235000.0
20210420,11938180.0,44986210.0,46537270.0,91162040.0,101549170.0,84040050.0,76683680.0,54359950.0,49778140.0,56077000.0,57950000.0,113428000.0,126246000.0,104518000.0,95414000.0,67541000.0,61954000.0
20210421,12782880.0,35681990.0,42113710.0,65024400.0,71375560.0,61093920.0,58209830.0,42085850.0,32187060.0,44301000.0,52200000.0,80620000.0,88285000.0,75611000.0,71978000.0,51859000.0,39928000.0
20210422,15506710.0,33256150.0,43810620.0,89399560.0,94351800.0,86600920.0,82788390.0,56878080.0,45183900.0,39660000.0,52153000.0,106612000.0,112462000.0,103216000.0,98647000.0,67622000.0,53849000.0
20210423,-8343370.0,34613560.0,36668650.0,83346740.0,72948290.0,85617250.0,75360110.0,39469900.0,58070410.0,40609000.0,42978000.0,97823000.0,85564000.0,100501000.0,88478000.0,46280000.0,68193000.0
20210426,-16735260.0,48021210.0,37078860.0,95532290.0,89739380.0,83870220.0,92434280.0,47138230.0,55309430.0,55659000.0,42825000.0,110499000.0,103634000.0,96665000.0,106530000.0,54035000.0,63869000.0
20210427,-23055130.0,54559290.0,35504340.0,88978550.0,84978370.0,75595560.0,90452450.0,35195350.0,43393590.0,66807000.0,43375000.0,108890000.0,103879000.0,92517000.0,110784000.0,43056000.0,53231000.0
20210428,3193570.0,39183600.0,37854630.0,73602950.0,78125500.0,71080800.0,69599950.0,44291360.0,42578640.0,45867000.0,44288000.0,86129000.0,91428000.0,83108000.0,81350000.0,51810000.0,49849000.0
20210429,-2513350.0,35873990.0,34734070.0,59356330.0,57982900.0,43305480.0,47646350.0,21633130.0,19805610.0,42271000.0,40835000.0,69896000.0,68184000.0,50933000.0,56095000.0,25381000.0,23368000.0
20210430,17844380.0,42349620.0,52563970.0,88349260.0,95979290.0,91037510.0,81842370.0,48000020.0,39350780.0,48220000.0,59850000.0,100474000.0,109055000.0,103233000.0,92820000.0,54440000.0,44643000.0
20210506,1973380.0,44739800.0,51222560.0,87644810.0,83135430.0,72124890.0,70548690.0,31364890.0,30967710.0,50623000.0,57855000.0,98957000.0,93858000.0,81403000.0,79630000.0,35374000.0,35016000.0
20210507,-8448400.0,35687360.0,35470450.0,68665410.0,60433930.0,59309620.0,59276320.0,18887630.0,27369330.0,40773000.0,40336000.0,78243000.0,68750000.0,67299000.0,67402000.0,21336000.0,31165000.0
20210510,17499350.0,35078900.0,51348010.0,72096180.0,73326430.0,73018420.0,64574110.0,43981380.0,34926340.0,39782000.0,58053000.0,81699000.0,83031000.0,82629000.0,73176000.0,49666000.0,39514000.0
20210511,-16431200.0,40176910.0,34873660.0,69384040.0,58256100.0,61511640.0,59975240.0,21734030.0,39701630.0,46818000.0,40599000.0,80851000.0,67889000.0,71693000.0,69916000.0,25374000.0,46332000.0
20210512,723250.0,35767120.0,34860240.0,50072170.0,51702300.0,33302980.0,32557600.0,13173300.0,13195430.0,41359000.0,40278000.0,57845000.0,59709000.0,38451000.0,37623000.0,15211000.0,15256000.0
20210513,-6651180.0,38408910.0,38294800.0,73720660.0,67183590.0,76417330.0,65059340.0,22122450.0,40131620.0,44595000.0,44100000.0,85077000.0,77650000.0,87835000.0,75090000.0,25501000.0,46168000.0
20210514,42038360.0,55471140.0,79481110.0,125436780.0,143465180.0,150139210.0,148399370.0,111355840.0,71057320.0,58632000.0,84015000.0,132646000.0,151128000.0,158257000.0,156394000.0,117119000.0,75116000.0
20210517,37460680.0,49677570.0,75110830.0,133744860.0,145772280.0,182215940.0,147816840.0,101532810.0,98471230.0,50009000.0,75384000.0,134063000.0,146009000.0,182591000.0,148446000.0,102139000.0,98962000.0
20210518,-1803720.0,50427670.0,50315130.0,98933650.0,97242490.0,102817480.0,93482120.0,48908180.0,60047260.0,49106000.0,48918000.0,96214000.0,94319000.0,99490000.0,90675000.0,47327000.0,58226000.0
20210519,-6876670.0,45857980.0,45566780.0,98500880.0,91915410.0,102746950.0,101978270.0,61586880.0,69232230.0,44664000.0,44168000.0,95772000.0,89166000.0,99947000.0,99541000.0,60243000.0,67750000.0
20210520,3044030.0,33603140.0,35220350.0,76923070.0,78349890.0,77158650.0,70143920.0,37442410.0,41413110.0,32532000.0,34014000.0,74344000.0,75722000.0,74496000.0,67764000.0,36125000.0,39997000.0
20210521,-24676200.0,51851680.0,43761940.0,102879660.0,86293200.0,98986850.0,116461090.0,47489260.0,54691220.0,51116000.0,43082000.0,101391000.0,84954000.0,97506000.0,114797000.0,46758000.0,53938000.0
20210524,-19519380.0,38463420.0,30763320.0,68000440.0,56181160.0,72272540.0,74949650.0,40903690.0,57745960.0,37757000.0,30182000.0,66753000.0,55092000.0,70822000.0,73615000.0,40060000.0,56503000.0
20210525,32465290.0,34355690.0,53221160.0,87797790.0,101397610.0,104311920.0,88766860.0,77410020.0,60489790.0,32678000.0,50386000.0,83239000.0,96141000.0,98708000.0,84111000.0,73329000.0,57314000.0
20210526,-1943470.0,46496070.0,42633920.0,73656320.0,75575010.0,70026040.0,64016140.0,47511780.0,55465150.0,44606000.0,40734000.0,70549000.0,72383000.0,67062000.0,61339000.0,45471000.0,53233000.0
20210527,-66131670.0,69680960.0,36151080.0,129299050.0,96697270.0,125967490.0,171738470.0,127916050.0,148276740.0,70369000.0,36389000.0,130448000.0,97477000.0,127226000.0,173608000.0,129218000.0,149787000.0
20210528,7883870.0,56995260.0,59361520.0,124751050.0,130268660.0,140951660.0,131667510.0,98830150.0,100230430.0,53891000.0,56037000.0,117875000.0,123081000.0,133423000.0,124520000.0,93624000.0,95176000.0
20210531,26078160.0,40805630.0,51149910.0,87580910.0,103314790.0,124791180.0,111741570.0,100124770.0,87096220.0,37248000.0,46634000.0,80108000.0,94358000.0,113959000.0,102041000.0,91204000.0,79485000.0
20210601,-7634380.0,51646840.0,53205220.0,94337890.0,85145130.0,79226980.0,83182600.0,59110460.0,62789220.0,47953000.0,49395000.0,87549000.0,79030000.0,73528000.0,77224000.0,54856000.0,58238000.0
20210602,-4481190.0,37802380.0,36508560.0,76701460.0,73514090.0,57051760.0,55505160.0,32199730.0,38227520.0,35398000.0,34107000.0,71730000.0,68653000.0,53313000.0,51934000.0,30111000.0,35859000.0
20210603,521500.0,31513750.0,32133860.0,63067320.0,62968710.0,59681140.0,53665850.0,29409260.0,34903050.0,29808000.0,30265000.0,59520000.0,59410000.0,56239000.0,50648000.0,27756000.0,33000000.0
20210604,-35274400.0,74994510.0,56421750.0,144346290.0,127644660.0,168198930.0,160655020.0,127578040.0,170396350.0,70923000.0,52498000.0,135754000.0,119597000.0,157731000.0,151155000.0,119835000.0,160993000.0
20210607,-50897040.0,91766210.0,51010450.0,128870980.0,118729720.0,110729290.0,131000750.0,61789260.0,92414840.0,92050000.0,51182000.0,129023000.0,118962000.0,110761000.0,130892000.0,61562000.0,92360000.0
20210608,-20211870.0,54588660.0,38479010.0,75993120.0,71890900.0,71266440.0,75657630.0,43719720.0,59540400.0,55102000.0,38717000.0,76355000.0,72300000.0,71604000.0,75934000.0,43697000.0,59807000.0
20210609,13389750.0,37825380.0,45997340.0,60482130.0,65699920.0,68957380.0,58674030.0,34345310.0,31238910.0,38145000.0,46313000.0,60925000.0,66106000.0,69325000.0,59015000.0,34541000.0,31501000.0
20210610,12486140.0,54041960.0,56673370.0,87571210.0,97425930.0,88714600.0,87148910.0,78433350.0,67512900.0,52561000.0,55148000.0,85256000.0,94832000.0,86368000.0,84769000.0,76293000.0,65729000.0
20210611,5460030.0,77622570.0,71959410.0,125022650.0,136145850.0,140846210.0,147386800.0,133830620.0,121830000.0,71454000.0,66308000.0,115334000.0,125454000.0,130002000.0,135840000.0,123553000.0,112740000.0
20210615,-9512520.0,48698650.0,43675540.0,79722740.0,75233330.0,68662870.0,74350950.0,52612440.0,56436880.0,44997000.0,40277000.0,73606000.0,69472000.0,63367000.0,68711000.0,48693000.0,52202000.0
20210616,-19318130.0,80268900.0,67035160.0,122290890.0,116206490.0,113568790.0,114061930.0,77090980.0,95915970.0,79304000.0,66493000.0,120805000.0,114523000.0,112151000.0,112269000.0,75744000.0,94719000.0
20210617,-10371460.0,46216510.0,44535720.0,86084810.0,77394140.0,88171170.0,74925920.0,51877810.0,75494520.0,45831000.0,44088000.0,85328000.0,76693000.0,87368000.0,74344000.0,51429000.0,74831000.0
20210618,20469550.0,36870750.0,51516810.0,75073370.0,80896850.0,81964970.0,82898140.0,87516450.0,66113730.0,35256000.0,49129000.0,71633000.0,77160000.0,78155000.0,79064000.0,83355000.0,63046000.0
20210621,-30918600.0,65619310.0,57731060.0,148936410.0,125906060.0,100742120.0,122033310.0,78326420.0,87953830.0,63823000.0,55960000.0,144606000.0,122359000.0,97795000.0,118463000.0,76200000.0,85643000.0
20210622,-16857980.0,47611950.0,30878560.0,73798280.0,73673680.0,68038220.0,91817820.0,56213910.0,49292290.0,46856000.0,30323000.0,72604000.0,72428000.0,66927000.0,90400000.0,55359000.0,48593000.0
20210623,13742170.0,49586900.0,52730120.0,87799330.0,98398280.0,97353110.0,91946480.0,65402950.0,57067410.0,47439000.0,50369000.0,83990000.0,94031000.0,92910000.0,87873000.0,62446000.0,54512000.0
20210624,8069750.0,39213090.0,37113260.0,65992940.0,76162530.0,56655320.0,52663160.0,36180970.0,32103380.0,38063000.0,35972000.0,64006000.0,73864000.0,54901000.0,51042000.0,35054000.0,31145000.0
20210625,12092230.0,40588910.0,48111840.0,82577220.0,87146510.0,75437610.0,77963750.0,71181240.0,56562870.0,38651000.0,45691000.0,78480000.0,82768000.0,71611000.0,73988000.0,67319000.0,53614000.0
20210628,2562210.0,53590700.0,48321700.0,100509830.0,108341030.0,105387080.0,105494060.0,79752540.0,77083350.0,49898000.0,44808000.0,93445000.0,100546000.0,97783000.0,98221000.0,73962000.0,71513000.0
20210629,-19645020.0,56524750.0,40381300.0,105182510.0,101680950.0,87043000.0,101697620.0,68656090.0,73646490.0,53861000.0,38334000.0,100114000.0,96606000.0,82601000.0,96642000.0,64973000.0,69967000.0
20210630,-30082720.0,53814500.0,41961830.0,94693700.0,76463640.0,105088000.0,103990290.0,68473210.0,99653640.0,52290000.0,40564000.0,91834000.0,74036000.0,101628000.0,100726000.0,66174000.0,96601000.0
20210701,-12533730.0,44146680.0,36837650.0,78281900.0,73057200.0,82870520.0,75341700.0,41101360.0,61163910.0,43343000.0,36058000.0,76795000.0,71591000.0,81164000.0,73838000.0,40210000.0,60026000.0
20210702,-62848390.0,88725840.0,55726590.0,137795100.0,107945950.0,109168960.0,122608900.0,47972140.0,97380590.0,90196000.0,56620000.0,139973000.0,109800000.0,110910000.0,124541000.0,48685000.0,98803000.0
20210705,-16276090.0,53439170.0,64304650.0,138814240.0,111672660.0,100439190.0,108620560.0,57021750.0,65116470.0,53212000.0,63807000.0,137979000.0,110916000.0,99820000.0,108025000.0,56485000.0,64748000.0
20210706,-36324710.0,77534880.0,64479270.0,150678230.0,127409120.0,129112040.0,126329910.0,73806220.0,112913060.0,74907000.0,62041000.0,145247000.0,122450000.0,124083000.0,121371000.0,70761000.0,109136000.0
20210707,87600990.0,66401960.0,112935950.0,174775450.0,215842460.0,293527620.0,244800360.0,208223210.0,169349480.0,60149000.0,102703000.0,158719000.0,195848000.0,266185000.0,221192000.0,187661000.0,152972000.0
20210708,42378860.0,63777600.0,82528120.0,128100070.0,151728420.0,190393680.0,180450870.0,160872380.0,128436330.0,53618000.0,69242000.0,107598000.0,127287000.0,159768000.0,151440000.0,134888000.0,107903000.0
20210709,28232950.0,62798220.0,69281880.0,121915540.0,143664820.0,131548690.0,136590230.0,99615330.0,66340840.0,53877000.0,59356000.0,104532000.0,122942000.0,112682000.0,117019000.0,85139000.0,56913000.0
20210712,59115720.0,89861290.0,105384920.0,186181570.0,229773670.0,231356310.0,229468090.0,229865030.0,172637530.0,70717000.0,83043000.0,146594000.0,180867000.0,182387000.0,180952000.0,181337000.0,136173000.0
20210713,-41584270.0,75797220.0,65560010.0,135882810.0,104535750.0,154705340.0,135162310.0,109203680.0,170330980.0,60159000.0,51948000.0,107797000.0,82893000.0,122697000.0,107146000.0,86470000.0,135135000.0
20210714,-6848060.0,60924150.0,56229560.0,107689630.0,105536160.0,114464220.0,114157240.0,70314770.0,77469810.0,48866000.0,44949000.0,86244000.0,84437000.0,91617000.0,91449000.0,56277000.0,62169000.0
20210715,-3542950.0,61524690.0,59282650.0,102603580.0,101302680.0,121128590.0,121507520.0,79169630.0,82333650.0,49247000.0,47246000.0,81986000.0,80753000.0,96600000.0,96921000.0,63084000.0,65997000.0
20210716,-58326580.0,75284510.0,42808700.0,111585040.0,85734270.0,91134420.0,116026710.0,48331580.0,81765870.0,60584000.0,34359000.0,89857000.0,68958000.0,73423000.0,93466000.0,38904000.0,65985000.0
20210719,-35047540.0,68020540.0,47293500.0,106391600.0,92071100.0,93980000.0,97461530.0,43300770.0,74866780.0,56211000.0,38972000.0,87786000.0,75889000.0,77635000.0,80447000.0,35596000.0,61920000.0
20210720,-15061780.0,46562020.0,33170720.0,67350090.0,65679610.0,56650970.0,58999140.0,31415540.0,44129150.0,39260000.0,27909000.0,56746000.0,55297000.0,47712000.0,49706000.0,26439000.0,37245000.0
20210721,24873520.0,65406870.0,76705550.0,135518230.0,149093060.0,142338730.0,140392260.0,111617010.0,88689960.0,53314000.0,62363000.0,110328000.0,121279000.0,115788000.0,114379000.0,90733000.0,72142000.0
20210722,1775510.0,53014990.0,57662620.0,108710470.0,105838360.0,112442660.0,104901240.0,74917930.0,80683840.0,42647000.0,46290000.0,87381000.0,85011000.0,90305000.0,84272000.0,60067000.0,64826000.0
20210723,-16382640.0,69130250.0,68112250.0,128431220.0,113066570.0,123648330.0,140176420.0,113446720.0,113301270.0,54195000.0,53222000.0,100399000.0,88295000.0,96455000.0,109467000.0,88075000.0,88141000.0
20210726,-42854420.0,78046070.0,52044730.0,132962530.0,116109460.0,146655730.0,138719870.0,72000210.0,122790490.0,65122000.0,43386000.0,110959000.0,96876000.0,122342000.0,115692000.0,60138000.0,102607000.0
20210727,-133126420.0,136924250.0,67331670.0,248239510.0,184705650.0,254789950.0,268908510.0,130270750.0,249278610.0,122142000.0,59590000.0,223127000.0,164633000.0,229339000.0,240910000.0,116379000.0,225853000.0
20210728,-3724820.0,60452680.0,68379290.0,131652240.0,120000800.0,134682500.0,126620260.0,78462770.0,90249830.0,57992000.0,65412000.0,126180000.0,114919000.0,129049000.0,121345000.0,75015000.0,86560000.0
20210729,50256100.0,60336770.0,66938420.0,135415730.0,179070180.0,163019710.0,178695740.0,145196480.0,79264350.0,55538000.0,61328000.0,124440000.0,164282000.0,149638000.0,164028000.0,132912000.0,72891000.0
20210730,-13614660.0,72259370.0,59643450.0,135420530.0,134421780.0,137887320.0,154865810.0,100499590.0,97135760.0,64308000.0,52822000.0,120261000.0,119216000.0,122220000.0,137246000.0,88892000.0,86397000.0
20210802,-8880050.0,82545860.0,64148840.0,150930110.0,160447080.0,156665480.0,179999740.0,102276370.0,87822160.0,72751000.0,56033000.0,132534000.0,141015000.0,136912000.0,157789000.0,89448000.0,76808000.0
20210803,-13543670.0,66666840.0,44943540.0,106331370.0,114510990.0,115488790.0,125457320.0,66350630.0,69925770.0,59246000.0,39665000.0,94372000.0,101594000.0,102315000.0,111135000.0,58521000.0,62060000.0
20210804,76466860.0,57917510.0,90297630.0,119907480.0,163994220.0,189141240.0,178092630.0,157024850.0,91606600.0,49939000.0,77539000.0,103444000.0,140975000.0,162711000.0,153201000.0,134378000.0,78758000.0
20210805,-11292500.0,77356010.0,49564240.0,136987220.0,153486490.0,152747370.0,160535240.0,101721740.0,105226370.0,66977000.0,42732000.0,118510000.0,132725000.0,132113000.0,139146000.0,88176000.0,91173000.0
20210806,10196690.0,65036540.0,74624410.0,143156210.0,143765030.0,166161800.0,151357390.0,115703900.0,120311620.0,53674000.0,61555000.0,118087000.0,118621000.0,137258000.0,124862000.0,95367000.0,99348000.0
20210809,-28361250.0,84078620.0,61901950.0,132266920.0,126082340.0,131757020.0,141821580.0,88253060.0,106549750.0,74006000.0,54556000.0,116393000.0,110871000.0,116015000.0,124773000.0,77641000.0,93855000.0
20210810,-25982780.0,82071690.0,57303480.0,131810130.0,130595550.0,132949500.0,137838390.0,70366170.0,91460060.0,74127000.0,51581000.0,119016000.0,117780000.0,120377000.0,124855000.0,63670000.0,82973000.0
20210811,12290390.0,50265800.0,65157750.0,113945320.0,111343760.0,116779130.0,107981960.0,72170710.0,68677490.0,44372000.0,57403000.0,100521000.0,98181000.0,103011000.0,95299000.0,63635000.0,60654000.0
20210812,-30031640.0,45762570.0,28640100.0,73212990.0,60303810.0,66186860.0,73035890.0,37756560.0,60939170.0,40766000.0,25465000.0,65176000.0,53646000.0,58861000.0,65028000.0,33584000.0,54248000.0
20210813,-22948280.0,49739330.0,40592130.0,94306680.0,80505590.0,78662690.0,78013280.0,56229330.0,79827020.0,44459000.0,36155000.0,84277000.0,71851000.0,70150000.0,69602000.0,50132000.0,71410000.0
20210816,-89614030.0,79284680.0,39283370.0,154960370.0,105347640.0,124880180.0,146073570.0,70084720.0,138505360.0,74668000.0,36833000.0,146006000.0,98942000.0,117538000.0,137545000.0,65906000.0,130798000.0
20210817,-30229500.0,56545360.0,33786740.0,95488320.0,88017440.0,77849350.0,93748990.0,55469150.0,69799010.0,54063000.0,32119000.0,91185000.0,83943000.0,74280000.0,89623000.0,52829000.0,66673000.0
20210818,-50083460.0,61853430.0,36924080.0,105311580.0,80157460.0,95600770.0,107891100.0,60046580.0,97839710.0,60566000.0,35914000.0,102925000.0,78232000.0,93410000.0,105422000.0,58432000.0,95765000.0
20210819,-289660.0,53709210.0,52443040.0,99643540.0,100620050.0,85533280.0,88640650.0,47723870.0,44906160.0,52704000.0,51062000.0,97551000.0,98123000.0,83469000.0,86627000.0,46219000.0,44132000.0
20210820,-65839840.0,94479390.0,54048620.0,133548970.0,108139900.0,113077220.0,126902520.0,47965620.0,99980160.0,95400000.0,54559000.0,134711000.0,109000000.0,114229000.0,128233000.0,48384000.0,100931000.0
20210823,13922960.0,75448260.0,64911350.0,106597570.0,131057440.0,88679810.0,87562960.0,61618350.0,48812240.0,76107000.0,65368000.0,107461000.0,132111000.0,89363000.0,88230000.0,61987000.0,49208000.0
20210824,5980610.0,57921030.0,56882170.0,103320510.0,110339970.0,99043830.0,96560540.0,65656730.0,62159410.0,56734000.0,55551000.0,101078000.0,107869000.0,96833000.0,94472000.0,64017000.0,60769000.0
20210825,-7989040.0,46033140.0,40808650.0,83822220.0,81057660.0,64373990.0,68548460.0,41868030.0,45682600.0,45829000.0,40528000.0,83346000.0,80558000.0,63918000.0,68135000.0,41499000.0,45371000.0
20210826,-77482730.0,105292340.0,53600570.0,148333090.0,122542130.0,120424830.0,163285720.0,55505400.0,90127240.0,107639000.0,54714000.0,151485000.0,125048000.0,122971000.0,166802000.0,56543000.0,92075000.0
20210827,12356050.0,76152530.0,84503090.0,154943080.0,158948580.0,183261750.0,160441180.0,127676890.0,138141410.0,74847000.0,83041000.0,152308000.0,156207000.0,180368000.0,157838000.0,125877000.0,136314000.0
20210830,19865580.0,69146500.0,88965340.0,164803340.0,164850070.0,169873270.0,154128660.0,112728240.0,108607270.0,65824000.0,84380000.0,156560000.0,156515000.0,160993000.0,146194000.0,106719000.0,103007000.0
20210831,-14024290.0,70843810.0,55432890.0,126144680.0,127531310.0,105911150.0,123000810.0,77456410.0,74391040.0,70340000.0,54958000.0,125211000.0,126531000.0,105124000.0,122074000.0,76599000.0,73711000.0
20210901,-34182770.0,81669250.0,53024390.0,115491250.0,109953340.0,105176830.0,111659570.0,46299890.0,73999920.0,83502000.0,54111000.0,118049000.0,112380000.0,107654000.0,114347000.0,47225000.0,75592000.0
20210902,-41310310.0,83988470.0,61593280.0,112701650.0,93786530.0,81800710.0,96110540.0,48569590.0,75570070.0,88405000.0,64712000.0,118614000.0,98648000.0,86117000.0,101113000.0,51132000.0,79795000.0
20210903,-65306030.0,102967440.0,52433110.0,143878820.0,129107100.0,120205540.0,145271410.0,58416740.0,98656900.0,113814000.0,57761000.0,158970000.0,142653000.0,132808000.0,160360000.0,64276000.0,109095000.0
20210906,33487580.0,63385280.0,76726760.0,103744380.0,123890480.0,117058340.0,105970150.0,68284450.0,45885060.0,67882000.0,82213000.0,111240000.0,132544000.0,125353000.0,113474000.0,72888000.0,49132000.0
20210907,28576690.0,58942400.0,77400370.0,121865650.0,131984370.0,151827990.0,126122180.0,118311510.0,115440630.0,58911000.0,77381000.0,121699000.0,131966000.0,151672000.0,125973000.0,118063000.0,115025000.0
20210908,-8207370.0,58711370.0,55003480.0,105389090.0,100889620.0,104514700.0,94932440.0,61581280.0,79370910.0,58313000.0,54520000.0,104573000.0,100013000.0,103655000.0,94246000.0,61069000.0,78830000.0
20210909,20345500.0,53665060.0,70203780.0,106187680.0,109994470.0,89686190.0,87622270.0,61850220.0,43568640.0,53155000.0,69374000.0,104838000.0,108502000.0,88332000.0,86324000.0,60782000.0,42907000.0
20210910,-63576970.0,92495410.0,49398810.0,133235600.0,112755230.0,116699350.0,145172720.0,73268410.0,108372010.0,93952000.0,50099000.0,135213000.0,114349000.0,118403000.0,147290000.0,74228000.0,110058000.0
20210913,-130477890.0,120992720.0,55686780.0,182155090.0,116983150.0,144379330.0,143892890.0,65936810.0,196901140.0,130154000.0,59908000.0,196112000.0,125744000.0,155305000.0,154557000.0,70818000.0,212181000.0
20210914,27351510.0,85779110.0,100898870.0,143618330.0,155850080.0,137418310.0,124314070.0,76168980.0,61921710.0,89662000.0,105240000.0,149975000.0,162650000.0,143300000.0,129774000.0,79295000.0,64567000.0
20210915,-20994270.0,76456690.0,57556300.0,107218030.0,105124140.0,85485440.0,88173480.0,32915070.0,51221300.0,81759000.0,61512000.0,114633000.0,112363000.0,91369000.0,94304000.0,35201000.0,54783000.0
20210916,-48174540.0,76236890.0,41242660.0,97650240.0,84469930.0,73379500.0,94266880.0,32076570.0,59363730.0,83734000.0,45198000.0,107203000.0,92733000.0,80586000.0,103576000.0,35271000.0,65288000.0
20210917,-7237520.0,61605210.0,45220460.0,59858920.0,69006150.0,46483330.0,52011100.0,27599040.0,29308790.0,68085000.0,49926000.0,66137000.0,76203000.0,51281000.0,57418000.0,30474000.0,32431000.0
20210922,-32313160.0,50602490.0,32878940.0,66974730.0,52385130.0,46390920.0,49025090.0,16741930.0,46420920.0,56660000.0,36797000.0,74987000.0,58654000.0,51955000.0,54879000.0,18758000.0,52031000.0
20210923,5469510.0,46332170.0,53654550.0,62403620.0,60550750.0,52129740.0,43301650.0,17566340.0,20924920.0,51526000.0,59641000.0,69393000.0,67323000.0,57939000.0,48164000.0,19547000.0,23277000.0
20210924,5852380.0,50346690.0,53801760.0,80036190.0,82433490.0,76382020.0,88432550.0,45747330.0,27844420.0,55556000.0,59128000.0,88095000.0,90661000.0,83834000.0,97466000.0,50428000.0,30658000.0
20210927,5813690.0,84834380.0,90952310.0,147454240.0,147150000.0,136774270.0,137259010.0,86703170.0,80404740.0,90198000.0,96622000.0,156708000.0,156336000.0,145264000.0,145874000.0,92143000.0,85481000.0
20210928,2783480.0,49140410.0,49926610.0,74294640.0,76291910.0,54774800.0,49296030.0,32425100.0,35120390.0,52877000.0,53664000.0,79931000.0,82109000.0,58941000.0,53034000.0,34916000.0,37857000.0
20210929,18065730.0,49455680.0,61765410.0,80244530.0,86000550.0,78298720.0,65708210.0,42543850.0,37068630.0,53392000.0,66525000.0,86716000.0,92569000.0,84035000.0,70665000.0,45678000.0,40062000.0
20210930,39591200.0,69017530.0,87375460.0,106555490.0,127788760.0,103832350.0,109951420.0,88459680.0,42749410.0,70582000.0,89568000.0,109065000.0,130923000.0,106500000.0,112614000.0,90760000.0,43803000.0
20211008,-11484350.0,46507340.0,50054580.0,107100550.0,92068950.0,87825260.0,92838200.0,60623880.0,67095290.0,46340000.0,49779000.0,106524000.0,91475000.0,87234000.0,92237000.0,60089000.0,66695000.0
20211011,-7229060.0,34627590.0,37499040.0,74527620.0,64427110.0,53817190.0,61436500.0,39331500.0,38941250.0,34201000.0,36926000.0,73532000.0,63495000.0,52997000.0,60590000.0,38707000.0,38425000.0
20211012,-32529730.0,59793740.0,40079890.0,101730650.0,88914770.0,66502280.0,75391300.0,29612550.0,53253260.0,59233000.0,39612000.0,100696000.0,87915000.0,65759000.0,74599000.0,29258000.0,52819000.0
20211013,22656650.0,45629640.0,62110300.0,100967540.0,107143520.0,98641050.0,102464510.0,81484230.0,55004120.0,43467000.0,59085000.0,96240000.0,101988000.0,93861000.0,97548000.0,77493000.0,52440000.0
20211014,17410630.0,45946330.0,54028990.0,84833350.0,94161340.0,95318410.0,81792090.0,63132260.0,59247950.0,42735000.0,50085000.0,78721000.0,87302000.0,88276000.0,75847000.0,58429000.0,54925000.0
20211015,-1573050.0,51517470.0,47815380.0,109530410.0,111659460.0,98136700.0,99705020.0,66799820.0,66804550.0,48176000.0,44516000.0,102245000.0,104140000.0,91440000.0,93068000.0,62259000.0,62397000.0
20211018,33350920.0,35494620.0,52188640.0,77357270.0,94014170.0,93747400.0,80840710.0,80979800.0,60535570.0,32304000.0,47381000.0,70312000.0,85322000.0,85013000.0,73321000.0,73312000.0,54916000.0
20211019,16133340.0,51213960.0,50085080.0,83687530.0,100949760.0,98963630.0,110235790.0,100659200.0,73253700.0,45103000.0,43992000.0,73540000.0,88674000.0,86902000.0,96802000.0,88194000.0,64270000.0
20211020,15554580.0,43626740.0,44469880.0,70407610.0,85119050.0,91440040.0,80132110.0,66193970.0,61947320.0,37986000.0,38649000.0,61250000.0,74010000.0,79489000.0,69692000.0,57527000.0,53902000.0
20211021,-19321420.0,63702830.0,40003570.0,78013220.0,82391060.0,74189300.0,77884850.0,49736270.0,65362140.0,56405000.0,35375000.0,69042000.0,72856000.0,65662000.0,68995000.0,43987000.0,57870000.0
20211022,-3788950.0,52558490.0,43343570.0,77376240.0,82802210.0,73264980.0,69292130.0,43740280.0,51502080.0,47048000.0,38717000.0,69262000.0,74000000.0,65456000.0,61991000.0,39111000.0,46169000.0
20211025,30666690.0,43107940.0,69742680.0,94498690.0,98530650.0,95874340.0,89660830.0,100687090.0,76233910.0,37332000.0,60280000.0,81831000.0,85178000.0,82994000.0,77550000.0,87021000.0,66170000.0
20211026,3594790.0,53222910.0,49316200.0,82083610.0,89585130.0,79212580.0,85986490.0,70991650.0,60622950.0,45152000.0,41552000.0,69406000.0,75642000.0,66743000.0,72598000.0,59537000.0,51046000.0
20211027,154650.0,43037620.0,46823550.0,78098300.0,74467020.0,59016340.0,49188000.0,25836430.0,35510120.0,37035000.0,40259000.0,67178000.0,64002000.0,50741000.0,42304000.0,22209000.0,30598000.0
20211028,-36132290.0,89583180.0,70410220.0,133697850.0,116738520.0,117469950.0,113398390.0,83165080.0,123368930.0,78534000.0,61463000.0,116964000.0,102033000.0,102867000.0,99316000.0,72732000.0,108285000.0
20211029,3747580.0,70074490.0,73994640.0,129291310.0,129118730.0,83266850.0,88688530.0,65992260.0,56823000.0,63026000.0,66423000.0,116038000.0,115826000.0,74732000.0,79686000.0,59054000.0,50915000.0
20211101,-20165600.0,66234140.0,56545140.0,101057600.0,90581010.0,82269670.0,108911020.0,71636960.0,65161210.0,59831000.0,50865000.0,91174000.0,81593000.0,74058000.0,98362000.0,64488000.0,58731000.0
20211102,5188500.0,65132090.0,75432400.0,117726720.0,112614910.0,114311280.0,100786390.0,77070830.0,85407220.0,57194000.0,66179000.0,103385000.0,98755000.0,100282000.0,88385000.0,67509000.0,75051000.0
20211103,-3351990.0,60660460.0,63486640.0,101284630.0,95106470.0,72408900.0,74341030.0,57211980.0,58631840.0,54577000.0,56887000.0,90934000.0,85371000.0,64983000.0,66969000.0,51322000.0,52590000.0
20211104,47284510.0,44143920.0,67986840.0,74696450.0,98138030.0,105935370.0,76694340.0,80686680.0,62643200.0,38498000.0,59202000.0,65122000.0,85446000.0,92242000.0,66770000.0,70009000.0,54452000.0
20211105,5983220.0,49615620.0,66249460.0,98033050.0,87382440.0,89444320.0,94279750.0,74508060.0,63689410.0,42693000.0,56678000.0,84210000.0,74660000.0,76392000.0,80865000.0,63483000.0,54576000.0
20211108,58397350.0,94013900.0,125839070.0,198574850.0,225147030.0,322819050.0,283425600.0,289902820.0,270898920.0,73007000.0,97831000.0,154638000.0,175190000.0,252096000.0,221147000.0,226588000.0,212161000.0
20211109,35724460.0,65609150.0,90637710.0,120591080.0,131286980.0,132129690.0,138835060.0,159073600.0,116643770.0,49449000.0,68224000.0,90783000.0,98762000.0,99415000.0,104459000.0,119530000.0,87732000.0
20211110,-11136690.0,78970970.0,65610290.0,132805920.0,135029900.0,118892230.0,150527180.0,136463630.0,115965370.0,59746000.0,49558000.0,100324000.0,101929000.0,89730000.0,113636000.0,102845000.0,87521000.0
20211111,-13085020.0,57013420.0,55020250.0,87436160.0,76344310.0,120518780.0,93841090.0,81057150.0,120819860.0,43532000.0,41888000.0,66684000.0,58149000.0,91879000.0,71506000.0,61824000.0,92375000.0
20211112,7596270.0,77594030.0,65586990.0,112521340.0,132124640.0,120811080.0,127916480.0,107680020.0,92978350.0,60051000.0,50513000.0,86859000.0,101934000.0,93051000.0,98511000.0,82790000.0,71792000.0
20211115,-3399800.0,62799680.0,68970430.0,94181120.0,84610580.0,89880600.0,88921110.0,72366680.0,76725970.0,48721000.0,53386000.0,72922000.0,65451000.0,69516000.0,68845000.0,55861000.0,59338000.0
20211116,-23975070.0,62549560.0,41682350.0,71062710.0,67954860.0,74743610.0,68523520.0,53324580.0,83519740.0,49718000.0,33045000.0,56475000.0,53967000.0,59365000.0,54364000.0,42415000.0,66597000.0
20211117,23391060.0,44410670.0,54273440.0,78091670.0,91619960.0,92855530.0,69874020.0,45806500.0,45396950.0,35168000.0,42949000.0,61804000.0,72475000.0,73421000.0,55264000.0,36219000.0,35924000.0
20211118,-19896090.0,61229120.0,52488520.0,96211800.0,85056310.0,87246270.0,80439960.0,67106070.0,93808470.0,48199000.0,41281000.0,75647000.0,66964000.0,68565000.0,63215000.0,52667000.0,73620000.0
20211119,11496680.0,38211550.0,48405820.0,58790430.0,60092840.0,62734720.0,54836110.0,68354100.0,64756030.0,29974000.0,37900000.0,46095000.0,47063000.0,49129000.0,42940000.0,53426000.0,50721000.0
20211122,73669850.0,73419040.0,81847560.0,150002730.0,215244080.0,233332310.0,203587150.0,250182000.0,206257310.0,53901000.0,60013000.0,109955000.0,157145000.0,170370000.0,148762000.0,183047000.0,151353000.0
20211123,34516450.0,59133770.0,68219780.0,144087470.0,169517920.0,165933350.0,165822930.0,159432150.0,125026120.0,42368000.0,48800000.0,103487000.0,121481000.0,118978000.0,118897000.0,113926000.0,89582000.0
20211124,10422710.0,75967920.0,79283320.0,147432240.0,154539540.0,186037870.0,190619940.0,193899750.0,178894970.0,52593000.0,54753000.0,101634000.0,106546000.0,127535000.0,131109000.0,133083000.0,122438000.0
20211125,23707480.0,50339200.0,52776590.0,101075620.0,122345700.0,103983990.0,100781460.0,104119530.0,83614580.0,35173000.0,36782000.0,70585000.0,85300000.0,72523000.0,70302000.0,72264000.0,58162000.0
20211126,13368790.0,42807170.0,59605910.0,101693640.0,98263690.0,116049380.0,103984220.0,103237070.0,101933440.0,28872000.0,40124000.0,68562000.0,66155000.0,78051000.0,70037000.0,69362000.0,68532000.0
20211129,-32566520.0,59854420.0,42489050.0,120300220.0,105099060.0,108557750.0,141321360.0,137667890.0,137470800.0,40068000.0,28328000.0,80269000.0,70133000.0,72402000.0,94370000.0,91870000.0,91778000.0
20211130,-47529140.0,71637440.0,36599770.0,102301440.0,89809980.0,121549680.0,114096470.0,66029570.0,121011920.0,48945000.0,24965000.0,69881000.0,61293000.0,83010000.0,77924000.0,45018000.0,82671000.0
20211201,-38370510.0,57872560.0,34938050.0,99195660.0,83759660.0,73436390.0,101485880.0,43383850.0,53704870.0,40425000.0,24367000.0,69290000.0,58498000.0,51292000.0,70919000.0,30320000.0,37542000.0
20211202,10458960.0,47559560.0,47389010.0,86232080.0,96861580.0,100044290.0,108658830.0,97294480.0,78220980.0,32811000.0,32630000.0,59474000.0,66695000.0,68950000.0,74918000.0,66889000.0,53881000.0
20211203,8135950.0,42022870.0,41698720.0,68195160.0,76655270.0,62405160.0,58333830.0,65704010.0,61639390.0,28638000.0,28317000.0,46384000.0,52110000.0,42368000.0,39667000.0,44599000.0,41896000.0
20211206,-85116280.0,69894080.0,33883920.0,139659610.0,90553500.0,98681260.0,101482770.0,78976900.0,161291670.0,49143000.0,23730000.0,98153000.0,63516000.0,69361000.0,71269000.0,55627000.0,113769000.0
20211207,-55789400.0,72024570.0,50415100.0,154453690.0,120273750.0,118308250.0,143654420.0,80408830.0,110852060.0,53138000.0,37032000.0,113794000.0,88419000.0,86974000.0,105858000.0,58851000.0,81448000.0
20211208,6664510.0,43764840.0,45557180.0,75319250.0,80191420.0,52851190.0,61348960.0,53110930.0,37948650.0,31911000.0,33203000.0,54893000.0,58456000.0,38503000.0,44715000.0,38685000.0,27617000.0
20211209,-4498980.0,51684360.0,44597260.0,89915690.0,92503810.0,63607270.0,65025680.0,51766020.0,54846590.0,38136000.0,32867000.0,66321000.0,68215000.0,46918000.0,48001000.0,38170000.0,40463000.0
20211210,3091150.0,46542070.0,43188250.0,85929650.0,92374610.0,83483230.0,89008930.0,57206200.0,48589350.0,34227000.0,31729000.0,63177000.0,67879000.0,61355000.0,65345000.0,41959000.0,35764000.0
20211213,7192250.0,61585190.0,60413860.0,102356420.0,110720010.0,114858160.0,92878740.0,72252980.0,87040150.0,45461000.0,44445000.0,75489000.0,81532000.0,84709000.0,68615000.0,53469000.0,64535000.0
20211214,-18941320.0,53770740.0,49171050.0,91729780.0,77388150.0,52628320.0,57766750.0,34141640.0,47944530.0,40235000.0,36747000.0,68551000.0,57817000.0,39341000.0,43140000.0,25465000.0,35887000.0
20211215,-32080830.0,49611710.0,30350630.0,65435280.0,52615540.0,51317690.0,50278700.0,33589230.0,66709050.0,37162000.0,22595000.0,48844000.0,39176000.0,38280000.0,37448000.0,24941000.0,50009000.0
20211216,8509990.0,39999590.0,38895330.0,52257290.0,61871530.0,52711090.0,50970400.0,32215580.0,25446280.0,30109000.0,29179000.0,39192000.0,46389000.0,39508000.0,38274000.0,24090000.0,19057000.0
20211217,-7437020.0,54302270.0,41056250.0,62940590.0,68749600.0,42785100.0,47891460.0,81533250.0,83863910.0,41332000.0,31207000.0,47892000.0,52324000.0,32546000.0,36463000.0,62416000.0,64192000.0
20211220,-13999880.0,91559470.0,77402570.0,119229330.0,119386340.0,95860140.0,89865270.0,44146500.0,64141250.0,72998000.0,61734000.0,95117000.0,95292000.0,76387000.0,71483000.0,35214000.0,51206000.0
20211221,-6193370.0,48545720.0,43944580.0,69695910.0,68103680.0,51545300.0,51680460.0,24310150.0,30368360.0,39260000.0,35535000.0,56377000.0,55070000.0,41653000.0,41783000.0,19642000.0,24544000.0
20211222,-12099050.0,39063780.0,39634360.0,63226000.0,50556370.0,57728500.0,48552340.0,37245780.0,58520990.0,31304000.0,31711000.0,50601000.0,40445000.0,46198000.0,38819000.0,29777000.0,46905000.0
20211223,-20029240.0,51279510.0,34509740.0,63861640.0,60602170.0,60646930.0,69214690.0,38002520.0,49464000.0,41756000.0,28023000.0,51939000.0,49269000.0,49237000.0,56273000.0,30866000.0,40232000.0
20211224,-46113630.0,86683730.0,54574950.0,116794130.0,102789290.0,109133970.0,112956010.0,66662330.0,108953920.0,74353000.0,46889000.0,100236000.0,88236000.0,93648000.0,96697000.0,57286000.0,93700000.0
20211227,-1344540.0,55369690.0,59786420.0,82726960.0,76965700.0,96400650.0,67880810.0,75686800.0,105551180.0,46473000.0,49952000.0,69232000.0,64272000.0,80514000.0,56665000.0,63258000.0,88587000.0
20211228,21121130.0,42140150.0,53873480.0,64251710.0,73639500.0,71179170.0,54944000.0,50934790.0,46048830.0,35069000.0,44798000.0,53425000.0,61190000.0,59157000.0,45619000.0,42264000.0,38308000.0
20211229,4199810.0,37420720.0,44110540.0,55891200.0,53401180.0,54943820.0,43504940.0,39348420.0,46587490.0,31181000.0,36717000.0,46538000.0,44447000.0,45704000.0,36189000.0,32722000.0,38791000.0
20211230,-19221950.0,55815030.0,35769770.0,72124330.0,72947640.0,62533000.0,71659650.0,39546470.0,49641770.0,46826000.0,29890000.0,60453000.0,61049000.0,52393000.0,60143000.0,33145000.0,41737000.0
20211231,-3121460.0,61247970.0,46872280.0,77517210.0,88771420.0,63562570.0,59121150.0,45397830.0,52960710.0,52113000.0,39803000.0,65943000.0,75454000.0,54008000.0,50358000.0,38637000.0,45085000.0
20220104,2062100.0,90255340.0,77047600.0,138413770.0,153683620.0,116932560.0,116184510.0,84268750.0,82954700.0,79573000.0,67495000.0,121669000.0,134901000.0,102136000.0,101548000.0,73112000.0,72546000.0
20220105,-25162420.0,96086070.0,66986520.0,134768990.0,138706110.0,110543260.0,117249090.0,56166420.0,74623010.0,89160000.0,62087000.0,124998000.0,128611000.0,102439000.0,108730000.0,52059000.0,69226000.0
20220106,-4518880.0,59215540.0,52742490.0,100708700.0,102662890.0,72555220.0,78329850.0,38516410.0,37260660.0,55994000.0,49771000.0,95207000.0,96979000.0,68518000.0,74070000.0,36339000.0,35237000.0
20220107,25071470.0,43340340.0,51263750.0,78267100.0,95415170.0,83675460.0,85293040.0,67960440.0,41271390.0,41160000.0,48531000.0,74258000.0,90479000.0,79239000.0,80840000.0,64354000.0,39160000.0
20220110,3920850.0,64249840.0,62763560.0,87277920.0,92685050.0,77014550.0,69715490.0,47043040.0,50421250.0,61680000.0,60172000.0,83678000.0,88837000.0,73828000.0,66811000.0,45024000.0,48391000.0
20220111,76308420.0,48375200.0,92022990.0,110792320.0,143452950.0,126484960.0,74705770.0,58603470.0,34074240.0,46123000.0,87612000.0,105537000.0,136533000.0,120344000.0,71086000.0,55668000.0,32441000.0
20220112,47538160.0,74545360.0,97060630.0,147016340.0,172039220.0,137674750.0,133289020.0,105495850.0,62343420.0,69156000.0,89892000.0,136207000.0,159310000.0,127422000.0,123379000.0,97479000.0,57682000.0
20220113,-15808040.0,66063780.0,61449170.0,112922470.0,101729050.0,83500500.0,86501240.0,42073810.0,54881110.0,61638000.0,57150000.0,105371000.0,94857000.0,77854000.0,80868000.0,39293000.0,51281000.0
20220114,22001640.0,46863030.0,63744390.0,96934990.0,102055270.0,91295750.0,81720690.0,70587830.0,58161250.0,42256000.0,57445000.0,87316000.0,91882000.0,82232000.0,73597000.0,63464000.0,52344000.0
20220117,8684130.0,54845270.0,54538480.0,97680510.0,106671440.0,94269630.0,94784380.0,83395040.0,74196160.0,50008000.0,49614000.0,89001000.0,97075000.0,85780000.0,86225000.0,75895000.0,67771000.0
20220118,-44148590.0,71974220.0,37194680.0,103590070.0,94221040.0,70692910.0,83174610.0,28318440.0,59985330.0,66930000.0,34542000.0,96353000.0,87582000.0,65750000.0,77391000.0,26335000.0,55853000.0
20220119,-65683890.0,128248840.0,77373520.0,192113990.0,177305420.0,151373260.0,172957310.0,63746210.0,107846050.0,127749000.0,77070000.0,191099000.0,176431000.0,150707000.0,172256000.0,63398000.0,107195000.0
20220120,-20776670.0,99289450.0,77359700.0,107651130.0,108804220.0,91048060.0,94721660.0,29030630.0,46133700.0,102788000.0,79947000.0,111463000.0,112538000.0,94271000.0,98147000.0,29993000.0,47882000.0
20220121,27653050.0,47661030.0,74509460.0,68255940.0,69060550.0,88337150.0,57582580.0,23826390.0,26927910.0,48973000.0,76480000.0,70102000.0,70922000.0,90665000.0,59119000.0,24464000.0,27684000.0
20220124,17361820.0,52972180.0,69924620.0,92346560.0,92755930.0,78173810.0,64668460.0,46985590.0,43129120.0,53503000.0,70440000.0,93088000.0,93423000.0,78688000.0,65210000.0,47256000.0,43463000.0
20220125,-14687370.0,49524340.0,46521800.0,65280130.0,53595290.0,43240100.0,49965250.0,23373410.0,31335630.0,49947000.0,46924000.0,65771000.0,53968000.0,43585000.0,50359000.0,23519000.0,31570000.0
20220126,13055450.0,52709180.0,62002710.0,75207900.0,78969820.0,59430520.0,56376390.0,34749330.0,24748010.0,53273000.0,62634000.0,76008000.0,79777000.0,60035000.0,56953000.0,35087000.0,25039000.0
20220127,-23960620.0,58448060.0,40202060.0,57696280.0,51981660.0,44565630.0,40537680.0,18671610.0,46660180.0,60191000.0,41321000.0,59410000.0,53498000.0,45856000.0,41738000.0,19213000.0,48113000.0
20220128,-8246650.0,60906210.0,50305560.0,64311800.0,66665810.0,49249700.0,46602580.0,22023500.0,32917270.0,64359000.0,53096000.0,67914000.0,70391000.0,51989000.0,49233000.0,23203000.0,34745000.0
20220207,2815180.0,58912540.0,50797170.0,63318720.0,74249260.0,53638190.0,55523380.0,27031680.0,22331310.0,61711000.0,53026000.0,66208000.0,77491000.0,55815000.0,58004000.0,28039000.0,23252000.0
20220208,-41897690.0,85697510.0,52463360.0,106542620.0,97879080.0,77959420.0,101360500.0,33332430.0,51829040.0,96070000.0,58744000.0,119463000.0,109820000.0,87512000.0,113787000.0,37361000.0,58054000.0
20220209,8557460.0,53784230.0,60608310.0,82801830.0,84535200.0,77749620.0,68593550.0,31275200.0,31873810.0,60043000.0,67261000.0,92236000.0,93949000.0,86221000.0,76419000.0,34672000.0,35543000.0
20220210,-36621690.0,82275370.0,42287930.0,114542520.0,117908260.0,86100270.0,112938130.0,38984350.0,48768180.0,95020000.0,48682000.0,132381000.0,136241000.0,99431000.0,130339000.0,44780000.0,56349000.0
20220211,-20668660.0,65708940.0,54609450.0,105362260.0,95793090.0,66389550.0,85543980.0,41740440.0,43254670.0,76785000.0,63582000.0,122870000.0,111771000.0,77521000.0,99902000.0,48565000.0,50487000.0
20220214,-17026800.0,55369980.0,41382480.0,80307890.0,77268590.0,71400620.0,86625290.0,33926190.0,35728320.0,66101000.0,49348000.0,95632000.0,91995000.0,85025000.0,103099000.0,40399000.0,42715000.0
20220215,24182650.0,54313980.0,70004010.0,97949790.0,106442410.0,80529530.0,79598700.0,52231380.0,28979560.0,62948000.0,81009000.0,113255000.0,123304000.0,93469000.0,92188000.0,60460000.0,33630000.0
20220216,-7890380.0,50809590.0,43346600.0,68410640.0,67983250.0,58173390.0,53899180.0,24344440.0,36509030.0,58431000.0,49668000.0,78557000.0,78010000.0,66697000.0,61895000.0,27872000.0,41984000.0
20220217,39253640.0,86441590.0,98453480.0,148984880.0,176226620.0,153266620.0,153452900.0,98050190.0,58610270.0,97805000.0,110551000.0,167970000.0,198572000.0,172541000.0,173450000.0,110364000.0,66108000.0
20220218,-58047290.0,85774020.0,53586860.0,115934430.0,90074290.0,78754250.0,98108230.0,28971380.0,67664690.0,100338000.0,62602000.0,135526000.0,105225000.0,92003000.0,114672000.0,33808000.0,79176000.0
20220221,12407030.0,52461230.0,55560610.0,79210300.0,88517940.0,65211420.0,60768310.0,30889310.0,22925390.0,61245000.0,64812000.0,92416000.0,103280000.0,76030000.0,70816000.0,35949000.0,26731000.0
20220222,14909950.0,65275740.0,66922990.0,98541340.0,111804040.0,86959560.0,83651470.0,53083640.0,41481780.0,77447000.0,79211000.0,116806000.0,132360000.0,102791000.0,99094000.0,62823000.0,49201000.0
20220223,55061060.0,62771360.0,86772090.0,115545380.0,146605720.0,129816300.0,104204310.0,101040230.0,71591160.0,71229000.0,98357000.0,131065000.0,166158000.0,147130000.0,118101000.0,114195000.0,81003000.0
20220224,-27696820.0,74988320.0,61506770.0,118197400.0,103982130.0,94954840.0,102791030.0,48948710.0,68809340.0,86447000.0,70764000.0,136192000.0,119710000.0,109202000.0,118347000.0,56356000.0,79374000.0
20220225,38782750.0,66223580.0,83450900.0,118820820.0,140376250.0,129398510.0,118164390.0,102441100.0,74892470.0,74208000.0,93462000.0,133161000.0,157240000.0,144919000.0,132370000.0,114700000.0,83916000.0
20220228,13484310.0,66721160.0,81105320.0,126465930.0,125566080.0,113894790.0,90456470.0,47390340.0,57344350.0,74607000.0,90596000.0,141348000.0,140315000.0,127246000.0,101054000.0,52961000.0,64197000.0
20220301,-26923500.0,84388210.0,61784980.0,132598890.0,128278620.0,111288650.0,111900510.0,54925370.0,81237010.0,95680000.0,69707000.0,149965000.0,144775000.0,125562000.0,126319000.0,61910000.0,92317000.0
20220302,-57241000.0,75712900.0,47289710.0,127430930.0,98613120.0,77642000.0,90971310.0,33602620.0,77514310.0,89352000.0,55743000.0,150289000.0,116247000.0,91581000.0,107258000.0,39537000.0,91511000.0
20220303,-106571250.0,123851710.0,47672980.0,192632700.0,162240180.0,129243450.0,183429890.0,55321050.0,107705860.0,153471000.0,59086000.0,238511000.0,200809000.0,159944000.0,227235000.0,68630000.0,133426000.0
20220304,-50428630.0,82979670.0,56025640.0,116989170.0,93514570.0,82105260.0,106441320.0,28029260.0,54121830.0,106073000.0,71550000.0,149446000.0,119444000.0,104964000.0,136036000.0,35845000.0,69298000.0
20220307,-32610110.0,77995590.0,51404670.0,91318090.0,85298900.0,67225290.0,86298590.0,41591130.0,55127940.0,102867000.0,67795000.0,120518000.0,112437000.0,88750000.0,113853000.0,54689000.0,72738000.0
20220308,-21232860.0,80897640.0,55663440.0,111494090.0,115495410.0,102403270.0,112523970.0,56490180.0,67602340.0,111440000.0,76582000.0,153468000.0,159126000.0,141108000.0,155130000.0,77992000.0,93171000.0
20220309,-9438200.0,65703050.0,54055400.0,90089970.0,92299420.0,81542460.0,93255890.0,52221440.0,49946210.0,93635000.0,76961000.0,128465000.0,131667000.0,116255000.0,133031000.0,74518000.0,71215000.0
20220310,63884240.0,71718160.0,100362200.0,115278400.0,150518590.0,155071230.0,143894300.0,174753870.0,122046560.0,97149000.0,135685000.0,156118000.0,203677000.0,210074000.0,194979000.0,236245000.0,165246000.0
20220311,-6093710.0,76776620.0,75209150.0,131228720.0,126702470.0,133937600.0,131577160.0,88314970.0,96769120.0,102100000.0,99529000.0,174269000.0,168022000.0,177696000.0,174626000.0,117057000.0,128943000.0
20220314,-27241970.0,77439870.0,51337630.0,91421400.0,90281660.0,80484620.0,88191490.0,47054820.0,66589920.0,107467000.0,71163000.0,126822000.0,125199000.0,111585000.0,122245000.0,65033000.0,92299000.0
20220315,-2406650.0,71222730.0,73246510.0,100840460.0,96410030.0,81734220.0,80439120.0,51452680.0,55154430.0,98464000.0,100941000.0,139319000.0,133070000.0,112720000.0,111266000.0,71074000.0,76300000.0
20220316,77216820.0,96034070.0,142495430.0,179580220.0,210335680.0,208535540.0,181658220.0,127063890.0,76724390.0,127133000.0,188505000.0,237628000.0,278117000.0,275500000.0,239747000.0,167437000.0,101328000.0
20220317,30073990.0,93226990.0,104392780.0,202522190.0,221430390.0,221741960.0,225110650.0,200407220.0,166964540.0,112064000.0,125143000.0,243037000.0,265686000.0,266021000.0,270263000.0,240220000.0,200249000.0
20220318,20544980.0,70633450.0,82023800.0,132087960.0,141242600.0,122056850.0,121761820.0,99262150.0,79012200.0,87253000.0,100434000.0,162143000.0,172933000.0,149458000.0,149242000.0,119436000.0,95681000.0
20220321,18739740.0,60452500.0,72239270.0,130603060.0,137556030.0,141822150.0,122205920.0,90066150.0,90942640.0,69768000.0,83126000.0,150516000.0,158404000.0,163206000.0,140614000.0,103434000.0,104780000.0
20220322,-21746370.0,53148340.0,43574200.0,93464570.0,81292350.0,74388900.0,77530400.0,35986920.0,54591790.0,63066000.0,51652000.0,110769000.0,96317000.0,88104000.0,91793000.0,42629000.0,64806000.0
20220323,-4802420.0,43175590.0,41820520.0,79726690.0,76279340.0,77253010.0,74667940.0,30077470.0,37464960.0,51859000.0,50178000.0,95696000.0,91499000.0,92635000.0,89642000.0,36099000.0,44969000.0
20220324,-17810890.0,72715280.0,57282690.0,106805460.0,104427160.0,84963030.0,106552400.0,50846760.0,47068280.0,90202000.0,71019000.0,132287000.0,129276000.0,105281000.0,132044000.0,62990000.0,58422000.0
20220325,-38831710.0,57233580.0,36926520.0,87479570.0,68954910.0,66227350.0,80543380.0,22095870.0,46611550.0,71826000.0,46302000.0,109691000.0,86419000.0,83118000.0,101130000.0,27721000.0,58505000.0
20220328,-33766440.0,69800930.0,43263950.0,81061530.0,73832060.0,64669780.0,87621340.0,26458620.0,37273500.0,91653000.0,56775000.0,106362000.0,96845000.0,84759000.0,114708000.0,34498000.0,48944000.0
20220329,-1476610.0,47236660.0,43308780.0,58234320.0,60685580.0,44951360.0,47063150.0,22214670.0,21579490.0,61911000.0,56661000.0,76267000.0,79436000.0,58774000.0,61612000.0,28977000.0,28219000.0
20220330,64064060.0,61582640.0,102075380.0,129277880.0,152849200.0,156947880.0,120507240.0,81621060.0,53997640.0,76353000.0,126326000.0,160158000.0,189113000.0,194340000.0,149352000.0,101012000.0,67071000.0
20220331,-6022990.0,62254890.0,58278260.0,98844290.0,96797930.0,93682310.0,85972540.0,36264840.0,49997600.0,77514000.0,72406000.0,122813000.0,120293000.0,116363000.0,106809000.0,44999000.0,62182000.0
20220401,19076210.0,39808360.0,49150520.0,79387410.0,89121470.0,75661500.0,62879670.0,38480200.0,32185820.0,48987000.0,60326000.0,97582000.0,109426000.0,92841000.0,77221000.0,47142000.0,39577000.0
20220406,-15189430.0,57823050.0,38414230.0,65350860.0,69570240.0,46681600.0,58724880.0,28367910.0,31514060.0,72693000.0,48186000.0,81972000.0,87230000.0,58531000.0,73565000.0,35370000.0,39585000.0
20220407,-40273370.0,87600310.0,48136670.0,92298500.0,91488770.0,73859540.0,90706630.0,31612640.0,55038920.0,115649000.0,63448000.0,121744000.0,120682000.0,97501000.0,119726000.0,41719000.0,72757000.0
20220408,-6412360.0,54703230.0,51979510.0,75334540.0,71645910.0,62880790.0,67327800.0,27023720.0,28989070.0,72138000.0,68290000.0,99099000.0,94167000.0,82424000.0,88507000.0,35443000.0,38140000.0
20220411,-37929460.0,69541770.0,35180930.0,74919810.0,71351180.0,59099510.0,75452580.0,23142820.0,44719210.0,97523000.0,49345000.0,104962000.0,99990000.0,82850000.0,105773000.0,32415000.0,62643000.0
20220412,816060.0,41928490.0,42838090.0,55777100.0,55683560.0,41557410.0,43880150.0,20162750.0,17023950.0,59151000.0,60301000.0,78611000.0,78416000.0,58422000.0,61766000.0,28310000.0,24011000.0
20220413,-11083300.0,48754420.0,46766750.0,65177270.0,56081630.0,46088930.0,60588000.0,26940630.0,23524860.0,67458000.0,64501000.0,90068000.0,77488000.0,63569000.0,83673000.0,37087000.0,32521000.0
20220414,16240250.0,36598100.0,47935130.0,58178540.0,63081770.0,65769660.0,53545930.0,30357060.0,26340540.0,50569000.0,66038000.0,80270000.0,86911000.0,90714000.0,73949000.0,41828000.0,36483000.0
20220415,-10380550.0,55295550.0,42002020.0,58001110.0,60914080.0,52263690.0,55207310.0,19541830.0,26978760.0,78420000.0,59247000.0,82168000.0,86177000.0,73876000.0,78241000.0,27496000.0,38294000.0
20220418,10873390.0,31491380.0,43766810.0,55165600.0,53763550.0,46978430.0,46554670.0,28542140.0,18092510.0,43542000.0,60347000.0,76112000.0,74160000.0,64765000.0,64210000.0,39181000.0,24882000.0
20220419,-17605880.0,47383800.0,35187370.0,58422620.0,53013170.0,47362850.0,55196370.0,24323810.0,34096170.0,65837000.0,48710000.0,81085000.0,73537000.0,65695000.0,76592000.0,33677000.0,47455000.0
20220420,-35679060.0,67496900.0,34676940.0,82092360.0,79233250.0,61861310.0,71180910.0,23100480.0,49459940.0,98542000.0,50550000.0,119784000.0,115591000.0,90192000.0,103777000.0,33503000.0,72104000.0
20220421,-34299260.0,64394840.0,36282690.0,74738890.0,68551800.0,47822730.0,61296880.0,14468660.0,35293770.0,98065000.0,55156000.0,113755000.0,104271000.0,72831000.0,93295000.0,22048000.0,53977000.0
20220422,-24634300.0,51008140.0,32623330.0,55310700.0,49061220.0,34579440.0,45610540.0,13609090.0,27212290.0,80706000.0,51467000.0,87508000.0,77487000.0,54745000.0,72288000.0,21591000.0,43307000.0
20220425,-35512580.0,64611450.0,35402920.0,74287540.0,67983490.0,47173340.0,63720630.0,24227660.0,43192950.0,110459000.0,60363000.0,126923000.0,116064000.0,80569000.0,109061000.0,41474000.0,73937000.0
20220426,-15637260.0,59604290.0,41736350.0,66033180.0,68263860.0,45708140.0,49831530.0,22116180.0,33630050.0,107069000.0,74681000.0,118811000.0,122562000.0,82090000.0,89682000.0,39761000.0,60806000.0
20220427,28519470.0,65378390.0,84105000.0,101682140.0,111475000.0,88153890.0,79230540.0,55662720.0,36066600.0,116637000.0,148088000.0,180037000.0,196671000.0,155753000.0,140632000.0,97004000.0,64040000.0
20220428,5762680.0,83394800.0,96492150.0,137794980.0,130460310.0,129392600.0,120906780.0,72144370.0,74867510.0,132503000.0,153604000.0,219339000.0,207966000.0,206520000.0,192855000.0,115618000.0,119556000.0
20220429,4335460.0,62525530.0,63117970.0,82450440.0,86193460.0,68433750.0,64590000.0,33304770.0,32813060.0,96914000.0,97639000.0,127533000.0,133626000.0,105888000.0,99897000.0,51704000.0,50876000.0
20220505,-7395620.0,52231090.0,45496710.0,66083680.0,65422450.0,57709680.0,68279540.0,27185520.0,24011280.0,79141000.0,68849000.0,100159000.0,99119000.0,87366000.0,103414000.0,41068000.0,36352000.0
20220506,-11006000.0,37545090.0,25902790.0,37003710.0,37640010.0,31364750.0,33067470.0,9508540.0,18811820.0,58105000.0,40040000.0,57281000.0,58224000.0,48559000.0,51241000.0,14738000.0,29177000.0
20220509,3140960.0,26452290.0,31356860.0,29259140.0,27495520.0,20484320.0,18563440.0,13600460.0,12380380.0,41101000.0,48651000.0,45377000.0,42645000.0,31752000.0,28791000.0,21119000.0,19262000.0
20220510,27048890.0,52614350.0,83607510.0,92283900.0,88339630.0,76168090.0,66531390.0,64866030.0,47453840.0,78432000.0,123834000.0,137064000.0,131010000.0,112718000.0,98676000.0,93940000.0,68634000.0
20220511,21017190.0,62848760.0,78922660.0,111464770.0,116408050.0,127259960.0,116054070.0,61530400.0,51719100.0,85520000.0,107246000.0,151966000.0,158447000.0,172854000.0,157837000.0,83539000.0,70349000.0
20220512,1910790.0,42637410.0,38423350.0,49602800.0,55727660.0,48329110.0,48215140.0,20564710.0,18767890.0,58011000.0,52204000.0,67425000.0,75763000.0,65666000.0,65536000.0,27948000.0,25548000.0
20220513,-4087410.0,32690060.0,32186740.0,42525480.0,38941380.0,33022870.0,32899800.0,13585070.0,17795550.0,44380000.0,43616000.0,57659000.0,52782000.0,44729000.0,44621000.0,18409000.0,24158000.0
20220516,1416000.0,45032380.0,46708260.0,62460550.0,62200680.0,59326220.0,56506190.0,27309400.0,28713430.0,59553000.0,61474000.0,82313000.0,81996000.0,77976000.0,74409000.0,35896000.0,37860000.0
20220517,4470060.0,56654230.0,59069370.0,66731460.0,68786380.0,63173210.0,61393450.0,34176660.0,31486360.0,73726000.0,76707000.0,86810000.0,89472000.0,82219000.0,79805000.0,44282000.0,41053000.0
20220518,-7736890.0,54939090.0,47582380.0,56779420.0,56399250.0,46912350.0,53861130.0,22294110.0,23082220.0,69767000.0,60373000.0,72106000.0,71606000.0,59522000.0,68379000.0,28266000.0,29303000.0
20220519,1447800.0,53135570.0,46936370.0,56491630.0,64138620.0,49703500.0,50011960.0,32994430.0,31238170.0,67980000.0,59834000.0,72165000.0,82004000.0,63401000.0,63907000.0,42003000.0,39803000.0
20220520,-3865390.0,64324540.0,47995530.0,79781070.0,92244690.0,59240130.0,65556370.0,30018560.0,27567710.0,80177000.0,59779000.0,99309000.0,114663000.0,73709000.0,81701000.0,37252000.0,34303000.0
20220523,-7490260.0,58486590.0,46401690.0,51512900.0,56107550.0,41493950.0,47724820.0,23965410.0,25224800.0,74088000.0,58655000.0,65099000.0,70909000.0,52419000.0,60373000.0,30203000.0,31871000.0
20220524,-30087820.0,92201540.0,63632450.0,80231850.0,78713110.0,66767240.0,91063300.0,27930500.0,33722260.0,119455000.0,82371000.0,104016000.0,102059000.0,86691000.0,118221000.0,36364000.0,43875000.0
20220525,-22172970.0,57994530.0,45632600.0,63357320.0,53546270.0,53613130.0,74972220.0,21388920.0,22202800.0,77524000.0,60995000.0,84686000.0,71433000.0,71557000.0,100176000.0,28533000.0,29697000.0
20220526,9688400.0,47055160.0,50847920.0,55446510.0,61342140.0,49094950.0,42080600.0,20535410.0,17861360.0,61654000.0,66423000.0,72524000.0,80236000.0,64048000.0,55040000.0,26807000.0,23334000.0
20220527,-4789730.0,49424830.0,39701460.0,51313440.0,56247100.0,42690960.0,52492160.0,29666740.0,24655270.0,63993000.0,51080000.0,66347000.0,72653000.0,54982000.0,67837000.0,38076000.0,31828000.0
20220530,4116420.0,56215020.0,69840330.0,81390950.0,71882060.0,77177080.0,76026110.0,44786780.0,41821330.0,71253000.0,88490000.0,103223000.0,91158000.0,97924000.0,96502000.0,56854000.0,53105000.0
20220531,22460100.0,45546840.0,57604510.0,73922860.0,84325290.0,76378860.0,71846230.0,59102530.0,41175060.0,57161000.0,72096000.0,92361000.0,105313000.0,95224000.0,89520000.0,73477000.0,51295000.0
20220601,64824650.0,44333440.0,69868380.0,94996530.0,134286230.0,144155320.0,113143330.0,87340440.0,53527780.0,52535000.0,82621000.0,112370000.0,158741000.0,170589000.0,133694000.0,102948000.0,63386000.0
20220602,9447430.0,44453520.0,50646420.0,88356580.0,91611100.0,109493260.0,90900220.0,71055630.0,80201240.0,50835000.0,57736000.0,100922000.0,104476000.0,125029000.0,103740000.0,80863000.0,91697000.0
20220606,6148970.0,61899910.0,60021840.0,105020930.0,113047970.0,113358450.0,115706550.0,63725970.0,55228900.0,68153000.0,66246000.0,115702000.0,124658000.0,124788000.0,127313000.0,70306000.0,60732000.0
20220607,-11788190.0,46172200.0,32247510.0,68675730.0,70812230.0,60967440.0,70352920.0,30078010.0,32480720.0,51822000.0,36087000.0,76974000.0,79395000.0,68341000.0,78924000.0,33694000.0,36426000.0
20220608,-5385960.0,84138390.0,100883120.0,207510610.0,185379930.0,193485490.0,203785660.0,147444140.0,142529930.0,88330000.0,105658000.0,217697000.0,194310000.0,202807000.0,213629000.0,154216000.0,149453000.0
20220609,-25816290.0,65500860.0,56640660.0,99493210.0,82537120.0,81360920.0,93075110.0,34070970.0,48173070.0,70330000.0,60819000.0,106709000.0,88508000.0,87166000.0,99755000.0,36532000.0,51655000.0
20220610,37791680.0,46511110.0,67986380.0,89771330.0,106087740.0,94541500.0,99053870.0,89119630.0,46815580.0,49098000.0,71623000.0,94537000.0,111772000.0,99651000.0,104341000.0,93750000.0,49300000.0
20220613,23251540.0,53680280.0,59737640.0,100403920.0,117598110.0,106150890.0,86868160.0,74520900.0,70552090.0,54567000.0,60639000.0,101755000.0,119106000.0,107457000.0,87957000.0,75154000.0,71231000.0
20220614,-2223820.0,51966960.0,50374900.0,90703440.0,90071670.0,83975630.0,87695760.0,57504630.0,56008320.0,53106000.0,51263000.0,92443000.0,91763000.0,85357000.0,89270000.0,58198000.0,56809000.0
20220615,-14107320.0,67315440.0,56421100.0,104832490.0,101619520.0,95815230.0,97277280.0,61516460.0,74161730.0,67994000.0,56757000.0,105547000.0,102233000.0,96351000.0,97948000.0,61666000.0,74620000.0
20220616,-40931680.0,63694770.0,35358400.0,82355980.0,69760660.0,69359640.0,103760100.0,41726190.0,48257410.0,66146000.0,36688000.0,85509000.0,72435000.0,72013000.0,107762000.0,43397000.0,50182000.0
20220617,7020350.0,55451020.0,62469940.0,106967900.0,106969320.0,115107910.0,97608420.0,78624410.0,89103550.0,56128000.0,63035000.0,107995000.0,107858000.0,116280000.0,98536000.0,79054000.0,90028000.0
20220620,11323390.0,45652620.0,46708490.0,85166320.0,95433830.0,85721630.0,75624610.0,67076740.0,65850370.0,44899000.0,45873000.0,83634000.0,93695000.0,84240000.0,74312000.0,65818000.0,64711000.0
20220621,-10956280.0,39711960.0,30639190.0,55063000.0,53179500.0,44680550.0,45455720.0,17995030.0,28176140.0,39718000.0,30600000.0,55030000.0,53102000.0,44621000.0,45414000.0,17912000.0,28166000.0
20220622,-3930960.0,54214210.0,43652490.0,77321390.0,83952150.0,71213670.0,78143910.0,49765770.0,46766490.0,53025000.0,42502000.0,75507000.0,81812000.0,69402000.0,76267000.0,48373000.0,45725000.0
20220623,26564060.0,45697870.0,60449170.0,100266190.0,112078950.0,113233430.0,104722180.0,89149790.0,71096980.0,43642000.0,57570000.0,95636000.0,106733000.0,108003000.0,99798000.0,84630000.0,67810000.0
20220624,-12091840.0,67951820.0,58859870.0,97332910.0,94333020.0,79744280.0,88910030.0,60530910.0,63457000.0,63116000.0,54693000.0,90521000.0,87641000.0,74303000.0,82745000.0,56376000.0,59238000.0
20220627,4809290.0,46270920.0,52051140.0,74178870.0,73207930.0,71808560.0,66006010.0,47466330.0,48459590.0,43306000.0,48611000.0,69414000.0,68418000.0,67122000.0,61780000.0,44355000.0,45388000.0
20220628,-10008670.0,77378590.0,59545620.0,112712360.0,120536660.0,93777740.0,100149660.0,84266700.0,87903450.0,74699000.0,57395000.0,108808000.0,116255000.0,90627000.0,96822000.0,81517000.0,85179000.0
20220629,-26442420.0,108530030.0,86279810.0,154830920.0,150638740.0,116769280.0,129609910.0,46946240.0,60548030.0,108912000.0,86594000.0,155301000.0,150991000.0,117074000.0,130063000.0,47173000.0,60811000.0
20220630,-21008840.0,88312330.0,76682280.0,113971910.0,104593120.0,112755670.0,108297370.0,35872790.0,61339930.0,90897000.0,78746000.0,117155000.0,107464000.0,115921000.0,111304000.0,36780000.0,63239000.0
20220701,-36110830.0,79318010.0,52943850.0,87125810.0,77389150.0,73166770.0,79315730.0,24268500.0,54230370.0,82647000.0,55011000.0,90717000.0,80519000.0,76208000.0,82712000.0,25329000.0,56659000.0
20220704,-48837550.0,81771810.0,61793090.0,122784410.0,93925580.0,86692960.0,99494600.0,42092140.0,78128050.0,85545000.0,64488000.0,128373000.0,98144000.0,90494000.0,104138000.0,43901000.0,81545000.0
20220705,-80147410.0,100535250.0,59048640.0,144098070.0,105437260.0,89674440.0,137611210.0,30568190.0,62778830.0,106870000.0,62577000.0,153004000.0,111987000.0,95168000.0,146153000.0,32395000.0,66720000.0
20220706,27119910.0,64830620.0,77884240.0,103851850.0,117918140.0,111136340.0,88937910.0,48933280.0,44011800.0,66919000.0,80224000.0,107162000.0,121573000.0,114549000.0,91791000.0,50371000.0,45412000.0
20220707,65580210.0,64938770.0,110466110.0,155956130.0,176008990.0,158776060.0,140818860.0,138644890.0,91021880.0,63973000.0,108676000.0,153470000.0,173074000.0,156407000.0,138528000.0,136004000.0,89576000.0
20220708,-3895150.0,66862880.0,71586300.0,124421280.0,115802710.0,110242650.0,112757460.0,84512390.0,85892730.0,63976000.0,68212000.0,118867000.0,110525000.0,104745000.0,107335000.0,80269000.0,81785000.0
20220711,-19061550.0,70110110.0,61972800.0,93037100.0,82112850.0,77985240.0,75550460.0,36833630.0,58329960.0,72022000.0,63603000.0,95469000.0,84170000.0,79970000.0,77383000.0,37672000.0,59978000.0
20220712,-15094000.0,72741880.0,50612560.0,84821950.0,91857270.0,57153110.0,64663900.0,28211360.0,35794570.0,77088000.0,53608000.0,90007000.0,97461000.0,60651000.0,68524000.0,29958000.0,38110000.0
20220713,33076430.0,70544540.0,86344440.0,106126180.0,123402720.0,100249530.0,97775220.0,74468080.0,43865960.0,74061000.0,90052000.0,111025000.0,128833000.0,104350000.0,101885000.0,76978000.0,45643000.0
20220714,41129720.0,62248870.0,84076760.0,114227480.0,133529300.0,108409540.0,111069360.0,113322640.0,69533100.0,60186000.0,81442000.0,110523000.0,129134000.0,105156000.0,107376000.0,109472000.0,67385000.0
20220715,-20345560.0,76838400.0,67411670.0,113064100.0,102145270.0,82509190.0,90342710.0,47234870.0,59746910.0,73228000.0,64121000.0,107668000.0,97275000.0,78604000.0,86062000.0,44956000.0,56998000.0
20220718,53668820.0,53798130.0,83653630.0,107664830.0,131478160.0,114365310.0,88415110.0,71944000.0,44225380.0,51337000.0,79359000.0,102198000.0,124292000.0,107919000.0,83538000.0,67568000.0,41833000.0
20220719,-2948320.0,56564750.0,63300730.0,84747700.0,75063400.0,65456690.0,60825800.0,40990250.0,48569460.0,54218000.0,60523000.0,81172000.0,71833000.0,62633000.0,58153000.0,39134000.0,46649000.0
20220720,-13852060.0,61880680.0,48771220.0,79639240.0,78896640.0,66041490.0,69375950.0,30047090.0,40564690.0,61269000.0,48176000.0,78772000.0,78046000.0,65280000.0,68640000.0,29657000.0,40115000.0
20220721,-22789580.0,55258260.0,42618540.0,74291430.0,64141570.0,49022020.0,66808580.0,22748250.0,27751270.0,55850000.0,42977000.0,75022000.0,64715000.0,49441000.0,67471000.0,22907000.0,28057000.0
20220722,-12799310.0,57535630.0,49755140.0,74039850.0,69021020.0,61156140.0,73965060.0,22088730.0,22079120.0,57839000.0,49906000.0,74323000.0,69247000.0,61227000.0,74174000.0,22087000.0,22148000.0
20220725,6895110.0,45135210.0,62577390.0,70057500.0,59510430.0,50784360.0,45398360.0,16007500.0,14498390.0,46429000.0,64095000.0,71912000.0,61033000.0,52000000.0,46666000.0,16400000.0,14948000.0
20220726,14118670.0,45184900.0,58584460.0,64555990.0,65275090.0,61179110.0,52499280.0,22167840.0,16729000.0,45917000.0,59337000.0,65512000.0,66276000.0,62113000.0,53415000.0,22532000.0,17047000.0
20220727,12031530.0,42786770.0,49736470.0,64587560.0,69669390.0,69090470.0,66339910.0,29313930.0,20032960.0,43353000.0,50245000.0,65260000.0,70391000.0,69697000.0,66985000.0,29572000.0,20260000.0
20220728,-25205540.0,71492360.0,54223150.0,92743970.0,84807640.0,76812510.0,91634650.0,32098480.0,42481880.0,74200000.0,56078000.0,96220000.0,87885000.0,79635000.0,95263000.0,33313000.0,44142000.0
20220729,-25285910.0,55317260.0,43550650.0,69009250.0,55489960.0,47195000.0,55666540.0,16856440.0,33670810.0,58320000.0,45804000.0,72729000.0,58417000.0,49696000.0,58697000.0,17766000.0,35592000.0
20220801,21843780.0,62944430.0,68622630.0,100925680.0,117091250.0,98988920.0,90336780.0,51107260.0,37915620.0,63835000.0,69456000.0,102100000.0,118531000.0,100097000.0,91242000.0,51355000.0,38158000.0
20220802,-16632940.0,61431430.0,57319140.0,89195440.0,76674790.0,57479620.0,68479210.0,32579830.0,38213180.0,61762000.0,57559000.0,89650000.0,77006000.0,57769000.0,68853000.0,32659000.0,38421000.0
20220803,-18751340.0,67462180.0,51108590.0,92987820.0,90590070.0,73121200.0,79691090.0,29839970.0,42021420.0,69647000.0,52494000.0,95760000.0,93131000.0,75113000.0,82035000.0,30674000.0,43533000.0
20220804,5477600.0,51828430.0,45447350.0,55616210.0,67474890.0,59585410.0,56360570.0,25279480.0,23026720.0,54665000.0,47852000.0,58700000.0,71153000.0,62785000.0,59429000.0,26562000.0,24277000.0
20220805,5682730.0,39591860.0,46360560.0,64351200.0,63265230.0,68535940.0,62087870.0,19554790.0,20320130.0,40816000.0,47679000.0,66216000.0,65068000.0,70342000.0,63837000.0,20106000.0,20895000.0
20220808,-4801470.0,42468850.0,41339800.0,63056520.0,59384090.0,54292560.0,53426780.0,17084500.0,22751750.0,44716000.0,43382000.0,66297000.0,62446000.0,57049000.0,56236000.0,18006000.0,24005000.0
20220809,25386980.0,48374210.0,56144480.0,73581140.0,91197850.0,74454490.0,70169830.0,54550370.0,33448050.0,49144000.0,56930000.0,74680000.0,92452000.0,75412000.0,71098000.0,55100000.0,33856000.0
20220810,-32367200.0,69342550.0,44063650.0,88734930.0,81646630.0,72900560.0,76259660.0,24713630.0,53721730.0,72598000.0,45968000.0,92919000.0,85454000.0,76321000.0,79901000.0,25921000.0,56436000.0
20220811,24809710.0,48457260.0,61801640.0,95180260.0,106645590.0,104557970.0,88186080.0,51856480.0,43418660.0,49984000.0,63572000.0,97977000.0,109588000.0,107114000.0,90422000.0,53177000.0,44669000.0
20220812,-10934470.0,41227480.0,35218120.0,48602680.0,43677570.0,40103170.0,41572070.0,14524130.0,23989700.0,42290000.0,36101000.0,49828000.0,44781000.0,41080000.0,42577000.0,14887000.0,24625000.0
20220815,48540480.0,65921270.0,79105490.0,122532650.0,157888920.0,144775500.0,141188120.0,133436230.0,88483130.0,63090000.0,75902000.0,117344000.0,151405000.0,138993000.0,135496000.0,128527000.0,85150000.0
20220816,13419360.0,50519880.0,52999140.0,88170770.0,99110860.0,73814050.0,59735130.0,48608290.0,49267850.0,48036000.0,50332000.0,83813000.0,94153000.0,70120000.0,56756000.0,46125000.0,46853000.0
20220817,1548220.0,70519630.0,78963550.0,159219490.0,152323800.0,153935270.0,174466910.0,125532630.0,103452770.0,65694000.0,72990000.0,147669000.0,141289000.0,142086000.0,161441000.0,115504000.0,95233000.0
20220818,15235760.0,60710690.0,71857040.0,117077250.0,121166670.0,123518740.0,128675440.0,109006010.0,88613550.0,53089000.0,62671000.0,102190000.0,105680000.0,107695000.0,112200000.0,94900000.0,77324000.0
20220819,-29739550.0,58026250.0,36937880.0,97697130.0,89045940.0,94959110.0,116403390.0,56588650.0,64883920.0,51964000.0,33010000.0,87479000.0,79681000.0,85040000.0,104250000.0,50483000.0,58024000.0
20220822,58098310.0,42298240.0,70526890.0,86730150.0,116599810.0,108978070.0,104629010.0,110611020.0,56861770.0,37125000.0,61636000.0,75885000.0,101789000.0,95047000.0,91319000.0,96306000.0,49618000.0
20220823,3467090.0,59346050.0,54290030.0,96787490.0,105310600.0,109755440.0,133527540.0,98489930.0,71250740.0,49970000.0,45616000.0,81462000.0,88520000.0,92127000.0,112121000.0,82420000.0,59723000.0
20220824,-45080660.0,119156900.0,86077430.0,182925170.0,170923990.0,180143820.0,192120870.0,102872500.0,135976110.0,106629000.0,76811000.0,163484000.0,152524000.0,160252000.0,171810000.0,91803000.0,121022000.0
20220825,-5451470.0,76661250.0,52536560.0,114627640.0,133300850.0,108545550.0,106260950.0,62647560.0,70383630.0,73198000.0,50117000.0,109455000.0,127242000.0,103573000.0,101431000.0,59790000.0,67225000.0
20220826,-45298360.0,76052040.0,46102730.0,123613520.0,108264460.0,94070450.0,135339650.0,56633090.0,60662250.0,74675000.0,45201000.0,121285000.0,106166000.0,92268000.0,132788000.0,55517000.0,59591000.0
20220829,6422940.0,43373180.0,42905920.0,63316830.0,70207030.0,59356150.0,59914080.0,42646150.0,35665280.0,42954000.0,42436000.0,62673000.0,69433000.0,58696000.0,59262000.0,42111000.0,35305000.0
20220830,-11458310.0,44021820.0,36538560.0,65221210.0,61246160.0,51139190.0,42434400.0,28602660.0,48765760.0,43773000.0,36268000.0,64799000.0,60754000.0,50797000.0,42140000.0,28442000.0,48649000.0
20220831,-39627630.0,90932300.0,56580680.0,112350840.0,107074830.0,80678500.0,99144550.0,40171610.0,61333190.0,94627000.0,58858000.0,117084000.0,111649000.0,84083000.0,103348000.0,42006000.0,63945000.0
20220901,-11834610.0,45263330.0,47313780.0,67732380.0,53847320.0,52387460.0,58125470.0,16770890.0,22867490.0,47363000.0,49366000.0,70852000.0,56254000.0,54767000.0,60930000.0,17563000.0,23995000.0
20220902,12163790.0,42254050.0,56635270.0,60469680.0,58252240.0,52318310.0,42077090.0,21630890.0,19708320.0,44701000.0,59801000.0,63906000.0,61515000.0,55166000.0,44408000.0,22748000.0,20797000.0
20220905,9169220.0,44344110.0,51043970.0,58429980.0,60899340.0,54994850.0,51381120.0,29274900.0,23719410.0,46809000.0,53799000.0,61613000.0,64144000.0,57902000.0,54132000.0,30726000.0,24975000.0
20220906,1161020.0,71114590.0,74159390.0,110715090.0,108831310.0,92358730.0,100407290.0,48106030.0,38896450.0,76320000.0,79440000.0,118676000.0,116574000.0,98835000.0,107547000.0,51613000.0,41882000.0
20220907,7378200.0,66730680.0,69085510.0,102725950.0,107749310.0,93498080.0,94647630.0,47841550.0,39313800.0,68298000.0,70782000.0,105377000.0,110280000.0,95936000.0,97081000.0,49029000.0,40498000.0
20220908,-25074690.0,60930290.0,43920610.0,77282860.0,69217840.0,47303660.0,63647240.0,14148890.0,22880000.0,63486000.0,45752000.0,80474000.0,72101000.0,49228000.0,66294000.0,14750000.0,23790000.0
20220909,-13671930.0,41873810.0,32336570.0,57314430.0,53179730.0,39106440.0,49544920.0,17682870.0,20916320.0,44300000.0,34172000.0,60628000.0,56204000.0,41346000.0,52438000.0,18699000.0,22160000.0
20220913,3050360.0,48826980.0,45656380.0,66115860.0,72336830.0,61830800.0,61967830.0,28101990.0,24914600.0,50501000.0,47124000.0,68340000.0,74763000.0,63848000.0,64073000.0,29003000.0,25732000.0
20220914,-14404150.0,77722270.0,50313290.0,109863940.0,122868770.0,92376960.0,85131650.0,33936150.0,55585610.0,83825000.0,54243000.0,118527000.0,132556000.0,99621000.0,91638000.0,36456000.0,59990000.0
20220915,-53315280.0,114840520.0,61114840.0,158151050.0,158561440.0,120272860.0,135567850.0,40385120.0,78405410.0,132567000.0,70655000.0,182612000.0,183431000.0,138598000.0,156059000.0,46513000.0,90146000.0
20220916,-19778410.0,82183050.0,49774270.0,103078570.0,115708930.0,77819840.0,88146330.0,50861190.0,60313110.0,99709000.0,60312000.0,125034000.0,140129000.0,94378000.0,107048000.0,62283000.0,73914000.0
20220919,8221020.0,60913330.0,62855350.0,92816930.0,99095930.0,75503900.0,70996510.0,29239140.0,25525510.0,72523000.0,74755000.0,110438000.0,117929000.0,89918000.0,84557000.0,34759000.0,30398000.0
20220920,11055540.0,58744050.0,64088000.0,89852270.0,95563850.0,71609730.0,69871540.0,32757640.0,23440290.0,67982000.0,74030000.0,103732000.0,110318000.0,82647000.0,80669000.0,37812000.0,27156000.0
20220921,15030850.0,42763030.0,54062850.0,74670400.0,78401430.0,63797580.0,51495540.0,25766450.0,23037640.0,49883000.0,62948000.0,87078000.0,91253000.0,74132000.0,59955000.0,29914000.0,26850000.0
20220922,26761860.0,49057150.0,57488380.0,72110530.0,90441160.0,86561560.0,68088140.0,31521080.0,23232640.0,55827000.0,65337000.0,82099000.0,102816000.0,98415000.0,77452000.0,35795000.0,26530000.0
20220923,-1122500.0,45090430.0,45786480.0,66692070.0,64873510.0,49580190.0,50945470.0,17415850.0,17173070.0,50947000.0,51613000.0,75282000.0,73157000.0,55858000.0,57438000.0,19594000.0,19473000.0
20220926,14719800.0,42798780.0,57102430.0,69263670.0,69679830.0,68278290.0,55177780.0,25734400.0,24115110.0,47331000.0,63084000.0,76651000.0,77019000.0,75436000.0,61017000.0,28444000.0,26743000.0
20220927,-5378110.0,34784130.0,29567590.0,48488220.0,48326650.0,34234570.0,34923550.0,15109840.0,19798970.0,38770000.0,32863000.0,53962000.0,53753000.0,38006000.0,38829000.0,16747000.0,22040000.0
20220928,-15978280.0,59321370.0,47643910.0,74176110.0,69875280.0,49203400.0,59047940.0,16425900.0,22559640.0,68131000.0,54693000.0,85281000.0,80270000.0,56539000.0,67831000.0,18837000.0,25993000.0
20220929,2515280.0,48812690.0,45405760.0,52173880.0,58096090.0,35280620.0,31578140.0,15448770.0,16635970.0,55790000.0,51880000.0,59634000.0,66403000.0,40303000.0,36087000.0,17672000.0,19029000.0
20220930,-19987360.0,60464640.0,43990850.0,57681950.0,54168370.0,36630070.0,44570460.0,10412790.0,22459760.0,70742000.0,51461000.0,67476000.0,63371000.0,42957000.0,52129000.0,12207000.0,26420000.0
20221010,-7020380.0,43481220.0,38574240.0,43694450.0,41581040.0,21891700.0,23668280.0,8939640.0,14183440.0,52323000.0,46432000.0,52539000.0,49991000.0,26287000.0,28425000.0,10708000.0,17009000.0
20221011,12643740.0,45033110.0,56728060.0,69243180.0,70191970.0,65110660.0,53263300.0,28348610.0,27552230.0,51798000.0,65270000.0,79673000.0,80736000.0,74930000.0,61273000.0,32659000.0,31781000.0
20221012,30689790.0,57343580.0,82988940.0,94666210.0,99710650.0,81799840.0,78327110.0,60585580.0,33368520.0,64107000.0,92691000.0,105697000.0,111001000.0,90898000.0,86931000.0,66888000.0,36966000.0
20221013,-876230.0,53608240.0,58776010.0,75107270.0,69063280.0,59385030.0,63185450.0,35012250.0,32088060.0,58285000.0,63966000.0,81603000.0,75054000.0,64470000.0,68589000.0,38081000.0,34829000.0
20221014,-6537980.0,53197850.0,52213770.0,93836880.0,88282980.0,76854830.0,83638580.0,35633010.0,35387240.0,58510000.0,57166000.0,102912000.0,96703000.0,84218000.0,91804000.0,38976000.0,38943000.0
20221017,-5991990.0,32604260.0,30802530.0,46634370.0,42444110.0,40552470.0,43301620.0,12193540.0,15436380.0,35857000.0,33806000.0,51202000.0,46600000.0,44495000.0,47531000.0,13353000.0,16970000.0
20221018,2500330.0,38162850.0,40536970.0,62774830.0,62901040.0,49208780.0,51691070.0,25703960.0,20721340.0,41380000.0,43861000.0,67984000.0,68054000.0,53236000.0,55981000.0,27750000.0,22453000.0
20221019,27389400.0,57752410.0,76008080.0,111923530.0,121057250.0,123708710.0,112458410.0,73532760.0,57393660.0,59787000.0,78688000.0,115891000.0,125365000.0,128194000.0,116404000.0,76122000.0,59537000.0
20221020,-11763060.0,48643350.0,51839380.0,73081810.0,58122710.0,54741340.0,58973730.0,19924920.0,27455590.0,51674000.0,55017000.0,77634000.0,61755000.0,58120000.0,62671000.0,21228000.0,29213000.0
20221021,679030.0,41409550.0,40270270.0,53086800.0,54905100.0,44606730.0,46771250.0,25509200.0,22665650.0,44432000.0,43046000.0,56860000.0,58766000.0,47724000.0,50108000.0,27282000.0,24378000.0
20221024,-26442490.0,62629580.0,37339710.0,91936260.0,90783650.0,60837980.0,79967640.0,27899060.0,35211890.0,69589000.0,41396000.0,102112000.0,100953000.0,67491000.0,88684000.0,30906000.0,39065000.0
20221025,4117060.0,52708340.0,53102510.0,72202610.0,75925510.0,61086040.0,57361110.0,26545320.0,26153190.0,57496000.0,57906000.0,78853000.0,82817000.0,66606000.0,62602000.0,28907000.0,28539000.0
20221026,2778400.0,36009020.0,41321210.0,55871250.0,53337460.0,51459320.0,44385110.0,19836760.0,24132570.0,38820000.0,44462000.0,60188000.0,57428000.0,55396000.0,47788000.0,21273000.0,25998000.0
20221027,-11781770.0,54938390.0,53256310.0,81680850.0,71581170.0,61108580.0,70685340.0,28554370.0,30759380.0,58646000.0,56576000.0,87047000.0,76243000.0,64880000.0,75225000.0,30304000.0,32833000.0
20221028,-35205890.0,90624000.0,51938260.0,117430620.0,120910480.0,84139390.0,95446760.0,31645820.0,55544340.0,105928000.0,60944000.0,137342000.0,141484000.0,98351000.0,111445000.0,37010000.0,64757000.0
20221031,-6121650.0,45604450.0,43173200.0,72796490.0,69106100.0,50000210.0,51474650.0,29506680.0,34153890.0,54759000.0,51794000.0,87415000.0,82944000.0,59985000.0,61764000.0,35375000.0,41031000.0
20221101,908480.0,56318460.0,49330860.0,79020520.0,86916590.0,66520790.0,64339260.0,27065580.0,28338630.0,68028000.0,59267000.0,95275000.0,104588000.0,80111000.0,77679000.0,32535000.0,34416000.0
20221102,13205990.0,45346080.0,59613510.0,92570320.0,91508890.0,87305730.0,72485660.0,33291100.0,34905180.0,52010000.0,68291000.0,106241000.0,104723000.0,99953000.0,83021000.0,37971000.0,40140000.0
20221103,-1273830.0,36299800.0,36353980.0,52720580.0,51392580.0,45524410.0,41499910.0,17443690.0,22742020.0,40633000.0,40634000.0,58958000.0,57459000.0,50876000.0,46411000.0,19505000.0,25467000.0
20221104,8422260.0,52533050.0,64459570.0,105902820.0,102398550.0,79850540.0,89169580.0,62413190.0,44671890.0,55824000.0,68572000.0,112487000.0,108780000.0,84865000.0,94626000.0,66256000.0,47453000.0
20221107,7471110.0,46018000.0,51086020.0,69706640.0,72109730.0,77820130.0,65184510.0,26365680.0,31530190.0,47377000.0,52521000.0,71725000.0,74161000.0,80064000.0,67074000.0,27090000.0,32499000.0
20221108,-7935940.0,47497720.0,44444410.0,69493850.0,64611220.0,53926550.0,58578860.0,32269170.0,35552800.0,48831000.0,45601000.0,71175000.0,66197000.0,55108000.0,59941000.0,32889000.0,36264000.0
20221109,-225550.0,33231710.0,30280170.0,37731860.0,40457860.0,32930240.0,30978880.0,11714910.0,13891820.0,34712000.0,31595000.0,39387000.0,42212000.0,34353000.0,32342000.0,12231000.0,14534000.0
20221110,-15383870.0,51974490.0,38003980.0,65526350.0,64112990.0,44451550.0,50590540.0,22919300.0,32164180.0,56741000.0,41471000.0,71522000.0,69961000.0,48475000.0,55228000.0,24990000.0,35069000.0
20221111,10455130.0,40667030.0,49021580.0,61680340.0,63780910.0,52224080.0,47934670.0,21856910.0,15691190.0,43200000.0,51999000.0,65480000.0,67618000.0,55325000.0,50840000.0,23085000.0,16632000.0
20221114,-27932770.0,70554370.0,44700100.0,94469440.0,92390930.0,78956290.0,96166000.0,23976130.0,34699190.0,78137000.0,49276000.0,104540000.0,102368000.0,87336000.0,106435000.0,26558000.0,38492000.0
20221115,-20741000.0,60454620.0,45997900.0,86643090.0,80358790.0,67385740.0,72475350.0,35234460.0,50885850.0,68975000.0,52242000.0,98702000.0,91408000.0,76739000.0,82685000.0,40094000.0,58174000.0
20221116,-18767410.0,38751030.0,29174740.0,50294570.0,41103450.0,33073450.0,39102610.0,13475970.0,26214220.0,44347000.0,33360000.0,57566000.0,47005000.0,37830000.0,44690000.0,15405000.0,30093000.0
20221117,-21608480.0,58656530.0,40169940.0,91609690.0,88487790.0,64754410.0,62971280.0,20018280.0,43409890.0,70274000.0,48130000.0,109825000.0,106057000.0,77605000.0,75459000.0,23954000.0,52012000.0
20221118,251820.0,33877490.0,39420050.0,62552680.0,57261940.0,43684850.0,41743110.0,13915800.0,15605720.0,40083000.0,46542000.0,73954000.0,67649000.0,51582000.0,49380000.0,16409000.0,18458000.0
20221121,5694910.0,38384900.0,46133640.0,63369730.0,61315890.0,39114750.0,37804710.0,17375840.0,12990970.0,45488000.0,54578000.0,74982000.0,72572000.0,46260000.0,44723000.0,20529000.0,15387000.0
20221122,-13034200.0,38391020.0,31748960.0,57182640.0,50790510.0,32690170.0,39459310.0,12778380.0,19043440.0,46337000.0,38282000.0,69003000.0,61281000.0,39417000.0,47580000.0,15386000.0,23000000.0
20221123,10940220.0,26580590.0,33807900.0,46390620.0,50103520.0,39328270.0,32688160.0,13874490.0,9574380.0,32063000.0,40681000.0,55903000.0,60333000.0,47283000.0,39314000.0,16624000.0,11546000.0
20221124,-2519680.0,28082290.0,27875830.0,45897890.0,43584660.0,37750020.0,40616000.0,16416020.0,16069720.0,33622000.0,33278000.0,54888000.0,52074000.0,45046000.0,48553000.0,19547000.0,19199000.0
20221125,-17626700.0,35562760.0,22059930.0,46765760.0,42641890.0,31134290.0,36509490.0,8864190.0,21115690.0,43649000.0,27057000.0,57398000.0,52324000.0,38205000.0,44818000.0,10891000.0,25944000.0
20221128,-3002840.0,42917090.0,41570810.0,54329440.0,52672880.0,42146890.0,44527360.0,13506930.0,14129300.0,53589000.0,51706000.0,67661000.0,65627000.0,52503000.0,55548000.0,16776000.0,17647000.0
20221129,-333890.0,31655530.0,33768660.0,48329230.0,45882200.0,34495750.0,34177590.0,12203720.0,12855770.0,38908000.0,41411000.0,59348000.0,56330000.0,42265000.0,41938000.0,14934000.0,15776000.0
20221130,14697760.0,35153160.0,39063400.0,70028750.0,80816260.0,61466690.0,49080690.0,26591930.0,24280170.0,42680000.0,47293000.0,84930000.0,97893000.0,74418000.0,59503000.0,32172000.0,29512000.0
20221201,11641890.0,40158740.0,46185200.0,72931520.0,78546960.0,62520130.0,61015390.0,31195120.0,21057970.0,46928000.0,53931000.0,85214000.0,91736000.0,73007000.0,71270000.0,36391000.0,24603000.0
20221202,-4748890.0,24916130.0,22766270.0,40552230.0,37953210.0,34473220.0,36099680.0,9537590.0,12660020.0,29430000.0,26861000.0,47865000.0,44773000.0,40660000.0,42619000.0,11237000.0,14939000.0
20221205,-12570490.0,32129330.0,22499010.0,46604580.0,43664410.0,39228080.0,44937300.0,14500270.0,21361540.0,38461000.0,26888000.0,55746000.0,52202000.0,46902000.0,53759000.0,17309000.0,25569000.0
20221206,2936650.0,32154060.0,41963150.0,78697040.0,71824600.0,67737820.0,62460670.0,22718570.0,25059070.0,37695000.0,49011000.0,92147000.0,83951000.0,79356000.0,73399000.0,26539000.0,29376000.0
20221207,39925130.0,44804340.0,65775720.0,95189430.0,114143180.0,111861930.0,97735770.0,72221550.0,46422580.0,49760000.0,73101000.0,105878000.0,126850000.0,124276000.0,108596000.0,80260000.0,51626000.0
20221208,3044420.0,34625650.0,40276080.0,64550950.0,61944920.0,60117640.0,49242590.0,16663130.0,24493760.0,37849000.0,43975000.0,70526000.0,67645000.0,65628000.0,53773000.0,18159000.0,26768000.0
20221209,-5212290.0,37967950.0,30084580.0,47946630.0,50617700.0,37711110.0,40993050.0,10394020.0,12324370.0,41889000.0,33159000.0,52877000.0,55822000.0,41606000.0,45236000.0,11475000.0,13630000.0
20221212,-2890900.0,28095710.0,23270110.0,45942080.0,47876770.0,32559630.0,33643050.0,6953170.0,8760650.0,30904000.0,25560000.0,50494000.0,52607000.0,35787000.0,37036000.0,7639000.0,9621000.0
20221213,-13187710.0,27726470.0,19298240.0,44980700.0,40221230.0,28330270.0,33174280.0,4935850.0,13279550.0,31143000.0,21650000.0,50534000.0,45176000.0,31813000.0,37278000.0,5545000.0,14931000.0
20221214,-1232480.0,21924580.0,17980380.0,32201000.0,34912710.0,24593170.0,25045650.0,5071150.0,5851150.0,24809000.0,20327000.0,36432000.0,39492000.0,27804000.0,28336000.0,5734000.0,6624000.0
20221215,25192780.0,34397820.0,46696700.0,57221790.0,70115710.0,62295010.0,56834680.0,44615470.0,24883020.0,37861000.0,51267000.0,62911000.0,76982000.0,68288000.0,62278000.0,48639000.0,27172000.0
20221216,-10004130.0,33207220.0,31055960.0,51506580.0,43653720.0,43073420.0,43134450.0,23149950.0,33093050.0,36226000.0,33870000.0,56108000.0,47500000.0,46802000.0,46850000.0,25138000.0,36054000.0
20221219,8954490.0,32770520.0,40885260.0,57834730.0,58674500.0,49581910.0,52565580.0,33427400.0,21489240.0,35101000.0,43746000.0,61940000.0,62732000.0,52997000.0,56244000.0,35677000.0,22993000.0
20221220,-6810550.0,31476370.0,31157690.0,61304220.0,54812350.0,40097080.0,42754290.0,11520790.0,15674130.0,34933000.0,34586000.0,68103000.0,60879000.0,44512000.0,47489000.0,12774000.0,17368000.0
20221221,-851810.0,16513800.0,20814080.0,28870370.0,23718270.0,20216490.0,16278770.0,5319940.0,10109470.0,18511000.0,23296000.0,32326000.0,26552000.0,22630000.0,18232000.0,5964000.0,11352000.0
20221222,-11278200.0,27014000.0,19879610.0,42396820.0,38253010.0,29352980.0,34097220.0,8211990.0,14745950.0,30899000.0,22700000.0,48460000.0,43728000.0,33555000.0,38994000.0,9379000.0,16871000.0
20221223,-6781350.0,22226500.0,19600720.0,38385230.0,34229660.0,18648930.0,21349530.0,6052560.0,10133310.0,25684000.0,22576000.0,44263000.0,39448000.0,21469000.0,24646000.0,6958000.0,11704000.0
20221226,15736510.0,22476310.0,33375110.0,42328860.0,47166560.0,34117940.0,29741650.0,19775050.0,8414830.0,25094000.0,37183000.0,47222000.0,52567000.0,38019000.0,33135000.0,21947000.0,9395000.0
20221227,4641940.0,29034610.0,34338960.0,39736170.0,39073750.0,31284540.0,25838420.0,15281940.0,16086120.0,31881000.0,37662000.0,43628000.0,42879000.0,34341000.0,28357000.0,16723000.0,17675000.0
20221228,-3008750.0,30601270.0,29513370.0,51184330.0,49263480.0,42129020.0,38497730.0,12967640.0,19607680.0,34365000.0,33126000.0,57497000.0,55321000.0,47319000.0,43245000.0,14574000.0,22063000.0
20221229,6813710.0,25537360.0,29615590.0,43069010.0,45804480.0,36930510.0,29934070.0,14553810.0,14736540.0,28477000.0,32910000.0,47946000.0,50933000.0,41037000.0,33299000.0,16178000.0,16496000.0
20221230,-9255460.0,26651180.0,27293550.0,41901770.0,32003940.0,25080920.0,32608200.0,11523330.0,13251510.0,29881000.0,30565000.0,46990000.0,35850000.0,28090000.0,36599000.0,12907000.0,14854000.0
20230103,-22710030.0,56061540.0,42146920.0,91081830.0,82286420.0,42053380.0,59547220.0,19391470.0,24607660.0,64953000.0,48843000.0,105436000.0,95313000.0,48933000.0,69093000.0,22568000.0,28641000.0
20230104,-28423400.0,53327910.0,39174450.0,87211270.0,72941320.0,49431320.0,61187430.0,16681660.0,33348950.0,63156000.0,46309000.0,103244000.0,86380000.0,58596000.0,72495000.0,19764000.0,39576000.0
20230105,12220150.0,55504620.0,63727740.0,87503820.0,91500840.0,78321610.0,75291910.0,29741140.0,20550690.0,64274000.0,73635000.0,101497000.0,105922000.0,90482000.0,87271000.0,34491000.0,23916000.0
20230106,12000970.0,35322030.0,45430380.0,76389520.0,78282150.0,67871050.0,62314090.0,31107680.0,24663670.0,39421000.0,50568000.0,85161000.0,87222000.0,75532000.0,69354000.0,34516000.0,27486000.0
20230109,-21990880.0,59141270.0,29864320.0,73048690.0,80334760.0,53269490.0,64219630.0,22279120.0,33319860.0,66461000.0,33538000.0,82043000.0,90226000.0,59753000.0,72118000.0,25027000.0,37402000.0
20230110,-28047270.0,60009770.0,35030830.0,86465810.0,83397480.0,69372170.0,99284110.0,33878520.0,32013850.0,69046000.0,40114000.0,99402000.0,95780000.0,79600000.0,114164000.0,38859000.0,36850000.0
20230111,-44928210.0,86747860.0,49178960.0,135220290.0,127860990.0,92135890.0,119823530.0,39485850.0,56726420.0,102826000.0,58360000.0,160399000.0,151810000.0,109166000.0,141958000.0,46925000.0,67188000.0
20230112,2493930.0,49884550.0,50814530.0,89186280.0,90750240.0,77886730.0,79090620.0,44448500.0,40750680.0,58320000.0,59339000.0,104285000.0,105896000.0,90773000.0,92335000.0,51662000.0,47471000.0
20230113,-29348600.0,75857100.0,46589300.0,113789940.0,113709130.0,76434440.0,80163930.0,49688700.0,75307810.0,91741000.0,56217000.0,137533000.0,137344000.0,92240000.0,96784000.0,59612000.0,90782000.0
20230116,-8887680.0,40129950.0,43506040.0,78179300.0,65915530.0,49648260.0,50559850.0,21532540.0,29508630.0,48107000.0,52116000.0,93632000.0,78941000.0,59435000.0,60512000.0,25738000.0,35343000.0
20230117,-1457120.0,36140920.0,32155620.0,53911310.0,56439490.0,35138230.0,41439720.0,13570420.0,8726050.0,43134000.0,38338000.0,64322000.0,67324000.0,41895000.0,49439000.0,16166000.0,10416000.0
20230118,-3706930.0,27038200.0,26325880.0,52777600.0,49783000.0,36631350.0,33522510.0,8566370.0,15382140.0,32063000.0,31194000.0,62561000.0,59003000.0,43420000.0,39756000.0,10137000.0,18229000.0
20230119,-18555300.0,28091330.0,18272700.0,52801270.0,44064590.0,30203530.0,36455010.0,10480740.0,22784560.0,33532000.0,21784000.0,62980000.0,52569000.0,36041000.0,43496000.0,12521000.0,27225000.0
20230120,80160.0,27145490.0,27991850.0,56809040.0,56042850.0,46429120.0,46307640.0,18497710.0,18539030.0,32155000.0,33102000.0,67237000.0,66306000.0,54927000.0,54834000.0,21846000.0,21924000.0
20230130,14150720.0,59168750.0,58262630.0,103171900.0,118228740.0,98948690.0,104321610.0,76783060.0,57259420.0,66006000.0,64700000.0,114827000.0,131334000.0,109615000.0,115756000.0,85078000.0,63736000.0
20230131,-4340130.0,42146580.0,43448380.0,60314820.0,54672880.0,47079620.0,52327480.0,20487750.0,19580020.0,47786000.0,49199000.0,68340000.0,61911000.0,53258000.0,59246000.0,23154000.0,22183000.0
20230201,17122260.0,37777460.0,43448310.0,70348260.0,81799670.0,76104370.0,76523400.0,50027150.0,32485860.0,41916000.0,48105000.0,78054000.0,90595000.0,84268000.0,84758000.0,55135000.0,35916000.0
20230202,1616200.0,36405010.0,33360330.0,54156030.0,58816920.0,45826260.0,50451160.0,22596100.0,16355000.0,40309000.0,36927000.0,59958000.0,65097000.0,50714000.0,55834000.0,24987000.0,18110000.0
20230203,-30828520.0,51531810.0,27773990.0,53861000.0,46790300.0,40689100.0,65093780.0,13110460.0,19534300.0,58299000.0,31365000.0,60822000.0,52829000.0,45968000.0,73636000.0,14830000.0,22089000.0
20230206,-19727300.0,28345190.0,20389580.0,48986860.0,37215170.0,29935080.0,37411950.0,7181020.0,19431450.0,32653000.0,23483000.0,56427000.0,42861000.0,34470000.0,43089000.0,8271000.0,22390000.0
20230207,-21123930.0,47006000.0,24727160.0,69915030.0,71069940.0,48419270.0,58502620.0,15294330.0,26334910.0,54960000.0,28876000.0,81756000.0,83173000.0,56637000.0,68377000.0,17893000.0,30821000.0
20230208,-10753100.0,37945850.0,26100590.0,57929370.0,59021530.0,40697460.0,49177230.0,9152440.0,11425770.0,44791000.0,30795000.0,68360000.0,69654000.0,48038000.0,58046000.0,10808000.0,13501000.0
20230209,-9312500.0,26418620.0,23098720.0,44479400.0,38486800.0,28429720.0,38949840.0,9918560.0,8710940.0,31159000.0,27217000.0,52437000.0,45357000.0,33503000.0,45937000.0,11665000.0,10253000.0
20230210,3706120.0,28556370.0,32942280.0,50229890.0,49550100.0,37266540.0,31206880.0,9272970.0,11626510.0,33954000.0,39155000.0,59700000.0,58902000.0,44295000.0,37098000.0,11026000.0,13820000.0
20230213,-2591380.0,32250900.0,28652260.0,61919530.0,62926780.0,42008860.0,45746860.0,13587020.0,12440400.0,38376000.0,34032000.0,73620000.0,74789000.0,49907000.0,54368000.0,16099000.0,14813000.0
20230214,-8220160.0,21131100.0,17018430.0,38338560.0,34231090.0,22351510.0,28469400.0,7439690.0,9541960.0,25208000.0,20286000.0,45714000.0,40808000.0,26641000.0,33952000.0,8861000.0,11379000.0
20230215,-22336360.0,37488440.0,26634940.0,63331540.0,51848680.0,46127450.0,51906690.0,12983290.0,29540410.0,45117000.0,32064000.0,76197000.0,62365000.0,55473000.0,62418000.0,15655000.0,35595000.0
20230216,-13548820.0,30894260.0,20588860.0,50430810.0,47187390.0,33667070.0,40044220.0,11599780.0,18771450.0,37468000.0,24981000.0,61173000.0,57184000.0,40796000.0,48566000.0,14080000.0,22788000.0
20230217,-19722500.0,51131470.0,41772290.0,83077760.0,72714440.0,56360620.0,63021830.0,27950200.0,41011490.0,63100000.0,51409000.0,102276000.0,89274000.0,69147000.0,77436000.0,33946000.0,50349000.0
20230220,-45420160.0,117506820.0,81059700.0,150984830.0,142011790.0,125303020.0,144546540.0,57055270.0,83231910.0,157952000.0,109272000.0,203154000.0,191255000.0,168592000.0,194294000.0,76727000.0,111605000.0
20230221,-12273040.0,50575270.0,43670880.0,64642370.0,59273710.0,61076640.0,65810360.0,35830240.0,43369560.0,67389000.0,58132000.0,86103000.0,78951000.0,81406000.0,87656000.0,47612000.0,57772000.0
20230222,-27721690.0,50331030.0,30555930.0,66880570.0,58933980.0,44712360.0,61624410.0,14598590.0,25408230.0,68342000.0,41484000.0,90822000.0,80028000.0,60718000.0,83682000.0,19813000.0,34501000.0
20230223,3125920.0,33856540.0,30527240.0,42358620.0,48813850.0,41599280.0,38057030.0,15706160.0,16122490.0,45594000.0,41065000.0,57031000.0,65706000.0,55964000.0,51232000.0,21083000.0,21670000.0
20230224,-24331460.0,41925330.0,24943440.0,47740940.0,40391370.0,32857180.0,45173910.0,5970010.0,17984740.0,57312000.0,34057000.0,65241000.0,55168000.0,44892000.0,61744000.0,8170000.0,24645000.0
20230227,-9796960.0,29838660.0,16888640.0,34058130.0,37211190.0,25001550.0,30350550.0,7929650.0,12377610.0,41103000.0,23251000.0,46914000.0,51248000.0,34435000.0,41796000.0,10908000.0,17066000.0
20230228,-5298350.0,36169780.0,25569610.0,52790270.0,58092100.0,30773540.0,33234040.0,11670660.0,14508510.0,50314000.0,35492000.0,73399000.0,80795000.0,42774000.0,46182000.0,16197000.0,20215000.0
20230301,8236930.0,28096920.0,32931420.0,41965890.0,45368320.0,37838560.0,29710580.0,10513780.0,10404830.0,38753000.0,45394000.0,57886000.0,62556000.0,52142000.0,40961000.0,14472000.0,14342000.0
20230302,-20229300.0,42165880.0,26753400.0,55861510.0,51044690.0,36257420.0,44796960.0,9601930.0,21291690.0,59058000.0,37464000.0,78249000.0,71515000.0,50805000.0,62732000.0,13447000.0,29848000.0
20230303,6078150.0,26164080.0,33052900.0,42665540.0,41854870.0,32702670.0,33701930.0,17579130.0,10501720.0,36668000.0,46253000.0,59748000.0,58570000.0,45765000.0,47161000.0,24527000.0,14724000.0
20230306,-2706700.0,35176600.0,37908930.0,60792410.0,55353370.0,39869710.0,41991860.0,11940540.0,12525090.0,49236000.0,52820000.0,84870000.0,77271000.0,55625000.0,58672000.0,16575000.0,17544000.0
20230307,-5721380.0,28344100.0,24124570.0,48191970.0,46690130.0,29839660.0,31329790.0,5796520.0,10027770.0,39467000.0,33552000.0,67098000.0,65025000.0,41525000.0,43591000.0,8056000.0,13978000.0
20230308,-17218530.0,31437280.0,22608520.0,49121020.0,40731250.0,24325760.0,35088300.0,4728730.0,11184720.0,44626000.0,32046000.0,69686000.0,57780000.0,34523000.0,49815000.0,6718000.0,15912000.0
20230309,-11408950.0,53065070.0,31538000.0,55632950.0,65751070.0,43644630.0,50468120.0,14709810.0,19295270.0,76221000.0,45272000.0,79922000.0,94408000.0,62744000.0,72578000.0,21200000.0,27829000.0
20230310,-8167210.0,43242250.0,30099980.0,62034060.0,67009130.0,45076510.0,55663410.0,19997580.0,17577890.0,62778000.0,43597000.0,89977000.0,97158000.0,65322000.0,80696000.0,28964000.0,25589000.0
20230313,-23884590.0,60340320.0,31800310.0,73576700.0,78232120.0,50643940.0,52627130.0,14915660.0,36817060.0,89663000.0,47228000.0,109319000.0,116269000.0,75279000.0,78169000.0,22189000.0,54783000.0
20230314,-31226640.0,71432040.0,34524910.0,77883380.0,83563880.0,57379360.0,81137690.0,14588440.0,22056750.0,108520000.0,52396000.0,118302000.0,126827000.0,87061000.0,123230000.0,22069000.0,33500000.0
20230315,-3477860.0,44244830.0,35413910.0,53680990.0,59034050.0,40016060.0,43872640.0,15650890.0,15272170.0,66571000.0,53145000.0,80606000.0,88766000.0,60055000.0,65899000.0,23451000.0,22872000.0
20230316,-17085920.0,50368740.0,27826970.0,58475690.0,63931540.0,37607360.0,52336910.0,12235130.0,14591500.0,78308000.0,43210000.0,90983000.0,99431000.0,58554000.0,81520000.0,18996000.0,22681000.0
20230317,-23758600.0,55052200.0,31145820.0,65069380.0,65217150.0,43272710.0,53220450.0,48810590.0,62621450.0,86918000.0,49111000.0,102714000.0,102901000.0,68467000.0,84023000.0,78167000.0,100232000.0
20230320,11429040.0,52282000.0,66346240.0,84994550.0,82359340.0,65879280.0,61416590.0,30853390.0,23887040.0,81945000.0,103789000.0,133341000.0,129233000.0,103059000.0,96148000.0,48372000.0,37546000.0
20230321,27087470.0,43209720.0,68437560.0,71322140.0,73181770.0,80815330.0,58748900.0,31069050.0,26048010.0,66031000.0,104299000.0,108898000.0,111595000.0,122975000.0,89415000.0,47146000.0,39741000.0
20230322,8561960.0,44577150.0,56476590.0,79712820.0,76375340.0,74303300.0,73858280.0,28184380.0,20067440.0,65969000.0,83447000.0,117905000.0,112883000.0,109794000.0,109217000.0,41589000.0,29710000.0
20230323,-2226120.0,35862240.0,35260480.0,51752200.0,50127840.0,40725620.0,37466660.0,11661180.0,17146260.0,53199000.0,52196000.0,76727000.0,74302000.0,60355000.0,55533000.0,17226000.0,25478000.0
20230324,6685530.0,28036530.0,32122690.0,46757430.0,49356800.0,36886610.0,36823290.0,13858270.0,7236060.0,41277000.0,47190000.0,68776000.0,72582000.0,54191000.0,54144000.0,20318000.0,10645000.0
20230327,324910.0,34935690.0,35504330.0,63567470.0,63323750.0,46444430.0,48803640.0,16569740.0,13885620.0,50985000.0,51718000.0,92667000.0,92302000.0,67658000.0,71141000.0,24150000.0,20298000.0
20230328,-11080190.0,28945910.0,25671680.0,47138210.0,39332250.0,34081780.0,36711040.0,5027510.0,13478440.0,42492000.0,37635000.0,69158000.0,57688000.0,50010000.0,53895000.0,7362000.0,19804000.0
20230329,-1073780.0,31861730.0,35586440.0,54964220.0,50165730.0,41666460.0,43542570.0,18579770.0,17777440.0,46497000.0,51847000.0,80191000.0,73119000.0,60643000.0,63480000.0,26998000.0,25883000.0
20230330,-9001340.0,37162390.0,30296310.0,46329920.0,44194660.0,37676020.0,34301700.0,10511480.0,22887140.0,54564000.0,44414000.0,67964000.0,64817000.0,55303000.0,50340000.0,15410000.0,33670000.0
20230331,19304880.0,37041690.0,49679990.0,61755870.0,68422460.0,68993200.0,58899500.0,22828060.0,13616880.0,53100000.0,71128000.0,88414000.0,97972000.0,98741000.0,84287000.0,32619000.0,19487000.0
20230403,-18945620.0,43771840.0,38862050.0,80605110.0,66569270.0,54741660.0,57861700.0,16153810.0,31979390.0,63792000.0,56491000.0,117339000.0,96863000.0,79636000.0,84233000.0,23477000.0,46658000.0
20230404,-37551960.0,64726740.0,38375330.0,84275350.0,73074790.0,62345800.0,86607060.0,17357590.0,30648290.0,96809000.0,57291000.0,125980000.0,109185000.0,93216000.0,129576000.0,25915000.0,45868000.0
20230406,-12097070.0,50762510.0,32516100.0,58680810.0,64830150.0,30083890.0,41110550.0,12297760.0,13368170.0,76405000.0,48814000.0,88248000.0,97531000.0,45217000.0,61812000.0,18398000.0,20112000.0
20230407,-5654520.0,26045860.0,28735480.0,44686650.0,36342510.0,31434170.0,31641170.0,6729280.0,12176800.0,38533000.0,42430000.0,66052000.0,53690000.0,46403000.0,46776000.0,9939000.0,18032000.0
20230410,22031270.0,51679370.0,68823530.0,93025650.0,97912760.0,89369950.0,77312320.0,35258290.0,25284650.0,74776000.0,99350000.0,134405000.0,141462000.0,128991000.0,111664000.0,50752000.0,36448000.0
20230411,-1109410.0,45754030.0,50744480.0,69523730.0,63423870.0,56323740.0,56766830.0,20242420.0,20908740.0,66307000.0,73490000.0,100710000.0,91838000.0,81554000.0,82205000.0,29282000.0,30320000.0
20230412,-24929220.0,44746710.0,34349600.0,65901070.0,51368970.0,41268620.0,56679120.0,12572670.0,22091390.0,66601000.0,51138000.0,98133000.0,76459000.0,61416000.0,84368000.0,18747000.0,32932000.0
20230413,-4330670.0,29109630.0,21155320.0,32194590.0,35818240.0,22020040.0,22682450.0,5719790.0,9388050.0,43879000.0,31859000.0,48504000.0,53955000.0,33168000.0,34179000.0,8616000.0,14174000.0
20230414,25645630.0,53049350.0,68113150.0,84838700.0,95420530.0,91324180.0,82127310.0,40550430.0,24101670.0,77005000.0,98796000.0,123135000.0,138383000.0,132284000.0,119070000.0,58623000.0,34798000.0
20230417,3343910.0,33741790.0,33625630.0,48253150.0,51713210.0,48217380.0,41478440.0,12264000.0,15659030.0,49053000.0,48838000.0,70094000.0,75119000.0,70013000.0,60237000.0,17784000.0,22751000.0
20230418,-1803600.0,46124420.0,44869520.0,65306850.0,64758160.0,58292790.0,52022850.0,11975990.0,20049530.0,67257000.0,65283000.0,95082000.0,94216000.0,84774000.0,75726000.0,17369000.0,29257000.0
20230419,-2811930.0,31993120.0,28272540.0,38270300.0,39178950.0,30104750.0,33611230.0,10435840.0,9741290.0,47396000.0,41815000.0,56661000.0,57962000.0,44535000.0,49778000.0,15404000.0,14441000.0
20230420,-27810810.0,67792730.0,32464720.0,74937700.0,82454910.0,47479600.0,65442520.0,18248260.0,28096150.0,104458000.0,50008000.0,115550000.0,127277000.0,73191000.0,100825000.0,28110000.0,43200000.0
20230421,-7843050.0,53117790.0,35650750.0,64241530.0,73865520.0,51272390.0,56782240.0,17046710.0,19379910.0,82363000.0,54934000.0,99245000.0,113998000.0,79015000.0,87918000.0,26228000.0,30000000.0
20230424,-13108150.0,46773060.0,25695180.0,53848840.0,61818560.0,38201160.0,46105880.0,13518110.0,18721540.0,75007000.0,41140000.0,86391000.0,99011000.0,61219000.0,74045000.0,21665000.0,30086000.0
20230425,-20914410.0,48805010.0,27806480.0,60456450.0,60540570.0,33046160.0,44511850.0,10482190.0,19930910.0,80906000.0,46022000.0,100183000.0,100358000.0,54790000.0,73805000.0,17358000.0,33053000.0
20230426,28125690.0,63556590.0,85746380.0,116730880.0,122666780.0,106443270.0,92290340.0,44885990.0,30913230.0,98633000.0,132742000.0,180697000.0,189926000.0,164279000.0,142327000.0,69019000.0,47632000.0
20230427,6249820.0,37753130.0,44972380.0,60900630.0,59931210.0,49886540.0,48833380.0,25298410.0,20101750.0,56561000.0,67281000.0,91184000.0,89686000.0,74684000.0,73130000.0,37800000.0,30132000.0
20230428,-13470070.0,42542950.0,32203890.0,52729460.0,49598440.0,36272830.0,44540600.0,18854420.0,24056720.0,64717000.0,48885000.0,80123000.0,75317000.0,55048000.0,67654000.0,28615000.0,36648000.0
20230504,-6991620.0,32293330.0,28546290.0,38848750.0,35604160.0,33385220.0,38280630.0,10736890.0,12833100.0,49328000.0,43568000.0,59296000.0,54315000.0,50963000.0,58441000.0,16354000.0,19619000.0
20230505,-4981780.0,32963660.0,23309800.0,34407330.0,39079420.0,25015830.0,27652810.0,7601700.0,9946500.0,51378000.0,36290000.0,53601000.0,60848000.0,38952000.0,43111000.0,11827000.0,15510000.0
20230508,-3419110.0,35377490.0,28614120.0,41350230.0,44694490.0,23654390.0,26382370.0,6496760.0,7187890.0,55716000.0,44955000.0,65051000.0,70313000.0,37155000.0,41499000.0,10178000.0,11335000.0
20230509,-10686160.0,26691480.0,20976300.0,37067820.0,32096840.0,19355430.0,29426590.0,8582980.0,9197980.0,42431000.0,33308000.0,58907000.0,51014000.0,30770000.0,46790000.0,13631000.0,14626000.0
20230510,5749350.0,43161520.0,52628430.0,72290280.0,68572730.0,53338240.0,50620610.0,16595170.0,13563450.0,66971000.0,81578000.0,111853000.0,106169000.0,82454000.0,78176000.0,25642000.0,20995000.0
20230511,18376780.0,46474220.0,58950530.0,79768690.0,85669160.0,77676180.0,68967550.0,37692300.0,28024150.0,69177000.0,87638000.0,118568000.0,127315000.0,115409000.0,102490000.0,55815000.0,41526000.0
20230512,-10216330.0,29402460.0,28756410.0,57499170.0,47928890.0,36318940.0,41239340.0,13234540.0,18530470.0,43498000.0,42463000.0,84979000.0,70809000.0,53625000.0,60970000.0,19568000.0,27428000.0
20230515,15907600.0,55018750.0,69756640.0,110052970.0,111222680.0,99649860.0,103425510.0,47720640.0,28037390.0,78889000.0,99998000.0,157896000.0,159654000.0,143010000.0,148397000.0,68374000.0,40120000.0
20230516,-6692670.0,30727400.0,28965800.0,55317160.0,50386090.0,44496780.0,48227250.0,13869280.0,16831480.0,43790000.0,41251000.0,78796000.0,71772000.0,63350000.0,68682000.0,19746000.0,23976000.0
20230517,-17579470.0,36356870.0,20401840.0,39728430.0,38103970.0,28060850.0,40084660.0,9903410.0,15459070.0,52586000.0,29442000.0,57410000.0,55047000.0,40503000.0,57936000.0,14318000.0,22393000.0
20230518,-19219370.0,37170950.0,22487250.0,40330770.0,35795100.0,25174870.0,33289320.0,7626230.0,18731150.0,54614000.0,32999000.0,59208000.0,52512000.0,36960000.0,48888000.0,11183000.0,27566000.0
20230519,205860.0,18805580.0,20282630.0,32202330.0,30931150.0,19775280.0,19692340.0,6515920.0,6393000.0,27642000.0,29771000.0,47295000.0,45443000.0,29034000.0,28927000.0,9556000.0,9385000.0
20230522,3110830.0,23484550.0,25282100.0,32996430.0,34309720.0,23769570.0,20097770.0,5880400.0,6441370.0,34261000.0,36832000.0,48094000.0,50002000.0,34602000.0,29278000.0,8557000.0,9401000.0
20230523,-5660810.0,20434940.0,14725150.0,29971670.0,30020640.0,19488670.0,23682820.0,5337720.0,6804380.0,30102000.0,21656000.0,44117000.0,44199000.0,28690000.0,34883000.0,7870000.0,10040000.0
20230524,7271960.0,22559480.0,25630260.0,39494260.0,43695430.0,31667290.0,28386310.0,9373350.0,5382370.0,33239000.0,37679000.0,58145000.0,64327000.0,46557000.0,41739000.0,13743000.0,7939000.0
20230525,4586450.0,27988780.0,28636110.0,40498580.0,44437700.0,33720300.0,30714000.0,14590890.0,13010740.0,41198000.0,42078000.0,59569000.0,65333000.0,49551000.0,45167000.0,21406000.0,19148000.0
20230526,-10955580.0,32037160.0,20456570.0,39982100.0,40607110.0,23211640.0,31243530.0,6018820.0,8942510.0,48675000.0,31049000.0,60751000.0,61667000.0,35285000.0,47551000.0,9145000.0,13588000.0
20230529,-18303530.0,36970300.0,21704880.0,44649610.0,41611490.0,25328950.0,38893850.0,6034110.0,10772740.0,57015000.0,33432000.0,68844000.0,64152000.0,39049000.0,59998000.0,9300000.0,16626000.0
20230530,3779160.0,24143570.0,21252780.0,31141250.0,37811210.0,27457850.0,23102530.0,6231000.0,6807160.0,37079000.0,32583000.0,47801000.0,58025000.0,42131000.0,35465000.0,9539000.0,10477000.0
20230531,-10395980.0,31985400.0,24737550.0,35783360.0,32635220.0,23357200.0,34462480.0,12783820.0,12074520.0,49920000.0,38606000.0,55870000.0,50909000.0,36474000.0,53828000.0,19944000.0,18865000.0
20230601,-4931570.0,27383500.0,21482980.0,33372020.0,34340960.0,25963000.0,25555970.0,6275870.0,11614470.0,42747000.0,33465000.0,52046000.0,53507000.0,40448000.0,39869000.0,9757000.0,18157000.0
20230602,12483930.0,32856390.0,37258700.0,42715400.0,50797020.0,40065920.0,33357950.0,16809790.0,11033830.0,50725000.0,57386000.0,65936000.0,78345000.0,61685000.0,51412000.0,25789000.0,16992000.0
20230605,-22078270.0,47446330.0,32404990.0,66300860.0,59263930.0,45224300.0,57520130.0,15835490.0,25617930.0,75445000.0,51466000.0,105390000.0,94100000.0,71865000.0,91509000.0,25254000.0,40879000.0
20230606,1191230.0,20259070.0,21933370.0,30332140.0,29849070.0,20882900.0,19935620.0,4907620.0,4663670.0,32289000.0,34923000.0,48303000.0,47525000.0,33237000.0,31742000.0,7794000.0,7433000.0
20230607,-15133390.0,52349050.0,42416660.0,73321420.0,68120410.0,40935380.0,51553460.0,20064640.0,24579950.0,86618000.0,70241000.0,121413000.0,112783000.0,67784000.0,85375000.0,33260000.0,40676000.0
20230608,1472390.0,30127160.0,19101690.0,39538110.0,52035980.0,25397100.0,25051210.0,6479230.0,5352730.0,50122000.0,31761000.0,65743000.0,86545000.0,42236000.0,41660000.0,10765000.0,8899000.0
20230609,-4496230.0,46188710.0,33809200.0,60698820.0,68582100.0,47022850.0,46290360.0,13244020.0,18472740.0,78520000.0,57434000.0,103099000.0,116362000.0,79863000.0,78731000.0,22537000.0,31491000.0
20230612,1411120.0,28629820.0,25609250.0,37005920.0,41437630.0,25028500.0,25044710.0,9646780.0,8219450.0,48854000.0,43615000.0,63124000.0,70642000.0,42602000.0,42712000.0,16435000.0,14045000.0
20230613,-20218740.0,37393570.0,20073590.0,45814100.0,42915340.0,31086240.0,43599210.0,10928880.0,18634650.0,64582000.0,34599000.0,79118000.0,74078000.0,53649000.0,75310000.0,18886000.0,32248000.0
20230614,-35681540.0,66697870.0,28389830.0,63784400.0,66410910.0,41120540.0,72007650.0,16213750.0,21008180.0,118564000.0,50470000.0,113436000.0,118056000.0,73143000.0,128045000.0,28892000.0,37463000.0
20230615,43741770.0,54914420.0,76292190.0,92887470.0,115251450.0,107639910.0,85147490.0,68247200.0,46997850.0,94809000.0,130844000.0,159802000.0,198220000.0,184955000.0,146277000.0,116782000.0,81007000.0
20230616,1048320.0,43170050.0,42676440.0,63781760.0,65323690.0,60181850.0,58467180.0,32155470.0,32821820.0,71697000.0,70708000.0,105805000.0,108310000.0,99704000.0,96927000.0,53136000.0,54397000.0
20230619,-14427700.0,37340870.0,26263230.0,42378140.0,39028080.0,30402350.0,39675700.0,14779120.0,19933470.0,61977000.0,43566000.0,70299000.0,64691000.0,50423000.0,65815000.0,24441000.0,33068000.0
20230620,5847210.0,33923740.0,44299280.0,61801780.0,57273450.0,50394470.0,46581750.0,27297990.0,25263500.0,55922000.0,72858000.0,101767000.0,94218000.0,82743000.0,76479000.0,44738000.0,41615000.0
20230621,-13406090.0,32039840.0,24073100.0,41222870.0,35783510.0,26808910.0,29733850.0,9875450.0,20356600.0,53625000.0,40220000.0,68945000.0,59831000.0,44865000.0,49768000.0,16527000.0,34143000.0
20230626,-8465140.0,30485710.0,23080580.0,34294730.0,33234720.0,18751510.0,26747890.0,5557530.0,6026290.0,51844000.0,39167000.0,58275000.0,56472000.0,31835000.0,45480000.0,9417000.0,10253000.0
20230627,-1623190.0,19017580.0,17988930.0,25580850.0,24986300.0,19457110.0,16993000.0,3402280.0,7489580.0,32386000.0,30584000.0,43532000.0,42476000.0,33091000.0,28932000.0,5789000.0,12806000.0
20230628,-3964960.0,23216680.0,19471380.0,32137460.0,31917810.0,21979210.0,24406730.0,7697250.0,9234690.0,39737000.0,33253000.0,54967000.0,54576000.0,37568000.0,41776000.0,13125000.0,15793000.0
20230629,-9355010.0,26785890.0,17447220.0,30157240.0,30140890.0,16344250.0,21855280.0,8897730.0,12741710.0,46436000.0,30225000.0,52276000.0,52217000.0,28297000.0,37878000.0,15429000.0,22117000.0
20230630,22447930.0,35028830.0,49801540.0,67457110.0,75132310.0,72656650.0,55107850.0,27063170.0,22164040.0,58708000.0,83302000.0,112895000.0,125767000.0,121311000.0,92148000.0,45187000.0,36884000.0
20230703,-5893630.0,37677690.0,33117610.0,48940850.0,47607310.0,34125840.0,39589190.0,15239090.0,15669370.0,62116000.0,54568000.0,80639000.0,78452000.0,56231000.0,65216000.0,25083000.0,25833000.0
20230704,-8399140.0,27948500.0,23089980.0,34068510.0,30527890.0,20331630.0,26934150.0,8091130.0,9887750.0,46593000.0,38464000.0,56797000.0,50883000.0,33902000.0,44933000.0,13498000.0,16509000.0
20230705,-4259580.0,18186980.0,18108990.0,26316010.0,22134420.0,14673590.0,13617300.0,2446050.0,7761920.0,30423000.0,30278000.0,44022000.0,37010000.0,24521000.0,22768000.0,4086000.0,12995000.0
20230706,-9028740.0,27421530.0,19311470.0,33574200.0,32655520.0,25548550.0,26974690.0,6950860.0,14553460.0,46934000.0,33024000.0,57460000.0,55871000.0,43774000.0,46210000.0,11896000.0,24960000.0
20230707,-7624250.0,22789510.0,17609140.0,26938810.0,24494930.0,17078630.0,20571730.0,5654800.0,9785950.0,39751000.0,30709000.0,46973000.0,42719000.0,29794000.0,35881000.0,9886000.0,17095000.0
20230710,13657290.0,31870130.0,40148290.0,50247190.0,55626330.0,49871450.0,41955320.0,17474400.0,11733240.0,53593000.0,67543000.0,84622000.0,93617000.0,83916000.0,70652000.0,29345000.0,19664000.0
20230711,-2198160.0,22360960.0,20069490.0,29288230.0,29381550.0,21169510.0,23292790.0,8912880.0,8987760.0,38005000.0,34017000.0,49643000.0,49812000.0,35844000.0,39501000.0,15086000.0,15248000.0
20230712,1479530.0,19922740.0,18184790.0,24586290.0,27803780.0,15846130.0,15150450.0,7713210.0,6929360.0,33794000.0,30833000.0,41695000.0,47158000.0,26879000.0,25700000.0,13084000.0,11760000.0
20230713,-2723800.0,34615360.0,37943580.0,43623220.0,37571190.0,34732440.0,28271750.0,11282010.0,20466500.0,58824000.0,64422000.0,74074000.0,63635000.0,58913000.0,48006000.0,19063000.0,34811000.0
20230714,-12816880.0,30386960.0,28701330.0,39118470.0,27987230.0,23665880.0,32723130.0,23903980.0,27663610.0,52703000.0,49791000.0,67855000.0,48529000.0,41058000.0,56767000.0,41497000.0,48026000.0
20230717,-5868320.0,23672850.0,22153600.0,26689180.0,22340100.0,15196880.0,16921580.0,5655280.0,9798900.0,41648000.0,38979000.0,46952000.0,39297000.0,26733000.0,29768000.0,9952000.0,17241000.0
20230718,-567830.0,20078650.0,25315230.0,28663460.0,22859050.0,18086370.0,20456220.0,5655290.0,3853270.0,35519000.0,44756000.0,50681000.0,40386000.0,31941000.0,36149000.0,9974000.0,6824000.0
20230719,-9711070.0,23765910.0,18212710.0,26725690.0,22567820.0,16450130.0,21086780.0,3670480.0,8744900.0,42455000.0,32525000.0,47732000.0,40285000.0,29380000.0,37680000.0,6563000.0,15639000.0
20230720,2874660.0,28605200.0,32341080.0,39331950.0,38470730.0,29125670.0,26247940.0,8821790.0,8824860.0,50867000.0,57452000.0,69891000.0,68272000.0,51661000.0,46594000.0,15601000.0,15703000.0
20230721,-5754980.0,20702360.0,20738530.0,32767630.0,26976470.0,20462250.0,22808550.0,4938140.0,8346820.0,37163000.0,37164000.0,58760000.0,48369000.0,36693000.0,40933000.0,8848000.0,14999000.0
20230724,-14205060.0,24821170.0,19515610.0,30651020.0,21751530.0,16722520.0,24680210.0,6194770.0,12442140.0,45183000.0,35489000.0,55794000.0,39582000.0,30445000.0,44952000.0,11271000.0,22670000.0
20230725,12048390.0,32348310.0,32948650.0,38510350.0,49958390.0,34177990.0,30404490.0,18081480.0,9806590.0,57317000.0,58404000.0,68314000.0,88582000.0,60660000.0,53902000.0,32017000.0,17418000.0
20230726,-3194950.0,19065590.0,15086740.0,17778380.0,18562270.0,13712010.0,16280010.0,5262000.0,5888950.0,33690000.0,26654000.0,31417000.0,32790000.0,24218000.0,28762000.0,9284000.0,10404000.0
20230727,2247830.0,45778540.0,47681360.0,70418200.0,70763210.0,57588330.0,54789850.0,19874280.0,20424930.0,78794000.0,81947000.0,121004000.0,121584000.0,98900000.0,94163000.0,34125000.0,35129000.0
20230728,-7062860.0,28883180.0,20595540.0,32410920.0,33635700.0,20802110.0,28549570.0,11042800.0,10358200.0,49536000.0,35325000.0,55604000.0,57655000.0,35642000.0,48923000.0,18878000.0,17757000.0
20230731,7563470.0,26796330.0,29818030.0,39007000.0,43548770.0,30661140.0,28282910.0,14595200.0,9409960.0,45053000.0,50073000.0,65568000.0,73164000.0,51486000.0,47529000.0,24490000.0,15831000.0
20230801,-6861470.0,19915340.0,13044560.0,21032720.0,21042020.0,15975270.0,17179720.0,5116690.0,10773710.0,33836000.0,22143000.0,35712000.0,35726000.0,27130000.0,29171000.0,8690000.0,18328000.0
20230802,-139630.0,18648970.0,13336630.0,20708010.0,25880720.0,18078760.0,18793960.0,6299030.0,5723460.0,31750000.0,22652000.0,35198000.0,43957000.0,30644000.0,31920000.0,10703000.0,9766000.0
20230803,-2577030.0,20324570.0,16822230.0,26432020.0,27357340.0,19277760.0,24097300.0,7385920.0,5143410.0,34541000.0,28559000.0,44903000.0,46476000.0,32734000.0,40928000.0,12524000.0,8739000.0
20230804,308540.0,29382090.0,32732990.0,49447550.0,46405190.0,42908960.0,47674180.0,24620940.0,19547180.0,49093000.0,54587000.0,82550000.0,77390000.0,71555000.0,79663000.0,41077000.0,32635000.0
20230807,-7734570.0,17341210.0,14414380.0,23460380.0,18652650.0,12601800.0,17673240.0,4033380.0,6696510.0,29201000.0,24259000.0,39473000.0,31379000.0,21202000.0,29742000.0,6792000.0,11288000.0
20230808,-4096510.0,15455770.0,12486190.0,20411820.0,19284880.0,12710330.0,14555000.0,3643540.0,5895380.0,26360000.0,21284000.0,34804000.0,32889000.0,21677000.0,24816000.0,6214000.0,10066000.0
20230809,-3812340.0,15026000.0,15025400.0,22867380.0,19055640.0,15245140.0,18425180.0,3813320.0,4445620.0,25522000.0,25514000.0,38857000.0,32363000.0,25872000.0,31293000.0,6464000.0,7545000.0
20230810,-818960.0,18304300.0,18229210.0,23759560.0,23015680.0,20325090.0,19475770.0,7385740.0,9054020.0,30810000.0,30631000.0,39932000.0,38663000.0,34115000.0,32742000.0,12393000.0,15214000.0
20230811,-10301350.0,21151980.0,13712350.0,20958420.0,18096680.0,12584450.0,17859000.0,1893860.0,6920660.0,36311000.0,23511000.0,35946000.0,31062000.0,21601000.0,30653000.0,3251000.0,11882000.0
20230814,-7276750.0,23680270.0,17398800.0,23966970.0,22971700.0,13550910.0,18941520.0,4639230.0,6525370.0,41993000.0,30849000.0,42521000.0,40730000.0,24025000.0,33595000.0,8215000.0,11580000.0
20230815,79860.0,18510550.0,17021150.0,17829470.0,19398730.0,13525360.0,14654680.0,5658140.0,4448960.0,32977000.0,30282000.0,31759000.0,34566000.0,24081000.0,26128000.0,10075000.0,7916000.0
20230816,617590.0,17757700.0,16958870.0,18111140.0,19527570.0,13169180.0,13049750.0,5781240.0,5283080.0,31731000.0,30279000.0,32354000.0,34893000.0,23492000.0,23308000.0,10345000.0,9443000.0
20230817,1851100.0,19223670.0,22434460.0,23066890.0,21707190.0,18528460.0,14079900.0,5034410.0,7631870.0,34972000.0,40793000.0,41939000.0,39451000.0,33661000.0,25599000.0,9146000.0,13875000.0
20230818,1572830.0,17615260.0,20379630.0,22008420.0,20816890.0,18095380.0,15823940.0,8356780.0,9055390.0,32013000.0,36984000.0,39971000.0,37815000.0,32864000.0,28767000.0,15190000.0,16471000.0
20230821,-13820620.0,28629990.0,22685810.0,35397130.0,27520670.0,20166360.0,28530970.0,10313160.0,15769170.0,53837000.0,42641000.0,66573000.0,51729000.0,37902000.0,53708000.0,19424000.0,29658000.0
20230822,-13135400.0,34893290.0,22523970.0,37738350.0,36972270.0,26173720.0,31602230.0,7427190.0,15134080.0,67566000.0,43571000.0,73071000.0,71593000.0,50669000.0,61219000.0,14387000.0,29310000.0
20230823,-12297140.0,30252490.0,17793400.0,27113970.0,27275910.0,16396050.0,23119150.0,4920850.0,10494890.0,59829000.0,35148000.0,53603000.0,53937000.0,32451000.0,45795000.0,9765000.0,20768000.0
20230824,5635130.0,26966430.0,24101170.0,25930640.0,34431040.0,23151670.0,19617690.0,9016830.0,6915680.0,53784000.0,48049000.0,51703000.0,68632000.0,46146000.0,39119000.0,17965000.0,13798000.0
20230825,-10300870.0,29683620.0,21229630.0,30607050.0,28760170.0,20271270.0,22469460.0,5543070.0,13645750.0,60670000.0,43319000.0,62528000.0,58737000.0,41430000.0,45934000.0,11345000.0,27982000.0
20230828,-597000.0,31720220.0,32800710.0,38024420.0,36346920.0,32612220.0,30698420.0,8232300.0,10743100.0,63264000.0,65429000.0,75524000.0,72147000.0,64751000.0,60888000.0,16282000.0,21356000.0
20230829,11747850.0,29079260.0,32111760.0,31817490.0,40532840.0,29999100.0,29596910.0,18413980.0,7068320.0,57857000.0,63860000.0,63359000.0,80638000.0,59678000.0,58880000.0,36496000.0,14012000.0
20230830,-1692690.0,20004130.0,18047240.0,27447070.0,27711270.0,25550750.0,24354440.0,5777330.0,8666330.0,39412000.0,35534000.0,54061000.0,54551000.0,50324000.0,47988000.0,11367000.0,17090000.0
20230831,-1977310.0,26996450.0,22582330.0,29877950.0,32314770.0,22794810.0,24237200.0,8978650.0,9513570.0,54621000.0,45697000.0,60448000.0,65375000.0,46144000.0,49056000.0,18183000.0,19267000.0
20230901,-1056700.0,16047330.0,15399210.0,18267370.0,17858800.0,12693060.0,12277960.0,1255380.0,2727180.0,32702000.0,31370000.0,37212000.0,36359000.0,25845000.0,25012000.0,2553000.0,5570000.0
20230904,6656470.0,20538270.0,24864940.0,27726230.0,30056040.0,25685910.0,20474280.0,6928190.0,5483350.0,41420000.0,50056000.0,55832000.0,60546000.0,51715000.0,41232000.0,13920000.0,11053000.0
20230905,-90010.0,18192380.0,17642720.0,21835260.0,22294930.0,14581150.0,14102290.0,2164600.0,2733470.0,36562000.0,35451000.0,43867000.0,44784000.0,29295000.0,28328000.0,4339000.0,5501000.0
20230906,-4829590.0,21965500.0,15564870.0,26805910.0,28376950.0,18697000.0,20465360.0,3290000.0,6351230.0,44815000.0,31738000.0,54662000.0,57887000.0,38121000.0,41720000.0,6712000.0,12964000.0
20230907,-9111670.0,28849320.0,23978390.0,39402270.0,35161540.0,25859910.0,30045200.0,5602960.0,10529340.0,59612000.0,49325000.0,81107000.0,72409000.0,53231000.0,61926000.0,11518000.0,21808000.0
20230908,-5763840.0,24659210.0,15885170.0,26183090.0,29193300.0,12993330.0,17354960.0,2506270.0,3908480.0,52129000.0,33537000.0,55345000.0,61707000.0,27450000.0,36692000.0,5296000.0,8283000.0
20230911,8119030.0,21646650.0,30476020.0,27839400.0,27129050.0,21200800.0,14387920.0,4788010.0,3481860.0,45182000.0,63491000.0,58057000.0,56558000.0,44128000.0,30017000.0,9968000.0,7268000.0
20230912,4757000.0,17263780.0,21125400.0,25617140.0,26512510.0,21316790.0,19760640.0,8489860.0,5289010.0,35549000.0,43464000.0,52729000.0,54555000.0,43847000.0,40662000.0,17441000.0,10885000.0
20230913,-2433600.0,18353300.0,13805410.0,20181300.0,22295590.0,16958610.0,16776340.0,4208700.0,6824570.0,38465000.0,28922000.0,42302000.0,46772000.0,35599000.0,35164000.0,8803000.0,14312000.0
20230914,-6641070.0,20511710.0,12716930.0,20507460.0,21661180.0,13183760.0,15656410.0,987160.0,5155580.0,43845000.0,27170000.0,43816000.0,46282000.0,28206000.0,33492000.0,2117000.0,11039000.0
20230915,-3475630.0,21442500.0,17203920.0,25184460.0,25947410.0,19583360.0,19055980.0,3413700.0,7416710.0,46098000.0,36928000.0,54086000.0,55751000.0,42030000.0,40949000.0,7323000.0,15909000.0
20230918,5798870.0,22063580.0,24664760.0,29755720.0,32953400.0,25204640.0,21805940.0,8126470.0,5726300.0,46635000.0,52071000.0,62892000.0,69576000.0,53200000.0,46047000.0,17080000.0,12113000.0
20230919,-2082570.0,23484810.0,24737720.0,30001180.0,26665720.0,16262080.0,14988040.0,2962620.0,6319230.0,50892000.0,53641000.0,65036000.0,57785000.0,35257000.0,32489000.0,6422000.0,13692000.0
20230920,-5794170.0,24745430.0,17925290.0,27882960.0,28908930.0,16179210.0,18958580.0,2403120.0,5417920.0,54638000.0,39572000.0,61567000.0,63831000.0,35753000.0,41881000.0,5320000.0,11993000.0
20230921,-2637750.0,19640000.0,17398200.0,24562180.0,24166240.0,11046620.0,13082740.0,2039430.0,2641060.0,43890000.0,38863000.0,54885000.0,53981000.0,24669000.0,29247000.0,4561000.0,5914000.0
20230922,3599330.0,18778190.0,21576870.0,27313000.0,28113640.0,18913910.0,18096000.0,4498620.0,1717200.0,41519000.0,47684000.0,60381000.0,62136000.0,41779000.0,39989000.0,9923000.0,3794000.0
20230925,-3313820.0,19789060.0,18599140.0,21126890.0,19002990.0,11892510.0,12333800.0,2284030.0,5156560.0,43829000.0,41173000.0,46776000.0,42065000.0,26332000.0,27300000.0,5038000.0,11437000.0
20230926,-8618160.0,19026810.0,12109380.0,20333980.0,18633240.0,10931980.0,14483940.0,2050290.0,7116490.0,42556000.0,27053000.0,45484000.0,41663000.0,24448000.0,32416000.0,4598000.0,15953000.0
20230927,9497690.0,25413240.0,30132600.0,37677920.0,42456250.0,34471170.0,30378680.0,12315640.0,6910440.0,56049000.0,66417000.0,83004000.0,93572000.0,75928000.0,66862000.0,27089000.0,15219000.0
20230928,3545610.0,19748780.0,15436740.0,23096230.0,30953880.0,20467160.0,15897110.0,4149390.0,5173830.0,43626000.0,34079000.0,50995000.0,68389000.0,45188000.0,35093000.0,9170000.0,11418000.0
20231009,1304930.0,19537330.0,17890900.0,25022380.0,27973740.0,22592810.0,19302710.0,3194230.0,5179400.0,43659000.0,39917000.0,55863000.0,62472000.0,50381000.0,43066000.0,7126000.0,11572000.0
20231010,4805800.0,16669620.0,20812270.0,25445130.0,26108280.0,25034190.0,19635490.0,4133270.0,4726170.0,36751000.0,45845000.0,56037000.0,57453000.0,55104000.0,43241000.0,9083000.0,10436000.0
20231011,2323110.0,18946700.0,19471950.0,22977630.0,24775490.0,20538520.0,17992700.0,3888140.0,4110850.0,41888000.0,43033000.0,50767000.0,54712000.0,45342000.0,39731000.0,8557000.0,9078000.0
20231012,15021750.0,31864190.0,43100900.0,61631170.0,65416220.0,58467480.0,53066320.0,19778750.0,10158160.0,68747000.0,92884000.0,132912000.0,141022000.0,125949000.0,114390000.0,42561000.0,21873000.0
20231013,-8308770.0,37015280.0,36746490.0,49124250.0,41084280.0,34053020.0,31633080.0,6660010.0,17388720.0,81351000.0,80910000.0,107961000.0,90189000.0,74795000.0,69440000.0,14589000.0,38157000.0
20231016,-8046920.0,23495960.0,17687390.0,25979130.0,23740780.0,18774150.0,21418270.0,3950940.0,9353740.0,52892000.0,39801000.0,58422000.0,53386000.0,42236000.0,48198000.0,8885000.0,21052000.0
20231017,11752940.0,23177210.0,39599900.0,42301740.0,37631990.0,30163460.0,21648530.0,7165340.0,3927330.0,51642000.0,88130000.0,94129000.0,83692000.0,67094000.0,48179000.0,15885000.0,8749000.0
20231018,-4947690.0,19031910.0,17305470.0,21871840.0,18650600.0,14636710.0,16245280.0,5303910.0,8643030.0,43231000.0,39279000.0,49676000.0,42351000.0,33239000.0,36920000.0,12043000.0,19639000.0
20231019,-4251950.0,24261590.0,20341970.0,28765310.0,28432980.0,19717520.0,23307050.0,3921890.0,4584310.0,56199000.0,47087000.0,66591000.0,65819000.0,45652000.0,53977000.0,9079000.0,10639000.0
20231020,2263890.0,30409890.0,31260350.0,42696810.0,44110240.0,33928530.0,35374100.0,10439850.0,6730390.0,69457000.0,71207000.0,97358000.0,100572000.0,77341000.0,80690000.0,23670000.0,15358000.0
20231023,2076540.0,19660050.0,19572270.0,20443920.0,22608250.0,17978870.0,15903710.0,5080500.0,5079120.0,45918000.0,45696000.0,47732000.0,52783000.0,41995000.0,37138000.0,11854000.0,11882000.0
20231024,1086240.0,28448840.0,30117930.0,37224390.0,36641540.0,26038680.0,21704870.0,3709550.0,6957120.0,66921000.0,70772000.0,87466000.0,86045000.0,61142000.0,50997000.0,8685000.0,16401000.0
20231025,-146070.0,23667980.0,21331200.0,26944940.0,29135660.0,25821300.0,25390180.0,6984580.0,7561770.0,55133000.0,49637000.0,62730000.0,67768000.0,59998000.0,59060000.0,16194000.0,17591000.0
20231026,24055100.0,32543540.0,47208360.0,56684710.0,66074980.0,61956420.0,58575260.0,34774550.0,14100610.0,75619000.0,108795000.0,131019000.0,152231000.0,142352000.0,134917000.0,79230000.0,32278000.0
20231027,8900920.0,50185830.0,54014410.0,76501860.0,81574200.0,69196310.0,70077780.0,37883710.0,28101320.0,109698000.0,117742000.0,166913000.0,177880000.0,151013000.0,152991000.0,82365000.0,61376000.0
20231030,-5511480.0,38258870.0,27910260.0,46369780.0,51206910.0,36102940.0,40679280.0,13710370.0,14645510.0,82074000.0,59826000.0,99521000.0,109825000.0,77446000.0,87259000.0,29383000.0,31514000.0
20231031,-3497160.0,26662140.0,20804770.0,28626340.0,30986550.0,21596670.0,26439380.0,21111200.0,19765650.0,58073000.0,45315000.0,62330000.0,67462000.0,47031000.0,57500000.0,45566000.0,42724000.0
20231101,469940.0,21669660.0,23771050.0,28656540.0,27025100.0,22447500.0,20653430.0,4616790.0,5940920.0,47510000.0,52085000.0,62823000.0,59231000.0,49214000.0,45286000.0,10094000.0,13039000.0
20231102,-856240.0,18273630.0,17156980.0,24739990.0,25000400.0,18201740.0,18545860.0,6341520.0,6853640.0,40544000.0,38023000.0,54866000.0,55420000.0,40338000.0,41199000.0,14139000.0,15245000.0
20231103,4888450.0,16426150.0,17712660.0,24273160.0,27875100.0,17275710.0,17149440.0,7731800.0,2969620.0,36394000.0,39215000.0,53753000.0,61709000.0,38217000.0,37944000.0,17086000.0,6583000.0
20231106,5344230.0,38089740.0,41609100.0,59132830.0,60957690.0,55680790.0,53947800.0,30417350.0,26806110.0,80042000.0,87539000.0,124414000.0,128272000.0,117211000.0,113497000.0,63953000.0,56311000.0
20231107,-5335810.0,24881470.0,19426890.0,29581540.0,29700310.0,25007010.0,26486940.0,7396710.0,11252590.0,52602000.0,41073000.0,62527000.0,62789000.0,52856000.0,55973000.0,15644000.0,23795000.0
20231108,-2982990.0,22284640.0,20568750.0,30944550.0,29677440.0,22199640.0,22282810.0,5926720.0,8826540.0,47163000.0,43521000.0,65501000.0,62766000.0,46944000.0,47140000.0,12540000.0,18721000.0
20231109,12073500.0,22015760.0,31703290.0,42922330.0,45308290.0,42055600.0,34844750.0,19666530.0,14803880.0,45915000.0,66083000.0,89491000.0,94416000.0,87642000.0,72587000.0,40860000.0,30822000.0
20231110,-3514610.0,18228490.0,16942900.0,27651510.0,25422490.0,17093920.0,19865510.0,5057520.0,5800540.0,38455000.0,35728000.0,58316000.0,53616000.0,36056000.0,41908000.0,10667000.0,12242000.0
20231113,-5587770.0,15654630.0,13087160.0,26229220.0,23208910.0,15007390.0,20972260.0,5961490.0,5584390.0,33025000.0,27581000.0,55311000.0,48904000.0,31600000.0,44204000.0,12528000.0,11775000.0
20231114,-8640730.0,25270530.0,28265680.0,41180910.0,29545040.0,25683300.0,27578370.0,3249190.0,9994850.0,54014000.0,60462000.0,88034000.0,63112000.0,54932000.0,58969000.0,6948000.0,21384000.0
20231115,-495250.0,20301840.0,18421620.0,29796640.0,31181600.0,24855180.0,24921960.0,8373640.0,8802110.0,42812000.0,38779000.0,62797000.0,65691000.0,52367000.0,52521000.0,17595000.0,18581000.0
20231116,-11637950.0,25711250.0,17816900.0,33668320.0,29924710.0,22648820.0,25269880.0,4025170.0,13042060.0,56003000.0,38833000.0,73329000.0,65187000.0,49322000.0,55028000.0,8772000.0,28377000.0
20231117,1010150.0,14634780.0,15093290.0,17956060.0,18507710.0,14602780.0,13955360.0,3226080.0,2863350.0,32192000.0,33183000.0,39488000.0,40691000.0,32112000.0,30699000.0,7087000.0,6306000.0
20231120,-2223070.0,17990340.0,14927260.0,24466010.0,25306020.0,19239460.0,20600540.0,4197390.0,5059380.0,39838000.0,33007000.0,54149000.0,55985000.0,42573000.0,45635000.0,9321000.0,11254000.0
20231121,-5410780.0,21430050.0,14355080.0,24134800.0,25799000.0,18983100.0,22719880.0,6002790.0,7676790.0,47206000.0,31564000.0,53140000.0,56757000.0,41832000.0,50089000.0,13239000.0,17006000.0
20231122,-8073890.0,20885920.0,13999220.0,21958310.0,20771110.0,15693210.0,17767080.0,6464100.0,12464120.0,47317000.0,31733000.0,49763000.0,47043000.0,35574000.0,40256000.0,14670000.0,28292000.0
20231123,10367440.0,15968110.0,24955700.0,25150110.0,26529950.0,22448970.0,18765320.0,14610510.0,7926720.0,36383000.0,56716000.0,57187000.0,60252000.0,50928000.0,42616000.0,33062000.0,17976000.0
20231124,-2147760.0,17033940.0,16239600.0,17683590.0,16330160.0,14046400.0,13960280.0,2726030.0,4959910.0,38845000.0,37008000.0,40315000.0,37220000.0,32017000.0,31830000.0,6207000.0,11327000.0
20231127,-7735160.0,21066120.0,14849580.0,21810380.0,20291760.0,16442790.0,20125310.0,2663820.0,6716460.0,49340000.0,34785000.0,51076000.0,47530000.0,38507000.0,47128000.0,6241000.0,15722000.0
20231128,-1732180.0,20174410.0,18784920.0,25021450.0,24678760.0,21498820.0,22243030.0,4765000.0,5752970.0,47875000.0,44523000.0,59361000.0,58471000.0,50929000.0,52781000.0,11243000.0,13633000.0
20231129,-245180.0,18034040.0,19034460.0,24053960.0,22808360.0,18983470.0,16332220.0,3342630.0,6239060.0,43080000.0,45463000.0,57461000.0,54466000.0,45333000.0,38993000.0,7981000.0,14932000.0
20231130,4940950.0,17953750.0,21396120.0,23734660.0,25233240.0,17560470.0,20055460.0,14027790.0,6591850.0,42716000.0,50814000.0,56488000.0,59969000.0,41722000.0,47687000.0,33196000.0,15652000.0
20231201,-1822760.0,18287580.0,18699660.0,24525720.0,22290880.0,17415950.0,15142140.0,2111180.0,6207750.0,44002000.0,44984000.0,59000000.0,53586000.0,41856000.0,36413000.0,5067000.0,14942000.0
20231204,-4630290.0,16647040.0,12412020.0,19459430.0,19064160.0,13496540.0,17077070.0,3427560.0,4477320.0,40417000.0,30094000.0,47238000.0,46275000.0,32759000.0,41467000.0,8298000.0,10877000.0
20231205,2723450.0,18231970.0,19836270.0,25309250.0,26428400.0,22338230.0,16965170.0,3269460.0,5919070.0,44368000.0,48164000.0,61541000.0,64238000.0,54271000.0,41285000.0,7938000.0,14431000.0
20231206,12166740.0,31586420.0,41396580.0,58677070.0,61033660.0,58521470.0,51401180.0,20300700.0,15254250.0,74367000.0,97403000.0,138016000.0,143689000.0,137698000.0,120868000.0,47718000.0,35838000.0
20231207,-3733990.0,24898650.0,22777960.0,32321690.0,30708390.0,22202440.0,23669870.0,5438960.0,7705520.0,58848000.0,53856000.0,76457000.0,72599000.0,52514000.0,55975000.0,12862000.0,18250000.0
20231208,-739300.0,26335650.0,24767400.0,33155840.0,33984790.0,20610680.0,21651030.0,11143810.0,10842760.0,63287000.0,59489000.0,79633000.0,81614000.0,49472000.0,51987000.0,26814000.0,26115000.0
20231211,27350.0,20736930.0,21165200.0,26425010.0,26024090.0,17936800.0,16900690.0,4806830.0,5815590.0,50634000.0,51618000.0,64475000.0,63488000.0,43697000.0,41241000.0,11723000.0,14181000.0
20231212,776110.0,14942180.0,16266440.0,21016260.0,20468110.0,16667350.0,14500210.0,1516080.0,2907110.0,36105000.0,39268000.0,50760000.0,49424000.0,40223000.0,35016000.0,3657000.0,7037000.0
20231213,-8830420.0,20107110.0,14310320.0,27341360.0,24307740.0,16206420.0,19946120.0,8061290.0,13152010.0,49827000.0,35435000.0,67702000.0,60163000.0,40162000.0,49410000.0,19961000.0,32644000.0
20231214,-6058800.0,22037720.0,17497730.0,26581080.0,25062270.0,20268010.0,21035700.0,4571670.0,9862780.0,55117000.0,43631000.0,66208000.0,62354000.0,50438000.0,52366000.0,11398000.0,24810000.0
20231215,-3795750.0,23938250.0,19789490.0,25197540.0,25550550.0,20109530.0,20726330.0,7521580.0,10700530.0,60271000.0,49740000.0,63306000.0,64184000.0,50544000.0,52130000.0,18890000.0,26957000.0
20231218,-5511720.0,25009090.0,18464910.0,23856790.0,24889260.0,14370350.0,20105450.0,7994140.0,7770760.0,64751000.0,47728000.0,61749000.0,64419000.0,37215000.0,52063000.0,20677000.0,20182000.0
20231219,87390.0,19030010.0,16667860.0,17877300.0,20326840.0,13115070.0,12906570.0,3000380.0,3121490.0,49307000.0,43140000.0,46283000.0,52628000.0,33932000.0,33413000.0,7743000.0,8085000.0
20231220,-2968640.0,20216070.0,14453090.0,16257770.0,19052110.0,10570110.0,12991480.0,4266090.0,4813360.0,52845000.0,37753000.0,42510000.0,49797000.0,27668000.0,34003000.0,11172000.0,12642000.0
20231221,5576100.0,28507280.0,28269090.0,28269540.0,34083820.0,22433250.0,19610950.0,10596850.0,7843050.0,74133000.0,73411000.0,73483000.0,88566000.0,58266000.0,50953000.0,27481000.0,20433000.0
20231222,666920.0,32880920.0,31639140.0,34681770.0,36590480.0,28021430.0,31431170.0,14734700.0,10658040.0,84049000.0,80611000.0,88450000.0,93292000.0,71354000.0,80121000.0,37279000.0,27108000.0
20231225,-3608200.0,19425230.0,17306220.0,21777690.0,20288500.0,13500550.0,15983670.0,4372650.0,5497730.0,48667000.0,43351000.0,54505000.0,50780000.0,33774000.0,40005000.0,10962000.0,13771000.0
20231226,-3774830.0,15345760.0,14597600.0,17049410.0,14022740.0,7682870.0,10214500.0,2300730.0,3543930.0,38583000.0,36687000.0,42862000.0,35249000.0,19304000.0,25673000.0,5775000.0,8915000.0
20231227,-960900.0,20940470.0,20229080.0,19349790.0,19100260.0,12308500.0,11790890.0,4117230.0,5595740.0,53575000.0,51759000.0,49484000.0,48848000.0,31489000.0,30158000.0,10541000.0,14323000.0
20231228,6643300.0,37826400.0,46602070.0,61066210.0,58933840.0,56924700.0,52588120.0,21092020.0,18785300.0,91904000.0,113262000.0,148393000.0,143206000.0,138252000.0,127564000.0,51140000.0,45657000.0
20231229,-11385410.0,36630970.0,22967480.0,34298560.0,36576640.0,24781360.0,31331250.0,6561870.0,11397390.0,86361000.0,54119000.0,80865000.0,86209000.0,58429000.0,73877000.0,15470000.0,26921000.0
20240102,713520.0,24826180.0,22001460.0,27664310.0,31202540.0,22945620.0,20322680.0,4450100.0,6359520.0,60179000.0,53329000.0,67050000.0,75602000.0,55623000.0,49252000.0,10764000.0,15433000.0
20240103,4614860.0,16639550.0,21208030.0,20601540.0,20647920.0,15428260.0,12471910.0,3982840.0,2324330.0,40862000.0,52051000.0,50570000.0,50680000.0,37854000.0,30612000.0,9757000.0,5700000.0
20240104,-2493630.0,25192290.0,23916250.0,22561010.0,21343410.0,15392060.0,16157720.0,4923300.0,6651270.0,63307000.0,60090000.0,56617000.0,53545000.0,38626000.0,40572000.0,12366000.0,16711000.0
20240105,-3890280.0,30039820.0,29684640.0,35096710.0,31561610.0,26228530.0,26371710.0,7953840.0,11700940.0,74688000.0,73576000.0,86941000.0,78073000.0,64907000.0,65379000.0,19716000.0,29225000.0
20240108,-1335280.0,25684770.0,26697110.0,30430300.0,28082680.0,19833050.0,18009300.0,4654550.0,7813580.0,64635000.0,67117000.0,76453000.0,70543000.0,49812000.0,45172000.0,11633000.0,19702000.0
20240109,1292240.0,28974800.0,29499030.0,31599050.0,32367060.0,20784610.0,19766160.0,6208130.0,5934340.0,74225000.0,75383000.0,80853000.0,82771000.0,53073000.0,50542000.0,15779000.0,15234000.0
20240110,6328280.0,23364770.0,25457110.0,26551940.0,30787870.0,22296020.0,19151120.0,9447470.0,6264090.0,59356000.0,64484000.0,67336000.0,77998000.0,56381000.0,48439000.0,23755000.0,15906000.0
20240111,16338610.0,32526100.0,40731720.0,47400040.0,55533030.0,48838080.0,43029220.0,23146830.0,12617080.0,80559000.0,100524000.0,116766000.0,136954000.0,119873000.0,105535000.0,56604000.0,30788000.0
20240112,664750.0,24126810.0,21195750.0,31701430.0,35297230.0,31158810.0,23738700.0,10997520.0,17752880.0,58784000.0,51581000.0,77190000.0,85922000.0,75785000.0,57795000.0,26775000.0,43236000.0
20240115,-1643280.0,20898840.0,17988400.0,21864780.0,23131950.0,14469300.0,15272880.0,4156240.0,4995940.0,52246000.0,44906000.0,54600000.0,57779000.0,36154000.0,38191000.0,10393000.0,12518000.0
20240116,-443100.0,26366880.0,28808090.0,36881380.0,33997060.0,26365840.0,23633120.0,5501980.0,8677800.0,65337000.0,71311000.0,91281000.0,84117000.0,65206000.0,58484000.0,13574000.0,21487000.0
20240117,-14795550.0,37973130.0,22740030.0,32708090.0,33145650.0,25570390.0,27779110.0,9103640.0,21690470.0,96955000.0,58045000.0,83455000.0,84504000.0,65258000.0,70919000.0,23274000.0,55474000.0
20240118,-3081070.0,33084620.0,31952820.0,35010960.0,33061700.0,23540570.0,27169640.0,8705250.0,8157250.0,85463000.0,82321000.0,90264000.0,85281000.0,60646000.0,70143000.0,22328000.0,20956000.0
20240119,5807500.0,35848970.0,36119330.0,51666530.0,57203680.0,52727830.0,47805960.0,18037360.0,17151730.0,87999000.0,88502000.0,126758000.0,140174000.0,129021000.0,117118000.0,44134000.0,42118000.0
20240122,-11247580.0,46290200.0,38130630.0,57738850.0,54650840.0,34571220.0,46012280.0,14550420.0,14356940.0,117206000.0,96206000.0,145857000.0,138083000.0,87303000.0,116484000.0,36716000.0,36310000.0
20240123,370520.0,35656300.0,33653910.0,35713630.0,38086530.0,28392950.0,29067140.0,12069710.0,11025000.0,92064000.0,86686000.0,92149000.0,98202000.0,73149000.0,75071000.0,31097000.0,28499000.0
20240124,-10718220.0,40016340.0,29531570.0,37501240.0,37267790.0,25683090.0,30820850.0,7788870.0,13369330.0,106138000.0,78215000.0,99437000.0,98798000.0,68046000.0,81755000.0,20622000.0,35475000.0
20240125,917710.0,33333880.0,30941160.0,33641500.0,36951920.0,29677550.0,25879550.0,6764390.0,9644680.0,86974000.0,80578000.0,87750000.0,96418000.0,77285000.0,67506000.0,17597000.0,25103000.0
20240126,-4137620.0,28462220.0,23306150.0,26906070.0,27924520.0,17363770.0,17503260.0,5401940.0,9400070.0,74273000.0,60754000.0,70203000.0,72810000.0,45270000.0,45671000.0,14070000.0,24581000.0
20240129,-7210260.0,31393730.0,22531120.0,25460650.0,27113000.0,19730680.0,23178640.0,7050560.0,10812860.0,85282000.0,61145000.0,69131000.0,73598000.0,53677000.0,63032000.0,19179000.0,29494000.0
20240130,-7225230.0,27068930.0,19468000.0,21874130.0,22249820.0,15954850.0,19705150.0,5192330.0,8667260.0,76142000.0,54563000.0,61472000.0,62491000.0,44896000.0,55516000.0,14633000.0,24573000.0
20240131,-3673870.0,38106390.0,34127390.0,38897220.0,39202340.0,28478330.0,28528280.0,7279530.0,10903450.0,107170000.0,95684000.0,109159000.0,109974000.0,79841000.0,80139000.0,20370000.0,30743000.0
20240201,-1830090.0,29182720.0,27908690.0,25792340.0,25236290.0,16441480.0,15398740.0,3539530.0,6412360.0,85123000.0,81322000.0,75156000.0,73535000.0,47921000.0,44911000.0,10310000.0,18742000.0
20240202,-9631300.0,38570480.0,26797480.0,32132120.0,34273810.0,22509370.0,30964730.0,4885550.0,6061490.0,116953000.0,81075000.0,97261000.0,103853000.0,68348000.0,94133000.0,14953000.0,18453000.0
20240205,-11092680.0,44399830.0,35613790.0,37794800.0,35488160.0,21540440.0,29872320.0,5001640.0,7762440.0,138159000.0,110471000.0,117392000.0,110354000.0,67097000.0,92983000.0,15691000.0,24531000.0
20240206,-1004710.0,37807160.0,37115280.0,34364360.0,34051520.0,23830390.0,24047260.0,6395070.0,7182910.0,113155000.0,111034000.0,102815000.0,101908000.0,71141000.0,71828000.0,19043000.0,21384000.0
20240207,-2392540.0,43811690.0,38822140.0,37339620.0,39936630.0,24362370.0,25283340.0,6470290.0,7941860.0,127612000.0,112960000.0,108613000.0,116307000.0,70884000.0,73616000.0,18878000.0,23105000.0
20240208,-2469760.0,34911120.0,33591590.0,33242390.0,32092160.0,22682030.0,26336620.0,6802670.0,5617840.0,99891000.0,95988000.0,94968000.0,91747000.0,64806000.0,75315000.0,19411000.0,16026000.0
20240219,-6763240.0,26571070.0,24445890.0,26767490.0,22129440.0,15630820.0,19136560.0,2483450.0,5740950.0,75783000.0,69680000.0,76250000.0,63055000.0,44515000.0,54532000.0,7069000.0,16351000.0
20240220,-2716720.0,19824150.0,16883310.0,19955390.0,20179500.0,13377540.0,15531420.0,2062020.0,2624860.0,57155000.0,48621000.0,57492000.0,58157000.0,38560000.0,44780000.0,5938000.0,7586000.0
20240221,5295260.0,25596610.0,28255970.0,30673420.0,33309330.0,26366440.0,23387210.0,7851600.0,5535570.0,71864000.0,79284000.0,86124000.0,93533000.0,73851000.0,65535000.0,21919000.0,15405000.0
20240222,-3760680.0,19848000.0,16712100.0,20031650.0,19406870.0,13650300.0,15702300.0,3457610.0,5166290.0,55954000.0,47072000.0,56433000.0,54681000.0,38445000.0,44242000.0,9719000.0,14556000.0
20240223,1777360.0,21964130.0,22817780.0,25573810.0,26497520.0,20363700.0,18955870.0,4872500.0,4502970.0,61158000.0,63446000.0,71121000.0,73684000.0,56567000.0,52721000.0,13533000.0,12529000.0
20240226,208920.0,21990340.0,21151110.0,24215300.0,25263440.0,19135890.0,19881940.0,5522690.0,4567720.0,61091000.0,58688000.0,67221000.0,70100000.0,53058000.0,55201000.0,15314000.0,12695000.0
20240227,2895490.0,20830920.0,22248930.0,25457700.0,26935180.0,23012190.0,22725320.0,9165820.0,6557200.0,57669000.0,61484000.0,70406000.0,74455000.0,63591000.0,62822000.0,25231000.0,18135000.0
20240228,-6758620.0,41163680.0,36963500.0,49822780.0,47264350.0,42658650.0,45601540.0,9136000.0,12951730.0,110384000.0,98795000.0,133353000.0,126408000.0,114007000.0,122185000.0,24296000.0,34652000.0
20240229,2594350.0,48750880.0,49020120.0,49467950.0,51793080.0,43010370.0,43142430.0,21630010.0,18903600.0,131428000.0,131591000.0,132930000.0,139168000.0,115440000.0,115941000.0,57677000.0,50774000.0
20240301,-3948990.0,48536020.0,48179060.0,56144440.0,52552400.0,43142370.0,46553820.0,21138430.0,21675970.0,124233000.0,123233000.0,143725000.0,134545000.0,110533000.0,119206000.0,54035000.0,55541000.0
20240304,-14430850.0,39925160.0,28098970.0,36947050.0,34342380.0,23386470.0,32572370.0,8329300.0,13574250.0,101197000.0,71110000.0,93512000.0,86848000.0,59206000.0,82451000.0,21011000.0,34518000.0
20240305,-11829280.0,37453410.0,23744570.0,24288780.0,26168340.0,13388580.0,21185130.0,3982890.0,8015620.0,97752000.0,61942000.0,63412000.0,68296000.0,34958000.0,55327000.0,10403000.0,20959000.0
20240306,-5328170.0,31550950.0,29545590.0,29194250.0,25871450.0,19005100.0,22380490.0,3241030.0,5193810.0,81589000.0,76253000.0,75271000.0,66677000.0,48903000.0,57748000.0,8352000.0,13437000.0
20240307,-6110290.0,24879180.0,17966720.0,19758080.0,20560260.0,11781130.0,16912590.0,4381050.0,5359880.0,64771000.0,46702000.0,51376000.0,53465000.0,30637000.0,43952000.0,11370000.0,14035000.0
20240308,-569990.0,20568860.0,19470440.0,21445340.0,21973760.0,14338870.0,13287120.0,5091240.0,6712980.0,54485000.0,51502000.0,56753000.0,58110000.0,37904000.0,35178000.0,13464000.0,17816000.0
20240311,27167680.0,51965830.0,73023200.0,86146350.0,92256670.0,82509410.0,78745280.0,44504670.0,21101120.0,127197000.0,179048000.0,211139000.0,226082000.0,201773000.0,192441000.0,108838000.0,51376000.0
20240312,-7639490.0,46677620.0,45706690.0,71098200.0,64429640.0,65790380.0,65704060.0,22513720.0,30239530.0,109644000.0,107198000.0,166772000.0,151055000.0,154081000.0,154069000.0,52592000.0,70765000.0
20240313,-2581960.0,29949050.0,28883510.0,37363830.0,35847410.0,35106730.0,29970170.0,11066590.0,18785110.0,71133000.0,68535000.0,88677000.0,85050000.0,83294000.0,71117000.0,26187000.0,44589000.0
20240314,-503720.0,25817300.0,29316490.0,36760570.0,32757660.0,24253180.0,25470000.0,9071640.0,8358540.0,61299000.0,69471000.0,87171000.0,77581000.0,57483000.0,60439000.0,21407000.0,19869000.0
20240315,-4396210.0,28548180.0,22937810.0,35698560.0,36912730.0,24466320.0,24995100.0,8752190.0,12619620.0,70021000.0,56217000.0,87479000.0,90520000.0,59982000.0,61281000.0,21505000.0,30969000.0
20240318,-5073650.0,30715570.0,33024440.0,50024160.0,42641630.0,32816130.0,37146470.0,12522600.0,13265910.0,73078000.0,78554000.0,118970000.0,101403000.0,78047000.0,88348000.0,29764000.0,31555000.0
20240319,-8542400.0,27834510.0,18256650.0,31650000.0,32685470.0,19754630.0,28472060.0,6642160.0,6467130.0,66415000.0,43532000.0,75477000.0,77937000.0,47134000.0,67954000.0,15830000.0,15432000.0
20240320,-1764870.0,21242150.0,19032830.0,27149210.0,27593660.0,21910660.0,21898850.0,3409900.0,5186580.0,50588000.0,45312000.0,64616000.0,65677000.0,52138000.0,52092000.0,8098000.0,12359000.0
20240321,1642280.0,18198660.0,20338420.0,27866620.0,27369130.0,22449090.0,20104210.0,5554170.0,6256770.0,43363000.0,48428000.0,66348000.0,65111000.0,53358000.0,47821000.0,13213000.0,14922000.0
20240322,-4703970.0,20868740.0,16667340.0,28713960.0,28211390.0,19951100.0,21198760.0,4321050.0,7777360.0,51096000.0,40789000.0,70244000.0,69049000.0,48811000.0,51849000.0,10532000.0,18996000.0
20240325,-7510370.0,25434320.0,19025930.0,23503020.0,22401040.0,14489170.0,18950640.0,2560760.0,5609660.0,64002000.0,47826000.0,59055000.0,56278000.0,36400000.0,47657000.0,6442000.0,14138000.0
20240326,10285040.0,26704270.0,34312010.0,39113630.0,41790940.0,30851720.0,26047810.0,12819940.0,7338810.0,66558000.0,85159000.0,96853000.0,103390000.0,76173000.0,64358000.0,31479000.0,18155000.0
20240327,-6245030.0,27939430.0,17715820.0,24519560.0,28498150.0,16521060.0,17512430.0,3519330.0,8772990.0,70450000.0,44619000.0,61707000.0,71778000.0,41582000.0,44112000.0,8868000.0,22096000.0
20240328,448250.0,18813730.0,20232000.0,20226660.0,19256640.0,12434760.0,12772320.0,3428020.0,2642210.0,47860000.0,51421000.0,51439000.0,48968000.0,31593000.0,32492000.0,8692000.0,6704000.0
20240329,-1205450.0,17608960.0,15568540.0,20049990.0,20884960.0,12684690.0,11444600.0,2196030.0,4641570.0,44671000.0,39432000.0,50829000.0,52933000.0,32111000.0,29011000.0,5544000.0,11780000.0
20240401,6945220.0,18207460.0,22109230.0,30598260.0,33641710.0,28814500.0,22565320.0,5657140.0,4961100.0,45008000.0,54626000.0,75615000.0,83132000.0,71177000.0,55766000.0,13982000.0,12257000.0
20240402,6544130.0,21323370.0,24559910.0,39088150.0,42395730.0,31141390.0,26427310.0,8022500.0,6192450.0,52136000.0,59957000.0,95469000.0,103479000.0,75948000.0,64515000.0,19529000.0,15131000.0
20240403,-4674270.0,22620110.0,18085150.0,34420390.0,34281090.0,21353960.0,23184430.0,3708980.0,6552780.0,55437000.0,44238000.0,84216000.0,83853000.0,52212000.0,56759000.0,9068000.0,16084000.0
20240408,-12578130.0,36955670.0,20474190.0,33789390.0,37692740.0,23888080.0,34423670.0,6371420.0,8413960.0,94058000.0,52024000.0,85805000.0,95784000.0,60627000.0,87590000.0,16275000.0,21368000.0
20240409,4416070.0,32087760.0,31108240.0,38429350.0,43824930.0,29237280.0,26924230.0,11603570.0,9500550.0,80850000.0,78281000.0,96776000.0,110285000.0,73527000.0,67772000.0,29072000.0,23887000.0
20240410,-3937110.0,22881050.0,18735460.0,20916090.0,21124570.0,13226610.0,16496040.0,3634370.0,4302050.0,57939000.0,47393000.0,52867000.0,53389000.0,33403000.0,41723000.0,9168000.0,10872000.0
20240411,-3693440.0,22734410.0,17257620.0,22584490.0,24367840.0,14095130.0,16474140.0,4560870.0,5875300.0,58761000.0,44565000.0,58365000.0,62975000.0,36422000.0,42586000.0,11794000.0,15215000.0
20240412,-12182110.0,35268640.0,23320650.0,34508880.0,34274760.0,20286670.0,25637470.0,10649600.0,17480910.0,94716000.0,62708000.0,92674000.0,92097000.0,54599000.0,68835000.0,28760000.0,47111000.0
20240415,-1481150.0,26013750.0,23298450.0,27329230.0,28563370.0,20269390.0,22603110.0,5876390.0,5023820.0,69636000.0,62251000.0,73039000.0,76416000.0,54197000.0,60477000.0,15773000.0,13501000.0
20240416,-3790520.0,32406700.0,20319770.0,22554930.0,30851340.0,13993840.0,17466200.0,4260100.0,4578260.0,89879000.0,56326000.0,62521000.0,85546000.0,38787000.0,48425000.0,11842000.0,12732000.0
20240417,-863370.0,20381790.0,20059610.0,21752770.0,21211580.0,13481230.0,12938080.0,2412650.0,3819170.0,56162000.0,55226000.0,59897000.0,58408000.0,37098000.0,35641000.0,6645000.0,10526000.0
20240418,-364870.0,22712030.0,19104770.0,21688100.0,24930490.0,13859470.0,13766510.0,2741650.0,3199480.0,62780000.0,52780000.0,59897000.0,68812000.0,38202000.0,38031000.0,7574000.0,8830000.0
20240419,-6557480.0,29215270.0,21677350.0,25161240.0,26141690.0,14148840.0,17742610.0,4427290.0,7391000.0,82998000.0,61586000.0,71522000.0,74285000.0,40229000.0,50413000.0,12602000.0,21067000.0
20240422,6605530.0,21196980.0,24652590.0,19682500.0,22832420.0,12681970.0,9767120.0,9464030.0,5773350.0,60878000.0,70780000.0,56478000.0,65561000.0,36400000.0,28035000.0,27216000.0,16597000.0
20240423,-829480.0,17302380.0,15248050.0,18016200.0,19241050.0,12736780.0,11167560.0,1494310.0,3893010.0,49729000.0,43767000.0,51761000.0,55297000.0,36530000.0,32078000.0,4284000.0,11161000.0
20240424,-2012080.0,28569500.0,25975480.0,27529740.0,28111670.0,19414560.0,18582420.0,6598780.0,9443000.0,83844000.0,76241000.0,80759000.0,82447000.0,56926000.0,54490000.0,19384000.0,27735000.0
20240425,7993310.0,36387570.0,44793870.0,46169720.0,45756730.0,35988960.0,33141530.0,16504370.0,11358490.0,101134000.0,124539000.0,128404000.0,127333000.0,100076000.0,92113000.0,45906000.0,31534000.0
20240426,-1217360.0,23449880.0,21197840.0,24269410.0,25304090.0,22002930.0,24048740.0,9369800.0,8541350.0,64895000.0,58618000.0,67175000.0,70017000.0,60843000.0,66525000.0,25883000.0,23637000.0
20240429,13484750.0,38312180.0,50246850.0,43874210.0,45424290.0,35554110.0,30137160.0,16665270.0,8597470.0,101936000.0,133439000.0,116738000.0,120840000.0,94483000.0,80125000.0,44123000.0,22876000.0
20240430,-7599990.0,27668490.0,19120230.0,27113130.0,28061400.0,14404970.0,21569430.0,5870030.0,6305560.0,74366000.0,51365000.0,72839000.0,75405000.0,38702000.0,57985000.0,15812000.0,16965000.0
20240506,8515880.0,32244660.0,38886950.0,42571140.0,44444720.0,39689160.0,32650750.0,9672670.0,8195200.0,83280000.0,100476000.0,110045000.0,114911000.0,102645000.0,84411000.0,24994000.0,21166000.0
20240507,419140.0,17341210.0,19758880.0,23256760.0,21258240.0,16364860.0,15681250.0,6790250.0,7054720.0,44861000.0,51055000.0,60156000.0,54976000.0,42305000.0,40555000.0,17535000.0,18272000.0
20240508,954060.0,25266240.0,20075820.0,22594630.0,28739120.0,14541790.0,16165530.0,7478960.0,4901160.0,66547000.0,52920000.0,59450000.0,75794000.0,38303000.0,42478000.0,19791000.0,12899000.0
20240509,3199840.0,48724470.0,52304370.0,66560760.0,66180690.0,62291450.0,58625810.0,28687020.0,29152820.0,122634000.0,131676000.0,167686000.0,166641000.0,156728000.0,147572000.0,72091000.0,73251000.0
20240510,-7051300.0,31693610.0,25296340.0,29167070.0,28513050.0,22864630.0,25726770.0,6541460.0,10730620.0,81140000.0,64759000.0,74638000.0,72902000.0,58445000.0,65812000.0,16690000.0,27440000.0
20240513,-3654320.0,23033840.0,21092900.0,23661510.0,21948130.0,15719320.0,15899430.0,4234670.0,7708880.0,60488000.0,55354000.0,62121000.0,57638000.0,41278000.0,41751000.0,11113000.0,20257000.0
20240514,-4240730.0,19599870.0,13914360.0,19626420.0,21071200.0,13318000.0,14743760.0,3828500.0,6643470.0,51941000.0,36860000.0,52010000.0,55827000.0,35312000.0,39079000.0,10134000.0,17630000.0
20240515,243380.0,19325740.0,19837330.0,19126750.0,18858540.0,10870480.0,11482380.0,3951420.0,3096140.0,50927000.0,52232000.0,50291000.0,49589000.0,28638000.0,30206000.0,10371000.0,8200000.0
20240516,1237660.0,17599950.0,17611400.0,17130870.0,18357090.0,12433500.0,12052750.0,3438040.0,2581130.0,46730000.0,46750000.0,45507000.0,48753000.0,32999000.0,32000000.0,9112000.0,6845000.0
20240517,-3606570.0,21222730.0,17654680.0,24710210.0,24671690.0,15269700.0,15843290.0,4168530.0,7201510.0,56379000.0,46820000.0,65586000.0,65508000.0,40516000.0,42060000.0,11073000.0,19166000.0
20240520,-4305410.0,23308310.0,15509210.0,24060760.0,27554470.0,16918890.0,16755830.0,3680140.0,8148610.0,61641000.0,40979000.0,63553000.0,72844000.0,44713000.0,44281000.0,9744000.0,21547000.0
20240521,-4327600.0,16663920.0,12642100.0,18993640.0,18687870.0,16744630.0,20356420.0,4588390.0,5304200.0,44998000.0,34106000.0,51264000.0,50429000.0,45188000.0,54960000.0,12377000.0,14331000.0
20240522,10621660.0,33715050.0,46240000.0,54118330.0,52215040.0,56695640.0,50462210.0,17481330.0,13093100.0,87630000.0,120395000.0,141012000.0,135961000.0,147690000.0,131128000.0,45188000.0,34036000.0
20240523,-6605830.0,22776280.0,15998200.0,24521930.0,24694180.0,18521200.0,20550820.0,6046580.0,10622790.0,59592000.0,41842000.0,64135000.0,64602000.0,48434000.0,53746000.0,15840000.0,27812000.0
20240524,-4760620.0,23904700.0,20137610.0,23624490.0,22630960.0,16016520.0,16754250.0,5684880.0,9707770.0,63977000.0,53908000.0,63269000.0,60556000.0,42877000.0,44875000.0,15272000.0,26057000.0
20240527,-1984140.0,16609960.0,15273220.0,17806750.0,17159340.0,12655620.0,11986740.0,2553730.0,5206750.0,45529000.0,41875000.0,48789000.0,47009000.0,34694000.0,32849000.0,6997000.0,14277000.0
20240528,-3272760.0,18546240.0,15577640.0,18913920.0,18609770.0,9172370.0,11757530.0,1460220.0,2147820.0,50553000.0,42453000.0,51506000.0,50675000.0,24966000.0,32020000.0,3989000.0,5866000.0
20240529,2208190.0,36183470.0,37673910.0,50247130.0,50964880.0,43020810.0,39526580.0,14139580.0,15425620.0,95057000.0,98681000.0,132112000.0,133653000.0,112494000.0,103905000.0,36997000.0,40421000.0
20240530,749010.0,25751600.0,31303510.0,43610540.0,38807640.0,23295290.0,26718990.0,12186260.0,8013550.0,67622000.0,81992000.0,114266000.0,101722000.0,60985000.0,70011000.0,31850000.0,20998000.0
20240531,2756580.0,32468720.0,40575760.0,54443920.0,49093470.0,37874050.0,35548610.0,15647150.0,15216010.0,82569000.0,103086000.0,138346000.0,124760000.0,96273000.0,90379000.0,39753000.0,38716000.0
20240603,1781720.0,38828450.0,46376620.0,75121040.0,69354600.0,55168300.0,59691190.0,24282540.0,17977930.0,96271000.0,114821000.0,186073000.0,171685000.0,136408000.0,147682000.0,59902000.0,44465000.0
20240604,16708120.0,54584550.0,62294270.0,85982830.0,94981230.0,95556340.0,88647610.0,49842740.0,40043350.0,125919000.0,143879000.0,198828000.0,219681000.0,221341000.0,205024000.0,115004000.0,92507000.0
20240605,-14723330.0,56545130.0,40238940.0,58637690.0,60220540.0,42707590.0,54523480.0,25046130.0,27953570.0,130578000.0,92889000.0,135425000.0,138843000.0,98425000.0,125739000.0,57657000.0,64615000.0
20240606,2484660.0,42183190.0,40688340.0,47813150.0,51792650.0,40107060.0,36210330.0,14770720.0,16182790.0,98721000.0,95109000.0,111817000.0,121221000.0,93781000.0,84710000.0,34508000.0,37787000.0
20240607,-10950980.0,38637870.0,29412560.0,43549120.0,41823450.0,32021630.0,36894330.0,11347820.0,17426100.0,92760000.0,70501000.0,104400000.0,100321000.0,76733000.0,88435000.0,27257000.0,41893000.0
20240611,-1137640.0,25152630.0,22724360.0,30018660.0,31309290.0,22066580.0,22683440.0,6036100.0,6556880.0,61286000.0,55297000.0,73089000.0,76235000.0,53695000.0,55239000.0,14674000.0,15973000.0
20240612,-2603660.0,22723330.0,21463810.0,28155590.0,26811450.0,20866920.0,19428660.0,4120480.0,8162400.0,55870000.0,52741000.0,69194000.0,65885000.0,51290000.0,47748000.0,10133000.0,20113000.0
20240613,-1329780.0,25043930.0,24162710.0,30973410.0,30524850.0,24039120.0,23818720.0,8935700.0,10485880.0,61516000.0,59270000.0,75957000.0,74801000.0,58830000.0,58424000.0,21811000.0,25618000.0
20240614,4179160.0,29859110.0,33705360.0,34419040.0,34751940.0,25973060.0,22569510.0,7944010.0,7168400.0,74566000.0,83893000.0,85708000.0,86504000.0,64571000.0,56280000.0,19734000.0,17901000.0
20240617,17600190.0,34466660.0,52504920.0,57586120.0,57148050.0,60116010.0,47544860.0,21613710.0,16584670.0,82022000.0,124615000.0,137267000.0,135818000.0,142754000.0,113437000.0,51246000.0,39417000.0
20240618,1108360.0,21582900.0,27107260.0,31578930.0,27162920.0,26718710.0,22368790.0,4470370.0,7711930.0,50324000.0,63147000.0,73581000.0,63291000.0,62227000.0,52108000.0,10411000.0,17997000.0
20240619,6597660.0,18473230.0,23842010.0,26925990.0,28154880.0,23085740.0,20822190.0,10985930.0,6651820.0,43004000.0,55412000.0,62565000.0,65378000.0,53581000.0,48405000.0,25548000.0,15505000.0
20240620,-841290.0,16798310.0,17990030.0,23146900.0,21113890.0,16075040.0,16282780.0,3529520.0,4163070.0,39599000.0,42353000.0,54516000.0,49712000.0,37840000.0,38389000.0,8319000.0,9820000.0
20240621,1095530.0,21040380.0,19060170.0,22285350.0,25361090.0,14039730.0,11843430.0,3695620.0,4796390.0,50618000.0,45820000.0,53552000.0,60923000.0,33732000.0,28485000.0,8881000.0,11555000.0
20240624,2466610.0,27445850.0,28586320.0,34155760.0,35481890.0,24468680.0,21027160.0,5902470.0,6877380.0,65340000.0,67962000.0,81261000.0,84371000.0,58312000.0,50072000.0,14031000.0,16539000.0
20240625,-2326240.0,24569610.0,22425470.0,28495850.0,28313750.0,16812940.0,20795070.0,6071530.0,4415640.0,59684000.0,54391000.0,69124000.0,68708000.0,40837000.0,50512000.0,14754000.0,10787000.0
20240626,-3104740.0,22131530.0,20278410.0,30720120.0,29468500.0,22769690.0,22464290.0,2690860.0,6101000.0,54220000.0,49564000.0,75258000.0,72134000.0,55853000.0,55265000.0,6582000.0,14951000.0
20240627,604950.0,16145990.0,19558690.0,22416970.0,19609210.0,15482600.0,16542370.0,4376680.0,2711960.0,39309000.0,47580000.0,54547000.0,47722000.0,37672000.0,40244000.0,10615000.0,6597000.0
20240628,-7219940.0,26228750.0,25044900.0,35607890.0,29571800.0,24629470.0,26083450.0,4051010.0,9816970.0,64992000.0,61824000.0,87953000.0,72980000.0,60924000.0,64708000.0,10062000.0,24419000.0
20240701,-9611430.0,43244220.0,30941740.0,45616220.0,48307260.0,25513880.0,28366610.0,5437600.0,12196300.0,113745000.0,81310000.0,119795000.0,126860000.0,67025000.0,74544000.0,14292000.0,32142000.0
20240702,-2049710.0,18253260.0,16628280.0,18825890.0,18401150.0,12871550.0,13611600.0,2458420.0,3768080.0,47696000.0,43390000.0,49139000.0,48046000.0,33658000.0,35593000.0,6449000.0,9912000.0
20240703,2446710.0,20890210.0,25776450.0,26325240.0,23885710.0,16528570.0,15550590.0,3865820.0,2397090.0,54267000.0,66882000.0,68264000.0,61892000.0,42833000.0,40324000.0,10004000.0,6270000.0
20240704,123480.0,17369320.0,15063970.0,14963080.0,17391910.0,10056010.0,9489990.0,1194120.0,1636660.0,45708000.0,39612000.0,39351000.0,45768000.0,26460000.0,24965000.0,3130000.0,4304000.0
20240705,-3236070.0,16643160.0,12966680.0,14535860.0,14976290.0,9148210.0,11928220.0,1816720.0,2272780.0,44381000.0,34557000.0,38741000.0,39918000.0,24386000.0,31815000.0,4852000.0,6069000.0
20240708,-5156140.0,28633320.0,18064410.0,20306830.0,25719590.0,14627460.0,15331590.0,2670850.0,7122860.0,78384000.0,49400000.0,55541000.0,70385000.0,40040000.0,41956000.0,7330000.0,19554000.0
20240709,-285470.0,37990200.0,31039960.0,32366260.0,39031020.0,20232550.0,21677390.0,8763340.0,7603970.0,107070000.0,87386000.0,91115000.0,109837000.0,56901000.0,61056000.0,24669000.0,21476000.0
20240710,-998530.0,24932310.0,24341390.0,24494150.0,24086540.0,15454220.0,16154900.0,4583700.0,4881550.0,70046000.0,68213000.0,68656000.0,67585000.0,43210000.0,45259000.0,12842000.0,13697000.0
20240711,11436230.0,30487040.0,40484730.0,37882160.0,39320690.0,30338720.0,25014880.0,14385490.0,8273100.0,82772000.0,109748000.0,103030000.0,106927000.0,82376000.0,67996000.0,39074000.0,22580000.0
20240712,2150270.0,24374660.0,31338320.0,34544570.0,29731180.0,24569360.0,22052470.0,8838840.0,9205460.0,64285000.0,82506000.0,91066000.0,78402000.0,64796000.0,58215000.0,23253000.0,24278000.0
20240715,-9825590.0,28836280.0,16173800.0,14112810.0,16949700.0,8695470.0,12499710.0,2807280.0,8828630.0,76239000.0,42741000.0,37309000.0,44802000.0,23001000.0,33031000.0,7423000.0,23397000.0
20240716,7788010.0,27181990.0,29845880.0,32010250.0,37134360.0,22134330.0,17201630.0,10311740.0,7456430.0,70221000.0,76983000.0,82646000.0,95871000.0,57074000.0,44341000.0,26527000.0,19273000.0
20240717,-797510.0,27812310.0,22607380.0,21019570.0,25426990.0,13734520.0,14647970.0,4060160.0,3944220.0,72384000.0,58799000.0,54806000.0,66277000.0,35762000.0,38167000.0,10608000.0,10317000.0
20240718,8196630.0,30699290.0,32842240.0,28797540.0,34851220.0,25450070.0,23051920.0,14026990.0,8228510.0,78267000.0,83564000.0,73414000.0,88687000.0,64688000.0,58669000.0,35415000.0,20863000.0
20240719,-1181000.0,23975710.0,21058410.0,20526880.0,22263190.0,20784230.0,18610310.0,7020640.0,10375560.0,60166000.0,52847000.0,51577000.0,55885000.0,52157000.0,46700000.0,17580000.0,26048000.0
20240722,-6270320.0,27038460.0,19248600.0,22095520.0,23615080.0,13925990.0,18782170.0,4350770.0,5764910.0,67518000.0,48041000.0,55105000.0,58902000.0,34727000.0,46839000.0,10838000.0,14407000.0
20240723,-7626340.0,24751550.0,16906560.0,23880760.0,24099420.0,15840870.0,17998660.0,3229720.0,8698270.0,62506000.0,42526000.0,60127000.0,60688000.0,39977000.0,45495000.0,8150000.0,22052000.0
20240724,-6517520.0,29112530.0,23798290.0,23648490.0,22445200.0,11283750.0,14738400.0,3158590.0,6221460.0,76093000.0,62300000.0,61845000.0,58624000.0,29517000.0,38527000.0,8261000.0,16265000.0
20240725,1662820.0,19315690.0,22652200.0,18719370.0,17045680.0,11229850.0,9554890.0,2433510.0,2445650.0,50348000.0,58998000.0,48739000.0,44394000.0,29235000.0,24890000.0,6325000.0,6365000.0
20240726,8600560.0,29075410.0,34001900.0,34826260.0,38500330.0,28124620.0,23690730.0,14401660.0,10234990.0,73109000.0,85426000.0,87312000.0,96540000.0,70437000.0,59304000.0,35970000.0,25557000.0
20240729,-4731510.0,29275650.0,31537690.0,28756450.0,21762910.0,18124960.0,17085450.0,5998990.0,11770010.0,77250000.0,83329000.0,75922000.0,57406000.0,47883000.0,45090000.0,15838000.0,31069000.0
20240730,-2593770.0,19724900.0,16191580.0,15492150.0,16431700.0,7900990.0,11619530.0,4540620.0,3415850.0,53020000.0,43520000.0,41640000.0,44174000.0,21239000.0,31246000.0,12226000.0,9185000.0
20240731,4463210.0,22008060.0,23013360.0,18608410.0,22066310.0,16930470.0,14043310.0,6995200.0,5419150.0,58054000.0,60699000.0,49063000.0,58132000.0,44568000.0,36972000.0,18338000.0,14220000.0
20240801,-4881000.0,20167520.0,16832600.0,17072290.0,15526200.0,10210860.0,11070770.0,2452020.0,6473110.0,53189000.0,44412000.0,45007000.0,40941000.0,26915000.0,29200000.0,6443000.0,17001000.0
20240802,-2630500.0,15980290.0,14065860.0,13913670.0,13197600.0,8319880.0,9227360.0,2806440.0,4529460.0,42784000.0,37605000.0,37222000.0,35294000.0,22275000.0,24706000.0,7462000.0,12138000.0
20240805,-2070830.0,19908500.0,16821530.0,16368160.0,17384280.0,7915640.0,10725740.0,2301920.0,1562650.0,53922000.0,45478000.0,44256000.0,47048000.0,21397000.0,29056000.0,6227000.0,4220000.0
20240806,-429660.0,13280280.0,13815770.0,12305860.0,11340710.0,7471060.0,7439680.0,1674060.0,2135100.0,36061000.0,37489000.0,33383000.0,30752000.0,20270000.0,20195000.0,4535000.0,5812000.0
20240807,8529010.0,21602010.0,30672150.0,28405420.0,27864290.0,24634980.0,17214260.0,9103570.0,7995280.0,56588000.0,80344000.0,74404000.0,73017000.0,64499000.0,45033000.0,23822000.0,20918000.0
20240808,-911440.0,16364310.0,15126190.0,13579400.0,13906070.0,9844480.0,9411210.0,2049740.0,3394450.0,43499000.0,40153000.0,36087000.0,36932000.0,26147000.0,25041000.0,5442000.0,9049000.0
20240809,-1834560.0,14047820.0,10929530.0,11503230.0,12786960.0,5956530.0,8440340.0,3311100.0,2661850.0,37592000.0,29202000.0,30745000.0,34149000.0,15906000.0,22617000.0,8862000.0,7137000.0
20240812,-373090.0,12692440.0,11280160.0,9645120.0,10684300.0,5310800.0,5278320.0,639260.0,1044830.0,34605000.0,30733000.0,26275000.0,29113000.0,14459000.0,14389000.0,1740000.0,2844000.0
20240813,1484240.0,17846700.0,21643470.0,23241280.0,20928750.0,13019800.0,12725740.0,4637620.0,3447440.0,47818000.0,57841000.0,62073000.0,55976000.0,34737000.0,34006000.0,12362000.0,9168000.0
20240814,-5101870.0,19075950.0,18226160.0,21832370.0,17580290.0,11266190.0,11787890.0,2799290.0,7379460.0,50759000.0,48435000.0,58003000.0,46677000.0,29920000.0,31311000.0,7425000.0,19683000.0
20240815,729710.0,17436480.0,16434180.0,14343610.0,16075620.0,10399660.0,10152560.0,3493470.0,3010860.0,46062000.0,43367000.0,37872000.0,42454000.0,27425000.0,26788000.0,9206000.0,7956000.0
20240816,-4487870.0,17566470.0,12930550.0,13650490.0,13798550.0,7675640.0,11486800.0,3089230.0,3765940.0,47242000.0,34759000.0,36703000.0,37101000.0,20625000.0,30881000.0,8303000.0,10132000.0
20240819,-464810.0,28886670.0,18916710.0,25806100.0,35311250.0,19589360.0,20876470.0,5195190.0,4372890.0,78958000.0,51391000.0,70193000.0,96229000.0,53357000.0,56960000.0,14062000.0,11990000.0
20240820,-5322710.0,25199300.0,15558700.0,18575610.0,22893500.0,10405080.0,15757350.0,4144680.0,4115120.0,70963000.0,43743000.0,52259000.0,64488000.0,29300000.0,44353000.0,11660000.0,11599000.0
20240821,3457150.0,23855470.0,24563510.0,23283490.0,26032600.0,14374970.0,12131720.0,4644550.0,3430650.0,68293000.0,70210000.0,66646000.0,74547000.0,41085000.0,34759000.0,13304000.0,9812000.0
20240822,-2959580.0,32329600.0,27244560.0,24421140.0,26546580.0,15325170.0,15473930.0,4700620.0,7511440.0,94326000.0,79391000.0,71205000.0,77410000.0,44658000.0,45112000.0,13726000.0,22001000.0
20240823,-10652300.0,44092040.0,26437740.0,35471300.0,42473310.0,22537780.0,29193150.0,9663460.0,13660390.0,134458000.0,80593000.0,108059000.0,129514000.0,68645000.0,89005000.0,29472000.0,41521000.0
20240826,964850.0,27597260.0,27263390.0,26763940.0,28062650.0,24423660.0,24226720.0,8807090.0,8039180.0,82261000.0,81062000.0,79629000.0,83386000.0,72463000.0,72136000.0,26117000.0,23886000.0
20240827,-6281690.0,24440140.0,16327170.0,17846290.0,19677560.0,13010040.0,13601180.0,2061250.0,7751800.0,75997000.0,50784000.0,55488000.0,61143000.0,40475000.0,42306000.0,6382000.0,24109000.0
20240828,1660340.0,16847040.0,15059670.0,14800080.0,18247790.0,10035440.0,9080530.0,2749230.0,2043800.0,53355000.0,47659000.0,46863000.0,57810000.0,31768000.0,28752000.0,8706000.0,6471000.0
20240829,2797690.0,21920350.0,22475960.0,22646730.0,24888800.0,21304510.0,16982310.0,7294090.0,8818600.0,68396000.0,69945000.0,70568000.0,77594000.0,66293000.0,52978000.0,22656000.0,27395000.0
20240830,3504380.0,33519340.0,33124380.0,31078520.0,34977870.0,23195290.0,21118630.0,8964870.0,7537150.0,100538000.0,99375000.0,93351000.0,104897000.0,69554000.0,63435000.0,26915000.0,22650000.0
20240902,-4977320.0,20085630.0,16151560.0,18248560.0,17205310.0,11739830.0,13694430.0,2835880.0,5858600.0,60898000.0,48921000.0,55305000.0,52123000.0,35569000.0,41531000.0,8565000.0,17763000.0
20240903,1818520.0,19072590.0,22026740.0,19281110.0,18145470.0,16455500.0,14978840.0,4049190.0,3707330.0,57537000.0,66370000.0,58119000.0,54685000.0,49582000.0,45210000.0,12223000.0,11197000.0
20240904,1296490.0,22593090.0,22031920.0,24686230.0,26543900.0,21491540.0,19420210.0,6727200.0,7502040.0,67246000.0,65465000.0,73448000.0,78912000.0,63810000.0,57754000.0,19942000.0,22315000.0
20240905,93520.0,20297940.0,16968070.0,15564600.0,18988010.0,10457340.0,10658590.0,3580530.0,3285760.0,60270000.0,50379000.0,46192000.0,56366000.0,31053000.0,31645000.0,10616000.0,9741000.0
20240906,-4778730.0,15319730.0,9468520.0,12350740.0,13423230.0,8753380.0,11103030.0,2014490.0,4443570.0,46249000.0,28545000.0,37257000.0,40540000.0,26426000.0,33521000.0,6087000.0,13413000.0
20240909,-5289770.0,16224640.0,10726290.0,11568120.0,11776700.0,7524720.0,13175770.0,2212120.0,1850840.0,49943000.0,32962000.0,35602000.0,36228000.0,23139000.0,40563000.0,6790000.0,5721000.0
20240910,-220690.0,14466110.0,14240860.0,9752390.0,9756940.0,7161210.0,6857200.0,1628460.0,2153160.0,44869000.0,44159000.0,30236000.0,30241000.0,22201000.0,21274000.0,5048000.0,6680000.0
20240911,6379600.0,31976630.0,37329830.0,30430390.0,31456800.0,21598410.0,18339110.0,12904900.0,9784600.0,96233000.0,112391000.0,91655000.0,94717000.0,64956000.0,55177000.0,38741000.0,29299000.0
20240912,-2607310.0,33322580.0,29833970.0,29619960.0,30501270.0,22874450.0,23053470.0,6815720.0,9244010.0,97283000.0,87047000.0,86460000.0,89016000.0,66741000.0,67310000.0,19882000.0,26992000.0
20240913,-1086250.0,20143260.0,20090610.0,15934010.0,14900400.0,11244360.0,11504070.0,4695770.0,5522310.0,60858000.0,60701000.0,48118000.0,44943000.0,33953000.0,34723000.0,14141000.0,16704000.0
20240918,-1420190.0,18980490.0,15329760.0,13070400.0,15300930.0,8852850.0,10780810.0,3677360.0,3169590.0,58589000.0,47271000.0,40326000.0,47249000.0,27341000.0,33291000.0,11392000.0,9836000.0
20240919,4491190.0,25105400.0,32529550.0,23360390.0,20427420.0,16378450.0,10783440.0,3860460.0,4964280.0,77228000.0,100017000.0,71831000.0,62795000.0,50373000.0,33162000.0,11845000.0,15303000.0
20240920,-5018750.0,33265360.0,31936230.0,27967970.0,24278360.0,16525150.0,16949580.0,4234930.0,8829250.0,106120000.0,102030000.0,89258000.0,77377000.0,52765000.0,54052000.0,13546000.0,28230000.0
20240923,14110.0,14567450.0,14969670.0,14406410.0,14018290.0,9803100.0,8453100.0,1833690.0,3169580.0,46187000.0,47465000.0,45679000.0,44450000.0,31099000.0,26807000.0,5831000.0,10074000.0
20240924,15391310.0,36015580.0,44387820.0,39365210.0,46384280.0,43100730.0,31086710.0,13176820.0,9799530.0,109584000.0,135372000.0,120206000.0,141429000.0,131438000.0,94832000.0,40171000.0,29766000.0
20240925,-966240.0,38689760.0,33475810.0,36849510.0,41097220.0,28518290.0,29473820.0,13710360.0,13721070.0,113390000.0,97864000.0,107853000.0,120295000.0,83453000.0,86292000.0,39987000.0,40232000.0
20240926,-879740.0,30366560.0,32302820.0,34675320.0,31859320.0,27231350.0,28782900.0,17382490.0,16710680.0,89640000.0,94984000.0,102116000.0,93888000.0,80056000.0,84700000.0,50994000.0,49235000.0
20240927,7522310.0,75665640.0,78767910.0,98733840.0,103153890.0,86966000.0,85656380.0,47366660.0,41153970.0,194263000.0,203213000.0,253901000.0,264528000.0,222654000.0,218991000.0,121406000.0,105493000.0
20240930,3581180.0,88987910.0,89693710.0,141239540.0,144114930.0,149512080.0,143619670.0,90427330.0,92738560.0,191951000.0,193329000.0,305651000.0,311164000.0,323918000.0,310676000.0,195865000.0,202216000.0
20241008,-72037680.0,118945570.0,86160380.0,245590660.0,206338170.0,253053040.0,270482710.0,174835830.0,229443840.0,209628000.0,150810000.0,430755000.0,361261000.0,443677000.0,474322000.0,305979000.0,403645000.0
20241009,-64695940.0,117768690.0,89591440.0,221091750.0,184573050.0,182375830.0,195932720.0,103219540.0,154358590.0,223696000.0,169313000.0,419280000.0,350029000.0,347025000.0,371771000.0,195530000.0,294418000.0
20241010,10526940.0,62610500.0,66136110.0,116051900.0,123053230.0,109145110.0,103773370.0,56736490.0,51581290.0,124024000.0,130561000.0,229407000.0,243125000.0,215415000.0,204783000.0,111598000.0,101975000.0
20241011,-10885880.0,65329470.0,54659390.0,94612570.0,94396760.0,93043710.0,89643330.0,32106070.0,46392330.0,140368000.0,117347000.0,202892000.0,202615000.0,199846000.0,192571000.0,69042000.0,99615000.0
20241014,17257920.0,51851490.0,60883930.0,78040170.0,86265650.0,75320560.0,66069720.0,34025270.0,26018190.0,112267000.0,131491000.0,168672000.0,186365000.0,162527000.0,142766000.0,73388000.0,56233000.0
20241015,-16221260.0,60214990.0,42166030.0,75457170.0,77284870.0,57600450.0,69028440.0,21778900.0,26572170.0,132614000.0,92631000.0,166081000.0,170023000.0,126714000.0,151999000.0,47922000.0,58678000.0
20241016,-15796050.0,51686050.0,39960790.0,63675880.0,59605090.0,50287970.0,58386930.0,25653140.0,33350230.0,119572000.0,92301000.0,147261000.0,137786000.0,116288000.0,135135000.0,59269000.0,77167000.0
20241017,-8454230.0,41700550.0,34810630.0,46801740.0,45237420.0,39719820.0,41351400.0,15527590.0,22350240.0,97080000.0,80883000.0,108798000.0,105123000.0,92236000.0,96126000.0,35963000.0,51945000.0
20241018,23357620.0,72887110.0,87070160.0,118235850.0,127410420.0,122728200.0,107840680.0,46855970.0,38385870.0,164160000.0,195905000.0,265689000.0,285855000.0,274901000.0,241780000.0,104562000.0,85772000.0
20241021,-6521190.0,62891740.0,62665720.0,105089720.0,98794550.0,90760920.0,92163850.0,44008980.0,49127240.0,136985000.0,136279000.0,228620000.0,214823000.0,197407000.0,200564000.0,95658000.0,107006000.0
20241022,-3769880.0,47460800.0,43760230.0,74707430.0,74638120.0,65445230.0,61607160.0,20255190.0,27863140.0,104667000.0,96336000.0,164602000.0,164394000.0,144037000.0,135706000.0,44515000.0,61384000.0
20241023,25045180.0,63009040.0,86761640.0,114335830.0,115628400.0,113837900.0,102676330.0,52762920.0,38879310.0,134803000.0,185076000.0,244203000.0,246718000.0,242493000.0,218811000.0,111913000.0,82807000.0
20241024,-30177900.0,55142170.0,37490430.0,83089270.0,70563120.0,59471890.0,75770150.0,25148620.0,39028260.0,121038000.0,82164000.0,182296000.0,154836000.0,130395000.0,166170000.0,55032000.0,85592000.0
20241025,10217390.0,102932200.0,103029510.0,169067780.0,179187870.0,176178430.0,173906450.0,93823750.0,85878340.0,212371000.0,212421000.0,347501000.0,369215000.0,363267000.0,357245000.0,192019000.0,176277000.0
20241028,-25744630.0,67953790.0,52376920.0,94965180.0,84797410.0,75802790.0,89773700.0,29532660.0,41306380.0,139150000.0,107129000.0,194391000.0,173421000.0,155110000.0,183840000.0,60289000.0,84551000.0
20241029,-21071450.0,63552260.0,41209070.0,74979490.0,76251240.0,61183100.0,74798770.0,27792410.0,35248190.0,130227000.0,84204000.0,153396000.0,156000000.0,125069000.0,152836000.0,56648000.0,72300000.0
20241030,-10354220.0,41341940.0,34935800.0,55360680.0,51412600.0,46629090.0,47090340.0,18327650.0,28220620.0,86938000.0,73314000.0,116285000.0,107942000.0,97802000.0,98914000.0,38473000.0,59327000.0
20241031,8078720.0,59259040.0,63072900.0,89857330.0,94122180.0,82230730.0,83427400.0,45632710.0,36357320.0,121600000.0,129375000.0,184345000.0,193158000.0,168572000.0,171073000.0,93519000.0,74430000.0
20241101,-13776730.0,52300160.0,41157410.0,67999900.0,65365920.0,54726920.0,62789640.0,15552690.0,21266700.0,109853000.0,86181000.0,142654000.0,137062000.0,114677000.0,131733000.0,32546000.0,44755000.0
20241104,890300.0,34025450.0,37188900.0,54922230.0,52649080.0,45235690.0,43532120.0,16331580.0,17144850.0,70801000.0,77332000.0,114274000.0,109445000.0,94090000.0,90575000.0,33876000.0,35691000.0
20241105,-1333390.0,66257280.0,65189760.0,113680600.0,113414730.0,101469290.0,102237480.0,44632830.0,45198030.0,133597000.0,131437000.0,229076000.0,228555000.0,204427000.0,205883000.0,89733000.0,90957000.0
20241106,-20953390.0,76769090.0,67597400.0,134623810.0,122842110.0,115965950.0,117092650.0,49245570.0,69072260.0,150613000.0,131763000.0,263097000.0,239960000.0,226376000.0,229034000.0,95991000.0,135320000.0
20241107,-5510970.0,55900260.0,53438180.0,90270710.0,87221810.0,75544200.0,83503250.0,34278530.0,31830450.0,112207000.0,107076000.0,181080000.0,174800000.0,151297000.0,167433000.0,68475000.0,63749000.0
20241108,-1645620.0,66957300.0,62560840.0,115889230.0,118640090.0,109298530.0,118780220.0,75287910.0,67451840.0,127567000.0,118675000.0,220202000.0,225008000.0,206957000.0,225677000.0,142311000.0,127676000.0
20241111,9340730.0,72131820.0,80472150.0,134934560.0,135934960.0,140556660.0,127574170.0,74422760.0,78064520.0,135117000.0,150425000.0,252408000.0,254329000.0,262654000.0,238779000.0,139212000.0,145856000.0
20241112,-27153910.0,91897160.0,78887900.0,157693730.0,143549080.0,141605520.0,151092770.0,78304210.0,95970870.0,166557000.0,141639000.0,284174000.0,258793000.0,254132000.0,271917000.0,139935000.0,172450000.0
20241113,-2512860.0,70169030.0,61090010.0,91794610.0,98360760.0,76634430.0,82272510.0,40754470.0,37629250.0,131791000.0,114248000.0,171897000.0,184191000.0,143338000.0,154126000.0,76048000.0,70509000.0
20241114,-22514340.0,55624310.0,40396190.0,75076690.0,67790470.0,66458100.0,73078420.0,20209450.0,36103470.0,105703000.0,76373000.0,142225000.0,128489000.0,125736000.0,138649000.0,38433000.0,68586000.0
20241115,-11673200.0,52436720.0,42484660.0,62088640.0,60367510.0,50838400.0,53161260.0,21205640.0,30555980.0,103906000.0,83913000.0,122887000.0,119403000.0,100552000.0,105296000.0,41912000.0,60645000.0
20241118,-12960190.0,59793430.0,43903740.0,59838810.0,62768310.0,48108230.0,57171930.0,20025970.0,23922460.0,123125000.0,90191000.0,123080000.0,129166000.0,99039000.0,117811000.0,41215000.0,49291000.0
20241119,8421570.0,49629780.0,58735370.0,82381100.0,81697070.0,92948710.0,87702030.0,44115180.0,40940290.0,100829000.0,118816000.0,166481000.0,165225000.0,187619000.0,177291000.0,88496000.0,82093000.0
20241120,-10382820.0,45706670.0,40408810.0,64712930.0,59627980.0,55216270.0,57896150.0,17488020.0,25190960.0,91072000.0,80454000.0,128841000.0,118670000.0,109906000.0,115303000.0,34768000.0,50159000.0
20241121,2065610.0,28779520.0,26760800.0,37979920.0,42064240.0,36236840.0,35510950.0,16665490.0,15325770.0,57595000.0,53508000.0,75935000.0,84084000.0,72422000.0,71023000.0,33340000.0,30677000.0
20241122,-4437240.0,36397820.0,32062720.0,46997770.0,46895630.0,46777630.0,41032420.0,17814610.0,27997060.0,74007000.0,65105000.0,95557000.0,95349000.0,95083000.0,83446000.0,36297000.0,57044000.0
20241125,2724100.0,38526360.0,41949420.0,54949030.0,54250070.0,46624350.0,43100180.0,20192430.0,20992500.0,78631000.0,85429000.0,111928000.0,110445000.0,94829000.0,87788000.0,41044000.0,42770000.0
20241126,-21013860.0,41359810.0,24978880.0,47599180.0,42966250.0,31403640.0,39159910.0,6474610.0,19732200.0,86983000.0,52463000.0,100118000.0,90316000.0,66014000.0,82356000.0,13599000.0,41578000.0
20241127,9784820.0,36515640.0,40075350.0,43876750.0,50101840.0,36313700.0,34490560.0,17032660.0,9070980.0,77058000.0,84247000.0,92354000.0,105264000.0,76276000.0,72557000.0,35498000.0,19118000.0
20241128,-4696800.0,29297190.0,24118890.0,32218060.0,32699560.0,22970710.0,25841650.0,7817820.0,9643680.0,60648000.0,49908000.0,66699000.0,67685000.0,47543000.0,53502000.0,16212000.0,20007000.0
20241129,4939540.0,36450940.0,40047500.0,48462040.0,49805040.0,33890370.0,36868340.0,17720870.0,9803360.0,74992000.0,82320000.0,99576000.0,102321000.0,69642000.0,75754000.0,36362000.0,20177000.0
20241202,903860.0,32213760.0,33091780.0,44833090.0,44858940.0,34357610.0,33776100.0,16188000.0,15865650.0,66057000.0,67760000.0,91839000.0,91860000.0,70379000.0,69204000.0,33165000.0,32615000.0
20241203,-6064570.0,27978650.0,26765230.0,34819860.0,29968710.0,25171190.0,28140370.0,8353560.0,11448950.0,57510000.0,54990000.0,71558000.0,61549000.0,51693000.0,57824000.0,17135000.0,23533000.0
20241204,-7992860.0,25616750.0,21875220.0,31692330.0,27441010.0,18944900.0,22358690.0,7828910.0,12407980.0,53152000.0,45326000.0,65709000.0,56877000.0,39270000.0,46355000.0,16189000.0,25761000.0
20241205,-1214450.0,23069340.0,22745080.0,22486910.0,21596730.0,17745590.0,18400400.0,6067150.0,6626790.0,48337000.0,47631000.0,47112000.0,45238000.0,37148000.0,38544000.0,12704000.0,13888000.0
20241206,16466560.0,36393740.0,42313510.0,46589600.0,57136390.0,49066070.0,42086610.0,20568190.0,11081090.0,74630000.0,86636000.0,95375000.0,116875000.0,100233000.0,86087000.0,42006000.0,22646000.0
20241209,-84490.0,41447810.0,43720560.0,59918370.0,57561130.0,50239400.0,48154670.0,19193010.0,21362230.0,83057000.0,87557000.0,119960000.0,115166000.0,100524000.0,96380000.0,38283000.0,42721000.0
20241210,-18921000.0,51989530.0,43152320.0,72819310.0,62735510.0,54167280.0,61897880.0,24875240.0,36065640.0,103241000.0,85268000.0,143888000.0,123887000.0,107064000.0,122455000.0,48702000.0,71286000.0
20241211,-8237940.0,41760240.0,37762510.0,48601220.0,44361010.0,40569500.0,40258000.0,10641650.0,19191090.0,86406000.0,78132000.0,100501000.0,91779000.0,83908000.0,83173000.0,21973000.0,39704000.0
20241212,476890.0,26091870.0,24685960.0,29808810.0,31691630.0,28262520.0,26421360.0,10257780.0,11622050.0,53970000.0,51040000.0,61677000.0,65546000.0,58491000.0,54663000.0,21181000.0,24070000.0
20241213,-13742700.0,45671400.0,35267800.0,49545650.0,46206560.0,39092400.0,43483860.0,19220960.0,28572200.0,96934000.0,74882000.0,105141000.0,98079000.0,82953000.0,92229000.0,40780000.0,60617000.0
20241216,-1103130.0,26949170.0,22818320.0,22060300.0,25088020.0,20578210.0,20660900.0,6136670.0,7157110.0,57621000.0,48759000.0,47152000.0,53597000.0,43953000.0,44166000.0,13114000.0,15317000.0
20241217,2779140.0,32191170.0,30229920.0,38841890.0,43582290.0,33105250.0,35978530.0,15822350.0,10169930.0,67828000.0,63585000.0,81701000.0,91659000.0,69570000.0,75641000.0,33208000.0,21423000.0
20241218,-3216970.0,20219020.0,19466660.0,24757310.0,22292710.0,15466430.0,16251100.0,4014440.0,6446740.0,43064000.0,41448000.0,52716000.0,47471000.0,32949000.0,34605000.0,8549000.0,13754000.0
20241219,621020.0,20131560.0,18986700.0,25540190.0,27306080.0,18660620.0,20213160.0,9056200.0,6882640.0,43149000.0,40682000.0,54772000.0,58505000.0,39968000.0,43301000.0,19389000.0,14791000.0
20241220,-4613630.0,20443860.0,18818120.0,26336390.0,23348490.0,21516080.0,22234960.0,7266900.0,11161650.0,43497000.0,40013000.0,56020000.0,49647000.0,45749000.0,47293000.0,15456000.0,23769000.0
20241223,-9963240.0,29388620.0,19372060.0,30953050.0,31006360.0,20287060.0,25721610.0,3723290.0,8251980.0,63414000.0,41731000.0,66750000.0,66816000.0,43662000.0,55508000.0,8032000.0,17804000.0
20241224,-5833930.0,28708710.0,18278170.0,27184350.0,31780980.0,20976770.0,23972760.0,6414260.0,9252200.0,62574000.0,39749000.0,59202000.0,69233000.0,45699000.0,52270000.0,13972000.0,20195000.0
20241225,-12807540.0,33970180.0,19344380.0,29167170.0,30985430.0,18459200.0,25157090.0,3271970.0,9381620.0,75364000.0,42905000.0,64669000.0,68729000.0,40934000.0,55780000.0,7260000.0,20813000.0
20241226,-1812120.0,66466950.0,48540490.0,63257600.0,79371950.0,65855840.0,69469260.0,28442440.0,26641140.0,140618000.0,102589000.0,133765000.0,167778000.0,139151000.0,146875000.0,60034000.0,56326000.0
20241227,6002160.0,33270730.0,41436820.0,44253150.0,42089220.0,34910740.0,32614690.0,14040640.0,10334530.0,70181000.0,87243000.0,93265000.0,88626000.0,73453000.0,68712000.0,29486000.0,21804000.0
20241230,15317060.0,45627350.0,52881870.0,60558270.0,68620790.0,59658130.0,54741590.0,31432110.0,21031590.0,93449000.0,108308000.0,124078000.0,140543000.0,122255000.0,112132000.0,64271000.0,43069000.0
20241231,-15383590.0,37529050.0,31124720.0,42594750.0,33615490.0,30236700.0,30540400.0,13197810.0,28277700.0,79057000.0,65492000.0,89726000.0,70702000.0,63630000.0,64195000.0,27817000.0,59840000.0
20250102,-7997320.0,34811430.0,31483400.0,39306930.0,34637630.0,22422910.0,30807900.0,13851610.0,13463940.0,76459000.0,69031000.0,86326000.0,76003000.0,49204000.0,67729000.0,30471000.0,29698000.0
20250103,-8674950.0,31158320.0,25108630.0,31819940.0,29194680.0,19678240.0,25944910.0,8659890.0,11068170.0,70115000.0,56453000.0,71515000.0,65576000.0,44193000.0,58395000.0,19505000.0,24904000.0
20250106,2185710.0,24006560.0,25706470.0,28012450.0,28498250.0,23325710.0,21627240.0,9015970.0,8528730.0,54123000.0,57927000.0,63080000.0,64137000.0,52523000.0,48662000.0,20191000.0,19191000.0
20250107,2053770.0,23294630.0,23581680.0,27406210.0,29172940.0,21440020.0,20330430.0,4476530.0,3532350.0,51707000.0,52346000.0,60865000.0,64768000.0,47591000.0,45145000.0,9935000.0,7839000.0
20250108,-1954710.0,26286570.0,27579650.0,28693630.0,25445830.0,16045470.0,17073260.0,5779610.0,6706530.0,59456000.0,62353000.0,64871000.0,57523000.0,36282000.0,38602000.0,12994000.0,15125000.0
20250109,-368180.0,17517310.0,18113130.0,20157910.0,19193920.0,15495930.0,14354200.0,3013860.0,4523770.0,39763000.0,41089000.0,45729000.0,43537000.0,35146000.0,32580000.0,6835000.0,10267000.0
20250110,-6425640.0,21090520.0,14276260.0,20084950.0,20473580.0,15384540.0,17303880.0,3149210.0,7655510.0,48537000.0,32818000.0,46192000.0,47078000.0,35427000.0,39839000.0,7302000.0,17723000.0
20250113,-75260.0,18879470.0,17722170.0,18568050.0,19650090.0,12700010.0,13472860.0,4033960.0,3336370.0,43880000.0,41139000.0,43133000.0,45622000.0,29451000.0,31290000.0,9335000.0,7749000.0
20250114,12697140.0,27012990.0,37364680.0,34105740.0,36451190.0,29745210.0,22470500.0,10615100.0,5192670.0,61733000.0,85365000.0,77933000.0,83256000.0,67949000.0,51320000.0,24176000.0,11850000.0
20250115,-4057500.0,26757980.0,24340540.0,31629690.0,29989630.0,19029130.0,20730580.0,3913470.0,6269520.0,61690000.0,56100000.0,72848000.0,69116000.0,43838000.0,47750000.0,9015000.0,14424000.0
20250116,-7980530.0,42887960.0,34378160.0,42210850.0,42740120.0,28092690.0,35350600.0,8688940.0,9411560.0,97563000.0,78100000.0,95929000.0,97038000.0,63732000.0,80386000.0,19680000.0,21379000.0
20250117,1381840.0,24725980.0,26011710.0,29938270.0,30034390.0,23732990.0,21585920.0,4972490.0,5737720.0,55114000.0,57949000.0,66721000.0,66886000.0,52846000.0,48101000.0,11042000.0,12787000.0
20250120,3391550.0,32533560.0,32853310.0,34741740.0,37813550.0,31611260.0,27524150.0,10214770.0,10910330.0,70742000.0,71426000.0,75548000.0,82209000.0,68701000.0,59850000.0,22235000.0,23742000.0
20250121,-7750330.0,31884950.0,26441450.0,32883870.0,30577040.0,26239280.0,25368870.0,7173130.0,15793870.0,71060000.0,58910000.0,73290000.0,68139000.0,58502000.0,56564000.0,15989000.0,35228000.0
20250122,-6786400.0,33427780.0,27981460.0,32987560.0,31647480.0,22934170.0,22712780.0,5986520.0,12994310.0,77510000.0,64926000.0,76481000.0,73314000.0,53187000.0,52680000.0,13901000.0,30159000.0
20250123,2241390.0,25346940.0,29553860.0,29533040.0,27567500.0,21456350.0,20685210.0,9288390.0,7818140.0,58365000.0,68026000.0,67965000.0,63363000.0,49347000.0,47581000.0,21284000.0,17990000.0
20250124,1645080.0,26692830.0,25604490.0,31669890.0,34403310.0,23102000.0,22286290.0,4016160.0,3186790.0,62492000.0,59902000.0,74150000.0,80574000.0,54057000.0,52153000.0,9401000.0,7471000.0
20250127,-1439420.0,23679550.0,24778790.0,25833570.0,23294920.0,19843820.0,18767670.0,3639500.0,6155070.0,55375000.0,57931000.0,60387000.0,54441000.0,46362000.0,43879000.0,8520000.0,14392000.0
20250205,-68380.0,19425840.0,20987250.0,22813010.0,21183220.0,16030640.0,14998400.0,3264960.0,4365580.0,45855000.0,49514000.0,53840000.0,50006000.0,37821000.0,35398000.0,7709000.0,10306000.0
20250206,3085020.0,37488370.0,37504400.0,46350490.0,49419490.0,36205920.0,34363900.0,12694070.0,11451070.0,85239000.0,85456000.0,105649000.0,112638000.0,82645000.0,78288000.0,28962000.0,26113000.0
20250207,5981080.0,47422950.0,49080490.0,58183250.0,62506790.0,51341090.0,47115040.0,18344590.0,16589560.0,105029000.0,108622000.0,128793000.0,138375000.0,113656000.0,104395000.0,40679000.0,36765000.0
20250210,-5878670.0,44636790.0,47604270.0,67800150.0,58954010.0,53569400.0,57576010.0,19721390.0,21593450.0,102092000.0,108833000.0,155013000.0,134711000.0,122478000.0,131722000.0,45131000.0,49447000.0
20250211,-2162660.0,34997890.0,30663470.0,42791730.0,44963490.0,30518630.0,31332320.0,13255510.0,14604480.0,81003000.0,70970000.0,99060000.0,104085000.0,70659000.0,72520000.0,30665000.0,33811000.0
20250212,5899560.0,30591490.0,37464500.0,51526320.0,50552870.0,46208490.0,41417900.0,20394370.0,19285400.0,70279000.0,85870000.0,118119000.0,115749000.0,105659000.0,94733000.0,46450000.0,44155000.0
20250213,1151350.0,29848790.0,31474280.0,52119930.0,51645780.0,45862280.0,45102950.0,14089000.0,13696980.0,67011000.0,70583000.0,116879000.0,115772000.0,102793000.0,101148000.0,31533000.0,30714000.0
20250214,2820330.0,39404000.0,33905150.0,46169610.0,54488800.0,47465010.0,45084340.0,18335760.0,17896100.0,88271000.0,75898000.0,103398000.0,121926000.0,106208000.0,100895000.0,40956000.0,40113000.0
20250217,-10521270.0,37934940.0,31774260.0,47883420.0,43522820.0,36628100.0,39713070.0,10440440.0,17876740.0,86574000.0,72543000.0,109239000.0,99270000.0,83556000.0,90593000.0,23801000.0,40763000.0
20250218,17208240.0,40267120.0,53674220.0,77107330.0,80908470.0,70296710.0,64500840.0,30092480.0,18680110.0,89580000.0,119230000.0,171416000.0,179802000.0,156226000.0,143469000.0,66840000.0,41561000.0
20250219,1007980.0,32405950.0,34324130.0,53833850.0,52923660.0,43648560.0,45435760.0,20848030.0,18052850.0,72518000.0,76749000.0,120503000.0,118326000.0,97641000.0,101685000.0,46470000.0,40372000.0
20250220,-4546480.0,26758880.0,26532240.0,37874800.0,33554960.0,28051590.0,27584730.0,5916600.0,10929940.0,60268000.0,59715000.0,85275000.0,75532000.0,63138000.0,62105000.0,13303000.0,24632000.0
20250221,19386040.0,41404210.0,51946900.0,69877660.0,78721010.0,76674020.0,62284250.0,29913920.0,24917650.0,90579000.0,113640000.0,153007000.0,172265000.0,167714000.0,136273000.0,65391000.0,54512000.0
20250224,-9956770.0,38822780.0,34723050.0,56896940.0,51039910.0,41500000.0,46298670.0,17975620.0,23133720.0,84657000.0,75669000.0,123944000.0,111166000.0,90390000.0,100909000.0,39155000.0,50402000.0
20250225,-3682540.0,28797640.0,24495720.0,40076930.0,40696300.0,34769210.0,36195690.0,7721140.0,9977200.0,63360000.0,53858000.0,88165000.0,89504000.0,76486000.0,79653000.0,16994000.0,21989000.0
20250226,1544730.0,27520430.0,31200870.0,45350790.0,43215080.0,39634090.0,37347980.0,13056680.0,13798060.0,60425000.0,68449000.0,99564000.0,94856000.0,86924000.0,81935000.0,28629000.0,30302000.0
20250227,10432400.0,43858000.0,55296240.0,83871220.0,82865370.0,72893700.0,79481480.0,47650910.0,30630730.0,94078000.0,118456000.0,179832000.0,177607000.0,156212000.0,170350000.0,101917000.0,65627000.0
20250228,-16775050.0,61270090.0,61213340.0,113083190.0,96364890.0,88004510.0,92728430.0,39402800.0,51453930.0,128170000.0,127850000.0,236356000.0,201518000.0,184207000.0,194203000.0,82540000.0,107702000.0
20250303,3529300.0,84435510.0,91898440.0,166281270.0,162347650.0,149853940.0,142948860.0,73373060.0,76748840.0,168056000.0,183193000.0,331507000.0,323100000.0,298176000.0,284776000.0,146105000.0,152775000.0
20250304,-28384290.0,65013270.0,48092140.0,91827110.0,80363960.0,80213360.0,93084730.0,33693190.0,49206110.0,132808000.0,98161000.0,187485000.0,163966000.0,163677000.0,190067000.0,68657000.0,100435000.0
20250305,-1309830.0,42790640.0,44815530.0,68693330.0,65358620.0,64584600.0,59439850.0,19233890.0,25688470.0,86374000.0,90359000.0,138456000.0,131728000.0,130169000.0,119828000.0,38800000.0,51885000.0
20250306,-10352430.0,39343300.0,31454940.0,59878620.0,57414550.0,52245900.0,57101040.0,20729500.0,26226790.0,78028000.0,62360000.0,118781000.0,113823000.0,103665000.0,113276000.0,41094000.0,52109000.0
20250307,-29471570.0,56742740.0,29287830.0,58182460.0,56165810.0,39840640.0,59131130.0,16779070.0,26960150.0,114081000.0,58768000.0,116737000.0,112673000.0,79956000.0,118879000.0,33721000.0,54175000.0
20250310,1679740.0,30245310.0,31764930.0,37087620.0,37247740.0,32330840.0,32091300.0,15394650.0,13954450.0,60808000.0,63802000.0,74420000.0,74774000.0,64866000.0,64427000.0,30837000.0,27927000.0
20250311,2679180.0,31728080.0,33523020.0,46094850.0,46979100.0,43601710.0,35810560.0,14603110.0,19715080.0,63479000.0,66855000.0,92013000.0,93739000.0,86846000.0,71516000.0,29021000.0,39249000.0
20250312,-637340.0,28777460.0,29178290.0,42625340.0,41587170.0,28163150.0,28506230.0,11049570.0,11343830.0,56576000.0,57324000.0,83755000.0,81717000.0,55357000.0,56079000.0,21725000.0,22293000.0
20250313,-7858180.0,31152700.0,18739310.0,35547910.0,40103120.0,26595580.0,29754700.0,7624330.0,12323390.0,63050000.0,37904000.0,71888000.0,81093000.0,53791000.0,60142000.0,15365000.0,24954000.0
20250314,515240.0,23292320.0,24590840.0,29097640.0,28314370.0,26437970.0,26102190.0,13483220.0,13303760.0,47134000.0,49683000.0,58874000.0,57269000.0,53455000.0,52831000.0,27242000.0,26921000.0
20250317,-1434880.0,25721750.0,29710350.0,44426030.0,39002540.0,32690970.0,31529430.0,16340490.0,18936910.0,50797000.0,58659000.0,87651000.0,76934000.0,64509000.0,62225000.0,32242000.0,37380000.0
20250318,-6566370.0,21354850.0,21382100.0,38714830.0,32121200.0,24252910.0,28326600.0,11403590.0,13896270.0,42347000.0,42374000.0,76718000.0,63604000.0,48052000.0,56146000.0,22544000.0,27537000.0
20250319,18020740.0,29568690.0,37783470.0,52710900.0,62516850.0,64676850.0,57140670.0,37236820.0,26752260.0,57740000.0,73540000.0,102839000.0,121704000.0,125706000.0,111067000.0,72154000.0,52128000.0
20250320,-5786800.0,35278310.0,39575970.0,72892970.0,62808500.0,53060200.0,52285220.0,23595230.0,30157010.0,67906000.0,76104000.0,140245000.0,120795000.0,102046000.0,100543000.0,45342000.0,58097000.0
20250321,-18773990.0,34869090.0,30026060.0,63648110.0,49717150.0,32885860.0,39978230.0,11344410.0,23026030.0,68538000.0,58986000.0,125087000.0,97690000.0,64612000.0,78579000.0,22285000.0,45267000.0
20250324,-17265520.0,42622140.0,31991490.0,51674380.0,45039520.0,40180090.0,47241020.0,15373520.0,25578110.0,87309000.0,65465000.0,105711000.0,92194000.0,82174000.0,96634000.0,31407000.0,52308000.0
20250325,-2644890.0,26751240.0,24108360.0,30149630.0,30147610.0,24059370.0,29120590.0,11455600.0,9039270.0,54443000.0,49036000.0,61345000.0,61307000.0,48906000.0,59245000.0,23293000.0,18400000.0
20250326,-5526430.0,20587220.0,17283320.0,22286430.0,20063890.0,16226520.0,19580270.0,4279650.0,6452330.0,42067000.0,35323000.0,45597000.0,41018000.0,33224000.0,40072000.0,8725000.0,13200000.0
20250327,-9742280.0,22953490.0,14124930.0,22226390.0,21312670.0,18100920.0,17434810.0,7077600.0,17485990.0,47685000.0,29324000.0,46179000.0,44266000.0,37614000.0,36231000.0,14669000.0,36326000.0
20250328,-3776100.0,17067060.0,13461210.0,14374300.0,14204050.0,10154760.0,11487420.0,1521550.0,3964990.0,35568000.0,28039000.0,29949000.0,29587000.0,21143000.0,23930000.0,3169000.0,8274000.0
20250331,-8446300.0,25224620.0,16011630.0,22598800.0,23365500.0,15424000.0,18065030.0,4960160.0,10765430.0,53431000.0,33873000.0,47806000.0,49450000.0,32639000.0,38183000.0,10488000.0,22858000.0
20250401,1421470.0,17719610.0,17494340.0,18860320.0,20507070.0,15456000.0,15637360.0,3976500.0,2373670.0,37612000.0,37110000.0,40031000.0,43509000.0,32806000.0,33211000.0,8425000.0,5045000.0
20250402,-7182580.0,23970190.0,16315020.0,22195410.0,22668000.0,18122940.0,24519670.0,4666860.0,5452710.0,51378000.0,34952000.0,47559000.0,48553000.0,38817000.0,52556000.0,10012000.0,11705000.0
20250403,-8679780.0,23387630.0,15856220.0,20381580.0,19233200.0,12796490.0,17974740.0,3785370.0,7286900.0,50819000.0,34447000.0,44283000.0,41787000.0,27815000.0,39074000.0,8242000.0,15850000.0
20250407,-25232790.0,64540220.0,50427040.0,64975570.0,53855950.0,33532190.0,42965640.0,10131810.0,25931150.0,160588000.0,125673000.0,161307000.0,133742000.0,83353000.0,106635000.0,25099000.0,64296000.0
20250408,-5555660.0,44938290.0,38961490.0,39106330.0,39527470.0,24141350.0,27142320.0,5537540.0,8092230.0,111306000.0,96385000.0,96732000.0,97775000.0,59665000.0,67146000.0,13661000.0,20058000.0
20250409,-2012970.0,35347790.0,36874210.0,37212150.0,33672750.0,22821400.0,25616320.0,10084620.0,9302670.0,88161000.0,91741000.0,92651000.0,83888000.0,56752000.0,63823000.0,25063000.0,23175000.0
20250410,422810.0,26774020.0,28773220.0,37666460.0,36090080.0,29575200.0,30656020.0,11843330.0,10339700.0,65171000.0,69944000.0,91588000.0,87724000.0,71881000.0,74597000.0,28682000.0,25057000.0
20250411,-1496460.0,24687840.0,25464840.0,31744870.0,29471410.0,22509380.0,23337800.0,8618730.0,9286770.0,60356000.0,62150000.0,77457000.0,71879000.0,55042000.0,57026000.0,21004000.0,22804000.0
20250414,-930930.0,20942980.0,21407390.0,24974440.0,23579100.0,20547910.0,19202650.0,6468660.0,8744850.0,50072000.0,51185000.0,59667000.0,56337000.0,49079000.0,45879000.0,15435000.0,20853000.0
20250415,-4475510.0,25931010.0,22369100.0,32078610.0,31165010.0,22292940.0,27651250.0,10975560.0,10092760.0,62893000.0,54150000.0,77594000.0,75359000.0,53869000.0,66848000.0,26554000.0,24553000.0
20250416,-12043740.0,31226820.0,17635290.0,24339940.0,25887740.0,13930040.0,22092110.0,3544670.0,7426340.0,78071000.0,44058000.0,60767000.0,64661000.0,34747000.0,55157000.0,8847000.0,18557000.0
20250417,-4507850.0,16717310.0,12545790.0,15551540.0,15215210.0,11381300.0,13872510.0,2360320.0,4376960.0,41808000.0,31363000.0,38874000.0,38041000.0,28449000.0,34669000.0,5894000.0,10951000.0
20250418,-94750.0,20746700.0,20040580.0,18622680.0,19234050.0,11978200.0,12352780.0,2103940.0,1824110.0,52289000.0,50483000.0,46886000.0,48456000.0,30131000.0,31084000.0,5304000.0,4586000.0
20250421,693950.0,19863910.0,21357690.0,25750560.0,24950740.0,15483250.0,18509990.0,6834370.0,3113680.0,49014000.0,52651000.0,63422000.0,61455000.0,38131000.0,45616000.0,16805000.0,7650000.0
20250422,-2532220.0,20606330.0,21609610.0,22899180.0,19363680.0,13935250.0,13318620.0,2446310.0,5595160.0,51345000.0,53827000.0,57031000.0,48232000.0,34695000.0,33170000.0,6089000.0,13931000.0
20250423,2266670.0,15381000.0,19628780.0,24321740.0,22340630.0,18836360.0,18077480.0,5574290.0,4066500.0,38093000.0,48633000.0,60239000.0,55312000.0,46645000.0,44761000.0,13804000.0,10075000.0
20250424,12166790.0,21918630.0,38218870.0,39560900.0,35427440.0,35231800.0,28445130.0,13375200.0,7995080.0,53249000.0,92762000.0,95985000.0,85942000.0,85459000.0,68967000.0,32391000.0,19414000.0
20250425,-1693150.0,24742880.0,27519280.0,38855340.0,34385780.0,31999970.0,30444840.0,9360860.0,12609140.0,59658000.0,66283000.0,93569000.0,82773000.0,77039000.0,73327000.0,22529000.0,30413000.0
20250428,-3111410.0,18245820.0,14069380.0,20701740.0,21766770.0,14289800.0,17529110.0,3019300.0,2891400.0,44526000.0,34300000.0,50472000.0,53055000.0,34806000.0,42756000.0,7368000.0,7060000.0
20250429,-1324130.0,14583190.0,12720440.0,17840520.0,18379150.0,12211100.0,11263440.0,2380720.0,4652510.0,35722000.0,31144000.0,43688000.0,45031000.0,29902000.0,27581000.0,5844000.0,11400000.0
20250430,-998950.0,17614540.0,14854990.0,23355060.0,25115670.0,19177340.0,22126160.0,6565280.0,4615410.0,42898000.0,36180000.0,56887000.0,61179000.0,46717000.0,53894000.0,15990000.0,11239000.0
20250506,6277300.0,24951490.0,26390080.0,30556110.0,35394810.0,25535900.0,24936850.0,13911410.0,8233160.0,59219000.0,62603000.0,72537000.0,83999000.0,60620000.0,59161000.0,32950000.0,19564000.0
20250507,-4950110.0,26571200.0,20473920.0,29832530.0,30979690.0,25668150.0,28143410.0,5138240.0,7613090.0,61910000.0,47583000.0,69341000.0,71945000.0,59589000.0,65486000.0,11876000.0,17702000.0
20250508,7877100.0,21566470.0,24599250.0,28123230.0,32967540.0,30749660.0,23367960.0,10349640.0,9854240.0,50014000.0,56996000.0,65194000.0,76346000.0,71175000.0,54151000.0,23949000.0,22839000.0
20250509,3789820.0,14588180.0,17651070.0,19225280.0,19952220.0,20043150.0,16597490.0,5119330.0,4775170.0,33816000.0,40887000.0,44541000.0,46206000.0,46391000.0,38443000.0,11863000.0,11076000.0
20250512,2631560.0,20294550.0,26466620.0,32283150.0,28742650.0,24622220.0,22973440.0,10270190.0,9287410.0,46037000.0,60037000.0,73262000.0,65210000.0,55881000.0,52128000.0,23283000.0,21088000.0
20250513,-464650.0,21738520.0,21313160.0,27813380.0,27774090.0,21402600.0,22902340.0,9359910.0,8324820.0,48805000.0,47817000.0,62407000.0,62316000.0,48000000.0,51387000.0,20985000.0,18677000.0
20250514,8901200.0,38575640.0,42108670.0,52308110.0,57676290.0,51185260.0,47223260.0,24349700.0,19410500.0,83935000.0,91652000.0,113936000.0,125658000.0,111616000.0,102904000.0,53053000.0,42326000.0
20250515,-8241390.0,27901480.0,21620150.0,32042800.0,30082760.0,21482420.0,24598290.0,6413340.0,11538860.0,60561000.0,46908000.0,69571000.0,65318000.0,46649000.0,53406000.0,13938000.0,25086000.0
20250516,-1169660.0,18495690.0,15599600.0,20406290.0,22132720.0,15182520.0,15327570.0,3853800.0,4878410.0,40657000.0,34273000.0,44859000.0,48657000.0,33371000.0,33704000.0,8474000.0,10726000.0
20250519,-2215760.0,22391640.0,21923260.0,29286540.0,27539140.0,16400230.0,16603400.0,3958200.0,5970790.0,49637000.0,48570000.0,64876000.0,61025000.0,36334000.0,36794000.0,8770000.0,13228000.0
20250520,-3767060.0,32742060.0,31774780.0,44282980.0,41483200.0,31511820.0,33718330.0,13396250.0,14956800.0,70294000.0,68212000.0,95167000.0,89062000.0,67627000.0,72347000.0,28733000.0,32201000.0
20250521,17882970.0,37260550.0,48515070.0,58534710.0,65163160.0,57106190.0,52702080.0,31609460.0,18130600.0,78207000.0,101696000.0,122669000.0,136500000.0,119486000.0,110280000.0,66069000.0,37955000.0
20250522,-6263310.0,27444350.0,28039750.0,44262150.0,37403430.0,32659040.0,31078210.0,8732350.0,16576490.0,57732000.0,58877000.0,93008000.0,78591000.0,68580000.0,65310000.0,18398000.0,34941000.0
20250523,-16887020.0,39016260.0,21256630.0,34195070.0,35067680.0,24939390.0,34693490.0,7901320.0,15034240.0,81506000.0,44266000.0,71362000.0,73165000.0,52059000.0,72484000.0,16471000.0,31483000.0
20250526,-20575030.0,49176190.0,27656860.0,42660630.0,43604930.0,24697000.0,30521050.0,5819110.0,20570090.0,106124000.0,59593000.0,91921000.0,94036000.0,53256000.0,65752000.0,12597000.0,44517000.0
20250527,-3929970.0,27629500.0,25671670.0,27524840.0,25552700.0,13587010.0,16241330.0,5116870.0,6392520.0,59535000.0,55292000.0,59297000.0,55053000.0,29269000.0,35005000.0,11035000.0,13786000.0
20250528,-2681100.0,27152580.0,20264760.0,18887090.0,23093810.0,9912770.0,12949680.0,5044650.0,4688840.0,59130000.0,44120000.0,41134000.0,50337000.0,21581000.0,28176000.0,10995000.0,10207000.0
20250529,-507190.0,21762920.0,25943110.0,25432310.0,20744930.0,16622320.0,15202820.0,5567870.0,7494560.0,47728000.0,56846000.0,55758000.0,45469000.0,36418000.0,33336000.0,12196000.0,16450000.0
20250530,-1864860.0,19277850.0,19072550.0,15749620.0,14090060.0,9447480.0,10775200.0,4649600.0,5186740.0,42522000.0,42035000.0,34716000.0,31064000.0,20824000.0,23781000.0,10278000.0,11460000.0
20250603,506940.0,18457330.0,19695220.0,18756200.0,18025250.0,12693460.0,10864630.0,3876410.0,5198300.0,40699000.0,43397000.0,41353000.0,39716000.0,27969000.0,23948000.0,8547000.0,11508000.0
20250604,6686960.0,30215390.0,35624240.0,29811630.0,31089750.0,23320940.0,21672510.0,10229450.0,5190920.0,65365000.0,77023000.0,64515000.0,67351000.0,50540000.0,46927000.0,22136000.0,11256000.0
20250605,2148880.0,16283090.0,17848690.0,18323780.0,18907060.0,14938170.0,14112880.0,4969230.0,3645640.0,35219000.0,38595000.0,39632000.0,40898000.0,32305000.0,30531000.0,10754000.0,7887000.0
20250606,-3959880.0,20951340.0,17773240.0,20783200.0,20001430.0,13849790.0,14044970.0,2874820.0,6639520.0,45924000.0,38931000.0,45505000.0,43816000.0,30315000.0,30752000.0,6296000.0,14540000.0
20250609,-132580.0,17480180.0,19072120.0,22056410.0,20331880.0,14487970.0,13847850.0,3001580.0,3774280.0,38582000.0,42093000.0,48675000.0,44862000.0,31952000.0,30539000.0,6609000.0,8324000.0
20250610,1430070.0,35615380.0,33650880.0,34841350.0,38235920.0,25582180.0,23737980.0,8558900.0,8973030.0,80892000.0,76380000.0,78923000.0,86623000.0,57877000.0,53788000.0,19394000.0,20296000.0
20250611,6515200.0,22518420.0,23900980.0,24736750.0,29869390.0,25210490.0,17153210.0,5051190.0,6593270.0,50922000.0,54029000.0,55854000.0,67498000.0,57006000.0,38747000.0,11383000.0,14891000.0
20250612,1828430.0,23434620.0,26176000.0,20843920.0,19930970.0,18668750.0,14486340.0,4406710.0,6760690.0,54006000.0,60324000.0,48040000.0,45936000.0,43034000.0,33392000.0,10169000.0,15597000.0
20250613,1786910.0,25147730.0,22465240.0,20338100.0,24807510.0,16966980.0,14434200.0,5990560.0,6736430.0,58669000.0,52402000.0,47428000.0,57824000.0,39549000.0,33654000.0,13991000.0,15757000.0
20250616,4200740.0,19887120.0,27891510.0,18403120.0,14599460.0,13076040.0,9162360.0,4124510.0,3837450.0,46685000.0,65465000.0,43202000.0,34270000.0,30692000.0,21510000.0,9677000.0,9011000.0
20250617,5953240.0,23259020.0,29585640.0,25963300.0,25589920.0,20929370.0,14333400.0,5452570.0,6095300.0,54849000.0,69733000.0,61206000.0,60303000.0,49320000.0,33797000.0,12866000.0,14408000.0
20250618,2114540.0,20034840.0,20224780.0,23011610.0,24936220.0,18641820.0,17522910.0,4432710.0,3437080.0,47312000.0,47739000.0,54317000.0,58850000.0,43994000.0,41375000.0,10462000.0,8121000.0
20250619,8597290.0,40221960.0,45012390.0,45878130.0,49685010.0,39990360.0,36556210.0,14182500.0,9019360.0,93668000.0,104838000.0,106676000.0,115603000.0,92989000.0,84844000.0,32928000.0,20977000.0
20250620,421970.0,26944060.0,30208120.0,35050570.0,32208480.0,30350430.0,28780830.0,6887220.0,8034850.0,63045000.0,70623000.0,81869000.0,75148000.0,70790000.0,67158000.0,16028000.0,18802000.0
20250623,19201100.0,28032330.0,37496720.0,39144600.0,48881310.0,51177650.0,36056140.0,16535540.0,12455950.0,64878000.0,86646000.0,90588000.0,113109000.0,118319000.0,83372000.0,38169000.0,28827000.0
20250624,836490.0,34660940.0,35361660.0,41550790.0,41686560.0,38756400.0,37071150.0,12653810.0,13502570.0,78187000.0,79662000.0,93593000.0,93884000.0,87237000.0,83466000.0,28466000.0,30471000.0
20250625,-2044470.0,35069490.0,32739140.0,46646960.0,46932830.0,34988200.0,38714810.0,13075150.0,11393010.0,77073000.0,71946000.0,102525000.0,103110000.0,76898000.0,85123000.0,28692000.0,25009000.0
20250626,-6273420.0,38032600.0,32958250.0,42746510.0,41547450.0,32580650.0,33882060.0,10292430.0,15264440.0,83543000.0,72358000.0,93777000.0,91115000.0,71422000.0,74298000.0,22512000.0,33483000.0
20250627,5456300.0,24781920.0,26965210.0,31287960.0,34560970.0,29316770.0,24201720.0,9191320.0,8850070.0,54862000.0,59646000.0,69179000.0,76408000.0,64784000.0,53495000.0,20324000.0,19599000.0
20250630,8036170.0,26362090.0,34302320.0,38672420.0,38768350.0,39514290.0,34054750.0,15043350.0,12466720.0,57409000.0,74650000.0,84251000.0,84403000.0,85972000.0,74158000.0,32756000.0,27176000.0
20250701,-6710570.0,25498560.0,21714020.0,27069160.0,24143130.0,20903840.0,24267530.0,6382220.0,9729100.0,56475000.0,48055000.0,59954000.0,53439000.0,46287000.0,53787000.0,14118000.0,21554000.0
20250702,580810.0,18632750.0,22534130.0,23863800.0,20543230.0,20134990.0,19872660.0,4676480.0,4358000.0,41500000.0,50174000.0,53141000.0,45731000.0,44817000.0,44265000.0,10420000.0,9709000.0
20250703,11293190.0,32937140.0,44386260.0,56849310.0,56693380.0,58276810.0,50074920.0,17996970.0,14905670.0,72115000.0,97053000.0,124232000.0,123618000.0,126958000.0,109333000.0,39200000.0,32501000.0
20250704,-16616850.0,49405820.0,33940640.0,72574520.0,71422850.0,57114490.0,75821250.0,25962140.0,23872230.0,109991000.0,75049000.0,161293000.0,158890000.0,127306000.0,169467000.0,58117000.0,53302000.0
20250707,-9497340.0,29763540.0,29426470.0,41744030.0,32583760.0,23799340.0,32562180.0,7664110.0,8398610.0,67864000.0,67093000.0,95191000.0,74301000.0,54254000.0,74234000.0,17455000.0,19135000.0
20250708,11408300.0,33529040.0,42812030.0,49534770.0,51660070.0,47220040.0,37580180.0,20070480.0,18302040.0,75570000.0,96365000.0,111547000.0,116249000.0,106296000.0,84578000.0,45034000.0,41256000.0
20250709,9996900.0,29019830.0,35791940.0,50472740.0,53697520.0,54391110.0,47128510.0,18750110.0,16015810.0,64077000.0,79062000.0,111510000.0,118643000.0,120197000.0,104087000.0,41375000.0,35366000.0
20250710,5492810.0,21596980.0,22148910.0,30736770.0,35677650.0,35017210.0,29155800.0,8863320.0,9231920.0,48025000.0,49217000.0,68330000.0,79273000.0,77818000.0,64824000.0,19663000.0,20522000.0
20250711,-1771880.0,43444880.0,40805720.0,54050110.0,54917390.0,47590720.0,52186210.0,22696210.0,19872600.0,95550000.0,89615000.0,118785000.0,120689000.0,104570000.0,114669000.0,49808000.0,43740000.0
20250714,1878310.0,21010550.0,23242650.0,30500840.0,30147040.0,25718470.0,23776220.0,6286220.0,6350160.0,46226000.0,51120000.0,67069000.0,66286000.0,56531000.0,52282000.0,13826000.0,13964000.0
20250715,214920.0,28481530.0,27980800.0,37207670.0,37923320.0,27978650.0,29909640.0,12969380.0,10823470.0,63591000.0,62408000.0,83035000.0,84603000.0,62427000.0,66737000.0,28896000.0,24201000.0
20250716,-4292840.0,26036300.0,24321270.0,29925250.0,27347450.0,21942620.0,19509410.0,5475080.0,12201130.0,58830000.0,54928000.0,67600000.0,61761000.0,49577000.0,44076000.0,12362000.0,27603000.0
20250717,11506930.0,27899510.0,34885660.0,38919420.0,43440210.0,45048600.0,36448530.0,14321100.0,11414240.0,62941000.0,78522000.0,87722000.0,97723000.0,101302000.0,82163000.0,32152000.0,25709000.0
20250718,8002240.0,39413090.0,38617150.0,52220730.0,61018910.0,65154950.0,49972200.0,20284330.0,27464840.0,86099000.0,84362000.0,114041000.0,133286000.0,142334000.0,109117000.0,44250000.0,59959000.0
20250721,5178090.0,22157660.0,28310620.0,37786370.0,36811510.0,35107620.0,33372560.0,14218300.0,10775270.0,48454000.0,61888000.0,82585000.0,80468000.0,76715000.0,72936000.0,31101000.0,23563000.0
20250722,8333070.0,31266470.0,41371880.0,58339200.0,56566860.0,57237730.0,54093570.0,23549760.0,18360850.0,67365000.0,89060000.0,125665000.0,121778000.0,123238000.0,116492000.0,50658000.0,39595000.0
20250723,-3278640.0,29048360.0,27160710.0,42591020.0,41200050.0,41000990.0,38062380.0,10656660.0,16873910.0,62571000.0,58435000.0,91692000.0,88653000.0,88217000.0,81929000.0,22952000.0,36415000.0
20250724,14482180.0,36844260.0,46215470.0,68806820.0,73917790.0,73225810.0,70118840.0,37424430.0,26049220.0,78160000.0,97888000.0,145754000.0,156600000.0,155056000.0,148589000.0,79262000.0,55155000.0
20250725,-3354740.0,31944050.0,30690630.0,41703430.0,39602110.0,39246420.0,40666810.0,13733750.0,15668100.0,67513000.0,64831000.0,88092000.0,83634000.0,82874000.0,85867000.0,28962000.0,33109000.0
20250728,5201290.0,36735350.0,36351940.0,47214070.0,52798770.0,46508950.0,44677390.0,21906810.0,18537080.0,77496000.0,76550000.0,99430000.0,111132000.0,97827000.0,93987000.0,45972000.0,39057000.0
20250729,-9305240.0,31555030.0,26773990.0,41748140.0,37223940.0,28548150.0,32805980.0,11616300.0,16663710.0,66746000.0,56618000.0,88281000.0,78669000.0,60341000.0,69344000.0,24516000.0,35254000.0
20250730,-30554420.0,47629320.0,25594370.0,54808170.0,46288690.0,37659730.0,50372000.0,8510300.0,26352450.0,102388000.0,54932000.0,117775000.0,99522000.0,80843000.0,108240000.0,18296000.0,56608000.0
20250731,-31125000.0,51964390.0,31132630.0,59387880.0,49094650.0,39017960.0,59014890.0,17163760.0,28291830.0,115207000.0,69054000.0,131553000.0,108904000.0,86502000.0,130696000.0,38273000.0,62881000.0
20250801,12179330.0,34138690.0,53358460.0,51660820.0,44620390.0,38594790.0,29168170.0,11241210.0,8488500.0,77389000.0,120941000.0,117108000.0,101093000.0,87447000.0,66160000.0,25497000.0,19245000.0
20250804,6063340.0,24455350.0,40598200.0,40158980.0,30079470.0,26243950.0,21378720.0,10003560.0,8805450.0,55862000.0,92703000.0,91734000.0,68679000.0,59917000.0,48826000.0,22820000.0,20124000.0
20250805,6057520.0,21701130.0,30412940.0,32790660.0,30136370.0,29581500.0,23380890.0,11200140.0,11343230.0,49210000.0,68949000.0,74351000.0,68316000.0,67066000.0,53023000.0,25384000.0,25723000.0
20250806,1222980.0,20797500.0,20286120.0,29975830.0,31710190.0,27487350.0,23012560.0,9568840.0,12820650.0,47202000.0,46020000.0,68014000.0,71944000.0,62346000.0,52215000.0,21717000.0,29100000.0
20250807,-8970340.0,29645080.0,25662410.0,49323430.0,44335770.0,47955060.0,50608210.0,11511460.0,17828650.0,67097000.0,57995000.0,111486000.0,100189000.0,108349000.0,114410000.0,26002000.0,40341000.0
20250808,-4526720.0,21361080.0,17248440.0,30315970.0,29901890.0,25319400.0,25285520.0,6856980.0,11417580.0,48546000.0,39198000.0,68903000.0,67951000.0,57560000.0,57466000.0,15578000.0,25972000.0
20250811,18062040.0,61321630.0,69333480.0,103219690.0,113269900.0,98753630.0,102979850.0,59091620.0,36803360.0,133760000.0,151360000.0,225499000.0,247670000.0,216152000.0,225219000.0,129134000.0,80297000.0
20250812,-2601410.0,43175800.0,38650370.0,58554860.0,60478870.0,49270540.0,51458580.0,24116750.0,24530120.0,94431000.0,84490000.0,128034000.0,132195000.0,107663000.0,112490000.0,52730000.0,53682000.0
20250813,-4534290.0,35854550.0,31135830.0,47446230.0,47630670.0,46122830.0,49786580.0,21163630.0,22034170.0,78064000.0,67733000.0,103251000.0,103642000.0,100298000.0,108300000.0,46022000.0,47961000.0
20250814,-6353340.0,35698010.0,30631400.0,53831030.0,52544310.0,51608670.0,49383260.0,22306850.0,30885600.0,78189000.0,66973000.0,117823000.0,114980000.0,112871000.0,107990000.0,48794000.0,67733000.0
20250815,5123310.0,51904210.0,42993240.0,61798250.0,75832540.0,73706300.0,78943540.0,43671830.0,33311280.0,111692000.0,92538000.0,133024000.0,163240000.0,158661000.0,169931000.0,93963000.0,71631000.0
20250818,-21488800.0,60873370.0,42315580.0,74493700.0,71562690.0,68579110.0,78297470.0,27718700.0,39489140.0,128601000.0,89361000.0,157429000.0,151161000.0,144915000.0,165363000.0,58507000.0,83567000.0
20250819,-4764390.0,50675400.0,41200690.0,55548860.0,60259170.0,55360300.0,61151630.0,25966250.0,24939310.0,106338000.0,86355000.0,116504000.0,126326000.0,116037000.0,128209000.0,54401000.0,52389000.0
20250820,10978260.0,39755610.0,44312660.0,54115670.0,60536870.0,52881490.0,56324450.0,33778600.0,19357380.0,83390000.0,92648000.0,113353000.0,126676000.0,110550000.0,117864000.0,70317000.0,40422000.0
20250821,951160.0,36734930.0,43635970.0,50823870.0,44873990.0,45005790.0,41924420.0,17017610.0,19147820.0,76074000.0,90284000.0,105218000.0,92887000.0,93126000.0,86824000.0,35201000.0,39624000.0
20250822,-20177920.0,86208810.0,63357980.0,98511240.0,101184150.0,101145910.0,122511730.0,53457100.0,52269200.0,176435000.0,129188000.0,201307000.0,206722000.0,206394000.0,250371000.0,108815000.0,106671000.0
20250825,4403190.0,77144240.0,72021960.0,95015400.0,104540870.0,109210100.0,115114390.0,55304160.0,44996680.0,156042000.0,145076000.0,191821000.0,210946000.0,220255000.0,232641000.0,111387000.0,90843000.0
20250826,15110220.0,56162200.0,74788620.0,95098520.0,91582320.0,92038120.0,81809730.0,41974310.0,37092480.0,112196000.0,148956000.0,189020000.0,182005000.0,182954000.0,162798000.0,83557000.0,73967000.0
20250827,45179760.0,104982600.0,117358870.0,158371450.0,191174950.0,185477950.0,207226540.0,164867470.0,97939120.0,196130000.0,218883000.0,295799000.0,356831000.0,346636000.0,386623000.0,306238000.0,182466000.0
20250828,1722660.0,84202030.0,81231780.0,113336160.0,118029060.0,109809420.0,109352640.0,56697870.0,55431990.0,157900000.0,151768000.0,211948000.0,220798000.0,205123000.0,204481000.0,106005000.0,103928000.0
20250829,21344470.0,103666020.0,123017310.0,186030970.0,188024140.0,186653720.0,176848680.0,108076640.0,96537210.0,182751000.0,217323000.0,327890000.0,331868000.0,329880000.0,312502000.0,190816000.0,169642000.0
20250901,-23874530.0,93933500.0,76051740.0,128953370.0,122960620.0,104476520.0,108541410.0,54621860.0,74431500.0,167148000.0,135381000.0,229285000.0,218679000.0,185810000.0,192832000.0,96991000.0,132342000.0
20250902,3294020.0,84447050.0,92136010.0,135950900.0,131555960.0,120467600.0,116320680.0,75440500.0,76293400.0,149698000.0,162911000.0,240675000.0,232742000.0,212987000.0,205850000.0,133223000.0,135080000.0
20250903,2976840.0,147126170.0,145899520.0,253844040.0,258047530.0,274912450.0,282037500.0,204854780.0,194752890.0,230537000.0,229803000.0,398823000.0,405959000.0,432688000.0,443282000.0,322670000.0,305674000.0
20250904,-12053060.0,183092240.0,160204800.0,288144730.0,298979110.0,328820000.0,345250520.0,267482360.0,263104900.0,269611000.0,234545000.0,422327000.0,437500000.0,480019000.0,505687000.0,389504000.0,383730000.0
20250905,45363280.0,170728910.0,214618220.0,330164010.0,331637970.0,391983290.0,384404250.0,342792790.0,305008550.0,236025000.0,295757000.0,456504000.0,457965000.0,541877000.0,530159000.0,471512000.0,422038000.0
20250908,-99332840.0,246303190.0,193701340.0,401285350.0,354554350.0,418651660.0,491168140.0,310832020.0,337648380.0,325290000.0,254797000.0,527936000.0,467029000.0,550419000.0,648558000.0,409361000.0,442621000.0
20250909,-45390030.0,166080170.0,125409940.0,232313850.0,227594050.0,239867240.0,245670810.0,129119550.0,168706010.0,227970000.0,171739000.0,318545000.0,311815000.0,328426000.0,336762000.0,176806000.0,231431000.0
20250910,-57464020.0,189282030.0,126242310.0,230720230.0,236295930.0,225093890.0,246040970.0,118925640.0,155442580.0,270643000.0,180185000.0,329643000.0,337528000.0,321571000.0,351661000.0,169775000.0,222257000.0
20250911,45494190.0,132906100.0,167376480.0,227939780.0,238963580.0,246882190.0,232139950.0,145375100.0,114623150.0,187186000.0,234850000.0,320573000.0,336067000.0,347468000.0,326839000.0,203928000.0,161398000.0
20250912,18739850.0,155156020.0,176347560.0,257946590.0,255494900.0,286855800.0,298527230.0,206943690.0,176532410.0,210757000.0,238877000.0,350342000.0,346620000.0,389339000.0,405182000.0,279912000.0,239673000.0
20250915,-42053810.0,211189410.0,168531110.0,283854630.0,284459120.0,317556830.0,331777930.0,221520810.0,249353520.0,275289000.0,218074000.0,368192000.0,368564000.0,410826000.0,430421000.0,286823000.0,324071000.0
20250916,-76189970.0,172122740.0,101354130.0,201623760.0,196202410.0,183750850.0,219235790.0,97737630.0,138442660.0,235637000.0,138611000.0,275934000.0,268400000.0,251317000.0,299788000.0,133310000.0,189400000.0
20250917,-904950.0,145625290.0,149069330.0,209117070.0,204768090.0,200642970.0,204612340.0,109697660.0,106633240.0,198111000.0,201860000.0,283852000.0,277753000.0,271944000.0,277635000.0,148372000.0,145031000.0
20250918,-107005730.0,184019240.0,106538710.0,234420350.0,204895150.0,201317330.0,236038070.0,87667600.0,159952590.0,257530000.0,148616000.0,327775000.0,286477000.0,281265000.0,329989000.0,122486000.0,223973000.0
20250919,15187350.0,120024670.0,124578120.0,173008130.0,183642030.0,184915500.0,169689710.0,90367450.0,90405890.0,166311000.0,172250000.0,239502000.0,254130000.0,255745000.0,234843000.0,124818000.0,125154000.0
20250922,-23844210.0,86465540.0,65530640.0,106478520.0,103569210.0,91709430.0,89862070.0,41525330.0,67216900.0,121101000.0,91694000.0,149070000.0,144972000.0,128373000.0,125797000.0,58135000.0,94216000.0
20250923,65207120.0,132123590.0,197264330.0,244358720.0,244425090.0,272878350.0,244089430.0,153859690.0,117441490.0,178172000.0,265636000.0,328932000.0,328548000.0,366113000.0,327862000.0,206274000.0,157445000.0
20250924,43188160.0,124717160.0,160177030.0,215666580.0,223394870.0,246568390.0,225340800.0,152570280.0,130609710.0,166690000.0,213034000.0,287512000.0,297504000.0,328129000.0,300013000.0,202470000.0,174249000.0
20250925,80362600.0,124160220.0,182727730.0,288085690.0,309880780.0,358757640.0,310366080.0,213592760.0,181621720.0,155744000.0,229355000.0,360173000.0,387475000.0,449157000.0,388634000.0,267388000.0,226998000.0
20250926,-63046050.0,127839460.0,88429100.0,192415520.0,168779840.0,165287210.0,198039490.0,97566880.0,127860650.0,161729000.0,111468000.0,242669000.0,212533000.0,208282000.0,249733000.0,123083000.0,162029000.0
20250929,30738770.0,125071710.0,136319920.0,273479630.0,292970180.0,289854790.0,283539040.0,211275260.0,186852240.0,150376000.0,163908000.0,328915000.0,352300000.0,348818000.0,340893000.0,253708000.0,224715000.0
20250930,54575460.0,126911830.0,164065780.0,291735380.0,309156900.0,283471800.0,278667760.0,243978290.0,194206870.0,146535000.0,188728000.0,336375000.0,355952000.0,326312000.0,320786000.0,279136000.0,222892000.0
20251009,-43454440.0,120989290.0,118495170.0,284974100.0,244013790.0,277402260.0,246263850.0,141766280.0,216359130.0,133156000.0,130070000.0,313505000.0,268036000.0,304979000.0,270828000.0,155412000.0,238119000.0
20251010,-124309710.0,151248630.0,91257640.0,316853560.0,252534840.0,235979170.0,277554560.0,130843360.0,213577680.0,182809000.0,110128000.0,382909000.0,305265000.0,285201000.0,335365000.0,157833000.0,257994000.0
20251013,-12735430.0,114179270.0,104572690.0,219082290.0,215953440.0,204465390.0,214899140.0,127727420.0,130029100.0,140604000.0,128140000.0,269064000.0,265089000.0,251190000.0,264229000.0,157253000.0,160652000.0
20251014,-67310440.0,151089460.0,109378450.0,247012090.0,221412650.0,190477500.0,208017180.0,89428260.0,139199020.0,187098000.0,134101000.0,303290000.0,271743000.0,232778000.0,255565000.0,108684000.0,170441000.0
20251015,-115020.0,115629470.0,98142090.0,140200860.0,157573220.0,127658430.0,131307240.0,67714670.0,64180880.0,146920000.0,123771000.0,177250000.0,198974000.0,161254000.0,166255000.0,85233000.0,81657000.0
20251016,23582630.0,100433850.0,122551360.0,216299130.0,217764250.0,193480560.0,182257080.0,118358780.0,105999630.0,121342000.0,147854000.0,261183000.0,262666000.0,233372000.0,220027000.0,142376000.0,127727000.0
20251017,-63805670.0,144474060.0,104979350.0,188261320.0,163950370.0,163925560.0,179862800.0,66666920.0,114535350.0,184970000.0,134376000.0,240390000.0,209423000.0,209225000.0,229610000.0,85237000.0,146413000.0
20251020,-42703710.0,115635460.0,73104250.0,128995850.0,128823360.0,117516910.0,143042600.0,67929060.0,85107080.0,149686000.0,94360000.0,166747000.0,166652000.0,151854000.0,184917000.0,87680000.0,110039000.0
20251021,21746900.0,92335410.0,100492450.0,123440920.0,137030780.0,131869040.0,123637580.0,73513100.0,59997660.0,118034000.0,128330000.0,157796000.0,175147000.0,168549000.0,158055000.0,93858000.0,76706000.0
20251022,-26159800.0,109440500.0,78005810.0,97496780.0,102771670.0,79866440.0,88300440.0,35358990.0,53084790.0,141457000.0,100675000.0,125954000.0,132736000.0,103113000.0,114124000.0,45615000.0,68605000.0
20251023,-6305920.0,101659380.0,95314180.0,110716220.0,110755490.0,100015610.0,111411930.0,48759060.0,43668660.0,131775000.0,122984000.0,143154000.0,143181000.0,129221000.0,144078000.0,62665000.0,56573000.0
20251024,33144350.0,106236420.0,128085340.0,157815450.0,169110890.0,180071160.0,159993700.0,108489290.0,95422400.0,134389000.0,161547000.0,199327000.0,213288000.0,227164000.0,201922000.0,136602000.0,120725000.0
20251027,-59564820.0,200235630.0,157158270.0,270194460.0,253707010.0,264532220.0,290758150.0,171556170.0,204895060.0,259499000.0,202978000.0,349153000.0,328088000.0,341263000.0,375962000.0,221774000.0,264662000.0
20251028,-3918400.0,113854480.0,99784860.0,142104290.0,152255500.0,155210340.0,170717570.0,116467200.0,104878370.0,145829000.0,127670000.0,181944000.0,194867000.0,198644000.0,218489000.0,148850000.0,134240000.0
20251029,69578550.0,120235990.0,137758480.0,222124980.0,274181040.0,244830970.0,245094110.0,206122640.0,136280950.0,148109000.0,169359000.0,272871000.0,336494000.0,300639000.0,301138000.0,252710000.0,167336000.0
20251030,33600440.0,127766720.0,164257140.0,294634080.0,291744090.0,281881610.0,261726080.0,184522330.0,171077420.0,152083000.0,194959000.0,350251000.0,346441000.0,334770000.0,311071000.0,218661000.0,203293000.0
20251031,8123450.0,110795400.0,113348840.0,238736860.0,244306860.0,226558570.0,233448720.0,177261300.0,162247700.0,129736000.0,132019000.0,279253000.0,285140000.0,264424000.0,272946000.0,206402000.0,189711000.0
20251103,-2080660.0,97044220.0,97442500.0,196619280.0,194140320.0,179645670.0,182452590.0,119232750.0,118506490.0,117120000.0,116935000.0,236824000.0,233420000.0,215990000.0,219536000.0,142915000.0,142958000.0
20251104,-111226730.0,141183680.0,70886380.0,179609030.0,138679600.0,128170700.0,164033750.0,58554690.0,133918370.0,176071000.0,88104000.0,222957000.0,172217000.0,159131000.0,203644000.0,72451000.0,166644000.0
20251105,56065980.0,138477440.0,138785380.0,208419810.0,264177860.0,233129210.0,229924260.0,168429310.0,115568280.0,167280000.0,167890000.0,251882000.0,317971000.0,281720000.0,277302000.0,201784000.0,139503000.0
20251106,-18427090.0,88213610.0,80640920.0,162963250.0,152108870.0,144532880.0,143402780.0,80442970.0,100000160.0,103771000.0,94768000.0,191616000.0,178809000.0,169879000.0,168612000.0,94421000.0,117499000.0
20251107,78465050.0,95892740.0,161550030.0,217776990.0,230584750.0,216333200.0,191656610.0,162585280.0,108796820.0,110944000.0,186284000.0,251557000.0,266210000.0,249677000.0,221452000.0,187395000.0,125628000.0
20251110,-51042930.0,132737870.0,105740890.0,236554050.0,212508120.0,200810940.0,217716540.0,120332780.0,154470110.0,155438000.0,122508000.0,275785000.0,247298000.0,233112000.0,253605000.0,139307000.0,180230000.0
20251111,-13342870.0,85294850.0,76187720.0,156676420.0,152440690.0,149392100.0,146125370.0,95876510.0,112486110.0,99743000.0,88892000.0,183116000.0,177767000.0,174163000.0,170594000.0,111771000.0,131539000.0
20251112,-55365050.0,102716120.0,68288710.0,155436430.0,134498780.0,131832720.0,150519150.0,58185480.0,94864100.0,127684000.0,84663000.0,192856000.0,166847000.0,163564000.0,186961000.0,72128000.0,117762000.0
20251113,46602710.0,173692340.0,155877160.0,268913270.0,333331170.0,263126500.0,271930830.0,224608650.0,169201610.0,201531000.0,181400000.0,313394000.0,387483000.0,306567000.0,316250000.0,260416000.0,196774000.0
20251114,-62013450.0,113294440.0,104946790.0,220632420.0,166966640.0,171713400.0,171914810.0,73612080.0,135424120.0,135288000.0,125274000.0,263455000.0,199286000.0,204818000.0,205168000.0,87734000.0,161567000.0
20251117,15950410.0,70402820.0,102298690.0,158966870.0,143021410.0,149079600.0,120487990.0,60450770.0,73091970.0,84189000.0,122189000.0,189991000.0,170833000.0,177925000.0,143956000.0,72185000.0,87312000.0
20251118,-104044880.0,162677860.0,93359670.0,208153690.0,173426990.0,176618290.0,199868390.0,62107520.0,142902300.0,204149000.0,116605000.0,259815000.0,216259000.0,220021000.0,249562000.0,77307000.0,178867000.0
20251119,6147050.0,79121010.0,79409090.0,104005820.0,109864790.0,101161010.0,99573380.0,55200920.0,50641500.0,99985000.0,100225000.0,131308000.0,138661000.0,127701000.0,125709000.0,69573000.0,63972000.0
20251120,-45544270.0,121000440.0,67437660.0,111641420.0,119659940.0,104033910.0,121611220.0,46619730.0,74586690.0,156500000.0,86960000.0,144085000.0,154450000.0,134153000.0,156857000.0,59956000.0,96427000.0
20251121,-52884450.0,112721320.0,64800120.0,126440040.0,121476810.0,104042900.0,126687630.0,52035550.0,82275270.0,154799000.0,88852000.0,173530000.0,166612000.0,142721000.0,173819000.0,71351000.0,113119000.0
20251124,-4970390.0,80595220.0,78822880.0,105114560.0,101916510.0,79301820.0,82058830.0,41072350.0,43285730.0,112714000.0,110088000.0,146968000.0,142531000.0,110922000.0,114753000.0,57409000.0,60641000.0
20251125,5015940.0,60097340.0,68927920.0,80688230.0,76873590.0,75194670.0,75077770.0,38524010.0,33624970.0,82524000.0,94640000.0,110812000.0,105534000.0,103212000.0,103047000.0,52818000.0,46144000.0
20251126,-9469850.0,63326940.0,64430320.0,89021860.0,78448640.0,71190070.0,70206740.0,30015320.0,40468500.0,87309000.0,88748000.0,122674000.0,108068000.0,98054000.0,96762000.0,41361000.0,55820000.0
20251127,84460.0,83962100.0,76635630.0,109228040.0,116638960.0,98032910.0,101993330.0,59058630.0,55013750.0,115278000.0,105024000.0,149792000.0,159869000.0,134290000.0,139687000.0,80793000.0,75574000.0
20251128,-52162160.0,79921520.0,47653620.0,98325100.0,78430840.0,90627520.0,100125010.0,55878660.0,98543330.0,112258000.0,66817000.0,138137000.0,110082000.0,127378000.0,140686000.0,78627000.0,138816000.0
20251201,1248050.0,53073430.0,61517850.0,88560280.0,81363920.0,79242430.0,77544400.0,53739340.0,54189320.0,73353000.0,84936000.0,122325000.0,112365000.0,109407000.0,107077000.0,74134000.0,74841000.0
20251202,-19714210.0,67887330.0,41179550.0,73887340.0,80880900.0,59003060.0,68534730.0,28788790.0,38971330.0,96087000.0,58241000.0,104529000.0,114422000.0,83397000.0,96917000.0,40683000.0,55116000.0
20251203,-35411830.0,67876010.0,33267760.0,68193060.0,67389480.0,57729430.0,73120910.0,23831960.0,43852310.0,97219000.0,47501000.0,97470000.0,96450000.0,82575000.0,104635000.0,34204000.0,62882000.0
20251204,-17609970.0,55219570.0,36847720.0,64368530.0,65130410.0,54011100.0,62160390.0,23466150.0,32926830.0,80158000.0,53405000.0,93404000.0,94480000.0,78299000.0,90176000.0,33966000.0,47766000.0
20251205,540460.0,51363020.0,47495220.0,67157770.0,71566040.0,58601810.0,62893820.0,36508400.0,31675930.0,74319000.0,68652000.0,97123000.0,103477000.0,84729000.0,90954000.0,52718000.0,45807000.0
20251208,20917800.0,70488750.0,83688870.0,100100510.0,107818200.0,104810680.0,98715820.0,73179400.0,58356460.0,98967000.0,117205000.0,140515000.0,151318000.0,146926000.0,138705000.0,102867000.0,82047000.0
20251209,-1292540.0,60592080.0,56244570.0,74814640.0,77869620.0,66069190.0,63345170.0,29042890.0,33059450.0,84476000.0,78284000.0,104181000.0,108472000.0,91998000.0,88247000.0,40467000.0,46119000.0
20251210,-17501680.0,60713430.0,43978050.0,69568940.0,68802640.0,51751800.0,74074290.0,31133740.0,26312930.0,85695000.0,61983000.0,98192000.0,97062000.0,72974000.0,104548000.0,43938000.0,37207000.0
20251211,6200460.0,65111190.0,74712800.0,89787580.0,86386440.0,79233890.0,81870200.0,45149090.0,36312320.0,90562000.0,103691000.0,124655000.0,119842000.0,109885000.0,113596000.0,62441000.0,50414000.0
20251212,1479920.0,56684660.0,55820170.0,73976320.0,76320730.0,68967790.0,66001310.0,36369500.0,37856060.0,80292000.0,78915000.0,104700000.0,107987000.0,97505000.0,93453000.0,51379000.0,53521000.0
20251215,-27464690.0,58984730.0,39627520.0,71205650.0,63098160.0,56871990.0,68129370.0,27203350.0,43410660.0,84691000.0,56863000.0,102159000.0,90481000.0,81532000.0,97687000.0,38932000.0,62282000.0
20251216,-23716430.0,61596530.0,34641310.0,60365980.0,63604780.0,43729560.0,51183740.0,17764880.0,34027130.0,91136000.0,51192000.0,89301000.0,94081000.0,64672000.0,75705000.0,26298000.0,50429000.0
20251217,3883360.0,57816420.0,58440990.0,75516370.0,78775160.0,62153870.0,59800330.0,38988040.0,37458220.0,83536000.0,84429000.0,109185000.0,113845000.0,89851000.0,86421000.0,56337000.0,54215000.0
20251218,-13915680.0,43910680.0,38602910.0,63864040.0,55256120.0,42505080.0,48160610.0,19813120.0,28073270.0,63509000.0,55764000.0,92304000.0,79864000.0,61434000.0,69628000.0,28590000.0,40582000.0
20251219,3289320.0,48642660.0,41858090.0,63177190.0,73251070.0,53279710.0,53063160.0,22796200.0,19723430.0,71177000.0,61137000.0,92421000.0,107160000.0,77912000.0,77641000.0,33298000.0,28870000.0
20251222,2285840.0,43677390.0,43339880.0,65707060.0,68330410.0,50203580.0,53348410.0,30009660.0,24578990.0,63342000.0,62804000.0,95266000.0,99045000.0,72769000.0,77346000.0,43469000.0,35651000.0
20251223,24297170.0,74747590.0,92874740.0,122607400.0,128777410.0,117676060.0,110478900.0,72328280.0,55228270.0,105796000.0,131379000.0,173513000.0,182148000.0,166506000.0,156297000.0,102190000.0,78181000.0
20251224,17171860.0,54972610.0,67679910.0,87435090.0,91899650.0,88296250.0,73544380.0,42667230.0,40247240.0,77783000.0,95667000.0,123693000.0,129990000.0,124882000.0,104065000.0,60330000.0,56967000.0
20251225,-6380870.0,57249670.0,51255660.0,78609210.0,78222340.0,70266310.0,76698060.0,39010560.0,38959680.0,81477000.0,72942000.0,111860000.0,111259000.0,99987000.0,109119000.0,55506000.0,55511000.0
20251226,35722300.0,82356760.0,101131470.0,138798850.0,155746430.0,142149290.0,130374720.0,94541970.0,70594240.0,114630000.0,140579000.0,193058000.0,216574000.0,197595000.0,181432000.0,131403000.0,98101000.0
20251229,-59192680.0,112518590.0,68161320.0,143082510.0,128247100.0,120382030.0,141530810.0,64044110.0,102088010.0,163155000.0,98789000.0,207389000.0,185836000.0,174474000.0,205123000.0,92929000.0,148198000.0
20251230,-33089640.0,98876180.0,64194630.0,126179900.0,127771820.0,103536220.0,125958840.0,51586240.0,62253260.0,147289000.0,95466000.0,187965000.0,190309000.0,154285000.0,187741000.0,76876000.0,92899000.0
20251231,-57005200.0,87893590.0,45623300.0,103812470.0,89077560.0,76039560.0,97589030.0,33040730.0,68496460.0,132427000.0,68673000.0,156332000.0,134038000.0,114462000.0,146941000.0,49664000.0,103233000.0
20260105,-1036530.0,103302770.0,90077610.0,135965370.0,148154010.0,116769080.0,121391600.0,69088530.0,65502540.0,151409000.0,131984000.0,199456000.0,217198000.0,171364000.0,178165000.0,101410000.0,96291000.0
20260106,2127670.0,74657270.0,72742360.0,113452890.0,117495470.0,98791460.0,93481240.0,54051450.0,57234000.0,107431000.0,104553000.0,163193000.0,168978000.0,142068000.0,134477000.0,77647000.0,82331000.0
20260107,219650.0,84988560.0,84388550.0,124475310.0,125294970.0,127536130.0,124397790.0,64842440.0,67761130.0,121361000.0,120292000.0,177479000.0,178592000.0,181650000.0,177277000.0,92281000.0,96611000.0
20260108,-10990750.0,64049120.0,53195930.0,95649200.0,95511640.0,89976980.0,89140680.0,48167230.0,59994280.0,92723000.0,76900000.0,138382000.0,138141000.0,130065000.0,128928000.0,69598000.0,86799000.0
20260109,-1499520.0,62055280.0,58256150.0,97304370.0,99603960.0,91480590.0,93299330.0,47091840.0,46772620.0,89543000.0,84016000.0,140357000.0,143553000.0,131867000.0,134513000.0,67769000.0,67453000.0
20260112,-50206020.0,122403750.0,76483020.0,166792880.0,162507580.0,148751100.0,154648990.0,61069380.0,105377510.0,181027000.0,113076000.0,246622000.0,240270000.0,219957000.0,228617000.0,90273000.0,155916000.0
20260113,-43095920.0,120055660.0,89341550.0,161020230.0,148638410.0,140597410.0,160880940.0,58743440.0,81555830.0,178064000.0,132397000.0,238457000.0,219945000.0,207803000.0,237964000.0,86742000.0,120759000.0
20260114,6534490.0,109875460.0,99852740.0,152252210.0,168809440.0,146529850.0,156320410.0,81666910.0,65341860.0,162290000.0,147372000.0,224993000.0,249229000.0,216261000.0,230720000.0,120269000.0,96492000.0
20260115,21566320.0,73231210.0,79607160.0,126322950.0,141513320.0,115871610.0,106361530.0,59999380.0,47943140.0,107398000.0,116614000.0,185114000.0,207350000.0,169762000.0,155716000.0,87665000.0,70259000.0
20260116,11398720.0,77736060.0,82417330.0,143446650.0,150164110.0,126330610.0,123016750.0,76178900.0,68094040.0,112851000.0,119573000.0,208116000.0,217889000.0,183220000.0,178373000.0,110376000.0,98729000.0
20260119,-17297910.0,65723270.0,58843050.0,108236380.0,97818700.0,92784700.0,94643620.0,39349000.0,54787990.0,96176000.0,86023000.0,158291000.0,142931000.0,135627000.0,138403000.0,57438000.0,80175000.0
20260120,-54738190.0,112407590.0,75341470.0,139318100.0,121646030.0,94951830.0,115879720.0,38375210.0,72185510.0,169356000.0,113507000.0,209701000.0,182947000.0,142768000.0,174258000.0,57726000.0,108839000.0
20260121,2695230.0,74154720.0,64620600.0,101874050.0,114103400.0,102203810.0,98346660.0,47190410.0,48352330.0,110369000.0,96126000.0,151593000.0,169774000.0,151899000.0,146224000.0,70109000.0,71846000.0
20260122,-72202220.0,130682050.0,79496590.0,162321050.0,141304300.0,113810000.0,135311300.0,43160540.0,93861460.0,199488000.0,121306000.0,247636000.0,215537000.0,173265000.0,206146000.0,65778000.0,143178000.0
20260123,11682610.0,104193850.0,94963900.0,131384900.0,152297460.0,131396760.0,133851650.0,73830250.0,59692750.0,157566000.0,143556000.0,198744000.0,230243000.0,198767000.0,202503000.0,111594000.0,90369000.0
20260126,-11320650.0,88658700.0,99407460.0,149848690.0,127779270.0,112203600.0,119937340.0,54757030.0,58343940.0,132892000.0,148893000.0,224243000.0,191026000.0,167521000.0,179152000.0,81576000.0,87160000.0
20260127,-36983670.0,107770380.0,77594160.0,138957530.0,132150080.0,101999480.0,124802570.0,40496590.0,54677170.0,168985000.0,121507000.0,217848000.0,207199000.0,159976000.0,195914000.0,63592000.0,85781000.0
20260128,-60279390.0,124460740.0,65422040.0,141735740.0,140495050.0,104188140.0,125332310.0,44518210.0,83653430.0,199974000.0,105042000.0,227719000.0,225754000.0,167376000.0,201311000.0,71634000.0,134597000.0
20260129,-52642020.0,90694290.0,51409640.0,108303480.0,94946110.0,68590800.0,81333490.0,21193040.0,61092370.0,148312000.0,84051000.0,177091000.0,155156000.0,112140000.0,132939000.0,34618000.0,100016000.0
20260130,64779650.0,101916270.0,140177620.0,165689250.0,192207550.0,161554910.0,143723580.0,121000370.0,74052050.0,163468000.0,224485000.0,265652000.0,308331000.0,259330000.0,230977000.0,194352000.0,119008000.0
20260202,28332010.0,80834830.0,104756600.0,124872060.0,129282310.0,109203040.0,99158740.0,63015850.0,44728140.0,126270000.0,163424000.0,194821000.0,201332000.0,169864000.0,154238000.0,97603000.0,69565000.0
20260203,-5728070.0,62994750.0,62521530.0,90012630.0,84757780.0,66318750.0,66236080.0,34398170.0,40208910.0,100619000.0,99745000.0,143732000.0,135233000.0,105826000.0,105701000.0,54857000.0,64355000.0
20260204,15295850.0,55482990.0,64211610.0,83147280.0,89714510.0,76004700.0,71938560.0,46937180.0,35707470.0,88040000.0,101547000.0,131767000.0,141997000.0,120248000.0,113919000.0,74017000.0,56610000.0
20260205,-24133200.0,71246620.0,52788130.0,92419740.0,86745030.0,64179020.0,76978600.0,31058410.0,42392030.0,115254000.0,85348000.0,149441000.0,140266000.0,103797000.0,124452000.0,50234000.0,68659000.0
20260206,26530260.0,72809570.0,80426030.0,100114960.0,119028750.0,86888010.0,92189550.0,64299420.0,32467620.0,114851000.0,126913000.0,158282000.0,187989000.0,137402000.0,145730000.0,101380000.0,51283000.0
20260209,10622770.0,50765410.0,59235560.0,72574080.0,74726690.0,69340460.0,60418140.0,37915610.0,36215160.0,79530000.0,92711000.0,113708000.0,117014000.0,108597000.0,94642000.0,59360000.0,56829000.0
20260210,-27772870.0,46070410.0,29182750.0,61053770.0,50168560.0,40468660.0,52752870.0,20639690.0,36128350.0,72335000.0,45769000.0,95793000.0,78669000.0,63491000.0,82817000.0,32372000.0,56736000.0
20260211,12458250.0,38395840.0,44136810.0,61906450.0,68623730.0,59692890.0,56394280.0,37846670.0,28687030.0,60022000.0,68901000.0,96753000.0,107171000.0,93180000.0,88102000.0,59025000.0,44807000.0
20260212,33010830.0,45975850.0,67143610.0,86401910.0,98244970.0,89948330.0,83162180.0,70296540.0,44071860.0,70932000.0,103469000.0,133287000.0,151450000.0,138685000.0,128250000.0,108235000.0,67971000.0
20260213,-16091280.0,48588290.0,40568400.0,73073140.0,65001750.0,55701560.0,57475420.0,24474510.0,38791930.0,75639000.0,63114000.0,113678000.0,101066000.0,86643000.0,89401000.0,38076000.0,60455000.0
20260224,-1379690.0,54322370.0,49697100.0,72338600.0,75584190.0,68586370.0,62378540.0,34273020.0,41860540.0,83660000.0,76448000.0,111307000.0,116166000.0,105379000.0,95938000.0,52689000.0,64481000.0
20260225,8215140.0,61636640.0,69384180.0,109016920.0,109484500.0,98900180.0,99321120.0,55158160.0,46522080.0,93968000.0,105720000.0,166198000.0,166853000.0,150734000.0,151417000.0,84014000.0,70924000.0
20260226,-63633510.0,120428110.0,101440960.0,169962210.0,125315850.0,124245790.0,146689080.0,57184920.0,98375140.0,191810000.0,161736000.0,270538000.0,199578000.0,197675000.0,233256000.0,90904000.0,156358000.0
20260227,-16471430.0,51516350.0,33034760.0,64328610.0,66338770.0,52266800.0,60555010.0,24605150.0,32788370.0,83078000.0,53198000.0,103710000.0,106909000.0,84242000.0,97629000.0,39612000.0,52905000.0
20260302,-12087150.0,59733700.0,46229540.0,81548340.0,82965340.0,65102780.0,73776660.0,35063760.0,38477030.0,96798000.0,74749000.0,131960000.0,134173000.0,105154000.0,119324000.0,56667000.0,62333000.0
20260303,-10280990.0,87902960.0,83828750.0,140469040.0,134262250.0,121071550.0,128759730.0,66277100.0,68869910.0,140252000.0,133333000.0,223772000.0,213541000.0,192252000.0,204903000.0,105248000.0,109747000.0
20260304,-21558110.0,63921040.0,46213720.0,78620950.0,74770170.0,63687490.0,73561050.0,20050710.0,31735260.0,105012000.0,75910000.0,129152000.0,122744000.0,104579000.0,120749000.0,32837000.0,52178000.0
20260305,-8811850.0,51679460.0,45868050.0,72837640.0,69837200.0,58107770.0,62753180.0,25418040.0,29584480.0,85075000.0,75456000.0,119825000.0,114860000.0,95540000.0,103184000.0,41810000.0,48750000.0
20260306,-17505160.0,46652310.0,35354890.0,61210970.0,55003220.0,46092060.0,52845510.0,12993850.0,23745560.0,77478000.0,58673000.0,101706000.0,91321000.0,76557000.0,87847000.0,21576000.0,39477000.0
20260309,15700100.0,71605270.0,79886340.0,118441280.0,125860310.0,118645450.0,106204530.0,52506420.0,49247240.0,117430000.0,130575000.0,194313000.0,206102000.0,194344000.0,174379000.0,86000000.0,81030000.0
20260310,9243000.0,53250910.0,56403120.0,81471870.0,87562660.0,71713940.0,69445300.0,51867360.0,44893000.0,84300000.0,89218000.0,128957000.0,138507000.0,113454000.0,109884000.0,81977000.0,71080000.0
20260311,84451560.0,144868340.0,171983070.0,219770020.0,277106850.0,295479630.0,269914040.0,182804830.0,123918860.0,214709000.0,255491000.0,326224000.0,411987000.0,441440000.0,402583000.0,271942000.0,184252000.0
20260312,10971060.0,117620760.0,110144260.0,160584240.0,179031800.0,157085020.0,182974950.0,120201970.0,83340980.0,172226000.0,160846000.0,234842000.0,261710000.0,229613000.0,267600000.0,175581000.0,122107000.0
20260313,-25597530.0,112721880.0,90577710.0,152659450.0,149206090.0,145371300.0,158816650.0,80631060.0,92783240.0,163297000.0,130879000.0,220787000.0,215735000.0,210109000.0,229546000.0,116265000.0,134298000.0
20260316,72003100.0,89777700.0,135025370.0,164944600.0,191700040.0,203839530.0,167190460.0,125646230.0,90292200.0,128306000.0,192641000.0,235818000.0,273676000.0,291105000.0,239076000.0,179181000.0,129017000.0
20260317,-29375960.0,104915070.0,83625630.0,143323010.0,135236480.0,140988040.0,149838510.0,61605950.0,82131440.0,150674000.0,119513000.0,205283000.0,193609000.0,201683000.0,214750000.0,88072000.0,117840000.0
20260318,-32976000.0,85420430.0,57099850.0,110490980.0,105835570.0,96897100.0,112412210.0,47138050.0,64598940.0,127154000.0,84882000.0,164340000.0,157342000.0,144059000.0,167195000.0,70038000.0,96173000.0
20260319,-4435190.0,83102580.0,87047930.0,126299770.0,117919210.0,123998540.0,116060890.0,53192850.0,65565690.0,122658000.0,128147000.0,186074000.0,173607000.0,182435000.0,170972000.0,78365000.0,96807000.0
20260320,91530030.0,146969400.0,197641670.0,250100170.0,290957930.0,310943870.0,280185130.0,222974320.0,162203030.0,207289000.0,278189000.0,352808000.0,409964000.0,438199000.0,394963000.0,313876000.0,229057000.0
20260323,-13616570.0,156467420.0,144134760.0,234445910.0,233162000.0,281498600.0,268614930.0,148973850.0,175474090.0,218543000.0,200710000.0,327217000.0,325131000.0,392426000.0,374753000.0,207395000.0,244987000.0
20260324,-28580560.0,144096170.0,129224680.0,198380170.0,184671090.0,178469970.0,186962880.0,99147970.0,119235620.0,209119000.0,186983000.0,287333000.0,267326000.0,258199000.0,270848000.0,142872000.0,172366000.0
20260325,4342460.0,98978940.0,99586240.0,143906870.0,147642030.0,143996940.0,148640610.0,87260960.0,78274830.0,141734000.0,142256000.0,205884000.0,211069000.0,205839000.0,212642000.0,124604000.0,112095000.0
20260326,11330110.0,101796790.0,117978250.0,162100910.0,157249550.0,168280020.0,156558340.0,96210710.0,96602280.0,143606000.0,165971000.0,228410000.0,221304000.0,236590000.0,220306000.0,134732000.0,135758000.0
20260327,21555590.0,118268760.0,128602910.0,199966540.0,211187970.0,212859020.0,219499090.0,119693690.0,91498030.0,167013000.0,180432000.0,281598000.0,297003000.0,299246000.0,309170000.0,167605000.0,128855000.0
20260330,-57908130.0,137290890.0,120040060.0,204690780.0,164033480.0,177277590.0,195013260.0,76896470.0,117068930.0,197376000.0,172654000.0,294081000.0,235499000.0,254525000.0,279971000.0,110269000.0,168127000.0
20260331,-142122630.0,199481300.0,99468880.0,246276990.0,204166770.0,192057670.0,242867570.0,131933570.0,223246300.0,310965000.0,154759000.0,383492000.0,317876000.0,299174000.0,378265000.0,205486000.0,348217000.0
20260401,-68557830.0,141615300.0,76269450.0,139602850.0,136390870.0,110286120.0,149256370.0,58336510.0,87924090.0,227269000.0,122279000.0,224311000.0,218923000.0,177190000.0,239831000.0,93647000.0,141384000.0
20260402,-2590200.0,86348460.0,90929300.0,127263890.0,120092840.0,121630590.0,127389320.0,67741840.0,64573310.0,137433000.0,144284000.0,202379000.0,190838000.0,193214000.0,202595000.0,107496000.0,102805000.0
20260403,-64696880.0,96127630.0,51835330.0,111013820.0,90609240.0,79999040.0,107889800.0,33308390.0,70114510.0,158276000.0,85314000.0,182716000.0,149101000.0,131521000.0,177573000.0,54778000.0,115303000.0
20260407,5249310.0,48847100.0,51996530.0,68867500.0,70967380.0,62753720.0,56709030.0,30995740.0,31791120.0,80531000.0,85645000.0,113496000.0,116913000.0,103383000.0,93481000.0,51053000.0,52424000.0
20260408,-4511870.0,113639640.0,101713380.0,142332980.0,149747380.0,134222470.0,132978910.0,73947600.0,79703030.0,178009000.0,159347000.0,223035000.0,234662000.0,210446000.0,208444000.0,115960000.0,124997000.0
20260409,13840950.0,87735410.0,107131190.0,134160180.0,128605360.0,127792020.0,121786540.0,64686410.0,56850940.0,134555000.0,164004000.0,205641000.0,196959000.0,195562000.0,186595000.0,98903000.0,87103000.0
20260410,19171550.0,147665330.0,173837430.0,240209350.0,233208800.0,202544130.0,218396570.0,146285190.0,111261200.0,214519000.0,252414000.0,348919000.0,338751000.0,294237000.0,317304000.0,212235000.0,161443000.0
20260413,-20354660.0,155823230.0,126273490.0,188562290.0,197757370.0,165803040.0,174932310.0,91568910.0,102794300.0,221616000.0,179327000.0,267869000.0,281002000.0,235496000.0,248527000.0,130023000.0,146149000.0
20260414,11533700.0,123607700.0,139140370.0,180834230.0,176835240.0,173418960.0,170138160.0,107932810.0,99679910.0,176111000.0,197203000.0,257135000.0,251001000.0,245891000.0,241687000.0,152338000.0,141583000.0
20260415,-34701160.0,118777280.0,92596360.0,157598310.0,149078080.0,141018990.0,150781890.0,80124540.0,105062800.0,167755000.0,130663000.0,222400000.0,210311000.0,198813000.0,212774000.0,112835000.0,148056000.0
20260416,-3714760.0,117263090.0,114244120.0,163073790.0,162378020.0,163558830.0,162270350.0,105031320.0,110034560.0,164317000.0,159846000.0,228197000.0,227067000.0,228668000.0,226901000.0,146636000.0,154004000.0
20260417,-52956860.0,129149860.0,87088670.0,148198010.0,137302340.0,118874410.0,142766380.0,58728190.0,87793080.0,184383000.0,124385000.0,211447000.0,195953000.0,169625000.0,203708000.0,83854000.0,125264000.0
20260420,-46292200.0,117035960.0,88967050.0,138568290.0,120345000.0,108118180.0,138212460.0,54530830.0,70728750.0,169630000.0,128952000.0,200809000.0,174366000.0,156674000.0,200318000.0,79051000.0,102528000.0
20260421,45017090.0,147664730.0,184581110.0,218028020.0,226128730.0,230215960.0,222254650.0,158222520.0,121166740.0,208854000.0,260632000.0,308840000.0,319823000.0,325488000.0,314350000.0,222960000.0,171337000.0
20260422,-23224780.0,132996990.0,110428980.0,180442900.0,179786120.0,171795600.0,173288870.0,96531220.0,118262730.0,184146000.0,152370000.0,249037000.0,248289000.0,237007000.0,239217000.0,133175000.0,163488000.0
20260423,10167980.0,103380940.0,124509370.0,173030320.0,162069860.0,154776650.0,146185790.0,88698920.0,87121800.0,144367000.0,173495000.0,241545000.0,226089000.0,215801000.0,204013000.0,123513000.0,121629000.0
20260424,29538270.0,103537540.0,135429390.0,179394150.0,177040570.0,183471460.0,149936930.0,100892640.0,104888900.0,143298000.0,187073000.0,247992000.0,244577000.0,253371000.0,207237000.0,139186000.0,144961000.0
20260427,-35121020.0,114534790.0,87280230.0,158860220.0,150993760.0,144687230.0,154686540.0,71941370.0,97063080.0,159535000.0,121435000.0,221063000.0,210126000.0,201299000.0,215383000.0,100066000.0,135019000.0
20260428,-30907990.0,95768090.0,77627770.0,140765270.0,127997600.0,112176440.0,115487960.0,45004540.0,72601010.0,136450000.0,110455000.0,200516000.0,182222000.0,159711000.0,164546000.0,64098000.0,103551000.0
20260429,62857720.0,117595320.0,166555500.0,202740320.0,216637860.0,208955950.0,194856240.0,160716750.0,111958740.0,161509000.0,228595000.0,278492000.0,297734000.0,287119000.0,267583000.0,220024000.0,153232000.0
20260430,-25197450.0,125536130.0,114054600.0,176465930.0,162750020.0,155797430.0,159927860.0,87176340.0,108243360.0,172221000.0,156208000.0,241864000.0,223005000.0,213447000.0,219155000.0,119375000.0,148539000.0
20260506,68762160.0,124996180.0,162157950.0,221540810.0,253141190.0,284296740.0,243950950.0,176902700.0,148486330.0,167138000.0,216619000.0,296217000.0,338341000.0,379973000.0,326172000.0,236527000.0,198723000.0
20260507,-151336840.0,245778170.0,149993330.0,323105120.0,267553130.0,295013820.0,345590590.0,154021610.0,254781680.0,338185000.0,206343000.0,444473000.0,367794000.0,405727000.0,475388000.0,211711000.0,350571000.0
20260508,-70274850.0,179703110.0,127478420.0,248848360.0,230798200.0,247553320.0,233695450.0,117977740.0,202110460.0,251631000.0,177244000.0,347445000.0,321746000.0,344418000.0,325687000.0,163865000.0,282683000.0
20260511,-47703790.0,137154130.0,93882750.0,216935350.0,212502940.0,212590310.0,240239270.0,131730530.0,151785360.0,196330000.0,133998000.0,310312000.0,303664000.0,303773000.0,343416000.0,188172000.0,217509000.0
20260512,-97097240.0,149959240.0,81260890.0,184728830.0,156329930.0,143794650.0,190006570.0,87025250.0,137910570.0,219790000.0,119069000.0,270614000.0,229065000.0,210600000.0,278352000.0,127536000.0,202054000.0
20260513,-22937440.0,99996700.0,77487970.0,132394480.0,131965770.0,116032360.0,129404550.0,66903060.0,76468310.0,146971000.0,113742000.0,194483000.0,193790000.0,170378000.0,190050000.0,98144000.0,112394000.0
20260514,-66881680.0,129934270.0,80031150.0,161860740.0,144882170.0,141969860.0,166772470.0,83366640.0,125445710.0,194474000.0,119574000.0,241711000.0,216352000.0,211621000.0,249065000.0,124604000.0,187419000.0
20260515,-11510400.0,111109890.0,106262700.0,158257480.0,151594270.0,135553670.0,148823670.0,92531190.0,90771590.0,168965000.0,161144000.0,240406000.0,230131000.0,205673000.0,226153000.0,140137000.0,137754000.0
20260518,-38911030.0,109119350.0,76838730.0,120522340.0,113891910.0,96750120.0,115765660.0,43720340.0,63615830.0,168152000.0,118318000.0,185764000.0,175446000.0,149047000.0,178441000.0,67316000.0,98076000.0
20260519,-6152770.0,82669300.0,79173210.0,115719390.0,113062710.0,99846570.0,100971650.0,51703190.0,56730880.0,127464000.0,121784000.0,178267000.0,174065000.0,153667000.0,155470000.0,79466000.0,87545000.0
20260520,35970120.0,97873660.0,125180790.0,165572780.0,174235770.0,167929960.0,153957050.0,95970420.0,73973210.0,148625000.0,189331000.0,251104000.0,263903000.0,254269000.0,233639000.0,145232000.0,112357000.0
20260521,-37855320.0,117186730.0,92866300.0,165059160.0,151524280.0,131451560.0,137602590.0,75727350.0,107431640.0,178118000.0,140792000.0,250252000.0,229602000.0,198897000.0,208438000.0,114678000.0,163113000.0
20260522,-6131480.0,66654810.0,57418650.0,95481090.0,98585760.0,79180510.0,83337250.0,49317150.0,51291890.0,103670000.0,89234000.0,148496000.0,153275000.0,123088000.0,129595000.0,76622000.0,79772000.0
20260525,-53392450.0,105169390.0,56602540.0,118256390.0,113430800.0,85930240.0,106603650.0,42981740.0,75700780.0,166347000.0,89440000.0,186931000.0,179326000.0,135766000.0,168488000.0,67989000.0,119778000.0
20260526,-3397830.0,74150360.0,69142880.0,104919140.0,106528780.0,85141040.0,80417400.0,43987150.0,52108620.0,116991000.0,108931000.0,165435000.0,167880000.0,134130000.0,126810000.0,69195000.0,82129000.0
20260527,47837120.0,111448560.0,130908910.0,169978060.0,198354830.0,182990650.0,151746170.0,103487460.0,86894820.0,170455000.0,200017000.0,259970000.0,303051000.0,279531000.0,231835000.0,157709000.0,132762000.0
20260528,37688300.0,86277760.0,112855160.0,146796930.0,157907830.0,151841860.0,122432010.0,69803450.0,61525000.0,133693000.0,173966000.0,227044000.0,243677000.0,233923000.0,189323000.0,107334000.0,95028000.0
20260529,-24924370.0,100546150.0,83221350.0,140250050.0,132650480.0,115718530.0,122663980.0,59418790.0,77397710.0,155493000.0,128326000.0,216709000.0,204678000.0,178642000.0,189447000.0,91496000.0,119888000.0
20260601,37105540.0,84202440.0,102676170.0,142742680.0,161374490.0,143637380.0,131938480.0,88355700.0,62949060.0,128116000.0,155933000.0,217083000.0,245169000.0,218051000.0,200441000.0,133978000.0,95686000.0
20260602,21371700.0,79292610.0,98731000.0,133742270.0,135675580.0,124196570.0,117182000.0,72137910.0,57780780.0,123102000.0,152810000.0,207322000.0,209976000.0,192130000.0,181677000.0,111452000.0,89544000.0
20260603,-55266530.0,115964770.0,75151920.0,159513390.0,145059700.0,114399560.0,133471270.0,65396060.0,101590880.0,182247000.0,117902000.0,250543000.0,227687000.0,179580000.0,209665000.0,102570000.0,159685000.0
20260604,-85566410.0,122803800.0,58914820.0,161495480.0,139818040.0,119351620.0,160571860.0,75419060.0,119765230.0,203852000.0,97733000.0,268060000.0,232012000.0,198115000.0,266722000.0,125270000.0,198830000.0
20260605,-37023330.0,91368040.0,52315140.0,113898480.0,115928050.0,93762590.0,113820740.0,53639390.0,70604570.0,155166000.0,88706000.0,193396000.0,196650000.0,159160000.0,193390000.0,91090000.0,120065000.0
20260608,-38182200.0,108149100.0,65318640.0,126400730.0,131048990.0,93432120.0,119001780.0,46403440.0,59015980.0,195484000.0,118045000.0,228119000.0,236665000.0,168521000.0,214769000.0,83802000.0,106448000.0
20260609,7627590.0,80857020.0,72861380.0,93445660.0,109068880.0,80817060.0,86120160.0,57743090.0,44812400.0,144889000.0,130236000.0,167229000.0,195133000.0,144472000.0,154119000.0,103160000.0,80263000.0
20260610,-22739010.0,68393870.0,43161900.0,69255160.0,71748120.0,52301470.0,59776750.0,20951810.0,36215540.0,122775000.0,77407000.0,124210000.0,128647000.0,93742000.0,107214000.0,37631000.0,65089000.0
20260611,-16386560.0,67626770.0,58503030.0,88729660.0,81466850.0,67631590.0,85916340.0,28923710.0,27025520.0,122955000.0,106045000.0,161102000.0,147822000.0,122717000.0,156249000.0,52491000.0,49148000.0
20260612,50052240.0,77611730.0,122145570.0,140918550.0,146436960.0,126894690.0,106778360.0,79613650.0,49677740.0,135560000.0,213047000.0,245962000.0,255653000.0,221416000.0,186396000.0,138678000.0,86520000.0
20260615,5101340.0,56812570.0,70106280.0,107951120.0,99758760.0,78434870.0,77036490.0,48698910.0,44995950.0,97540000.0,120254000.0,185252000.0,171154000.0,134518000.0,132138000.0,83518000.0,77282000.0
20260616,105834950.0,168612370.0,213568320.0,263829270.0,324708280.0,289136120.0,309097120.0,377960740.0,252164790.0,255960000.0,323419000.0,400331000.0,491760000.0,438183000.0,468419000.0,570934000.0,381811000.0
20260617,-40253650.0,181151920.0,162684570.0,274423020.0,252636740.0,265293930.0,255569630.0,190908050.0,240886000.0,271064000.0,242924000.0,410152000.0,377358000.0,396224000.0,381856000.0,285200000.0,360503000.0
20260618,-77541110.0,176267630.0,117377330.0,223393280.0,204742460.0,212635950.0,220090440.0,107447250.0,177533870.0,264092000.0,175342000.0,334113000.0,306078000.0,317796000.0,329200000.0,160570000.0,265951000.0
20260622,75894240.0,173393260.0,226066690.0,293723820.0,316944640.0,313947900.0,293777830.0,247976010.0,192251840.0,252879000.0,327876000.0,427160000.0,460652000.0,456219000.0,427155000.0,359708000.0,280283000.0
20260623,-78868560.0,160776980.0,109091270.0,219496140.0,192313290.0,186378000.0,206333250.0,96086170.0,154999480.0,235394000.0,159517000.0,321221000.0,281264000.0,272484000.0,301816000.0,140444000.0,226947000.0
20260624,-9467870.0,118606670.0,108618940.0,180168290.0,180688140.0,155882490.0,153485920.0,95856790.0,107721230.0,176580000.0,161487000.0,267940000.0,268624000.0,231697000.0,228310000.0,142441000.0,160237000.0
20260625,-49152490.0,124625500.0,94874070.0,174287860.0,154886800.0,131860960.0,148005200.0,78405980.0,111414230.0,187561000.0,142573000.0,262014000.0,232767000.0,198085000.0,222513000.0,117738000.0,167544000.0
20260626,-112076860.0,173048750.0,88928630.0,202942590.0,174985850.0,127567310.0,181531930.0,89855570.0,147967810.0,270509000.0,138760000.0,316771000.0,273234000.0,198933000.0,283500000.0,140199000.0,230916000.0
20260629,21007890.0,125336000.0,136160750.0,178239410.0,188422550.0,155478900.0,140973290.0,111557000.0,105054720.0,198950000.0,214288000.0,282774000.0,298253000.0,246144000.0,224056000.0,175575000.0,166846000.0
20260630,-16706570.0,108553890.0,91303340.0,127742070.0,128286050.0,103666290.0,103510720.0,53761210.0,70623350.0,168270000.0,141323000.0,197933000.0,198652000.0,160438000.0,160358000.0,83085000.0,109394000.0
20260701,-67526890.0,154474670.0,102299550.0,174619140.0,159267370.0,128466400.0,158055020.0,75506070.0,113444340.0,246003000.0,162503000.0,278003000.0,253176000.0,204496000.0,251811000.0,120128000.0,181141000.0
20260702,-34045360.0,107975610.0,73900240.0,120410560.0,120440570.0,91453730.0,110158700.0,47972860.0,63313250.0,173109000.0,118172000.0,192906000.0,192691000.0,146309000.0,176325000.0,76615000.0,101750000.0
20260703,-6485810.0,69573180.0,60455550.0,89964740.0,92596560.0,73810140.0,76553000.0,41563720.0,45306670.0,112927000.0,98044000.0,145975000.0,150228000.0,119765000.0,124211000.0,67363000.0,73548000.0
20260706,-40410730.0,87780300.0,53866930.0,108089730.0,101592370.0,70915040.0,90163400.0,33448310.0,54610680.0,145823000.0,89341000.0,179270000.0,168639000.0,117652000.0,149584000.0,55438000.0,90619000.0
20260707,-5408700.0,66062360.0,51291290.0,84590650.0,93953020.0,63739570.0,65265150.0,34031660.0,37914780.0,111472000.0,86327000.0,142473000.0,158280000.0,107292000.0,109847000.0,57350000.0,64132000.0
20260708,-35299910.0,78676210.0,47168170.0,87667510.0,83875630.0,66488880.0,71545130.0,34728930.0,64972590.0,138111000.0,82636000.0,153750000.0,146941000.0,116523000.0,125513000.0,60875000.0,114169000.0
20260709,-5394720.0,78482290.0,68043920.0,102689660.0,107733300.0,82587550.0,85638740.0,39594640.0,41938170.0,141364000.0,122010000.0,184639000.0,193763000.0,148417000.0,153980000.0,70983000.0,75651000.0
20260710,-29031700.0,77117110.0,62069810.0,102367590.0,88383180.0,72004710.0,87844500.0,34373810.0,47565720.0,137940000.0,110927000.0,183014000.0,157930000.0,128709000.0,157133000.0,61525000.0,85198000.0
20260713,-19942280.0,82426320.0,68668190.0,107107230.0,100923080.0,81538440.0,100949970.0,44069120.0,44599870.0,157090000.0,130963000.0,204145000.0,192408000.0,155467000.0,192366000.0,83991000.0,84955000.0
20260714,6069040.0,60930960.0,58516890.0,80560550.0,89043670.0,74443040.0,63121610.0,24564990.0,29817380.0,118182000.0,113204000.0,156137000.0,172498000.0,143993000.0,122327000.0,47503000.0,57786000.0
20260715,-2507710.0,52796820.0,51245650.0,74763490.0,73806940.0,57256530.0,58143770.0,28109460.0,29729930.0,100099000.0,96996000.0,141703000.0,139799000.0,108329000.0,110221000.0,53145000.0,56261000.0
20260716,-4713830.0,49469570.0,43833400.0,68113310.0,69035640.0,43829550.0,41126860.0,16464900.0,23881420.0,95424000.0,84396000.0,131310000.0,133022000.0,84393000.0,79306000.0,31714000.0,46117000.0
20260717,3238740.0,76346190.0,80709860.0,102884600.0,101759670.0,71726070.0,69646150.0,37712770.0,36553950.0,147887000.0,156117000.0,199064000.0,196791000.0,138605000.0,134661000.0,72791000.0,70780000.0
20260720,-9149490.0,74040640.0,74808400.0,106367570.0,96450330.0,81546650.0,69654270.0,25742290.0,46784160.0,145500000.0,146548000.0,208964000.0,189218000.0,159696000.0,136881000.0,50454000.0,91966000.0
20260721,44087920.0,84462590.0,116840230.0,131932280.0,143642570.0,125443230.0,97304330.0,67174610.0,51225590.0,158478000.0,219041000.0,247505000.0,269605000.0,235545000.0,182746000.0,125923000.0,96059000.0
20260722,-15022120.0,66055050.0,58793950.0,89972800.0,82211790.0,63834170.0,72355480.0,34408290.0,40909100.0,124425000.0,110760000.0,169437000.0,154814000.0,120123000.0,136202000.0,64810000.0,77021000.0
20260723,33611090.0,65944720.0,88149220.0,105660330.0,117066910.0,88339340.0,84136500.0,69903100.0,40494850.0,121398000.0,161906000.0,194383000.0,215153000.0,162261000.0,154664000.0,127984000.0,74304000.0
20260724,-11394330.0,58735050.0,50835680.0,86028970.0,82534020.0,59886780.0,71513370.0,38243860.0,38011600.0,107637000.0,93028000.0,157405000.0,150971000.0,109513000.0,130863000.0,69917000.0,69610000.0
20260727,-4469060.0,65091730.0,67870220.0,97661170.0,90413610.0,77076510.0,70917280.0,34683150.0,45311440.0,117997000.0,122819000.0,176841000.0,163621000.0,139419000.0,128328000.0,62750000.0,82239000.0
20260728,-21196290.0,55131720.0,45659590.0,70707740.0,58983580.0,35988400.0,48636950.0,18370480.0,26918220.0,101493000.0,83990000.0,130072000.0,108444000.0,66160000.0,89480000.0,33738000.0,49549000.0
20260729,-20183800.0,89018860.0,72959800.0,112564600.0,108439860.0,71579230.0,78648690.0,26172400.0,39286740.0,168097000.0,137623000.0,212484000.0,204617000.0,135267000.0,148676000.0,49445000.0,74376000.0
20260730,3300120.0,70952600.0,70465050.0,101490430.0,105278100.0,76190080.0,75316490.0,41766090.0,39339560.0,131074000.0,130006000.0,187454000.0,194407000.0,140626000.0,139054000.0,77011000.0,72698000.0
20260731,-959030.0,54260740.0,55553180.0,81482280.0,79230810.0,59846910.0,60563150.0,29825390.0,30068180.0,99610000.0,101906000.0,149608000.0,145394000.0,109811000.0,111211000.0,54691000.0,55210000.0
20260803,-1356400.0,45477720.0,46341050.0,60465730.0,58246000.0,41495580.0,44720390.0,22437530.0,20569120.0,83804000.0,85337000.0,111403000.0,107337000.0,76354000.0,82409000.0,41353000.0,37831000.0
20260804,3369490.0,41206570.0,48607070.0,68028730.0,63997720.0,50993700.0,50349830.0,30668630.0,27943010.0,75098000.0,88538000.0,123954000.0,116593000.0,92889000.0,91771000.0,55891000.0,50929000.0
20260805,9719950.0,52054840.0,63143000.0,88287570.0,86919350.0,76052170.0,70240810.0,38379380.0,34470790.0,93822000.0,113700000.0,159114000.0,156634000.0,137025000.0,126600000.0,69082000.0,62109000.0
20260806,-34294230.0,80208320.0,51913510.0,97060090.0,91060670.0,73044440.0,78841000.0,25095440.0,53593110.0,147085000.0,95182000.0,177805000.0,166951000.0,133660000.0,144362000.0,45993000.0,98047000.0
20260807,-1541520.0,63935950.0,52879450.0,78133020.0,87648000.0,68096340.0,78646270.0,34691320.0,25682910.0,117799000.0,97165000.0,143974000.0,161233000.0,125313000.0,145105000.0,63715000.0,47299000.0
20260810,-15524470.0,60704330.0,48142270.0,75516950.0,72554540.0,50086600.0,59349170.0,33093690.0,39355590.0,110380000.0,87430000.0,137231000.0,131768000.0,90937000.0,107799000.0,60010000.0,71560000.0
20260811,26127170.0,62259670.0,76549750.0,91900430.0,103737520.0,95523380.0,81631570.0,54694810.0,42459450.0,111055000.0,136390000.0,163900000.0,184902000.0,170222000.0,145554000.0,97336000.0,75666000.0
20260812,-8532610.0,53222670.0,52733560.0,87721220.0,79677710.0,67466150.0,78263250.0,29928880.0,27664390.0,94085000.0,93095000.0,155034000.0,140750000.0,119201000.0,138335000.0,52764000.0,48906000.0
20260813,-25585120.0,68198290.0,45902330.0,74888520.0,71599360.0,51539110.0,64600150.0,21085340.0,33609420.0,121035000.0,81387000.0,132912000.0,127027000.0,91450000.0,114688000.0,37457000.0,59752000.0
20260814,14167120.0,57990790.0,71992200.0,88726490.0,88892210.0,74333090.0,67404780.0,41807800.0,34568990.0,102144000.0,126606000.0,155974000.0,156186000.0,130545000.0,118495000.0,73429000.0,60806000.0
20260817,-10580880.0,55905910.0,44843830.0,73981210.0,74462410.0,53262010.0,61273180.0,24239220.0,26808930.0,98898000.0,79184000.0,130829000.0,131601000.0,94146000.0,108363000.0,42778000.0,47503000.0
20260818,-10425130.0,47193490.0,36239640.0,54245540.0,54774260.0,35996050.0,42423980.0,15657970.0,19655170.0,83369000.0,63954000.0,95746000.0,96694000.0,63532000.0,74888000.0,27614000.0,34724000.0
20260819,-17662710.0,54114380.0,48298250.0,76356490.0,64509920.0,51270300.0,60073780.0,19818080.0,28677310.0,97041000.0,86557000.0,136901000.0,115615000.0,91858000.0,107754000.0,35556000.0,51430000.0
20260820,-11234070.0,63945770.0,59136320.0,79563420.0,73138790.0,58108200.0,61860460.0,29144020.0,36625830.0,114542000.0,105732000.0,142225000.0,130547000.0,103680000.0,110583000.0,51932000.0,65516000.0
