trade_date,main_net_in,buy_sm_amount,sell_sm_amount,buy_md_amount,sell_md_amount,buy_lg_amount,sell_lg_amount,buy_elg_amount,sell_elg_amount,buy_sm_vol,sell_sm_vol,buy_md_vol,sell_md_vol,buy_lg_vol,sell_lg_vol,buy_elg_vol,sell_elg_vol
20190102,-2086010.0,6184750.0,4833880.0,9868250.0,9133110.0,5048890.0,7045160.0,1004930.0,1094670.0,70622000.0,55127000.0,112732000.0,104405000.0,57757000.0,80571000.0,11518000.0,12527000.0
20190103,-1808160.0,5044310.0,3948240.0,7518920.0,6806850.0,4656390.0,5740270.0,337980.0,1062260.0,58544000.0,45701000.0,87205000.0,78927000.0,54109000.0,66727000.0,3884000.0,12388000.0
20190104,1356780.0,4599040.0,5183810.0,8720840.0,9492860.0,5866690.0,5277070.0,790850.0,23690.0,53150000.0,59730000.0,100601000.0,109453000.0,67604000.0,60944000.0,9043000.0,272000.0
20190107,672350.0,6401580.0,7140460.0,10447590.0,10381080.0,7950410.0,8000160.0,2154370.0,1432270.0,70828000.0,78783000.0,115636000.0,114573000.0,87554000.0,88450000.0,23621000.0,15833000.0
20190108,-1770300.0,5426790.0,3878120.0,5929520.0,5707880.0,3772210.0,5126880.0,120870.0,536500.0,60360000.0,43066000.0,65972000.0,63420000.0,41976000.0,57171000.0,1349000.0,6000000.0
20190109,1106600.0,6327900.0,6210510.0,8945120.0,10169120.0,7501750.0,7466220.0,1335410.0,264340.0,70537000.0,68833000.0,99645000.0,113209000.0,83296000.0,83208000.0,14726000.0,2955000.0
20190110,4950290.0,8374050.0,11389790.0,14902690.0,16837260.0,16750560.0,15042220.0,6877830.0,3635880.0,88602000.0,120437000.0,157843000.0,178033000.0,177313000.0,159018000.0,72102000.0,38372000.0
20190111,-566700.0,7248580.0,6015250.0,9807980.0,10474610.0,8105830.0,9709850.0,2996290.0,1958970.0,77332000.0,63961000.0,104513000.0,111455000.0,86336000.0,103453000.0,31745000.0,21056000.0
20190114,-2273150.0,6515590.0,4154240.0,8089920.0,8178120.0,7326220.0,7005460.0,223690.0,2817600.0,69709000.0,44411000.0,86526000.0,87406000.0,78480000.0,74967000.0,2392000.0,30323000.0
20190115,6085490.0,7095860.0,11043360.0,13180570.0,15318560.0,15447710.0,13138540.0,6299620.0,2523300.0,73948000.0,114262000.0,136382000.0,158548000.0,159470000.0,135507000.0,64423000.0,25906000.0
20190116,-1450990.0,5570690.0,5018290.0,9171570.0,8272980.0,7323860.0,8210220.0,716670.0,1281300.0,56665000.0,51010000.0,93281000.0,84101000.0,74460000.0,83493000.0,7282000.0,13084000.0
20190117,-844330.0,11132920.0,6701990.0,14263740.0,17850340.0,14446430.0,13093710.0,1604930.0,3801980.0,113582000.0,67819000.0,144826000.0,181496000.0,146732000.0,132825000.0,16048000.0,39048000.0
20190118,5387640.0,9025180.0,12693810.0,16068110.0,17787120.0,16124680.0,15167380.0,7311650.0,2881310.0,91538000.0,127528000.0,162307000.0,179487000.0,162369000.0,153097000.0,72664000.0,28766000.0
20190121,484120.0,11338300.0,12328220.0,16351140.0,15845350.0,12422470.0,12838600.0,3824610.0,2924360.0,109949000.0,119370000.0,158535000.0,153490000.0,120394000.0,124565000.0,36881000.0,28335000.0
20190122,-515520.0,6154140.0,5152760.0,9070110.0,9555970.0,6996140.0,6595940.0,943540.0,1859260.0,59913000.0,50102000.0,88222000.0,92961000.0,68081000.0,64230000.0,9184000.0,18106000.0
20190123,1218230.0,4888600.0,5182170.0,6690930.0,7615590.0,7389900.0,6932220.0,2768060.0,2007510.0,47920000.0,50642000.0,65488000.0,74483000.0,72139000.0,67677000.0,26923000.0,19668000.0
20190124,7855040.0,9126800.0,16141130.0,21576760.0,22417470.0,22006510.0,21329970.0,21864490.0,14685990.0,82795000.0,145932000.0,196148000.0,202561000.0,198602000.0,192143000.0,193037000.0,129947000.0
20190125,-8441970.0,16263080.0,12785810.0,24356630.0,19391930.0,20611590.0,24497140.0,6688790.0,11245210.0,138589000.0,109351000.0,208325000.0,165690000.0,175760000.0,209275000.0,56997000.0,95355000.0
20190128,1390250.0,16142450.0,14391480.0,20233200.0,23374420.0,19316970.0,21197620.0,6619860.0,3348960.0,132843000.0,118464000.0,166473000.0,192640000.0,159206000.0,174750000.0,54777000.0,27446000.0
20190129,-2254630.0,14690590.0,11154160.0,22046250.0,23328050.0,23483290.0,21816720.0,8947250.0,12868450.0,127754000.0,96679000.0,192058000.0,202498000.0,204115000.0,189978000.0,78077000.0,112848000.0
20190130,-1645440.0,9490780.0,6883120.0,14077620.0,15039840.0,14310890.0,15162670.0,6496630.0,7290290.0,83509000.0,60446000.0,123680000.0,131932000.0,125685000.0,133267000.0,56985000.0,64213000.0
20190131,-2891420.0,10645220.0,7036660.0,13349660.0,14066790.0,11569400.0,13837460.0,1817950.0,2441310.0,96046000.0,63454000.0,120481000.0,126963000.0,104253000.0,124668000.0,16401000.0,22095000.0
20190201,4584860.0,9078310.0,10578040.0,13333800.0,16418930.0,16547410.0,15344950.0,7721090.0,4338690.0,78061000.0,90932000.0,114967000.0,141184000.0,142628000.0,131882000.0,65997000.0,37655000.0
20190211,-2475410.0,11159380.0,10465040.0,17021010.0,15239930.0,14130570.0,17430280.0,4098150.0,3273850.0,94496000.0,88330000.0,143840000.0,128571000.0,119315000.0,147628000.0,34509000.0,27632000.0
20190212,-4095760.0,11749250.0,9207080.0,13185970.0,11632380.0,9883460.0,10988300.0,2110600.0,5101520.0,98433000.0,77006000.0,110420000.0,97373000.0,82749000.0,92129000.0,17669000.0,42764000.0
20190213,-1155280.0,9530830.0,9490830.0,14863610.0,13748330.0,15908330.0,13846810.0,3425900.0,6642700.0,79607000.0,79090000.0,123971000.0,114648000.0,132448000.0,115500000.0,28522000.0,55310000.0
20190214,4144090.0,12242050.0,16014090.0,21529300.0,21901350.0,24735460.0,23542550.0,11997610.0,9046430.0,98828000.0,128811000.0,173639000.0,176454000.0,198841000.0,189519000.0,96181000.0,72704000.0
20190215,-7040270.0,12810720.0,9696210.0,21292240.0,17366480.0,11537930.0,15941010.0,3861700.0,6498890.0,103050000.0,77665000.0,170515000.0,139034000.0,92492000.0,127986000.0,31018000.0,52389000.0
20190218,-580230.0,12472220.0,10937140.0,17367140.0,18322000.0,18717140.0,20263830.0,7243310.0,6276850.0,97919000.0,85818000.0,136349000.0,143745000.0,146841000.0,159046000.0,56782000.0,49283000.0
20190219,-6354460.0,13758900.0,10830250.0,20034530.0,16608720.0,13769960.0,19479150.0,6083780.0,6729050.0,107310000.0,84155000.0,156103000.0,129199000.0,107330000.0,152095000.0,47191000.0,52484000.0
20190220,342010.0,6598210.0,8515230.0,12782160.0,11207160.0,10865360.0,11030840.0,3967220.0,3459730.0,51682000.0,66517000.0,99967000.0,87554000.0,84824000.0,86252000.0,30870000.0,27020000.0
20190221,-5200790.0,13971740.0,12372340.0,23234800.0,19633410.0,18471350.0,23444320.0,6813570.0,7041390.0,108283000.0,95381000.0,179234000.0,151460000.0,142872000.0,180952000.0,52109000.0,54705000.0
20190222,-6042700.0,14364870.0,10170720.0,18880240.0,17031700.0,16131080.0,19412600.0,5417470.0,8178650.0,113709000.0,80065000.0,149104000.0,134339000.0,127041000.0,153205000.0,42556000.0,64802000.0
20190225,-12610240.0,21236470.0,13899770.0,28716060.0,23442520.0,26067460.0,31113460.0,10750200.0,18314440.0,167786000.0,108943000.0,226328000.0,184016000.0,205162000.0,245235000.0,84267000.0,145349000.0
20190226,-4759100.0,21018730.0,14110900.0,26426520.0,28575250.0,25858970.0,24675880.0,4353250.0,10295440.0,170769000.0,114378000.0,214482000.0,231758000.0,209753000.0,200598000.0,35351000.0,83621000.0
20190227,-12097560.0,21157080.0,13582470.0,27030360.0,22507400.0,20459060.0,29160690.0,10011340.0,13407270.0,183015000.0,117877000.0,234193000.0,194702000.0,177165000.0,252545000.0,87226000.0,116475000.0
20190228,-3066330.0,14158210.0,10140340.0,18795690.0,19747220.0,17752610.0,16092720.0,3716320.0,8442540.0,124115000.0,88541000.0,164389000.0,172312000.0,155375000.0,140930000.0,32507000.0,74604000.0
20190301,1492050.0,9084620.0,9268710.0,11775720.0,13083670.0,13189500.0,10789740.0,2874880.0,3782590.0,79865000.0,81309000.0,103471000.0,114815000.0,115672000.0,94773000.0,25170000.0,33282000.0
20190304,-588940.0,14837370.0,15532990.0,21326870.0,20042310.0,19375400.0,21334370.0,8263720.0,6893690.0,126883000.0,132455000.0,182268000.0,171201000.0,165203000.0,182028000.0,70472000.0,59141000.0
20190305,-1125460.0,11628710.0,11753880.0,16557980.0,15307330.0,15435280.0,14053520.0,4506290.0,7013510.0,99808000.0,100458000.0,141840000.0,131035000.0,132043000.0,120445000.0,38457000.0,60209000.0
20190306,210870.0,14445020.0,12672490.0,17313150.0,19296560.0,17439080.0,19445770.0,7362360.0,5144800.0,121200000.0,106116000.0,145068000.0,161707000.0,146067000.0,163036000.0,61673000.0,43149000.0
20190307,-5246110.0,18544790.0,13340450.0,17018850.0,16977090.0,14139820.0,15635700.0,4497700.0,8247930.0,158358000.0,114071000.0,145253000.0,144928000.0,120707000.0,133474000.0,38388000.0,70232000.0
20190308,-5835640.0,16395370.0,11404800.0,15452620.0,14607560.0,14169720.0,16070130.0,3610130.0,7545360.0,145496000.0,100891000.0,136994000.0,129503000.0,125660000.0,142499000.0,31808000.0,67066000.0
20190311,13374860.0,14139980.0,20617290.0,20538050.0,27435600.0,28944990.0,22983870.0,24488850.0,17075110.0,121182000.0,175840000.0,175833000.0,234146000.0,247438000.0,196702000.0,206847000.0,144613000.0
20190312,-7444590.0,19538820.0,16966530.0,28242990.0,23370680.0,21895760.0,27141670.0,7735250.0,9933930.0,160865000.0,139445000.0,232347000.0,192079000.0,179881000.0,223059000.0,63231000.0,81740000.0
20190313,-3410390.0,14125500.0,12384240.0,17992880.0,16323740.0,14097960.0,15340160.0,2730240.0,4898430.0,117069000.0,102381000.0,149017000.0,135190000.0,116665000.0,127090000.0,22565000.0,40655000.0
20190314,-1613790.0,15545770.0,13721590.0,18668430.0,18878830.0,14229850.0,15081320.0,3030980.0,3793300.0,130129000.0,114421000.0,155813000.0,157434000.0,118368000.0,125864000.0,25199000.0,31790000.0
20190315,2357490.0,15274960.0,19123050.0,24071720.0,22581130.0,22434350.0,22467260.0,7290240.0,4899840.0,124086000.0,155202000.0,195570000.0,183191000.0,181877000.0,182268000.0,58864000.0,39736000.0
20190318,-4652210.0,15319710.0,11428360.0,18843150.0,18082300.0,13841330.0,15226380.0,4570270.0,7837430.0,127188000.0,94702000.0,156390000.0,149972000.0,114691000.0,126178000.0,37773000.0,65189000.0
20190319,-2615130.0,9060770.0,8447850.0,15165600.0,13163400.0,11973370.0,12440070.0,2740960.0,4889390.0,75360000.0,70126000.0,126038000.0,109287000.0,99407000.0,103407000.0,22748000.0,40733000.0
20190320,-10117900.0,15335680.0,7935450.0,15799140.0,13081460.0,12366280.0,17296880.0,2434850.0,7622150.0,130395000.0,67335000.0,134216000.0,110985000.0,105043000.0,146847000.0,20641000.0,65129000.0
20190321,-2546220.0,10199470.0,7459810.0,9846820.0,10040260.0,7593110.0,9493450.0,1942690.0,2588570.0,87184000.0,63667000.0,84147000.0,85765000.0,64861000.0,81148000.0,16545000.0,22156000.0
20190322,-4892570.0,12218290.0,9000260.0,11500150.0,9825600.0,9509400.0,10031760.0,1075740.0,5445950.0,106995000.0,78745000.0,100635000.0,85974000.0,83248000.0,87828000.0,9425000.0,47756000.0
20190325,-1768420.0,8657300.0,6386570.0,8698870.0,9201170.0,7833940.0,7641300.0,1398670.0,3359730.0,76521000.0,56376000.0,76799000.0,81251000.0,69197000.0,67541000.0,12283000.0,29631000.0
20190326,1737720.0,6947430.0,9079620.0,9803590.0,9409130.0,9097290.0,8399400.0,3036740.0,1996910.0,61597000.0,80346000.0,86800000.0,83214000.0,80519000.0,74428000.0,26794000.0,17723000.0
20190327,-261400.0,8445550.0,7920290.0,9271970.0,9535830.0,6063840.0,7031090.0,2355170.0,1649320.0,74423000.0,69733000.0,81640000.0,83916000.0,53304000.0,61861000.0,20607000.0,14464000.0
20190328,821990.0,8110720.0,5640450.0,7612670.0,10904940.0,6856280.0,7252080.0,2916960.0,1699170.0,72312000.0,50161000.0,67844000.0,97150000.0,61054000.0,64604000.0,25891000.0,15185000.0
20190329,-5625890.0,16111480.0,9952820.0,15916410.0,16449200.0,14249140.0,18981910.0,7398340.0,8291460.0,149452000.0,91977000.0,147741000.0,152653000.0,132246000.0,176512000.0,69191000.0,77486000.0
20190401,14835970.0,7556060.0,16768340.0,15849790.0,21473480.0,18871630.0,21745720.0,28139760.0,10429700.0,65304000.0,142437000.0,136279000.0,182289000.0,160938000.0,185495000.0,234975000.0,87275000.0
20190402,-12598930.0,18026020.0,17340270.0,38141540.0,26228360.0,27553920.0,32313400.0,7610060.0,15449510.0,147213000.0,141356000.0,311162000.0,213882000.0,224857000.0,263617000.0,61958000.0,126335000.0
20190403,-2926990.0,9756360.0,8034290.0,12842140.0,11637220.0,9680150.0,11565280.0,3297360.0,4339220.0,80122000.0,65905000.0,105426000.0,95477000.0,79372000.0,94919000.0,27063000.0,35682000.0
20190404,-765320.0,11991930.0,9396180.0,13214470.0,15044890.0,13749810.0,14145820.0,5402710.0,5772020.0,98435000.0,76970000.0,108473000.0,123305000.0,112762000.0,115983000.0,44133000.0,47545000.0
20190408,-3054750.0,12814600.0,10296130.0,16051690.0,15515400.0,12709630.0,12510370.0,3729100.0,6983110.0,105818000.0,84495000.0,132267000.0,127763000.0,104724000.0,102865000.0,30466000.0,58151000.0
20190409,-1778320.0,8447750.0,7203800.0,11480360.0,10946000.0,7024000.0,8623600.0,2840180.0,3018900.0,70660000.0,60099000.0,95837000.0,91395000.0,58670000.0,72159000.0,23694000.0,25209000.0
20190410,-3018490.0,8840340.0,6675710.0,9743930.0,8890080.0,8039040.0,9385190.0,1133870.0,2806210.0,75464000.0,56958000.0,83139000.0,75805000.0,68580000.0,80174000.0,9713000.0,23960000.0
20190411,2913870.0,12420700.0,15443420.0,20122750.0,20013890.0,17023240.0,15712230.0,8440100.0,6837240.0,104647000.0,129136000.0,168071000.0,167178000.0,142109000.0,131253000.0,69884000.0,57144000.0
20190412,-292040.0,7537360.0,7828370.0,10163400.0,9580340.0,7729120.0,8412100.0,3424230.0,3033290.0,62254000.0,64536000.0,83797000.0,78956000.0,63648000.0,69343000.0,28275000.0,25139000.0
20190415,-1387730.0,8132790.0,9931240.0,12185430.0,8999260.0,10445710.0,8846080.0,1992420.0,4979780.0,67006000.0,81712000.0,100272000.0,74004000.0,85876000.0,72735000.0,16393000.0,41096000.0
20190416,-476340.0,10746720.0,10959450.0,16188990.0,15499910.0,12758820.0,16533460.0,6812300.0,3514000.0,90437000.0,91183000.0,135295000.0,129367000.0,106517000.0,138558000.0,56322000.0,29463000.0
20190417,7140760.0,14501420.0,19763870.0,22181590.0,24059900.0,26783640.0,25775780.0,12445290.0,6312390.0,112415000.0,153352000.0,172063000.0,186570000.0,207928000.0,199916000.0,96146000.0,48714000.0
20190418,-799870.0,12610000.0,11716680.0,17938010.0,18031440.0,19693440.0,19894880.0,6861550.0,7459980.0,96201000.0,88984000.0,136335000.0,136957000.0,149243000.0,151056000.0,51646000.0,56428000.0
20190419,1601080.0,7127350.0,8734790.0,11552470.0,11546090.0,12815230.0,12233170.0,3409400.0,2390380.0,54437000.0,66589000.0,88049000.0,87956000.0,97497000.0,93090000.0,25833000.0,18181000.0
20190422,7781060.0,11763560.0,13716040.0,17726630.0,23555210.0,21853800.0,16771950.0,7898390.0,5199180.0,87592000.0,101432000.0,131401000.0,174554000.0,161375000.0,123832000.0,57773000.0,38322000.0
20190423,-5480660.0,13196280.0,9649390.0,16457230.0,14523460.0,13335630.0,17176010.0,3884180.0,5524460.0,101514000.0,73654000.0,126324000.0,111106000.0,102212000.0,132394000.0,29610000.0,42506000.0
20190424,-2561650.0,12364240.0,8527830.0,12712630.0,13987390.0,11250280.0,12510250.0,1527460.0,2829140.0,96361000.0,66303000.0,99050000.0,108921000.0,87700000.0,97624000.0,11927000.0,22190000.0
20190425,-2645040.0,11993550.0,8200080.0,11653690.0,12802120.0,9816470.0,11644690.0,1399580.0,2216400.0,95189000.0,64981000.0,92355000.0,101561000.0,77715000.0,92370000.0,11180000.0,17529000.0
20190426,-415660.0,7551180.0,6983680.0,9316150.0,9467990.0,5625310.0,5799980.0,259650.0,500640.0,61000000.0,56351000.0,75320000.0,76486000.0,45377000.0,46889000.0,2081000.0,4052000.0
20190429,2598270.0,9015690.0,10916480.0,10179940.0,10877410.0,10947710.0,8152040.0,1627800.0,1825200.0,75293000.0,90692000.0,84674000.0,90178000.0,90293000.0,67534000.0,13481000.0,15336000.0
20190430,-2161350.0,8118440.0,7221640.0,7348410.0,6083860.0,4595900.0,6529210.0,967040.0,1195080.0,67237000.0,59709000.0,60804000.0,50268000.0,37959000.0,54146000.0,7945000.0,9821000.0
20190506,-3641450.0,8410580.0,6288820.0,10102670.0,8582980.0,8159010.0,9381800.0,1405040.0,3823700.0,74894000.0,55830000.0,90125000.0,76340000.0,72473000.0,83628000.0,12461000.0,34155000.0
20190507,634870.0,7007670.0,7818860.0,8938700.0,8762390.0,5892470.0,5710880.0,869810.0,416530.0,61630000.0,68594000.0,78538000.0,76908000.0,51515000.0,50153000.0,7643000.0,3670000.0
20190508,-1384350.0,6305740.0,4864770.0,6314980.0,6371610.0,3940350.0,6062710.0,1515590.0,777580.0,56554000.0,43433000.0,56624000.0,57166000.0,35343000.0,54527000.0,13680000.0,7075000.0
20190509,-2017480.0,9545080.0,7638160.0,9324580.0,9214010.0,6117590.0,8742060.0,3383290.0,2776300.0,89999000.0,71976000.0,87895000.0,86879000.0,57680000.0,82487000.0,32000000.0,26233000.0
20190510,-5680680.0,13561860.0,7224070.0,15310490.0,15967600.0,13332090.0,20282950.0,3729200.0,2459020.0,130056000.0,68360000.0,146807000.0,152633000.0,127035000.0,194179000.0,35039000.0,23764000.0
20190513,-9384700.0,15068790.0,8808090.0,16844420.0,13720430.0,10813860.0,17652900.0,2111290.0,4656950.0,152220000.0,88527000.0,170161000.0,138466000.0,109097000.0,178734000.0,21266000.0,47017000.0
20190514,-4216390.0,11664420.0,9053070.0,16284720.0,14679680.0,9340420.0,12718500.0,1558000.0,2396310.0,120071000.0,92842000.0,167230000.0,150826000.0,96279000.0,131369000.0,16317000.0,24858000.0
20190515,6552870.0,8635090.0,12334250.0,14986760.0,17840470.0,16401730.0,15198300.0,9428520.0,4079080.0,83621000.0,118766000.0,144851000.0,171957000.0,158481000.0,146233000.0,88710000.0,38708000.0
20190516,-3732180.0,12149150.0,9617390.0,13329680.0,12129260.0,11555150.0,12927560.0,1564900.0,3924670.0,114113000.0,90379000.0,125112000.0,113929000.0,108386000.0,121231000.0,14602000.0,36673000.0
20190517,-3144570.0,10520250.0,8047400.0,12268220.0,11596500.0,6637160.0,8571290.0,823140.0,2033580.0,103017000.0,78505000.0,120033000.0,113493000.0,64893000.0,83988000.0,8085000.0,20042000.0
20190520,-922490.0,8421430.0,7391000.0,8629860.0,8737800.0,5842050.0,6691870.0,1367980.0,1440650.0,85765000.0,75109000.0,87870000.0,88913000.0,59424000.0,68257000.0,13857000.0,14637000.0
20190521,1333450.0,7482570.0,7786300.0,8802280.0,9832000.0,6319860.0,5234650.0,1511390.0,1263150.0,74722000.0,77572000.0,87806000.0,97933000.0,62766000.0,52192000.0,14970000.0,12567000.0
20190522,241270.0,7555190.0,6787760.0,8554910.0,9563600.0,7638080.0,5929530.0,1695960.0,3163240.0,75923000.0,68004000.0,85775000.0,95825000.0,76458000.0,59467000.0,17043000.0,31904000.0
20190523,-2649790.0,9206170.0,5796830.0,8910790.0,9670340.0,6756560.0,7598870.0,1293600.0,3101080.0,95327000.0,59826000.0,92268000.0,100122000.0,69802000.0,78490000.0,13363000.0,32322000.0
20190524,-1061100.0,10082830.0,6750730.0,7720940.0,9991950.0,4840060.0,5659890.0,730380.0,971650.0,107394000.0,71719000.0,82144000.0,106347000.0,51566000.0,60452000.0,7826000.0,10412000.0
20190527,1980010.0,9627150.0,8904590.0,10519630.0,13222210.0,9917270.0,8576200.0,1524570.0,885630.0,99291000.0,91671000.0,108502000.0,136243000.0,102003000.0,88355000.0,15592000.0,9120000.0
20190528,1836250.0,6295470.0,7485020.0,7323460.0,7970150.0,6801580.0,5176460.0,607100.0,395970.0,64630000.0,76727000.0,75144000.0,81701000.0,69609000.0,53098000.0,6160000.0,4017000.0
20190529,1017000.0,5417860.0,6521330.0,6371340.0,6284860.0,6415110.0,5191860.0,632170.0,838420.0,55746000.0,67074000.0,65522000.0,64591000.0,65948000.0,53388000.0,6482000.0,8645000.0
20190530,-2398270.0,8618540.0,5192390.0,9066710.0,10094580.0,4825430.0,6678620.0,1187910.0,1732990.0,91523000.0,55007000.0,96274000.0,107118000.0,51230000.0,70990000.0,12538000.0,18451000.0
20190531,6608400.0,14368770.0,17849300.0,19229870.0,22357750.0,16648350.0,12970620.0,6512700.0,3582030.0,144080000.0,178970000.0,193069000.0,224487000.0,167093000.0,130372000.0,65523000.0,35935000.0
20190603,-1652210.0,11451550.0,11232340.0,12475510.0,11042510.0,7122650.0,7150010.0,1430030.0,3054880.0,117601000.0,115273000.0,127940000.0,113249000.0,72919000.0,73257000.0,14714000.0,31394000.0
20190604,-1195840.0,5525980.0,6870550.0,9354910.0,6814510.0,5409610.0,5506450.0,982190.0,2081190.0,57335000.0,71194000.0,97071000.0,70587000.0,55970000.0,57128000.0,10203000.0,21669000.0
20190605,-572960.0,4725800.0,4280800.0,5799470.0,5671490.0,3705700.0,4408570.0,916690.0,786780.0,49265000.0,44539000.0,60431000.0,59063000.0,38646000.0,46092000.0,9581000.0,8227000.0
20190606,-5075470.0,9321350.0,4306790.0,7506140.0,7445240.0,3903380.0,7530160.0,537270.0,1985960.0,100947000.0,46520000.0,81389000.0,80540000.0,42330000.0,81871000.0,5780000.0,21515000.0
20190610,12290.0,4836130.0,4629070.0,5193040.0,5412390.0,3195380.0,3141800.0,192090.0,233380.0,52776000.0,50465000.0,56648000.0,59010000.0,34770000.0,34259000.0,2085000.0,2545000.0
20190611,-1632910.0,12549320.0,10772860.0,16280280.0,16423830.0,10590850.0,13630060.0,2459830.0,1053530.0,139332000.0,118812000.0,180801000.0,182097000.0,117677000.0,152597000.0,27735000.0,12038000.0
20190612,-5513110.0,14476660.0,12208340.0,16154560.0,12909770.0,8939780.0,9621550.0,896460.0,5727800.0,159703000.0,134743000.0,178564000.0,142394000.0,98855000.0,106039000.0,9991000.0,63936000.0
20190613,2362650.0,11305710.0,9216740.0,10474070.0,14925700.0,10546690.0,9306790.0,1750920.0,628170.0,125188000.0,101687000.0,115801000.0,164757000.0,116034000.0,102798000.0,19181000.0,6963000.0
20190614,-6039660.0,9936320.0,7714540.0,12406270.0,8588400.0,4722750.0,7322550.0,352590.0,3792450.0,111847000.0,87024000.0,139871000.0,96709000.0,53197000.0,82450000.0,4000000.0,42732000.0
20190617,-3093440.0,8794510.0,7037550.0,9107330.0,7770850.0,5723870.0,7419450.0,189090.0,1586950.0,103176000.0,82360000.0,106669000.0,91078000.0,67173000.0,87170000.0,2207000.0,18617000.0
20190618,-646190.0,6277230.0,4504750.0,5179540.0,6305830.0,2696310.0,3781230.0,545120.0,106390.0,73778000.0,52799000.0,60845000.0,74079000.0,31670000.0,44533000.0,6383000.0,1265000.0
20190619,2120270.0,6326680.0,7201560.0,6859280.0,8104670.0,7606290.0,5283390.0,1284910.0,1487540.0,72075000.0,81975000.0,78171000.0,92278000.0,86520000.0,60146000.0,14617000.0,16984000.0
20190620,2768090.0,8368740.0,7829940.0,9452770.0,12759670.0,8478590.0,7287280.0,3255740.0,1678960.0,94188000.0,87767000.0,106266000.0,143286000.0,95118000.0,81848000.0,36290000.0,18961000.0
20190621,-1364740.0,9303910.0,7472340.0,8610560.0,9077410.0,5964420.0,7448730.0,1287520.0,1167950.0,100749000.0,80820000.0,93265000.0,98313000.0,64554000.0,80707000.0,13930000.0,12659000.0
20190624,789370.0,6013570.0,7943700.0,10263980.0,9123220.0,7683430.0,6333740.0,577220.0,1137540.0,64611000.0,85223000.0,110064000.0,97778000.0,82280000.0,67942000.0,6165000.0,12177000.0
20190625,245260.0,6874130.0,7715340.0,6164610.0,5568650.0,4365330.0,3956300.0,685950.0,849720.0,74855000.0,84001000.0,67092000.0,60596000.0,47539000.0,43125000.0,7476000.0,9240000.0
20190626,247380.0,7791230.0,6377610.0,6265930.0,7926950.0,6838970.0,5825880.0,544100.0,1309810.0,83422000.0,68305000.0,67197000.0,84914000.0,73169000.0,62383000.0,5832000.0,14018000.0
20190627,1450800.0,7727320.0,9167410.0,10077160.0,10087860.0,8080260.0,6874410.0,1382420.0,1137470.0,81393000.0,96449000.0,105864000.0,105998000.0,84786000.0,72128000.0,14550000.0,12018000.0
20190628,156770.0,6272840.0,5636050.0,7023090.0,7816640.0,5378980.0,4634360.0,273160.0,861010.0,67408000.0,60381000.0,75425000.0,83933000.0,57542000.0,49766000.0,2945000.0,9239000.0
20190701,2629080.0,5560460.0,7397720.0,8159030.0,8950850.0,7752420.0,5876860.0,2296270.0,1542750.0,57943000.0,76953000.0,84997000.0,93125000.0,80668000.0,61299000.0,23888000.0,16119000.0
20190702,-2091130.0,8501960.0,6866290.0,9197500.0,8742030.0,5264840.0,7642550.0,1356630.0,1070050.0,89196000.0,71933000.0,96560000.0,91794000.0,55331000.0,80264000.0,14188000.0,11284000.0
20190703,-2516750.0,6505700.0,5214750.0,6198250.0,4972440.0,3682290.0,5021290.0,170600.0,1348350.0,69175000.0,55425000.0,65933000.0,52893000.0,39166000.0,53393000.0,1815000.0,14378000.0
20190704,-1153440.0,5196180.0,3838960.0,5345270.0,5549060.0,2059540.0,2878060.0,38660.0,373580.0,55399000.0,40918000.0,56969000.0,59122000.0,21991000.0,30714000.0,410000.0,4015000.0
20190705,-558440.0,3289390.0,2605170.0,2990890.0,3116670.0,2715500.0,3216060.0,174360.0,232240.0,35108000.0,27798000.0,31911000.0,33254000.0,28954000.0,34305000.0,1857000.0,2473000.0
20190708,-883990.0,10766490.0,7892720.0,10909280.0,12899050.0,7950150.0,7443160.0,1027370.0,2418350.0,121360000.0,88580000.0,122757000.0,145628000.0,89355000.0,83621000.0,11751000.0,27394000.0
20190709,-2632800.0,11221530.0,8370590.0,12531310.0,12749450.0,6412270.0,7965740.0,424830.0,1504160.0,123772000.0,92415000.0,138323000.0,140630000.0,70752000.0,87899000.0,4699000.0,16602000.0
20190710,162620.0,4467320.0,5232950.0,5065140.0,4462130.0,2643590.0,2539220.0,255890.0,197640.0,49259000.0,57636000.0,55837000.0,49070000.0,29067000.0,28028000.0,2767000.0,2196000.0
20190711,-120030.0,6078400.0,6592310.0,6310320.0,5676380.0,4447400.0,4395080.0,941150.0,1113500.0,68128000.0,73893000.0,70725000.0,63622000.0,49876000.0,49257000.0,10565000.0,12521000.0
20190712,13581050.0,6787110.0,13656500.0,13672650.0,20384300.0,19397710.0,18051180.0,18117030.0,5882510.0,71486000.0,142978000.0,144124000.0,213302000.0,203195000.0,188206000.0,186423000.0,60742000.0
20190715,-307450.0,14672700.0,14591720.0,19065660.0,18839200.0,25854840.0,27510420.0,6994880.0,5646750.0,148544000.0,147180000.0,192864000.0,190281000.0,260823000.0,278094000.0,70419000.0,57094000.0
20190716,3966600.0,10728280.0,13284640.0,13679290.0,15089530.0,16196650.0,13705860.0,5013700.0,3537890.0,106162000.0,131290000.0,135184000.0,149137000.0,159900000.0,135402000.0,49471000.0,34889000.0
20190717,5317120.0,7405630.0,11707100.0,8946580.0,9962230.0,11306790.0,6411880.0,2122230.0,1700020.0,72975000.0,115258000.0,88102000.0,98079000.0,111257000.0,63135000.0,20844000.0,16705000.0
20190718,2339640.0,8722580.0,10518070.0,12328530.0,12872680.0,14568680.0,13689960.0,5629790.0,4168870.0,85146000.0,102644000.0,120213000.0,125478000.0,141969000.0,133448000.0,54776000.0,40534000.0
20190719,-4307010.0,10915940.0,8207310.0,13447440.0,11849060.0,9016140.0,11834530.0,2286270.0,3774890.0,107228000.0,80503000.0,132048000.0,116287000.0,88287000.0,116096000.0,22412000.0,37088000.0
20190722,321250.0,9664860.0,10804770.0,13061820.0,12243160.0,12018000.0,11284470.0,2898650.0,3310930.0,94709000.0,105801000.0,127810000.0,119728000.0,117364000.0,110282000.0,28263000.0,32336000.0
20190723,4046610.0,10611900.0,11191190.0,12840460.0,16307780.0,12718680.0,8952010.0,3569610.0,3289670.0,103430000.0,109059000.0,125156000.0,158942000.0,123882000.0,87192000.0,34593000.0,31869000.0
20190724,3726240.0,9918810.0,12350620.0,12674800.0,13969220.0,13312240.0,10880720.0,5115660.0,3820940.0,94781000.0,117995000.0,121018000.0,133469000.0,127069000.0,103744000.0,48702000.0,36362000.0
20190725,-708280.0,8339220.0,9296390.0,12072660.0,10407200.0,10579230.0,10521930.0,3921640.0,4687220.0,79757000.0,88765000.0,115329000.0,99428000.0,101028000.0,100500000.0,37445000.0,44866000.0
20190726,362400.0,4727520.0,4511540.0,6997980.0,7576360.0,8006380.0,6922550.0,2272750.0,2994180.0,45131000.0,43024000.0,66753000.0,72270000.0,76339000.0,66040000.0,21694000.0,28583000.0
20190729,55420.0,3833060.0,3471260.0,5153410.0,5570630.0,6062040.0,6215100.0,1528650.0,1320170.0,36821000.0,33330000.0,49489000.0,53473000.0,58198000.0,59667000.0,14649000.0,12687000.0
20190730,-3215580.0,6327910.0,3773380.0,7411910.0,6750860.0,6630550.0,8715630.0,1099730.0,2230230.0,60988000.0,36304000.0,71402000.0,65053000.0,63897000.0,84052000.0,10575000.0,21453000.0
20190731,-383620.0,6489160.0,4412720.0,5506320.0,7199130.0,5778550.0,6946560.0,1247090.0,462700.0,62636000.0,42573000.0,53137000.0,69468000.0,55774000.0,67080000.0,12037000.0,4463000.0
20190801,677140.0,4294480.0,4069570.0,4537470.0,5439520.0,4763720.0,3676690.0,467130.0,877020.0,41577000.0,39363000.0,43938000.0,52633000.0,46021000.0,35575000.0,4505000.0,8470000.0
20190802,135660.0,6511880.0,5580500.0,5439980.0,6507010.0,6669760.0,6500200.0,1285260.0,1319160.0,63905000.0,54570000.0,53386000.0,63795000.0,65290000.0,63702000.0,12507000.0,13020000.0
20190805,2801010.0,8900760.0,10449090.0,10843580.0,12096260.0,12033820.0,10600000.0,5238070.0,3870880.0,82949000.0,97522000.0,101271000.0,112960000.0,112376000.0,98753000.0,48891000.0,36252000.0
20190806,1179630.0,8225070.0,9241350.0,9391040.0,9554380.0,9753870.0,9424780.0,4177870.0,3327330.0,78166000.0,87933000.0,89316000.0,90783000.0,92912000.0,89697000.0,39733000.0,31713000.0
20190807,-3944190.0,8479330.0,7170350.0,9987840.0,7352630.0,7817750.0,9000890.0,1662380.0,4423430.0,82860000.0,69671000.0,97603000.0,71781000.0,76276000.0,88149000.0,16306000.0,43445000.0
20190808,207690.0,4960150.0,5027910.0,6445530.0,6585470.0,5780000.0,5509990.0,658940.0,721260.0,49547000.0,50094000.0,64265000.0,65653000.0,57439000.0,54832000.0,6543000.0,7214000.0
20190809,-1398240.0,5567470.0,4469010.0,6027810.0,5728020.0,4961210.0,4990660.0,923110.0,2291900.0,55471000.0,44427000.0,60062000.0,56965000.0,49350000.0,49696000.0,9182000.0,22977000.0
20190812,-1860.0,3858120.0,3450480.0,3516380.0,3922160.0,3085020.0,3706550.0,1192700.0,573030.0,38434000.0,34250000.0,35000000.0,38980000.0,30650000.0,36957000.0,11773000.0,5671000.0
20190813,-1322570.0,3664720.0,2194730.0,3196520.0,3343930.0,1984810.0,3238810.0,136380.0,204950.0,36402000.0,21793000.0,31763000.0,33219000.0,19734000.0,32201000.0,1357000.0,2044000.0
20190814,-576970.0,4353260.0,3892600.0,5969440.0,5853140.0,5703950.0,4924140.0,1208160.0,2564940.0,43483000.0,38792000.0,59654000.0,58546000.0,56823000.0,49117000.0,12050000.0,25555000.0
20190815,554220.0,5990470.0,5506020.0,6059050.0,7097710.0,6510830.0,5275910.0,1689250.0,2369950.0,59948000.0,54875000.0,60511000.0,70795000.0,64893000.0,52726000.0,16707000.0,23663000.0
20190816,-177220.0,4238490.0,4436550.0,5725120.0,5349850.0,5579430.0,5507180.0,444460.0,693930.0,42063000.0,44013000.0,56805000.0,53062000.0,55268000.0,54551000.0,4373000.0,6883000.0
20190819,3834260.0,5909640.0,7963740.0,6793730.0,8573900.0,8863490.0,6987740.0,4392420.0,2433910.0,57443000.0,77288000.0,65968000.0,83263000.0,86318000.0,67869000.0,42490000.0,23798000.0
20190820,-1164420.0,4866400.0,4265520.0,5776710.0,5213180.0,5503010.0,6265020.0,653660.0,1056070.0,46391000.0,40638000.0,55066000.0,49661000.0,52423000.0,59725000.0,6230000.0,10086000.0
20190821,10190070.0,2547920.0,8023760.0,4792550.0,9506780.0,7805720.0,9367060.0,14481750.0,2730340.0,23103000.0,71555000.0,43381000.0,84715000.0,70573000.0,83467000.0,126746000.0,24067000.0
20190822,-418090.0,15178360.0,14683440.0,25456140.0,25532970.0,26989050.0,27621010.0,15578470.0,15364600.0,126403000.0,122110000.0,211832000.0,212272000.0,224207000.0,229565000.0,129164000.0,127659000.0
20190823,-1895320.0,13521090.0,15022070.0,24166670.0,20770380.0,18947580.0,19404190.0,4535730.0,5974440.0,110876000.0,123017000.0,198153000.0,170156000.0,155198000.0,158999000.0,37037000.0,49093000.0
20190826,-2908780.0,13149060.0,11685470.0,21832790.0,20387600.0,17200870.0,20281760.0,5617570.0,5445460.0,107607000.0,95143000.0,178072000.0,166090000.0,140117000.0,165756000.0,45771000.0,44578000.0
20190827,-4217160.0,13501980.0,8967110.0,11958970.0,12276690.0,11305980.0,13611810.0,3269960.0,5181290.0,110009000.0,72937000.0,97443000.0,99908000.0,92065000.0,110920000.0,26562000.0,42315000.0
20190828,1078710.0,11044700.0,9449610.0,12312450.0,14986250.0,12784760.0,11409580.0,6842910.0,7139380.0,89840000.0,76636000.0,99915000.0,121581000.0,103782000.0,92633000.0,55411000.0,58098000.0
20190829,-6842150.0,11005680.0,9034860.0,15620630.0,10749310.0,6598580.0,10642810.0,2191120.0,4989040.0,89784000.0,73592000.0,127266000.0,87639000.0,53921000.0,86775000.0,17911000.0,40876000.0
20190830,-4219100.0,8416320.0,8127240.0,14289250.0,10359230.0,8650360.0,10752170.0,2370570.0,4487860.0,69296000.0,66917000.0,117839000.0,85327000.0,71213000.0,88597000.0,19540000.0,37047000.0
20190902,5662380.0,11568350.0,13858590.0,15277130.0,18649260.0,16630780.0,16101510.0,12740450.0,7607340.0,91675000.0,109558000.0,120844000.0,147298000.0,131051000.0,126737000.0,99353000.0,59330000.0
20190903,187630.0,7647300.0,7847200.0,9051450.0,9039180.0,9916090.0,9160220.0,1845430.0,2413670.0,60353000.0,61917000.0,71423000.0,71358000.0,78167000.0,72207000.0,14581000.0,19042000.0
20190904,-730860.0,7239190.0,8870490.0,8417730.0,6055570.0,6195560.0,6129000.0,1260490.0,2057910.0,57634000.0,70572000.0,66975000.0,48139000.0,49298000.0,48735000.0,10032000.0,16493000.0
20190905,-3095180.0,7795520.0,6270460.0,9036960.0,7466850.0,8975400.0,9017390.0,1795570.0,4848760.0,61602000.0,49517000.0,71419000.0,58960000.0,70894000.0,71292000.0,14173000.0,38320000.0
20190906,-1785030.0,11200750.0,11349700.0,11277400.0,9343420.0,10262930.0,8753380.0,2275760.0,5570340.0,91131000.0,92415000.0,91682000.0,75914000.0,83541000.0,71191000.0,18531000.0,45366000.0
20190909,-614270.0,10214730.0,8267950.0,9183380.0,10515900.0,7807570.0,9793880.0,4975970.0,3603930.0,81265000.0,65803000.0,73129000.0,83655000.0,62088000.0,77953000.0,39612000.0,28683000.0
20190910,-222140.0,6071980.0,6326200.0,7365920.0,6889560.0,6519250.0,6262520.0,850950.0,1329820.0,48293000.0,50300000.0,58505000.0,54684000.0,51710000.0,49671000.0,6741000.0,10594000.0
20190911,-2729580.0,5802020.0,3815620.0,6682900.0,5939720.0,5442710.0,6815060.0,703100.0,2060330.0,46916000.0,30851000.0,54035000.0,48001000.0,44031000.0,55113000.0,5677000.0,16695000.0
20190912,-1607180.0,12327890.0,11500830.0,14119160.0,13339030.0,13042670.0,15341550.0,5053140.0,4361440.0,96608000.0,89983000.0,110194000.0,103987000.0,101805000.0,119867000.0,39410000.0,34179000.0
20190916,-3381280.0,8825610.0,7204580.0,9926360.0,8166110.0,11093560.0,12138780.0,1827310.0,4163370.0,70274000.0,57348000.0,79109000.0,65063000.0,88376000.0,96600000.0,14514000.0,33261000.0
20190917,-6623210.0,10846210.0,6949050.0,10885010.0,8158960.0,8568370.0,8609870.0,2188960.0,8770670.0,89506000.0,57392000.0,89942000.0,67377000.0,70877000.0,71078000.0,18140000.0,72618000.0
20190918,-5484770.0,6112650.0,4195740.0,8148040.0,4580180.0,5504350.0,9014560.0,1352930.0,3327490.0,51574000.0,35369000.0,68710000.0,38613000.0,46401000.0,76081000.0,11428000.0,28050000.0
20190919,-1125170.0,6392100.0,5811890.0,7549160.0,7004200.0,5218300.0,6264130.0,2625630.0,2704970.0,53466000.0,48592000.0,63124000.0,58490000.0,43586000.0,52389000.0,21904000.0,22609000.0
20190920,-2070390.0,5181700.0,4651470.0,6455460.0,4915310.0,5203830.0,6988110.0,1863680.0,2149790.0,43517000.0,39024000.0,54213000.0,41236000.0,43688000.0,58665000.0,15586000.0,18079000.0
20190923,-473020.0,6581050.0,5450400.0,5659550.0,6317190.0,4976860.0,5184740.0,1125400.0,1390540.0,56280000.0,46600000.0,48405000.0,54034000.0,42539000.0,44310000.0,9665000.0,11947000.0
20190924,636500.0,6445660.0,6445240.0,6292240.0,6929150.0,8814170.0,9058190.0,2274010.0,1393490.0,54044000.0,54034000.0,52785000.0,58104000.0,73787000.0,75835000.0,19014000.0,11656000.0
20190925,-3627520.0,7568150.0,5831490.0,8993430.0,7102580.0,5763150.0,8136750.0,786380.0,2040300.0,64688000.0,49756000.0,76908000.0,60659000.0,49386000.0,69793000.0,6739000.0,17512000.0
20190926,152580.0,6030970.0,6010260.0,6868260.0,7041550.0,5082210.0,5870730.0,2054290.0,1113190.0,52384000.0,52178000.0,59710000.0,61140000.0,44217000.0,51058000.0,17798000.0,9732000.0
20190927,-382190.0,4387850.0,4794830.0,5540930.0,4751760.0,3440770.0,3855930.0,415060.0,382090.0,38292000.0,41836000.0,48315000.0,41434000.0,30022000.0,33650000.0,3638000.0,3345000.0
20190930,1149290.0,3744860.0,3938200.0,4578240.0,5534200.0,4774400.0,3648140.0,487780.0,464750.0,32721000.0,34395000.0,40005000.0,48379000.0,41762000.0,31930000.0,4272000.0,4056000.0
20191008,175450.0,3843270.0,3545210.0,3921430.0,4394940.0,3302890.0,3130390.0,693120.0,690170.0,33313000.0,30729000.0,33974000.0,38046000.0,28646000.0,27135000.0,5975000.0,5998000.0
20191009,-1099680.0,4685630.0,4385800.0,4663740.0,3863880.0,2928830.0,4012030.0,1009080.0,1025560.0,41399000.0,38687000.0,41153000.0,34088000.0,25876000.0,35444000.0,8939000.0,9148000.0
20191010,-1019650.0,4425440.0,4725040.0,5885120.0,4565860.0,5545150.0,6600580.0,1198170.0,1162390.0,38737000.0,41380000.0,51510000.0,39954000.0,48650000.0,57857000.0,10461000.0,10168000.0
20191011,-8447440.0,18502190.0,12557360.0,21362650.0,18860040.0,18343180.0,25727950.0,5481240.0,6543910.0,171665000.0,116453000.0,198186000.0,175180000.0,170533000.0,238816000.0,51117000.0,61052000.0
20191014,-7132900.0,19079980.0,16388320.0,20083310.0,15642060.0,11157470.0,16104030.0,1673740.0,3860080.0,174239000.0,149546000.0,183658000.0,143047000.0,102211000.0,147340000.0,15325000.0,35500000.0
20191015,-3567040.0,12646590.0,9771230.0,13811220.0,13119540.0,10874720.0,14223650.0,2908920.0,3127030.0,120646000.0,93272000.0,131915000.0,125063000.0,104066000.0,136095000.0,27821000.0,30018000.0
20191016,-1787350.0,8225100.0,6686730.0,7480050.0,7231080.0,4145570.0,5409070.0,261080.0,784930.0,79779000.0,64737000.0,72565000.0,70138000.0,40243000.0,52592000.0,2537000.0,7656000.0
20191017,-1154210.0,6976110.0,6827390.0,6794330.0,5788820.0,5926690.0,6580320.0,778040.0,1278620.0,68280000.0,66781000.0,66410000.0,56640000.0,58092000.0,64445000.0,7629000.0,12546000.0
20191018,611910.0,5136890.0,6171980.0,6075760.0,5652590.0,5224360.0,4080260.0,1524490.0,2056680.0,51177000.0,61566000.0,60542000.0,56313000.0,52111000.0,40659000.0,15220000.0,20513000.0
20191021,-216600.0,4695920.0,5903400.0,5135410.0,3711340.0,2763090.0,3168730.0,513000.0,323960.0,47673000.0,59893000.0,52104000.0,37651000.0,28029000.0,32172000.0,5222000.0,3311000.0
20191022,817390.0,3806590.0,5495760.0,4838530.0,3966740.0,4310380.0,3980510.0,860900.0,373380.0,38266000.0,55236000.0,48596000.0,39854000.0,43273000.0,39981000.0,8674000.0,3738000.0
20191023,-1066760.0,4868450.0,4790220.0,5201410.0,4212870.0,3127800.0,4147570.0,113210.0,160200.0,49188000.0,48392000.0,52555000.0,42533000.0,31658000.0,41983000.0,1131000.0,1625000.0
20191024,-1293090.0,4850530.0,3799990.0,4065920.0,3823370.0,2230160.0,3381300.0,303070.0,445020.0,49784000.0,38937000.0,41726000.0,39197000.0,22875000.0,34763000.0,3095000.0,4584000.0
20191025,307510.0,3800620.0,4521320.0,4801110.0,4387940.0,3363890.0,3158100.0,632460.0,530740.0,38663000.0,45908000.0,48727000.0,44555000.0,34127000.0,32063000.0,6351000.0,5341000.0
20191028,3219420.0,4789620.0,7760560.0,6130010.0,6378500.0,7694960.0,4961090.0,1333010.0,847460.0,47178000.0,76361000.0,60380000.0,62825000.0,75765000.0,48886000.0,13124000.0,8375000.0
20191029,-187740.0,4551290.0,5049300.0,4692060.0,4006310.0,3429170.0,3836750.0,320730.0,100890.0,45041000.0,49970000.0,46450000.0,39650000.0,33967000.0,37994000.0,3157000.0,1001000.0
20191030,318290.0,3830850.0,3596830.0,4236340.0,4788650.0,3728160.0,3255150.0,411840.0,566560.0,38682000.0,36303000.0,42778000.0,48358000.0,37664000.0,32899000.0,4172000.0,5736000.0
20191031,-1091460.0,3282640.0,2501650.0,3639660.0,3329180.0,2383840.0,2824620.0,382120.0,1032800.0,33332000.0,25384000.0,36977000.0,33807000.0,24181000.0,28679000.0,3878000.0,10498000.0
20191101,67100.0,3745430.0,3745290.0,4088270.0,4155500.0,3763610.0,3929460.0,413200.0,180250.0,38076000.0,38047000.0,41519000.0,42197000.0,38200000.0,39935000.0,4221000.0,1836000.0
20191104,-72480.0,4520940.0,5073960.0,5266500.0,4641000.0,3614320.0,3639570.0,507140.0,554370.0,45555000.0,51138000.0,53043000.0,46722000.0,36412000.0,36662000.0,5103000.0,5591000.0
20191105,3411090.0,6027110.0,9425080.0,7056520.0,7069640.0,9249330.0,6379840.0,1653600.0,1112000.0,60910000.0,94929000.0,71267000.0,70944000.0,92705000.0,64280000.0,16523000.0,11252000.0
20191106,5764700.0,10133280.0,14874760.0,13564870.0,14588100.0,17949840.0,13086440.0,2936330.0,2035030.0,95853000.0,140970000.0,128334000.0,137972000.0,170277000.0,123998000.0,27752000.0,19276000.0
20191107,-237780.0,6646820.0,7823330.0,7303230.0,5888940.0,5943410.0,5570640.0,129330.0,739880.0,63646000.0,74930000.0,69969000.0,56385000.0,56921000.0,53356000.0,1241000.0,7106000.0
20191108,-466370.0,4315940.0,4334410.0,4420910.0,3936070.0,3195490.0,3864300.0,640080.0,437640.0,41572000.0,41738000.0,42568000.0,37893000.0,30777000.0,37216000.0,6156000.0,4226000.0
20191111,-1009830.0,4556380.0,3274490.0,4647760.0,4919820.0,2608500.0,3781480.0,410660.0,247510.0,45375000.0,32579000.0,46267000.0,49004000.0,25997000.0,37695000.0,4113000.0,2474000.0
20191112,-1225660.0,4638100.0,3667390.0,4501770.0,4246800.0,2362880.0,3477320.0,0.0,111220.0,47056000.0,37195000.0,45684000.0,43084000.0,23934000.0,35267000.0,0.0,1128000.0
20191113,-1017110.0,3294480.0,3166430.0,3834660.0,2945600.0,2154850.0,2611840.0,3550.0,563670.0,33540000.0,32209000.0,39036000.0,29964000.0,21931000.0,26611000.0,36000.0,5759000.0
20191114,-1504120.0,3507900.0,2529740.0,4178500.0,3652540.0,2396450.0,3642880.0,178070.0,435760.0,35805000.0,25795000.0,42644000.0,37242000.0,24436000.0,37203000.0,1824000.0,4470000.0
20191115,-2693100.0,3733310.0,2066440.0,4176150.0,3149920.0,2209870.0,4209730.0,701060.0,1394300.0,38529000.0,21305000.0,43116000.0,32491000.0,22829000.0,43444000.0,7246000.0,14480000.0
20191118,-1096460.0,2806460.0,1857110.0,3391410.0,3244310.0,1297120.0,2088190.0,0.0,305390.0,29335000.0,19401000.0,35464000.0,33905000.0,13556000.0,21848000.0,0.0,3200000.0
20191119,1401500.0,3473220.0,4829340.0,5367730.0,5413110.0,4400830.0,3373890.0,1397070.0,1022510.0,35161000.0,48851000.0,54318000.0,54694000.0,44501000.0,34177000.0,14101000.0,10359000.0
20191120,-923270.0,3499700.0,3088690.0,3824210.0,3311960.0,2258610.0,3289310.0,107430.0,0.0,35690000.0,31504000.0,38999000.0,33793000.0,23058000.0,33544000.0,1094000.0,0.0
20191121,900020.0,3750150.0,4913330.0,6448510.0,6185350.0,4578610.0,3858830.0,319820.0,139580.0,37886000.0,49633000.0,65092000.0,62406000.0,46191000.0,38956000.0,3226000.0,1400000.0
20191122,876130.0,6048070.0,5762250.0,5764980.0,6926930.0,6918220.0,6575860.0,991820.0,458050.0,59718000.0,56832000.0,56998000.0,68359000.0,68329000.0,65020000.0,9712000.0,4546000.0
20191125,1930880.0,4092900.0,5507570.0,5558800.0,6075010.0,7458620.0,5625600.0,1696320.0,1598460.0,40050000.0,53823000.0,54400000.0,59396000.0,72798000.0,54965000.0,16500000.0,15565000.0
20191126,1010290.0,3731290.0,4426820.0,4466930.0,4781690.0,4972320.0,3830970.0,697830.0,828890.0,36345000.0,43068000.0,43501000.0,46541000.0,48357000.0,37319000.0,6794000.0,8069000.0
20191127,-3230450.0,5268100.0,2647500.0,4995060.0,4385200.0,3744080.0,6198570.0,0.0,775960.0,51724000.0,25970000.0,49054000.0,43038000.0,36796000.0,60906000.0,0.0,7660000.0
20191128,-2758200.0,4675670.0,2993530.0,3799720.0,2723660.0,3177210.0,5289520.0,0.0,645890.0,46137000.0,29492000.0,37525000.0,26845000.0,31363000.0,52265000.0,0.0,6423000.0
20191129,99410.0,4660440.0,4451100.0,4049490.0,4358220.0,2869720.0,2834890.0,423610.0,359030.0,45727000.0,43651000.0,39713000.0,42734000.0,28110000.0,27793000.0,4144000.0,3515000.0
20191202,-1565020.0,9372680.0,9317730.0,12682520.0,11172440.0,10634300.0,13252220.0,2918170.0,1865270.0,88069000.0,87519000.0,119094000.0,104882000.0,99931000.0,124520000.0,27358000.0,17530000.0
20191203,-301540.0,6325450.0,6513800.0,8761430.0,8271530.0,6545530.0,7018450.0,2378300.0,2206920.0,58825000.0,60527000.0,81441000.0,76838000.0,60735000.0,65207000.0,22018000.0,20448000.0
20191204,1660880.0,10304280.0,10013180.0,9070350.0,11022330.0,9277320.0,8954240.0,3784030.0,2446230.0,93458000.0,90771000.0,82290000.0,99981000.0,84192000.0,81127000.0,34237000.0,22297000.0
20191205,-1054820.0,6753890.0,6071570.0,7709390.0,7336880.0,6001700.0,5994000.0,423490.0,1486010.0,60667000.0,54526000.0,69236000.0,65908000.0,53897000.0,53825000.0,3792000.0,13333000.0
20191206,-346330.0,6906750.0,6768010.0,7441090.0,7233500.0,5607370.0,5653000.0,1246520.0,1547220.0,61773000.0,60398000.0,66488000.0,64572000.0,49917000.0,50452000.0,11097000.0,13853000.0
20191209,-791670.0,5344140.0,4740220.0,5765520.0,5577780.0,3543060.0,4508000.0,576840.0,403570.0,48059000.0,42599000.0,51844000.0,50154000.0,31830000.0,40527000.0,5180000.0,3633000.0
20191210,-1428510.0,6155190.0,5802220.0,7707080.0,6631550.0,4202630.0,5103950.0,666130.0,1193320.0,55898000.0,52558000.0,69839000.0,60162000.0,38100000.0,46303000.0,6054000.0,10869000.0
20191211,-799280.0,4890980.0,5029030.0,5796250.0,4858930.0,3586880.0,3467110.0,320160.0,1239210.0,44521000.0,45748000.0,52737000.0,44163000.0,32669000.0,31610000.0,2930000.0,11336000.0
20191212,-1446620.0,6362800.0,4618900.0,4927190.0,5224470.0,3656710.0,3727200.0,577800.0,1953930.0,58373000.0,42367000.0,45229000.0,47931000.0,33546000.0,34213000.0,5335000.0,17972000.0
20191213,-578990.0,6080690.0,7369990.0,7790770.0,5922480.0,5426520.0,6258440.0,1377340.0,1124410.0,55859000.0,67708000.0,71564000.0,54362000.0,49887000.0,57530000.0,12602000.0,10312000.0
20191216,2019840.0,6402210.0,8308340.0,8309780.0,8423490.0,6698330.0,5466690.0,2119530.0,1331330.0,57788000.0,74869000.0,74978000.0,75938000.0,60364000.0,49314000.0,19003000.0,12013000.0
20191217,263130.0,8740860.0,11214660.0,10700850.0,8490170.0,10296230.0,8991800.0,1770770.0,2812070.0,77768000.0,99766000.0,95128000.0,75442000.0,91604000.0,79988000.0,15764000.0,25068000.0
20191218,2953060.0,7229780.0,6192840.0,7999760.0,11989750.0,8838690.0,8219900.0,4722990.0,2388720.0,64332000.0,55013000.0,71158000.0,106576000.0,78591000.0,73026000.0,41782000.0,21247000.0
20191219,-38250.0,5790960.0,4212840.0,6022400.0,7562260.0,5855460.0,4299910.0,969510.0,2563310.0,51759000.0,37640000.0,53827000.0,67593000.0,52377000.0,38459000.0,8683000.0,22954000.0
20191220,-2080890.0,7203250.0,3898820.0,4811980.0,6035530.0,5227890.0,5748270.0,345450.0,1905960.0,65324000.0,35375000.0,43646000.0,54740000.0,47459000.0,52108000.0,3163000.0,17369000.0
20191223,-1101730.0,10854660.0,11099070.0,7769470.0,6423340.0,6113530.0,6044400.0,810690.0,1981550.0,101578000.0,103976000.0,72634000.0,60068000.0,57465000.0,56505000.0,7579000.0,18706000.0
20191224,507210.0,5619290.0,5776670.0,4063150.0,4412970.0,3522580.0,3399980.0,1566590.0,1181980.0,53492000.0,54995000.0,38660000.0,41983000.0,33537000.0,32357000.0,14926000.0,11281000.0
20191225,-689520.0,5709260.0,4619900.0,5146200.0,5546050.0,5188240.0,5406260.0,1047190.0,1518690.0,53270000.0,43064000.0,48010000.0,51706000.0,48346000.0,50461000.0,9771000.0,14167000.0
20191226,-3702760.0,7090390.0,3483430.0,6153560.0,6057750.0,4241450.0,5830560.0,504400.0,2618050.0,66903000.0,32842000.0,58016000.0,57090000.0,40089000.0,55049000.0,4787000.0,24815000.0
20191227,-1143880.0,7197340.0,7692030.0,6786480.0,5147910.0,5945530.0,6814660.0,796380.0,1071130.0,67771000.0,72320000.0,63905000.0,48481000.0,55952000.0,64188000.0,7500000.0,10139000.0
20191230,-1413820.0,5993830.0,4140110.0,5465510.0,5905410.0,4000000.0,5275520.0,728900.0,867200.0,56960000.0,39231000.0,51838000.0,56038000.0,37995000.0,50125000.0,6854000.0,8253000.0
20191231,-283090.0,5434040.0,6914340.0,5780070.0,4016690.0,4999630.0,4286890.0,854230.0,1850060.0,51380000.0,65385000.0,54657000.0,37989000.0,47285000.0,40532000.0,8106000.0,17522000.0
20200102,5633960.0,10586190.0,13345070.0,15225410.0,18100500.0,13305550.0,12035030.0,6739980.0,2376540.0,95263000.0,120241000.0,137220000.0,162892000.0,120011000.0,108742000.0,60692000.0,21312000.0
20200103,828840.0,10127330.0,9000590.0,10049750.0,12005330.0,7560460.0,5705280.0,1679070.0,2705410.0,90974000.0,80780000.0,90224000.0,107872000.0,67845000.0,51122000.0,15006000.0,24275000.0
20200106,5676690.0,11205030.0,13745980.0,14201040.0,17336780.0,16417960.0,15842230.0,10220730.0,5119770.0,97625000.0,119851000.0,123901000.0,151120000.0,143020000.0,137898000.0,88795000.0,44473000.0
20200107,-1269780.0,8008030.0,7862700.0,11542970.0,10418520.0,13044460.0,12525580.0,2062760.0,3851420.0,68863000.0,67535000.0,99239000.0,89525000.0,112053000.0,107588000.0,17681000.0,33189000.0
20200108,-2692510.0,9957850.0,9390330.0,14805560.0,12680570.0,12665160.0,13518590.0,1074040.0,2913120.0,85147000.0,80112000.0,126409000.0,108305000.0,108047000.0,115450000.0,9130000.0,24867000.0
20200109,-889760.0,9881880.0,8833330.0,12964200.0,13122990.0,12555980.0,11821680.0,2132280.0,3756340.0,84513000.0,75303000.0,110751000.0,111894000.0,106806000.0,100861000.0,18110000.0,32122000.0
20200110,-7597040.0,12560660.0,5750270.0,11786710.0,11000060.0,10021350.0,14003910.0,3186440.0,6800920.0,110306000.0,50407000.0,103501000.0,96516000.0,87965000.0,123022000.0,27910000.0,59737000.0
20200113,-2917250.0,10612470.0,8522600.0,11708280.0,10880890.0,9704350.0,13417340.0,3355530.0,2559790.0,92864000.0,74398000.0,102534000.0,95064000.0,84806000.0,117521000.0,29147000.0,22368000.0
20200114,-1346480.0,7664560.0,6275250.0,8644910.0,8687740.0,7289490.0,6763950.0,942250.0,2814270.0,66118000.0,54030000.0,74491000.0,74886000.0,62794000.0,58286000.0,8093000.0,24294000.0
20200115,-1411760.0,5485990.0,3769450.0,5280570.0,5585350.0,3849200.0,4491740.0,1043550.0,1812770.0,48207000.0,33105000.0,46387000.0,49031000.0,33787000.0,39463000.0,9167000.0,15949000.0
20200116,-1125910.0,5353770.0,6932170.0,8730870.0,6026560.0,5502350.0,5795190.0,809000.0,1642070.0,46864000.0,60619000.0,76291000.0,52650000.0,48008000.0,50583000.0,7034000.0,14346000.0
20200117,-3895580.0,5807500.0,3531240.0,6705170.0,5085850.0,3372980.0,5870490.0,908780.0,2306850.0,51021000.0,30992000.0,58870000.0,44616000.0,29647000.0,51610000.0,8044000.0,20364000.0
20200120,1612730.0,6055960.0,6716430.0,8344870.0,9297140.0,9709780.0,8728000.0,2675530.0,2044580.0,52928000.0,58622000.0,72957000.0,81178000.0,84735000.0,76319000.0,23303000.0,17806000.0
20200121,-5592990.0,11811990.0,8561940.0,12473720.0,10130780.0,12226160.0,14970440.0,3777310.0,6626020.0,105717000.0,76577000.0,111560000.0,90686000.0,109398000.0,134051000.0,33880000.0,59241000.0
20200122,6877830.0,11829820.0,16150870.0,16653490.0,19210280.0,16868100.0,17086280.0,10849990.0,3753980.0,102499000.0,139179000.0,144362000.0,165611000.0,145828000.0,147741000.0,92342000.0,32501000.0
20200123,-8143600.0,13714860.0,11220420.0,19563680.0,13914530.0,15112610.0,17955620.0,3363840.0,8664430.0,117585000.0,96066000.0,167228000.0,119384000.0,129816000.0,153487000.0,28852000.0,74544000.0
20200203,-1545640.0,1218820.0,282450.0,1432430.0,823170.0,1035660.0,1371390.0,804620.0,2014530.0,11891000.0,2756000.0,13975000.0,8031000.0,10104000.0,13379000.0,7850000.0,19654000.0
20200204,214180.0,12596590.0,12184950.0,15171190.0,15797020.0,13669600.0,14791310.0,5241970.0,3906080.0,126192000.0,121828000.0,152165000.0,158311000.0,137450000.0,148437000.0,52490000.0,39721000.0
20200205,-3005450.0,9774240.0,8852270.0,12562790.0,10479320.0,8973460.0,11255140.0,2073990.0,2797760.0,95153000.0,85965000.0,122091000.0,101918000.0,87251000.0,109484000.0,20158000.0,27286000.0
20200206,3016070.0,6716140.0,8266580.0,9179930.0,10645560.0,10556140.0,9184430.0,4187760.0,2543400.0,65076000.0,79817000.0,88931000.0,102967000.0,101966000.0,88937000.0,40248000.0,24499000.0
20200207,994870.0,6673640.0,7227650.0,8625050.0,9065910.0,10232570.0,9326230.0,1981810.0,1893280.0,63465000.0,68531000.0,81909000.0,86032000.0,97041000.0,88541000.0,18780000.0,18092000.0
20200210,1517500.0,5836400.0,7120490.0,7945880.0,8179290.0,10935400.0,9420300.0,2686700.0,2684300.0,54538000.0,66327000.0,74161000.0,76209000.0,101867000.0,87831000.0,24989000.0,25188000.0
20200211,-3056250.0,5293040.0,3747940.0,7762410.0,6251250.0,8138010.0,8933920.0,1128910.0,3389250.0,49349000.0,34914000.0,72363000.0,58240000.0,75836000.0,83306000.0,10537000.0,31625000.0
20200212,2803160.0,18861930.0,18567500.0,27895630.0,30993240.0,25914040.0,31297490.0,19402660.0,11216050.0,165224000.0,162171000.0,244326000.0,270804000.0,226507000.0,273592000.0,168692000.0,98181000.0
20200213,-2716740.0,17580880.0,17226910.0,28369100.0,26006330.0,28490590.0,29377780.0,11173180.0,13002730.0,149259000.0,145984000.0,240562000.0,220535000.0,241085000.0,248738000.0,94538000.0,110186000.0
20200214,-3532730.0,11607170.0,9422500.0,16098710.0,14750660.0,13008110.0,12532810.0,1245020.0,5253050.0,101989000.0,82674000.0,141299000.0,129527000.0,114260000.0,110148000.0,11006000.0,46204000.0
20200217,1610160.0,10243610.0,11811950.0,15493170.0,15535000.0,19048120.0,17180980.0,6206590.0,6463570.0,88080000.0,101431000.0,133291000.0,133453000.0,163787000.0,147642000.0,52983000.0,55616000.0
20200218,12166380.0,19744040.0,28166180.0,30627050.0,34371280.0,35632940.0,31506560.0,28105650.0,20065650.0,156177000.0,222723000.0,242638000.0,271922000.0,282488000.0,249473000.0,221052000.0,158237000.0
20200219,-6919110.0,19399890.0,17324460.0,33134170.0,28290490.0,31239830.0,36121010.0,17951820.0,19989750.0,149876000.0,133652000.0,255739000.0,218340000.0,241120000.0,278711000.0,138212000.0,154244000.0
20200220,-1623520.0,20074140.0,18316620.0,29291500.0,29425490.0,34964460.0,36671060.0,17174970.0,17091890.0,149784000.0,136354000.0,218372000.0,219053000.0,260542000.0,273490000.0,127801000.0,127603000.0
20200221,5694430.0,16403320.0,23005740.0,32364990.0,31457000.0,31790840.0,34723470.0,26067700.0,17440640.0,119069000.0,166738000.0,235038000.0,227971000.0,230867000.0,251848000.0,187946000.0,126362000.0
20200224,-5338300.0,15588930.0,17726870.0,32809400.0,25333150.0,32289080.0,31888550.0,10057170.0,15796000.0,115015000.0,130625000.0,241940000.0,186656000.0,238128000.0,235178000.0,74158000.0,116782000.0
20200225,-1135280.0,18342220.0,13071580.0,27001570.0,31136930.0,29478190.0,29972150.0,10668220.0,11309540.0,138169000.0,98194000.0,203007000.0,234051000.0,221798000.0,225569000.0,80325000.0,85484000.0
20200226,-1088910.0,9056420.0,5090340.0,11807170.0,14684340.0,11234800.0,12720490.0,8648490.0,8251710.0,71277000.0,40066000.0,92857000.0,115425000.0,88374000.0,100266000.0,68057000.0,64808000.0
20200227,68890.0,12698210.0,11443590.0,16301700.0,17625200.0,13304980.0,14311350.0,6281280.0,5206020.0,100871000.0,90788000.0,129473000.0,139888000.0,105560000.0,113628000.0,49857000.0,41456000.0
20200228,-6284660.0,18310530.0,16699810.0,22575530.0,17901580.0,19783390.0,21983450.0,11865230.0,15949830.0,154923000.0,141505000.0,191252000.0,151359000.0,167269000.0,185748000.0,100243000.0,135075000.0
20200302,863930.0,13507310.0,13017600.0,18615060.0,19968710.0,16749860.0,17521810.0,6379720.0,4743840.0,113713000.0,109446000.0,156604000.0,167924000.0,140852000.0,147524000.0,53699000.0,39974000.0
20200303,3262140.0,12869660.0,14850810.0,18286880.0,19567870.0,19409090.0,16789560.0,5391330.0,4748720.0,105751000.0,121718000.0,149979000.0,160548000.0,158994000.0,137576000.0,44088000.0,38970000.0
20200304,-1071580.0,11319100.0,9621720.0,14029410.0,14655210.0,12568820.0,13110490.0,3726550.0,4256460.0,94133000.0,79830000.0,116539000.0,121674000.0,104207000.0,108853000.0,30888000.0,35411000.0
20200305,4161810.0,14370510.0,16939800.0,18857030.0,20449540.0,21433040.0,19842520.0,8528110.0,5956820.0,115499000.0,135960000.0,151467000.0,164154000.0,172107000.0,159191000.0,68185000.0,47954000.0
20200306,-3516690.0,11225410.0,9191170.0,12057900.0,10575450.0,11984590.0,13312820.0,3291710.0,5480170.0,91503000.0,74796000.0,98227000.0,86146000.0,97648000.0,108552000.0,26840000.0,44724000.0
20200309,-8881800.0,20850240.0,15021600.0,19178120.0,16124960.0,18069030.0,16328550.0,3887410.0,14509690.0,180697000.0,130425000.0,166041000.0,139480000.0,156272000.0,141242000.0,33944000.0,125807000.0
20200310,-2268080.0,16304840.0,15324640.0,18349810.0,17061930.0,17826220.0,23925690.0,9802440.0,5971050.0,142745000.0,133363000.0,160034000.0,149242000.0,155590000.0,208465000.0,84801000.0,52101000.0
20200311,574410.0,19016600.0,21488950.0,24441530.0,22543580.0,22578630.0,19958190.0,6547470.0,8593500.0,157761000.0,178267000.0,202291000.0,186482000.0,186471000.0,165048000.0,54056000.0,70782000.0
20200312,4257120.0,13179110.0,15173230.0,14865800.0,17128790.0,18211000.0,14363400.0,4147760.0,3738240.0,111942000.0,128481000.0,126132000.0,145153000.0,154534000.0,122098000.0,34977000.0,31853000.0
20200313,27100.0,15922220.0,16882010.0,19817670.0,18884980.0,17725100.0,18083180.0,5788800.0,5403620.0,136667000.0,144005000.0,169590000.0,161573000.0,151277000.0,154981000.0,49472000.0,46446000.0
20200316,-11618990.0,27051100.0,17520380.0,25430090.0,23341810.0,21805470.0,24977550.0,4983930.0,13430840.0,241083000.0,155753000.0,226340000.0,207962000.0,194516000.0,222203000.0,44312000.0,120333000.0
20200317,-1489190.0,15349190.0,10448850.0,13974780.0,17385930.0,9089320.0,10888090.0,3010720.0,2701140.0,145957000.0,99184000.0,132670000.0,165309000.0,86215000.0,103350000.0,28852000.0,25852000.0
20200318,1126710.0,11385590.0,12452200.0,12714470.0,12774570.0,11060360.0,13191090.0,5050040.0,1792600.0,108336000.0,118127000.0,120719000.0,121240000.0,104894000.0,125489000.0,48158000.0,17251000.0
20200319,-2759140.0,12116020.0,8785240.0,11701540.0,12273180.0,9136120.0,10683800.0,1855460.0,3066920.0,119046000.0,85997000.0,114850000.0,120363000.0,89606000.0,105046000.0,18156000.0,30251000.0
20200320,-2469300.0,9017030.0,7262580.0,8410740.0,7695900.0,7295230.0,9552910.0,1771460.0,1983080.0,87370000.0,70306000.0,81406000.0,74496000.0,70589000.0,92498000.0,17160000.0,19225000.0
20200323,-7182350.0,12681490.0,7480200.0,12463760.0,10482690.0,6268540.0,10098040.0,562220.0,3915070.0,129234000.0,76115000.0,127060000.0,106730000.0,63805000.0,102958000.0,5726000.0,40022000.0
20200324,-2144620.0,8371050.0,7836750.0,10040040.0,8429730.0,4962610.0,5740440.0,630710.0,1997500.0,85736000.0,80151000.0,102832000.0,86226000.0,50742000.0,58701000.0,6439000.0,20671000.0
20200325,4887350.0,7772620.0,11501770.0,9861820.0,11020030.0,9576860.0,7948610.0,4308770.0,1049670.0,76257000.0,112669000.0,96653000.0,107870000.0,93697000.0,77787000.0,42026000.0,10307000.0
20200326,-1755670.0,6191590.0,5009740.0,6477710.0,5903890.0,6146850.0,6763980.0,587320.0,1725860.0,61637000.0,49841000.0,64473000.0,58772000.0,61152000.0,67337000.0,5856000.0,17168000.0
20200327,-299160.0,6122670.0,6398520.0,7040160.0,6465150.0,6678750.0,7143970.0,1254390.0,1088330.0,60698000.0,63274000.0,69722000.0,63945000.0,66056000.0,70785000.0,12370000.0,10841000.0
20200330,-3506170.0,8024920.0,6615380.0,8920760.0,6824130.0,4920430.0,5543890.0,111550.0,2994260.0,83319000.0,68536000.0,92506000.0,70719000.0,50982000.0,57495000.0,1162000.0,31219000.0
20200331,-2951470.0,7435540.0,5285160.0,6614360.0,5813270.0,4701450.0,7286950.0,402580.0,768550.0,77093000.0,54723000.0,68511000.0,60119000.0,48718000.0,75649000.0,4173000.0,8004000.0
20200401,34420.0,6346960.0,7023180.0,8266600.0,7624790.0,6440980.0,6637050.0,1333730.0,1103240.0,65517000.0,72405000.0,85206000.0,78539000.0,66342000.0,68364000.0,13648000.0,11405000.0
20200402,1640300.0,6801580.0,8004360.0,8126810.0,8564330.0,6307850.0,6101760.0,2577710.0,1143500.0,69332000.0,81285000.0,82740000.0,87045000.0,63953000.0,62117000.0,26007000.0,11585000.0
20200403,-2291800.0,6937510.0,5190040.0,7024660.0,6480340.0,3766040.0,5141250.0,0.0,916590.0,70427000.0,52673000.0,71237000.0,65716000.0,38228000.0,52164000.0,0.0,9339000.0
20200407,-476070.0,5950460.0,5351260.0,7671940.0,7795080.0,6692890.0,6968620.0,1259600.0,1459940.0,59442000.0,53410000.0,76627000.0,77862000.0,66824000.0,69610000.0,12581000.0,14591000.0
20200408,-702090.0,4854440.0,4263870.0,6361980.0,6250470.0,4240850.0,5317340.0,679620.0,305220.0,48641000.0,42695000.0,63728000.0,62612000.0,42456000.0,53253000.0,6792000.0,3057000.0
20200409,-73890.0,3637830.0,4194460.0,5241350.0,4610830.0,4319330.0,4333830.0,873050.0,932440.0,36190000.0,41698000.0,52127000.0,45838000.0,42946000.0,43112000.0,8675000.0,9291000.0
20200410,-843070.0,5396430.0,3923240.0,5719100.0,6349220.0,4403300.0,4795630.0,213680.0,664420.0,54756000.0,39791000.0,57991000.0,64399000.0,44669000.0,48625000.0,2160000.0,6761000.0
20200413,-4132330.0,6309520.0,3295190.0,7341820.0,6223800.0,4483160.0,5358210.0,433320.0,3690600.0,66070000.0,34452000.0,76812000.0,65078000.0,46909000.0,56079000.0,4521000.0,38703000.0
20200414,1155950.0,4859310.0,5902850.0,5785760.0,5898170.0,4320150.0,3328690.0,1181020.0,1016530.0,50260000.0,60956000.0,59782000.0,60955000.0,44586000.0,34388000.0,12146000.0,10474000.0
20200415,196950.0,5754300.0,5464520.0,7900620.0,8387370.0,5086840.0,4709460.0,1014090.0,1194520.0,58155000.0,55154000.0,79779000.0,84715000.0,51415000.0,47557000.0,10208000.0,12131000.0
20200416,-522780.0,4879250.0,4720300.0,6427910.0,6064090.0,5517080.0,6577650.0,1969690.0,1431900.0,49255000.0,47593000.0,64801000.0,61165000.0,55592000.0,66249000.0,19774000.0,14414000.0
20200417,949740.0,7996560.0,8105670.0,10468370.0,11309000.0,11870950.0,11631550.0,4686240.0,3975900.0,78994000.0,79853000.0,103232000.0,111526000.0,116989000.0,114780000.0,46051000.0,39107000.0
20200420,-5264950.0,9026550.0,6545270.0,9834620.0,7050940.0,7250770.0,7928990.0,1004930.0,5591660.0,91304000.0,66194000.0,99421000.0,71262000.0,73399000.0,80139000.0,10185000.0,56715000.0
20200421,-2622810.0,7670900.0,5826370.0,7329340.0,6551050.0,4352340.0,6143080.0,1445850.0,2277920.0,79090000.0,60082000.0,75558000.0,67537000.0,44870000.0,63328000.0,14957000.0,23529000.0
20200422,1106270.0,5005570.0,6388010.0,7182600.0,6906420.0,6542160.0,6260150.0,1495120.0,670860.0,51332000.0,65313000.0,73626000.0,70632000.0,66940000.0,64240000.0,15200000.0,6913000.0
20200423,-3910130.0,6530010.0,3923990.0,6043520.0,4739410.0,3287680.0,5927110.0,674120.0,1944820.0,66951000.0,40207000.0,61944000.0,48544000.0,33706000.0,60777000.0,6934000.0,20006000.0
20200424,-2931410.0,7111950.0,5149040.0,6217990.0,5249480.0,2932770.0,3778450.0,363660.0,2449390.0,74183000.0,53627000.0,64808000.0,54688000.0,30569000.0,39416000.0,3820000.0,25648000.0
20200427,-83650.0,6494990.0,6605990.0,7332670.0,7138030.0,4205300.0,4435760.0,734930.0,588120.0,66759000.0,67864000.0,75341000.0,73311000.0,43122000.0,45528000.0,7503000.0,6022000.0
20200428,-157050.0,9662910.0,11038110.0,14279240.0,12746990.0,9285540.0,8744830.0,998620.0,1696380.0,98989000.0,112450000.0,145284000.0,129957000.0,94474000.0,89099000.0,10064000.0,17305000.0
20200429,9068280.0,12022660.0,19980650.0,18600510.0,19710790.0,19068240.0,15721800.0,11597310.0,5875470.0,115863000.0,191918000.0,178682000.0,189364000.0,182964000.0,150952000.0,110432000.0,55708000.0
20200430,2514540.0,10920040.0,16577120.0,21236270.0,18093730.0,15276290.0,14677380.0,7661640.0,5746010.0,100218000.0,151882000.0,194783000.0,165837000.0,140214000.0,134712000.0,70082000.0,52865000.0
20200506,193250.0,10284930.0,9760770.0,11988880.0,12706300.0,8711170.0,7718440.0,2897680.0,3697160.0,94385000.0,89491000.0,109939000.0,116502000.0,79865000.0,70787000.0,26470000.0,33880000.0
20200507,595970.0,8154330.0,8784420.0,11728480.0,11694350.0,11237720.0,10292100.0,3176280.0,3525930.0,74032000.0,79655000.0,106352000.0,106082000.0,101955000.0,93371000.0,28733000.0,31965000.0
20200508,-3040120.0,8378880.0,5782330.0,8450490.0,8006910.0,6626380.0,8835480.0,2576370.0,3407390.0,75687000.0,52188000.0,76333000.0,72299000.0,59823000.0,79769000.0,23257000.0,30844000.0
20200511,-4473400.0,10515100.0,6172560.0,9925220.0,9794370.0,6517570.0,8634600.0,1435320.0,3791690.0,95543000.0,55960000.0,90186000.0,88937000.0,59139000.0,78468000.0,13023000.0,34526000.0
20200512,146310.0,6511130.0,7653630.0,7821280.0,6825090.0,5378690.0,4539290.0,536890.0,1229980.0,59395000.0,69803000.0,71334000.0,62254000.0,49041000.0,41385000.0,4881000.0,11209000.0
20200513,-172880.0,5225440.0,5429650.0,6549720.0,6172640.0,5301700.0,4644310.0,653060.0,1483330.0,47549000.0,49381000.0,59559000.0,56154000.0,48277000.0,42273000.0,5933000.0,13510000.0
20200514,-6632450.0,10431000.0,5267130.0,11253970.0,9785390.0,5440050.0,10990750.0,335810.0,1417560.0,96829000.0,48831000.0,104509000.0,90821000.0,50490000.0,102082000.0,3126000.0,13220000.0
20200515,-4607090.0,11345700.0,7121780.0,10909300.0,10526140.0,8061670.0,11648310.0,840540.0,1860990.0,106866000.0,66970000.0,102738000.0,98957000.0,75901000.0,109919000.0,7941000.0,17601000.0
20200518,2633460.0,9826840.0,11405540.0,13177930.0,14232690.0,12864220.0,13047970.0,4360120.0,1542910.0,91346000.0,105642000.0,122299000.0,132045000.0,119526000.0,121473000.0,40448000.0,14460000.0
20200519,3962000.0,13329240.0,16392140.0,17145160.0,18044250.0,14132490.0,16379190.0,11204260.0,4995560.0,116926000.0,143879000.0,150579000.0,158483000.0,124107000.0,143920000.0,98655000.0,43984000.0
20200520,-4106970.0,13126490.0,9834690.0,11942480.0,11127320.0,9023410.0,10845590.0,3289350.0,5574140.0,115255000.0,86036000.0,104612000.0,97418000.0,78869000.0,95168000.0,28601000.0,48715000.0
20200521,-6192640.0,13225030.0,8301240.0,12998510.0,11729650.0,8414320.0,13718490.0,1143620.0,2032090.0,121086000.0,75927000.0,118970000.0,107553000.0,77074000.0,125592000.0,10629000.0,18688000.0
20200522,1263540.0,8783080.0,9648330.0,7871870.0,8270160.0,6663590.0,5809150.0,985410.0,576310.0,82353000.0,90358000.0,73767000.0,77489000.0,62330000.0,54382000.0,9220000.0,5441000.0
20200525,730760.0,5792500.0,7762900.0,8594100.0,7354480.0,4864210.0,5525270.0,2243890.0,852070.0,54178000.0,72533000.0,80278000.0,68756000.0,45473000.0,51663000.0,21034000.0,8011000.0
20200526,1601750.0,5134580.0,9449770.0,10226340.0,7512900.0,5788930.0,5022710.0,1693910.0,858380.0,47234000.0,86812000.0,94007000.0,69060000.0,53111000.0,46115000.0,15499000.0,7865000.0
20200527,-3801050.0,6975840.0,7816540.0,12915140.0,8273400.0,5694720.0,7862110.0,2300440.0,3934100.0,63630000.0,71207000.0,117779000.0,75370000.0,51858000.0,71561000.0,20820000.0,35949000.0
20200528,-4613010.0,7329460.0,7218470.0,14131610.0,9629600.0,5693980.0,9999960.0,1018930.0,1325960.0,67214000.0,66087000.0,129485000.0,88243000.0,52065000.0,91547000.0,9291000.0,12178000.0
20200529,1329340.0,7588760.0,11871230.0,16857980.0,13904850.0,11626870.0,13900120.0,6095430.0,2492840.0,68398000.0,106737000.0,151777000.0,125041000.0,104448000.0,124967000.0,54599000.0,22478000.0
20200601,4650610.0,6944540.0,11955870.0,14353670.0,13992950.0,12290420.0,10569170.0,4957160.0,2027800.0,60067000.0,103391000.0,124289000.0,121088000.0,106433000.0,91505000.0,42694000.0,17499000.0
20200602,-3333320.0,8179140.0,8572860.0,15387960.0,11660920.0,7978580.0,10871920.0,2297550.0,2737530.0,70110000.0,73362000.0,131750000.0,99864000.0,68321000.0,93144000.0,19644000.0,23455000.0
20200603,284560.0,8133320.0,10780680.0,16015730.0,13652930.0,17927060.0,19741190.0,4714350.0,2615660.0,68425000.0,90593000.0,134605000.0,114815000.0,150651000.0,165742000.0,39593000.0,22124000.0
20200604,-5531720.0,8615910.0,4878190.0,10707550.0,8913560.0,6191060.0,8700010.0,581260.0,3604030.0,73272000.0,41441000.0,91060000.0,75769000.0,52596000.0,74007000.0,4954000.0,30665000.0
20200605,-1552200.0,5216770.0,4373360.0,7586220.0,6877430.0,3867390.0,4658840.0,1013700.0,1774450.0,44869000.0,37602000.0,65282000.0,59126000.0,33252000.0,40057000.0,8702000.0,15319000.0
20200608,4739230.0,6511370.0,10397620.0,13073360.0,13926330.0,11551910.0,11665370.0,6968180.0,2115490.0,54297000.0,86516000.0,108873000.0,115974000.0,96154000.0,97167000.0,57892000.0,17559000.0
20200609,-1891230.0,9770690.0,7482910.0,7418080.0,7814630.0,6518300.0,6820440.0,3161960.0,4751050.0,81539000.0,62444000.0,61894000.0,65211000.0,54380000.0,56882000.0,26380000.0,39656000.0
20200610,-1030260.0,5991370.0,4878940.0,6172140.0,6254310.0,5434530.0,5868440.0,750410.0,1346760.0,51038000.0,41529000.0,52559000.0,53243000.0,46259000.0,50003000.0,6388000.0,11469000.0
20200611,-1014700.0,7437000.0,7367820.0,10333550.0,9388040.0,8553820.0,9174710.0,1827480.0,2221290.0,62314000.0,61782000.0,86701000.0,78747000.0,71702000.0,76916000.0,15361000.0,18633000.0
20200612,691460.0,7094540.0,5994310.0,7784820.0,9576510.0,4477010.0,4612010.0,3321310.0,2494850.0,60194000.0,50719000.0,66070000.0,81236000.0,37914000.0,39098000.0,28150000.0,21276000.0
20200615,2550660.0,12933900.0,16006510.0,19053710.0,18531750.0,18246520.0,16824160.0,10458350.0,9330050.0,102709000.0,127524000.0,151707000.0,147497000.0,146201000.0,133974000.0,82588000.0,74210000.0
20200616,-1459710.0,11117290.0,10381890.0,15464510.0,14740200.0,8235620.0,9642010.0,2058190.0,2111510.0,87631000.0,81783000.0,121824000.0,116061000.0,64796000.0,75948000.0,16210000.0,16668000.0
20200617,-1333240.0,6751080.0,6936050.0,10088120.0,8569920.0,6404110.0,6598420.0,1277510.0,2416440.0,53712000.0,55091000.0,80179000.0,68125000.0,50893000.0,52505000.0,10176000.0,19240000.0
20200618,-3219760.0,7715890.0,5821790.0,8941160.0,7615510.0,7197180.0,8485540.0,551730.0,2483130.0,62041000.0,46707000.0,71828000.0,61127000.0,57890000.0,68302000.0,4404000.0,20027000.0
20200619,1053830.0,6070970.0,7860880.0,7357220.0,6621150.0,5698660.0,5287380.0,1527570.0,885020.0,48365000.0,62550000.0,58587000.0,52710000.0,45298000.0,42072000.0,12111000.0,7028000.0
20200622,5145890.0,6442160.0,10816940.0,11193240.0,11964360.0,11650860.0,10148730.0,6271150.0,2627390.0,50711000.0,85092000.0,88127000.0,94117000.0,91595000.0,79833000.0,49248000.0,20639000.0
20200623,-1789840.0,9878380.0,6986870.0,13729960.0,14831640.0,10033970.0,13074300.0,4509000.0,3258510.0,77848000.0,55043000.0,108189000.0,116768000.0,79024000.0,103007000.0,35408000.0,25651000.0
20200624,5709550.0,11700170.0,16528300.0,27603770.0,28485190.0,30334330.0,27391650.0,10954070.0,8187200.0,87848000.0,123987000.0,207152000.0,213746000.0,227462000.0,205003000.0,81803000.0,61529000.0
20200629,6536260.0,18634370.0,18789450.0,28535170.0,34916340.0,32177590.0,34025120.0,16750510.0,8366720.0,131648000.0,132662000.0,201789000.0,246701000.0,227543000.0,240045000.0,117472000.0,59044000.0
20200630,4625220.0,11155380.0,10871590.0,15326380.0,20235410.0,18472120.0,15621580.0,7265520.0,5490840.0,77402000.0,75318000.0,106357000.0,140260000.0,127974000.0,108295000.0,50318000.0,38178000.0
20200701,1384330.0,10077750.0,13958710.0,21860520.0,19363890.0,16318430.0,17808900.0,7367670.0,4492870.0,68784000.0,95030000.0,148975000.0,131754000.0,110997000.0,121254000.0,49851000.0,30568000.0
20200702,11379430.0,13213410.0,16174480.0,27844710.0,36263070.0,26932500.0,22763570.0,16413650.0,9203150.0,87475000.0,106818000.0,184216000.0,239875000.0,178190000.0,150509000.0,108229000.0,60907000.0
20200703,816410.0,10463320.0,10523520.0,15509900.0,16266120.0,15662260.0,14324310.0,4227610.0,4749150.0,68843000.0,69161000.0,101965000.0,106933000.0,102945000.0,94133000.0,27757000.0,31283000.0
20200706,522740.0,19866930.0,17618710.0,32794150.0,35565110.0,30192210.0,29079480.0,12166140.0,12756130.0,131372000.0,116275000.0,216784000.0,234942000.0,199633000.0,192313000.0,80389000.0,84647000.0
20200707,99300.0,17403260.0,19948910.0,35932140.0,33485800.0,21574920.0,21064270.0,3715480.0,4126830.0,109928000.0,125854000.0,226366000.0,210962000.0,136201000.0,133087000.0,23498000.0,26091000.0
20200708,-1683080.0,11562320.0,13872620.0,27343190.0,23349800.0,11312860.0,13924560.0,5441950.0,4513330.0,72484000.0,86777000.0,170785000.0,145791000.0,70527000.0,86896000.0,33742000.0,28073000.0
20200709,1850380.0,19719980.0,18256920.0,32989270.0,36302710.0,22000580.0,25789710.0,10149950.0,4510440.0,117660000.0,108180000.0,195517000.0,214762000.0,130046000.0,153162000.0,59347000.0,26465000.0
20200710,21016410.0,14640650.0,19682630.0,28634340.0,44608770.0,39570510.0,26628120.0,15748120.0,7674100.0,84934000.0,113321000.0,164536000.0,256762000.0,227488000.0,153708000.0,90662000.0,43828000.0
20200713,4319960.0,10679550.0,13218260.0,21177140.0,22958400.0,16689430.0,12755860.0,5695550.0,5309160.0,59246000.0,73126000.0,117188000.0,126992000.0,92248000.0,70750000.0,31465000.0,29279000.0
20200714,-5976710.0,13429590.0,11307530.0,19184780.0,15330140.0,15758070.0,19190220.0,8217390.0,10761950.0,74770000.0,62811000.0,106741000.0,85213000.0,87571000.0,106725000.0,45602000.0,59936000.0
20200715,-6112670.0,14905100.0,15060640.0,29199530.0,22931320.0,20469190.0,23662240.0,5937930.0,8857550.0,81002000.0,81454000.0,158335000.0,123980000.0,110636000.0,128458000.0,32081000.0,48162000.0
20200716,-6373160.0,14638570.0,11551060.0,23046970.0,19761330.0,16838840.0,22739630.0,7712460.0,8184830.0,80898000.0,63667000.0,127671000.0,109419000.0,93276000.0,125946000.0,42608000.0,45421000.0
20200717,-1811680.0,20982810.0,16202180.0,31699560.0,34668510.0,28398450.0,33023110.0,12633580.0,9820600.0,115403000.0,88859000.0,174328000.0,190252000.0,155446000.0,180927000.0,68665000.0,53803000.0
20200720,7007780.0,11532760.0,15358510.0,17788560.0,20970590.0,17449140.0,14159210.0,6440420.0,2722570.0,62580000.0,83156000.0,96450000.0,113728000.0,94330000.0,76654000.0,34923000.0,14746000.0
20200721,2332460.0,15431330.0,17151600.0,27178620.0,27790800.0,33986350.0,27848410.0,16393510.0,20198990.0,79533000.0,88210000.0,139436000.0,142500000.0,173318000.0,141634000.0,83711000.0,103653000.0
20200722,-3774700.0,12913950.0,10869640.0,17057490.0,15327100.0,13752330.0,13135180.0,4290320.0,8682170.0,67646000.0,56842000.0,89327000.0,80234000.0,71982000.0,68779000.0,22388000.0,45488000.0
20200723,3923520.0,13900940.0,16133620.0,19620610.0,21311460.0,17037470.0,17145180.0,10614460.0,6583230.0,70296000.0,81535000.0,99112000.0,107629000.0,85937000.0,86284000.0,53128000.0,33026000.0
20200724,-7957270.0,17026880.0,12404050.0,23837420.0,20502980.0,15101270.0,19762020.0,3954880.0,7251400.0,86699000.0,63032000.0,121373000.0,104171000.0,76664000.0,100572000.0,20096000.0,37056000.0
20200727,4090600.0,11250270.0,13541750.0,19066060.0,20865180.0,19866030.0,18112220.0,12547680.0,10210890.0,55109000.0,66213000.0,93138000.0,101922000.0,96828000.0,88296000.0,60964000.0,49608000.0
20200728,-6070770.0,17195330.0,13610990.0,21187390.0,18700970.0,16340690.0,17008770.0,8431340.0,13834030.0,86460000.0,68057000.0,106552000.0,93594000.0,81852000.0,85280000.0,42323000.0,70256000.0
20200729,-2487820.0,12941050.0,11985620.0,15125690.0,13593310.0,9410740.0,12843370.0,7942240.0,6997430.0,65137000.0,60219000.0,76037000.0,68323000.0,47153000.0,64464000.0,39849000.0,35169000.0
20200730,2042440.0,11947630.0,15426650.0,20863130.0,19426550.0,19323710.0,19054090.0,10997610.0,9224790.0,58461000.0,75151000.0,101670000.0,94626000.0,93992000.0,92726000.0,53345000.0,44966000.0
20200731,6618320.0,10605990.0,13774380.0,18031220.0,21481150.0,19302760.0,16498020.0,9390060.0,5576480.0,49908000.0,64678000.0,84822000.0,100878000.0,90591000.0,77361000.0,43787000.0,26190000.0
20200803,-20223550.0,22020050.0,10023090.0,25889780.0,17663180.0,24310080.0,40690470.0,11253280.0,15096440.0,107145000.0,48577000.0,125995000.0,85691000.0,118325000.0,198183000.0,54580000.0,73595000.0
20200804,-4817580.0,23136690.0,16959840.0,30793150.0,32152410.0,29687550.0,29352290.0,6300420.0,11453260.0,115390000.0,84478000.0,153523000.0,160080000.0,147957000.0,146374000.0,31490000.0,57427000.0
20200805,-5628400.0,16001800.0,13990140.0,25942990.0,22326240.0,19800100.0,23198290.0,11474210.0,13704420.0,79715000.0,69468000.0,129102000.0,110994000.0,98382000.0,115430000.0,56802000.0,68108000.0
20200806,-3100860.0,14624300.0,9854940.0,13665210.0,15333710.0,9761780.0,10539030.0,1835380.0,4158990.0,73649000.0,49562000.0,68709000.0,77229000.0,49096000.0,52941000.0,9285000.0,21005000.0
20200807,-3800490.0,12724140.0,12009110.0,14296940.0,11211470.0,11618090.0,12098650.0,5664990.0,8984920.0,64461000.0,60665000.0,72261000.0,56499000.0,58635000.0,61272000.0,28699000.0,45619000.0
20200810,8886520.0,5700320.0,11698350.0,18938750.0,21827240.0,16516280.0,23349970.0,28235000.0,12514790.0,26672000.0,54614000.0,88846000.0,101751000.0,77307000.0,108923000.0,130425000.0,57962000.0
20200811,-3259390.0,24300520.0,22536390.0,40325860.0,38830600.0,38754730.0,37708670.0,11055430.0,15360880.0,105274000.0,97501000.0,174680000.0,168106000.0,167871000.0,163399000.0,47904000.0,66722000.0
20200812,-116090.0,23914110.0,26477500.0,38782530.0,36103050.0,36936160.0,36461590.0,28362800.0,28953460.0,111395000.0,123720000.0,181368000.0,169201000.0,173890000.0,170947000.0,134477000.0,137262000.0
20200813,9132350.0,16374950.0,18151160.0,19491780.0,26847930.0,17497530.0,18469050.0,15951650.0,5847780.0,77024000.0,85144000.0,91650000.0,126173000.0,82337000.0,86816000.0,74841000.0,27719000.0
20200814,-186330.0,17605210.0,13790120.0,17379480.0,21008230.0,14662540.0,17414670.0,8045160.0,5479360.0,84912000.0,66304000.0,83798000.0,101345000.0,70697000.0,84167000.0,38812000.0,26404000.0
20200817,-716790.0,10665760.0,11086170.0,13553930.0,12416730.0,8805760.0,8182540.0,1603420.0,2943430.0,50788000.0,52769000.0,64543000.0,59092000.0,41936000.0,38996000.0,7645000.0,14055000.0
20200818,675160.0,9727470.0,10554060.0,11553640.0,11402220.0,9334770.0,8119010.0,3457510.0,3998110.0,46207000.0,50084000.0,54873000.0,54130000.0,44319000.0,38590000.0,16416000.0,19010000.0
20200819,-1236240.0,16575960.0,11605690.0,19300460.0,23034490.0,12650640.0,13452200.0,3648010.0,4082690.0,81875000.0,57083000.0,95468000.0,114047000.0,62548000.0,66438000.0,17981000.0,20304000.0
20200820,-6551350.0,18295700.0,15321050.0,16868860.0,13292160.0,7593150.0,12922690.0,2568040.0,3789850.0,93838000.0,78584000.0,86465000.0,68103000.0,38904000.0,66267000.0,13135000.0,19389000.0
20200821,-514780.0,12146490.0,14753600.0,12620010.0,9498120.0,5320830.0,6485960.0,1748840.0,1098490.0,61874000.0,75100000.0,64265000.0,48340000.0,27083000.0,33092000.0,8908000.0,5598000.0
20200824,9668510.0,15206080.0,23289750.0,21879190.0,23464020.0,18430420.0,15254060.0,9170770.0,2678620.0,75641000.0,115198000.0,107990000.0,115554000.0,90496000.0,75087000.0,44683000.0,12971000.0
20200825,1814380.0,13358780.0,18563260.0,18304200.0,14914110.0,9852400.0,8096050.0,3074490.0,3016460.0,64130000.0,88964000.0,87699000.0,71423000.0,47057000.0,38788000.0,14773000.0,14484000.0
20200826,-4428220.0,17626880.0,15842920.0,17079020.0,14434760.0,6327490.0,8570450.0,1273740.0,3459000.0,87063000.0,78148000.0,84249000.0,71189000.0,31215000.0,42314000.0,6284000.0,17160000.0
20200827,1449450.0,11073040.0,14381150.0,14835590.0,12976940.0,12339650.0,12039780.0,4432600.0,3283020.0,53802000.0,69683000.0,71734000.0,62747000.0,59395000.0,57906000.0,21299000.0,15895000.0
20200828,10251080.0,11398240.0,18648120.0,14475930.0,17477140.0,18772450.0,10414240.0,5173820.0,3280950.0,53077000.0,87022000.0,67578000.0,81512000.0,87673000.0,48569000.0,24081000.0,15306000.0
20200831,6473200.0,13457550.0,17593400.0,16951010.0,19288350.0,16975750.0,12873080.0,3981760.0,1611230.0,61523000.0,80300000.0,77305000.0,88065000.0,77513000.0,58728000.0,18129000.0,7377000.0
20200901,-686030.0,9051900.0,9236970.0,11420810.0,10549710.0,11128800.0,10714930.0,4145980.0,5245880.0,41477000.0,42236000.0,52275000.0,48286000.0,50879000.0,49025000.0,18866000.0,23950000.0
20200902,693730.0,12880150.0,13736770.0,17187640.0,17024740.0,11107200.0,13273970.0,7113660.0,4253160.0,58441000.0,62152000.0,77650000.0,76790000.0,50057000.0,59948000.0,32063000.0,19321000.0
20200903,-1558190.0,6494450.0,6847700.0,8704590.0,6793160.0,4283430.0,5970180.0,2175830.0,2047270.0,29552000.0,31138000.0,39574000.0,30890000.0,19502000.0,27171000.0,9903000.0,9332000.0
20200904,-2249560.0,10739220.0,8692300.0,11927070.0,11724450.0,4943650.0,6598100.0,928310.0,1523420.0,49724000.0,40199000.0,55182000.0,54272000.0,22880000.0,30571000.0,4310000.0,7055000.0
20200907,-2854270.0,10085120.0,10361860.0,16257270.0,13126270.0,11481380.0,11393150.0,2973300.0,5915800.0,45924000.0,46974000.0,73732000.0,59535000.0,52186000.0,51637000.0,13438000.0,27133000.0
20200908,-3375800.0,11447410.0,7676900.0,9244620.0,9639320.0,5770790.0,7937570.0,681170.0,1890190.0,53102000.0,35595000.0,42878000.0,44698000.0,26765000.0,36833000.0,3154000.0,8773000.0
20200909,-10266070.0,16780320.0,10661460.0,18452120.0,14304910.0,11098690.0,19142390.0,1839800.0,4062170.0,82051000.0,52078000.0,90279000.0,69874000.0,54277000.0,93680000.0,8993000.0,19968000.0
20200910,-5974220.0,12128440.0,10412820.0,12781720.0,8523130.0,5736000.0,8560960.0,1298160.0,4447420.0,58495000.0,50151000.0,61483000.0,41068000.0,27580000.0,41188000.0,6253000.0,21404000.0
20200911,5861470.0,18403540.0,20679300.0,25457240.0,29042950.0,27437020.0,29595440.0,24228250.0,16208360.0,81564000.0,90452000.0,112858000.0,126895000.0,120418000.0,129457000.0,102489000.0,70526000.0
20200914,-23977210.0,57699050.0,36694380.0,76287090.0,73314550.0,83114990.0,80977440.0,29229060.0,55343820.0,224649000.0,143096000.0,295978000.0,286927000.0,321328000.0,312537000.0,113244000.0,212638000.0
20200915,2191970.0,36138330.0,35076970.0,51567950.0,54821280.0,48128380.0,48020950.0,16812490.0,14727950.0,146260000.0,141726000.0,208258000.0,221452000.0,194482000.0,194030000.0,67819000.0,59610000.0
20200916,3654730.0,46276650.0,44546380.0,69530180.0,74915180.0,67973550.0,69255100.0,33394830.0,28458550.0,174239000.0,167717000.0,262424000.0,281789000.0,255610000.0,260668000.0,125110000.0,107207000.0
20200917,16245520.0,38926410.0,47091640.0,68226750.0,76307040.0,90395380.0,77537540.0,54727570.0,51339890.0,140379000.0,169679000.0,245994000.0,275274000.0,325589000.0,278961000.0,196339000.0,184387000.0
20200918,-2153290.0,38075210.0,32046230.0,54840990.0,58716680.0,54738180.0,63221470.0,39820470.0,33490470.0,136652000.0,114955000.0,196817000.0,210531000.0,196264000.0,226590000.0,142554000.0,120211000.0
20200921,-11174510.0,44648560.0,23978660.0,60575200.0,70070580.0,54031590.0,58725950.0,25943490.0,32423640.0,165437000.0,88434000.0,224028000.0,259228000.0,199520000.0,216612000.0,95541000.0,120251000.0
20200922,-1493580.0,29889250.0,25382740.0,32260010.0,35272940.0,25291850.0,28451660.0,16717130.0,15050900.0,112763000.0,95650000.0,121688000.0,132972000.0,95452000.0,107489000.0,63129000.0,56921000.0
20200923,-2239810.0,40631790.0,41713540.0,70606650.0,67285090.0,74985910.0,83773980.0,54471800.0,47923540.0,142828000.0,147336000.0,248029000.0,236969000.0,264408000.0,294451000.0,192290000.0,168800000.0
20200924,-9743370.0,50796610.0,43772070.0,79547060.0,76828240.0,87294920.0,81635650.0,42381610.0,57784250.0,182651000.0,156684000.0,284537000.0,273996000.0,311277000.0,291008000.0,151724000.0,208500000.0
20200925,7943670.0,28576830.0,32273520.0,42809090.0,47056070.0,45184400.0,41361460.0,20884160.0,16763430.0,104827000.0,118153000.0,156861000.0,172191000.0,164971000.0,151181000.0,76091000.0,61225000.0
20200928,2667570.0,41052250.0,40783660.0,55845310.0,58781480.0,55208710.0,54599980.0,16081930.0,14023090.0,146299000.0,145189000.0,198573000.0,208953000.0,195771000.0,193812000.0,56782000.0,49472000.0
20200929,-18464830.0,35639280.0,25488250.0,49891820.0,41578020.0,46265020.0,68263870.0,22764240.0,19230220.0,131042000.0,93536000.0,183362000.0,152606000.0,169834000.0,251030000.0,83765000.0,70830000.0
20200930,5908830.0,31477540.0,40483320.0,53167790.0,50070840.0,52212530.0,51312310.0,20199750.0,15191140.0,113679000.0,145891000.0,191526000.0,180445000.0,188034000.0,184834000.0,72738000.0,54809000.0
20201009,6794750.0,41965480.0,44753520.0,66179460.0,70186170.0,83896380.0,79078190.0,52429440.0,50452880.0,131884000.0,140697000.0,208116000.0,220845000.0,264134000.0,248861000.0,165197000.0,158929000.0
20201012,3663970.0,41916120.0,40481010.0,63289180.0,68388260.0,65563100.0,63019700.0,28656000.0,27535430.0,130421000.0,126015000.0,196938000.0,212794000.0,204102000.0,196031000.0,89183000.0,85804000.0
20201013,232850.0,43641730.0,33662380.0,59758030.0,69970220.0,57660220.0,48391660.0,32540240.0,41575950.0,139524000.0,107410000.0,190894000.0,223492000.0,184194000.0,154648000.0,104138000.0,133200000.0
20201014,15419120.0,48173190.0,52518600.0,78836200.0,89909910.0,86151410.0,83154880.0,53441690.0,41019100.0,149622000.0,162418000.0,244392000.0,278406000.0,266670000.0,257372000.0,165026000.0,127514000.0
20201015,-12647080.0,44684710.0,29526950.0,57022340.0,59533020.0,51208860.0,59921390.0,25037990.0,28972540.0,146562000.0,96759000.0,186998000.0,195235000.0,167995000.0,196629000.0,82114000.0,95045000.0
20201016,-987940.0,32093060.0,31756090.0,50380430.0,49729450.0,38402930.0,40420520.0,17096980.0,16067330.0,105889000.0,104401000.0,165964000.0,163714000.0,126402000.0,133231000.0,56345000.0,53254000.0
20201019,-12144240.0,39393260.0,25328080.0,49896070.0,51817000.0,43427290.0,49826220.0,18348330.0,24093640.0,133606000.0,85667000.0,169305000.0,175606000.0,147616000.0,169312000.0,62398000.0,82341000.0
20201020,4520820.0,22867920.0,26584790.0,39706470.0,40510410.0,38200470.0,34499870.0,12438900.0,11618680.0,77952000.0,90143000.0,134718000.0,137509000.0,129482000.0,117047000.0,42071000.0,39524000.0
20201021,-4555080.0,27215020.0,21759010.0,36239480.0,37140410.0,36276780.0,39516440.0,12746070.0,14061490.0,92576000.0,73776000.0,123026000.0,125959000.0,122418000.0,133679000.0,42833000.0,47438000.0
20201022,-2855230.0,19238490.0,16791360.0,27385940.0,26977850.0,25567350.0,29947020.0,9570220.0,8045780.0,67508000.0,58684000.0,96022000.0,94618000.0,89604000.0,105053000.0,33509000.0,28287000.0
20201023,-3728660.0,17518980.0,14926530.0,19688610.0,18552410.0,16541870.0,18610460.0,7254560.0,8914630.0,60917000.0,51536000.0,68255000.0,64227000.0,57253000.0,64583000.0,25185000.0,31264000.0
20201026,14043400.0,28378460.0,33433220.0,38908680.0,47897320.0,48766910.0,43337460.0,22845720.0,14231770.0,96275000.0,112863000.0,131686000.0,161915000.0,164618000.0,146692000.0,77430000.0,48538000.0
20201027,2618150.0,25278000.0,26527700.0,34958430.0,36326880.0,33794820.0,33895800.0,13567630.0,10848500.0,84318000.0,88231000.0,116420000.0,120933000.0,112330000.0,112654000.0,44988000.0,36239000.0
20201028,11054400.0,22808000.0,33852050.0,44122530.0,44132890.0,47283400.0,41323200.0,20894230.0,15800030.0,73065000.0,108064000.0,141068000.0,140913000.0,151123000.0,131906000.0,66464000.0,50836000.0
20201029,13716630.0,24168080.0,31497190.0,40531410.0,46918920.0,53890700.0,47851630.0,22968090.0,15290530.0,74903000.0,97305000.0,125309000.0,145013000.0,166378000.0,147810000.0,70792000.0,47254000.0
20201030,37552630.0,33596040.0,49926680.0,68829010.0,90051010.0,105899150.0,125752620.0,179358420.0,121952320.0,88902000.0,131374000.0,182710000.0,236985000.0,280427000.0,331212000.0,467358000.0,319826000.0
20201102,-57992120.0,70393500.0,47999910.0,134910050.0,99311510.0,145805680.0,149420000.0,96749520.0,151127320.0,162975000.0,110568000.0,313459000.0,229256000.0,338686000.0,347488000.0,224400000.0,352208000.0
20201103,-6359520.0,56317680.0,50223410.0,95300270.0,95035020.0,100270780.0,99506250.0,72443070.0,79567120.0,125187000.0,111375000.0,211813000.0,210959000.0,222868000.0,221109000.0,160724000.0,177150000.0
20201104,-9730480.0,54096700.0,41842840.0,85890400.0,88413770.0,100460540.0,110284200.0,75574060.0,75480880.0,122336000.0,94484000.0,194491000.0,199794000.0,228115000.0,250583000.0,172101000.0,172181000.0
20201105,-2577720.0,48861100.0,51901470.0,92318630.0,86700530.0,102456140.0,97245100.0,59769760.0,67558520.0,108396000.0,114702000.0,204397000.0,191949000.0,226566000.0,215103000.0,131789000.0,149393000.0
20201106,-12264770.0,43663560.0,36368360.0,68475400.0,63505830.0,83448120.0,75404190.0,54215920.0,74524620.0,99761000.0,83014000.0,156049000.0,144590000.0,189828000.0,171645000.0,123189000.0,169579000.0
20201109,-8496450.0,43722280.0,40105670.0,83215590.0,78335750.0,81583660.0,85481220.0,79559270.0,84158160.0,98772000.0,90371000.0,187956000.0,176839000.0,183828000.0,193092000.0,178884000.0,189139000.0
20201110,24969630.0,55023320.0,62060440.0,107546870.0,125479380.0,128445230.0,125483190.0,78111530.0,56103940.0,118143000.0,132894000.0,230809000.0,269729000.0,275731000.0,269261000.0,167307000.0,120107000.0
20201111,-13109200.0,50666090.0,41393950.0,79719530.0,75882460.0,74597800.0,80850990.0,40674470.0,47530480.0,112264000.0,91557000.0,176845000.0,167830000.0,164854000.0,178914000.0,89611000.0,105272000.0
20201112,10064820.0,47420910.0,50717990.0,91349960.0,98117690.0,93663430.0,94784370.0,53915620.0,42729860.0,104293000.0,111146000.0,200924000.0,215081000.0,204477000.0,207505000.0,117159000.0,93120000.0
20201113,22311480.0,44491540.0,54146860.0,78681250.0,91337390.0,91158470.0,78380960.0,45962160.0,36428190.0,97147000.0,118039000.0,171683000.0,199326000.0,198834000.0,170893000.0,100222000.0,79628000.0
20201116,-2698970.0,38338130.0,37793520.0,68832410.0,66678050.0,64548230.0,66715230.0,27779190.0,28311160.0,84179000.0,82706000.0,151018000.0,146051000.0,141406000.0,146186000.0,60626000.0,62287000.0
20201117,-10057730.0,38414740.0,27756070.0,52783670.0,53384610.0,45260030.0,50075870.0,22620100.0,27861990.0,86040000.0,62013000.0,117962000.0,119256000.0,101301000.0,112091000.0,50659000.0,62602000.0
20201118,-5910930.0,37672310.0,33218240.0,68902730.0,67445860.0,82423620.0,75217830.0,27945270.0,41061990.0,85491000.0,74909000.0,156220000.0,152820000.0,187047000.0,171000000.0,63448000.0,93478000.0
20201119,-18522510.0,36146320.0,25306690.0,59021830.0,51338950.0,45151220.0,57209780.0,24495530.0,30959480.0,81951000.0,57242000.0,133699000.0,116132000.0,102181000.0,129409000.0,55194000.0,70243000.0
20201120,9753380.0,33389580.0,36317590.0,55452220.0,62277590.0,60313100.0,60493710.0,34609840.0,24675850.0,73923000.0,80213000.0,122574000.0,137528000.0,133115000.0,133738000.0,76339000.0,54472000.0
20201123,1178280.0,47194540.0,54965120.0,103273380.0,96681070.0,109059630.0,108993670.0,87351300.0,86238980.0,93957000.0,109497000.0,205364000.0,192800000.0,218249000.0,218069000.0,174282000.0,171487000.0
20201124,-9000510.0,32059150.0,28005620.0,54174480.0,49227500.0,50586350.0,45181760.0,22247910.0,36653010.0,63462000.0,55379000.0,107167000.0,97438000.0,100052000.0,89391000.0,43997000.0,72471000.0
20201125,-17893610.0,42689290.0,29403090.0,61942980.0,57335570.0,63183660.0,57432340.0,27019670.0,50664600.0,86848000.0,59653000.0,125980000.0,116360000.0,128393000.0,116779000.0,55144000.0,103573000.0
20201126,-161290.0,28072920.0,25497270.0,45784980.0,48199340.0,48032690.0,43975040.0,17111860.0,21330800.0,59368000.0,53781000.0,96766000.0,101803000.0,101453000.0,93086000.0,36282000.0,45198000.0
20201127,-9263880.0,26785120.0,24540060.0,42446190.0,35427380.0,35006630.0,33285940.0,8230260.0,19214830.0,56926000.0,52069000.0,90221000.0,75217000.0,74392000.0,70767000.0,17446000.0,40932000.0
20201130,3202720.0,30122310.0,32066320.0,49866850.0,51125570.0,42294490.0,40764220.0,37127250.0,35454800.0,64124000.0,68064000.0,106091000.0,108584000.0,89703000.0,86531000.0,77836000.0,74574000.0
20201201,5926390.0,36055680.0,39437970.0,61469220.0,64013320.0,65301620.0,60770950.0,26948740.0,25553020.0,74080000.0,80982000.0,126242000.0,131299000.0,133802000.0,124657000.0,55140000.0,52326000.0
20201202,-14464790.0,41304260.0,36103650.0,55832630.0,46568450.0,33447890.0,39892050.0,14368950.0,22389580.0,86977000.0,75972000.0,117537000.0,97838000.0,70310000.0,84045000.0,30237000.0,47206000.0
20201203,-1126220.0,29332550.0,30557980.0,41713580.0,39361930.0,31975830.0,28333990.0,10482900.0,15250960.0,62240000.0,64765000.0,88481000.0,83469000.0,67707000.0,60014000.0,22161000.0,32341000.0
20201204,-7443020.0,29077930.0,27871560.0,44312680.0,38076020.0,35750420.0,40354900.0,14434360.0,17272900.0,61752000.0,59134000.0,94185000.0,80875000.0,76016000.0,85867000.0,30727000.0,36803000.0
20201207,6483640.0,38477380.0,41299920.0,57969620.0,61630730.0,59208840.0,60604220.0,28352750.0,20473730.0,79539000.0,85168000.0,119257000.0,126681000.0,121493000.0,124380000.0,57777000.0,41837000.0
20201208,2100.0,41998820.0,42082490.0,71764700.0,71683140.0,75598180.0,75531530.0,39782700.0,39847250.0,81039000.0,81204000.0,138472000.0,138239000.0,145764000.0,145737000.0,76771000.0,76866000.0
20201209,-812800.0,45124050.0,41110420.0,67132890.0,70333720.0,60458250.0,68164380.0,33620610.0,26727280.0,86190000.0,78276000.0,127912000.0,133990000.0,114843000.0,129702000.0,63850000.0,50827000.0
20201210,2698680.0,52243780.0,56028780.0,96717480.0,95631160.0,102915840.0,91655270.0,52685240.0,61247130.0,97199000.0,103388000.0,178507000.0,177138000.0,189379000.0,169221000.0,96729000.0,112068000.0
20201211,-13349930.0,51847480.0,45519470.0,79940240.0,72918310.0,71318290.0,66123840.0,40316920.0,58861300.0,94595000.0,82926000.0,145382000.0,132608000.0,129518000.0,120214000.0,73030000.0,106779000.0
20201214,-2452370.0,41187490.0,44456100.0,79951220.0,74230240.0,95068560.0,87775450.0,55042200.0,64787680.0,72464000.0,78261000.0,140751000.0,130552000.0,167579000.0,154461000.0,96810000.0,114332000.0
20201215,13947530.0,48626270.0,53727330.0,88234090.0,97080560.0,107402630.0,118146230.0,102135620.0,77444490.0,81229000.0,89749000.0,147556000.0,162046000.0,179795000.0,197316000.0,169921000.0,129390000.0
20201216,-2523510.0,50553260.0,44204630.0,78666800.0,82491910.0,84868450.0,81628620.0,43757430.0,49520770.0,81321000.0,70960000.0,126496000.0,132485000.0,136258000.0,131218000.0,70139000.0,79550000.0
20201217,-17279260.0,52517030.0,41629060.0,83611920.0,77220640.0,81568510.0,87219640.0,44887390.0,56515520.0,86503000.0,68302000.0,137645000.0,126970000.0,134192000.0,143695000.0,73921000.0,93296000.0
20201218,-35796080.0,48768020.0,38009670.0,87235140.0,62197410.0,85564950.0,111010630.0,33191590.0,43541990.0,78810000.0,61237000.0,140675000.0,100336000.0,137958000.0,178828000.0,53563000.0,70605000.0
20201221,-37838680.0,63285270.0,53616170.0,114348870.0,86179280.0,102645330.0,101342740.0,60636980.0,99778250.0,98213000.0,82963000.0,177444000.0,133575000.0,159661000.0,157120000.0,94046000.0,155705000.0
20201222,-25584520.0,67066250.0,45821070.0,102347240.0,98007910.0,106558640.0,109345520.0,56219760.0,79017400.0,103212000.0,70172000.0,157480000.0,150529000.0,163683000.0,168330000.0,86536000.0,121881000.0
20201223,-29076540.0,69618750.0,64018100.0,138684680.0,115208800.0,141960980.0,142504520.0,84790090.0,113323090.0,100111000.0,92237000.0,199701000.0,166278000.0,205006000.0,205604000.0,122597000.0,163296000.0
20201224,-7530770.0,56850230.0,51259120.0,98372840.0,96433170.0,96285650.0,105660500.0,56299130.0,54455050.0,80831000.0,72635000.0,139617000.0,137050000.0,136507000.0,149623000.0,79527000.0,77174000.0
20201225,-9862870.0,60980280.0,64548990.0,109856850.0,96425270.0,117252220.0,112523780.0,78106660.0,92697970.0,84348000.0,88454000.0,151523000.0,132701000.0,161427000.0,155191000.0,107083000.0,128036000.0
20201228,-10590280.0,80424930.0,62546040.0,123096400.0,130385020.0,145656470.0,141929540.0,89736520.0,104053730.0,111432000.0,86490000.0,170411000.0,180517000.0,201679000.0,196548000.0,124320000.0,144286000.0
20201229,-44027560.0,91458150.0,54200680.0,145846470.0,139076380.0,170817730.0,173995820.0,94163330.0,135012800.0,135161000.0,80110000.0,215862000.0,205599000.0,252980000.0,257468000.0,139912000.0,200739000.0
20201230,-11623860.0,56840280.0,48947390.0,99477750.0,95746780.0,110795760.0,113893100.0,51853450.0,60379970.0,83009000.0,71384000.0,145197000.0,139724000.0,161674000.0,166247000.0,75635000.0,88161000.0
20201231,-13415910.0,59798780.0,55619760.0,105276650.0,96039770.0,105576920.0,112189880.0,70298100.0,77101050.0,83870000.0,77835000.0,147492000.0,134484000.0,147735000.0,157085000.0,98306000.0,107999000.0
20210104,811030.0,95072050.0,97547010.0,147542370.0,145878440.0,164949990.0,153568300.0,94296040.0,104866700.0,127109000.0,129897000.0,197439000.0,194918000.0,219987000.0,205128000.0,125670000.0,140262000.0
20210105,-44968600.0,90238300.0,66921330.0,117571710.0,95920080.0,119335030.0,129524670.0,64656630.0,99435590.0,116706000.0,86201000.0,151677000.0,123711000.0,153917000.0,167179000.0,83489000.0,128698000.0
20210106,14084100.0,61330800.0,68754580.0,101697790.0,108358110.0,115962130.0,113851510.0,68678920.0,56705440.0,79137000.0,88429000.0,130807000.0,139188000.0,148697000.0,146048000.0,88024000.0,73000000.0
20210107,9154530.0,67207540.0,67110090.0,142481640.0,151733630.0,166065730.0,173637770.0,129481280.0,112754710.0,78047000.0,77983000.0,165398000.0,176213000.0,192994000.0,201854000.0,150430000.0,130820000.0
20210108,-79334720.0,101975030.0,57674330.0,182031630.0,146997620.0,193073450.0,210270150.0,107611390.0,169749410.0,118902000.0,66642000.0,211741000.0,170638000.0,224558000.0,244730000.0,124994000.0,198185000.0
20210111,-20074670.0,77926500.0,58352530.0,140599400.0,140098700.0,141977960.0,150430670.0,67708620.0,79330580.0,96222000.0,71838000.0,173216000.0,172499000.0,175068000.0,185681000.0,83594000.0,98083000.0
20210112,14046570.0,60296720.0,67348650.0,137502010.0,144496650.0,155571210.0,161080730.0,97549510.0,77993420.0,71002000.0,79078000.0,161780000.0,169747000.0,182866000.0,189287000.0,114472000.0,92009000.0
20210113,-18242590.0,66045570.0,59337400.0,146939830.0,135405420.0,158374140.0,169516270.0,73840360.0,80940820.0,74034000.0,66256000.0,164574000.0,151528000.0,177204000.0,189812000.0,82494000.0,90712000.0
20210114,-3154560.0,66077930.0,60461130.0,139779020.0,142241250.0,172094190.0,173783620.0,99335720.0,100800850.0,75008000.0,68189000.0,158331000.0,160713000.0,194630000.0,196804000.0,112083000.0,114344000.0
20210115,-50900860.0,79789930.0,51403940.0,151388050.0,128873180.0,168887000.0,182928030.0,89872820.0,126732650.0,95718000.0,61373000.0,181373000.0,154188000.0,202537000.0,219449000.0,107588000.0,152205000.0
20210118,-701400.0,63894650.0,56179350.0,110312240.0,117326130.0,114808260.0,112821440.0,67768290.0,70456510.0,75689000.0,66322000.0,130597000.0,138571000.0,135986000.0,133555000.0,80056000.0,83879000.0
20210119,-27020900.0,62732500.0,50140660.0,118941650.0,104512590.0,104908190.0,116321860.0,52148930.0,67756160.0,73559000.0,58570000.0,139370000.0,122280000.0,122688000.0,136098000.0,60930000.0,79599000.0
20210120,35678890.0,66883800.0,85397200.0,142027190.0,159192680.0,164489120.0,167775130.0,131297740.0,92332840.0,75018000.0,95532000.0,159315000.0,178113000.0,184185000.0,187585000.0,146215000.0,103504000.0
20210121,-34104190.0,72237390.0,60885150.0,137295870.0,114543920.0,159350400.0,136573270.0,120440040.0,177321360.0,78712000.0,66212000.0,149476000.0,124540000.0,173386000.0,148436000.0,130812000.0,193198000.0
20210122,8705380.0,71429860.0,81933720.0,144198940.0,142400450.0,191405320.0,194533670.0,123730040.0,111896310.0,73195000.0,83804000.0,147635000.0,145741000.0,195878000.0,199160000.0,126711000.0,114714000.0
20210125,-44954010.0,101496480.0,87582880.0,225622450.0,194582040.0,290584570.0,287560780.0,238255260.0,286233060.0,95939000.0,82450000.0,213333000.0,183931000.0,275030000.0,271459000.0,226170000.0,272633000.0
20210126,-128722100.0,139818070.0,79521340.0,229470790.0,161045420.0,254309790.0,283304300.0,216493720.0,316221310.0,144356000.0,81993000.0,236730000.0,166198000.0,262245000.0,292349000.0,223775000.0,326566000.0
20210127,12858500.0,97062740.0,109584000.0,190799640.0,191136890.0,249844430.0,232568410.0,166247650.0,170665170.0,99325000.0,111414000.0,194568000.0,194633000.0,254340000.0,236679000.0,168557000.0,174066000.0
20210128,-32121880.0,76853210.0,69129310.0,155030420.0,130632450.0,146840390.0,151037680.0,100613100.0,128537690.0,76393000.0,68574000.0,153903000.0,129658000.0,145789000.0,150000000.0,99898000.0,127753000.0
20210129,-17124350.0,90818590.0,91115600.0,199731330.0,182309960.0,252092850.0,238595000.0,163758160.0,194380360.0,89192000.0,88864000.0,195615000.0,178108000.0,246603000.0,233542000.0,159454000.0,190349000.0
20210201,-76256120.0,134976220.0,82963610.0,213258810.0,189015300.0,240115610.0,268863030.0,151950870.0,199459570.0,136459000.0,83549000.0,214743000.0,189691000.0,241392000.0,269910000.0,151289000.0,200734000.0
20210202,-9465170.0,90990260.0,86061060.0,149206100.0,144670130.0,170463110.0,164687320.0,88848330.0,104089290.0,92311000.0,87103000.0,151169000.0,146612000.0,172630000.0,167007000.0,90054000.0,105441000.0
20210203,20953790.0,101924480.0,107910880.0,210638150.0,225605530.0,256413760.0,245897330.0,179165970.0,168728610.0,96530000.0,102056000.0,199512000.0,213575000.0,242817000.0,232844000.0,169571000.0,159956000.0
20210204,6788770.0,98382860.0,89551500.0,182136330.0,197756460.0,223463730.0,227813910.0,147940280.0,136801330.0,90843000.0,82559000.0,168109000.0,182440000.0,206157000.0,210095000.0,136112000.0,126128000.0
20210205,11859440.0,93044030.0,94076390.0,178232060.0,189059130.0,239856630.0,239978130.0,201928930.0,189947990.0,81822000.0,82589000.0,156753000.0,166108000.0,210631000.0,210997000.0,177588000.0,167099000.0
20210208,-58921910.0,105622430.0,72315970.0,190453140.0,164837680.0,200360990.0,203224560.0,146685670.0,202744010.0,95665000.0,65196000.0,172390000.0,149209000.0,181693000.0,184292000.0,132920000.0,183969000.0
20210209,-29230290.0,109462400.0,81654120.0,175352160.0,173930150.0,196417790.0,216918370.0,136552940.0,145282650.0,97237000.0,72353000.0,155586000.0,154291000.0,174217000.0,192516000.0,120987000.0,128868000.0
20210210,9738270.0,95836900.0,99864760.0,185796800.0,191507210.0,266408280.0,215831890.0,213023580.0,253861700.0,81347000.0,84664000.0,157589000.0,162502000.0,225971000.0,183172000.0,180242000.0,214810000.0
20210218,-103569270.0,124486880.0,70751930.0,199869150.0,150034830.0,198556000.0,232440830.0,162484210.0,232168650.0,107057000.0,60662000.0,171554000.0,128812000.0,170442000.0,199965000.0,139138000.0,198752000.0
20210219,-48727500.0,100448720.0,61765180.0,153676800.0,143632840.0,179645210.0,189018960.0,99805410.0,139159160.0,90681000.0,55648000.0,138769000.0,129611000.0,162112000.0,170723000.0,90193000.0,125773000.0
20210222,-150515370.0,211789640.0,108120230.0,310522670.0,263676720.0,348836830.0,397194150.0,221114980.0,323273030.0,210514000.0,107472000.0,308694000.0,261838000.0,346844000.0,392893000.0,219076000.0,322925000.0
20210223,-48009890.0,109575330.0,83923910.0,200408450.0,178049970.0,211055500.0,212934620.0,107517310.0,153648080.0,118726000.0,90803000.0,216834000.0,192802000.0,228175000.0,230357000.0,116508000.0,166280000.0
20210224,-44616060.0,108074180.0,73447800.0,200286950.0,190297270.0,225988660.0,252418680.0,117178810.0,135364850.0,121425000.0,82354000.0,225202000.0,213715000.0,254196000.0,284142000.0,131601000.0,152213000.0
20210225,-15330240.0,71679080.0,58562440.0,125502000.0,123288410.0,133528180.0,128910290.0,72593020.0,92541150.0,81194000.0,66137000.0,142020000.0,139393000.0,150880000.0,145710000.0,81794000.0,104648000.0
20210226,-1394840.0,68762470.0,59766530.0,138213340.0,145814450.0,155734240.0,157568330.0,120794070.0,120354820.0,81777000.0,70753000.0,164245000.0,173014000.0,185345000.0,187473000.0,142783000.0,142910000.0
20210301,5836570.0,80549030.0,93094070.0,162486020.0,155777540.0,164175430.0,175046890.0,111472370.0,94764340.0,90620000.0,104612000.0,182603000.0,175057000.0,184548000.0,196683000.0,125010000.0,106428000.0
20210302,-34949980.0,97608450.0,72102410.0,164954300.0,155510360.0,155529120.0,178118730.0,95287190.0,107647560.0,112103000.0,82594000.0,189537000.0,178130000.0,178294000.0,204010000.0,108274000.0,123474000.0
20210303,-11046650.0,66391000.0,57834190.0,137347150.0,134857310.0,120282770.0,129373910.0,63697050.0,65652560.0,78689000.0,68265000.0,162600000.0,159430000.0,142269000.0,153195000.0,75248000.0,77914000.0
20210304,-129956250.0,164614240.0,85356500.0,260985450.0,210286930.0,286433100.0,317555750.0,149125060.0,247958660.0,217414000.0,113022000.0,345558000.0,278635000.0,378041000.0,417802000.0,196511000.0,328065000.0
20210305,3548750.0,104833710.0,127275010.0,203418800.0,184526240.0,243280430.0,227955260.0,142812600.0,154589020.0,137093000.0,166403000.0,265808000.0,241581000.0,319359000.0,298851000.0,188128000.0,203552000.0
20210308,-25698230.0,123370400.0,104289130.0,189604410.0,182987460.0,197374230.0,218848350.0,122531430.0,126755540.0,170469000.0,144107000.0,262368000.0,252110000.0,272440000.0,302872000.0,169973000.0,176162000.0
20210309,-22387930.0,98319470.0,91016490.0,163476780.0,148391830.0,173696740.0,189001210.0,119201700.0,126285160.0,139807000.0,128991000.0,232289000.0,210711000.0,246207000.0,268292000.0,169540000.0,179851000.0
20210310,-5927220.0,59755300.0,62134900.0,124912470.0,116605660.0,141232110.0,130347700.0,90476020.0,107287650.0,85821000.0,89110000.0,179288000.0,167193000.0,202075000.0,186764000.0,129168000.0,153285000.0
20210311,17874650.0,74378770.0,94433590.0,154394870.0,152214700.0,175242530.0,156837120.0,115634610.0,116165370.0,102554000.0,130053000.0,213059000.0,209682000.0,241786000.0,216229000.0,159025000.0,160460000.0
20210312,25479560.0,92863110.0,120979980.0,191550700.0,188913390.0,231926860.0,213961030.0,118185390.0,110671660.0,121301000.0,157495000.0,249912000.0,246525000.0,302659000.0,279868000.0,154653000.0,144638000.0
20210315,-77551150.0,127080800.0,71761220.0,173040300.0,150808730.0,166707890.0,205162350.0,80685510.0,119782200.0,176985000.0,99977000.0,241303000.0,210177000.0,231718000.0,284783000.0,111882000.0,166951000.0
20210316,-11652790.0,69779820.0,56573430.0,98666890.0,100220490.0,107109960.0,114223100.0,55142950.0,59682600.0,100131000.0,80943000.0,141441000.0,143538000.0,153514000.0,163699000.0,78938000.0,85844000.0
20210317,11734740.0,70953110.0,61486930.0,110767240.0,131968160.0,137357320.0,133924630.0,76716650.0,68414600.0,102635000.0,88442000.0,159973000.0,190240000.0,198241000.0,193549000.0,110313000.0,98930000.0
20210318,8902470.0,76420630.0,77121130.0,125933540.0,134135510.0,134204100.0,133924150.0,80265010.0,71642490.0,107991000.0,108528000.0,177517000.0,189026000.0,188832000.0,188539000.0,112799000.0,101045000.0
20210319,-58402250.0,126537320.0,63118520.0,156641360.0,161657900.0,164340660.0,169517650.0,102298860.0,155524120.0,189231000.0,94275000.0,234313000.0,241581000.0,245912000.0,252911000.0,152891000.0,233578000.0
20210322,3489320.0,67014890.0,61511440.0,107601740.0,116594500.0,97946440.0,103361300.0,62338580.0,53434400.0,100014000.0,91705000.0,160326000.0,173838000.0,145762000.0,153893000.0,92948000.0,79614000.0
20210323,-2933180.0,75994360.0,60633400.0,108861750.0,121289520.0,108583490.0,104084370.0,64426620.0,71858920.0,116525000.0,92561000.0,166720000.0,185518000.0,166252000.0,159373000.0,98259000.0,110304000.0
20210324,-25847760.0,63021750.0,46357990.0,96457050.0,87273060.0,82101560.0,90916460.0,45609140.0,62642000.0,98163000.0,72076000.0,150165000.0,135697000.0,127840000.0,141622000.0,71022000.0,97795000.0
20210325,2007550.0,54366600.0,49017160.0,91191530.0,98548520.0,101864550.0,89979240.0,58013480.0,67891240.0,86901000.0,78091000.0,145845000.0,157386000.0,163319000.0,144108000.0,92742000.0,109221000.0
20210326,26293480.0,76610550.0,95868160.0,143760770.0,150796640.0,169415990.0,156717720.0,126432420.0,112837210.0,116931000.0,145632000.0,218921000.0,229432000.0,257765000.0,238609000.0,191782000.0,171727000.0
20210329,-28528660.0,72943480.0,63207660.0,116298070.0,97505240.0,118993700.0,120492140.0,51173840.0,78204060.0,112729000.0,97231000.0,179434000.0,150450000.0,183601000.0,186266000.0,79151000.0,120967000.0
20210330,54277510.0,82422730.0,122506780.0,184870250.0,199063710.0,235081570.0,232235560.0,188830590.0,137399090.0,117635000.0,175056000.0,263873000.0,283595000.0,335635000.0,331101000.0,268921000.0,196313000.0
20210331,6619310.0,81899930.0,78647140.0,125213610.0,135085710.0,139563060.0,143133770.0,75045750.0,64855730.0,113673000.0,109033000.0,173593000.0,187235000.0,193360000.0,198272000.0,103863000.0,89948000.0
20210401,-13125300.0,77796420.0,71090010.0,116011330.0,109592440.0,141091080.0,142414850.0,77296220.0,89097750.0,107133000.0,97599000.0,159308000.0,150623000.0,193639000.0,195587000.0,106097000.0,122367000.0
20210402,8481990.0,59686930.0,62715630.0,95016230.0,100469520.0,82807340.0,86902850.0,57799410.0,45221910.0,82246000.0,86123000.0,130727000.0,138206000.0,113914000.0,119657000.0,79307000.0,62207000.0
20210406,-7141890.0,83975560.0,83841260.0,141079250.0,134071660.0,136831700.0,135268740.0,70134680.0,78839530.0,111397000.0,110784000.0,187157000.0,177347000.0,181183000.0,179245000.0,92305000.0,104666000.0
20210407,-41853740.0,100362490.0,58199170.0,129255920.0,129565500.0,111502870.0,122887300.0,49205820.0,79675130.0,141834000.0,82107000.0,182504000.0,182839000.0,157189000.0,173235000.0,69386000.0,112733000.0
20210408,-11863410.0,53970500.0,45797200.0,80343570.0,76653460.0,61093970.0,65207870.0,32301200.0,40050710.0,77277000.0,65406000.0,114935000.0,109674000.0,87415000.0,93427000.0,46298000.0,57419000.0
20210409,-36299170.0,69983350.0,41318790.0,85919510.0,78284900.0,75602780.0,87655560.0,28558950.0,52805340.0,102812000.0,60631000.0,126156000.0,114912000.0,111026000.0,128759000.0,41918000.0,77609000.0
20210412,-26464290.0,72005420.0,48089970.0,91381140.0,88832290.0,64954100.0,74143070.0,26106170.0,43381490.0,110307000.0,73700000.0,139938000.0,136034000.0,99213000.0,113203000.0,39781000.0,66303000.0
20210413,23496310.0,49101600.0,65626130.0,81927600.0,88899380.0,82417250.0,77197650.0,52707910.0,34431200.0,73989000.0,98704000.0,123259000.0,133770000.0,123889000.0,116086000.0,79228000.0,51805000.0
20210414,9384490.0,55360800.0,54888180.0,85975280.0,95832370.0,78190580.0,66182920.0,38569760.0,41192930.0,81334000.0,80390000.0,126118000.0,140577000.0,114252000.0,96771000.0,56264000.0,60229000.0
20210415,10207400.0,38134800.0,50938920.0,70680080.0,68083360.0,59380790.0,59501020.0,33832290.0,23504660.0,55998000.0,74594000.0,103752000.0,99885000.0,87033000.0,87330000.0,49533000.0,34507000.0
20210416,-33311700.0,83409020.0,52733830.0,96220530.0,93584020.0,78342250.0,103304000.0,33486090.0,41836040.0,127276000.0,80360000.0,146743000.0,142636000.0,119347000.0,157505000.0,51011000.0,63876000.0
20210419,4545920.0,58775150.0,71187200.0,113596860.0,105730720.0,111470490.0,113382060.0,62832090.0,56374600.0,87630000.0,105265000.0,168715000.0,156743000.0,165251000.0,168586000.0,92938000.0,83940000.0
20210420,41109350.0,77452100.0,98643070.0,128626540.0,148544920.0,149936170.0,144623780.0,109079470.0,73282510.0,107364000.0,136363000.0,178397000.0,206047000.0,207878000.0,200281000.0,150847000.0,101797000.0
20210421,-20375980.0,61125990.0,54473550.0,96529290.0,82805750.0,82246640.0,85819120.0,31680910.0,48484410.0,84283000.0,75018000.0,133052000.0,114134000.0,113277000.0,118313000.0,43589000.0,66736000.0
20210422,9782610.0,69048170.0,75874950.0,117712930.0,120668760.0,116323470.0,131888230.0,76662140.0,51314770.0,93713000.0,102511000.0,159332000.0,163321000.0,157146000.0,178280000.0,103279000.0,69358000.0
20210423,31293470.0,74340580.0,97617550.0,133320540.0,141337040.0,158437970.0,152858170.0,96352710.0,70639040.0,94764000.0,124359000.0,169904000.0,180055000.0,202227000.0,194946000.0,122629000.0,90164000.0
20210426,-9009180.0,80518670.0,80465020.0,170690340.0,161734810.0,176074550.0,167087040.0,108161590.0,126158280.0,97774000.0,97266000.0,206758000.0,195759000.0,213246000.0,202105000.0,130337000.0,152984000.0
20210427,1246560.0,57745220.0,57551620.0,114864610.0,116304770.0,108309860.0,111382980.0,60150530.0,55830850.0,69477000.0,69143000.0,138117000.0,139750000.0,130048000.0,133785000.0,72195000.0,67160000.0
20210428,-4027490.0,65398530.0,58647530.0,122937800.0,125661310.0,93597450.0,105187620.0,66494070.0,58931390.0,77631000.0,69459000.0,145809000.0,149051000.0,110989000.0,124657000.0,78619000.0,69881000.0
20210429,-24606850.0,76569610.0,58259070.0,135966910.0,129670600.0,133460670.0,138104870.0,68947050.0,88909700.0,93314000.0,70929000.0,165454000.0,157646000.0,162050000.0,167853000.0,83553000.0,107943000.0
20210430,29134810.0,76833120.0,93235220.0,163518470.0,176251170.0,172768630.0,168595530.0,115432950.0,90471240.0,86998000.0,105508000.0,184980000.0,199609000.0,195456000.0,190876000.0,131258000.0,102698000.0
20210506,-42861710.0,99731880.0,67835330.0,180274070.0,169308900.0,168840620.0,165638970.0,80590580.0,126653940.0,114321000.0,77777000.0,206323000.0,194058000.0,192907000.0,189777000.0,91867000.0,143806000.0
20210507,-34100280.0,71970390.0,52159460.0,125346100.0,111056740.0,97119410.0,109358800.0,44455070.0,66315960.0,85357000.0,61727000.0,148583000.0,131564000.0,114941000.0,129595000.0,52502000.0,78497000.0
20210510,-6090200.0,51364410.0,46607610.0,97561470.0,96228060.0,77309020.0,80411930.0,32400990.0,35388280.0,62166000.0,56306000.0,118025000.0,116357000.0,93503000.0,97243000.0,39222000.0,43011000.0
20210511,-43884540.0,78557950.0,49979130.0,91472390.0,76166670.0,88802500.0,96019910.0,44192170.0,80859300.0,99960000.0,63452000.0,116265000.0,96767000.0,112929000.0,122036000.0,56240000.0,103139000.0
20210512,-1953610.0,40330770.0,44848170.0,80292590.0,73821590.0,59830860.0,60842370.0,25488370.0,26430470.0,49530000.0,55019000.0,98469000.0,90572000.0,73433000.0,74700000.0,31312000.0,32454000.0
20210513,-14464970.0,48581160.0,35425010.0,64200180.0,62891350.0,45481670.0,56199230.0,19292220.0,23039630.0,60918000.0,44362000.0,80379000.0,78724000.0,56966000.0,70434000.0,24166000.0,28909000.0
20210514,10981660.0,59210680.0,60187710.0,95429980.0,105434620.0,92158800.0,94401220.0,52885210.0,39661130.0,74420000.0,75030000.0,118992000.0,131385000.0,114624000.0,117734000.0,65782000.0,49669000.0
20210517,7486220.0,56677230.0,68345940.0,131782220.0,127599720.0,126149280.0,114369800.0,58382060.0,62675320.0,66391000.0,79993000.0,154379000.0,149429000.0,147856000.0,134106000.0,68484000.0,73582000.0
20210518,3759700.0,41024440.0,42445920.0,74028210.0,76366430.0,70179810.0,68517320.0,36172580.0,34075370.0,47699000.0,49303000.0,86009000.0,88697000.0,81484000.0,79577000.0,41984000.0,39598000.0
20210519,31437520.0,52131980.0,66866800.0,101739150.0,118441850.0,102942260.0,102536820.0,79003510.0,47971430.0,59516000.0,75912000.0,115918000.0,134646000.0,116938000.0,116657000.0,89261000.0,54418000.0
20210520,-33075380.0,74636800.0,54740740.0,128509040.0,115329730.0,105360530.0,103011980.0,34950340.0,70374270.0,85424000.0,62377000.0,146744000.0,131646000.0,120349000.0,117669000.0,39920000.0,80745000.0
20210521,20285310.0,75555070.0,72702580.0,133732610.0,156870410.0,153606050.0,147437100.0,76477530.0,62361170.0,84196000.0,80828000.0,148934000.0,174620000.0,170823000.0,163904000.0,84750000.0,69351000.0
20210524,-20593900.0,66499930.0,44943080.0,111900290.0,112863240.0,87324430.0,115818120.0,74698490.0,66798700.0,76411000.0,51468000.0,128447000.0,129288000.0,100186000.0,133060000.0,85579000.0,76806000.0
20210525,2216900.0,62054000.0,73098970.0,134890460.0,126062380.0,110988330.0,128045630.0,70282730.0,51008530.0,70839000.0,83080000.0,153710000.0,143382000.0,126285000.0,145833000.0,79607000.0,58147000.0
20210526,-45104740.0,64331480.0,43534170.0,113713830.0,89406390.0,82093210.0,101445710.0,33554450.0,59306690.0,73288000.0,49556000.0,129540000.0,101747000.0,93469000.0,115487000.0,38167000.0,67674000.0
20210527,26623420.0,53704600.0,56868640.0,103125520.0,126584880.0,107268090.0,115359460.0,94701950.0,59987160.0,60663000.0,64113000.0,116460000.0,142814000.0,121039000.0,130224000.0,106719000.0,67730000.0
20210528,8189430.0,81094110.0,81035760.0,151140030.0,159387810.0,153220540.0,154387730.0,95108530.0,85751910.0,87801000.0,87612000.0,163752000.0,172400000.0,165624000.0,167051000.0,102733000.0,92848000.0
20210531,23416680.0,70518630.0,78699130.0,138455150.0,153691340.0,148607600.0,146416130.0,102893340.0,81668130.0,74836000.0,83185000.0,146806000.0,162474000.0,156840000.0,154614000.0,108355000.0,86564000.0
20210601,-14827730.0,67812930.0,50428810.0,104790590.0,107346980.0,87128500.0,93556530.0,48209260.0,56608960.0,71296000.0,52915000.0,110134000.0,112759000.0,91524000.0,98424000.0,50715000.0,59571000.0
20210602,-23450390.0,66009400.0,50768840.0,100644880.0,92435050.0,80198100.0,94029000.0,30365030.0,39984520.0,69571000.0,53372000.0,105952000.0,97267000.0,84377000.0,98974000.0,31876000.0,42163000.0
20210603,-41373390.0,100582080.0,61315590.0,150596040.0,148489150.0,131266100.0,153285690.0,58448770.0,77802570.0,112582000.0,68691000.0,168518000.0,166152000.0,146940000.0,171568000.0,65396000.0,87025000.0
20210604,-41317010.0,85332360.0,52911860.0,140241660.0,131345140.0,122736250.0,136659340.0,116469360.0,143863280.0,100049000.0,61923000.0,164319000.0,153854000.0,143760000.0,160184000.0,136361000.0,168528000.0
20210607,-33585600.0,75907610.0,53214180.0,134832530.0,123940360.0,112025680.0,114953840.0,68643920.0,99301360.0,91948000.0,64449000.0,163312000.0,150101000.0,135642000.0,139181000.0,82969000.0,120141000.0
20210608,-15608480.0,52117160.0,43528910.0,98021960.0,91001740.0,75492990.0,87117970.0,46744720.0,50728220.0,62031000.0,51764000.0,116640000.0,108151000.0,89780000.0,103546000.0,55481000.0,60472000.0
20210609,6686810.0,45818840.0,48916740.0,85056980.0,88645900.0,73246340.0,81771920.0,51491440.0,36279050.0,54411000.0,57844000.0,100910000.0,104932000.0,86753000.0,97028000.0,60835000.0,43105000.0
20210610,66046540.0,83910990.0,120582720.0,194968800.0,224343600.0,239084980.0,242409010.0,191908800.0,122538230.0,90164000.0,130042000.0,209906000.0,241750000.0,257917000.0,260928000.0,207391000.0,132659000.0
20210611,16437680.0,92393540.0,99056000.0,187092700.0,196867920.0,238627510.0,215771490.0,193236820.0,199655160.0,94736000.0,101442000.0,191819000.0,201677000.0,244320000.0,220690000.0,197247000.0,204312000.0
20210615,-16982670.0,73632870.0,67332890.0,120825710.0,110143020.0,96123780.0,119637030.0,65662920.0,59132340.0,75207000.0,68654000.0,123365000.0,112380000.0,98037000.0,122075000.0,66890000.0,60390000.0
20210616,-9436490.0,79562370.0,68837690.0,133476680.0,134764880.0,126976180.0,139651650.0,84580180.0,81341200.0,86174000.0,74634000.0,144600000.0,145890000.0,137400000.0,151207000.0,91728000.0,88172000.0
20210617,12383260.0,49633910.0,55677030.0,93797980.0,100138130.0,102701650.0,101830120.0,60056500.0,48544770.0,53154000.0,59493000.0,100356000.0,107095000.0,109764000.0,108926000.0,64197000.0,51957000.0
20210618,35893340.0,58450780.0,80596050.0,116108680.0,129856740.0,122672920.0,132671730.0,111190790.0,65298640.0,59916000.0,82343000.0,118830000.0,132569000.0,125282000.0,135381000.0,112993000.0,66728000.0
20210621,13432460.0,68704790.0,61237120.0,119935400.0,140835530.0,133120460.0,133343080.0,112706250.0,99051170.0,67721000.0,60301000.0,118242000.0,138833000.0,131337000.0,131512000.0,110851000.0,97504000.0
20210622,-19509340.0,53394830.0,46340680.0,107778560.0,95323380.0,89544280.0,89307780.0,43640500.0,63386340.0,52438000.0,45401000.0,105839000.0,93480000.0,87933000.0,87647000.0,42798000.0,62479000.0
20210623,-2381570.0,52599620.0,52473700.0,123418940.0,121163300.0,111623350.0,120118850.0,76631960.0,70518030.0,50665000.0,50367000.0,118608000.0,116417000.0,107262000.0,115522000.0,73676000.0,67906000.0
20210624,14204130.0,57554580.0,67243670.0,129391540.0,133906580.0,180107410.0,166489910.0,127614750.0,127028120.0,53610000.0,62468000.0,120365000.0,124603000.0,167314000.0,154576000.0,118534000.0,118176000.0
20210625,4207790.0,50927840.0,61128130.0,126171420.0,120178910.0,122013000.0,122580860.0,80548920.0,75773270.0,46097000.0,55235000.0,114191000.0,108710000.0,110414000.0,110928000.0,72806000.0,68634000.0
20210628,-6336090.0,57905060.0,42635680.0,102504300.0,111437590.0,101302330.0,112232200.0,66315740.0,61721960.0,52844000.0,38798000.0,93437000.0,101536000.0,92328000.0,102304000.0,60345000.0,56316000.0
20210629,18024560.0,68063780.0,75694850.0,125796380.0,136189870.0,156136740.0,143477340.0,97351280.0,91986120.0,59227000.0,65911000.0,109528000.0,118530000.0,135926000.0,124986000.0,84782000.0,80036000.0
20210630,-15471120.0,50258350.0,43693560.0,92761980.0,83855650.0,96813930.0,92832160.0,54665760.0,74118650.0,43813000.0,37974000.0,80793000.0,72975000.0,84277000.0,80846000.0,47504000.0,64592000.0
20210701,-40641880.0,90737800.0,63860880.0,127873230.0,114108270.0,129331670.0,122997540.0,58574400.0,105550410.0,82539000.0,57894000.0,116271000.0,103679000.0,117578000.0,111791000.0,53252000.0,96277000.0
20210702,-32455930.0,80144090.0,54065250.0,134820590.0,128443500.0,125166400.0,146512950.0,69476530.0,80585910.0,75447000.0,50794000.0,126921000.0,120781000.0,117976000.0,137953000.0,65293000.0,76108000.0
20210705,-1504500.0,49578990.0,56938610.0,117059710.0,108195580.0,98614760.0,104812280.0,60047910.0,55354890.0,46439000.0,53227000.0,109587000.0,101194000.0,92271000.0,98022000.0,56044000.0,51897000.0
20210706,-21577420.0,63416810.0,47743060.0,120015460.0,114111800.0,105047760.0,100032850.0,52328260.0,78920590.0,60612000.0,45478000.0,114734000.0,108780000.0,100307000.0,95717000.0,49901000.0,75580000.0
20210707,74476640.0,56956110.0,90914230.0,129850570.0,170369100.0,168349670.0,156396990.0,136746260.0,74222300.0,52000000.0,82286000.0,117924000.0,154849000.0,152117000.0,141102000.0,123250000.0,67054000.0
20210708,39938360.0,65206930.0,92033880.0,154013520.0,167124920.0,196139750.0,180356040.0,138713050.0,114558400.0,55109000.0,77673000.0,129877000.0,140967000.0,165363000.0,152068000.0,117090000.0,96730000.0
20210709,361530.0,67995650.0,63164790.0,126427280.0,131619670.0,120109030.0,129224720.0,83898260.0,74421040.0,58398000.0,54160000.0,108661000.0,112826000.0,103042000.0,110981000.0,71792000.0,63927000.0
20210712,16101680.0,63150700.0,67544230.0,118176360.0,129884500.0,137003560.0,144657290.0,102740430.0,78985020.0,53263000.0,56778000.0,99493000.0,109256000.0,115055000.0,121571000.0,86129000.0,66336000.0
20210713,-16105070.0,58894660.0,53575660.0,116432230.0,105646170.0,110398790.0,113145410.0,65124830.0,78483280.0,48988000.0,44455000.0,96740000.0,87711000.0,91571000.0,93912000.0,54009000.0,65230000.0
20210714,14778390.0,65144080.0,71894230.0,114008620.0,122036860.0,165407980.0,140348730.0,93798050.0,104078910.0,53105000.0,58354000.0,92791000.0,99132000.0,134114000.0,113883000.0,75945000.0,84586000.0
20210715,33479270.0,74869290.0,85471660.0,142388210.0,165265120.0,173705350.0,168977190.0,146888990.0,118137880.0,58861000.0,67146000.0,111817000.0,129667000.0,136241000.0,132617000.0,115002000.0,92492000.0
20210716,-35511980.0,82429920.0,69097740.0,146300510.0,124120710.0,138708060.0,146712600.0,82032530.0,109539970.0,63393000.0,52820000.0,112204000.0,94970000.0,106105000.0,112346000.0,62865000.0,84430000.0
20210719,983030.0,63294900.0,58184650.0,96244550.0,102337820.0,94108110.0,98721820.0,58468340.0,52871600.0,49120000.0,45131000.0,74798000.0,79450000.0,73050000.0,76593000.0,45208000.0,41001000.0
20210720,-23860250.0,74201960.0,55354280.0,99027210.0,94014650.0,100285660.0,103201270.0,66472470.0,87417110.0,59352000.0,44182000.0,79119000.0,75009000.0,80017000.0,82496000.0,53039000.0,69840000.0
20210721,41209680.0,56138200.0,81206970.0,141190830.0,157331730.0,157813210.0,156275910.0,169276320.0,129603940.0,41723000.0,60377000.0,104624000.0,116649000.0,117469000.0,116103000.0,125460000.0,96148000.0
20210722,11687230.0,48136670.0,62787360.0,122256700.0,119293240.0,118391530.0,136034170.0,132852580.0,103522710.0,34288000.0,44607000.0,86989000.0,84816000.0,84145000.0,96736000.0,94259000.0,73524000.0
20210723,-16039180.0,71516740.0,42605270.0,142685600.0,155557900.0,109083120.0,108916060.0,62720280.0,78926520.0,51506000.0,30610000.0,102694000.0,111872000.0,78449000.0,78379000.0,45103000.0,56891000.0
20210726,-5655700.0,62309180.0,62702770.0,169592490.0,163543200.0,163515200.0,170559570.0,114239780.0,112851110.0,44630000.0,44640000.0,121296000.0,116634000.0,116779000.0,122063000.0,81275000.0,80642000.0
20210727,-69478770.0,102480980.0,56958820.0,196873090.0,172916490.0,224117280.0,238356810.0,139614880.0,194854120.0,75772000.0,41690000.0,144866000.0,126785000.0,165667000.0,176040000.0,104019000.0,145808000.0
20210728,-1314080.0,69270170.0,64241590.0,125463460.0,129177960.0,168629670.0,173739810.0,130103300.0,126307240.0,54465000.0,50315000.0,98602000.0,101387000.0,132444000.0,136468000.0,102210000.0,99551000.0
20210729,121934650.0,60913400.0,104287430.0,157147960.0,235708590.0,248349740.0,275972220.0,402551700.0,252994570.0,42543000.0,71403000.0,109344000.0,161951000.0,170457000.0,188808000.0,269595000.0,169776000.0
20210730,-23291390.0,110854250.0,92613200.0,231067050.0,226016710.0,331198950.0,332173730.0,283790120.0,306106730.0,66319000.0,55490000.0,138434000.0,135405000.0,198258000.0,198966000.0,170427000.0,183578000.0
20210802,-108180510.0,135185060.0,73845260.0,244260810.0,197420120.0,283467390.0,325158520.0,191659700.0,258149080.0,84041000.0,45723000.0,151836000.0,122481000.0,175817000.0,201829000.0,118549000.0,160209000.0
20210803,-168854600.0,162192680.0,64942890.0,280300490.0,208695690.0,326752760.0,373151130.0,200571550.0,323027780.0,110778000.0,44258000.0,191932000.0,142740000.0,223955000.0,254656000.0,137024000.0,222035000.0
20210804,34327930.0,90409820.0,94611740.0,211947330.0,242073350.0,270623930.0,289158370.0,209751880.0,156889510.0,60221000.0,62872000.0,141075000.0,160743000.0,180083000.0,192815000.0,139456000.0,104406000.0
20210805,-15808710.0,90403120.0,69271190.0,172970320.0,178293550.0,209122430.0,222772240.0,125225590.0,127384490.0,60236000.0,45867000.0,115096000.0,118314000.0,138793000.0,147957000.0,82983000.0,84970000.0
20210806,-10494470.0,83081500.0,88140500.0,205201820.0,189648350.0,238967710.0,234433230.0,121856610.0,136885560.0,52485000.0,55418000.0,129372000.0,119414000.0,150406000.0,147665000.0,76326000.0,86092000.0
20210809,-15452250.0,86168770.0,67026860.0,164506800.0,168196470.0,186435360.0,194162360.0,116671470.0,124396720.0,55628000.0,43017000.0,106075000.0,108202000.0,119747000.0,124873000.0,74479000.0,79838000.0
20210810,-39958620.0,107308900.0,81088780.0,212230210.0,198491700.0,233669900.0,241103900.0,115097690.0,147622310.0,68053000.0,50701000.0,134128000.0,124900000.0,147053000.0,152239000.0,72289000.0,93682000.0
20210811,-14642910.0,81143890.0,65290180.0,158902930.0,160113730.0,164127790.0,167450980.0,90109300.0,101429020.0,52601000.0,42116000.0,102897000.0,103512000.0,106106000.0,108353000.0,58174000.0,65797000.0
20210812,-35711090.0,84917080.0,65002230.0,128601980.0,112805730.0,114148800.0,122751700.0,63779810.0,90888000.0,56459000.0,43144000.0,85480000.0,74916000.0,75778000.0,81513000.0,42322000.0,60466000.0
20210813,-82275670.0,122108480.0,69535420.0,214531160.0,184828550.0,206362840.0,243169780.0,98416110.0,143884840.0,84268000.0,47685000.0,148073000.0,127231000.0,142487000.0,168107000.0,67823000.0,99629000.0
20210816,-45810370.0,75057280.0,57331680.0,147509080.0,119424300.0,109472850.0,138505650.0,60585690.0,77363260.0,53009000.0,40325000.0,104155000.0,84135000.0,77122000.0,97715000.0,42587000.0,54696000.0
20210817,-33345760.0,77101670.0,90263930.0,214999590.0,168491570.0,169135680.0,169762380.0,97322950.0,130042010.0,52967000.0,61841000.0,147788000.0,115578000.0,116015000.0,116656000.0,66805000.0,89500000.0
20210818,-150950580.0,147973390.0,67216230.0,270814750.0,200621320.0,250378320.0,316920350.0,159433170.0,243841720.0,107491000.0,48566000.0,196595000.0,145289000.0,181602000.0,229416000.0,115867000.0,178285000.0
20210819,32080420.0,85653830.0,86481270.0,141776140.0,173029140.0,141687590.0,157715550.0,126420820.0,78312440.0,63718000.0,63949000.0,105096000.0,127850000.0,104659000.0,116512000.0,92957000.0,58119000.0
20210820,12122370.0,73155080.0,78063440.0,152240530.0,159454550.0,138127210.0,137145350.0,87054940.0,75914430.0,52689000.0,56106000.0,109595000.0,114649000.0,99295000.0,98646000.0,62392000.0,54570000.0
20210823,40972560.0,71977480.0,85231020.0,168294400.0,196013420.0,188439460.0,176465030.0,126331350.0,97333220.0,51637000.0,60594000.0,120163000.0,139658000.0,133890000.0,125803000.0,89593000.0,69228000.0
20210824,28773450.0,94665550.0,100121100.0,208331530.0,231649430.0,239450650.0,203085100.0,125523160.0,133115260.0,63411000.0,66978000.0,139306000.0,154885000.0,159888000.0,135684000.0,83877000.0,88936000.0
20210825,25296800.0,63960260.0,77216760.0,143967670.0,156007960.0,164963250.0,171304510.0,124374870.0,92736810.0,42654000.0,51294000.0,95934000.0,103689000.0,109480000.0,113722000.0,82275000.0,61638000.0
20210826,13622980.0,80387640.0,71186940.0,153251320.0,176075000.0,177418140.0,181462440.0,136703390.0,119036110.0,51836000.0,45563000.0,98581000.0,112888000.0,113677000.0,116459000.0,87364000.0,76549000.0
20210827,-35464870.0,67998120.0,44295730.0,132850600.0,121088120.0,118768140.0,157581850.0,88693330.0,85344490.0,45515000.0,29556000.0,88836000.0,80886000.0,79424000.0,105470000.0,59277000.0,57140000.0
20210830,90233730.0,100421450.0,125448450.0,212883910.0,278090640.0,293446350.0,312116260.0,348998980.0,240095340.0,64274000.0,79710000.0,136247000.0,177545000.0,187769000.0,200716000.0,224223000.0,154541000.0
20210831,-32174140.0,82093090.0,67603530.0,147852440.0,130167860.0,152397750.0,156108800.0,72516140.0,100979230.0,52167000.0,42897000.0,93939000.0,82601000.0,96801000.0,99187000.0,46023000.0,64245000.0
20210901,-74364440.0,112709640.0,55795080.0,190453350.0,173003470.0,170434360.0,225608340.0,116528180.0,135718640.0,77062000.0,38068000.0,130393000.0,118273000.0,116863000.0,154180000.0,79546000.0,93341000.0
20210902,-36373760.0,68528420.0,50875020.0,140211140.0,121490760.0,120251780.0,147258140.0,87561070.0,96928470.0,47937000.0,35429000.0,97972000.0,84795000.0,83932000.0,102824000.0,61048000.0,67840000.0
20210903,-21693340.0,72997060.0,64005710.0,149288310.0,136586320.0,152360730.0,148624380.0,67867250.0,93296940.0,50718000.0,44031000.0,103397000.0,94287000.0,104939000.0,102710000.0,46844000.0,64870000.0
20210906,-15499000.0,78731930.0,51428960.0,146896290.0,158700260.0,152847480.0,154510150.0,71818370.0,85654700.0,57791000.0,37507000.0,107597000.0,116072000.0,112029000.0,113300000.0,52543000.0,63080000.0
20210907,-2559050.0,59422350.0,53559620.0,118880040.0,122183730.0,116714180.0,130734530.0,99233550.0,87772250.0,42775000.0,38355000.0,85438000.0,87661000.0,83855000.0,94005000.0,71212000.0,63259000.0
20210908,-24151640.0,78604940.0,59299390.0,134471180.0,129625100.0,120018010.0,146657200.0,81434470.0,78946920.0,56103000.0,41968000.0,95559000.0,91939000.0,84940000.0,104366000.0,57930000.0,56260000.0
20210909,-9705010.0,73175330.0,61946990.0,119431670.0,120954990.0,109380950.0,112822420.0,73183420.0,79446960.0,54286000.0,45763000.0,88341000.0,89367000.0,80761000.0,83431000.0,54178000.0,59005000.0
20210910,47894730.0,60725230.0,84975320.0,133734640.0,157379270.0,171450010.0,171797370.0,124680650.0,76438560.0,42935000.0,59831000.0,94476000.0,110900000.0,120575000.0,121068000.0,87474000.0,53660000.0
20210913,-51836240.0,98895600.0,55567180.0,152108110.0,143600300.0,106886530.0,121933020.0,57771530.0,94561280.0,72375000.0,40647000.0,111274000.0,105067000.0,78167000.0,89118000.0,42240000.0,69224000.0
20210914,8155940.0,54803940.0,49258450.0,102705400.0,116406830.0,102459610.0,105190620.0,62986790.0,52099840.0,40516000.0,36278000.0,75825000.0,85852000.0,75568000.0,77630000.0,46386000.0,38535000.0
20210915,20689690.0,50398530.0,61533510.0,112388430.0,121943140.0,108467600.0,109815150.0,79894640.0,57857400.0,36480000.0,44446000.0,81327000.0,88169000.0,78369000.0,79345000.0,57649000.0,41865000.0
20210916,-77374030.0,119770360.0,57717020.0,136444220.0,121123520.0,120026540.0,155741510.0,80753980.0,122413040.0,91906000.0,44284000.0,104670000.0,92851000.0,92243000.0,119464000.0,62271000.0,94490000.0
20210917,-11141290.0,81709870.0,65679990.0,100397580.0,105286170.0,93498780.0,114574260.0,85885920.0,75951730.0,65678000.0,52738000.0,80608000.0,84438000.0,75106000.0,91977000.0,68695000.0,60934000.0
20210922,-7323090.0,55651270.0,47781370.0,77584250.0,78131050.0,59391340.0,87497820.0,55048610.0,34265220.0,44033000.0,37660000.0,61321000.0,61664000.0,46912000.0,69226000.0,43448000.0,27165000.0
20210923,46370540.0,58196380.0,86700550.0,97168590.0,115034970.0,127970350.0,94551410.0,62161650.0,49210050.0,45287000.0,67297000.0,75581000.0,89454000.0,99293000.0,73381000.0,48204000.0,38234000.0
20210924,102974810.0,71080260.0,111522620.0,147280020.0,209812470.0,224048160.0,174749030.0,153516070.0,99840390.0,51859000.0,81171000.0,107160000.0,152013000.0,162414000.0,126402000.0,110602000.0,72449000.0
20210927,34196120.0,69415030.0,100856980.0,180929590.0,183683750.0,189374650.0,186273540.0,142057430.0,110962420.0,47962000.0,69384000.0,124852000.0,126339000.0,130152000.0,128049000.0,97328000.0,76521000.0
20210928,-29076770.0,64753180.0,52099560.0,122772490.0,106349350.0,114803770.0,121307480.0,59889320.0,82462380.0,44612000.0,35803000.0,84512000.0,73097000.0,78947000.0,83384000.0,41100000.0,56887000.0
20210929,15630880.0,79799440.0,84763800.0,153062920.0,163729440.0,161226030.0,159048860.0,111042710.0,97589000.0,53627000.0,56926000.0,102892000.0,110046000.0,108318000.0,106736000.0,74455000.0,65584000.0
20210930,-18442840.0,62522260.0,49655390.0,118372750.0,112796780.0,104272380.0,107312910.0,75270620.0,90672930.0,42396000.0,33544000.0,80142000.0,76264000.0,70560000.0,72650000.0,50836000.0,61478000.0
20211008,22481420.0,48393400.0,55697140.0,103685100.0,118862770.0,115046800.0,101856220.0,74273900.0,64983060.0,32736000.0,37468000.0,69985000.0,80071000.0,77373000.0,68644000.0,49966000.0,43878000.0
20211011,-48882620.0,94888920.0,53756110.0,145313050.0,137563250.0,139044610.0,153330810.0,69896690.0,104493110.0,65792000.0,37026000.0,100649000.0,94946000.0,96275000.0,106057000.0,47962000.0,72648000.0
20211012,-819780.0,61299930.0,62431990.0,120271730.0,118319890.0,102574180.0,106851340.0,65371170.0,61913790.0,42992000.0,43666000.0,84272000.0,82871000.0,71689000.0,74777000.0,45789000.0,43428000.0
20211013,35939430.0,57342400.0,81845850.0,129347210.0,140783180.0,141660370.0,131048350.0,124733720.0,99406310.0,38218000.0,54588000.0,86223000.0,93764000.0,94356000.0,87265000.0,82806000.0,65986000.0
20211014,18944460.0,81642350.0,89993250.0,160766360.0,171359910.0,166655860.0,175653980.0,152564520.0,124621940.0,52542000.0,57681000.0,103292000.0,109791000.0,106981000.0,112733000.0,97657000.0,80266000.0
20211015,14570440.0,61323320.0,67151920.0,113186940.0,121928790.0,139983970.0,118205180.0,74432860.0,81641210.0,39404000.0,43028000.0,72661000.0,78122000.0,89793000.0,75760000.0,47685000.0,52634000.0
20211018,17395400.0,58531740.0,63734280.0,118418360.0,130611210.0,109392370.0,127058150.0,84598300.0,49537120.0,36644000.0,39788000.0,74075000.0,81578000.0,68361000.0,79368000.0,52630000.0,30975000.0
20211019,-36741220.0,68513790.0,43638740.0,113926250.0,102060080.0,107694190.0,107778470.0,66158990.0,102815930.0,42851000.0,27194000.0,71138000.0,63681000.0,67230000.0,67290000.0,41249000.0,64303000.0
20211020,8198000.0,80964570.0,76324740.0,127344720.0,140182560.0,122498310.0,130594570.0,88746240.0,72451980.0,49884000.0,46880000.0,78331000.0,86114000.0,75175000.0,80209000.0,54432000.0,44618000.0
20211021,-23454720.0,66501240.0,45596650.0,96676590.0,94126460.0,82884630.0,84064980.0,60755840.0,83030210.0,41776000.0,28542000.0,60656000.0,58998000.0,51971000.0,52752000.0,38062000.0,52173000.0
20211022,-7216800.0,47251600.0,40535740.0,71871200.0,71370270.0,57477160.0,70322220.0,51225090.0,45596830.0,29888000.0,25578000.0,45432000.0,45087000.0,36299000.0,44438000.0,32352000.0,28868000.0
20211025,38357390.0,99165010.0,118036170.0,186229090.0,205715330.0,273410320.0,220359000.0,193131740.0,207825670.0,58339000.0,69416000.0,109607000.0,120913000.0,160784000.0,129461000.0,113465000.0,122405000.0
20211026,-6752160.0,72720070.0,71090190.0,110091040.0,104968770.0,101025460.0,106446950.0,66940960.0,68271630.0,42461000.0,41415000.0,64232000.0,61179000.0,58927000.0,62115000.0,38931000.0,39841000.0
20211027,-12000410.0,80538460.0,71918810.0,119854210.0,116473450.0,123468590.0,136787110.0,84329880.0,83011770.0,46079000.0,41043000.0,68526000.0,66506000.0,70496000.0,78135000.0,48033000.0,47450000.0
20211028,-20339760.0,68767970.0,52857170.0,102125980.0,97697030.0,87988260.0,101924710.0,53145100.0,59548410.0,39947000.0,30592000.0,59246000.0,56612000.0,51020000.0,59193000.0,30748000.0,34565000.0
20211029,-89880640.0,163018450.0,94653310.0,256114360.0,234598870.0,287448910.0,293548690.0,225823430.0,309604290.0,102547000.0,59210000.0,160650000.0,147117000.0,180076000.0,183711000.0,140873000.0,194107000.0
20211101,1873650.0,91570200.0,96105520.0,164244130.0,161582470.0,156990650.0,171792880.0,96662300.0,79986420.0,55929000.0,58436000.0,100005000.0,98297000.0,95392000.0,104519000.0,58767000.0,48843000.0
20211102,-21625610.0,75618250.0,60967920.0,117256560.0,110281280.0,114406370.0,101917340.0,48084080.0,82198720.0,46903000.0,37696000.0,72657000.0,68244000.0,70843000.0,63157000.0,29778000.0,51084000.0
20211103,-65120940.0,111110660.0,51612980.0,139075620.0,133452360.0,106187200.0,153807710.0,67370450.0,84870880.0,71599000.0,33210000.0,89616000.0,86001000.0,68389000.0,99067000.0,43502000.0,54827000.0
20211104,32207650.0,64968450.0,76123310.0,92361050.0,113413830.0,102810740.0,92037420.0,67310550.0,45876220.0,41102000.0,48098000.0,58402000.0,71712000.0,64952000.0,58189000.0,42591000.0,29048000.0
20211105,-8666290.0,61896450.0,52575020.0,84415200.0,85070350.0,75384250.0,73615060.0,33288280.0,43723760.0,39536000.0,33466000.0,53912000.0,54286000.0,48057000.0,46969000.0,21209000.0,27993000.0
20211108,10825910.0,55378450.0,60124930.0,94668400.0,100747830.0,92897140.0,80740060.0,43946570.0,45277740.0,35018000.0,37899000.0,59790000.0,63559000.0,58520000.0,50941000.0,27668000.0,28597000.0
20211109,10349110.0,62065070.0,72537980.0,110064870.0,109941060.0,108759530.0,106225340.0,60300380.0,52485460.0,38543000.0,44905000.0,68142000.0,67997000.0,67199000.0,65726000.0,37253000.0,32510000.0
20211110,-10227900.0,54476200.0,47757110.0,78167360.0,74658550.0,58346490.0,60457220.0,30050670.0,38167840.0,34529000.0,30234000.0,49502000.0,47238000.0,36893000.0,38280000.0,19009000.0,24181000.0
20211111,17253970.0,53543860.0,59435610.0,85250280.0,96612500.0,80195510.0,81198680.0,61172620.0,42915480.0,33343000.0,36846000.0,52990000.0,59998000.0,49661000.0,50411000.0,37858000.0,26597000.0
20211112,-5369870.0,49164400.0,42602470.0,72993550.0,74185600.0,63710610.0,63205100.0,39122920.0,44998300.0,30387000.0,26284000.0,45076000.0,45795000.0,39308000.0,39032000.0,24151000.0,27811000.0
20211115,-84360480.0,102784470.0,49110480.0,150216960.0,119530470.0,91986710.0,119647200.0,37896130.0,94596120.0,67640000.0,32248000.0,98835000.0,78581000.0,60467000.0,78773000.0,24992000.0,62333000.0
20211116,-7807400.0,68660680.0,38479050.0,88429010.0,110803240.0,92957520.0,87795390.0,34860900.0,47830430.0,46597000.0,26060000.0,59996000.0,75173000.0,63119000.0,59586000.0,23646000.0,32539000.0
20211117,17845870.0,51855540.0,56985950.0,86856600.0,99572060.0,81000980.0,81028880.0,54434020.0,36560250.0,34763000.0,38062000.0,58094000.0,66633000.0,54096000.0,54212000.0,36448000.0,24495000.0
20211118,-15672340.0,52555710.0,44749450.0,66490960.0,58624870.0,41774950.0,53294930.0,26863480.0,31015840.0,35166000.0,29922000.0,44471000.0,39175000.0,27928000.0,35659000.0,17941000.0,20750000.0
20211119,14171800.0,46597420.0,48948310.0,76883950.0,88704860.0,69632520.0,68750350.0,60451970.0,47162340.0,31103000.0,32543000.0,51213000.0,59045000.0,46260000.0,45718000.0,40061000.0,31331000.0
20211122,40134680.0,64213960.0,72474790.0,94864340.0,126738200.0,111445550.0,104210660.0,106367190.0,73467400.0,40696000.0,45958000.0,60157000.0,80377000.0,70663000.0,66107000.0,67583000.0,46658000.0
20211123,-5719830.0,50994340.0,54541710.0,100744770.0,91477580.0,69400080.0,87451210.0,38925250.0,26593950.0,32417000.0,34577000.0,63965000.0,58059000.0,43980000.0,55517000.0,24691000.0,16900000.0
20211124,-42179590.0,56262240.0,35299640.0,90324500.0,69107510.0,58233660.0,66085810.0,21634710.0,55962150.0,36611000.0,22886000.0,58706000.0,44873000.0,37803000.0,42951000.0,14085000.0,36496000.0
20211125,-14035630.0,54158140.0,45898370.0,81866040.0,76090180.0,57689900.0,61132680.0,20253020.0,30845870.0,36162000.0,30610000.0,54624000.0,50725000.0,38477000.0,40804000.0,13531000.0,20655000.0
20211126,17584800.0,37241350.0,47233650.0,59537270.0,67129760.0,56244030.0,56185440.0,37239490.0,19713280.0,24569000.0,31117000.0,39263000.0,44227000.0,37028000.0,37015000.0,24492000.0,12992000.0
20211129,18298570.0,67782760.0,73573210.0,114119780.0,126627910.0,140410620.0,121971980.0,68532000.0,68672070.0,42720000.0,46358000.0,71903000.0,79773000.0,88578000.0,76846000.0,43201000.0,43425000.0
20211130,11895280.0,54624550.0,63540860.0,89696660.0,92675640.0,90872980.0,92498870.0,55072670.0,41551500.0,34452000.0,39906000.0,56466000.0,58217000.0,57087000.0,58177000.0,34336000.0,26040000.0
20211201,25452320.0,43113170.0,52869790.0,69589990.0,85285680.0,78900660.0,60103400.0,43831780.0,37176720.0,26992000.0,33065000.0,43538000.0,53336000.0,49350000.0,37582000.0,27356000.0,23254000.0
20211202,-12938750.0,41431780.0,34000120.0,58860390.0,53353310.0,47341780.0,45519580.0,16892970.0,31653920.0,26136000.0,21393000.0,37089000.0,33598000.0,29796000.0,28688000.0,10645000.0,19988000.0
20211203,-38419610.0,92515520.0,53420350.0,113158950.0,113834510.0,84724930.0,104121790.0,48303440.0,67326190.0,60522000.0,34963000.0,74025000.0,74378000.0,55376000.0,68133000.0,31636000.0,44085000.0
20211206,-13258670.0,48346250.0,36187100.0,67776110.0,66676600.0,39046220.0,50264650.0,24474470.0,26514710.0,31901000.0,23851000.0,44685000.0,43941000.0,25731000.0,33128000.0,16141000.0,17537000.0
20211207,-41389410.0,54431810.0,34204350.0,94316610.0,73154660.0,54789690.0,71870480.0,28641960.0,52950580.0,36927000.0,23123000.0,63962000.0,49574000.0,37109000.0,48813000.0,19374000.0,35862000.0
20211208,2781880.0,46661970.0,38676950.0,72430430.0,83197330.0,58781870.0,64860680.0,50021570.0,41160880.0,31245000.0,25832000.0,48448000.0,55639000.0,39285000.0,43372000.0,33393000.0,27527000.0
20211209,-30637820.0,57489280.0,28761640.0,84101570.0,82191390.0,56666630.0,93999820.0,45375500.0,38680130.0,38730000.0,19359000.0,56633000.0,55281000.0,38133000.0,63321000.0,30529000.0,26065000.0
20211210,-26010960.0,66914940.0,52438100.0,110789040.0,99254920.0,83188060.0,97573470.0,57440560.0,69066110.0,44723000.0,35013000.0,74010000.0,66314000.0,55530000.0,65229000.0,38355000.0,46061000.0
20211213,-22924960.0,61734190.0,41853100.0,98453210.0,95409350.0,73051280.0,70927460.0,34805480.0,59854260.0,41464000.0,28032000.0,66013000.0,63938000.0,48905000.0,47565000.0,23313000.0,40159000.0
20211214,5834160.0,37016170.0,32164070.0,60412600.0,71098850.0,58131760.0,43861960.0,21944570.0,30380210.0,24916000.0,21612000.0,40618000.0,47810000.0,39070000.0,29477000.0,14748000.0,20454000.0
20211215,-17788780.0,44058400.0,34936540.0,79572620.0,70905710.0,59087270.0,72139720.0,35437540.0,40173870.0,29516000.0,23363000.0,53274000.0,47449000.0,39520000.0,48296000.0,23692000.0,26894000.0
20211216,13085580.0,43915230.0,52180790.0,96379400.0,101199430.0,86865740.0,71802300.0,54375160.0,56353020.0,28970000.0,34404000.0,63566000.0,66732000.0,57301000.0,47362000.0,35864000.0,37203000.0
20211217,-21344250.0,69742500.0,42584710.0,107869180.0,113682720.0,79365950.0,82053500.0,35727350.0,54384050.0,47101000.0,28768000.0,72778000.0,76713000.0,53637000.0,55404000.0,24204000.0,36836000.0
20211220,-47788420.0,88128720.0,54701270.0,146020320.0,131659350.0,116740180.0,133528420.0,59158190.0,90158370.0,63608000.0,39498000.0,105458000.0,95144000.0,84471000.0,96496000.0,42783000.0,65182000.0
20211221,-15617220.0,91780910.0,72513030.0,126876990.0,130527660.0,115190090.0,130620360.0,61675790.0,61862740.0,69375000.0,54555000.0,95578000.0,98167000.0,86692000.0,98397000.0,46313000.0,46840000.0
20211222,8889020.0,37215930.0,45433670.0,80733970.0,81405270.0,70187500.0,66295570.0,45186900.0,40189810.0,27367000.0,33305000.0,59307000.0,59776000.0,51556000.0,48776000.0,33163000.0,29535000.0
20211223,16390790.0,39500520.0,52650260.0,113367350.0,116608400.0,77723920.0,63364850.0,31101770.0,29070050.0,28107000.0,37430000.0,80553000.0,82835000.0,55263000.0,45041000.0,22097000.0,20714000.0
20211224,-50642500.0,63055530.0,35180020.0,94072950.0,71305970.0,57694470.0,73847310.0,25482260.0,59971920.0,46376000.0,25689000.0,69090000.0,52271000.0,42362000.0,54350000.0,18718000.0,44237000.0
20211227,764870.0,43847900.0,38184940.0,60352030.0,66779860.0,41727270.0,53978980.0,43089590.0,30073010.0,32525000.0,28266000.0,44752000.0,49469000.0,30937000.0,40009000.0,31838000.0,22308000.0
20211228,12986790.0,35626940.0,52034260.0,81351600.0,77931090.0,53163930.0,44089010.0,20030990.0,16119120.0,26140000.0,38057000.0,59538000.0,56932000.0,38790000.0,32229000.0,14602000.0,11851000.0
20211229,282150.0,32833040.0,36779340.0,59972140.0,56307980.0,52278150.0,46632960.0,26467630.0,31830670.0,23496000.0,26257000.0,42878000.0,40218000.0,37308000.0,33329000.0,18916000.0,22794000.0
20211230,15580970.0,32283800.0,44826050.0,66317030.0,69355750.0,51176950.0,49550920.0,30457940.0,16503000.0,22854000.0,31659000.0,46883000.0,49001000.0,36125000.0,34993000.0,21449000.0,11659000.0
20211231,38091500.0,60419520.0,64710680.0,92838990.0,126639340.0,113147120.0,108814000.0,87680120.0,53921740.0,40898000.0,43625000.0,62687000.0,85449000.0,76198000.0,73390000.0,59119000.0,36438000.0
20220104,-21464920.0,69840680.0,47387600.0,122009920.0,122998060.0,93314600.0,101556130.0,48147330.0,61370720.0,50577000.0,34266000.0,88373000.0,89040000.0,67539000.0,73509000.0,34772000.0,44446000.0
20220105,-37972640.0,92145350.0,60017570.0,122057040.0,116212170.0,90203310.0,109818880.0,40288890.0,58645960.0,70870000.0,46134000.0,93854000.0,89267000.0,69423000.0,84500000.0,30969000.0,45215000.0
20220106,4830690.0,46400780.0,50166000.0,59629730.0,60695200.0,57203780.0,54967850.0,31956310.0,29361550.0,35997000.0,38828000.0,46272000.0,47010000.0,44272000.0,42630000.0,24681000.0,22753000.0
20220107,-17579660.0,55481580.0,45126550.0,70664760.0,63440130.0,51537600.0,60751910.0,33691490.0,42056840.0,43358000.0,35079000.0,55092000.0,49448000.0,40142000.0,47414000.0,26213000.0,32865000.0
20220110,-30620900.0,61783450.0,43199830.0,77044950.0,65007670.0,46955960.0,54874720.0,29018870.0,51721010.0,49437000.0,34511000.0,61644000.0,51978000.0,37521000.0,43917000.0,23223000.0,41419000.0
20220111,-21197640.0,71037750.0,39692270.0,86299850.0,96447680.0,60024370.0,95660620.0,51245250.0,36806640.0,58371000.0,32507000.0,70916000.0,79247000.0,49257000.0,78550000.0,42044000.0,30284000.0
20220112,18737250.0,50640960.0,63173920.0,77162400.0,83366690.0,75921550.0,72500080.0,51013090.0,35697310.0,40961000.0,50983000.0,62398000.0,67360000.0,61368000.0,58619000.0,41054000.0,28819000.0
20220113,-4951130.0,41455210.0,41179120.0,55284840.0,50609790.0,48197630.0,40076450.0,17634450.0,30706760.0,33495000.0,33196000.0,44631000.0,40814000.0,38868000.0,32389000.0,14234000.0,24829000.0
20220114,-9157490.0,46972510.0,39067170.0,57074210.0,55822060.0,49854770.0,52473400.0,30139160.0,36678020.0,38030000.0,31572000.0,46196000.0,45186000.0,40343000.0,42523000.0,24388000.0,29677000.0
20220117,-21657670.0,61622330.0,50105840.0,78136650.0,67995470.0,57905130.0,66235290.0,23194530.0,36522040.0,49225000.0,39930000.0,62384000.0,54216000.0,46127000.0,52859000.0,18471000.0,29201000.0
20220118,2366760.0,41173560.0,41037730.0,50768240.0,53270830.0,46716060.0,34715330.0,20203240.0,29837210.0,33128000.0,32967000.0,40827000.0,42800000.0,37540000.0,27898000.0,16237000.0,24067000.0
20220119,-40453340.0,67123780.0,43741520.0,80843640.0,63772570.0,48234360.0,71948180.0,21660260.0,38399780.0,55577000.0,36122000.0,66841000.0,52706000.0,39877000.0,59571000.0,17960000.0,31856000.0
20220120,6869530.0,42873470.0,55114490.0,57918300.0,52546810.0,40272710.0,36209310.0,20237320.0,17431190.0,35231000.0,45216000.0,47502000.0,43149000.0,33040000.0,29735000.0,16678000.0,14352000.0
20220121,6773930.0,49814870.0,76871100.0,95107200.0,74824900.0,62321740.0,53239370.0,26334390.0,28642830.0,39801000.0,61371000.0,75970000.0,59739000.0,49743000.0,42518000.0,21014000.0,22901000.0
20220124,39249620.0,62026120.0,85228150.0,100355620.0,116403200.0,103178050.0,87747480.0,70463240.0,46644190.0,47845000.0,65717000.0,77446000.0,89733000.0,79469000.0,67601000.0,54330000.0,36039000.0
20220125,8748380.0,51091850.0,50429540.0,70512180.0,79922870.0,61546220.0,54755420.0,25267320.0,23309740.0,39956000.0,39463000.0,55150000.0,62422000.0,48121000.0,42834000.0,19733000.0,18242000.0
20220126,20555740.0,33253240.0,43692480.0,52680770.0,62797270.0,54466300.0,44623040.0,29998160.0,19285680.0,25842000.0,33902000.0,40901000.0,48729000.0,42229000.0,34622000.0,23230000.0,14950000.0
20220127,-102337530.0,137832010.0,57872250.0,186757880.0,164380110.0,150265910.0,184973810.0,72060030.0,139689660.0,117270000.0,48794000.0,159163000.0,139812000.0,128088000.0,157657000.0,61702000.0,119960000.0
20220128,-1649730.0,87268860.0,74741280.0,120478670.0,131356520.0,102528590.0,90127820.0,39613240.0,53663740.0,76217000.0,65167000.0,105217000.0,114648000.0,89396000.0,78687000.0,34478000.0,46807000.0
20220207,-8528090.0,58169920.0,47335430.0,70561280.0,72867690.0,51715130.0,59669940.0,37563770.0,38137050.0,51073000.0,41393000.0,61697000.0,63755000.0,45164000.0,52221000.0,32747000.0,33312000.0
20220208,-43272910.0,91540410.0,47460410.0,115447100.0,116254190.0,80695980.0,126079200.0,59191770.0,57081460.0,85543000.0,44232000.0,107889000.0,108651000.0,75456000.0,117831000.0,55269000.0,53443000.0
20220209,-19041980.0,68038740.0,56514220.0,100975230.0,93457780.0,51770280.0,73554230.0,33030450.0,30288480.0,64409000.0,53335000.0,95592000.0,88430000.0,48951000.0,69697000.0,31200000.0,28690000.0
20220210,-14969580.0,103352900.0,78898150.0,128227660.0,137712840.0,81646740.0,112884780.0,73166400.0,56897940.0,101914000.0,77514000.0,126025000.0,135499000.0,80179000.0,111210000.0,72129000.0,56024000.0
20220211,-28726780.0,85495390.0,62215180.0,107739450.0,102292870.0,77635760.0,117881190.0,56426410.0,44907760.0,86696000.0,62947000.0,109224000.0,103553000.0,78734000.0,119503000.0,57114000.0,45764000.0
20220214,-16844060.0,59088100.0,49404860.0,82946220.0,75785400.0,57591090.0,72252320.0,33338010.0,35520840.0,61394000.0,51116000.0,85872000.0,78480000.0,59755000.0,74990000.0,34543000.0,36979000.0
20220215,47252840.0,62357330.0,93670520.0,106152290.0,122091930.0,109485070.0,84267320.0,59993910.0,37958820.0,62608000.0,94006000.0,106401000.0,122123000.0,109367000.0,84261000.0,59778000.0,37762000.0
20220216,22583040.0,47846430.0,50800210.0,74353540.0,93982800.0,61700010.0,48218220.0,36983930.0,27882680.0,46583000.0,49369000.0,72335000.0,91392000.0,59925000.0,46853000.0,35894000.0,27123000.0
20220217,44965500.0,62447800.0,87463460.0,118003230.0,137953060.0,112603200.0,84938870.0,63399120.0,46097950.0,58353000.0,81757000.0,110233000.0,128816000.0,105419000.0,79416000.0,59168000.0,43185000.0
20220218,660240.0,49024140.0,39842060.0,63330590.0,73172910.0,48625530.0,46908970.0,27428960.0,28485280.0,46005000.0,37329000.0,59378000.0,68575000.0,45517000.0,43966000.0,25673000.0,26704000.0
20220221,-700530.0,55280290.0,49465980.0,71929120.0,77042900.0,57207740.0,52047810.0,25094660.0,30955120.0,52531000.0,46819000.0,68299000.0,73027000.0,54145000.0,49400000.0,23674000.0,29403000.0
20220222,-2283240.0,47493130.0,60178840.0,84968150.0,69999190.0,64645480.0,57255900.0,38944060.0,48616880.0,44418000.0,56119000.0,79389000.0,65377000.0,60371000.0,53552000.0,36406000.0,45536000.0
20220223,23484810.0,47079560.0,62522590.0,84309660.0,92351440.0,68719500.0,50639080.0,44377540.0,38973150.0,42524000.0,56412000.0,76123000.0,83318000.0,61984000.0,45695000.0,39971000.0,35178000.0
20220224,27920970.0,70170670.0,90392640.0,129967310.0,137666310.0,142879200.0,128734140.0,112272380.0,98496470.0,60921000.0,78184000.0,112736000.0,118993000.0,123473000.0,111402000.0,96767000.0,85317000.0
20220225,14848190.0,54281130.0,62404910.0,89216650.0,95941070.0,84562040.0,84410510.0,63582050.0,48885390.0,46405000.0,53209000.0,76118000.0,81870000.0,71990000.0,71870000.0,54045000.0,41608000.0
20220228,16165690.0,41450150.0,48861770.0,59498150.0,68252220.0,57547750.0,59944020.0,49913520.0,31351560.0,35096000.0,41203000.0,50300000.0,57542000.0,48515000.0,50574000.0,41839000.0,26431000.0
20220301,15169400.0,55459760.0,62329890.0,89959470.0,98258750.0,90194870.0,87226870.0,73620470.0,61419070.0,44915000.0,50235000.0,72613000.0,79253000.0,72562000.0,70263000.0,59143000.0,49482000.0
20220302,5431520.0,41991620.0,45654870.0,68666600.0,70434880.0,58229650.0,57331690.0,34844270.0,30310710.0,34503000.0,37260000.0,56251000.0,57646000.0,47505000.0,46955000.0,28408000.0,24807000.0
20220303,-6148900.0,47314880.0,45754300.0,83372570.0,78784240.0,68227180.0,63863860.0,21268910.0,31781130.0,37986000.0,36510000.0,66809000.0,63050000.0,54492000.0,51164000.0,16968000.0,25531000.0
20220304,-11822890.0,37901510.0,32500910.0,59889270.0,53466990.0,56476470.0,54011400.0,28238790.0,42526750.0,30978000.0,26501000.0,48958000.0,43686000.0,46145000.0,44198000.0,23076000.0,34772000.0
20220307,-5085920.0,49108480.0,54186140.0,101911820.0,91748240.0,97032150.0,99818160.0,50457660.0,52757570.0,39825000.0,43805000.0,82589000.0,74337000.0,78607000.0,80955000.0,40830000.0,42755000.0
20220308,-17119310.0,73059500.0,75072000.0,127678510.0,108546700.0,101383140.0,110590960.0,57947200.0,65858690.0,57167000.0,58671000.0,99875000.0,84871000.0,79311000.0,86584000.0,45254000.0,51481000.0
20220309,-30780730.0,82943590.0,65985300.0,148041430.0,134218990.0,108692160.0,130407410.0,71644060.0,80709540.0,67917000.0,53857000.0,120871000.0,109709000.0,88783000.0,106441000.0,58703000.0,66265000.0
20220310,30545330.0,54554010.0,71477700.0,98651640.0,112273270.0,92535310.0,81445420.0,73978540.0,54523100.0,42766000.0,55954000.0,77337000.0,88027000.0,72588000.0,63899000.0,57969000.0,42780000.0
20220311,-25158540.0,57708870.0,49433150.0,92632700.0,75749880.0,61946270.0,82465000.0,59205860.0,63845670.0,46334000.0,39537000.0,74295000.0,60659000.0,49551000.0,66006000.0,47188000.0,51165000.0
20220314,-25634630.0,51151280.0,29641980.0,69429360.0,65304010.0,51026840.0,58506880.0,28029630.0,46184220.0,41927000.0,24193000.0,56850000.0,53370000.0,41763000.0,47985000.0,22895000.0,37887000.0
20220315,-995980.0,51827760.0,49296090.0,79891970.0,81427640.0,61957670.0,74157190.0,55502540.0,44299000.0,42601000.0,40411000.0,65690000.0,66859000.0,50875000.0,60933000.0,45446000.0,36409000.0
20220316,-4931270.0,72350900.0,65972610.0,130253870.0,131700890.0,107429810.0,103903610.0,70681870.0,79139340.0,60457000.0,54555000.0,108141000.0,109107000.0,89301000.0,86338000.0,58732000.0,66630000.0
20220317,-29736890.0,84434720.0,54264350.0,113758990.0,114192470.0,93994420.0,109753810.0,67103830.0,81081330.0,69796000.0,44548000.0,93868000.0,93889000.0,77465000.0,90633000.0,55044000.0,67102000.0
20220318,4803930.0,44068790.0,43365660.0,58409140.0,63916200.0,56212400.0,54416530.0,34773730.0,31765670.0,37003000.0,36233000.0,48971000.0,53531000.0,47045000.0,45595000.0,29062000.0,26723000.0
20220321,-10171360.0,70808010.0,38556500.0,75688820.0,97768970.0,69805890.0,81443630.0,49437950.0,47971570.0,59747000.0,32463000.0,63859000.0,82419000.0,58874000.0,68741000.0,41688000.0,40544000.0
20220322,-49355360.0,88105630.0,38361180.0,94887930.0,95277030.0,63713180.0,95904060.0,37466440.0,54630920.0,77446000.0,33671000.0,83448000.0,83782000.0,56022000.0,84233000.0,32852000.0,48082000.0
20220323,8227410.0,52471450.0,47867600.0,62984970.0,75816220.0,50689880.0,47148220.0,33754080.0,29068330.0,45441000.0,41404000.0,54526000.0,65634000.0,43856000.0,40822000.0,29155000.0,25118000.0
20220324,-6468070.0,44941610.0,33228690.0,48683070.0,53927910.0,29016920.0,34848130.0,14819440.0,15456300.0,39833000.0,29438000.0,43127000.0,47765000.0,25705000.0,30868000.0,13099000.0,13693000.0
20220325,-16028860.0,47410640.0,33284650.0,60254040.0,58351180.0,30483590.0,39838240.0,16075150.0,22749360.0,42849000.0,30024000.0,54464000.0,52772000.0,27496000.0,35989000.0,14521000.0,20544000.0
20220328,-26587330.0,44385910.0,30577590.0,58573770.0,45794760.0,37704060.0,34411940.0,21659490.0,51538940.0,41172000.0,28330000.0,54232000.0,42435000.0,34899000.0,31881000.0,20075000.0,47732000.0
20220329,4141330.0,41526700.0,42355210.0,59774320.0,63087140.0,42496980.0,37919020.0,13719030.0,14155660.0,38149000.0,38834000.0,54835000.0,57857000.0,38916000.0,34776000.0,12559000.0,12991000.0
20220330,27325330.0,43260800.0,57493910.0,64085670.0,77177900.0,60430060.0,52768540.0,42952850.0,23289040.0,39092000.0,51890000.0,57889000.0,69671000.0,54520000.0,47627000.0,38713000.0,21026000.0
20220331,-35942900.0,68850060.0,47314330.0,96652760.0,82245570.0,59590280.0,70411650.0,29086740.0,54208270.0,64694000.0,44318000.0,90747000.0,77136000.0,56051000.0,66148000.0,27150000.0,51040000.0
20220401,-28142270.0,65239420.0,42547800.0,71191150.0,65740520.0,41659420.0,57223250.0,13228380.0,25806820.0,61211000.0,39797000.0,66737000.0,61654000.0,39047000.0,53704000.0,12404000.0,24245000.0
20220406,-20940940.0,46414440.0,32171350.0,66185180.0,59487340.0,33925900.0,45109720.0,21877380.0,31634500.0,45232000.0,31304000.0,64465000.0,57913000.0,33041000.0,43936000.0,21297000.0,30882000.0
20220407,-11787130.0,38751920.0,27653520.0,48715300.0,48026570.0,24559920.0,35949680.0,17141400.0,17538770.0,38000000.0,27080000.0,47745000.0,47051000.0,24051000.0,35241000.0,16783000.0,17208000.0
20220408,363760.0,36940200.0,38757850.0,58299260.0,56845370.0,62158250.0,67843010.0,32645310.0,26596790.0,36002000.0,37706000.0,56805000.0,55338000.0,60501000.0,66082000.0,31692000.0,25874000.0
20220411,-31519430.0,77483410.0,47197220.0,69984280.0,68751050.0,46147210.0,58575710.0,16485820.0,35576750.0,79360000.0,48277000.0,71592000.0,70282000.0,47228000.0,60014000.0,16824000.0,36430000.0
20220412,-10102140.0,51531150.0,44194270.0,59766890.0,57001630.0,43489590.0,49372880.0,20922600.0,25141450.0,53706000.0,45977000.0,62258000.0,59345000.0,45245000.0,51412000.0,21751000.0,26226000.0
20220413,-754180.0,44355840.0,45809880.0,60020730.0,57812510.0,45292240.0,39164580.0,12655020.0,19536860.0,46067000.0,47489000.0,62305000.0,59992000.0,46930000.0,40638000.0,13148000.0,20331000.0
20220414,-93043950.0,112646920.0,52030510.0,122819140.0,90391590.0,91039750.0,122060980.0,36211930.0,98234650.0,125111000.0,57594000.0,136222000.0,100063000.0,101055000.0,135709000.0,40364000.0,109385000.0
20220415,-49278270.0,99077830.0,51190830.0,109176170.0,107784910.0,72909550.0,99313170.0,27360370.0,50235020.0,117028000.0,60349000.0,128879000.0,127282000.0,85919000.0,117177000.0,32200000.0,59219000.0
20220418,-946190.0,64635470.0,64821030.0,82220690.0,81088940.0,61876210.0,73538640.0,35282860.0,24566620.0,75381000.0,75239000.0,95933000.0,94320000.0,71999000.0,85758000.0,40830000.0,28827000.0
20220419,26376280.0,66144660.0,82672020.0,90036710.0,99885630.0,77226330.0,66552070.0,49825900.0,34123880.0,73360000.0,91645000.0,99870000.0,110762000.0,85557000.0,73784000.0,55228000.0,37825000.0
20220420,-61931600.0,111736490.0,69032540.0,141075330.0,121847680.0,137784940.0,159701460.0,114971610.0,154986690.0,151816000.0,93541000.0,191353000.0,165214000.0,186440000.0,216300000.0,156951000.0,211504000.0
20220421,-27997910.0,133520030.0,96009050.0,176046830.0,185559900.0,138817510.0,164530270.0,88561620.0,90846770.0,200322000.0,143632000.0,263738000.0,277441000.0,207950000.0,246940000.0,132238000.0,136234000.0
20220422,14363440.0,70969500.0,75043620.0,86109540.0,96398870.0,68266650.0,77799220.0,76863770.0,52967760.0,109203000.0,115397000.0,132486000.0,148247000.0,104890000.0,119653000.0,118143000.0,81425000.0
20220425,-17339790.0,85895540.0,60447300.0,82949170.0,91057620.0,74833600.0,87990270.0,46765740.0,50948860.0,140682000.0,98926000.0,135958000.0,149132000.0,122912000.0,144427000.0,76919000.0,83986000.0
20220426,-6368060.0,64428850.0,53212660.0,75860570.0,80708700.0,58629330.0,67942440.0,37303260.0,34358210.0,109681000.0,90296000.0,128927000.0,137198000.0,99689000.0,115652000.0,63385000.0,58537000.0
20220427,50059710.0,61813640.0,85229640.0,90030200.0,116673900.0,89062820.0,81869230.0,78375120.0,35509000.0,103630000.0,142379000.0,150339000.0,194451000.0,148415000.0,136602000.0,131044000.0,59995000.0
20220428,-22113260.0,62153220.0,51898370.0,88772410.0,76914000.0,69665330.0,74173240.0,29531760.0,47137110.0,102083000.0,84842000.0,145205000.0,125953000.0,113999000.0,121371000.0,48288000.0,77410000.0
20220429,4702950.0,66899330.0,78113360.0,107498140.0,100987060.0,64532560.0,78664410.0,53106100.0,34271300.0,108392000.0,126040000.0,173557000.0,163038000.0,104071000.0,126935000.0,85603000.0,55610000.0
20220505,6909300.0,61318190.0,62708850.0,65692540.0,71211180.0,79214110.0,70153150.0,35905970.0,38057630.0,96130000.0,98135000.0,102944000.0,111583000.0,124244000.0,110067000.0,56170000.0,59703000.0
20220506,-9284660.0,44091920.0,36228740.0,40804120.0,39382640.0,27095960.0,37278230.0,16827660.0,15930050.0,70151000.0,57416000.0,64835000.0,62554000.0,43058000.0,59266000.0,26666000.0,25473000.0
20220509,674340.0,42803600.0,46256030.0,44513210.0,41735140.0,35007870.0,39262130.0,19359930.0,14431330.0,66826000.0,72002000.0,69380000.0,65015000.0,54502000.0,61251000.0,30119000.0,22560000.0
20220510,25137360.0,61414280.0,82789000.0,89265320.0,93027960.0,76671940.0,68784180.0,49111340.0,31861740.0,92041000.0,123741000.0,133233000.0,138871000.0,114403000.0,102715000.0,73101000.0,47452000.0
20220511,8146470.0,99518830.0,105153430.0,126542050.0,129053930.0,119541040.0,122907800.0,68473600.0,56960370.0,138904000.0,147027000.0,177051000.0,180594000.0,167589000.0,172193000.0,96271000.0,80002000.0
20220512,6518620.0,48097910.0,49646980.0,56763300.0,61732850.0,50051830.0,45388240.0,27067060.0,25212030.0,66935000.0,69035000.0,79001000.0,85888000.0,69648000.0,63174000.0,37609000.0,35095000.0
20220513,-17901430.0,50462750.0,32862660.0,53470500.0,53169150.0,45978290.0,60819750.0,19480580.0,22540550.0,71064000.0,46157000.0,75230000.0,74795000.0,64638000.0,85610000.0,27392000.0,31763000.0
20220516,24158230.0,45640560.0,57546190.0,54029820.0,66282430.0,73113930.0,53498420.0,37382810.0,32840090.0,61887000.0,77906000.0,73151000.0,89729000.0,98893000.0,72335000.0,50376000.0,44337000.0
20220517,4485960.0,51463770.0,50808420.0,61505330.0,66646630.0,61934550.0,57119570.0,24137300.0,24466320.0,69347000.0,68379000.0,82897000.0,89849000.0,83390000.0,76958000.0,32473000.0,32921000.0
20220518,7884470.0,57056390.0,67441160.0,70024450.0,67524160.0,65539230.0,59444520.0,34358600.0,32568840.0,75052000.0,88540000.0,92005000.0,88740000.0,86126000.0,78121000.0,45118000.0,42899000.0
20220519,20772260.0,60957910.0,81649440.0,105378370.0,105459100.0,99037110.0,102913320.0,57223760.0,32575290.0,76933000.0,102398000.0,132003000.0,131987000.0,123933000.0,129054000.0,71357000.0,40787000.0
20220520,22048920.0,48081820.0,53379920.0,82503440.0,99254250.0,87718690.0,72822250.0,37480340.0,30327860.0,57586000.0,63857000.0,98844000.0,118834000.0,105175000.0,87218000.0,44595000.0,36291000.0
20220523,-8479880.0,68367800.0,54274320.0,94776370.0,100389960.0,79593940.0,88160830.0,32638600.0,32551590.0,83742000.0,66343000.0,116004000.0,122787000.0,97411000.0,107904000.0,39822000.0,39944000.0
20220524,-16797850.0,89986810.0,58185630.0,95764850.0,110768180.0,87512010.0,89080760.0,23207030.0,38436130.0,112970000.0,72922000.0,120069000.0,138941000.0,109994000.0,111907000.0,29189000.0,48452000.0
20220525,17667020.0,51863220.0,66589820.0,64646970.0,67587380.0,65208670.0,47401150.0,26607540.0,26748040.0,66265000.0,85043000.0,82544000.0,86208000.0,83113000.0,60385000.0,33869000.0,34154000.0
20220526,5961560.0,45965220.0,49292590.0,49278950.0,51913140.0,42212030.0,44319130.0,25634530.0,17565870.0,58302000.0,62411000.0,62386000.0,65702000.0,53389000.0,56072000.0,32374000.0,22266000.0
20220527,-16147120.0,48660810.0,36524370.0,49377390.0,45366710.0,40598320.0,52159770.0,13535220.0,18120890.0,62139000.0,46600000.0,63034000.0,57910000.0,51803000.0,66527000.0,17228000.0,23168000.0
20220530,-37421160.0,81964180.0,45087460.0,78480730.0,77936310.0,70423320.0,84840140.0,33513230.0,56517570.0,107470000.0,59018000.0,102865000.0,102156000.0,92335000.0,111233000.0,44005000.0,74268000.0
20220531,24262950.0,64808570.0,89331620.0,103657190.0,103397090.0,98839770.0,90063090.0,52864370.0,37378100.0,82520000.0,113598000.0,131715000.0,131335000.0,125443000.0,114378000.0,66993000.0,47360000.0
20220601,10660940.0,50342740.0,60374530.0,84366720.0,84995870.0,64131360.0,57109180.0,29612860.0,25974100.0,62910000.0,75071000.0,104885000.0,105567000.0,79626000.0,71037000.0,36661000.0,32407000.0
20220602,43308050.0,41087480.0,67991610.0,89997060.0,106400980.0,76223270.0,65442770.0,60937750.0,28410200.0,49850000.0,82287000.0,108905000.0,128520000.0,92055000.0,78938000.0,73105000.0,34169000.0
20220606,44819700.0,66979850.0,86395930.0,137450420.0,162854030.0,170164520.0,146142760.0,130763070.0,109965130.0,74682000.0,96181000.0,153121000.0,181256000.0,189801000.0,163273000.0,145444000.0,122338000.0
20220607,-8253650.0,72401150.0,74232590.0,141405250.0,131320150.0,142715420.0,152731760.0,112958690.0,111196000.0,75579000.0,77402000.0,147543000.0,136911000.0,148811000.0,159135000.0,117639000.0,116123000.0
20220608,-28358910.0,74056330.0,50066900.0,105620050.0,101250570.0,110591360.0,100557700.0,43099240.0,81491810.0,79369000.0,53557000.0,113137000.0,108428000.0,118404000.0,107768000.0,46111000.0,87268000.0
20220609,-10952530.0,55736560.0,47651450.0,72142140.0,69274720.0,58606990.0,67878870.0,29114350.0,30795000.0,60315000.0,51440000.0,77979000.0,74832000.0,63291000.0,73373000.0,31407000.0,33347000.0
20220610,9480800.0,64432280.0,60574240.0,95934620.0,109273470.0,80634590.0,84921180.0,60932470.0,47165080.0,70606000.0,66022000.0,104959000.0,119412000.0,88139000.0,93021000.0,66731000.0,51980000.0
20220613,-47307040.0,76933080.0,42947250.0,104455980.0,91134770.0,86537210.0,87789420.0,37342930.0,83397760.0,85623000.0,47714000.0,116173000.0,101304000.0,96230000.0,97625000.0,41507000.0,92890000.0
20220614,-34364090.0,74841050.0,45200510.0,104374060.0,99650520.0,89823040.0,101219810.0,55457920.0,78425240.0,86579000.0,52127000.0,120682000.0,115079000.0,103844000.0,117033000.0,64102000.0,90967000.0
20220615,-9379630.0,75277650.0,66449860.0,111681870.0,111130040.0,96932150.0,109110580.0,65810030.0,63011230.0,86712000.0,76231000.0,128435000.0,127573000.0,111404000.0,125528000.0,75381000.0,72600000.0
20220616,21475080.0,60725150.0,69459990.0,98689720.0,111429960.0,87882190.0,92198880.0,72116970.0,46325200.0,68056000.0,77702000.0,110593000.0,124697000.0,98321000.0,103292000.0,80490000.0,51770000.0
20220617,3965930.0,56046760.0,65187900.0,96479120.0,91303900.0,82120480.0,77038620.0,42822380.0,43938310.0,62321000.0,72402000.0,107189000.0,101380000.0,91194000.0,85625000.0,47563000.0,48861000.0
20220620,21252770.0,78200340.0,96784340.0,160233400.0,162902170.0,147080760.0,141815320.0,101683020.0,85695690.0,84785000.0,104444000.0,173469000.0,176095000.0,158954000.0,153352000.0,109748000.0,93065000.0
20220621,-49484210.0,111582160.0,70641950.0,162637250.0,154093250.0,122104060.0,137679480.0,74283450.0,108192240.0,124966000.0,78911000.0,181791000.0,172424000.0,136676000.0,153943000.0,83045000.0,121199000.0
20220622,70055070.0,91106010.0,118180160.0,163790480.0,206771390.0,225918240.0,184158940.0,156720940.0,128425170.0,98258000.0,127332000.0,176867000.0,222904000.0,244088000.0,199119000.0,168926000.0,138785000.0
20220623,-39995990.0,87020900.0,64628650.0,132547000.0,114943250.0,114027040.0,122753770.0,73759290.0,105028550.0,95123000.0,70514000.0,144807000.0,125465000.0,124504000.0,134029000.0,80668000.0,115094000.0
20220624,21396880.0,73128250.0,87673330.0,167297340.0,174149130.0,148920540.0,143213760.0,77065400.0,61375300.0,76982000.0,92114000.0,176059000.0,183092000.0,156561000.0,150598000.0,80762000.0,64560000.0
20220627,-25210290.0,76423580.0,63704370.0,134610770.0,122119690.0,122431100.0,127719610.0,56776980.0,76698760.0,79849000.0,66379000.0,140486000.0,127439000.0,127677000.0,133144000.0,59016000.0,80066000.0
20220628,1601670.0,73149840.0,77551370.0,133362880.0,130563010.0,107516600.0,106746110.0,59188100.0,58356920.0,76514000.0,80928000.0,139678000.0,136377000.0,111991000.0,111529000.0,61601000.0,60950000.0
20220629,-39535220.0,89953470.0,74404410.0,146869510.0,122883360.0,112346000.0,120676790.0,44338920.0,75543350.0,94429000.0,77592000.0,153751000.0,128481000.0,117353000.0,126352000.0,46299000.0,79407000.0
20220630,26974140.0,69916490.0,88133770.0,131020940.0,139777800.0,131130560.0,113707480.0,73476590.0,63925530.0,72972000.0,91438000.0,136383000.0,144876000.0,135722000.0,118029000.0,75864000.0,66598000.0
20220701,-24458300.0,63957100.0,51698910.0,104094920.0,91894800.0,74247110.0,80598730.0,28995810.0,47102490.0,65899000.0,53092000.0,107272000.0,94608000.0,76446000.0,83138000.0,29893000.0,48673000.0
20220704,-22476210.0,83110600.0,69482930.0,128839460.0,119990920.0,120890150.0,141132440.0,75991460.0,78225380.0,90050000.0,75060000.0,139523000.0,129723000.0,130778000.0,152809000.0,82012000.0,84771000.0
20220705,-86748510.0,148511560.0,83594140.0,207177310.0,185346220.0,155124200.0,191355190.0,72239070.0,122756590.0,167864000.0,94674000.0,234262000.0,209794000.0,175491000.0,216084000.0,81516000.0,138581000.0
20220706,39744620.0,100988430.0,113271960.0,150881450.0,178342540.0,176886590.0,161097920.0,116720350.0,92764400.0,108686000.0,121962000.0,162614000.0,192048000.0,190652000.0,173585000.0,125619000.0,99976000.0
20220707,164259580.0,105726340.0,175666790.0,214216100.0,308535240.0,293249420.0,289002820.0,361014980.0,201002000.0,104748000.0,172269000.0,211746000.0,300049000.0,288164000.0,280940000.0,343314000.0,194714000.0
20220708,-56729660.0,132741350.0,96084170.0,216923940.0,196851460.0,238856580.0,233402650.0,183205950.0,245389540.0,123975000.0,89111000.0,201595000.0,182841000.0,220716000.0,215837000.0,167749000.0,226245000.0
20220711,45392360.0,95848110.0,129701000.0,198265520.0,209804970.0,218897160.0,224933400.0,212242590.0,160813990.0,88580000.0,119320000.0,182949000.0,193383000.0,201977000.0,207027000.0,194858000.0,148635000.0
20220712,51093940.0,91452540.0,118362590.0,187924540.0,212108420.0,234571710.0,216130730.0,159650300.0,126997340.0,79569000.0,102932000.0,163602000.0,184516000.0,204140000.0,187825000.0,138677000.0,110716000.0
20220713,17468660.0,92871640.0,95287440.0,166492180.0,181545030.0,230127420.0,204849130.0,151929710.0,159739340.0,80088000.0,81426000.0,143168000.0,155725000.0,197500000.0,175942000.0,129773000.0,137437000.0
20220714,60199100.0,92677840.0,113572890.0,178635560.0,217939610.0,257431360.0,216700170.0,187877250.0,168409340.0,74326000.0,91546000.0,143730000.0,175281000.0,207585000.0,174431000.0,151516000.0,135898000.0
20220715,3831830.0,86086690.0,90151520.0,143747430.0,143514420.0,164975570.0,167392370.0,120745310.0,114496680.0,68398000.0,71460000.0,114167000.0,113898000.0,131154000.0,132915000.0,95663000.0,91108000.0
20220718,-38562910.0,94095200.0,78291200.0,173211580.0,150452690.0,203413470.0,195874560.0,169563700.0,215665520.0,73111000.0,60687000.0,134501000.0,116722000.0,157934000.0,151991000.0,131396000.0,167541000.0
20220719,-48269830.0,113465390.0,64346370.0,151854620.0,152703800.0,169199360.0,170150120.0,76664030.0,123983100.0,92414000.0,52254000.0,123437000.0,124238000.0,137570000.0,138323000.0,61984000.0,100590000.0
20220720,-15664500.0,76066310.0,54049510.0,105689170.0,112041480.0,112065640.0,101856650.0,67761330.0,93634820.0,62817000.0,44549000.0,87206000.0,92505000.0,92506000.0,84051000.0,55916000.0,77339000.0
20220721,-23259130.0,95526600.0,69565790.0,119582970.0,122284650.0,103162980.0,112301840.0,57233960.0,71354230.0,80668000.0,58477000.0,100760000.0,102973000.0,86901000.0,94748000.0,48103000.0,60235000.0
20220722,-3787740.0,86764790.0,68035410.0,121873480.0,136815130.0,122110240.0,99861030.0,54715490.0,80752440.0,75797000.0,59255000.0,106308000.0,119312000.0,106429000.0,87103000.0,47612000.0,70476000.0
20220725,-11471910.0,62558450.0,46582180.0,90371020.0,94875370.0,80994270.0,93465850.0,43913350.0,42913680.0,56233000.0,41827000.0,81247000.0,85274000.0,72792000.0,83943000.0,39345000.0,38573000.0
20220726,-14472030.0,73171150.0,59317110.0,107631130.0,107013140.0,98840830.0,104285900.0,85583910.0,94610870.0,66042000.0,53321000.0,97029000.0,96373000.0,88960000.0,93786000.0,76809000.0,85359000.0
20220727,59402060.0,89802930.0,128541960.0,169619770.0,190282790.0,192051550.0,187284760.0,135115640.0,80480370.0,77172000.0,110416000.0,145820000.0,163563000.0,165322000.0,161300000.0,116313000.0,69346000.0
20220728,45078260.0,78007600.0,100017520.0,141035190.0,164103530.0,183847680.0,164618500.0,140669720.0,114820640.0,62470000.0,79974000.0,112940000.0,131373000.0,147230000.0,131816000.0,112452000.0,91930000.0
20220729,3412140.0,80952000.0,70453060.0,123372140.0,137283220.0,149212000.0,152343390.0,102878410.0,96334880.0,63779000.0,55284000.0,97038000.0,107798000.0,116972000.0,119526000.0,80476000.0,75656000.0
20220801,15343910.0,73857840.0,72826020.0,109758990.0,126134710.0,128140230.0,122197220.0,76998540.0,67597640.0,58687000.0,57639000.0,87060000.0,99941000.0,101601000.0,96842000.0,60746000.0,53673000.0
20220802,1601900.0,84955800.0,84297700.0,134527920.0,136787930.0,140064860.0,150134270.0,95713470.0,84042160.0,67118000.0,66299000.0,105995000.0,107645000.0,110141000.0,118238000.0,74998000.0,66070000.0
20220803,-61549770.0,111807210.0,62550930.0,151698300.0,139404810.0,140525990.0,165736710.0,90379360.0,126718410.0,90263000.0,50396000.0,122322000.0,112252000.0,113198000.0,133485000.0,72500000.0,102151000.0
20220804,-30819850.0,76438120.0,56063350.0,114515170.0,104070100.0,108521470.0,110259300.0,63345120.0,92427140.0,65137000.0,47703000.0,97537000.0,88619000.0,92353000.0,93765000.0,53845000.0,78785000.0
20220805,-41198040.0,78508600.0,52369070.0,111276360.0,96217840.0,83042710.0,90107450.0,52236950.0,86370250.0,68053000.0,45202000.0,96391000.0,83324000.0,71962000.0,78071000.0,45223000.0,75032000.0
20220808,15341040.0,66586120.0,70845480.0,106166710.0,117248380.0,98637500.0,96532300.0,66066190.0,52830350.0,57407000.0,60663000.0,91471000.0,100774000.0,84920000.0,83105000.0,56551000.0,45808000.0
20220809,67881610.0,96766460.0,133481390.0,166617280.0,197783960.0,216908820.0,191634330.0,166990630.0,124383510.0,75913000.0,104792000.0,130747000.0,155088000.0,170369000.0,150544000.0,131308000.0,97914000.0
20220810,22776960.0,68028200.0,79247030.0,115138630.0,126696750.0,125510380.0,121679430.0,100922620.0,81976610.0,53006000.0,61628000.0,89611000.0,98580000.0,97708000.0,94724000.0,78391000.0,63783000.0
20220811,-19971060.0,77800020.0,57191870.0,103749770.0,104386870.0,92817650.0,109712190.0,54709380.0,57785900.0,62061000.0,45550000.0,82661000.0,83083000.0,73924000.0,87447000.0,43557000.0,46123000.0
20220812,-10105020.0,56177450.0,50941470.0,75949150.0,71080100.0,64307630.0,71551520.0,39791380.0,42652510.0,45204000.0,40879000.0,61098000.0,57153000.0,51681000.0,57573000.0,31943000.0,34322000.0
20220815,39726620.0,70362080.0,96334250.0,127082250.0,140836700.0,135889080.0,131465840.0,116409410.0,81106030.0,54042000.0,73895000.0,97670000.0,107998000.0,104400000.0,100912000.0,89069000.0,62377000.0
20220816,-2162350.0,74601100.0,76205810.0,160268920.0,156501860.0,151664190.0,163586040.0,108931200.0,99171700.0,55878000.0,56920000.0,119611000.0,116770000.0,113229000.0,122069000.0,81089000.0,74048000.0
20220817,16686700.0,55101440.0,60162690.0,127153460.0,138778910.0,128905710.0,128396720.0,89475190.0,73297480.0,40644000.0,44251000.0,93638000.0,102101000.0,94851000.0,94563000.0,65806000.0,54023000.0
20220818,17294260.0,59407480.0,68540850.0,146660770.0,154821660.0,151179560.0,160718140.0,127308840.0,100476000.0,42714000.0,49218000.0,105408000.0,111135000.0,108624000.0,115479000.0,91166000.0,72080000.0
20220819,-21047790.0,98027780.0,61163080.0,188494260.0,204311160.0,177503800.0,185304850.0,90485800.0,103732540.0,71492000.0,44307000.0,137071000.0,148381000.0,128762000.0,134460000.0,65448000.0,75625000.0
20220822,7554390.0,45952230.0,49844680.0,119541230.0,123203150.0,132659270.0,118798670.0,73030440.0,79336650.0,33073000.0,35769000.0,85969000.0,88462000.0,95398000.0,85395000.0,52360000.0,57175000.0
20220823,17887270.0,52817050.0,58938660.0,121103080.0,132868740.0,135985530.0,142124380.0,108559880.0,84533760.0,36395000.0,40598000.0,83415000.0,91539000.0,93580000.0,97693000.0,74524000.0,58084000.0
20220824,-30878910.0,77663630.0,53817340.0,157522700.0,150490090.0,136992070.0,128538080.0,71649490.0,110982390.0,55484000.0,38471000.0,112584000.0,107631000.0,97943000.0,91862000.0,51424000.0,79471000.0
20220825,-12369950.0,94459560.0,63538620.0,146485480.0,165036470.0,139462050.0,135935260.0,75452170.0,91348910.0,70939000.0,47626000.0,109716000.0,123669000.0,104623000.0,101955000.0,56587000.0,68615000.0
20220826,-15917810.0,63631340.0,61016460.0,128993700.0,115690760.0,104095370.0,117745160.0,60756680.0,63024700.0,47660000.0,45516000.0,96354000.0,86368000.0,77697000.0,87909000.0,45318000.0,47235000.0
20220829,-15584950.0,79163580.0,66354740.0,131178850.0,128402750.0,140388000.0,148233820.0,91189320.0,98928450.0,60355000.0,50294000.0,99588000.0,97304000.0,107099000.0,112725000.0,70168000.0,76887000.0
20220830,-5479200.0,87598420.0,72097620.0,102661520.0,112683120.0,101521380.0,105971100.0,66045230.0,67074710.0,67901000.0,55853000.0,79478000.0,87225000.0,78529000.0,81938000.0,51034000.0,51925000.0
20220831,-44616050.0,170595350.0,103976600.0,219528000.0,241530700.0,205536690.0,250034490.0,133966760.0,134085010.0,146794000.0,89256000.0,189098000.0,207859000.0,176758000.0,215091000.0,115835000.0,116278000.0
20220901,737530.0,74001780.0,73441860.0,108679290.0,109976750.0,88011020.0,87308460.0,41074710.0,41039740.0,65995000.0,65418000.0,96858000.0,98004000.0,78415000.0,77809000.0,36584000.0,36621000.0
20220902,12909750.0,90336420.0,75598020.0,113847930.0,141496090.0,117180440.0,102814120.0,52775210.0,54231780.0,83291000.0,69597000.0,104921000.0,130429000.0,108282000.0,94997000.0,48678000.0,50151000.0
20220905,48898620.0,67145750.0,109335090.0,126237500.0,132946770.0,137630090.0,118053780.0,84957720.0,55635410.0,58385000.0,95057000.0,109836000.0,115539000.0,119726000.0,102819000.0,73839000.0,48373000.0
20220906,27548190.0,79643360.0,99829690.0,139388870.0,146750730.0,137219540.0,143254670.0,79021050.0,45437730.0,66495000.0,83345000.0,116159000.0,122220000.0,114418000.0,119379000.0,65818000.0,37945000.0
20220907,-5732080.0,73652390.0,64487860.0,112045260.0,115477720.0,100860630.0,102746880.0,53987320.0,57833150.0,59489000.0,52010000.0,90456000.0,93176000.0,81384000.0,82950000.0,43532000.0,46726000.0
20220908,-9901490.0,59807590.0,50410180.0,90153690.0,89649620.0,66798350.0,72163080.0,32574100.0,37110860.0,48507000.0,40761000.0,73097000.0,72627000.0,53958000.0,58399000.0,26320000.0,30095000.0
20220909,-19068460.0,61428160.0,46106150.0,74742100.0,70995640.0,51831000.0,54926320.0,22809000.0,38782140.0,51338000.0,38486000.0,62464000.0,59335000.0,43275000.0,45881000.0,19014000.0,32388000.0
20220913,-14344660.0,53596470.0,42691430.0,69010510.0,65570900.0,49519010.0,45516500.0,18312690.0,36659860.0,45162000.0,35858000.0,58092000.0,55174000.0,41628000.0,38262000.0,15363000.0,30952000.0
20220914,-8045750.0,64610370.0,55234440.0,83545020.0,84875200.0,63315550.0,56691000.0,19744260.0,34414560.0,54805000.0,46772000.0,70873000.0,72018000.0,53645000.0,47970000.0,16709000.0,29273000.0
20220915,-45649740.0,110536350.0,76050200.0,149568850.0,138405260.0,132885460.0,127242640.0,53245730.0,104538290.0,101045000.0,69800000.0,136829000.0,126621000.0,121319000.0,115988000.0,48628000.0,95412000.0
20220916,-1305980.0,74577800.0,77139400.0,115376560.0,111508980.0,86043210.0,92907790.0,40239450.0,34680850.0,67173000.0,69377000.0,103929000.0,100446000.0,77540000.0,83773000.0,36259000.0,31305000.0
20220919,321920.0,53842480.0,66353710.0,80351770.0,68162460.0,53044080.0,53428960.0,32126190.0,31419390.0,48806000.0,60143000.0,72836000.0,61702000.0,48001000.0,48312000.0,29024000.0,28511000.0
20220920,31402970.0,61743330.0,91252200.0,111560670.0,113454760.0,116278620.0,103177660.0,62722740.0,44420730.0,53818000.0,79472000.0,97239000.0,98805000.0,101256000.0,89889000.0,54598000.0,38745000.0
20220921,-1295040.0,52146180.0,53621530.0,75404420.0,72634040.0,60298100.0,61267030.0,26837260.0,27163370.0,45901000.0,47131000.0,66292000.0,63845000.0,53006000.0,53892000.0,23566000.0,23898000.0
20220922,6529430.0,49017750.0,54788220.0,81325080.0,82084040.0,71243350.0,79773650.0,42187080.0,27127350.0,43086000.0,47917000.0,71374000.0,71929000.0,62357000.0,69851000.0,36758000.0,23879000.0
20220923,-15973940.0,64768300.0,56287550.0,90126410.0,82633230.0,63064870.0,72853610.0,47294080.0,53479280.0,57671000.0,49925000.0,80216000.0,73429000.0,56081000.0,64804000.0,41937000.0,47748000.0
20220926,18656260.0,74675420.0,91295340.0,129764780.0,131801110.0,120965020.0,114637860.0,78752630.0,66423530.0,62642000.0,76789000.0,109094000.0,110847000.0,101997000.0,96504000.0,66356000.0,55949000.0
20220927,-16823200.0,66182240.0,48105850.0,82854710.0,84107910.0,69968010.0,77999190.0,37773890.0,46565910.0,56029000.0,40685000.0,70061000.0,71153000.0,59079000.0,65863000.0,31861000.0,39330000.0
20220928,-26535120.0,70221610.0,64332110.0,96481720.0,75836110.0,75496120.0,99155220.0,43412440.0,46288460.0,61409000.0,56193000.0,84353000.0,66168000.0,65897000.0,86626000.0,37809000.0,40482000.0
20220929,1476000.0,49139470.0,47923260.0,67610040.0,70302260.0,53877050.0,53012080.0,28853670.0,28242640.0,43652000.0,42507000.0,60052000.0,62420000.0,47835000.0,47071000.0,25577000.0,25117000.0
20220930,2706620.0,50726230.0,55435530.0,86324530.0,84321850.0,79837040.0,69497990.0,26906120.0,34538550.0,45795000.0,49827000.0,77743000.0,75882000.0,71766000.0,62631000.0,24268000.0,31231000.0
20221010,-10134650.0,44035890.0,54500040.0,106001030.0,85402220.0,62041410.0,64458650.0,26474420.0,34191830.0,39203000.0,48403000.0,94316000.0,75947000.0,55127000.0,57332000.0,23482000.0,30446000.0
20221011,23063180.0,50063130.0,63974380.0,80965560.0,90117490.0,73041510.0,72131330.0,65831300.0,43678300.0,43084000.0,55024000.0,69699000.0,77500000.0,62799000.0,62017000.0,56531000.0,37571000.0
20221012,16476140.0,82339060.0,78430320.0,102796550.0,123181440.0,112731030.0,112507740.0,79815940.0,63563090.0,69183000.0,65189000.0,85609000.0,102561000.0,93524000.0,93285000.0,65624000.0,52906000.0
20221013,-7793790.0,66702990.0,63734530.0,115943730.0,111118400.0,118033390.0,123225720.0,66731220.0,69332680.0,51599000.0,49289000.0,89616000.0,85920000.0,91314000.0,95289000.0,51639000.0,53669000.0
20221014,33951710.0,70780880.0,90214700.0,119883960.0,134401840.0,128627170.0,116085250.0,74170790.0,52761000.0,54841000.0,69493000.0,92512000.0,103555000.0,98663000.0,89250000.0,56972000.0,40691000.0
20221017,2402090.0,59713130.0,58066230.0,75865970.0,79914960.0,72772790.0,81262730.0,53702970.0,42810940.0,46561000.0,45206000.0,59117000.0,62289000.0,56759000.0,63378000.0,41841000.0,33405000.0
20221018,28347310.0,54481610.0,67909260.0,110824410.0,125744080.0,123266790.0,107148330.0,79899890.0,67671040.0,40725000.0,50779000.0,82617000.0,93673000.0,91826000.0,79835000.0,59382000.0,50263000.0
20221019,-23251710.0,59443400.0,46433210.0,110033860.0,99792350.0,93673140.0,107923060.0,50378960.0,59380750.0,44217000.0,34392000.0,81493000.0,73908000.0,69182000.0,79919000.0,37268000.0,43941000.0
20221020,-12262060.0,76354690.0,53550700.0,79239620.0,89781540.0,69689190.0,75042110.0,43045350.0,49954490.0,59389000.0,41592000.0,61582000.0,69785000.0,54173000.0,58354000.0,33493000.0,38906000.0
20221021,-11183310.0,61784100.0,58885230.0,81612520.0,73328080.0,76764630.0,84044710.0,66511110.0,70414340.0,47510000.0,45184000.0,62650000.0,56230000.0,58862000.0,64531000.0,50808000.0,53885000.0
20221024,-13440880.0,61265990.0,55995490.0,80354700.0,72184300.0,73718680.0,79619730.0,39548670.0,47088500.0,47962000.0,43727000.0,62822000.0,56453000.0,57631000.0,62301000.0,30956000.0,36888000.0
20221025,355550.0,58245060.0,59430710.0,80351830.0,79521720.0,81304540.0,91784360.0,52378980.0,41543610.0,45023000.0,45815000.0,62005000.0,61372000.0,62610000.0,70771000.0,40377000.0,32056000.0
20221026,7521870.0,63786900.0,70042320.0,87212730.0,88479170.0,83534190.0,78684550.0,56227160.0,53554930.0,48853000.0,53406000.0,66591000.0,67485000.0,63662000.0,60066000.0,42716000.0,40864000.0
20221027,-6515090.0,79658540.0,63513510.0,152937960.0,162567910.0,156203550.0,182293280.0,130064570.0,110489930.0,58127000.0,45917000.0,111123000.0,117793000.0,113055000.0,132295000.0,93433000.0,79733000.0
20221028,-21020800.0,58528840.0,47490740.0,97683460.0,87700770.0,80428020.0,91566410.0,48619660.0,58502070.0,44523000.0,36000000.0,74167000.0,66431000.0,61007000.0,69541000.0,36944000.0,44668000.0
20221031,-10178400.0,57525060.0,55056870.0,83723050.0,76012830.0,69545970.0,72710820.0,30888070.0,37901620.0,44207000.0,42242000.0,64325000.0,58394000.0,53453000.0,55904000.0,23721000.0,29166000.0
20221101,1286810.0,57412300.0,57317360.0,108330550.0,109712300.0,100170240.0,88304380.0,58073610.0,68652660.0,43179000.0,42933000.0,81267000.0,82156000.0,75012000.0,66175000.0,43340000.0,51533000.0
20221102,-12567070.0,63045040.0,48312180.0,88273110.0,90438900.0,82126000.0,83957600.0,55065930.0,65801400.0,47498000.0,36338000.0,66380000.0,68008000.0,61744000.0,63190000.0,41401000.0,49488000.0
20221103,10774580.0,37503290.0,43043570.0,87887270.0,93121570.0,81821790.0,91000650.0,71061390.0,51107950.0,27840000.0,31836000.0,65052000.0,68875000.0,60497000.0,67360000.0,52525000.0,37843000.0
20221104,17421990.0,46846210.0,55125960.0,114379490.0,123521740.0,120610520.0,104134040.0,83025270.0,82079760.0,34178000.0,40028000.0,83346000.0,89765000.0,87798000.0,75741000.0,60175000.0,59962000.0
20221107,-43435490.0,67303420.0,42777240.0,120426210.0,101516900.0,105402090.0,101272890.0,46849060.0,94413750.0,49769000.0,31574000.0,88899000.0,74895000.0,77806000.0,74741000.0,34646000.0,69909000.0
20221108,-49233320.0,113077270.0,75858340.0,143002370.0,130987990.0,126999420.0,130513640.0,60823890.0,106542990.0,89105000.0,59807000.0,112665000.0,103258000.0,99941000.0,102648000.0,47852000.0,83850000.0
20221109,-2017940.0,49242560.0,43863590.0,59755950.0,63116970.0,56288740.0,57825580.0,35503820.0,35984920.0,38934000.0,34633000.0,47214000.0,49856000.0,44453000.0,45684000.0,28031000.0,28460000.0
20221110,-28282290.0,62260740.0,39611630.0,79443600.0,73810430.0,66000480.0,79177960.0,20167340.0,35272150.0,50521000.0,32112000.0,64469000.0,59853000.0,53537000.0,64232000.0,16348000.0,28679000.0
20221111,708420.0,58795150.0,55938450.0,85221170.0,88786290.0,76280170.0,80130810.0,41531850.0,36972790.0,47321000.0,44912000.0,68470000.0,71225000.0,61121000.0,64254000.0,33182000.0,29703000.0
20221114,-28929280.0,107378440.0,66285960.0,130526810.0,142690020.0,108835570.0,121585930.0,49912570.0,66091490.0,91483000.0,56475000.0,111263000.0,121509000.0,92626000.0,103348000.0,42514000.0,56554000.0
20221115,21148470.0,67419430.0,87703910.0,123854130.0,124718120.0,93914630.0,107723510.0,69845080.0,34887730.0,57393000.0,74529000.0,105304000.0,105996000.0,79829000.0,91556000.0,59234000.0,29679000.0
20221116,-20727920.0,58912990.0,47644290.0,81772570.0,72313350.0,55575900.0,61371580.0,27772770.0,42705010.0,50660000.0,40973000.0,70272000.0,62132000.0,47744000.0,52709000.0,23831000.0,36693000.0
20221117,-24609030.0,49930230.0,35118070.0,73404430.0,63607560.0,54546690.0,57299750.0,40853210.0,62709180.0,43427000.0,30483000.0,63835000.0,55206000.0,47412000.0,49731000.0,35501000.0,54755000.0
20221118,1715300.0,59879890.0,56430450.0,92535590.0,97700320.0,80018680.0,86648640.0,42309050.0,33963790.0,51824000.0,48598000.0,79825000.0,84301000.0,69013000.0,74851000.0,36490000.0,29402000.0
20221121,-820140.0,48311380.0,50155140.0,75716130.0,73052220.0,57927990.0,60556180.0,26737720.0,24929670.0,41854000.0,43335000.0,65538000.0,63178000.0,50085000.0,52403000.0,23066000.0,21627000.0
20221122,-39282480.0,79487890.0,48127760.0,92601690.0,84679350.0,73653440.0,84726700.0,27020140.0,55229360.0,71347000.0,43178000.0,83113000.0,75967000.0,66060000.0,76018000.0,24229000.0,49585000.0
20221123,42590270.0,59668620.0,89869840.0,108031900.0,120420950.0,116035580.0,103919230.0,65794800.0,35320880.0,52331000.0,78143000.0,94004000.0,104805000.0,100735000.0,90341000.0,56875000.0,30657000.0
20221124,12645240.0,52421850.0,70273880.0,93918030.0,88711230.0,89049630.0,81558270.0,45704720.0,40550840.0,43987000.0,58873000.0,78736000.0,74312000.0,74529000.0,68325000.0,38286000.0,34029000.0
20221125,-29446810.0,60567710.0,38265070.0,81062670.0,73918500.0,56826030.0,66063700.0,15891200.0,36100340.0,52504000.0,33109000.0,70163000.0,63979000.0,49129000.0,57170000.0,13740000.0,31279000.0
20221128,4332850.0,50000710.0,50557270.0,68598890.0,72375170.0,51929310.0,61183450.0,32311250.0,18724260.0,43196000.0,43562000.0,59214000.0,62467000.0,44813000.0,52887000.0,27878000.0,16184000.0
20221129,-17750180.0,52498090.0,34765460.0,65484710.0,65467160.0,45664380.0,50596130.0,16920880.0,29739310.0,45880000.0,30348000.0,57208000.0,57199000.0,39884000.0,44214000.0,14779000.0,25990000.0
20221130,3821790.0,45290960.0,41786780.0,55994570.0,63320540.0,43937700.0,48553570.0,25497130.0,17059470.0,39570000.0,36452000.0,48871000.0,55225000.0,38306000.0,42357000.0,22196000.0,14909000.0
20221201,3304020.0,46163120.0,47502980.0,78406640.0,80370790.0,62872200.0,76462120.0,43891380.0,26997440.0,39824000.0,40917000.0,67595000.0,69260000.0,54162000.0,65907000.0,37806000.0,23302000.0
20221202,45253440.0,59928660.0,83391050.0,100076050.0,121867090.0,111718320.0,103086040.0,81720590.0,45099430.0,49948000.0,69461000.0,83403000.0,101557000.0,93096000.0,85929000.0,68058000.0,37558000.0
20221205,-111683140.0,154246160.0,75775930.0,196824130.0,163611210.0,158385330.0,203986330.0,102333240.0,168415380.0,140032000.0,68827000.0,178580000.0,148638000.0,143634000.0,184557000.0,91943000.0,152166000.0
20221206,-30973420.0,105286640.0,73966930.0,145602190.0,145948470.0,129311120.0,141514520.0,77451590.0,96221610.0,100222000.0,70366000.0,138559000.0,138894000.0,123199000.0,134676000.0,73766000.0,91810000.0
20221207,-7190070.0,59976570.0,47589500.0,96614100.0,101811110.0,77069030.0,88499370.0,46151350.0,41911080.0,56634000.0,44853000.0,91193000.0,96050000.0,72651000.0,83480000.0,43504000.0,39599000.0
20221208,6358980.0,60618740.0,68638570.0,103582690.0,101921840.0,90098080.0,89333580.0,48155780.0,42561300.0,56024000.0,63260000.0,95610000.0,93993000.0,82937000.0,82410000.0,44349000.0,39257000.0
20221209,-18113050.0,57511790.0,44369140.0,79651360.0,74680960.0,76575850.0,86623080.0,27969670.0,36035490.0,54214000.0,41751000.0,75061000.0,70327000.0,72137000.0,81666000.0,26335000.0,34003000.0
20221212,-9165470.0,48482240.0,33267400.0,70146480.0,76195850.0,42508440.0,45509590.0,14738780.0,20903100.0,46010000.0,31533000.0,66578000.0,72315000.0,40338000.0,43207000.0,14000000.0,19870000.0
20221213,-46068270.0,86240860.0,50116060.0,106171110.0,96227630.0,74523370.0,86391960.0,21852250.0,56051930.0,84202000.0,48849000.0,103709000.0,94008000.0,72877000.0,84527000.0,21350000.0,54753000.0
20221214,-39025540.0,108752270.0,49610870.0,108413890.0,128529750.0,87073210.0,105447450.0,34892210.0,55543510.0,110428000.0,50365000.0,109964000.0,130364000.0,88283000.0,107049000.0,35337000.0,56234000.0
20221215,15146500.0,50460840.0,58485770.0,59830820.0,66952380.0,53914140.0,51553250.0,25268420.0,12482810.0,50845000.0,58813000.0,60186000.0,67340000.0,54179000.0,51888000.0,25395000.0,12563000.0
20221216,-14295410.0,48507910.0,37292980.0,54360050.0,51279570.0,40095820.0,45647400.0,12249980.0,20993810.0,49267000.0,37875000.0,55172000.0,52056000.0,40714000.0,46340000.0,12467000.0,21348000.0
20221219,-1605520.0,49399240.0,48134270.0,60346880.0,60006330.0,49531240.0,46576570.0,13617110.0,18177300.0,50301000.0,48954000.0,61391000.0,61040000.0,50334000.0,47433000.0,13766000.0,18365000.0
20221220,3066670.0,48821270.0,56305620.0,77256430.0,72838750.0,53707550.0,53780040.0,13870570.0,10731410.0,50226000.0,57801000.0,79430000.0,74826000.0,55133000.0,55320000.0,14229000.0,11071000.0
20221221,-4778030.0,44491620.0,36343910.0,44140620.0,47510300.0,36718310.0,39864300.0,15807340.0,17439380.0,46384000.0,37901000.0,46008000.0,49490000.0,38261000.0,41502000.0,16416000.0,18176000.0
20221222,-9164710.0,48143060.0,30761840.0,40139890.0,48356410.0,29950290.0,36589740.0,14891480.0,17416740.0,50514000.0,32252000.0,42145000.0,50720000.0,31415000.0,38396000.0,15621000.0,18327000.0
20221223,-21050780.0,56868030.0,30935020.0,54600620.0,59482860.0,41733070.0,45357230.0,9674710.0,27101330.0,61698000.0,33500000.0,59249000.0,64525000.0,45278000.0,49234000.0,10500000.0,29465000.0
20221226,49631410.0,67525430.0,104772870.0,127918900.0,140302880.0,121501340.0,114496240.0,71874670.0,29248360.0,68896000.0,106595000.0,130351000.0,142904000.0,124095000.0,116879000.0,72897000.0,29862000.0
20221227,45601590.0,69479190.0,108706740.0,134081370.0,140455410.0,141864300.0,121939810.0,94503700.0,68826600.0,66013000.0,103124000.0,127364000.0,133408000.0,134845000.0,115816000.0,89558000.0,65431000.0
20221228,14236560.0,70095640.0,86097440.0,127720470.0,125955230.0,123536320.0,101745100.0,47666020.0,55220680.0,64536000.0,79227000.0,117617000.0,115973000.0,113818000.0,93719000.0,43871000.0,50923000.0
20221229,525140.0,45648450.0,37686410.0,66605490.0,75092670.0,57490570.0,54717740.0,27812860.0,30060550.0,41859000.0,34535000.0,61079000.0,68805000.0,52686000.0,50176000.0,25481000.0,27588000.0
20221230,35678660.0,50666570.0,76234810.0,91612900.0,101723320.0,109710720.0,84349060.0,50995590.0,40678590.0,45368000.0,68166000.0,81964000.0,91123000.0,98185000.0,75525000.0,45736000.0,36441000.0
20230103,9139960.0,64447160.0,74941900.0,115789780.0,114435000.0,89527810.0,102545500.0,64204320.0,42046670.0,56710000.0,65653000.0,101743000.0,100543000.0,78400000.0,89795000.0,56056000.0,36919000.0
20230104,-17858240.0,65318720.0,59848830.0,99652480.0,87264120.0,68300220.0,71979300.0,26444910.0,40624070.0,57702000.0,52882000.0,87972000.0,77104000.0,60287000.0,63496000.0,23324000.0,35803000.0
20230105,17188250.0,44028220.0,50358850.0,67488340.0,78345960.0,58719630.0,51028330.0,36444590.0,26947640.0,38562000.0,44028000.0,59067000.0,68530000.0,51346000.0,44663000.0,31831000.0,23586000.0
20230106,25311690.0,68307880.0,81969970.0,108215220.0,119864830.0,129677790.0,116002700.0,86299270.0,74662670.0,56516000.0,67844000.0,89596000.0,99206000.0,107420000.0,96029000.0,71382000.0,61834000.0
20230109,5820500.0,59227900.0,67017660.0,94793810.0,92824550.0,89066250.0,91949580.0,58315180.0,49611350.0,48627000.0,54817000.0,77719000.0,76079000.0,72919000.0,75404000.0,47779000.0,40744000.0
20230110,-5881240.0,45060470.0,45191380.0,81972090.0,75959940.0,54085250.0,55165750.0,24522430.0,29323170.0,36845000.0,36914000.0,66998000.0,62048000.0,44173000.0,45094000.0,20012000.0,23972000.0
20230111,19090540.0,40897810.0,60828190.0,71766450.0,70926600.0,59070000.0,60312840.0,51029160.0,30695780.0,33453000.0,49631000.0,58613000.0,57895000.0,48201000.0,49277000.0,41597000.0,25061000.0
20230112,-15484880.0,54980940.0,35320230.0,55932530.0,60108360.0,44810710.0,55683790.0,29538870.0,34150670.0,45478000.0,29208000.0,46254000.0,49668000.0,37014000.0,46018000.0,24392000.0,28244000.0
20230113,-7972450.0,41882000.0,30350360.0,57534390.0,61093580.0,39605090.0,58770020.0,42561610.0,31369130.0,34801000.0,25188000.0,47784000.0,50711000.0,32860000.0,48774000.0,35251000.0,26023000.0
20230116,-309060.0,51120090.0,54933600.0,80674470.0,76551880.0,58240480.0,66804590.0,39659240.0,31404190.0,41889000.0,44868000.0,66018000.0,62611000.0,47545000.0,54655000.0,32358000.0,25674000.0
20230117,-5903740.0,38453700.0,34392150.0,52674750.0,50832550.0,37608140.0,35791040.0,14526250.0,22247090.0,31775000.0,28361000.0,43458000.0,41942000.0,31049000.0,29561000.0,12019000.0,18438000.0
20230118,264840.0,24719080.0,29471620.0,47928550.0,43440840.0,32034360.0,30932200.0,12789920.0,13627240.0,20316000.0,24208000.0,39374000.0,35684000.0,26298000.0,25399000.0,10505000.0,11203000.0
20230119,-11770910.0,43898590.0,37428160.0,53939550.0,48639070.0,30452520.0,37764460.0,13723170.0,18182140.0,36440000.0,31047000.0,44774000.0,40376000.0,25274000.0,31370000.0,11385000.0,15080000.0
20230120,27707170.0,64590740.0,82037060.0,104470560.0,114731410.0,118975220.0,112971310.0,98151280.0,76448020.0,50950000.0,64664000.0,82497000.0,90499000.0,93894000.0,89216000.0,77497000.0,60458000.0
20230130,26186410.0,64554650.0,83262080.0,96805790.0,104284780.0,99042890.0,96603740.0,71884550.0,48137290.0,49112000.0,63263000.0,73538000.0,79156000.0,75161000.0,73307000.0,54537000.0,36622000.0
20230131,-5199130.0,51109010.0,47844440.0,62972780.0,61038230.0,59036250.0,58525520.0,24251190.0,29961050.0,39326000.0,36769000.0,48419000.0,46909000.0,45408000.0,45029000.0,18628000.0,23075000.0
20230201,-24329080.0,99302510.0,59430760.0,104490240.0,120032910.0,102759350.0,104505000.0,44772370.0,67355800.0,79152000.0,47327000.0,83264000.0,95582000.0,81816000.0,83263000.0,35593000.0,53653000.0
20230202,-12976030.0,65500560.0,44315110.0,63151920.0,71361330.0,50950430.0,56649190.0,20876130.0,28153400.0,52675000.0,35625000.0,50783000.0,57369000.0,40939000.0,45531000.0,16777000.0,22649000.0
20230203,-4704670.0,47745840.0,42359730.0,62106730.0,62788170.0,42445710.0,47715040.0,21502500.0,20937840.0,39035000.0,34576000.0,50742000.0,51329000.0,34657000.0,38997000.0,17582000.0,17114000.0
20230206,-14734720.0,51500860.0,39740530.0,62998700.0,60024310.0,42946750.0,43210110.0,20294320.0,34765680.0,42651000.0,32860000.0,52136000.0,49674000.0,35546000.0,35764000.0,16803000.0,28837000.0
20230207,-12847320.0,57402150.0,48951760.0,70327680.0,65930740.0,48213130.0,49054930.0,21184840.0,33190360.0,47747000.0,40663000.0,58469000.0,54789000.0,40021000.0,40674000.0,17527000.0,27638000.0
20230208,14755540.0,42272960.0,50516790.0,49199450.0,55711160.0,43330260.0,42655740.0,26424550.0,12343530.0,34935000.0,41710000.0,40632000.0,45996000.0,35762000.0,35202000.0,21769000.0,10189000.0
20230209,12878620.0,58561280.0,62299890.0,77476790.0,86616800.0,92031450.0,76190700.0,45770700.0,48732830.0,48010000.0,50848000.0,63448000.0,70857000.0,75189000.0,62230000.0,37321000.0,40032000.0
20230210,-17346050.0,44421270.0,25711980.0,48641640.0,50004880.0,32262160.0,39027010.0,13911960.0,24493160.0,36803000.0,21281000.0,40274000.0,41380000.0,26708000.0,32318000.0,11506000.0,20312000.0
20230213,2084060.0,30376880.0,30436030.0,40624010.0,42648910.0,26395060.0,25549260.0,17840900.0,16602640.0,25137000.0,25166000.0,33605000.0,35278000.0,21830000.0,21134000.0,14738000.0,13732000.0
20230214,-22352620.0,58435380.0,44338300.0,75099910.0,66844370.0,52750020.0,60263650.0,26150670.0,40989660.0,49187000.0,37275000.0,63223000.0,56262000.0,44376000.0,50723000.0,22011000.0,34537000.0
20230215,-34622440.0,61917090.0,35092870.0,73296330.0,65498090.0,57272760.0,74103140.0,28686940.0,46479000.0,52634000.0,29737000.0,62315000.0,55613000.0,48659000.0,63142000.0,24404000.0,39520000.0
20230216,-14657190.0,49554280.0,31005240.0,55892980.0,59784830.0,32353490.0,40183810.0,15972340.0,22799210.0,42558000.0,26589000.0,47992000.0,51291000.0,27779000.0,34524000.0,13703000.0,19627000.0
20230217,-25196460.0,54135350.0,38825900.0,62854920.0,52967910.0,42893620.0,48654260.0,15761040.0,35196860.0,47671000.0,34173000.0,55311000.0,46614000.0,37768000.0,42842000.0,13883000.0,31004000.0
20230220,18971430.0,60197450.0,73609370.0,90315940.0,95875460.0,80967570.0,76375050.0,52661160.0,38282250.0,51524000.0,62957000.0,77319000.0,82028000.0,69256000.0,65393000.0,45101000.0,32822000.0
20230221,-3094140.0,56732040.0,54832940.0,73169720.0,71974680.0,52559450.0,58418490.0,24104940.0,21340040.0,48794000.0,47017000.0,62842000.0,61825000.0,45147000.0,50251000.0,20689000.0,18379000.0
20230222,11282560.0,41581730.0,51194540.0,63369500.0,65039240.0,55745640.0,47646160.0,24659890.0,21476810.0,35017000.0,43047000.0,53309000.0,54676000.0,46800000.0,40002000.0,20677000.0,18078000.0
20230223,39203980.0,57547230.0,78945020.0,94618430.0,112424620.0,86105170.0,81386290.0,65883990.0,31398890.0,47577000.0,65210000.0,78205000.0,92889000.0,71098000.0,67205000.0,54364000.0,25939000.0
20230224,-7893310.0,33457680.0,36485660.0,54115170.0,43193880.0,40859440.0,38166900.0,17813730.0,28399580.0,27702000.0,30197000.0,44796000.0,35729000.0,33812000.0,31583000.0,14751000.0,23552000.0
20230227,5452570.0,41781710.0,43122860.0,61280620.0,65392050.0,54004870.0,49013130.0,27201450.0,26740620.0,34678000.0,35607000.0,50736000.0,54093000.0,44628000.0,40536000.0,22407000.0,22212000.0
20230228,-10180250.0,32692150.0,27632170.0,42129790.0,37009510.0,26016950.0,26187500.0,9967840.0,19977540.0,27438000.0,23174000.0,35339000.0,31043000.0,21814000.0,21956000.0,8347000.0,16765000.0
20230301,-30395620.0,75362350.0,45249330.0,89909580.0,89626980.0,66713180.0,78059960.0,28699660.0,47748500.0,65235000.0,39190000.0,77862000.0,77575000.0,57794000.0,67637000.0,24878000.0,41368000.0
20230302,-29410630.0,71963130.0,45050480.0,75477670.0,72979690.0,55571300.0,64905470.0,19636470.0,39712930.0,63433000.0,39713000.0,66504000.0,64280000.0,48937000.0,57170000.0,17242000.0,34952000.0
20230303,-9121070.0,40781380.0,30280590.0,49083030.0,50462740.0,32285760.0,34934530.0,14371630.0,20843930.0,36070000.0,26738000.0,43391000.0,44590000.0,28540000.0,30865000.0,12665000.0,18473000.0
20230306,37289610.0,66337450.0,94567460.0,122339490.0,131399100.0,132273110.0,117195090.0,73782850.0,51571260.0,57955000.0,81614000.0,106434000.0,113784000.0,114103000.0,101557000.0,63486000.0,45022000.0
20230307,17034160.0,51112280.0,71775310.0,88365410.0,84736540.0,86598730.0,73992520.0,39310600.0,34882650.0,42869000.0,60123000.0,74049000.0,70988000.0,72563000.0,61958000.0,32853000.0,29265000.0
20230308,-21740760.0,55830580.0,44732750.0,79439210.0,68796280.0,56630010.0,72440830.0,24690970.0,30620910.0,47647000.0,38173000.0,67763000.0,58675000.0,48229000.0,61736000.0,21072000.0,26127000.0
20230309,-2182090.0,35694040.0,29392600.0,48009400.0,52128750.0,37274960.0,42222130.0,17984570.0,15219490.0,30979000.0,25474000.0,41645000.0,45198000.0,32313000.0,36619000.0,15590000.0,13236000.0
20230310,-3961920.0,41202660.0,31868450.0,63379980.0,68752270.0,47784840.0,49824670.0,20256270.0,22178360.0,36317000.0,27972000.0,55777000.0,60489000.0,42039000.0,43885000.0,17821000.0,19609000.0
20230313,-17641180.0,51457850.0,29794080.0,65542310.0,69564890.0,48190710.0,59160980.0,20311830.0,26982740.0,45942000.0,26561000.0,58476000.0,62059000.0,42984000.0,52732000.0,18042000.0,24092000.0
20230314,-59151220.0,122583250.0,63803850.0,167536580.0,167164760.0,130707160.0,162470800.0,62888300.0,90275880.0,116296000.0,60626000.0,158903000.0,158759000.0,124258000.0,154151000.0,59878000.0,85799000.0
20230315,-13174460.0,65204080.0,42342380.0,79045580.0,88732820.0,60582310.0,70600830.0,32196350.0,35352290.0,61815000.0,40021000.0,74871000.0,84080000.0,57202000.0,66736000.0,30401000.0,33452000.0
20230316,-79148750.0,125019400.0,61193700.0,158436350.0,143113290.0,108478510.0,153493200.0,44241200.0,78375260.0,125677000.0,61608000.0,159290000.0,143835000.0,109091000.0,154392000.0,44493000.0,78716000.0
20230317,-32591990.0,94110070.0,61974180.0,109108250.0,108652140.0,77545840.0,105861460.0,42825700.0,47102070.0,97545000.0,64127000.0,112985000.0,112475000.0,80289000.0,109596000.0,44117000.0,48739000.0
20230320,17403880.0,66576000.0,84349460.0,118055710.0,117686130.0,100674100.0,95726870.0,49775320.0,37318670.0,67474000.0,85227000.0,119373000.0,118947000.0,101811000.0,96797000.0,49959000.0,37646000.0
20230321,7819570.0,73067240.0,82740740.0,118437100.0,116583160.0,92171990.0,97575070.0,49504620.0,36281970.0,72658000.0,82066000.0,117551000.0,115608000.0,91294000.0,96740000.0,48887000.0,35976000.0
20230322,-5072310.0,47204720.0,48567700.0,85012590.0,78577290.0,78706090.0,71258930.0,29733270.0,42252740.0,46320000.0,47536000.0,83301000.0,76945000.0,77033000.0,69777000.0,29057000.0,41454000.0
20230323,-45755720.0,64150260.0,29661470.0,64775060.0,53508140.0,47070880.0,59064330.0,16149920.0,49912190.0,63972000.0,29557000.0,64593000.0,53329000.0,46924000.0,58924000.0,16120000.0,49799000.0
20230324,11911220.0,59019790.0,69194270.0,88979690.0,90716440.0,74165960.0,71703790.0,37307100.0,27858050.0,58885000.0,68636000.0,88479000.0,90148000.0,73614000.0,71326000.0,36785000.0,27653000.0
20230327,43833810.0,66850400.0,107362460.0,133805770.0,137127500.0,128028320.0,110305140.0,76266930.0,50156300.0,64498000.0,103201000.0,128814000.0,131996000.0,123119000.0,106167000.0,73403000.0,48471000.0
20230328,10287460.0,50894100.0,66123900.0,81863760.0,76921410.0,74351860.0,52927790.0,20153070.0,31289680.0,48942000.0,63518000.0,78671000.0,73916000.0,71433000.0,50871000.0,19366000.0,30107000.0
20230329,8736500.0,47070420.0,55404620.0,84810480.0,85212780.0,73179370.0,64533960.0,29419970.0,29328880.0,44884000.0,52718000.0,80753000.0,81091000.0,69598000.0,61405000.0,27944000.0,27965000.0
20230330,-350790.0,40307970.0,41315800.0,86762580.0,85403970.0,70506470.0,69005340.0,28407060.0,30258980.0,38712000.0,39451000.0,83082000.0,81772000.0,67460000.0,66124000.0,27048000.0,28954000.0
20230331,3377850.0,49789580.0,46216710.0,78633300.0,85584030.0,68486930.0,64397860.0,35519110.0,36230330.0,47180000.0,43587000.0,74366000.0,80956000.0,64670000.0,60875000.0,33460000.0,34259000.0
20230403,-2696410.0,49655140.0,48877710.0,79085630.0,77166650.0,66750050.0,70034090.0,40218510.0,39630880.0,47174000.0,46317000.0,75101000.0,73165000.0,63232000.0,66435000.0,38001000.0,37591000.0
20230404,-66112280.0,105622050.0,53011170.0,151519190.0,138017790.0,110165280.0,131649770.0,39233250.0,83861040.0,104834000.0,52624000.0,150365000.0,136974000.0,109357000.0,130604000.0,38923000.0,83276000.0
20230406,-16071590.0,69867180.0,51659840.0,80173770.0,82309520.0,62061710.0,68444280.0,20872900.0,30561920.0,69844000.0,51444000.0,79971000.0,82015000.0,61769000.0,68285000.0,20694000.0,30533000.0
20230407,-12753390.0,46456110.0,36432070.0,61013740.0,58284400.0,45868360.0,48457220.0,15795330.0,25959860.0,46491000.0,36386000.0,60946000.0,58226000.0,45827000.0,48420000.0,15768000.0,26000000.0
20230410,23817230.0,44294320.0,61826890.0,82881760.0,89166420.0,81765870.0,77936450.0,40234520.0,20246710.0,44033000.0,61382000.0,82333000.0,88462000.0,81086000.0,77348000.0,39819000.0,20079000.0
20230411,19371860.0,53476670.0,64056520.0,109178700.0,117970710.0,126532920.0,110679210.0,46468150.0,42950000.0,52347000.0,62532000.0,106678000.0,115274000.0,123433000.0,108024000.0,45259000.0,41887000.0
20230412,-15190220.0,58922420.0,43805450.0,78237080.0,78163830.0,65542120.0,72355260.0,22911680.0,31288760.0,58733000.0,43578000.0,77796000.0,77765000.0,65153000.0,72008000.0,22840000.0,31171000.0
20230413,11800690.0,48462830.0,50173350.0,70881500.0,80971670.0,76889250.0,67508330.0,28112360.0,25692590.0,48290000.0,49751000.0,70524000.0,80419000.0,76256000.0,67089000.0,27756000.0,25567000.0
20230414,35478710.0,55044790.0,69922130.0,92834720.0,113436090.0,117510040.0,97789190.0,58976720.0,43218860.0,53841000.0,68199000.0,90672000.0,110664000.0,114493000.0,95327000.0,57373000.0,42188000.0
20230417,9103050.0,39116940.0,44286190.0,65347760.0,69281560.0,52219990.0,48740740.0,25642920.0,20019120.0,38325000.0,43349000.0,63997000.0,67815000.0,51105000.0,47706000.0,25052000.0,19608000.0
20230418,67833880.0,78548230.0,113096550.0,148089960.0,181375530.0,178265590.0,158720200.0,132561610.0,84273120.0,72533000.0,104537000.0,136709000.0,167622000.0,164871000.0,146789000.0,122867000.0,78033000.0
20230419,-7279770.0,58561590.0,66293710.0,120162600.0,105150720.0,95522450.0,96762500.0,52786340.0,58826060.0,53888000.0,60839000.0,110375000.0,96606000.0,87819000.0,88956000.0,48435000.0,54117000.0
20230420,-16008560.0,60614640.0,39031480.0,88445940.0,94020540.0,78055550.0,87027420.0,32659580.0,39696270.0,57232000.0,36870000.0,83532000.0,88808000.0,73757000.0,82221000.0,30858000.0,37480000.0
20230421,44540810.0,57540990.0,90297010.0,123478400.0,135263210.0,136565120.0,116907760.0,101112310.0,76228860.0,52554000.0,82353000.0,112713000.0,123340000.0,124382000.0,106575000.0,91984000.0,69365000.0
20230424,-1813950.0,80430100.0,80656730.0,146605770.0,144565200.0,119410090.0,118322080.0,70758730.0,73660690.0,77796000.0,78171000.0,141567000.0,139732000.0,115295000.0,114256000.0,68695000.0,71194000.0
20230425,-452900.0,68683090.0,71697010.0,137312320.0,133845510.0,125610470.0,138642720.0,111820110.0,99240760.0,65229000.0,67725000.0,129989000.0,126432000.0,118610000.0,131015000.0,105444000.0,94100000.0
20230426,56562220.0,102954800.0,130339020.0,215981960.0,245159970.0,285337300.0,268326220.0,241991240.0,202440100.0,91828000.0,116075000.0,192241000.0,218282000.0,253959000.0,238422000.0,214237000.0,179486000.0
20230427,-34637950.0,84303610.0,62935620.0,136913400.0,123643440.0,121200970.0,126547900.0,68387330.0,97678350.0,72585000.0,54121000.0,117830000.0,106400000.0,104367000.0,108955000.0,58852000.0,84158000.0
20230428,-25686190.0,82995250.0,77774100.0,137680520.0,117215490.0,127871820.0,127955590.0,48815300.0,74417720.0,73665000.0,69072000.0,122152000.0,103923000.0,113329000.0,113346000.0,43178000.0,65982000.0
20230504,7474300.0,67683890.0,69269080.0,124618160.0,130507270.0,131924080.0,126650190.0,63312860.0,61112450.0,59697000.0,60900000.0,109800000.0,114851000.0,115882000.0,111164000.0,55433000.0,53897000.0
20230505,-33232790.0,73092580.0,62336410.0,133602140.0,111125520.0,97612210.0,103454140.0,47967850.0,75358710.0,68071000.0,57928000.0,124218000.0,103377000.0,90836000.0,96255000.0,44658000.0,70224000.0
20230508,-18665210.0,47387770.0,45036350.0,105753470.0,89439690.0,73245560.0,82315180.0,38856480.0,48452070.0,44526000.0,42147000.0,99031000.0,83799000.0,68672000.0,77203000.0,36378000.0,45458000.0
20230509,-12561630.0,45403180.0,46951200.0,90802110.0,76692460.0,63184600.0,67842060.0,24075040.0,31979210.0,42415000.0,43733000.0,84696000.0,71492000.0,58837000.0,63285000.0,22397000.0,29834000.0
20230510,11837110.0,60385980.0,66832420.0,114609580.0,120000240.0,99492000.0,89144440.0,52946470.0,51456920.0,56438000.0,62067000.0,106780000.0,111788000.0,92292000.0,82944000.0,49103000.0,47815000.0
20230511,17145820.0,60554760.0,62818800.0,102930380.0,117812160.0,108526880.0,100122330.0,56146200.0,47404930.0,54262000.0,56204000.0,92249000.0,105479000.0,97088000.0,89592000.0,50090000.0,42414000.0
20230512,-10517140.0,44909200.0,31807600.0,69035680.0,71620150.0,55320880.0,60735860.0,21061000.0,26163160.0,40683000.0,28758000.0,62516000.0,64841000.0,50076000.0,54994000.0,19045000.0,23726000.0
20230515,22279630.0,63715360.0,77828550.0,123565570.0,131732010.0,131988790.0,123172910.0,72554060.0,59090310.0,55292000.0,67602000.0,107314000.0,114425000.0,114595000.0,106977000.0,63080000.0,51276000.0
20230516,14437950.0,63924850.0,71418360.0,107195790.0,114140240.0,116463430.0,106380340.0,58977770.0,54622910.0,54484000.0,60661000.0,91173000.0,96976000.0,98624000.0,90232000.0,49855000.0,46268000.0
20230517,-8364180.0,47960380.0,44657090.0,72572880.0,67512000.0,57468210.0,60733550.0,24733410.0,29832250.0,41341000.0,38428000.0,62553000.0,58133000.0,49494000.0,52342000.0,21261000.0,25746000.0
20230518,-15836780.0,54300490.0,36628060.0,75428530.0,77264170.0,63872780.0,64806360.0,21080860.0,35984060.0,47434000.0,31993000.0,65908000.0,67515000.0,55831000.0,56654000.0,18411000.0,31423000.0
20230519,2752560.0,33589300.0,28965760.0,56475040.0,63851140.0,52936090.0,43012770.0,19448660.0,26619420.0,29343000.0,25279000.0,49305000.0,55736000.0,46206000.0,37549000.0,16957000.0,23246000.0
20230522,-8195070.0,34821430.0,25969470.0,47551420.0,48208310.0,37225790.0,38547630.0,11263970.0,18137200.0,30425000.0,22649000.0,41510000.0,42053000.0,32466000.0,33632000.0,9811000.0,15878000.0
20230523,9148940.0,39023800.0,45659420.0,62029070.0,64542370.0,60316800.0,54871140.0,26354040.0,22650760.0,33948000.0,39650000.0,53928000.0,56067000.0,52326000.0,47628000.0,22824000.0,19680000.0
20230524,18414510.0,49091130.0,57237820.0,84735910.0,95003710.0,92958530.0,81548010.0,52649170.0,45645180.0,42026000.0,48944000.0,72495000.0,81250000.0,79456000.0,69716000.0,44942000.0,39008000.0
20230525,19919580.0,63204920.0,71821700.0,110470350.0,121773160.0,118529900.0,127429540.0,111089120.0,82269900.0,52679000.0,59795000.0,92126000.0,101522000.0,98765000.0,106043000.0,92261000.0,68472000.0
20230526,-49731810.0,68322550.0,42166010.0,113001740.0,89426470.0,80113720.0,87966470.0,38122620.0,80001680.0,59404000.0,36627000.0,98094000.0,77655000.0,69557000.0,76341000.0,33121000.0,69554000.0
20230529,-49753670.0,68089670.0,36924770.0,97603430.0,79014670.0,77190620.0,87099510.0,34258190.0,74102970.0,61891000.0,33578000.0,88717000.0,71761000.0,70163000.0,79160000.0,31085000.0,67357000.0
20230530,-2394650.0,50186000.0,40001920.0,68293750.0,76083190.0,50804030.0,56208800.0,32317630.0,29307510.0,45502000.0,36183000.0,61863000.0,68944000.0,45972000.0,50834000.0,29148000.0,26525000.0
20230531,-4252580.0,35921560.0,29030460.0,49920310.0,52558810.0,36969110.0,40927040.0,24161380.0,24456030.0,32485000.0,26227000.0,45142000.0,47517000.0,33435000.0,37012000.0,21865000.0,22169000.0
20230601,-23689400.0,51072530.0,29032380.0,69976990.0,68327730.0,42398270.0,57611660.0,29151760.0,37627770.0,46812000.0,26576000.0,64164000.0,62603000.0,38884000.0,52836000.0,26751000.0,34597000.0
20230602,-9727380.0,36269290.0,28790400.0,55232310.0,52983820.0,36827350.0,43280550.0,15689920.0,18964100.0,33429000.0,26510000.0,50891000.0,48815000.0,33930000.0,39881000.0,14455000.0,17499000.0
20230605,-33327620.0,57417900.0,39880080.0,92373340.0,76583540.0,68612630.0,84516360.0,34586470.0,52010360.0,55319000.0,38297000.0,88923000.0,73727000.0,66199000.0,81598000.0,33354000.0,50173000.0
20230606,-13034510.0,53443160.0,46080670.0,82580420.0,76908410.0,68573230.0,87261990.0,32916090.0,27261840.0,51637000.0,44328000.0,79648000.0,74133000.0,66103000.0,84340000.0,31643000.0,26231000.0
20230607,-21844320.0,42436550.0,35657630.0,80437270.0,65371880.0,48341280.0,57720090.0,17686200.0,30151710.0,41576000.0,34914000.0,78750000.0,64012000.0,47326000.0,56521000.0,17328000.0,29533000.0
20230608,-5242730.0,38908220.0,41447760.0,76670270.0,68887980.0,56056470.0,63877850.0,26958480.0,24379830.0,37394000.0,39750000.0,73698000.0,66133000.0,53774000.0,61390000.0,25841000.0,23434000.0
20230609,-1179470.0,36378890.0,28886350.0,58134770.0,64447850.0,56181700.0,50173230.0,19777340.0,26965280.0,35255000.0,27953000.0,56319000.0,62407000.0,54402000.0,48615000.0,19129000.0,26131000.0
20230612,7107780.0,42320940.0,43107460.0,74944160.0,81265420.0,69946680.0,81042370.0,51546370.0,33342900.0,41041000.0,41479000.0,72467000.0,78384000.0,67486000.0,78392000.0,49534000.0,32274000.0
20230613,-4238540.0,35727800.0,28103780.0,47667900.0,51053370.0,45411340.0,41540670.0,17747100.0,25856310.0,34172000.0,26854000.0,45589000.0,48814000.0,43407000.0,39716000.0,16964000.0,24748000.0
20230614,-6921920.0,46335480.0,35544950.0,67172270.0,71040880.0,54074010.0,56084140.0,23144800.0,28056590.0,44452000.0,34056000.0,64353000.0,68101000.0,51836000.0,53692000.0,22099000.0,26891000.0
20230615,32193210.0,61945800.0,81311690.0,127667150.0,140494460.0,123126330.0,119529160.0,104136320.0,75540280.0,57496000.0,75551000.0,118280000.0,130523000.0,114480000.0,110811000.0,96542000.0,69913000.0
20230616,-5614610.0,65606630.0,63748670.0,118884390.0,115127740.0,113039850.0,110320130.0,59883860.0,68218190.0,58223000.0,56513000.0,105481000.0,102109000.0,100264000.0,97846000.0,53150000.0,60651000.0
20230619,-27290190.0,52790270.0,32184540.0,68069850.0,61385390.0,44108460.0,53605290.0,19362290.0,37155650.0,46350000.0,28246000.0,59785000.0,53900000.0,38739000.0,47079000.0,16966000.0,32614000.0
20230620,1757100.0,36847360.0,35510880.0,53372540.0,56466120.0,43267100.0,46049640.0,27677190.0,23137550.0,32453000.0,31224000.0,46987000.0,49655000.0,38029000.0,40477000.0,24218000.0,20331000.0
20230621,508730.0,37200090.0,41127290.0,63617200.0,60198740.0,62445220.0,56619030.0,31844620.0,37162080.0,32425000.0,35742000.0,55366000.0,52323000.0,54282000.0,49319000.0,27680000.0,32369000.0
20230626,-2200540.0,43259640.0,42874760.0,72287170.0,70471510.0,68806230.0,61192370.0,25398800.0,35213200.0,37699000.0,37276000.0,62927000.0,61335000.0,59747000.0,53228000.0,22058000.0,30592000.0
20230627,-7840460.0,39053740.0,37716740.0,67260260.0,60756800.0,50137210.0,57210530.0,40586440.0,41353580.0,33456000.0,32257000.0,57580000.0,51963000.0,42828000.0,48928000.0,34626000.0,35342000.0
20230628,9125740.0,29208790.0,38623800.0,53709930.0,53420670.0,52677710.0,39113960.0,13323230.0,17761240.0,24974000.0,33015000.0,45917000.0,45657000.0,45013000.0,33434000.0,11372000.0,15170000.0
20230629,-7395610.0,29959980.0,27032200.0,45575810.0,41107980.0,34880510.0,46891300.0,16690360.0,12075180.0,25676000.0,23141000.0,39059000.0,35211000.0,29868000.0,40170000.0,14265000.0,10347000.0
20230630,-4427290.0,37252330.0,40366070.0,70137990.0,62596960.0,56025720.0,55331050.0,32400530.0,37522490.0,32005000.0,34590000.0,60123000.0,53641000.0,47985000.0,47427000.0,27653000.0,32109000.0
20230703,-20771400.0,75319920.0,77551280.0,143607320.0,120604560.0,144398280.0,139333520.0,90714980.0,116551140.0,61197000.0,62959000.0,116615000.0,97951000.0,117279000.0,113142000.0,73642000.0,94680000.0
20230704,-24746270.0,54835300.0,43146690.0,71093930.0,58036290.0,55145730.0,58845940.0,21983840.0,43029900.0,45224000.0,35582000.0,58656000.0,47839000.0,45457000.0,48493000.0,18119000.0,35542000.0
20230705,2258810.0,32145580.0,33197090.0,41418170.0,42625460.0,40440380.0,29816260.0,18421900.0,26787210.0,26790000.0,27640000.0,34483000.0,35466000.0,33677000.0,24802000.0,15340000.0,22382000.0
20230706,-3781690.0,29828050.0,29527790.0,41028520.0,37547090.0,35933770.0,35620320.0,16306840.0,20401980.0,25166000.0,24884000.0,34584000.0,31627000.0,30274000.0,30023000.0,13741000.0,17230000.0
20230707,-9874890.0,36671380.0,32984920.0,46740020.0,40551600.0,28763420.0,35017780.0,17296990.0,20917520.0,31387000.0,28162000.0,39948000.0,34658000.0,24606000.0,29991000.0,14811000.0,17941000.0
20230710,2517700.0,39822750.0,42654840.0,52555280.0,52240900.0,67225220.0,53859860.0,33273510.0,44121170.0,33689000.0,36005000.0,44421000.0,44072000.0,56729000.0,45467000.0,28080000.0,37375000.0
20230711,-3329180.0,28956630.0,23604660.0,29987440.0,32010220.0,23215830.0,27663990.0,16224790.0,15105810.0,24784000.0,20176000.0,25656000.0,27377000.0,19854000.0,23659000.0,13866000.0,12949000.0
20230712,11203590.0,32540040.0,38370440.0,59090010.0,64463190.0,46421230.0,42659490.0,28463480.0,21021630.0,27624000.0,32504000.0,50119000.0,54675000.0,39292000.0,36143000.0,24064000.0,17776000.0
20230713,-1604390.0,28201640.0,28450900.0,44867470.0,43013820.0,39976050.0,34012450.0,17014040.0,24582030.0,23822000.0,24009000.0,37884000.0,36302000.0,33743000.0,28710000.0,14330000.0,20757000.0
20230714,-24605810.0,68987740.0,52146340.0,84537440.0,76773040.0,63343880.0,80019600.0,39698180.0,47628270.0,60051000.0,45451000.0,73561000.0,66754000.0,55121000.0,69737000.0,34662000.0,41453000.0
20230717,-2223040.0,21072010.0,19501880.0,29966810.0,29313900.0,24822830.0,23607230.0,6099490.0,9538130.0,18461000.0,17080000.0,26246000.0,25674000.0,21739000.0,20680000.0,5344000.0,8356000.0
20230718,-9528190.0,30845410.0,29257560.0,41013920.0,33073580.0,25781910.0,27057550.0,14675890.0,22928440.0,27320000.0,25912000.0,36312000.0,29275000.0,22819000.0,23958000.0,12981000.0,20287000.0
20230719,-20688220.0,52582980.0,32513870.0,62513370.0,61894260.0,46757030.0,56145950.0,17804980.0,29104280.0,47568000.0,29405000.0,56537000.0,55988000.0,42315000.0,50774000.0,16106000.0,26360000.0
20230720,-4641400.0,29189020.0,28601030.0,36153170.0,32099730.0,20358560.0,23188820.0,8842330.0,10653470.0,26489000.0,25936000.0,32774000.0,29073000.0,18435000.0,21028000.0,7996000.0,9658000.0
20230721,-1549510.0,25012870.0,22753800.0,30419360.0,31128910.0,19387370.0,16407200.0,7978920.0,12508600.0,23066000.0,20968000.0,28033000.0,28682000.0,17861000.0,15130000.0,7353000.0,11533000.0
20230724,-5937560.0,29298470.0,25135180.0,40626490.0,38852230.0,27827740.0,32201960.0,9279780.0,10843120.0,27398000.0,23497000.0,37989000.0,36326000.0,26004000.0,30102000.0,8676000.0,10141000.0
20230725,8757250.0,39775060.0,37745090.0,55719230.0,66506450.0,43460510.0,41698570.0,22855090.0,15859780.0,36854000.0,34938000.0,51601000.0,61558000.0,40183000.0,38597000.0,21129000.0,14673000.0
20230726,-5853830.0,34320480.0,35975480.0,51841520.0,44332680.0,29825990.0,32430900.0,11538450.0,14787370.0,31339000.0,32851000.0,47349000.0,40481000.0,27257000.0,29630000.0,10541000.0,13523000.0
20230727,2774760.0,25771170.0,27657270.0,38564620.0,39453270.0,23976880.0,24140600.0,10749770.0,7811290.0,23564000.0,25262000.0,35251000.0,36049000.0,21882000.0,22039000.0,9788000.0,7134000.0
20230728,3644920.0,26571710.0,27572360.0,38684400.0,41328690.0,29020140.0,26477000.0,13019850.0,11918070.0,24430000.0,25330000.0,35552000.0,37969000.0,26657000.0,24344000.0,11948000.0,10944000.0
20230731,10888320.0,36041540.0,41218300.0,52243000.0,57954570.0,42011760.0,39608540.0,25613410.0,17128310.0,32515000.0,37162000.0,47124000.0,52297000.0,37919000.0,35746000.0,23129000.0,15482000.0
20230801,-34630530.0,71681400.0,39269130.0,96792530.0,94574280.0,73311440.0,88459550.0,29132920.0,48615340.0,66991000.0,36613000.0,90482000.0,88317000.0,68512000.0,82812000.0,27153000.0,45395000.0
20230802,-19517930.0,45497250.0,30072160.0,60593600.0,56500750.0,41408120.0,52110980.0,14274980.0,23090050.0,43185000.0,28479000.0,57483000.0,53593000.0,39302000.0,49489000.0,13545000.0,21954000.0
20230803,8118310.0,34837560.0,41087430.0,52107330.0,53975770.0,38682480.0,36378720.0,21588000.0,15773450.0,32674000.0,38514000.0,48848000.0,50588000.0,36258000.0,34100000.0,20235000.0,14814000.0
20230804,14257150.0,43789140.0,48665400.0,63233050.0,72613940.0,53906370.0,56637130.0,43550220.0,26562310.0,40055000.0,44449000.0,57821000.0,66362000.0,49292000.0,51743000.0,39718000.0,24330000.0
20230807,-5747170.0,29115850.0,23342240.0,37184990.0,37211430.0,29292510.0,26930150.0,12977100.0,21086630.0,26686000.0,21375000.0,34050000.0,34080000.0,26833000.0,24665000.0,11886000.0,19334000.0
20230808,-4467040.0,58263930.0,55995110.0,97478160.0,95279940.0,95999630.0,97045110.0,68254300.0,71675860.0,51890000.0,49805000.0,86689000.0,84760000.0,85206000.0,86111000.0,60468000.0,63576000.0
20230809,5162640.0,44968510.0,46253640.0,61771250.0,65648770.0,58144180.0,63151790.0,35349420.0,25179170.0,39866000.0,40959000.0,54764000.0,58150000.0,51533000.0,55960000.0,31255000.0,22348000.0
20230810,8363370.0,41583480.0,46714760.0,64351400.0,67583490.0,52978470.0,55990940.0,40348200.0,28972360.0,36206000.0,40655000.0,55987000.0,58786000.0,46077000.0,48696000.0,35075000.0,25209000.0
20230811,-16166670.0,39536550.0,32367450.0,60761700.0,51764130.0,44365800.0,49861010.0,14011200.0,24682660.0,34996000.0,28623000.0,53744000.0,45780000.0,39218000.0,44098000.0,12401000.0,21858000.0
20230814,-2971900.0,34605440.0,33188270.0,59421810.0,57867080.0,34397390.0,35442490.0,17459440.0,19386240.0,31557000.0,30142000.0,53940000.0,52585000.0,31274000.0,32250000.0,15856000.0,17649000.0
20230815,-8289380.0,37301640.0,38007090.0,50164440.0,41169620.0,30678630.0,34152250.0,13662840.0,18478600.0,33885000.0,34452000.0,45552000.0,37327000.0,27809000.0,31009000.0,12345000.0,16802000.0
20230816,-6778510.0,33254400.0,22393420.0,40587240.0,44669710.0,27022570.0,28044060.0,8463730.0,14220750.0,30852000.0,20748000.0,37662000.0,41449000.0,25075000.0,26001000.0,7829000.0,13220000.0
20230817,-7931200.0,31844050.0,26555150.0,44478230.0,41835920.0,27376410.0,33043510.0,11299010.0,13563110.0,29940000.0,24943000.0,41801000.0,39298000.0,25720000.0,31068000.0,10609000.0,12760000.0
20230818,6034860.0,39851160.0,41740100.0,61520420.0,65666340.0,57064460.0,47441010.0,20724200.0,24312790.0,36736000.0,38381000.0,56666000.0,60443000.0,52406000.0,43585000.0,18983000.0,22382000.0
20230821,-29768730.0,92739580.0,60655990.0,130688560.0,133003410.0,108996820.0,136356660.0,45843310.0,48252200.0,92139000.0,60403000.0,129898000.0,132154000.0,108299000.0,135470000.0,45511000.0,47820000.0
20230822,-18748110.0,57272200.0,43855250.0,67337660.0,62006500.0,44862780.0,57415470.0,23147170.0,29342590.0,58093000.0,44453000.0,68214000.0,62838000.0,45452000.0,58127000.0,23360000.0,29701000.0
20230823,-21800880.0,64504210.0,42511860.0,68539190.0,68730680.0,53250170.0,60545380.0,16730610.0,31236280.0,67167000.0,44223000.0,71357000.0,71534000.0,55528000.0,63120000.0,17461000.0,32636000.0
20230824,4869700.0,65695780.0,62391010.0,66709510.0,74883970.0,58138760.0,59857320.0,28156830.0,21568570.0,66495000.0,63164000.0,67567000.0,75815000.0,58907000.0,60623000.0,28554000.0,21922000.0
20230825,7135710.0,38851960.0,48148110.0,46705610.0,44545160.0,29927840.0,23542060.0,7567660.0,6817730.0,39551000.0,49004000.0,47548000.0,45342000.0,30470000.0,23970000.0,7695000.0,6948000.0
20230828,-79760.0,59112350.0,64668250.0,98084800.0,92449130.0,71342490.0,80105290.0,45700630.0,37017590.0,58149000.0,63425000.0,96371000.0,90594000.0,69833000.0,78402000.0,44136000.0,36067000.0
20230829,-2363520.0,50463700.0,46508490.0,77255860.0,78847550.0,57163050.0,58619470.0,25428590.0,26335690.0,49887000.0,45875000.0,76249000.0,77860000.0,56415000.0,57881000.0,25073000.0,26008000.0
20230830,-5790310.0,36725860.0,28708780.0,43692240.0,45919020.0,33818940.0,38372860.0,18008350.0,19244740.0,36003000.0,28121000.0,42834000.0,44998000.0,33125000.0,37591000.0,17626000.0,18879000.0
20230831,-8788210.0,33304240.0,22989280.0,35850390.0,37377140.0,25924830.0,26832920.0,7322780.0,15202900.0,33208000.0,22909000.0,35741000.0,37259000.0,25849000.0,26754000.0,7308000.0,15186000.0
20230901,-1706830.0,16265510.0,17265450.0,26414250.0,23707470.0,15645080.0,18688750.0,6625950.0,5289110.0,16233000.0,17220000.0,26348000.0,23646000.0,15600000.0,18641000.0,6597000.0,5272000.0
20230904,1562730.0,34888670.0,34720530.0,49730830.0,51461700.0,37414460.0,32065810.0,10619350.0,14405270.0,35009000.0,34811000.0,49877000.0,51617000.0,37501000.0,32151000.0,10638000.0,14446000.0
20230905,-4893970.0,37662400.0,29612740.0,45222780.0,48378460.0,38859010.0,40937660.0,12025760.0,14841080.0,37995000.0,29767000.0,45556000.0,48721000.0,39101000.0,41258000.0,12082000.0,14989000.0
20230906,-13441050.0,39189520.0,32691450.0,48217130.0,41274140.0,32725690.0,36826070.0,10535000.0,19875670.0,39965000.0,33336000.0,49153000.0,42075000.0,33371000.0,37549000.0,10758000.0,20287000.0
20230907,-6113940.0,35788360.0,35634060.0,48535000.0,42575350.0,28735850.0,32050880.0,9475240.0,12274150.0,37037000.0,36846000.0,50198000.0,44031000.0,29723000.0,33158000.0,9796000.0,12719000.0
20230908,-28203960.0,51377280.0,30643350.0,59527790.0,52057780.0,42081440.0,55211360.0,9067360.0,24141400.0,54934000.0,32802000.0,63664000.0,55646000.0,45012000.0,59050000.0,9699000.0,25811000.0
20230911,581100.0,49516830.0,43900960.0,62621360.0,68818330.0,46387680.0,41351000.0,17183110.0,21638690.0,53624000.0,47508000.0,67786000.0,74476000.0,50187000.0,44769000.0,18616000.0,23460000.0
20230912,-5201810.0,37406160.0,42501640.0,52288490.0,41991190.0,37121600.0,35543390.0,10006170.0,16786190.0,40972000.0,46523000.0,57268000.0,45963000.0,40634000.0,38929000.0,10956000.0,18414000.0
20230913,-254860.0,34899040.0,41585900.0,47974570.0,41032850.0,33054880.0,34528260.0,13605600.0,12387080.0,38121000.0,45416000.0,52382000.0,44789000.0,36076000.0,37702000.0,14851000.0,13523000.0
20230914,-19661530.0,51260430.0,32544800.0,67252520.0,66306630.0,44638030.0,60931930.0,18076950.0,21444580.0,57071000.0,36208000.0,74826000.0,73788000.0,49702000.0,67866000.0,20154000.0,23891000.0
20230915,-20716850.0,50297910.0,33435390.0,49936570.0,46082250.0,33677730.0,44037640.0,14798790.0,25155730.0,56953000.0,37851000.0,56507000.0,52113000.0,38101000.0,49881000.0,16768000.0,28484000.0
20230918,4557650.0,31371690.0,37268480.0,46979080.0,45639940.0,39037810.0,32722150.0,15296750.0,17054760.0,35329000.0,41915000.0,52878000.0,51341000.0,43925000.0,36837000.0,17196000.0,19234000.0
20230919,-3141020.0,29369210.0,28448790.0,41669850.0,39449230.0,27111060.0,27961370.0,9345640.0,11636350.0,33454000.0,32406000.0,47469000.0,44945000.0,30892000.0,31843000.0,10628000.0,13249000.0
20230920,-4100730.0,26814870.0,26702050.0,36339550.0,32351640.0,20585450.0,24799640.0,10404940.0,10291480.0,30941000.0,30804000.0,41922000.0,37315000.0,23742000.0,28612000.0,12006000.0,11881000.0
20230921,-4894490.0,41164320.0,34300930.0,53253320.0,55222210.0,32240230.0,35897200.0,13242850.0,14480370.0,48288000.0,40236000.0,62462000.0,64742000.0,37805000.0,42099000.0,15529000.0,17006000.0
20230922,-4679380.0,46185970.0,40066610.0,70053360.0,71493320.0,50118450.0,55945080.0,26606570.0,25459320.0,54692000.0,47400000.0,82939000.0,84590000.0,59299000.0,66225000.0,31439000.0,30154000.0
20230925,14120.0,35985730.0,38086660.0,53160010.0,51073190.0,37347460.0,37606380.0,14566480.0,14293440.0,42775000.0,45211000.0,63182000.0,60671000.0,44385000.0,44734000.0,17270000.0,16996000.0
20230926,-2930910.0,32517420.0,35854590.0,57071910.0,50803830.0,36539800.0,36884090.0,15838600.0,18425220.0,38399000.0,42316000.0,67357000.0,59943000.0,43119000.0,43508000.0,18675000.0,21784000.0
20230927,24869710.0,58074100.0,78958090.0,107721250.0,111706960.0,104289920.0,89898290.0,46659910.0,36181830.0,66454000.0,90201000.0,123244000.0,127871000.0,119299000.0,102837000.0,53320000.0,41408000.0
20230928,16566460.0,38347920.0,47431460.0,70991640.0,78474550.0,68566890.0,62466420.0,35657190.0,25191200.0,43306000.0,53419000.0,80138000.0,88504000.0,77106000.0,70415000.0,40157000.0,28369000.0
20231009,7842010.0,27267790.0,43260780.0,62781890.0,54630910.0,41649500.0,38613990.0,14124720.0,9318220.0,30519000.0,48297000.0,70161000.0,61060000.0,46504000.0,43137000.0,15751000.0,10441000.0
20231010,7563930.0,32169420.0,25305840.0,41813550.0,56241070.0,47566810.0,35378780.0,7855160.0,12479260.0,36270000.0,28506000.0,47112000.0,63381000.0,53622000.0,39872000.0,8847000.0,14092000.0
20231011,-2231650.0,38518260.0,37796010.0,56133350.0,54623930.0,39280710.0,40021730.0,13791950.0,15282580.0,43630000.0,42707000.0,63460000.0,61753000.0,44397000.0,45228000.0,15524000.0,17324000.0
20231012,5233920.0,32198740.0,36381610.0,54180590.0,55231650.0,46196470.0,42084090.0,19995740.0,18874200.0,36616000.0,41252000.0,61488000.0,62624000.0,52375000.0,47714000.0,22586000.0,21475000.0
20231013,-7692080.0,46899670.0,33937370.0,62401380.0,67671600.0,45867560.0,49151000.0,15176910.0,19585550.0,54213000.0,39107000.0,72098000.0,78102000.0,52892000.0,56774000.0,17477000.0,22697000.0
20231016,-9014060.0,37001040.0,33112010.0,56001230.0,50876200.0,36701320.0,37395190.0,12235870.0,20556060.0,43055000.0,38559000.0,65200000.0,59227000.0,42718000.0,43508000.0,14236000.0,23916000.0
20231017,-3130630.0,30489140.0,26332980.0,42568010.0,43593540.0,30352030.0,31574650.0,12840160.0,14748170.0,36040000.0,31073000.0,50288000.0,51477000.0,35833000.0,37299000.0,15146000.0,17458000.0
20231018,-11956550.0,36315740.0,24478970.0,41412430.0,41292640.0,26948760.0,33872970.0,14982020.0,20014360.0,43699000.0,29465000.0,49848000.0,49707000.0,32453000.0,40788000.0,18055000.0,24096000.0
20231019,-3600630.0,39486670.0,39991950.0,55371460.0,51265560.0,38574790.0,35230360.0,13682160.0,20627220.0,48467000.0,48973000.0,67846000.0,62814000.0,47272000.0,43207000.0,16757000.0,25349000.0
20231020,17649460.0,42033380.0,60689690.0,67559100.0,66552260.0,62469870.0,51174670.0,27442810.0,21088550.0,50262000.0,72509000.0,80790000.0,79504000.0,74616000.0,61118000.0,32714000.0,25251000.0
20231023,-9958890.0,38304920.0,30282110.0,48995310.0,47059220.0,32943190.0,37759410.0,11080960.0,16223630.0,47690000.0,37720000.0,60984000.0,58554000.0,41029000.0,47009000.0,13787000.0,20207000.0
20231024,-434330.0,38746090.0,36446750.0,40333670.0,42198690.0,26373910.0,33512590.0,19727770.0,13023420.0,48557000.0,45621000.0,50485000.0,52807000.0,33001000.0,41954000.0,24635000.0,16296000.0
20231025,-2988150.0,39541710.0,39052220.0,47236120.0,44737460.0,35455130.0,36535310.0,17537860.0,19445830.0,49466000.0,48762000.0,58871000.0,55735000.0,44122000.0,45522000.0,21880000.0,24321000.0
20231026,-7959210.0,47076930.0,39618210.0,46878400.0,46377910.0,38970710.0,41860940.0,10365190.0,15434170.0,60807000.0,51087000.0,60537000.0,59877000.0,50280000.0,54086000.0,13399000.0,19972000.0
20231027,20649180.0,44604540.0,59271920.0,64900510.0,70882310.0,63249250.0,58581760.0,34685870.0,18704180.0,55687000.0,73732000.0,80545000.0,87862000.0,78276000.0,72675000.0,42861000.0,23100000.0
20231030,34133930.0,50998480.0,70906320.0,97431510.0,111657610.0,100890990.0,96238800.0,67666600.0,38184860.0,59471000.0,82567000.0,113596000.0,130074000.0,117533000.0,112238000.0,78746000.0,44468000.0
20231031,-8515430.0,41534790.0,42019450.0,67177450.0,58177360.0,38657640.0,44418300.0,17647680.0,20402450.0,48934000.0,49559000.0,79212000.0,68547000.0,45507000.0,52297000.0,20754000.0,24004000.0
20231101,-9367280.0,37319720.0,30132720.0,49459430.0,47279150.0,36094450.0,36199940.0,16362380.0,25624170.0,44985000.0,36273000.0,59603000.0,56927000.0,43477000.0,43666000.0,19752000.0,30949000.0
20231102,-17137760.0,34256230.0,23626130.0,41884050.0,35376390.0,31078840.0,39178840.0,11829140.0,20866900.0,42173000.0,29081000.0,51528000.0,43511000.0,38210000.0,48195000.0,14594000.0,25718000.0
20231103,5813530.0,49794820.0,52155580.0,71186750.0,74639530.0,64083660.0,60513620.0,24136500.0,21893010.0,59541000.0,62326000.0,85113000.0,89186000.0,76518000.0,72304000.0,28780000.0,26135000.0
20231106,12914220.0,51145030.0,60545000.0,81993720.0,85507960.0,73709710.0,68588870.0,37529920.0,29736540.0,58894000.0,69686000.0,94466000.0,98457000.0,84889000.0,79011000.0,43164000.0,34259000.0
20231107,18592200.0,39395340.0,51626110.0,62612220.0,68973670.0,60442040.0,56776410.0,35104290.0,20177720.0,44859000.0,58708000.0,71282000.0,78448000.0,68773000.0,64582000.0,39853000.0,23028000.0
20231108,-5299630.0,32824090.0,29449910.0,51562320.0,49636880.0,42246760.0,41632930.0,16123340.0,22036800.0,37085000.0,33250000.0,58250000.0,56067000.0,47752000.0,47041000.0,18214000.0,24943000.0
20231109,17679080.0,37341940.0,48573010.0,66446290.0,72894310.0,56653390.0,56571130.0,39914080.0,22317260.0,41463000.0,53889000.0,73775000.0,80904000.0,62887000.0,62797000.0,44262000.0,24797000.0
20231110,-9307960.0,33290120.0,27390880.0,42934150.0,39525440.0,32811400.0,30450890.0,11970910.0,23639380.0,37562000.0,30865000.0,48460000.0,44595000.0,37025000.0,34359000.0,13525000.0,26752000.0
20231113,-6301270.0,25187000.0,26594450.0,44803880.0,37095150.0,32790830.0,36482720.0,14987210.0,17596590.0,28033000.0,29568000.0,49854000.0,41227000.0,36384000.0,40563000.0,16658000.0,19570000.0
20231114,-3739990.0,30461950.0,24468970.0,38389420.0,40642410.0,31437020.0,32813150.0,12774290.0,15138150.0,34174000.0,27367000.0,42986000.0,45501000.0,35139000.0,36736000.0,14275000.0,16970000.0
20231115,10405790.0,40742060.0,52897850.0,76617840.0,74867840.0,75254670.0,75193670.0,44979450.0,34634660.0,44359000.0,57526000.0,83451000.0,81478000.0,81924000.0,81898000.0,48858000.0,37689000.0
20231116,-20003990.0,52057750.0,42842450.0,68005520.0,57216830.0,50953350.0,55922000.0,15829830.0,30865170.0,58633000.0,48352000.0,76575000.0,64391000.0,57343000.0,62905000.0,17846000.0,34750000.0
20231117,-2103200.0,29721450.0,30908100.0,43727430.0,40437580.0,31071360.0,30985770.0,15572650.0,17761440.0,34007000.0,35336000.0,50001000.0,46230000.0,35529000.0,35421000.0,17791000.0,20341000.0
20231120,-7120030.0,26592010.0,27633060.0,51226440.0,43065360.0,33616270.0,40713970.0,16463710.0,16486040.0,30361000.0,31494000.0,58506000.0,49159000.0,38306000.0,46428000.0,18719000.0,18812000.0
20231121,-435760.0,29979170.0,27659830.0,44636080.0,46519670.0,37645270.0,35273960.0,12673690.0,15480760.0,33650000.0,31037000.0,50103000.0,52213000.0,42243000.0,39582000.0,14213000.0,17377000.0
20231122,-4699420.0,21970210.0,17628400.0,30005880.0,29648270.0,19182490.0,18841340.0,3705950.0,8746520.0,25177000.0,20195000.0,34389000.0,33977000.0,21980000.0,21599000.0,4247000.0,10022000.0
20231123,-5074450.0,21579430.0,23506040.0,33013950.0,26012880.0,24120820.0,23214950.0,6824910.0,12805230.0,25008000.0,27229000.0,38237000.0,30106000.0,27923000.0,26884000.0,7902000.0,14851000.0
20231124,-8151760.0,29286310.0,25305520.0,36012660.0,31841700.0,23476950.0,25900190.0,7363600.0,13092120.0,34390000.0,29708000.0,42278000.0,37360000.0,27550000.0,30421000.0,8644000.0,15373000.0
20231127,-4319220.0,22513500.0,17684480.0,29670480.0,30180280.0,21127180.0,21696650.0,4159410.0,7909160.0,26896000.0,21116000.0,35432000.0,36042000.0,25223000.0,25915000.0,4967000.0,9445000.0
20231128,4369660.0,19567950.0,23278840.0,30579960.0,31238720.0,18294680.0,17097130.0,6305790.0,3133680.0,23338000.0,27755000.0,36445000.0,37235000.0,21804000.0,20375000.0,7508000.0,3731000.0
20231129,-1701050.0,22799930.0,16336560.0,30818860.0,35581170.0,23928450.0,24187080.0,8627930.0,10070350.0,27564000.0,19712000.0,37247000.0,43006000.0,28895000.0,29244000.0,10450000.0,12194000.0
20231130,-8048190.0,23753190.0,26294270.0,45581110.0,34991840.0,26081850.0,34435440.0,10136690.0,9831290.0,28461000.0,31493000.0,54627000.0,41909000.0,31241000.0,41273000.0,12124000.0,11777000.0
20231201,-5250910.0,20652610.0,21744630.0,38250050.0,31907130.0,20883060.0,23461130.0,4592870.0,7265710.0,25038000.0,26322000.0,46363000.0,38640000.0,25235000.0,28403000.0,5546000.0,8817000.0
20231204,2017170.0,19900440.0,19845850.0,32920550.0,34992310.0,28758700.0,24919370.0,4793380.0,6615540.0,23998000.0,23896000.0,39671000.0,42150000.0,34657000.0,30059000.0,5775000.0,7997000.0
20231205,-6867640.0,30244460.0,26377970.0,45868100.0,42866960.0,29051190.0,30373900.0,9751920.0,15296850.0,37338000.0,32501000.0,56581000.0,52846000.0,35801000.0,37484000.0,12033000.0,18921000.0
20231206,4982810.0,24632110.0,28893960.0,44519140.0,45240110.0,38179840.0,35528120.0,14273510.0,11942420.0,30139000.0,35316000.0,54443000.0,55308000.0,46666000.0,43441000.0,17418000.0,14601000.0
20231207,-4866130.0,32113820.0,26161150.0,39077840.0,40164370.0,30901670.0,34861310.0,12023040.0,12929530.0,40296000.0,32809000.0,48981000.0,50367000.0,38763000.0,43749000.0,15116000.0,16231000.0
20231208,-13899040.0,40549690.0,25518280.0,51028740.0,52161110.0,30835510.0,44026210.0,17483130.0,18191470.0,51254000.0,32235000.0,64484000.0,65917000.0,38969000.0,55654000.0,22102000.0,23003000.0
20231211,174530.0,35235610.0,34425280.0,38530650.0,39515500.0,24827320.0,25956730.0,13746160.0,12442220.0,45201000.0,44035000.0,49306000.0,50684000.0,31784000.0,33256000.0,17594000.0,15909000.0
20231212,-3376860.0,24173920.0,24462960.0,25050630.0,21384730.0,18727110.0,18515990.0,2799170.0,6387150.0,30530000.0,30872000.0,31603000.0,26952000.0,23608000.0,23363000.0,3541000.0,8095000.0
20231213,-13563840.0,35962790.0,20857940.0,41341220.0,42882230.0,29800490.0,31588930.0,10789100.0,22564500.0,46866000.0,27166000.0,53851000.0,55817000.0,38826000.0,41157000.0,14067000.0,29472000.0
20231214,-1641340.0,25877050.0,27085430.0,32686770.0,29837060.0,26152540.0,25963320.0,5363060.0,7193620.0,33491000.0,35017000.0,42253000.0,38567000.0,33783000.0,33568000.0,6931000.0,9307000.0
20231215,5599990.0,36208060.0,40946170.0,50522180.0,51384060.0,50199790.0,43449180.0,17685570.0,18836190.0,46222000.0,52221000.0,64403000.0,65537000.0,63961000.0,55340000.0,22568000.0,24055000.0
20231218,-2444420.0,28807840.0,30480840.0,33464330.0,29346910.0,20887130.0,20084340.0,4699190.0,7946400.0,37477000.0,39576000.0,43377000.0,38062000.0,27071000.0,26034000.0,6083000.0,10337000.0
20231219,17552200.0,40172450.0,57253280.0,66790010.0,67261390.0,70638310.0,62924000.0,33067880.0,23229990.0,50981000.0,72570000.0,84711000.0,85196000.0,89424000.0,79683000.0,41725000.0,29391000.0
20231220,884010.0,31883250.0,34854340.0,37172320.0,35085230.0,26793360.0,24021470.0,7779750.0,9667630.0,40194000.0,43926000.0,46870000.0,44234000.0,33772000.0,30285000.0,9804000.0,12195000.0
20231221,15172420.0,40980870.0,46986640.0,79165300.0,88331960.0,70653170.0,64227310.0,36141850.0,27395290.0,50760000.0,57998000.0,97732000.0,109072000.0,87145000.0,79271000.0,44471000.0,33766000.0
20231222,-1702270.0,34658590.0,36057800.0,80212260.0,77110780.0,63470020.0,61619330.0,27048970.0,30601930.0,41950000.0,43546000.0,96929000.0,93158000.0,76725000.0,74497000.0,32694000.0,37097000.0
20231225,-3587110.0,20730190.0,19087570.0,32681400.0,30736920.0,23267520.0,24144360.0,7253810.0,9964080.0,25076000.0,23057000.0,39498000.0,37142000.0,28104000.0,29188000.0,8752000.0,12043000.0
20231226,1738390.0,21673630.0,19948560.0,37837970.0,41301420.0,30517730.0,28690260.0,14521590.0,14610670.0,26252000.0,24137000.0,45810000.0,49976000.0,36925000.0,34722000.0,17564000.0,17716000.0
20231227,-4789770.0,26290530.0,18709020.0,37551290.0,40343020.0,24369730.0,29894940.0,11720830.0,10985390.0,32122000.0,22838000.0,45861000.0,49272000.0,29751000.0,36505000.0,14319000.0,13439000.0
20231228,21246330.0,54786440.0,64118780.0,106922910.0,118836900.0,105618380.0,98125470.0,56611420.0,42858000.0,62999000.0,73808000.0,122978000.0,136891000.0,121493000.0,112853000.0,65039000.0,48958000.0
20231229,-17504270.0,49966770.0,34247600.0,71282260.0,69497170.0,55206640.0,68605340.0,25702240.0,29807810.0,56999000.0,39025000.0,81266000.0,79211000.0,62887000.0,78210000.0,29297000.0,34004000.0
20240102,-5135110.0,29997780.0,24436370.0,41407470.0,41833770.0,25570490.0,32292370.0,18374600.0,16787830.0,34865000.0,28377000.0,48127000.0,48603000.0,29730000.0,37524000.0,21296000.0,19513000.0
20240103,-4807480.0,28141190.0,24216410.0,41992090.0,41109400.0,27163770.0,27099180.0,13737930.0,18610000.0,33229000.0,28558000.0,49570000.0,48509000.0,32047000.0,31989000.0,16213000.0,22004000.0
20240104,-12025500.0,32043280.0,24725220.0,42797030.0,38089590.0,27264050.0,29871710.0,12184330.0,21602170.0,38535000.0,29713000.0,51433000.0,45764000.0,32769000.0,35905000.0,14668000.0,26023000.0
20240105,-10722310.0,39891990.0,32895990.0,60053680.0,56327380.0,37708730.0,46706710.0,14645700.0,16370030.0,49049000.0,40271000.0,73657000.0,69061000.0,46253000.0,57429000.0,17987000.0,20184000.0
20240108,1906860.0,26332820.0,27997630.0,36369950.0,36612010.0,23630420.0,23643370.0,15889370.0,13969560.0,32612000.0,34646000.0,45012000.0,45314000.0,29233000.0,29254000.0,19653000.0,17296000.0
20240109,3972640.0,37710210.0,41555070.0,58851960.0,58979730.0,46636300.0,44288690.0,25747310.0,24122280.0,46238000.0,50794000.0,71881000.0,72076000.0,56965000.0,54082000.0,31369000.0,29502000.0
20240110,10275440.0,40887170.0,49783610.0,85807420.0,87186410.0,72553950.0,69278750.0,32496310.0,25496070.0,48172000.0,58563000.0,101023000.0,102594000.0,85373000.0,81550000.0,38122000.0,29982000.0
20240111,-3839380.0,38952570.0,41176050.0,77349910.0,71287060.0,54627840.0,62226990.0,22883740.0,19123970.0,44796000.0,47335000.0,88967000.0,81973000.0,62807000.0,71562000.0,26304000.0,22004000.0
20240112,9712450.0,45941750.0,46440060.0,80473790.0,89687940.0,68999220.0,76710170.0,38687140.0,21263740.0,51805000.0,52231000.0,90534000.0,100915000.0,77621000.0,86405000.0,43580000.0,23989000.0
20240115,-9145050.0,36788680.0,26321140.0,41894950.0,43217420.0,27130860.0,31945130.0,9598120.0,13928900.0,41992000.0,30012000.0,47772000.0,49277000.0,30948000.0,36449000.0,10941000.0,15915000.0
20240116,-3897550.0,38033720.0,39101060.0,59026920.0,54062020.0,41620150.0,43075280.0,14509390.0,16951810.0,43044000.0,44194000.0,66712000.0,61127000.0,47017000.0,48712000.0,16397000.0,19137000.0
20240117,-9971870.0,34453650.0,25910750.0,38369900.0,36940920.0,25107240.0,28452800.0,7265600.0,13891910.0,39305000.0,29522000.0,43771000.0,42139000.0,28629000.0,32464000.0,8289000.0,15869000.0
20240118,8971270.0,43806200.0,54221290.0,74221440.0,72777620.0,61879230.0,59306340.0,33010030.0,26611650.0,49575000.0,61224000.0,83878000.0,82232000.0,69874000.0,66982000.0,37158000.0,30047000.0
20240119,-10272390.0,50207650.0,42850610.0,74892250.0,71976910.0,62624340.0,62953810.0,25936840.0,35879760.0,55572000.0,47228000.0,82670000.0,79432000.0,68916000.0,69410000.0,28541000.0,39628000.0
20240122,-12762260.0,52726020.0,40572130.0,65519610.0,64911250.0,38596640.0,43416290.0,16810050.0,24752660.0,59729000.0,45910000.0,74206000.0,73468000.0,43658000.0,49198000.0,19024000.0,28041000.0
20240123,14805150.0,56266750.0,70803740.0,88470110.0,88738270.0,74822000.0,72093820.0,46404010.0,34327040.0,61394000.0,77144000.0,96600000.0,96743000.0,81592000.0,78741000.0,50543000.0,37501000.0
20240124,-6224550.0,54425760.0,60304100.0,75921080.0,63818190.0,54957240.0,53137410.0,19399920.0,27444300.0,61113000.0,67678000.0,85140000.0,71523000.0,61534000.0,59589000.0,21723000.0,30720000.0
20240125,-5800480.0,50181900.0,56416130.0,87174150.0,75139440.0,58790910.0,58206050.0,21285310.0,27670650.0,57643000.0,64557000.0,99854000.0,86035000.0,67281000.0,66741000.0,24265000.0,31711000.0
20240126,-7282270.0,37679000.0,41087010.0,57966990.0,47276710.0,38380410.0,41554860.0,15137010.0,19244830.0,42975000.0,46826000.0,66119000.0,53909000.0,43746000.0,47371000.0,17250000.0,21984000.0
20240129,-13733200.0,61523110.0,50635550.0,91032850.0,88187220.0,55247150.0,55234290.0,19171180.0,32917240.0,75042000.0,61892000.0,110976000.0,107518000.0,67341000.0,67223000.0,23407000.0,40134000.0
20240130,-3148790.0,32435340.0,28681060.0,47937600.0,48543090.0,34468050.0,32911100.0,19613330.0,24319070.0,40206000.0,35515000.0,59323000.0,60064000.0,42715000.0,40749000.0,24267000.0,30183000.0
20240131,3898840.0,41318020.0,42073130.0,51660330.0,54804050.0,39505160.0,37342260.0,13289130.0,11553190.0,52355000.0,53235000.0,65377000.0,69376000.0,50008000.0,47272000.0,16767000.0,14625000.0
20240201,4507630.0,37656920.0,43646130.0,64563630.0,63082040.0,46851340.0,45888900.0,20258660.0,16713470.0,46666000.0,53971000.0,79782000.0,77974000.0,57937000.0,56740000.0,24967000.0,20666000.0
20240202,-11220970.0,47578370.0,37769120.0,54889840.0,53478120.0,32897170.0,43096300.0,14770170.0,15792010.0,60396000.0,47874000.0,69626000.0,67831000.0,41719000.0,54678000.0,18711000.0,20069000.0
20240205,-5509990.0,46847930.0,48266240.0,75667060.0,68738760.0,39914340.0,46858170.0,19355340.0,17921500.0,59978000.0,61348000.0,95886000.0,87386000.0,50830000.0,59811000.0,24672000.0,22822000.0
20240206,12163220.0,37754130.0,43649180.0,63090870.0,69359030.0,55257530.0,46347920.0,24272790.0,21019180.0,45793000.0,52851000.0,76496000.0,83965000.0,66750000.0,56018000.0,29287000.0,25491000.0
20240207,-17363850.0,40154970.0,36310150.0,82999150.0,69480120.0,44759300.0,56865000.0,18688780.0,23946930.0,46833000.0,42321000.0,96780000.0,81020000.0,52184000.0,66321000.0,21809000.0,27946000.0
20240208,-8199810.0,39408670.0,29120680.0,61050590.0,63138760.0,40592840.0,41244460.0,16209560.0,23757750.0,45703000.0,33731000.0,70802000.0,73200000.0,47092000.0,47821000.0,18772000.0,27616000.0
20240219,-3170240.0,31583710.0,33682190.0,58492430.0,53223710.0,32068750.0,36454290.0,10654700.0,9439400.0,37168000.0,39602000.0,68784000.0,62588000.0,37678000.0,42878000.0,12522000.0,11084000.0
20240220,-10760020.0,39936940.0,29546060.0,63780960.0,63411810.0,39115700.0,46579240.0,13950550.0,17247030.0,48371000.0,35739000.0,77171000.0,76742000.0,47360000.0,56406000.0,16883000.0,20897000.0
20240221,10690030.0,35071420.0,38570420.0,64180240.0,71371280.0,47596930.0,43391300.0,21121990.0,14637590.0,41892000.0,45998000.0,76651000.0,85231000.0,56728000.0,51770000.0,25184000.0,17456000.0
20240222,-3268680.0,38422290.0,32087230.0,54262940.0,57329320.0,45113550.0,43947180.0,13955840.0,18390890.0,45596000.0,38039000.0,64342000.0,67882000.0,53375000.0,52074000.0,16504000.0,21822000.0
20240223,1897210.0,38662890.0,39825520.0,68427440.0,69162030.0,56366760.0,57634210.0,20554410.0,17389750.0,45284000.0,46571000.0,80096000.0,80870000.0,65887000.0,67454000.0,23985000.0,20358000.0
20240226,456510.0,35990090.0,32670900.0,57363620.0,61139330.0,44370880.0,42326040.0,13992570.0,15580900.0,42931000.0,38958000.0,68381000.0,72893000.0,52882000.0,50458000.0,16705000.0,18591000.0
20240227,-1598960.0,39065170.0,31178370.0,60626520.0,66914360.0,48236500.0,48735300.0,19576780.0,20676940.0,47019000.0,37479000.0,72918000.0,80461000.0,57941000.0,58615000.0,23530000.0,24853000.0
20240228,9876880.0,56874660.0,61745020.0,106726870.0,111733400.0,92941650.0,92480150.0,41500960.0,32085580.0,65712000.0,71195000.0,123233000.0,128980000.0,107263000.0,106702000.0,47827000.0,37159000.0
20240229,6483630.0,44684080.0,43664470.0,76064470.0,83567700.0,70406550.0,75151760.0,42879180.0,31650340.0,52180000.0,50833000.0,88814000.0,97413000.0,82021000.0,87599000.0,49730000.0,36900000.0
20240301,-985040.0,41844310.0,36482730.0,70739640.0,75116180.0,65532520.0,64045660.0,23248750.0,25720650.0,48195000.0,41924000.0,81382000.0,86365000.0,75259000.0,73656000.0,26749000.0,29640000.0
20240304,9536550.0,46010890.0,46344300.0,74322390.0,83525520.0,69710770.0,68004040.0,43297570.0,35467750.0,51648000.0,52000000.0,83429000.0,93755000.0,78294000.0,76364000.0,48610000.0,39861000.0
20240305,-15279890.0,48736780.0,51317140.0,103854210.0,85993950.0,60172440.0,72869960.0,32007570.0,34589940.0,54340000.0,57203000.0,115937000.0,95883000.0,67093000.0,81223000.0,35572000.0,38634000.0
20240306,9731570.0,59887020.0,68098170.0,115585040.0,117105470.0,101813190.0,102943130.0,54676440.0,43814930.0,64271000.0,73059000.0,123846000.0,125530000.0,108783000.0,109942000.0,58320000.0,46689000.0
20240307,-14168010.0,45191960.0,34368770.0,67743070.0,64398250.0,51805440.0,53590930.0,18587140.0,30969660.0,48744000.0,37036000.0,73018000.0,69405000.0,55770000.0,57732000.0,20045000.0,33404000.0
20240308,35210020.0,57268570.0,74835550.0,113020550.0,130663580.0,127375200.0,111110370.0,70669330.0,51724140.0,59082000.0,77163000.0,116631000.0,134713000.0,131323000.0,114540000.0,72803000.0,53423000.0
20240311,24815410.0,65512030.0,72191440.0,136948970.0,155084970.0,155326320.0,150185260.0,137928240.0,118253890.0,62100000.0,68360000.0,130038000.0,147115000.0,147734000.0,142893000.0,130631000.0,112134000.0
20240312,-2758290.0,63032550.0,57897910.0,124566620.0,126942970.0,118286270.0,113645180.0,72544010.0,79943390.0,57673000.0,52912000.0,113926000.0,116049000.0,108158000.0,103926000.0,66256000.0,73125000.0
20240313,-25817870.0,59262190.0,34663810.0,93489410.0,92269920.0,70060550.0,80303980.0,38566900.0,54141340.0,55140000.0,32215000.0,86923000.0,85756000.0,65113000.0,74676000.0,35808000.0,50336000.0
20240314,4599340.0,40191540.0,38118130.0,58996900.0,65669650.0,65407690.0,59909330.0,31839200.0,32738220.0,37646000.0,35644000.0,55220000.0,61401000.0,61167000.0,56054000.0,29719000.0,30655000.0
20240315,-20124330.0,70765760.0,56813510.0,104665400.0,98493330.0,85583770.0,93988400.0,37796710.0,49516410.0,68734000.0,55218000.0,101539000.0,95487000.0,83039000.0,91151000.0,36606000.0,48062000.0
20240318,16742090.0,44510590.0,57448820.0,96816350.0,100620210.0,83277340.0,75059500.0,39922820.0,31398570.0,41996000.0,54083000.0,91210000.0,94786000.0,78432000.0,70684000.0,37542000.0,29625000.0
20240319,-22195460.0,50609600.0,32419530.0,73231660.0,69226280.0,58231850.0,64024970.0,21172030.0,37574370.0,47171000.0,30067000.0,68046000.0,64379000.0,53920000.0,59403000.0,19636000.0,34924000.0
20240320,-17426680.0,32228380.0,20040450.0,55854980.0,50616230.0,34997490.0,45628870.0,14917900.0,21713200.0,30680000.0,19038000.0,53147000.0,48157000.0,33265000.0,43434000.0,14180000.0,20643000.0
20240321,-15564610.0,48708440.0,34273420.0,57121190.0,55991610.0,37067700.0,41772030.0,16969380.0,27829660.0,46819000.0,32895000.0,54880000.0,53803000.0,35659000.0,40167000.0,16330000.0,26823000.0
20240322,-2204420.0,29544730.0,24120650.0,34166540.0,37386210.0,24621280.0,24106270.0,10342930.0,13062360.0,28636000.0,23366000.0,33096000.0,36216000.0,23838000.0,23356000.0,10032000.0,12663000.0
20240325,12193450.0,25597260.0,29142040.0,41218010.0,49866680.0,34748400.0,25297340.0,15380780.0,12638390.0,24814000.0,28237000.0,39933000.0,48322000.0,33659000.0,24515000.0,14909000.0,12242000.0
20240326,18300340.0,33855970.0,35043210.0,61330410.0,78443520.0,48798870.0,41322270.0,29445920.0,18622180.0,32857000.0,33996000.0,59471000.0,76048000.0,47291000.0,40048000.0,28504000.0,18031000.0
20240327,-5276700.0,39181620.0,34762930.0,60211030.0,59353020.0,46241870.0,46871200.0,24767850.0,29415220.0,37724000.0,33432000.0,58014000.0,57118000.0,44496000.0,45162000.0,23820000.0,28341000.0
20240328,-1047550.0,31929290.0,25262340.0,51966670.0,57586080.0,42977500.0,45280640.0,25790920.0,24535330.0,31007000.0,24507000.0,50448000.0,55883000.0,41674000.0,43943000.0,24991000.0,23788000.0
20240329,-2859120.0,29663010.0,25480140.0,48356420.0,49680180.0,33478020.0,33718700.0,17202790.0,19821230.0,28548000.0,24527000.0,46541000.0,47818000.0,32234000.0,32435000.0,16544000.0,19088000.0
20240401,15604020.0,41460000.0,49030770.0,85904470.0,93937720.0,73071700.0,76508440.0,61317810.0,42277050.0,38371000.0,45388000.0,79600000.0,87035000.0,67848000.0,70904000.0,56658000.0,39151000.0
20240402,-8524870.0,43869260.0,39247200.0,70769650.0,66866820.0,46173960.0,43741040.0,10675880.0,21633670.0,40597000.0,36281000.0,65449000.0,61848000.0,42716000.0,40491000.0,9892000.0,20034000.0
20240403,-10404320.0,37887310.0,27528420.0,50147240.0,50101810.0,35003760.0,33518590.0,11462290.0,23351780.0,36018000.0,26151000.0,47648000.0,47613000.0,33227000.0,31827000.0,10906000.0,22207000.0
20240408,-15544770.0,36872360.0,28132550.0,58371110.0,51566160.0,29492520.0,43028720.0,13028200.0,15036770.0,35292000.0,26905000.0,55843000.0,49351000.0,28215000.0,41149000.0,12468000.0,14412000.0
20240409,-4890660.0,34968990.0,25507800.0,58651050.0,63221580.0,33462670.0,34541420.0,14224140.0,18036050.0,34055000.0,24817000.0,57056000.0,61487000.0,32541000.0,33595000.0,13823000.0,17575000.0
20240410,-34537920.0,66083490.0,30780640.0,72560610.0,73325540.0,40213150.0,69282230.0,10715180.0,16184020.0,66098000.0,30746000.0,72423000.0,73237000.0,40180000.0,69233000.0,10703000.0,16188000.0
20240411,3119000.0,37122830.0,32717850.0,39754620.0,47278590.0,32885690.0,32653950.0,9436440.0,6549180.0,37501000.0,33034000.0,40139000.0,47720000.0,33156000.0,32958000.0,9517000.0,6602000.0
20240412,-10765100.0,47375290.0,32744600.0,48143400.0,52008980.0,32932120.0,43260760.0,13634580.0,14071040.0,48712000.0,33655000.0,49450000.0,53422000.0,33865000.0,44467000.0,14038000.0,14522000.0
20240415,6498430.0,55178300.0,59248750.0,66613260.0,69041240.0,48783870.0,44761040.0,19364770.0,16889170.0,55237000.0,59260000.0,66623000.0,69079000.0,48831000.0,44807000.0,19376000.0,16921000.0
20240416,5659820.0,38538520.0,39575600.0,38743630.0,43366360.0,30376180.0,27400270.0,9696360.0,7012450.0,38825000.0,39842000.0,39002000.0,43665000.0,30569000.0,27584000.0,9754000.0,7059000.0
20240417,10395820.0,46191080.0,65475030.0,67819170.0,58931030.0,42151670.0,28022470.0,10181690.0,13915070.0,46935000.0,66517000.0,68914000.0,59882000.0,42834000.0,28460000.0,10357000.0,14182000.0
20240418,393140.0,47275380.0,49846630.0,57835360.0,55657260.0,35153190.0,34085400.0,12157770.0,12832420.0,48384000.0,50978000.0,59224000.0,56972000.0,36003000.0,34933000.0,12453000.0,13180000.0
20240419,-5640960.0,79179310.0,57948080.0,78006910.0,93597160.0,61754250.0,58660660.0,33409960.0,42144510.0,84482000.0,61774000.0,83141000.0,99860000.0,65842000.0,62501000.0,35419000.0,44748000.0
20240422,10403010.0,40100060.0,48942550.0,52144110.0,53704630.0,39245120.0,30995240.0,15425930.0,13272800.0,42355000.0,51692000.0,55083000.0,56696000.0,41458000.0,32734000.0,16285000.0,14059000.0
20240423,12155610.0,62763380.0,71723740.0,81263660.0,84458910.0,76187220.0,68873030.0,37055130.0,32213710.0,64382000.0,73561000.0,83259000.0,86469000.0,77912000.0,70447000.0,37801000.0,32878000.0
20240424,-1748380.0,38428450.0,47566780.0,61066490.0,50179780.0,40318490.0,40534580.0,12547170.0,14079460.0,40261000.0,49804000.0,63972000.0,52535000.0,42223000.0,42488000.0,13141000.0,14770000.0
20240425,5129380.0,37632060.0,47853300.0,63539560.0,58447710.0,40251400.0,41803050.0,17013920.0,10332890.0,38996000.0,49551000.0,65880000.0,60554000.0,41714000.0,43343000.0,17567000.0,10708000.0
20240426,1671550.0,57393520.0,56587170.0,75258810.0,77736710.0,57128870.0,59484990.0,22936010.0,18908340.0,58317000.0,57495000.0,76464000.0,78937000.0,58063000.0,60487000.0,23284000.0,19208000.0
20240429,8940530.0,56838590.0,65940010.0,106724260.0,106563370.0,88923120.0,88519680.0,68063660.0,59526570.0,54331000.0,63194000.0,102165000.0,102022000.0,85026000.0,84596000.0,64934000.0,56644000.0
20240430,-14044570.0,41400180.0,26891860.0,57350700.0,57814440.0,39718340.0,45217650.0,23635420.0,32180680.0,39574000.0,25676000.0,54789000.0,55215000.0,37959000.0,43220000.0,22640000.0,30851000.0
20240506,-2737300.0,39192290.0,43469790.0,66556370.0,59541570.0,41841210.0,47238050.0,23323140.0,20663600.0,36980000.0,40968000.0,62723000.0,56095000.0,39394000.0,44482000.0,21916000.0,19467000.0
20240507,6385420.0,29154680.0,29915330.0,46247560.0,51872330.0,46911150.0,44738270.0,28037120.0,23824580.0,27241000.0,27945000.0,43211000.0,48459000.0,43788000.0,41749000.0,26168000.0,22255000.0
20240508,-6774160.0,29323620.0,22238740.0,32002540.0,32313260.0,19029150.0,23732550.0,9880020.0,11950780.0,27906000.0,21169000.0,30448000.0,30732000.0,18101000.0,22577000.0,9388000.0,11365000.0
20240509,9760090.0,24965870.0,27523620.0,45934330.0,53136680.0,41171740.0,31512280.0,18438080.0,18337450.0,23436000.0,25823000.0,43099000.0,49845000.0,38594000.0,29564000.0,17304000.0,17200000.0
20240510,-13374250.0,34080230.0,21932630.0,44438970.0,43212330.0,29636840.0,36821270.0,14255980.0,20445800.0,32139000.0,20669000.0,41905000.0,40743000.0,27931000.0,34717000.0,13433000.0,19279000.0
20240513,-8798870.0,47232020.0,33623730.0,67727810.0,72537230.0,45887570.0,50023810.0,21517960.0,26180590.0,44741000.0,31832000.0,64133000.0,68691000.0,43485000.0,47394000.0,20422000.0,24866000.0
20240514,-12757940.0,40034620.0,24382030.0,50964850.0,53859510.0,34311750.0,42682720.0,14974750.0,19361720.0,38701000.0,23527000.0,49247000.0,52016000.0,33130000.0,41286000.0,14460000.0,18709000.0
20240515,1171200.0,38536380.0,42242410.0,75714860.0,73180030.0,79470070.0,66132210.0,49902700.0,62069360.0,36041000.0,39424000.0,70737000.0,68278000.0,74114000.0,61592000.0,46363000.0,57962000.0
20240516,256820.0,33898400.0,36841340.0,50506950.0,47820820.0,37477410.0,34376230.0,22478590.0,25322950.0,32005000.0,34763000.0,47644000.0,45081000.0,35312000.0,32435000.0,21190000.0,23872000.0
20240517,-691620.0,63797120.0,60838580.0,92576420.0,94843330.0,79449930.0,78515300.0,46161500.0,47787750.0,63443000.0,60439000.0,91999000.0,94164000.0,78907000.0,78036000.0,45727000.0,47437000.0
20240520,-4519330.0,27774560.0,22723420.0,39412580.0,39944400.0,23424770.0,25317500.0,9959030.0,12585630.0,27443000.0,22436000.0,38921000.0,39446000.0,23129000.0,25004000.0,9842000.0,12448000.0
20240521,-174510.0,27778020.0,26109430.0,27610200.0,29104280.0,22393060.0,18693840.0,9167890.0,13041620.0,27857000.0,26187000.0,27680000.0,29173000.0,22467000.0,18750000.0,9198000.0,13093000.0
20240522,13205060.0,40446350.0,56032200.0,85225330.0,82844540.0,74828710.0,69871300.0,42310110.0,34062460.0,39407000.0,54537000.0,82831000.0,80450000.0,72645000.0,67828000.0,40968000.0,33036000.0
20240523,-11737930.0,28572680.0,22378930.0,47755820.0,42211640.0,34604450.0,35336310.0,16487230.0,27493300.0,27697000.0,21683000.0,46238000.0,40868000.0,33466000.0,34190000.0,15953000.0,26614000.0
20240524,-2277060.0,22032510.0,21082180.0,31646720.0,30319990.0,17366300.0,21220040.0,6626390.0,5049710.0,21607000.0,20664000.0,31016000.0,29694000.0,17010000.0,20818000.0,6503000.0,4960000.0
20240527,-5589260.0,22009280.0,21434750.0,35916820.0,30902090.0,20115560.0,24302280.0,7017810.0,8420350.0,21985000.0,21391000.0,35854000.0,30839000.0,20071000.0,24261000.0,6986000.0,8405000.0
20240528,-1175030.0,18820290.0,20817650.0,27787340.0,24614950.0,19669970.0,19244650.0,5853690.0,7454040.0,18759000.0,20746000.0,27676000.0,24495000.0,19574000.0,19176000.0,5845000.0,7437000.0
20240529,17297820.0,26711490.0,35404480.0,48350880.0,56955710.0,46573430.0,37713060.0,24288240.0,15850790.0,26230000.0,34786000.0,47421000.0,55835000.0,45597000.0,36926000.0,23803000.0,15504000.0
20240530,-2964630.0,24959000.0,21622510.0,39499090.0,39870950.0,25745020.0,27475780.0,13563110.0,14796980.0,24600000.0,21265000.0,38891000.0,39208000.0,25295000.0,27026000.0,13286000.0,14574000.0
20240531,-583730.0,33097940.0,23484920.0,41303400.0,50332690.0,26675650.0,24013700.0,9372990.0,12618670.0,33312000.0,23626000.0,41554000.0,50642000.0,26844000.0,24171000.0,9439000.0,12709000.0
20240603,9684910.0,30152200.0,39565560.0,37636800.0,37908350.0,33037850.0,27070190.0,10190890.0,6473640.0,30711000.0,40213000.0,38336000.0,38589000.0,33620000.0,27606000.0,10348000.0,6606000.0
20240604,17383310.0,41665560.0,45400990.0,56924950.0,70572830.0,53987800.0,48996860.0,32731690.0,20339320.0,41309000.0,44924000.0,56207000.0,69747000.0,53345000.0,48380000.0,32168000.0,19978000.0
20240605,-8821160.0,26938200.0,21154060.0,40789380.0,37752360.0,30222220.0,32700900.0,12288320.0,18630800.0,26099000.0,20478000.0,39481000.0,36534000.0,29229000.0,31644000.0,11890000.0,18043000.0
20240606,488690.0,35579990.0,29337460.0,46385770.0,53116990.0,35720810.0,36963540.0,16796010.0,15064590.0,35391000.0,29167000.0,46116000.0,52796000.0,35540000.0,36790000.0,16715000.0,15009000.0
20240607,1882640.0,40084450.0,36758770.0,47994640.0,53202950.0,39125420.0,34297630.0,15149810.0,18094960.0,40956000.0,37529000.0,49022000.0,54401000.0,39970000.0,35022000.0,15480000.0,18477000.0
20240611,1495190.0,25759790.0,24217890.0,29135520.0,32172610.0,22038540.0,19412860.0,8238440.0,9368930.0,26411000.0,24810000.0,29858000.0,32973000.0,22590000.0,19906000.0,8443000.0,9614000.0
20240612,-5078770.0,32196810.0,29110700.0,38405900.0,36413230.0,27751310.0,25748790.0,5643200.0,12724490.0,33278000.0,30094000.0,39691000.0,37620000.0,28656000.0,26600000.0,5820000.0,13132000.0
20240613,5239310.0,29335020.0,26354680.0,34220520.0,42440170.0,31116880.0,26781810.0,7790590.0,6886350.0,42401000.0,38065000.0,49459000.0,61317000.0,44940000.0,38709000.0,11256000.0,9966000.0
20240614,1617720.0,74768910.0,64029250.0,84107450.0,96464830.0,62365520.0,62615050.0,31176880.0,29309630.0,112069000.0,95993000.0,126023000.0,144472000.0,93471000.0,93836000.0,46727000.0,43990000.0
20240617,1536230.0,45839350.0,40268960.0,51029960.0,58136580.0,36353500.0,36626330.0,10984700.0,9175640.0,68439000.0,60112000.0,76194000.0,86793000.0,54225000.0,54640000.0,16371000.0,13685000.0
20240618,434550.0,34835760.0,38458130.0,49337400.0,46149580.0,39107010.0,39296120.0,19810670.0,19187010.0,50079000.0,55268000.0,70928000.0,66338000.0,56183000.0,56444000.0,28418000.0,27558000.0
20240619,-2232920.0,25391790.0,24765680.0,26148120.0,24541310.0,18400860.0,17642900.0,8141110.0,11131990.0,36992000.0,36079000.0,38066000.0,35740000.0,26808000.0,25696000.0,11875000.0,16226000.0
20240620,-896270.0,22501590.0,24846420.0,27457990.0,24216900.0,16423900.0,19386040.0,12353810.0,10287940.0,33010000.0,36408000.0,40235000.0,35483000.0,24061000.0,28420000.0,18127000.0,15121000.0
20240621,2944010.0,27745860.0,29195580.0,33108260.0,34602540.0,24724550.0,21849130.0,8228600.0,8160010.0,40963000.0,43091000.0,48795000.0,50997000.0,36423000.0,32172000.0,12087000.0,12008000.0
20240624,-5548300.0,25855980.0,25263660.0,36150160.0,31194170.0,21651920.0,21922860.0,7568950.0,12846310.0,38223000.0,37324000.0,53417000.0,46099000.0,31985000.0,32404000.0,11184000.0,18981000.0
20240625,-10907700.0,52991780.0,44912270.0,63383370.0,60555180.0,34629850.0,37260020.0,10315690.0,18593220.0,81692000.0,69165000.0,97716000.0,93470000.0,53303000.0,57283000.0,15938000.0,28730000.0
20240626,3664630.0,32528540.0,31260750.0,31583780.0,36516190.0,24681110.0,23115820.0,9665490.0,7566150.0,50912000.0,48905000.0,49402000.0,57104000.0,38575000.0,36170000.0,15093000.0,11801000.0
20240627,-8035690.0,31896720.0,25077190.0,28111040.0,26894880.0,17814860.0,22652230.0,4556540.0,7754860.0,50411000.0,39631000.0,44464000.0,42548000.0,28209000.0,35846000.0,7214000.0,12274000.0
20240628,-5102730.0,35875470.0,25555610.0,36136530.0,41353670.0,32285080.0,30920300.0,10355600.0,16823110.0,57286000.0,40726000.0,57626000.0,66014000.0,51625000.0,49458000.0,16565000.0,26904000.0
20240701,8558810.0,39080330.0,38115270.0,38744560.0,48268440.0,25431020.0,25599860.0,15569350.0,6841700.0,62321000.0,60672000.0,61649000.0,76834000.0,40407000.0,40678000.0,24663000.0,10857000.0
20240702,-6262170.0,51929930.0,46532630.0,58627750.0,57762880.0,40819580.0,42043970.0,15443740.0,20481520.0,85984000.0,77094000.0,97029000.0,95581000.0,67503000.0,69471000.0,25485000.0,33855000.0
20240703,1466210.0,26136360.0,26419530.0,31990010.0,33173060.0,18674140.0,18193510.0,7912420.0,6926840.0,43334000.0,43746000.0,52968000.0,54928000.0,30894000.0,30122000.0,13078000.0,11477000.0
20240704,-10084810.0,33636780.0,22282260.0,29899410.0,31169120.0,17399950.0,22927620.0,8692660.0,13249800.0,56595000.0,37466000.0,50249000.0,52430000.0,29294000.0,38549000.0,14639000.0,22332000.0
20240705,7085560.0,36146270.0,45342460.0,50485080.0,48374440.0,42728260.0,38373100.0,19916970.0,17186570.0,59524000.0,74605000.0,83159000.0,79725000.0,70327000.0,63186000.0,32814000.0,28308000.0
20240708,-5073510.0,44514610.0,36682550.0,38068630.0,40827180.0,26250870.0,27647500.0,9150430.0,12827310.0,75784000.0,62427000.0,64729000.0,69428000.0,44649000.0,47009000.0,15522000.0,21820000.0
20240709,8949800.0,48307150.0,46850410.0,44202630.0,54609150.0,36384890.0,30146070.0,12548450.0,9837470.0,83716000.0,81085000.0,76519000.0,94531000.0,62935000.0,52209000.0,21705000.0,17049000.0
20240710,2084700.0,42794090.0,38445420.0,46760320.0,53193690.0,36373290.0,38255140.0,16334050.0,12367500.0,73719000.0,66075000.0,80407000.0,91498000.0,62564000.0,65786000.0,28016000.0,21347000.0
20240711,17095960.0,45933330.0,53076200.0,59919430.0,69872520.0,46950180.0,43496910.0,34645630.0,21002940.0,77410000.0,89285000.0,100960000.0,117726000.0,78993000.0,73240000.0,58302000.0,35414000.0
20240712,29344250.0,58076730.0,82686930.0,86912570.0,91646620.0,82480280.0,74371510.0,52016260.0,30780780.0,92782000.0,132112000.0,138985000.0,146505000.0,131943000.0,118967000.0,83248000.0,49373000.0
20240715,12862860.0,43899730.0,58558720.0,71351690.0,69555560.0,60446680.0,58665670.0,31958480.0,20876630.0,68980000.0,91914000.0,112072000.0,109341000.0,95027000.0,92218000.0,50215000.0,32820000.0
20240716,25064870.0,69927710.0,87428280.0,104228310.0,111792610.0,98469980.0,94632870.0,65719730.0,44491970.0,103646000.0,129652000.0,154526000.0,165635000.0,146116000.0,140116000.0,97150000.0,66035000.0
20240717,926560.0,72299870.0,61410100.0,93927570.0,105743900.0,78914510.0,83639150.0,46677420.0,41026220.0,103258000.0,87640000.0,134129000.0,150968000.0,112695000.0,119397000.0,66570000.0,58646000.0
20240718,18929980.0,72257920.0,78426410.0,112813260.0,125574750.0,101014420.0,92974610.0,48261540.0,37371370.0,101680000.0,110081000.0,158451000.0,176361000.0,141667000.0,130488000.0,67783000.0,52651000.0
20240719,-13159840.0,58776810.0,55340500.0,82797280.0,73073770.0,61023310.0,73828850.0,26436160.0,26790460.0,81713000.0,76903000.0,115171000.0,101623000.0,84922000.0,102760000.0,36779000.0,37298000.0
20240722,1273300.0,57203220.0,53640420.0,73819790.0,78655900.0,68169980.0,68810200.0,27183290.0,25269770.0,77245000.0,72358000.0,99585000.0,106123000.0,91889000.0,92807000.0,36662000.0,34093000.0
20240723,-22817210.0,61126950.0,41576060.0,73673870.0,70407560.0,56868980.0,66936370.0,19708380.0,32458200.0,84185000.0,57236000.0,101473000.0,96961000.0,78335000.0,92197000.0,27116000.0,44715000.0
20240724,-11170270.0,64053240.0,39096390.0,62186080.0,75972650.0,48245620.0,52087040.0,17431310.0,24760160.0,90262000.0,55049000.0,87639000.0,107044000.0,67995000.0,73412000.0,24565000.0,34955000.0
20240725,-1398760.0,62263880.0,59165920.0,69938540.0,71637740.0,54180160.0,52974430.0,20422930.0,23027420.0,87291000.0,82866000.0,97896000.0,100277000.0,75742000.0,74096000.0,28538000.0,32228000.0
20240726,-17901990.0,58909650.0,38994590.0,54274530.0,56287590.0,35081250.0,45653440.0,19162530.0,26492330.0,84209000.0,55687000.0,77559000.0,80413000.0,50105000.0,65273000.0,27409000.0,37908000.0
20240729,-1804120.0,53274080.0,42100170.0,45569540.0,54939320.0,29015410.0,32372990.0,17560500.0,16007040.0,77899000.0,61475000.0,66569000.0,80323000.0,42394000.0,47323000.0,25690000.0,23431000.0
20240730,-2335450.0,33285070.0,31065200.0,30003310.0,29887730.0,20510850.0,21832860.0,7575520.0,8588960.0,48770000.0,45454000.0,43888000.0,43708000.0,29961000.0,31953000.0,11079000.0,12584000.0
20240731,12050450.0,43646960.0,54276410.0,63463420.0,64884430.0,54736390.0,47407920.0,18717000.0,13995020.0,64116000.0,79517000.0,93079000.0,95179000.0,80223000.0,69616000.0,27410000.0,20516000.0
20240801,-3466240.0,38064900.0,35469590.0,44560720.0,43689780.0,32095070.0,36035150.0,17832660.0,17358820.0,55755000.0,51879000.0,65199000.0,63919000.0,46935000.0,52712000.0,26075000.0,25454000.0
20240802,-5925310.0,41734750.0,31734360.0,43838410.0,47913490.0,30286110.0,33829510.0,16056730.0,18438640.0,62515000.0,47504000.0,65627000.0,71727000.0,45349000.0,50641000.0,24041000.0,27660000.0
20240805,-1516330.0,42377610.0,45829690.0,60854950.0,55886550.0,44642500.0,45116470.0,19308230.0,20350590.0,62569000.0,67589000.0,89784000.0,82442000.0,65896000.0,66608000.0,28478000.0,30090000.0
20240806,3191120.0,55469040.0,68021060.0,91552270.0,82191360.0,73390000.0,72538460.0,32226520.0,29886940.0,78736000.0,96546000.0,129961000.0,116682000.0,104215000.0,102952000.0,45701000.0,42433000.0
20240807,-10096720.0,47040580.0,41886110.0,53997890.0,49055650.0,32657450.0,41705820.0,13819910.0,14868260.0,66037000.0,58764000.0,75784000.0,68828000.0,45796000.0,58518000.0,19348000.0,20855000.0
20240808,-7994240.0,37837250.0,32805600.0,44309240.0,41346650.0,22522660.0,28171330.0,7816900.0,10162470.0,53712000.0,46540000.0,62853000.0,58670000.0,31956000.0,39972000.0,11099000.0,14438000.0
20240809,33150.0,24657770.0,23869150.0,29378100.0,30199880.0,19051670.0,21621810.0,14926380.0,12323090.0,35090000.0,33954000.0,41744000.0,42924000.0,27058000.0,30739000.0,21265000.0,17540000.0
20240812,-8357560.0,30138580.0,22715510.0,33783000.0,32848510.0,28406600.0,34127080.0,10412210.0,13049290.0,43472000.0,32684000.0,48600000.0,47248000.0,40761000.0,49107000.0,14929000.0,18724000.0
20240813,5340590.0,35746210.0,33144960.0,41773030.0,49714860.0,35473280.0,34614610.0,17666290.0,13184370.0,51888000.0,47915000.0,60497000.0,71964000.0,51225000.0,50050000.0,25383000.0,19063000.0
20240814,-898390.0,29677260.0,27761680.0,31370920.0,32388110.0,20225390.0,20558130.0,8774000.0,9339650.0,43143000.0,40349000.0,45572000.0,47073000.0,29312000.0,29820000.0,12760000.0,13546000.0
20240815,2051860.0,23339410.0,28446990.0,28466330.0,25410610.0,21669890.0,18915360.0,6977010.0,7679680.0,34140000.0,41543000.0,41579000.0,37105000.0,31631000.0,27654000.0,10191000.0,11238000.0
20240816,-1163330.0,20381490.0,16945800.0,22209230.0,24481580.0,18608200.0,17317080.0,4166530.0,6620980.0,29824000.0,24776000.0,32489000.0,35817000.0,27227000.0,25341000.0,6097000.0,9704000.0
20240819,-4294460.0,30176970.0,25209790.0,31562980.0,32235700.0,18486820.0,19378600.0,7454050.0,10856730.0,44618000.0,37220000.0,46654000.0,47651000.0,27318000.0,28651000.0,11014000.0,16083000.0
20240820,4294240.0,25630730.0,29699000.0,34687930.0,34913890.0,21371620.0,18444760.0,12062050.0,10694670.0,37682000.0,43629000.0,50927000.0,51293000.0,31377000.0,27080000.0,17729000.0,15712000.0
20240821,-6836210.0,28960150.0,21093480.0,30759830.0,31790300.0,13853300.0,18072400.0,7602340.0,10219450.0,43411000.0,31600000.0,46107000.0,47646000.0,20763000.0,27102000.0,11400000.0,15332000.0
20240822,-7571380.0,25450710.0,22573240.0,31265840.0,26571940.0,15420270.0,21694280.0,6103440.0,7400810.0,38320000.0,33960000.0,47016000.0,39988000.0,23202000.0,32621000.0,9174000.0,11142000.0
20240823,3078600.0,27896650.0,35327640.0,40278180.0,35925780.0,27932960.0,28229470.0,11525340.0,8150230.0,41102000.0,51994000.0,59364000.0,52939000.0,41188000.0,41636000.0,16959000.0,12042000.0
20240826,-6594690.0,44356400.0,49220690.0,73874250.0,62415270.0,57371830.0,59680980.0,20798420.0,25083960.0,62063000.0,68901000.0,103485000.0,87456000.0,80425000.0,83620000.0,29205000.0,35200000.0
20240827,-9957120.0,36293380.0,28942650.0,40192760.0,37586360.0,26821220.0,25491130.0,13245700.0,24532910.0,51020000.0,40635000.0,56464000.0,52780000.0,37649000.0,35825000.0,18588000.0,34480000.0
20240828,1159770.0,30516800.0,26909780.0,38922110.0,43688910.0,20759120.0,22289480.0,8907820.0,6217690.0,42781000.0,37705000.0,54510000.0,61196000.0,29052000.0,31221000.0,12479000.0,8700000.0
20240829,8790180.0,55324390.0,81887760.0,107782640.0,90009450.0,98767650.0,87970420.0,49567040.0,51574090.0,73920000.0,109326000.0,144444000.0,120380000.0,131897000.0,117733000.0,66141000.0,68962000.0
20240830,-6873940.0,55822530.0,53206290.0,74895550.0,70637840.0,74136410.0,76787570.0,43504750.0,47727530.0,72698000.0,69237000.0,97537000.0,92058000.0,96495000.0,99947000.0,56608000.0,62096000.0
20240902,-11265230.0,41310260.0,27766180.0,40203080.0,42481920.0,25418200.0,31106780.0,10937680.0,16514330.0,53974000.0,36236000.0,52506000.0,55487000.0,33181000.0,40649000.0,14304000.0,21594000.0
20240903,-3801150.0,35704700.0,28498190.0,36693830.0,40099190.0,26823510.0,27996550.0,9547720.0,12175830.0,46987000.0,37452000.0,48224000.0,52728000.0,35246000.0,36811000.0,12553000.0,16019000.0
20240904,-6774270.0,37582420.0,39849370.0,49171190.0,40129980.0,28561720.0,27796060.0,13784170.0,21324100.0,49436000.0,52329000.0,64533000.0,52682000.0,37499000.0,36490000.0,18062000.0,28028000.0
20240905,2348530.0,34405150.0,36596510.0,47612540.0,47769710.0,38484280.0,34981910.0,18993080.0,20146920.0,44641000.0,47421000.0,61731000.0,61934000.0,49839000.0,45305000.0,24559000.0,26110000.0
20240906,-13442000.0,27746430.0,17188210.0,26875520.0,23991740.0,18340450.0,28003810.0,8224890.0,12003530.0,36546000.0,22623000.0,35376000.0,31584000.0,24149000.0,36875000.0,10820000.0,15807000.0
20240909,3328350.0,21929240.0,31081770.0,32777890.0,26953710.0,20409100.0,18835150.0,10779140.0,9024740.0,28963000.0,41025000.0,43269000.0,35588000.0,26947000.0,24865000.0,14246000.0,11947000.0
20240910,-6190.0,25737210.0,32838290.0,33091550.0,25984280.0,25529240.0,23352920.0,8854920.0,11037430.0,33821000.0,43138000.0,43470000.0,34118000.0,33534000.0,30675000.0,11636000.0,14530000.0
20240911,7585890.0,51791290.0,49228370.0,65500430.0,75649250.0,69037890.0,74805110.0,46079110.0,32726000.0,65906000.0,62716000.0,83546000.0,96405000.0,87901000.0,95148000.0,58461000.0,41545000.0
20240912,-212340.0,33850840.0,36544350.0,45665560.0,42759710.0,33225690.0,31646000.0,18065500.0,19857530.0,42480000.0,45809000.0,57165000.0,53523000.0,41584000.0,39620000.0,22626000.0,24903000.0
20240913,-1104120.0,37021710.0,39159890.0,40458830.0,37216520.0,29533630.0,29903480.0,13168160.0,13902430.0,47467000.0,50147000.0,51869000.0,47724000.0,37857000.0,38367000.0,16906000.0,17861000.0
20240918,-3264560.0,27797020.0,28483530.0,32827740.0,28876670.0,24157800.0,28760620.0,10851570.0,9513310.0,35279000.0,36128000.0,41645000.0,36637000.0,30645000.0,36487000.0,13763000.0,12079000.0
20240919,-2990000.0,38903910.0,39615020.0,49899510.0,46198400.0,31380050.0,35563680.0,13092470.0,11898840.0,49303000.0,50123000.0,63182000.0,58482000.0,39724000.0,45062000.0,16549000.0,15092000.0
20240920,-11996280.0,37190430.0,32636280.0,44726470.0,37284340.0,28045760.0,31725860.0,13272600.0,21588780.0,47522000.0,41679000.0,57153000.0,47638000.0,35833000.0,40574000.0,16943000.0,27560000.0
20240923,-8170310.0,47318840.0,38499180.0,53166990.0,53816340.0,39217760.0,40370970.0,15722980.0,22740080.0,61601000.0,50041000.0,69248000.0,70096000.0,51117000.0,52658000.0,20593000.0,29764000.0
20240924,-9611450.0,69379920.0,54161340.0,84621750.0,90228870.0,65313800.0,65790330.0,26605040.0,35739960.0,91915000.0,71606000.0,111895000.0,119302000.0,86476000.0,87163000.0,35201000.0,47415000.0
20240925,-7122160.0,51014380.0,55142050.0,80068300.0,68818470.0,50995770.0,57067380.0,26880320.0,27930870.0,65506000.0,70698000.0,102783000.0,88274000.0,65451000.0,73289000.0,34406000.0,35884000.0
20240926,-5706190.0,80741760.0,69115150.0,97164960.0,103085380.0,75563850.0,78185670.0,31628080.0,34712450.0,106780000.0,91319000.0,128447000.0,136272000.0,99770000.0,103258000.0,41736000.0,45885000.0
20240927,800730.0,70527180.0,73598380.0,162441710.0,160171240.0,136981700.0,139667590.0,80082950.0,76596330.0,85783000.0,89273000.0,196558000.0,194580000.0,166821000.0,169330000.0,98230000.0,94209000.0
20240930,-64821390.0,94136920.0,82177020.0,225091930.0,172230440.0,181917200.0,232871570.0,109040540.0,122907560.0,100861000.0,88137000.0,241313000.0,185023000.0,195903000.0,250349000.0,117917000.0,132485000.0
20241008,-48224730.0,108736370.0,115123260.0,344382680.0,289771060.0,328679010.0,313365310.0,240830720.0,304369150.0,96109000.0,101225000.0,303332000.0,255478000.0,289122000.0,275757000.0,210550000.0,266653000.0
20241009,-39669050.0,115088100.0,91195630.0,320929850.0,305153270.0,291173590.0,290509580.0,151941540.0,192274600.0,110194000.0,86423000.0,305926000.0,290855000.0,277369000.0,276291000.0,144347000.0,184268000.0
20241010,6243190.0,84767670.0,69481700.0,175093950.0,196623100.0,153976510.0,160522010.0,97779860.0,84991170.0,83149000.0,67964000.0,171604000.0,192703000.0,150914000.0,157431000.0,95773000.0,83343000.0
20241011,-27518650.0,80968370.0,52182520.0,125232390.0,126499590.0,92824780.0,99794750.0,33817010.0,54365690.0,83347000.0,53694000.0,128721000.0,130060000.0,95278000.0,102473000.0,34797000.0,55916000.0
20241014,4918750.0,69731760.0,77582870.0,133874790.0,130942420.0,95075060.0,89055810.0,41351030.0,42451530.0,72583000.0,80678000.0,139282000.0,136166000.0,98776000.0,92554000.0,42966000.0,44210000.0
20241015,-10131860.0,93180740.0,75819580.0,181310320.0,188539620.0,196777030.0,188013480.0,88070820.0,106966230.0,100924000.0,81755000.0,196637000.0,203661000.0,213305000.0,204444000.0,95424000.0,116430000.0
20241016,-29029450.0,74241490.0,59609930.0,124363610.0,109965730.0,87390470.0,101537560.0,47673390.0,62555750.0,83040000.0,66593000.0,139082000.0,122928000.0,97840000.0,113647000.0,53310000.0,70104000.0
20241017,-34352610.0,70814750.0,49205730.0,108351160.0,95607560.0,83956530.0,95115150.0,41490270.0,64684260.0,80704000.0,56029000.0,123372000.0,108787000.0,95604000.0,108411000.0,47235000.0,73688000.0
20241018,8843070.0,90050410.0,92460980.0,191418340.0,197850830.0,156902480.0,167053650.0,131744840.0,112750600.0,99054000.0,101745000.0,210486000.0,217752000.0,172702000.0,183610000.0,143172000.0,122307000.0
20241021,-28019540.0,113290310.0,106150250.0,228900120.0,208020640.0,172363940.0,170949490.0,81804000.0,111237990.0,119519000.0,111702000.0,241217000.0,219120000.0,181268000.0,179790000.0,85632000.0,117024000.0
20241022,-5456790.0,88461800.0,71081280.0,161111460.0,173035180.0,131489520.0,126093290.0,54123040.0,64976060.0,96122000.0,76929000.0,174833000.0,187724000.0,142470000.0,136873000.0,58653000.0,70551000.0
20241023,26333160.0,110892420.0,129001190.0,237316390.0,245540780.0,215301260.0,206896000.0,111704710.0,93776810.0,114375000.0,132492000.0,244089000.0,252513000.0,221068000.0,212350000.0,114121000.0,96298000.0
20241024,-51836840.0,97886870.0,62394840.0,157561170.0,141216350.0,106181230.0,128828550.0,58885360.0,88074880.0,104850000.0,66867000.0,168715000.0,151141000.0,113663000.0,137857000.0,63115000.0,94477000.0
20241025,59017950.0,113503880.0,140788670.0,234406470.0,266139640.0,222749000.0,177767550.0,121002530.0,106966030.0,118599000.0,146788000.0,244605000.0,277592000.0,232242000.0,185520000.0,125944000.0,111490000.0
20241028,-34789520.0,75511710.0,55719410.0,132602460.0,117605260.0,100982460.0,111983540.0,55910080.0,79698520.0,80817000.0,59584000.0,141825000.0,125791000.0,107983000.0,119806000.0,59806000.0,85250000.0
20241029,-57463070.0,96754610.0,57267820.0,158878820.0,140902550.0,119918600.0,144063490.0,54813910.0,88132090.0,104904000.0,61846000.0,171965000.0,152503000.0,129567000.0,155989000.0,59294000.0,95391000.0
20241030,-926350.0,51842910.0,46882110.0,90248550.0,94283010.0,68240400.0,69742170.0,41413220.0,40837800.0,56830000.0,51324000.0,98895000.0,103300000.0,74720000.0,76403000.0,45378000.0,44796000.0
20241031,-5756820.0,76980060.0,66081740.0,127241710.0,132383220.0,101577790.0,91286000.0,50172060.0,66220670.0,84125000.0,72103000.0,138890000.0,144553000.0,110808000.0,99635000.0,54791000.0,72322000.0
20241101,-70573290.0,112494700.0,66999590.0,191293910.0,166215740.0,139557070.0,185979830.0,88827910.0,112978440.0,128716000.0,76430000.0,218812000.0,189928000.0,159839000.0,213064000.0,101632000.0,129576000.0
20241104,4433890.0,49522980.0,48631660.0,82309340.0,87634550.0,65990490.0,62969480.0,26088700.0,24675820.0,55671000.0,54615000.0,92474000.0,98424000.0,74113000.0,70759000.0,29275000.0,27736000.0
20241105,30355510.0,69042410.0,88907170.0,164504200.0,174994940.0,154453910.0,132576850.0,69452680.0,60974230.0,75179000.0,96834000.0,178992000.0,190523000.0,168207000.0,144385000.0,75670000.0,66308000.0
20241106,30124900.0,96533720.0,104911080.0,194017980.0,215765520.0,204838860.0,187927150.0,106725820.0,93512630.0,101684000.0,110303000.0,204237000.0,227127000.0,215637000.0,197719000.0,111934000.0,98343000.0
20241107,-44062920.0,109819240.0,78246700.0,201732980.0,189242600.0,206071070.0,219687360.0,106461370.0,136908000.0,124081000.0,88015000.0,227809000.0,213133000.0,232075000.0,248418000.0,120580000.0,154978000.0
20241108,-78315740.0,134727050.0,82013130.0,223196600.0,197594780.0,187479980.0,218420700.0,82664290.0,130039310.0,150823000.0,91509000.0,249643000.0,220604000.0,209535000.0,244434000.0,92240000.0,145695000.0
20241111,9506610.0,77383930.0,67105970.0,141691490.0,161476070.0,134582240.0,129165550.0,66463690.0,62373770.0,87903000.0,76132000.0,160891000.0,183287000.0,152718000.0,146715000.0,75563000.0,70940000.0
20241112,-16864430.0,84172490.0,73798710.0,152386710.0,145896070.0,116876600.0,133913990.0,58733890.0,58560930.0,94963000.0,83131000.0,171866000.0,164391000.0,131656000.0,150940000.0,66047000.0,66070000.0
20241113,34584900.0,66374150.0,75187020.0,127175190.0,152947210.0,122840220.0,114659090.0,80247160.0,53843390.0,75222000.0,84996000.0,143956000.0,172920000.0,138766000.0,129614000.0,90370000.0,60784000.0
20241114,23773520.0,93852170.0,119271380.0,197712720.0,196067020.0,194617750.0,174643740.0,112422470.0,108622960.0,103118000.0,130767000.0,217078000.0,215027000.0,213172000.0,191504000.0,123095000.0,119166000.0
20241115,-48953350.0,85455090.0,55877580.0,148876250.0,129500410.0,99482920.0,119628330.0,53346970.0,82154910.0,98328000.0,64198000.0,171235000.0,148829000.0,114298000.0,137522000.0,61343000.0,94653000.0
20241118,-70215250.0,94907080.0,53202010.0,157661870.0,129151670.0,124742180.0,142216330.0,63344810.0,116085910.0,114522000.0,63969000.0,190197000.0,155501000.0,150762000.0,171721000.0,76347000.0,140637000.0
20241119,7094940.0,98756550.0,72270310.0,150838060.0,184419250.0,118330710.0,111365860.0,72410890.0,72280800.0,117192000.0,85511000.0,178681000.0,218399000.0,139720000.0,131666000.0,85343000.0,85361000.0
20241120,-19027270.0,66839950.0,50736540.0,117904970.0,114981120.0,78655000.0,92623930.0,32018520.0,37076860.0,80252000.0,60874000.0,141520000.0,138046000.0,94399000.0,111157000.0,38410000.0,44505000.0
20241121,-17156510.0,50735050.0,38650780.0,83146080.0,78073830.0,56023140.0,60902810.0,27306490.0,39583330.0,61341000.0,46691000.0,100481000.0,94367000.0,67698000.0,73610000.0,33013000.0,47865000.0
20241122,-1686230.0,58237720.0,59177060.0,109466200.0,106840630.0,78176090.0,75099140.0,29033060.0,33796240.0,71037000.0,71951000.0,133275000.0,130132000.0,95280000.0,91497000.0,35274000.0,41287000.0
20241125,5128830.0,42047650.0,42286810.0,74197690.0,79087370.0,57979910.0,56116310.0,27246390.0,23981160.0,52135000.0,52372000.0,91933000.0,97944000.0,71828000.0,69519000.0,33614000.0,29675000.0
20241126,660620.0,43196660.0,39191370.0,67896980.0,72562900.0,51054220.0,49044550.0,14615740.0,15964790.0,53427000.0,48390000.0,83915000.0,89596000.0,62938000.0,60579000.0,18051000.0,19765000.0
20241127,10432870.0,67043180.0,56084080.0,87020410.0,108412370.0,81422800.0,71788540.0,30233040.0,29434430.0,84147000.0,70045000.0,108726000.0,135659000.0,101727000.0,89750000.0,37737000.0,36881000.0
20241128,-14857860.0,35584690.0,33567460.0,65963780.0,53123160.0,41889580.0,45913390.0,11241190.0,22075240.0,43914000.0,41381000.0,81384000.0,65533000.0,51666000.0,56667000.0,13874000.0,27258000.0
20241129,5380170.0,50715200.0,45681720.0,85838290.0,96251940.0,62481910.0,63712500.0,28836000.0,22225240.0,62744000.0,56424000.0,105941000.0,118804000.0,77154000.0,78679000.0,35518000.0,27450000.0
20241202,-2079770.0,51778210.0,47191260.0,92653560.0,95160750.0,65132280.0,77875710.0,39531790.0,28868130.0,63801000.0,58067000.0,114063000.0,117076000.0,80224000.0,95930000.0,48670000.0,35686000.0
20241203,3164110.0,45728420.0,55426630.0,103585210.0,97051090.0,89769080.0,86867680.0,37927790.0,37665080.0,55071000.0,66735000.0,124706000.0,116828000.0,108042000.0,104531000.0,45580000.0,45305000.0
20241204,-31469100.0,65916270.0,45045050.0,103747660.0,93149770.0,74221760.0,93665370.0,38242700.0,50268190.0,81747000.0,55878000.0,128635000.0,115573000.0,92054000.0,116149000.0,47508000.0,62345000.0
20241205,-23194160.0,68608650.0,37873000.0,69493260.0,77034750.0,55662900.0,71910150.0,25371860.0,32318770.0,86995000.0,48003000.0,88107000.0,97651000.0,70574000.0,91190000.0,32181000.0,41013000.0
20241206,-5611820.0,62408090.0,55993620.0,94831990.0,95634650.0,70746520.0,76891730.0,33052850.0,32519460.0,78176000.0,70039000.0,118489000.0,119463000.0,88475000.0,96209000.0,41284000.0,40711000.0
20241209,-24151590.0,68676850.0,42325680.0,74969250.0,77168820.0,60960480.0,75131200.0,36286470.0,46267340.0,87027000.0,53632000.0,94989000.0,97756000.0,77175000.0,95063000.0,45923000.0,58663000.0
20241210,-5742170.0,73003760.0,60110310.0,102355000.0,109506290.0,80840940.0,84797930.0,47549750.0,49334930.0,91746000.0,75471000.0,128206000.0,137193000.0,101148000.0,106121000.0,59377000.0,61692000.0
20241211,-4878700.0,52153400.0,44620080.0,59754330.0,62408940.0,56748230.0,56599080.0,17089020.0,22116870.0,66643000.0,56887000.0,76264000.0,79622000.0,72382000.0,72292000.0,21808000.0,28295000.0
20241212,-4496020.0,48094950.0,41473070.0,63200550.0,65326410.0,51433120.0,57549510.0,25656730.0,24036360.0,60829000.0,52425000.0,79913000.0,82594000.0,65014000.0,72771000.0,32437000.0,30402000.0
20241213,-41212080.0,77441500.0,41316970.0,80712760.0,75625210.0,69496500.0,92150360.0,33936260.0,52494480.0,100183000.0,53385000.0,104370000.0,97784000.0,89862000.0,119210000.0,43957000.0,67994000.0
20241216,-6995600.0,46756760.0,33596370.0,49424500.0,55589290.0,41764590.0,44489480.0,20811780.0,25082490.0,61691000.0,44312000.0,65184000.0,73333000.0,55092000.0,58683000.0,27467000.0,33105000.0
20241217,1156900.0,56287590.0,46955170.0,64724710.0,75214020.0,50066190.0,48721380.0,21646650.0,21834560.0,74159000.0,61802000.0,85187000.0,99022000.0,65883000.0,64090000.0,28436000.0,28752000.0
20241218,-7578830.0,36344840.0,34197110.0,48754900.0,43323810.0,38712200.0,41724070.0,15950140.0,20517100.0,48092000.0,45212000.0,64469000.0,57282000.0,51173000.0,55185000.0,21100000.0,27154000.0
20241219,-2668490.0,44222620.0,38405850.0,47290580.0,50438860.0,38085160.0,42881870.0,21330150.0,19201930.0,59071000.0,51260000.0,63145000.0,67329000.0,50849000.0,57257000.0,28450000.0,25669000.0
20241220,-14671610.0,51835360.0,39149800.0,60431060.0,58445010.0,54278050.0,56310850.0,29336900.0,41975710.0,69612000.0,52533000.0,81130000.0,78440000.0,72863000.0,75618000.0,39419000.0,56431000.0
20241223,2158020.0,82233990.0,79921650.0,111652870.0,116123240.0,101635160.0,114788180.0,62101180.0,46790140.0,109000000.0,105706000.0,147850000.0,153746000.0,134538000.0,151995000.0,82003000.0,61944000.0
20241224,35637990.0,86252750.0,118987870.0,146133530.0,149036390.0,175988750.0,140511990.0,76281650.0,76120420.0,110700000.0,152578000.0,187489000.0,191171000.0,225776000.0,180252000.0,97735000.0,97698000.0
20241225,-21970350.0,59252740.0,48416760.0,78374320.0,67239950.0,67878530.0,81851760.0,27901400.0,35898520.0,76216000.0,62203000.0,100765000.0,86415000.0,87243000.0,105214000.0,35799000.0,46191000.0
20241226,-7548670.0,47156500.0,40714770.0,62686110.0,61579170.0,66239720.0,65104100.0,18952530.0,27636820.0,60578000.0,52261000.0,80514000.0,79060000.0,85057000.0,83642000.0,24339000.0,35526000.0
20241227,-34710480.0,75822610.0,47118330.0,85160670.0,79154470.0,73578310.0,89986800.0,33696270.0,51998260.0,99695000.0,61941000.0,111966000.0,104068000.0,96755000.0,118347000.0,44320000.0,68380000.0
20241230,-8342710.0,45525580.0,38979920.0,55177840.0,53380790.0,49879410.0,53922140.0,20141790.0,24441770.0,60316000.0,51618000.0,73063000.0,70650000.0,66067000.0,71421000.0,26650000.0,32406000.0
20241231,-17092660.0,59775960.0,48974700.0,78400050.0,72108660.0,65088060.0,70679550.0,23744690.0,35245860.0,79822000.0,65180000.0,104574000.0,96120000.0,86607000.0,94220000.0,31551000.0,47034000.0
20250102,-18757850.0,65171890.0,48102280.0,76074010.0,74385770.0,58587780.0,69076600.0,25196070.0,33465100.0,89934000.0,66227000.0,105015000.0,102618000.0,80678000.0,95296000.0,34784000.0,46270000.0
20250103,-29034400.0,62758650.0,33215030.0,67860860.0,68370070.0,47717350.0,66147020.0,19992830.0,30597560.0,88457000.0,46721000.0,95582000.0,96314000.0,67204000.0,93227000.0,28238000.0,43218000.0
20250106,1712640.0,64253260.0,67596120.0,89880500.0,88250280.0,85578370.0,85179170.0,41654880.0,40341440.0,89798000.0,94330000.0,125587000.0,123171000.0,119336000.0,118898000.0,58019000.0,56341000.0
20250107,-5934460.0,42020670.0,43068320.0,58673330.0,51691220.0,36699080.0,38863880.0,14175100.0,17944760.0,59118000.0,60533000.0,82466000.0,72674000.0,51541000.0,54615000.0,19895000.0,25197000.0
20250108,14921490.0,58404780.0,67439960.0,80676620.0,86562940.0,80212370.0,71966330.0,38113950.0,31438500.0,80421000.0,92774000.0,111084000.0,119160000.0,110401000.0,99079000.0,52410000.0,43302000.0
20250109,-7128800.0,53464170.0,48213020.0,72011030.0,70133380.0,60729110.0,61998000.0,18947730.0,24807640.0,72959000.0,65611000.0,98079000.0,95485000.0,82534000.0,84392000.0,25730000.0,33815000.0
20250110,-20338980.0,41364560.0,25833420.0,48142160.0,43334330.0,26147250.0,39840120.0,7331800.0,13977910.0,57409000.0,35819000.0,66752000.0,60084000.0,36269000.0,55298000.0,10183000.0,19411000.0
20250113,-289750.0,35320350.0,38843590.0,51163340.0,47350350.0,35255630.0,37132780.0,15375430.0,13788030.0,49075000.0,53934000.0,71087000.0,65732000.0,48915000.0,51550000.0,21248000.0,19109000.0
20250114,11447910.0,48651950.0,57260600.0,71149160.0,73988420.0,64284230.0,58255990.0,31013230.0,25593560.0,66597000.0,78371000.0,97364000.0,101196000.0,87838000.0,79610000.0,42320000.0,34942000.0
20250115,-16612700.0,58598910.0,45222570.0,78061860.0,74825510.0,56770590.0,69051620.0,28404750.0,32736420.0,80404000.0,61932000.0,106990000.0,102479000.0,77807000.0,94694000.0,38884000.0,44982000.0
20250116,13282120.0,36889350.0,41906750.0,53378770.0,61643500.0,56037130.0,54348050.0,36702920.0,25109880.0,49841000.0,56566000.0,72119000.0,83214000.0,75631000.0,73364000.0,49452000.0,33898000.0
20250117,5894200.0,46304980.0,49525470.0,67935860.0,70609570.0,68098460.0,70385980.0,32734180.0,24552460.0,62219000.0,66353000.0,91151000.0,94638000.0,91136000.0,94426000.0,43823000.0,32913000.0
20250120,40893240.0,78238670.0,91914370.0,114284630.0,141502170.0,165545990.0,131341690.0,80423100.0,73734160.0,100460000.0,117966000.0,146734000.0,181644000.0,212407000.0,168575000.0,103316000.0,94733000.0
20250121,-22442620.0,65331420.0,42924720.0,72493260.0,72457340.0,59176320.0,64583600.0,27684420.0,44719760.0,85971000.0,56442000.0,95325000.0,95307000.0,77760000.0,84923000.0,36374000.0,58758000.0
20250122,-24662690.0,64628050.0,40128160.0,76038830.0,75876030.0,55750410.0,67945900.0,34329270.0,46796470.0,87359000.0,54262000.0,102785000.0,102587000.0,75310000.0,91837000.0,46429000.0,63197000.0
20250123,-5585490.0,58088880.0,48686970.0,66319730.0,70136160.0,59167760.0,71291440.0,33456910.0,26918720.0,78273000.0,65490000.0,89273000.0,94382000.0,79546000.0,95979000.0,45013000.0,36255000.0
20250124,-6701490.0,54662810.0,40980140.0,70460350.0,77441520.0,57130860.0,61554130.0,24786110.0,27064330.0,73407000.0,54974000.0,94623000.0,103980000.0,76684000.0,82716000.0,33234000.0,36277000.0
20250127,-7301940.0,45390950.0,42318900.0,50339580.0,46109690.0,37514590.0,38087060.0,19137150.0,25866620.0,62176000.0,58024000.0,68896000.0,63143000.0,51369000.0,52101000.0,26229000.0,35401000.0
20250205,-9435910.0,58368320.0,43880300.0,63776070.0,68828170.0,48928740.0,59156190.0,20653950.0,19862410.0,82087000.0,61708000.0,89650000.0,96721000.0,68760000.0,83128000.0,28991000.0,27932000.0
20250206,9862010.0,71701020.0,73718080.0,98125530.0,105970500.0,94446560.0,81672410.0,33960590.0,36872730.0,102460000.0,104974000.0,140075000.0,151248000.0,134717000.0,116670000.0,48344000.0,52703000.0
20250207,32503150.0,76804020.0,89888140.0,115392540.0,134811580.0,130925570.0,115394650.0,65002070.0,48029840.0,104595000.0,122283000.0,157144000.0,183453000.0,178123000.0,157054000.0,88322000.0,65394000.0
20250210,-54998230.0,128845370.0,91572480.0,176008020.0,158282680.0,145375140.0,164744410.0,61858240.0,97487200.0,180053000.0,127840000.0,245861000.0,221150000.0,202985000.0,230059000.0,86351000.0,136200000.0
20250211,-26561830.0,51740860.0,29867410.0,70604990.0,65916610.0,54811180.0,80004880.0,22169160.0,23537290.0,72862000.0,42044000.0,99418000.0,92808000.0,77185000.0,112688000.0,31224000.0,33148000.0
20250212,6114290.0,63734850.0,51723240.0,88188120.0,106314030.0,73169830.0,65767480.0,36095380.0,37383440.0,90573000.0,73481000.0,125281000.0,150990000.0,103938000.0,93424000.0,51250000.0,53146000.0
20250213,-13947700.0,48547010.0,35308190.0,67729080.0,67020190.0,59736450.0,51290450.0,22634070.0,45027770.0,69068000.0,50195000.0,96325000.0,95295000.0,84956000.0,72955000.0,32196000.0,64099000.0
20250214,-5253590.0,46203490.0,38906010.0,63618140.0,65662030.0,58248480.0,54849550.0,21297180.0,29949700.0,66088000.0,55631000.0,90941000.0,93839000.0,83256000.0,78408000.0,30448000.0,42854000.0
20250217,-41225310.0,79445300.0,47998170.0,104480260.0,94702070.0,89045920.0,111253450.0,35781020.0,54798800.0,115700000.0,69850000.0,152084000.0,137769000.0,129614000.0,162023000.0,52072000.0,79829000.0
20250218,-95130.0,59359760.0,64727950.0,108893130.0,103429810.0,104509280.0,106243590.0,68804260.0,67165080.0,85479000.0,93055000.0,156693000.0,148718000.0,150288000.0,152892000.0,98833000.0,96627000.0
20250219,-11702580.0,70358320.0,61194180.0,100947850.0,98409410.0,91404760.0,88757400.0,38311890.0,52661830.0,103889000.0,90240000.0,148986000.0,145199000.0,134832000.0,131012000.0,56510000.0,77766000.0
20250220,-31009130.0,64488120.0,43985550.0,86637550.0,76130980.0,75201790.0,86991810.0,38994450.0,58213560.0,96009000.0,65464000.0,128964000.0,113320000.0,111941000.0,129512000.0,58072000.0,86690000.0
20250221,-4313330.0,65435010.0,56647350.0,102748100.0,107222440.0,98430880.0,101933860.0,56886280.0,57696630.0,96832000.0,83740000.0,151997000.0,158564000.0,145567000.0,150743000.0,84056000.0,85406000.0
20250224,-1412780.0,54691240.0,57713540.0,97368980.0,92933910.0,94033800.0,96672720.0,45753980.0,44527840.0,80879000.0,85173000.0,143803000.0,137187000.0,138734000.0,142764000.0,67424000.0,65715000.0
20250225,-15813520.0,52726530.0,41750700.0,85249760.0,80412080.0,68577340.0,78041090.0,31189390.0,37539160.0,78137000.0,61803000.0,126248000.0,119084000.0,101546000.0,115597000.0,46180000.0,55627000.0
20250226,32835610.0,84247890.0,104462970.0,148409420.0,161029940.0,161409890.0,156238590.0,103409830.0,75745520.0,122701000.0,151828000.0,215906000.0,234265000.0,234956000.0,227455000.0,150149000.0,110165000.0
20250227,24515060.0,99260450.0,117286340.0,174361990.0,180851140.0,197478800.0,186809570.0,135073280.0,121227450.0,138495000.0,163487000.0,243248000.0,252188000.0,275398000.0,260598000.0,188393000.0,169261000.0
20250228,-528820.0,75612680.0,77611790.0,134403770.0,131875840.0,122474530.0,129380390.0,83100530.0,76723490.0,104860000.0,107279000.0,186207000.0,182591000.0,169434000.0,179245000.0,114941000.0,106328000.0
20250303,27245210.0,82816570.0,97674100.0,129330220.0,141717900.0,146350280.0,126440680.0,76871390.0,69535780.0,113825000.0,134093000.0,177778000.0,194598000.0,200849000.0,173667000.0,105433000.0,95528000.0
20250304,-27796170.0,69727240.0,48443190.0,88105790.0,81593660.0,70931780.0,82128350.0,26332820.0,42932420.0,98817000.0,68618000.0,124848000.0,115603000.0,100515000.0,116403000.0,37318000.0,60873000.0
20250305,-60317900.0,93325010.0,52380180.0,116338790.0,96965720.0,86154180.0,102233020.0,37890070.0,82129130.0,135646000.0,76196000.0,169054000.0,140791000.0,125279000.0,148482000.0,55048000.0,119558000.0
20250306,-12267380.0,59862610.0,49086260.0,88307780.0,86816760.0,84923800.0,88281280.0,43065670.0,51975570.0,87549000.0,71615000.0,129088000.0,126824000.0,124067000.0,129139000.0,62878000.0,76003000.0
20250307,-19486230.0,57655370.0,40831660.0,76726220.0,74063700.0,64967390.0,75310640.0,29983980.0,39126960.0,85025000.0,60134000.0,113120000.0,109124000.0,95715000.0,111026000.0,44139000.0,57716000.0
20250310,-3663910.0,41336020.0,41921570.0,69500310.0,65250840.0,61310100.0,54914520.0,25555550.0,35615040.0,60857000.0,61596000.0,102231000.0,95879000.0,90063000.0,80769000.0,37524000.0,52431000.0
20250311,-28625300.0,43215810.0,26707420.0,65931810.0,53814910.0,56768410.0,66904100.0,21457260.0,39946870.0,64198000.0,39641000.0,97933000.0,79895000.0,84306000.0,99384000.0,31845000.0,59362000.0
20250312,-4536170.0,37028590.0,27259290.0,58961500.0,64194640.0,57213960.0,57185400.0,23365210.0,27929940.0,54706000.0,40242000.0,87091000.0,94824000.0,84483000.0,84449000.0,34499000.0,41265000.0
20250313,-4647150.0,38693320.0,38266950.0,72161220.0,67940430.0,66009420.0,66608200.0,28283960.0,32332330.0,57036000.0,56305000.0,106325000.0,100018000.0,97110000.0,98061000.0,41537000.0,47623000.0
20250314,6017850.0,58833060.0,58767570.0,99692080.0,105775410.0,91254120.0,91927090.0,56270600.0,49579780.0,86101000.0,85886000.0,145816000.0,154637000.0,133481000.0,134504000.0,82228000.0,72599000.0
20250317,-21591180.0,43238030.0,33954670.0,79984030.0,67676210.0,56509730.0,65527450.0,25057490.0,37630950.0,62622000.0,49128000.0,115799000.0,97950000.0,81777000.0,94870000.0,36241000.0,54491000.0
20250318,20946060.0,41245500.0,56385140.0,79711650.0,85518070.0,87114130.0,77740350.0,59221660.0,47649380.0,59346000.0,81035000.0,114681000.0,122937000.0,125220000.0,111765000.0,84983000.0,68492000.0
20250319,-16956980.0,56371040.0,44550950.0,85121460.0,79984570.0,78239130.0,91454100.0,45118430.0,48860440.0,81245000.0,64017000.0,122576000.0,115067000.0,112582000.0,131861000.0,64976000.0,70434000.0
20250320,-24700930.0,41248920.0,24514060.0,60424070.0,52458000.0,48893900.0,53559100.0,14306220.0,34341950.0,59741000.0,35468000.0,87483000.0,75923000.0,70778000.0,77552000.0,20698000.0,49757000.0
20250321,-17120040.0,41338950.0,27650040.0,61544550.0,58113420.0,49634470.0,58302330.0,19661710.0,28113890.0,60770000.0,40592000.0,90376000.0,85319000.0,72833000.0,85644000.0,28867000.0,41292000.0
20250324,-24836890.0,43160710.0,27504080.0,59354320.0,50174060.0,47828340.0,53695370.0,17869250.0,36839110.0,64552000.0,41112000.0,88758000.0,74990000.0,71525000.0,80302000.0,26718000.0,55147000.0
20250325,74441130.0,118687260.0,152596590.0,181302880.0,221834690.0,201585730.0,201859790.0,167925240.0,93210050.0,168617000.0,216815000.0,257605000.0,315506000.0,286830000.0,287132000.0,239054000.0,132654000.0
20250326,-20703460.0,106118120.0,87662680.0,145684550.0,143436530.0,141473510.0,147893100.0,68674410.0,82958280.0,147113000.0,121343000.0,201861000.0,198682000.0,195976000.0,204923000.0,95222000.0,115223000.0
20250327,-5084010.0,51271670.0,46511010.0,72365470.0,72042120.0,69364380.0,67239210.0,27665350.0,34874530.0,71709000.0,64933000.0,101115000.0,100624000.0,96870000.0,93952000.0,38604000.0,48789000.0
20250328,-3737450.0,62799260.0,63814260.0,106466870.0,101714420.0,96451850.0,95207890.0,40100070.0,45081480.0,86278000.0,87620000.0,146397000.0,139718000.0,132362000.0,130777000.0,55020000.0,61940000.0
20250331,-42766520.0,78298370.0,58056500.0,112905660.0,90381000.0,93803180.0,114468730.0,35417260.0,57518230.0,110964000.0,81912000.0,159659000.0,127740000.0,132341000.0,161794000.0,49872000.0,81390000.0
20250401,25477590.0,66016220.0,78554740.0,96024570.0,108963630.0,120125860.0,106278060.0,51826330.0,40196540.0,91798000.0,109078000.0,133486000.0,151375000.0,166928000.0,147758000.0,71956000.0,55958000.0
20250402,12605310.0,35684850.0,47095760.0,59853350.0,61047750.0,65628280.0,48313830.0,23177380.0,27886520.0,49297000.0,65058000.0,82682000.0,84313000.0,90633000.0,66723000.0,32006000.0,38524000.0
20250403,-37283620.0,130740820.0,108336500.0,194377820.0,179498510.0,153125780.0,159037330.0,77538780.0,108910850.0,192546000.0,159804000.0,286233000.0,264621000.0,225457000.0,234059000.0,114121000.0,159874000.0
20250407,-83535520.0,132504000.0,80988640.0,193688630.0,161668480.0,138074490.0,178455000.0,86464190.0,129619200.0,233174000.0,142788000.0,340329000.0,283907000.0,242801000.0,313381000.0,151146000.0,227374000.0
20250408,-34266870.0,94932550.0,73884270.0,114643000.0,101424410.0,66504160.0,83654280.0,24566790.0,41683540.0,168570000.0,131073000.0,203506000.0,179945000.0,118031000.0,148503000.0,43547000.0,74132000.0
20250409,-8972400.0,68565390.0,64370000.0,86962720.0,82185720.0,62264020.0,68822860.0,37705440.0,40119000.0,123850000.0,115726000.0,157069000.0,148338000.0,112431000.0,124565000.0,68171000.0,72891000.0
20250410,-9155970.0,65037150.0,57118280.0,93741350.0,92504250.0,68551550.0,69410840.0,37108430.0,45405110.0,111413000.0,97734000.0,160231000.0,158219000.0,117239000.0,118643000.0,63146000.0,77434000.0
20250411,3671850.0,46344040.0,43490180.0,60927830.0,67453550.0,52814580.0,50294470.0,31982320.0,30830580.0,80948000.0,75828000.0,106368000.0,117655000.0,92154000.0,87785000.0,55713000.0,53915000.0
20250414,-1739030.0,32148760.0,35281880.0,54684120.0,49811970.0,44146320.0,43962330.0,22401110.0,24324130.0,55310000.0,60699000.0,94059000.0,85653000.0,75917000.0,75610000.0,38503000.0,41827000.0
20250415,-8217200.0,32948790.0,26922900.0,42180140.0,39988830.0,36442160.0,39630350.0,13229440.0,18258450.0,57673000.0,47122000.0,73823000.0,69984000.0,63790000.0,69353000.0,23137000.0,31964000.0
20250416,-18835900.0,38583940.0,26329060.0,47669940.0,41088910.0,28423030.0,30667300.0,10265620.0,26857250.0,68661000.0,46834000.0,84807000.0,73078000.0,50539000.0,54532000.0,18264000.0,47827000.0
20250417,-1198190.0,28058410.0,25709380.0,34272900.0,35423740.0,28829580.0,28496340.0,7702990.0,9234420.0,50126000.0,45909000.0,61217000.0,63268000.0,51500000.0,50922000.0,13765000.0,16509000.0
20250418,-3658890.0,21064350.0,25343540.0,41926880.0,33988800.0,29989110.0,32910890.0,6107770.0,6844880.0,37592000.0,45222000.0,74823000.0,60657000.0,53515000.0,58738000.0,10895000.0,12209000.0
20250421,2615850.0,22009620.0,24782740.0,35631260.0,35473980.0,27891600.0,28971050.0,16575340.0,12880040.0,39056000.0,43930000.0,63201000.0,62912000.0,49423000.0,51375000.0,29371000.0,22834000.0
20250422,-6100870.0,27455420.0,27405470.0,40775230.0,34724310.0,34302500.0,31668540.0,10178880.0,18913710.0,48505000.0,48391000.0,71991000.0,61298000.0,60561000.0,55902000.0,17967000.0,33433000.0
20250423,30057600.0,46684690.0,59210450.0,81505400.0,99037240.0,91977600.0,74154990.0,44169220.0,31934230.0,80279000.0,101691000.0,140138000.0,170191000.0,157909000.0,127355000.0,75734000.0,54824000.0
20250424,-6564970.0,35659460.0,31211390.0,49903340.0,47786440.0,32925120.0,39694860.0,18565320.0,18360550.0,62396000.0,54568000.0,87288000.0,83573000.0,57560000.0,69433000.0,32473000.0,32143000.0
20250425,17473120.0,45321500.0,54973960.0,77648700.0,85469360.0,84201420.0,67515430.0,29510920.0,28723790.0,77070000.0,93585000.0,132213000.0,145534000.0,143514000.0,115056000.0,50225000.0,48847000.0
20250428,3515330.0,104322910.0,81528620.0,108752080.0,135061690.0,120268160.0,120289660.0,67803660.0,64266830.0,166206000.0,129790000.0,173191000.0,215076000.0,191547000.0,191604000.0,107948000.0,102423000.0
20250429,-10432820.0,55100230.0,44930240.0,68042640.0,67779800.0,51541910.0,51270560.0,24125250.0,34829420.0,89215000.0,72643000.0,110067000.0,109665000.0,83380000.0,82912000.0,38924000.0,56366000.0
20250430,-13153060.0,38870950.0,29662510.0,47633310.0,43688690.0,36934700.0,41741060.0,17817820.0,26164520.0,63823000.0,48669000.0,78175000.0,71684000.0,60633000.0,68545000.0,29237000.0,42970000.0
20250506,9935850.0,40108430.0,48065190.0,59294550.0,61273640.0,56696970.0,49770810.0,31610650.0,28600960.0,64988000.0,77810000.0,96129000.0,99290000.0,91836000.0,80683000.0,51220000.0,46391000.0
20250507,4513210.0,52842820.0,46832640.0,72743990.0,83267380.0,77582380.0,80474720.0,50021660.0,42616110.0,84311000.0,74403000.0,115775000.0,132416000.0,123035000.0,127970000.0,79214000.0,67547000.0
20250508,16437160.0,52667400.0,58634130.0,79960270.0,90430700.0,79905740.0,78094260.0,52145300.0,37519620.0,83282000.0,92594000.0,126395000.0,142875000.0,126140000.0,123496000.0,82366000.0,59216000.0
20250509,-3253300.0,42049820.0,44359680.0,57385530.0,51822370.0,40700240.0,43188630.0,26019060.0,26783970.0,67276000.0,70979000.0,91781000.0,82890000.0,65066000.0,69058000.0,41656000.0,42851000.0
20250512,39319790.0,84645360.0,91010530.0,115838090.0,148792710.0,177107370.0,153047080.0,123942500.0,108683000.0,126966000.0,136492000.0,173704000.0,223133000.0,265444000.0,229569000.0,186073000.0,162993000.0
20250513,-187500.0,88385400.0,86274510.0,123700610.0,125624000.0,132060010.0,134314160.0,95226180.0,93159530.0,129252000.0,125953000.0,180637000.0,183485000.0,192490000.0,195899000.0,138822000.0,135864000.0
20250514,-9085170.0,86726500.0,70607600.0,98097260.0,105130990.0,86070100.0,94723300.0,53987660.0,54419630.0,131251000.0,106902000.0,148368000.0,159071000.0,130121000.0,143219000.0,81646000.0,82194000.0
20250515,-43093720.0,68101290.0,36249100.0,69917580.0,58676060.0,60349920.0,106774890.0,36359130.0,33027880.0,105588000.0,56190000.0,108397000.0,90967000.0,93553000.0,165558000.0,56356000.0,51178000.0
20250516,32358790.0,53357330.0,75570040.0,79586180.0,89732260.0,105972090.0,76791320.0,52406280.0,49228260.0,80926000.0,114445000.0,120630000.0,135860000.0,160214000.0,116227000.0,79246000.0,74482000.0
20250519,3506310.0,33583880.0,37187910.0,39504640.0,39406920.0,32141820.0,31065950.0,17095320.0,14664880.0,52025000.0,57588000.0,61193000.0,61044000.0,49786000.0,48121000.0,26466000.0,22718000.0
20250520,-3187510.0,47895550.0,47216480.0,66392210.0,63883760.0,52653000.0,52646790.0,24034380.0,27228100.0,75577000.0,74467000.0,104739000.0,100792000.0,83061000.0,83072000.0,37931000.0,42978000.0
20250521,13705550.0,34917420.0,42639760.0,47027410.0,53010620.0,40562050.0,39822060.0,27684470.0,14718910.0,54512000.0,66548000.0,73442000.0,82784000.0,63323000.0,62176000.0,43215000.0,22985000.0
20250522,-22906620.0,47448100.0,28644580.0,55805270.0,51702180.0,42200210.0,46061640.0,23277210.0,42322400.0,75228000.0,45329000.0,88428000.0,81922000.0,66881000.0,73029000.0,36895000.0,67153000.0
20250523,-13456050.0,84284450.0,70920680.0,103686670.0,103594380.0,88022450.0,87305040.0,42388640.0,56562100.0,138241000.0,116319000.0,170074000.0,169932000.0,144408000.0,143197000.0,69531000.0,92805000.0
20250526,-1745320.0,29932260.0,30402250.0,42766120.0,40550800.0,37978300.0,34581580.0,13842410.0,18984450.0,49081000.0,49817000.0,70066000.0,66436000.0,62206000.0,56690000.0,22674000.0,31084000.0
20250527,-7987010.0,23256940.0,25683350.0,35636920.0,25223500.0,19440550.0,23098030.0,6059510.0,10389040.0,38403000.0,42404000.0,58841000.0,41636000.0,32085000.0,38129000.0,10006000.0,17168000.0
20250528,5481050.0,22042650.0,29951150.0,29362070.0,26934640.0,25022620.0,19236670.0,6647070.0,6951970.0,36409000.0,49455000.0,48483000.0,44475000.0,41301000.0,31757000.0,10977000.0,11484000.0
20250529,5771160.0,25842900.0,33428030.0,39269760.0,37455790.0,35345520.0,29897470.0,20101140.0,19778030.0,42376000.0,54806000.0,64399000.0,61410000.0,57949000.0,49022000.0,32949000.0,32434000.0
20250530,-9630650.0,35248100.0,27261750.0,31258290.0,29614000.0,21324510.0,26455360.0,15718110.0,20217910.0,58439000.0,45196000.0,51816000.0,49084000.0,35346000.0,43851000.0,26063000.0,33535000.0
20250603,241690.0,19013920.0,20447730.0,26680570.0,25488430.0,18826320.0,17284870.0,8841490.0,10141250.0,31578000.0,33946000.0,44299000.0,42323000.0,31268000.0,28707000.0,14673000.0,16841000.0
20250604,4214030.0,25266340.0,26381510.0,37752030.0,40850890.0,30112510.0,27597080.0,14188260.0,12489660.0,41456000.0,43287000.0,61947000.0,67025000.0,49408000.0,45283000.0,23280000.0,20495000.0
20250605,6115520.0,25669670.0,28689120.0,40693700.0,43789780.0,37041580.0,34992900.0,20320620.0,16253780.0,42187000.0,47069000.0,66844000.0,71892000.0,60823000.0,57472000.0,33282000.0,26704000.0
20250606,-5849760.0,29191220.0,28436650.0,39136670.0,34041480.0,31222620.0,28164820.0,10265330.0,19172890.0,47869000.0,46617000.0,64140000.0,55781000.0,51133000.0,46139000.0,16831000.0,31436000.0
20250609,28622050.0,46836810.0,65808160.0,80175990.0,89826690.0,86242100.0,62641870.0,41134080.0,36112260.0,74971000.0,105336000.0,128391000.0,143826000.0,138039000.0,100296000.0,65829000.0,57772000.0
20250610,8118950.0,75788820.0,77692710.0,114848450.0,121063510.0,125074270.0,115277650.0,70618220.0,72295890.0,117213000.0,120063000.0,177598000.0,187136000.0,193348000.0,178269000.0,109043000.0,111734000.0
20250611,-644770.0,39777380.0,38986110.0,51029000.0,51175500.0,58145880.0,50206590.0,19871190.0,28455250.0,61862000.0,60595000.0,79360000.0,79566000.0,90359000.0,78061000.0,30886000.0,44244000.0
20250612,-4139030.0,34477220.0,34013690.0,48564970.0,44889460.0,40975080.0,38070640.0,15918070.0,22961540.0,54007000.0,53247000.0,76030000.0,70289000.0,64124000.0,59610000.0,24921000.0,35936000.0
20250613,-18391060.0,40611170.0,31056350.0,50910330.0,42074100.0,31590430.0,39545320.0,7934800.0,18370970.0,64734000.0,49451000.0,81099000.0,67023000.0,50286000.0,63011000.0,12619000.0,29253000.0
20250616,4516990.0,31411250.0,36789210.0,43512060.0,42651100.0,43928090.0,40431620.0,19925530.0,18905010.0,49557000.0,57981000.0,68640000.0,67248000.0,69241000.0,63718000.0,31348000.0,29838000.0
20250617,-7056650.0,27212930.0,24048280.0,37049030.0,33157020.0,25767820.0,28084410.0,13001670.0,17741730.0,43303000.0,38233000.0,58933000.0,52737000.0,40980000.0,44690000.0,20688000.0,28243000.0
20250618,12912440.0,66363320.0,75591900.0,92467160.0,96151020.0,99041390.0,89144640.0,55618870.0,52603180.0,101944000.0,116121000.0,142076000.0,147680000.0,152124000.0,136948000.0,85447000.0,80841000.0
20250619,-20555280.0,61757640.0,48996710.0,72145810.0,64351480.0,55991990.0,62870140.0,22175970.0,35853100.0,96810000.0,76942000.0,112972000.0,100847000.0,87663000.0,98353000.0,34778000.0,56081000.0
20250620,-1917740.0,39385920.0,36223910.0,50805700.0,52049970.0,46321650.0,47516670.0,24069340.0,24792060.0,62052000.0,56953000.0,79964000.0,81902000.0,72773000.0,74806000.0,37886000.0,39014000.0
20250623,17378870.0,32077750.0,48092780.0,58835690.0,60199530.0,54146730.0,43101810.0,23804350.0,17470400.0,50450000.0,75561000.0,92465000.0,94635000.0,85084000.0,67743000.0,37371000.0,27431000.0
20250624,4962640.0,41846880.0,46179230.0,60023150.0,60653440.0,56777990.0,54415210.0,31780440.0,29180580.0,64296000.0,70931000.0,92208000.0,93143000.0,87152000.0,83585000.0,48790000.0,44788000.0
20250625,5104040.0,41235480.0,48135240.0,59972230.0,58176520.0,60521610.0,52745080.0,32187930.0,34860420.0,63367000.0,73850000.0,92054000.0,89264000.0,92838000.0,80977000.0,49323000.0,53491000.0
20250626,-20224480.0,46244910.0,39552880.0,59491120.0,45958680.0,49531020.0,57718170.0,22267120.0,34304450.0,71475000.0,61093000.0,91903000.0,70939000.0,76495000.0,89171000.0,34367000.0,53037000.0
20250627,29160150.0,54735320.0,67621420.0,82452460.0,98726520.0,91419370.0,78572730.0,53688620.0,37375110.0,83524000.0,103074000.0,125854000.0,150577000.0,139435000.0,119846000.0,81666000.0,56983000.0
20250630,9425850.0,64028710.0,72422360.0,102855380.0,103887580.0,92754050.0,100108320.0,87852990.0,71072870.0,95157000.0,107601000.0,152930000.0,154386000.0,137955000.0,148886000.0,130415000.0,105584000.0
20250701,5025920.0,52968900.0,59920140.0,84026270.0,82100960.0,73178070.0,79981450.0,54282540.0,42453240.0,78148000.0,88035000.0,123800000.0,120709000.0,107462000.0,117650000.0,79564000.0,62580000.0
20250702,-5040420.0,50525880.0,50798040.0,90359350.0,85046780.0,66048500.0,67985330.0,31141050.0,34244640.0,73691000.0,74058000.0,131750000.0,123977000.0,96296000.0,99102000.0,45341000.0,49943000.0
20250703,4694770.0,54863410.0,62897390.0,89277640.0,85938440.0,78169240.0,85322740.0,60058560.0,48210290.0,79643000.0,90988000.0,129406000.0,124475000.0,113275000.0,123621000.0,86637000.0,69877000.0
20250704,-21184880.0,72078490.0,55296590.0,102108730.0,97705760.0,91298250.0,83927340.0,46504630.0,75060420.0,105522000.0,80831000.0,149280000.0,142813000.0,133325000.0,122425000.0,67730000.0,109789000.0
20250707,-1495400.0,39542940.0,32325030.0,47943960.0,53666470.0,45230090.0,41849100.0,21785550.0,26661940.0,58645000.0,47905000.0,71046000.0,79541000.0,67006000.0,62022000.0,32263000.0,39492000.0
20250708,46829540.0,111436010.0,135442040.0,191088700.0,213912210.0,231055500.0,245916690.0,212156660.0,150465930.0,154015000.0,188122000.0,265223000.0,296493000.0,320683000.0,339935000.0,293203000.0,208573000.0
20250709,-25723320.0,79312330.0,56746570.0,99429820.0,96272260.0,100074680.0,120169790.0,72590450.0,78218660.0,108185000.0,77351000.0,135597000.0,131217000.0,136440000.0,163836000.0,98852000.0,106670000.0
20250710,52369320.0,102308140.0,140081620.0,168894520.0,183490360.0,212103850.0,221633440.0,212435570.0,150536660.0,134134000.0,183616000.0,221238000.0,240541000.0,278080000.0,290453000.0,278354000.0,197196000.0
20250711,6546590.0,69872920.0,78239750.0,97855310.0,96035060.0,111374380.0,97056430.0,66259960.0,74031320.0,91803000.0,102749000.0,128539000.0,126129000.0,146301000.0,127468000.0,86993000.0,97289000.0
20250714,-7013330.0,86757840.0,81970850.0,122826070.0,120599730.0,128880910.0,126420500.0,68359010.0,77832750.0,115265000.0,108892000.0,163406000.0,160343000.0,171475000.0,168171000.0,90861000.0,103601000.0
20250715,-36775950.0,78444200.0,47848070.0,95029430.0,88849620.0,103808940.0,116938780.0,67232760.0,90878870.0,104581000.0,63589000.0,126552000.0,118188000.0,138062000.0,155625000.0,89365000.0,121159000.0
20250716,-16461850.0,57488190.0,50757570.0,82854130.0,73122900.0,83437630.0,89332540.0,53738840.0,64305780.0,77602000.0,68357000.0,111743000.0,98579000.0,112502000.0,120509000.0,72424000.0,86827000.0
20250717,-38246450.0,81791390.0,60745920.0,111427180.0,94226200.0,106724910.0,121743060.0,61638500.0,84866800.0,109994000.0,81380000.0,149331000.0,126282000.0,143049000.0,163052000.0,82405000.0,114066000.0
20250718,-66176600.0,86346880.0,41265240.0,103208650.0,82113700.0,90737470.0,104042700.0,60311750.0,113183120.0,118796000.0,56733000.0,141867000.0,112877000.0,124608000.0,142942000.0,82911000.0,155630000.0
20250721,-7076630.0,43542560.0,39135850.0,61310000.0,58640080.0,60722170.0,62719600.0,29801190.0,34880390.0,60034000.0,53926000.0,84517000.0,80829000.0,83687000.0,86441000.0,41048000.0,48090000.0
20250722,17960280.0,59335830.0,77268170.0,102608530.0,102636470.0,109146680.0,101864880.0,78455960.0,67777480.0,80935000.0,105200000.0,139848000.0,139915000.0,148654000.0,138807000.0,106707000.0,92222000.0
20250723,-22118560.0,59536590.0,48540760.0,82491000.0,71368270.0,77438720.0,76335020.0,37310710.0,60532970.0,80799000.0,65689000.0,111860000.0,96653000.0,104882000.0,103460000.0,50556000.0,82295000.0
20250724,46942160.0,64608680.0,97215230.0,115136190.0,129471800.0,132004700.0,127081790.0,113084400.0,71065150.0,86061000.0,129301000.0,153353000.0,172320000.0,175592000.0,169041000.0,150159000.0,94503000.0
20250725,-18174500.0,48087150.0,37848160.0,67617570.0,59682050.0,66799830.0,68242830.0,33297870.0,50029370.0,63258000.0,49753000.0,88926000.0,78475000.0,87824000.0,89743000.0,43781000.0,65817000.0
20250728,-36219050.0,75566050.0,45758630.0,82948900.0,76537250.0,72219910.0,90422770.0,41808500.0,59824690.0,101575000.0,61440000.0,111408000.0,102800000.0,96984000.0,121482000.0,56123000.0,80369000.0
20250729,1176200.0,49849720.0,54650160.0,80561700.0,76937470.0,72111940.0,72646150.0,48895850.0,47185440.0,66849000.0,73044000.0,107904000.0,103002000.0,96435000.0,97207000.0,65339000.0,63274000.0
20250730,-1495440.0,56518780.0,53890330.0,85490110.0,86623110.0,86609590.0,81213730.0,41064790.0,47956090.0,75218000.0,71542000.0,113683000.0,115133000.0,115058000.0,107907000.0,54508000.0,63885000.0
20250731,-27006460.0,77319800.0,49377800.0,99487240.0,100422780.0,113642560.0,105508350.0,49402390.0,84543060.0,105708000.0,67338000.0,135921000.0,137106000.0,154791000.0,143876000.0,67594000.0,115695000.0
20250801,9251130.0,92300970.0,92475750.0,119270290.0,128346660.0,128283640.0,121654830.0,80235040.0,77612720.0,124178000.0,124253000.0,160403000.0,172579000.0,172601000.0,163664000.0,107744000.0,104431000.0
20250804,-2649610.0,54820420.0,65484960.0,84281280.0,70967120.0,75358240.0,75662090.0,35279900.0,37625660.0,74877000.0,89361000.0,115066000.0,96881000.0,102867000.0,103348000.0,48147000.0,51367000.0
20250805,3112870.0,58466580.0,58790720.0,83433670.0,86222390.0,91383550.0,92723080.0,56877340.0,52424940.0,77907000.0,78361000.0,111231000.0,114937000.0,121876000.0,123545000.0,75682000.0,69853000.0
20250806,21378120.0,47020550.0,65984250.0,90733900.0,93148340.0,113375930.0,106333940.0,59076910.0,44740780.0,61650000.0,86411000.0,118935000.0,122038000.0,148504000.0,139275000.0,77253000.0,58618000.0
20250807,-18636570.0,59983720.0,52736540.0,93522680.0,82133290.0,106434430.0,107098660.0,35510720.0,53483060.0,79838000.0,70186000.0,124428000.0,109282000.0,141659000.0,142591000.0,47271000.0,71138000.0
20250808,39434170.0,154158960.0,146553250.0,221872000.0,268911880.0,285668570.0,344072090.0,301836990.0,203999300.0,190721000.0,182533000.0,274674000.0,332740000.0,355136000.0,424882000.0,370528000.0,250904000.0
20250811,9504320.0,117889710.0,129410540.0,203713750.0,201697230.0,255874460.0,222191640.0,129295610.0,153474110.0,142598000.0,155611000.0,245661000.0,243017000.0,307955000.0,268179000.0,156141000.0,185550000.0
20250812,6627160.0,105314270.0,115348530.0,204393760.0,200986670.0,227063260.0,221362330.0,131386250.0,130460020.0,123276000.0,134551000.0,239499000.0,234787000.0,264311000.0,258366000.0,152757000.0,152139000.0
20250813,9015440.0,91254780.0,94465660.0,181744070.0,187548630.0,218009760.0,203654440.0,123295920.0,128635800.0,103553000.0,107103000.0,206161000.0,212465000.0,246853000.0,230602000.0,139372000.0,145770000.0
20250814,-59831540.0,92084960.0,52454230.0,157975490.0,137774670.0,142381180.0,162728000.0,56083450.0,95568170.0,104845000.0,59580000.0,179666000.0,156621000.0,161790000.0,185045000.0,63780000.0,108835000.0
20250815,40343810.0,104754240.0,126632940.0,235508510.0,253973620.0,289454530.0,291214480.0,208088430.0,165984670.0,113457000.0,137009000.0,254938000.0,274572000.0,311957000.0,314544000.0,225262000.0,179488000.0
20250818,-11611080.0,87171530.0,83377770.0,173868860.0,166051540.0,200691770.0,181808370.0,117409540.0,147904020.0,91883000.0,87809000.0,183237000.0,174890000.0,211466000.0,191466000.0,123577000.0,155999000.0
20250819,-29331430.0,111404610.0,91617750.0,202004270.0,192459700.0,240600140.0,265262860.0,156585530.0,161254240.0,114934000.0,94027000.0,207780000.0,197732000.0,247082000.0,272674000.0,160335000.0,165698000.0
20250820,-65146130.0,116481750.0,67523940.0,172080320.0,155892000.0,158708120.0,214446750.0,116817790.0,126225290.0,123552000.0,71415000.0,182322000.0,165072000.0,168070000.0,227214000.0,123702000.0,133945000.0
20250821,-60768670.0,113864260.0,61916080.0,152490000.0,143669500.0,134992460.0,161079320.0,62494670.0,97176480.0,122353000.0,66486000.0,163741000.0,154208000.0,144934000.0,172957000.0,67097000.0,104473000.0
20250822,66215780.0,97005610.0,127863640.0,153612320.0,188970080.0,216747020.0,198499580.0,184256350.0,136288010.0,100760000.0,132603000.0,159897000.0,196301000.0,224945000.0,206406000.0,191213000.0,141505000.0
20250825,95879790.0,77405330.0,127827920.0,177699180.0,223156390.0,269685690.0,237811490.0,224716980.0,160711390.0,76692000.0,126439000.0,175930000.0,220940000.0,267010000.0,235526000.0,222296000.0,159023000.0
20250826,-115266190.0,177022870.0,119994510.0,333603260.0,275365430.0,367290880.0,388483640.0,249535910.0,343609340.0,180709000.0,122277000.0,340205000.0,281129000.0,374009000.0,396309000.0,253687000.0,348893000.0
20250827,-64151650.0,143483990.0,96781200.0,247727890.0,230279030.0,277374320.0,285547480.0,146425840.0,202404330.0,148312000.0,99598000.0,255777000.0,237325000.0,286137000.0,294709000.0,151077000.0,209671000.0
20250828,15809160.0,133343230.0,128594980.0,234611530.0,255168950.0,260180790.0,257565820.0,184292890.0,171098700.0,135167000.0,130106000.0,237674000.0,258276000.0,263607000.0,261048000.0,186171000.0,173190000.0
20250829,19555520.0,106286560.0,107228530.0,223111890.0,241725440.0,256464870.0,259518560.0,179688600.0,157079390.0,106312000.0,106789000.0,222635000.0,241047000.0,255474000.0,258770000.0,178758000.0,156574000.0
20250901,-55913010.0,105649540.0,79559190.0,181107560.0,151284900.0,177348930.0,195672280.0,122162330.0,159751990.0,106598000.0,80176000.0,182615000.0,152489000.0,178816000.0,197328000.0,123132000.0,161168000.0
20250902,7613940.0,122702750.0,124438930.0,266776970.0,272654740.0,263721610.0,263806410.0,206829260.0,199130520.0,120618000.0,122025000.0,261705000.0,267035000.0,258224000.0,258459000.0,201914000.0,194942000.0
20250903,117877160.0,155751530.0,193880720.0,357244180.0,436992140.0,459831830.0,473888890.0,585996890.0,454062670.0,142908000.0,178052000.0,327828000.0,401751000.0,422139000.0,434455000.0,536318000.0,414935000.0
20250904,-43435360.0,242626790.0,223511940.0,500242430.0,475921920.0,619338780.0,641369490.0,598940970.0,620345620.0,205287000.0,188056000.0,422047000.0,400880000.0,521414000.0,540009000.0,503070000.0,522873000.0
20250905,96903480.0,266905570.0,293461490.0,481802100.0,552149650.0,622757020.0,668794070.0,799652810.0,656712280.0,209191000.0,230336000.0,377767000.0,432688000.0,488664000.0,523841000.0,623789000.0,512547000.0
20250908,-59764990.0,304606580.0,267176840.0,708945340.0,686610100.0,782833080.0,825419050.0,806746600.0,823925620.0,221622000.0,193584000.0,514868000.0,499391000.0,567467000.0,598566000.0,583015000.0,595431000.0
20250909,-91902630.0,287721620.0,207423480.0,434057800.0,422453300.0,491282770.0,572191050.0,504656960.0,515651310.0,219313000.0,157716000.0,330403000.0,321311000.0,373702000.0,435410000.0,383596000.0,392577000.0
20250910,-46530920.0,252236470.0,198157680.0,388765820.0,396313690.0,473554080.0,480080910.0,411123770.0,451127860.0,198224000.0,155239000.0,305124000.0,311052000.0,371563000.0,376946000.0,322478000.0,354152000.0
20250911,61035820.0,208869630.0,257870480.0,438696850.0,450731820.0,563892500.0,524867950.0,548595570.0,526584300.0,160616000.0,197089000.0,335870000.0,344512000.0,431868000.0,402001000.0,418297000.0,403049000.0
20250912,-94660020.0,191242410.0,145549270.0,440057920.0,391091030.0,468117150.0,503929550.0,437611990.0,496459610.0,140776000.0,106743000.0,323497000.0,287363000.0,343873000.0,370506000.0,321356000.0,364890000.0
20250915,-50414140.0,259766930.0,218371020.0,567615610.0,558597390.0,686156270.0,662697490.0,622695450.0,696568370.0,183960000.0,153961000.0,401575000.0,394632000.0,484264000.0,468246000.0,439909000.0,492869000.0
20250916,57831210.0,155438210.0,175559090.0,407488250.0,445198580.0,452879740.0,474691160.0,492471690.0,412829060.0,112002000.0,126113000.0,293396000.0,320281000.0,326001000.0,341710000.0,353843000.0,297139000.0
20250917,-13541900.0,155542920.0,150975000.0,365375170.0,356401190.0,410139100.0,405109470.0,378620070.0,397191600.0,110919000.0,107414000.0,260403000.0,253764000.0,292094000.0,288595000.0,269281000.0,282923000.0
20250918,-17247430.0,212163950.0,210896540.0,536168800.0,520188780.0,623534580.0,588190550.0,541395550.0,593987010.0,151231000.0,149004000.0,381174000.0,368438000.0,442130000.0,417437000.0,383181000.0,422838000.0
20250919,-70493640.0,155071600.0,112760480.0,354466140.0,326283630.0,386814290.0,384020520.0,291249340.0,364536750.0,111452000.0,80843000.0,254659000.0,234140000.0,277857000.0,275738000.0,209211000.0,262457000.0
20250922,-52366640.0,129310240.0,101289310.0,275332820.0,250987110.0,296432260.0,309011120.0,213131680.0,252919460.0,94772000.0,74050000.0,201647000.0,183632000.0,216943000.0,226225000.0,155897000.0,185351000.0
20250923,29341540.0,198471560.0,200951100.0,432059550.0,458921550.0,536868910.0,539390400.0,536331010.0,504467980.0,138540000.0,139844000.0,301323000.0,319675000.0,373696000.0,375841000.0,373027000.0,351226000.0
20250924,141122140.0,173665640.0,255342090.0,430945210.0,490390900.0,545989110.0,526641040.0,653266370.0,531492300.0,115271000.0,168718000.0,285761000.0,324624000.0,361939000.0,348904000.0,431435000.0,352160000.0
20250925,43644170.0,171437920.0,210662970.0,419789230.0,424208350.0,522342410.0,495876090.0,495543290.0,478365440.0,108841000.0,133424000.0,266579000.0,269136000.0,331741000.0,315186000.0,314827000.0,304242000.0
20250926,-88292160.0,210138680.0,157584450.0,405697700.0,369959770.0,435287940.0,464914780.0,399495480.0,458160800.0,130751000.0,97643000.0,251776000.0,229457000.0,269616000.0,288472000.0,247653000.0,284225000.0
20250929,27704600.0,199010450.0,216479500.0,418517240.0,428752780.0,483588020.0,507179270.0,545706690.0,494410840.0,120422000.0,130735000.0,253177000.0,259167000.0,292204000.0,306590000.0,329591000.0,298902000.0
20250930,-118409660.0,226156560.0,162261740.0,425728310.0,371213460.0,459788840.0,497295810.0,408024820.0,488927510.0,138294000.0,98911000.0,260103000.0,226541000.0,281106000.0,303827000.0,249002000.0,299226000.0
20251009,-183007560.0,250583020.0,152911350.0,430760280.0,345424400.0,444372520.0,439827860.0,353001400.0,540553620.0,156039000.0,94898000.0,267747000.0,214349000.0,275826000.0,273201000.0,218928000.0,336092000.0
20251010,-277606960.0,315297580.0,148636330.0,509591320.0,398645610.0,490762880.0,566458660.0,378988130.0,580899310.0,209772000.0,98654000.0,338003000.0,264653000.0,325698000.0,375931000.0,251530000.0,385763000.0
20251013,-60955660.0,210653530.0,186883320.0,432914890.0,395729450.0,453105210.0,472137010.0,418303360.0,460227220.0,150199000.0,132720000.0,308089000.0,281372000.0,322210000.0,335930000.0,297606000.0,328081000.0
20251014,-62434490.0,222202900.0,178663560.0,418467370.0,399572220.0,442889770.0,470254310.0,424576280.0,459646230.0,153777000.0,122477000.0,288340000.0,274571000.0,303817000.0,323449000.0,290209000.0,315645000.0
20251015,129823570.0,180318890.0,243855170.0,397089110.0,463376420.0,510470950.0,456943440.0,481050010.0,404753950.0,124723000.0,167378000.0,274206000.0,319230000.0,352138000.0,315989000.0,330627000.0,279097000.0
20251016,43986230.0,288756010.0,282420350.0,490166180.0,540488070.0,629784250.0,609701800.0,637238680.0,613334900.0,180379000.0,176942000.0,307286000.0,338524000.0,395413000.0,382026000.0,399717000.0,385302000.0
20251017,-167933270.0,309006600.0,219395010.0,522146160.0,443824490.0,495874300.0,552895590.0,484149980.0,595061960.0,204986000.0,145358000.0,346318000.0,293823000.0,328752000.0,366375000.0,320860000.0,395361000.0
20251020,14522190.0,161996120.0,182172340.0,338571040.0,332917010.0,396030540.0,346996730.0,329759290.0,364270910.0,108208000.0,121496000.0,225885000.0,222142000.0,264365000.0,231592000.0,220075000.0,243303000.0
20251021,26709450.0,153602780.0,184411270.0,331166770.0,327067730.0,397141910.0,365006070.0,351786160.0,357212550.0,101631000.0,121399000.0,218643000.0,215636000.0,261820000.0,241211000.0,231599000.0,235447000.0
20251022,-69008960.0,129061580.0,96012180.0,229249530.0,193289960.0,215058850.0,218103130.0,184857570.0,250822250.0,86439000.0,64236000.0,153490000.0,129365000.0,143929000.0,146021000.0,123741000.0,167977000.0
20251023,47212830.0,115045860.0,142548870.0,234866520.0,254576340.0,269709440.0,263547690.0,237637540.0,196586460.0,76279000.0,94088000.0,155519000.0,168395000.0,178243000.0,174445000.0,156856000.0,129969000.0
20251024,145014720.0,149496050.0,217815580.0,321931670.0,398626860.0,462618030.0,459835190.0,542185300.0,399953420.0,92236000.0,134386000.0,198807000.0,245804000.0,285920000.0,283674000.0,333699000.0,246798000.0
20251027,-46789430.0,216627550.0,171247810.0,386052130.0,384642430.0,434780630.0,452998650.0,534839850.0,563411260.0,130499000.0,102784000.0,232053000.0,231128000.0,260951000.0,272077000.0,320451000.0,337963000.0
20251028,-20930590.0,148525000.0,139056550.0,284742040.0,273279900.0,331712400.0,348260470.0,313010010.0,317392530.0,89684000.0,83764000.0,171810000.0,164738000.0,200082000.0,210118000.0,188519000.0,191475000.0
20251029,146500070.0,286997360.0,319943290.0,501305760.0,614859900.0,787480430.0,760550440.0,1065258920.0,945688840.0,157146000.0,176616000.0,275743000.0,339170000.0,434144000.0,418625000.0,585874000.0,518496000.0
20251030,-98170450.0,318471170.0,256061420.0,580242300.0,544481590.0,753218760.0,776834630.0,868373380.0,942927960.0,161132000.0,129223000.0,292864000.0,274568000.0,379845000.0,391912000.0,437913000.0,476050000.0
20251031,-102009950.0,309040850.0,225461520.0,505838020.0,487407410.0,558580750.0,618721810.0,540257170.0,582126060.0,159962000.0,115914000.0,261104000.0,250875000.0,287341000.0,318774000.0,276983000.0,299827000.0
20251103,105146500.0,252097410.0,289268200.0,424530420.0,492506120.0,576912650.0,637539650.0,715007660.0,549234160.0,129763000.0,148205000.0,218176000.0,252584000.0,295994000.0,327149000.0,365514000.0,281509000.0
20251104,-160844890.0,332145730.0,234732440.0,496915320.0,433483720.0,619345420.0,626445320.0,544942560.0,698687550.0,173038000.0,121957000.0,258762000.0,225852000.0,322526000.0,326464000.0,283893000.0,363945000.0
20251105,150862080.0,274662430.0,346685850.0,504801380.0,583640040.0,745952180.0,766422010.0,811924220.0,640592310.0,143204000.0,178916000.0,262112000.0,301509000.0,386206000.0,398384000.0,418534000.0,331246000.0
20251106,86126180.0,189206550.0,230448300.0,562550070.0,607434490.0,761655330.0,662376940.0,659985230.0,673137440.0,93073000.0,112927000.0,275831000.0,297602000.0,373373000.0,324853000.0,323858000.0,330754000.0
20251107,-69530180.0,185623240.0,126734660.0,426770700.0,416129090.0,514553640.0,554709960.0,408956590.0,438330450.0,91386000.0,62176000.0,209833000.0,204368000.0,252543000.0,272258000.0,200539000.0,215498000.0
20251110,-156915670.0,329406510.0,205340950.0,465562300.0,432712200.0,494997520.0,522282270.0,466307470.0,595938390.0,169721000.0,105545000.0,239185000.0,222214000.0,254069000.0,268007000.0,239113000.0,306322000.0
20251111,-35744870.0,256729600.0,204358900.0,400062390.0,416688230.0,469521420.0,493111700.0,450118620.0,462273210.0,131025000.0,103811000.0,203299000.0,211264000.0,238463000.0,250236000.0,227404000.0,234879000.0
20251112,-137887000.0,334627560.0,231145300.0,435348540.0,400943800.0,471426150.0,527929150.0,402048060.0,483432060.0,179314000.0,123445000.0,233263000.0,214533000.0,252266000.0,282786000.0,215050000.0,259129000.0
20251113,13871150.0,257433860.0,283467540.0,426753440.0,414590900.0,512143030.0,516034170.0,426508590.0,408746300.0,135469000.0,148783000.0,224340000.0,217796000.0,269062000.0,271274000.0,223545000.0,214563000.0
20251114,-85786320.0,235317550.0,191312840.0,352214930.0,310433320.0,374342900.0,393778780.0,270796090.0,337146530.0,124678000.0,100799000.0,186258000.0,163869000.0,197682000.0,208079000.0,143235000.0,179106000.0
20251117,-117983200.0,228433180.0,155409240.0,314997470.0,270038200.0,306089220.0,345582370.0,201010480.0,279500530.0,124592000.0,84617000.0,171720000.0,147117000.0,166763000.0,188258000.0,109475000.0,152559000.0
20251118,-241637920.0,338765630.0,152365370.0,406795990.0,351558330.0,425469370.0,484866470.0,307260590.0,489501410.0,191509000.0,85871000.0,229669000.0,198235000.0,240035000.0,273660000.0,173556000.0,277004000.0
20251119,4942080.0,164859880.0,167669920.0,240386610.0,242518660.0,266247450.0,263210550.0,190753450.0,188848270.0,93567000.0,94943000.0,136303000.0,137427000.0,150929000.0,149375000.0,108070000.0,107124000.0
20251120,42727740.0,172316590.0,198351940.0,290222160.0,306914550.0,341058370.0,311446430.0,284271130.0,271155330.0,95271000.0,109319000.0,160229000.0,169070000.0,187822000.0,171598000.0,156232000.0,149567000.0
20251121,-120742910.0,224108770.0,157866740.0,353138590.0,298637710.0,323502120.0,365345120.0,274840770.0,353740680.0,131648000.0,92556000.0,207361000.0,175300000.0,189953000.0,214648000.0,161491000.0,207949000.0
20251124,-11047040.0,162202640.0,177280670.0,285221930.0,259096870.0,301281560.0,263911330.0,243396270.0,291813540.0,96159000.0,104855000.0,169087000.0,153505000.0,178497000.0,156365000.0,144181000.0,173199000.0
20251125,108675710.0,164491650.0,233633120.0,337227210.0,376761450.0,460080670.0,399613400.0,389540520.0,341332080.0,94101000.0,133440000.0,192825000.0,215315000.0,262661000.0,228521000.0,222742000.0,195054000.0
20251126,124267130.0,217683920.0,293040570.0,381238890.0,430149370.0,502496730.0,458804040.0,418718380.0,338143940.0,120545000.0,162004000.0,210961000.0,238136000.0,277629000.0,253497000.0,230960000.0,186458000.0
20251127,-29412890.0,240908980.0,220097630.0,375818450.0,367216930.0,421058900.0,429333520.0,357881100.0,379019370.0,129439000.0,117460000.0,201695000.0,196454000.0,225213000.0,229894000.0,190832000.0,203371000.0
20251128,33830340.0,156714450.0,173589750.0,245424380.0,262379420.0,288570170.0,270994340.0,248789250.0,232534740.0,85502000.0,94512000.0,133830000.0,142970000.0,157243000.0,147757000.0,135509000.0,126846000.0
20251201,-135594800.0,219494010.0,144449380.0,327711360.0,267161200.0,290607510.0,313496110.0,228672800.0,341379000.0,123450000.0,81093000.0,184259000.0,150078000.0,163189000.0,176110000.0,128417000.0,192034000.0
20251202,-55098500.0,126929530.0,90593650.0,174549870.0,155787260.0,184912520.0,181923870.0,106840270.0,164927420.0,71341000.0,50805000.0,98015000.0,87433000.0,103825000.0,102084000.0,59872000.0,92731000.0
20251203,-24447540.0,154713190.0,137990140.0,227492180.0,219767690.0,266790410.0,262111240.0,178166400.0,207293110.0,86315000.0,76555000.0,126730000.0,122136000.0,148317000.0,145975000.0,98887000.0,115584000.0
20251204,-34958850.0,129525730.0,87126430.0,185883930.0,193324370.0,173539860.0,192078990.0,123843490.0,140263210.0,73413000.0,49264000.0,105309000.0,109467000.0,98227000.0,108773000.0,70006000.0,79451000.0
20251205,80615770.0,147130520.0,194566660.0,252473360.0,285652980.0,310606080.0,335759890.0,324847110.0,219077530.0,81443000.0,107470000.0,139619000.0,157766000.0,171439000.0,185243000.0,179086000.0,121108000.0
20251208,16862040.0,190024520.0,211209100.0,334274860.0,329952330.0,393339030.0,376359260.0,377712100.0,377829830.0,103821000.0,114724000.0,182275000.0,179397000.0,214151000.0,204947000.0,205098000.0,206277000.0
20251209,1076010.0,185704650.0,194149070.0,326327140.0,318958730.0,370381280.0,355258830.0,310914080.0,324960520.0,99735000.0,103916000.0,175034000.0,170880000.0,198435000.0,190499000.0,166490000.0,174399000.0
20251210,-158887660.0,267407770.0,164421160.0,385291710.0,329390660.0,357994160.0,388777660.0,320747050.0,448851210.0,149980000.0,92213000.0,216050000.0,184691000.0,200613000.0,217802000.0,179502000.0,251440000.0
20251211,-114559100.0,216321100.0,143664800.0,340707320.0,298804520.0,322952060.0,380492140.0,283744600.0,340763620.0,121703000.0,80156000.0,191113000.0,167265000.0,180763000.0,213240000.0,158773000.0,191692000.0
20251212,-216556520.0,270527180.0,131051350.0,389865010.0,312784320.0,448534510.0,492112800.0,306768560.0,479746790.0,156081000.0,75366000.0,224656000.0,180074000.0,258358000.0,283538000.0,176374000.0,276492000.0
20251215,-102694230.0,217982810.0,138485070.0,275834470.0,252637980.0,263807630.0,366255800.0,203350760.0,203596820.0,127979000.0,81234000.0,161831000.0,148226000.0,154639000.0,214834000.0,119139000.0,119295000.0
20251216,-193293210.0,271319610.0,120567300.0,368538010.0,325997120.0,308275950.0,399089260.0,223441740.0,325921640.0,165817000.0,73588000.0,225194000.0,199309000.0,188332000.0,244026000.0,136666000.0,199086000.0
20251217,31086030.0,156724230.0,186011790.0,276989340.0,278787810.0,281202300.0,289568520.0,239801930.0,200349680.0,93922000.0,111131000.0,165826000.0,166720000.0,168164000.0,173209000.0,143127000.0,119980000.0
20251218,-90158880.0,194892260.0,118113600.0,298578490.0,285198260.0,233424590.0,271340710.0,180468110.0,232710870.0,119484000.0,72398000.0,182999000.0,174869000.0,143073000.0,166262000.0,110667000.0,142693000.0
20251219,44569450.0,110763520.0,137028330.0,189160720.0,207465380.0,202413030.0,187114760.0,220851610.0,191580430.0,67704000.0,83678000.0,115596000.0,126757000.0,123664000.0,114346000.0,134805000.0,116990000.0
20251222,62941100.0,129623110.0,165000000.0,240425020.0,267989220.0,293402560.0,260199690.0,285061190.0,255322960.0,77747000.0,98776000.0,144082000.0,160541000.0,175734000.0,155949000.0,170574000.0,152872000.0
20251223,40669740.0,133353350.0,167269310.0,246534080.0,253287850.0,260191620.0,232069240.0,210346110.0,197798750.0,79456000.0,99454000.0,146733000.0,150631000.0,154684000.0,138041000.0,124888000.0,117634000.0
20251224,-36394450.0,153346840.0,108784340.0,248139540.0,256307590.0,256141880.0,272376560.0,177342280.0,197502050.0,92908000.0,65802000.0,150289000.0,155140000.0,155039000.0,164983000.0,107365000.0,119676000.0
20251225,78428470.0,115203290.0,146042150.0,208887480.0,256477080.0,243764730.0,228948970.0,232181950.0,168569240.0,69209000.0,87495000.0,125363000.0,153919000.0,146193000.0,137358000.0,139179000.0,101173000.0
20251226,237187620.0,230350250.0,347655120.0,436952560.0,556835320.0,603286330.0,593225300.0,781281200.0,554154610.0,128514000.0,194205000.0,244068000.0,311144000.0,337453000.0,331791000.0,438151000.0,311047000.0
20251229,-138187040.0,252065880.0,164034040.0,355221000.0,305065800.0,343982540.0,388438270.0,290708570.0,384439880.0,141952000.0,92261000.0,200040000.0,171601000.0,193493000.0,218638000.0,163428000.0,216413000.0
20251230,41237580.0,148045540.0,182237050.0,267444170.0,274490240.0,317638620.0,288288800.0,269538820.0,257651060.0,83600000.0,102515000.0,150875000.0,154514000.0,178806000.0,162431000.0,151567000.0,145388000.0
20251231,-146354530.0,199819120.0,120016520.0,282510700.0,215958760.0,243325730.0,281234930.0,177492600.0,285937930.0,114862000.0,68787000.0,162317000.0,123953000.0,139748000.0,161662000.0,102033000.0,164557000.0
20260105,-23718900.0,173165240.0,148399240.0,305955840.0,307002930.0,338389360.0,382678370.0,268237630.0,247667520.0,100442000.0,85973000.0,177360000.0,177864000.0,196032000.0,221857000.0,155471000.0,143611000.0
20260106,-47132850.0,170332400.0,156717830.0,310673200.0,277154920.0,337689330.0,307869920.0,212943330.0,289895590.0,98627000.0,90578000.0,179834000.0,160277000.0,195324000.0,178145000.0,123080000.0,167865000.0
20260107,2322420.0,150799650.0,149480780.0,270273220.0,273914500.0,319753440.0,303964610.0,244065220.0,257531630.0,87759000.0,86699000.0,157179000.0,159024000.0,185773000.0,176697000.0,141631000.0,149921000.0
20260108,-46864590.0,176581470.0,154020170.0,295841870.0,271538580.0,307133340.0,304602760.0,243070990.0,292466160.0,104018000.0,90470000.0,174119000.0,159631000.0,180559000.0,179211000.0,142827000.0,172210000.0
20260109,-82666040.0,192541180.0,121438260.0,280200090.0,268636980.0,302492590.0,342559040.0,239886860.0,282486450.0,113943000.0,71674000.0,165774000.0,158697000.0,178790000.0,202697000.0,141775000.0,167215000.0
20260112,-208131470.0,307372100.0,180440600.0,474486400.0,393286420.0,428497150.0,472180970.0,373887410.0,538335060.0,188833000.0,110678000.0,291373000.0,241301000.0,262971000.0,289931000.0,229406000.0,330672000.0
20260113,-108365820.0,276193780.0,189115830.0,426118820.0,404830950.0,420207570.0,443827170.0,305301270.0,390047490.0,171169000.0,116690000.0,263772000.0,250173000.0,259735000.0,274567000.0,188286000.0,241531000.0
20260114,80019380.0,218478350.0,234410340.0,379288710.0,443376100.0,405155020.0,374968940.0,335909450.0,286076150.0,132553000.0,142120000.0,230146000.0,268817000.0,245617000.0,227457000.0,203459000.0,173382000.0
20260115,2505110.0,123636860.0,114073940.0,217389310.0,229457350.0,194358980.0,197009990.0,143640890.0,138484770.0,75228000.0,69310000.0,132208000.0,139472000.0,118127000.0,119816000.0,87247000.0,84212000.0
20260116,87652280.0,174050390.0,212034730.0,339614870.0,389282810.0,363478250.0,343330850.0,351479260.0,283974380.0,102109000.0,124291000.0,199150000.0,228190000.0,213031000.0,201284000.0,205890000.0,166415000.0
20260119,56909600.0,167400280.0,201113490.0,321351630.0,344548010.0,347289930.0,337150570.0,285334840.0,238564600.0,97265000.0,116572000.0,186493000.0,199812000.0,201324000.0,195567000.0,165219000.0,138351000.0
20260120,-165178160.0,232255470.0,122354890.0,349865500.0,294587930.0,287509620.0,344729620.0,215952440.0,323910600.0,140469000.0,74073000.0,211563000.0,178276000.0,173835000.0,208455000.0,130733000.0,195797000.0
20260121,-51652690.0,154325740.0,105943140.0,259252400.0,255982310.0,224082640.0,270339510.0,171362680.0,176758500.0,94660000.0,64843000.0,158952000.0,156850000.0,137293000.0,165697000.0,104878000.0,108392000.0
20260122,-93550080.0,187183570.0,118389240.0,298713920.0,273958160.0,251818580.0,290239650.0,193428710.0,248557720.0,116584000.0,73468000.0,185881000.0,170314000.0,156414000.0,180401000.0,119788000.0,154484000.0
20260123,20909060.0,159296430.0,173945770.0,322261850.0,328521580.0,313773420.0,312971270.0,281531440.0,261424530.0,97893000.0,106625000.0,197853000.0,201499000.0,192467000.0,192005000.0,172441000.0,160526000.0
20260126,-66184730.0,165520780.0,110133730.0,284662960.0,273865280.0,254378760.0,289127820.0,174230210.0,205665880.0,103464000.0,68697000.0,177832000.0,170993000.0,158832000.0,180633000.0,108764000.0,128568000.0
20260127,-49820690.0,146216360.0,99670160.0,247386950.0,244112450.0,248228200.0,271297850.0,181796850.0,208547890.0,92558000.0,62914000.0,156462000.0,154229000.0,156913000.0,171653000.0,114720000.0,131857000.0
20260128,-178593180.0,307718180.0,137093610.0,455652240.0,447683620.0,383766790.0,469000340.0,328554090.0,421913720.0,202043000.0,90013000.0,299186000.0,294058000.0,251939000.0,307910000.0,215797000.0,276984000.0
20260129,-179248400.0,281306800.0,108581610.0,409992230.0,403469010.0,343855480.0,450635270.0,268109120.0,340577730.0,191148000.0,73665000.0,278443000.0,273864000.0,233325000.0,305963000.0,181891000.0,231316000.0
20260130,80909470.0,182984990.0,204542450.0,318190820.0,377542830.0,356430020.0,368460700.0,337258050.0,244317900.0,122251000.0,136328000.0,212759000.0,251943000.0,238162000.0,246431000.0,225046000.0,163516000.0
20260202,12329740.0,152001710.0,170856510.0,295818720.0,289293660.0,273958990.0,271861950.0,203368900.0,193136200.0,100369000.0,112458000.0,195132000.0,190533000.0,180270000.0,179076000.0,133576000.0,127279000.0
20260203,-9741080.0,130956680.0,110896840.0,236254260.0,246573020.0,199834320.0,212026910.0,161049800.0,158598290.0,88133000.0,74420000.0,158872000.0,165710000.0,134263000.0,142570000.0,108135000.0,106703000.0
20260204,63828530.0,118657980.0,169405230.0,265566130.0,278647410.0,266062520.0,248078830.0,222902510.0,177057670.0,78560000.0,111928000.0,175626000.0,184196000.0,175702000.0,163814000.0,147043000.0,116993000.0
20260205,-94847660.0,179737410.0,96424180.0,265395650.0,253861230.0,229520880.0,270157880.0,137689460.0,191900120.0,122454000.0,65589000.0,180578000.0,172708000.0,156004000.0,183785000.0,93554000.0,130509000.0
20260206,-56792180.0,127031080.0,77441950.0,210481220.0,203278180.0,169785830.0,198725270.0,94879290.0,122732030.0,88096000.0,53588000.0,145952000.0,140837000.0,117704000.0,137949000.0,65867000.0,85246000.0
20260209,150625620.0,140027040.0,196417520.0,284862710.0,379097850.0,379708340.0,325777900.0,365566710.0,268871530.0,92521000.0,129676000.0,188635000.0,250478000.0,250889000.0,214983000.0,241078000.0,177986000.0
20260210,87872570.0,137392360.0,168386910.0,257917590.0,314795600.0,330398200.0,293844160.0,275443220.0,224124690.0,87676000.0,107329000.0,164451000.0,200611000.0,210555000.0,187288000.0,175474000.0,142928000.0
20260211,-69875770.0,135217940.0,93682300.0,247910890.0,219570740.0,211582790.0,246268280.0,134964090.0,170154370.0,88883000.0,61494000.0,162843000.0,144137000.0,138856000.0,161795000.0,88641000.0,111797000.0
20260212,59506880.0,112504820.0,142821800.0,228435350.0,257625250.0,235022070.0,204225410.0,175065020.0,146354800.0,72403000.0,91804000.0,147115000.0,165820000.0,151309000.0,131573000.0,112734000.0,94364000.0
20260213,-85207220.0,155115970.0,106626190.0,263999840.0,227282390.0,212645980.0,237206130.0,149492200.0,210139270.0,102549000.0,70464000.0,174467000.0,150143000.0,140455000.0,156603000.0,98675000.0,138936000.0
20260224,-11076620.0,81524020.0,72403780.0,153615180.0,151658810.0,130887960.0,135326810.0,96181610.0,102819380.0,53834000.0,47749000.0,101328000.0,100022000.0,86303000.0,89294000.0,63416000.0,67815000.0
20260225,26242470.0,111710200.0,114108080.0,193017620.0,216862210.0,207166530.0,204459430.0,160594570.0,137059200.0,72787000.0,74330000.0,125900000.0,141271000.0,135070000.0,133248000.0,104617000.0,89525000.0
20260226,-206569070.0,245296440.0,131473650.0,383691900.0,290945630.0,307413760.0,393266700.0,259710980.0,380427110.0,166752000.0,89500000.0,260764000.0,197891000.0,209044000.0,267274000.0,176945000.0,258838000.0
20260227,-93186190.0,123651050.0,53830310.0,193799270.0,170433820.0,165474480.0,195034440.0,136744050.0,200370280.0,85366000.0,37101000.0,133709000.0,117541000.0,114139000.0,134556000.0,94421000.0,138437000.0
20260302,59445930.0,179714250.0,179126880.0,304782650.0,364815950.0,357308290.0,304325320.0,291768040.0,285305080.0,121649000.0,120908000.0,206193000.0,246531000.0,241439000.0,205843000.0,196893000.0,192892000.0
20260303,7485580.0,177658810.0,181864010.0,327631400.0,330911780.0,350373390.0,345477150.0,324792050.0,322202710.0,116079000.0,118507000.0,213815000.0,215683000.0,228210000.0,225279000.0,211361000.0,209996000.0
20260304,-44046820.0,129673500.0,102289620.0,211810140.0,195147210.0,196512750.0,211391760.0,115875970.0,145043780.0,87494000.0,68913000.0,142901000.0,131559000.0,132540000.0,142643000.0,78144000.0,97964000.0
20260305,23039200.0,102120250.0,126129220.0,197182480.0,196212700.0,174133350.0,160227350.0,124031010.0,114897810.0,68729000.0,84727000.0,132565000.0,131812000.0,116994000.0,107720000.0,83218000.0,77247000.0
20260306,3468730.0,90998500.0,101006410.0,168445590.0,161906410.0,160024970.0,152802790.0,126229960.0,129983410.0,60886000.0,67454000.0,112607000.0,108188000.0,106916000.0,102156000.0,84151000.0,86761000.0
20260309,115890010.0,171302440.0,226270010.0,328606330.0,389528770.0,391112160.0,368817060.0,376330500.0,282735590.0,111133000.0,146729000.0,213566000.0,252791000.0,253826000.0,239278000.0,243776000.0,183503000.0
20260310,779320.0,159329320.0,138108210.0,256772630.0,278773060.0,281544550.0,274137200.0,228297870.0,234925900.0,102205000.0,88468000.0,164674000.0,178653000.0,180356000.0,175703000.0,146182000.0,150593000.0
20260311,168711270.0,287991640.0,345008840.0,547026790.0,658720860.0,774414300.0,744304910.0,821740730.0,683138850.0,170701000.0,205292000.0,324792000.0,391653000.0,461958000.0,443066000.0,488276000.0,405717000.0
20260312,9244480.0,250890840.0,249920110.0,424753460.0,434968680.0,548296420.0,588114750.0,534502050.0,485439240.0,146600000.0,145655000.0,247919000.0,253687000.0,319832000.0,343128000.0,311336000.0,283218000.0
20260313,27735370.0,241616070.0,250505860.0,411012680.0,429858260.0,549688990.0,526395090.0,613724150.0,609282680.0,136042000.0,140654000.0,231003000.0,241455000.0,308436000.0,295679000.0,344662000.0,342356000.0
20260316,-81267480.0,217085470.0,164585930.0,343890750.0,315122810.0,386728500.0,388867580.0,312460650.0,391589050.0,125265000.0,94660000.0,198185000.0,181474000.0,222457000.0,223929000.0,179467000.0,225311000.0
20260317,-171468710.0,262416020.0,154889500.0,362382290.0,298440100.0,352160890.0,399535720.0,267608060.0,391701940.0,154457000.0,90570000.0,213015000.0,174999000.0,206455000.0,234728000.0,157001000.0,230630000.0
20260318,-27707660.0,210174000.0,178929440.0,308009300.0,311546200.0,310852270.0,304176180.0,227032370.0,261416120.0,128121000.0,108725000.0,187549000.0,189469000.0,189154000.0,185219000.0,138001000.0,159411000.0
20260319,18290320.0,171194110.0,189710930.0,281544380.0,281317880.0,294072360.0,287792720.0,227882620.0,215871940.0,102652000.0,113472000.0,168660000.0,168414000.0,175904000.0,172279000.0,136210000.0,129262000.0
20260320,191507170.0,265231390.0,354067710.0,484525920.0,587196760.0,589860240.0,576882730.0,715081860.0,536552200.0,153091000.0,203893000.0,279607000.0,338233000.0,339854000.0,332215000.0,411003000.0,309215000.0
20260323,-136634100.0,305525180.0,240458330.0,509304720.0,437737470.0,489858660.0,544412080.0,464366420.0,546447100.0,176977000.0,138737000.0,294272000.0,252523000.0,282342000.0,314341000.0,266992000.0,314982000.0
20260324,-136239780.0,272060650.0,200209200.0,442541420.0,378153080.0,400999670.0,451738620.0,341260330.0,426761160.0,167616000.0,123222000.0,272155000.0,232658000.0,246397000.0,277613000.0,209293000.0,261968000.0
20260325,11324860.0,182295700.0,186545720.0,333308590.0,340383430.0,351179840.0,331598920.0,274793570.0,283049630.0,110930000.0,112813000.0,202648000.0,206431000.0,213071000.0,201598000.0,166609000.0,172415000.0
20260326,-5238440.0,167753300.0,165623790.0,294850880.0,291741950.0,287885300.0,279595390.0,219816760.0,233345110.0,100431000.0,98793000.0,176465000.0,174308000.0,171892000.0,167097000.0,131044000.0,139633000.0
20260327,-31753000.0,183086080.0,150319960.0,294295630.0,295308730.0,281199900.0,284381810.0,189054000.0,217625090.0,111886000.0,91608000.0,179717000.0,180138000.0,171532000.0,173606000.0,115240000.0,133023000.0
20260330,-167578060.0,255749540.0,137652530.0,349938350.0,300457300.0,270220610.0,345635750.0,229411820.0,321574740.0,161806000.0,87022000.0,221118000.0,189818000.0,170570000.0,218165000.0,144665000.0,203154000.0
20260331,-151308480.0,225398880.0,112306060.0,316899210.0,278683550.0,237661510.0,277916760.0,162992840.0,274046070.0,147126000.0,72991000.0,206692000.0,181505000.0,154635000.0,181156000.0,106326000.0,179127000.0
20260401,-286438720.0,381370640.0,262285660.0,680384580.0,513030830.0,630333490.0,719643540.0,562031950.0,759160620.0,282567000.0,194587000.0,503771000.0,380443000.0,466778000.0,533219000.0,414186000.0,559054000.0
20260402,-204468740.0,357294390.0,194901860.0,404464110.0,362387900.0,371404240.0,510106160.0,335233160.0,400999980.0,277898000.0,151336000.0,314518000.0,281623000.0,288587000.0,396703000.0,260401000.0,311743000.0
20260403,-106190680.0,223166810.0,132000040.0,252330210.0,237306300.0,224881930.0,283266090.0,181785850.0,229592370.0,179172000.0,105850000.0,202430000.0,190334000.0,180280000.0,227071000.0,145889000.0,184515000.0
20260407,-32818120.0,137299370.0,117616530.0,190209590.0,177074310.0,162405660.0,194136440.0,151215040.0,152302380.0,111894000.0,95749000.0,154924000.0,144163000.0,132224000.0,158130000.0,123200000.0,124200000.0
20260408,69059420.0,155373860.0,204894550.0,278490390.0,298029110.0,301826400.0,276509970.0,263786550.0,220043560.0,123438000.0,162697000.0,221244000.0,236781000.0,239904000.0,219774000.0,209638000.0,174974000.0
20260409,-108068790.0,165787580.0,99272940.0,227419230.0,185865080.0,198357260.0,232056760.0,146311950.0,220681240.0,133891000.0,80108000.0,183598000.0,150006000.0,160081000.0,187307000.0,118113000.0,178262000.0
20260410,71734120.0,233384190.0,285112990.0,373164780.0,393170110.0,412602170.0,387545510.0,349198710.0,302521250.0,178877000.0,218661000.0,286108000.0,301569000.0,316669000.0,297484000.0,268141000.0,232080000.0
20260413,9726930.0,177716120.0,193616710.0,338892270.0,332718620.0,344953280.0,330933370.0,276697670.0,280990650.0,132942000.0,144597000.0,253268000.0,248452000.0,257821000.0,247512000.0,206746000.0,210216000.0
20260414,124574780.0,202808740.0,257373170.0,381273620.0,451283970.0,412325580.0,424974960.0,468437150.0,331212990.0,148149000.0,186744000.0,277449000.0,327661000.0,299545000.0,309492000.0,339395000.0,240641000.0
20260415,-231606000.0,248750050.0,118764110.0,401776100.0,300156040.0,318588570.0,361467940.0,256201990.0,444928620.0,183532000.0,87632000.0,296293000.0,221505000.0,234719000.0,266456000.0,188537000.0,327488000.0
20260416,-93377290.0,168878910.0,107967110.0,277706560.0,245241070.0,232023890.0,272596880.0,193756220.0,246560520.0,126070000.0,80481000.0,207079000.0,182841000.0,172924000.0,203278000.0,144486000.0,183958000.0
20260417,-170052880.0,188252650.0,86895150.0,254822070.0,186126690.0,232771300.0,306301680.0,192047100.0,288569600.0,141610000.0,65250000.0,191352000.0,139701000.0,174759000.0,230147000.0,144332000.0,216956000.0
20260420,31669160.0,122007990.0,148922820.0,271731470.0,276485810.0,284392610.0,269020680.0,209977980.0,193680750.0,90655000.0,110378000.0,201737000.0,205107000.0,211054000.0,199747000.0,155672000.0,143887000.0
20260421,31573640.0,96237270.0,113516180.0,217078470.0,231373200.0,205430590.0,211379090.0,181333360.0,143811220.0,71210000.0,83817000.0,160528000.0,170941000.0,151860000.0,156242000.0,133776000.0,106376000.0
20260422,627600.0,104632670.0,104884430.0,250393770.0,250769600.0,265655550.0,246302520.0,168380470.0,187105900.0,76760000.0,76863000.0,183629000.0,183828000.0,194765000.0,180615000.0,123384000.0,137233000.0
20260423,-124429400.0,168632200.0,102850650.0,312631550.0,253983700.0,236146640.0,294185780.0,160008280.0,226398540.0,124956000.0,75991000.0,231097000.0,187584000.0,174470000.0,217525000.0,118283000.0,167705000.0
20260424,-44257150.0,107760460.0,78100200.0,198236910.0,183640020.0,170208640.0,176554730.0,89832140.0,127743200.0,80488000.0,58260000.0,147960000.0,137007000.0,127001000.0,131785000.0,67059000.0,95456000.0
20260427,-81330580.0,206399440.0,112312860.0,250937370.0,263693380.0,226307820.0,257436960.0,142663910.0,192865350.0,157784000.0,85772000.0,191817000.0,201506000.0,172970000.0,196787000.0,109003000.0,147508000.0
20260428,-23800300.0,247039050.0,222883250.0,379199090.0,379554590.0,477343920.0,461769130.0,497669470.0,537044560.0,190446000.0,171523000.0,292214000.0,292849000.0,368389000.0,357131000.0,386985000.0,416532000.0
20260429,148098380.0,251562710.0,269505080.0,436353380.0,566509390.0,467580400.0,422567770.0,399592170.0,296506420.0,188509000.0,200444000.0,325295000.0,421273000.0,347636000.0,315227000.0,296029000.0,220526000.0
20260430,-39940090.0,160743470.0,127383230.0,294042770.0,287462920.0,263934660.0,269239600.0,160791040.0,195426190.0,116882000.0,92485000.0,213668000.0,208807000.0,191520000.0,195567000.0,116655000.0,141866000.0
20260506,41896030.0,131628630.0,166768760.0,312534440.0,319290330.0,317402660.0,307299790.0,259442100.0,227648940.0,94074000.0,118916000.0,223334000.0,228009000.0,226756000.0,219700000.0,185312000.0,162852000.0
20260507,-63701870.0,118555010.0,88588610.0,255766990.0,222031520.0,204503240.0,245404770.0,171410820.0,194211160.0,85025000.0,63491000.0,183367000.0,159125000.0,146570000.0,175921000.0,122766000.0,139192000.0
20260508,10183940.0,126502100.0,144977280.0,278076200.0,269784950.0,246151000.0,257497920.0,217281040.0,195750180.0,89810000.0,102679000.0,197329000.0,191219000.0,174445000.0,182632000.0,153863000.0,138917000.0
20260511,61911470.0,146579190.0,174610420.0,289885290.0,323765530.0,339326580.0,313152560.0,301241330.0,265503880.0,101666000.0,120994000.0,201087000.0,224458000.0,235304000.0,217177000.0,208788000.0,184215000.0
20260512,-75342590.0,147995060.0,104201540.0,273675450.0,242126390.0,200796690.0,239632220.0,146219810.0,182726870.0,104709000.0,73540000.0,193459000.0,171039000.0,141756000.0,169322000.0,103181000.0,129204000.0
20260513,-2627550.0,118085720.0,124352070.0,269956700.0,261062800.0,238735280.0,226249500.0,161370880.0,176484210.0,83294000.0,87615000.0,190361000.0,183992000.0,168250000.0,159477000.0,113556000.0,124378000.0
20260514,-150674010.0,222611550.0,117194820.0,380775900.0,335518620.0,293481780.0,369369600.0,232189200.0,306975390.0,161948000.0,85159000.0,276824000.0,243915000.0,213017000.0,268311000.0,168701000.0,223104000.0
20260515,222340990.0,308259930.0,381918110.0,613523400.0,762206210.0,817575860.0,771319300.0,787527920.0,611443490.0,215594000.0,262651000.0,424662000.0,524755000.0,559024000.0,530994000.0,535335000.0,416215000.0
20260518,43827160.0,209563450.0,230751770.0,421841650.0,444480480.0,427149130.0,436899680.0,387724260.0,334146550.0,138225000.0,151866000.0,278067000.0,292776000.0,281322000.0,287769000.0,254862000.0,220065000.0
20260519,124760750.0,199742120.0,256813680.0,408509720.0,476198910.0,534398290.0,456626960.0,454051140.0,407061720.0,126668000.0,162464000.0,258824000.0,301356000.0,338147000.0,288937000.0,286749000.0,257630000.0
20260520,218579470.0,208432310.0,332664170.0,485706690.0,580054310.0,658391870.0,556373700.0,577381290.0,460819990.0,127265000.0,202949000.0,297286000.0,354156000.0,401390000.0,338969000.0,351245000.0,281111000.0
20260521,24730320.0,261293970.0,282102750.0,531816710.0,535738250.0,643036810.0,591437320.0,481714320.0,508583490.0,154767000.0,166214000.0,314376000.0,316202000.0,379352000.0,349479000.0,284667000.0,301267000.0
20260522,-69961030.0,260308400.0,202632110.0,444411800.0,432127060.0,440226310.0,460045430.0,338779010.0,388920920.0,156727000.0,121435000.0,267024000.0,259274000.0,263823000.0,276157000.0,202955000.0,233664000.0
20260525,22162190.0,222732790.0,224085490.0,396145440.0,416954930.0,493990320.0,461449680.0,385109470.0,395487920.0,134821000.0,134797000.0,239701000.0,251591000.0,297655000.0,278660000.0,231953000.0,239081000.0
20260526,228230080.0,211846140.0,320509950.0,459487880.0,579054140.0,664622680.0,580232360.0,659133870.0,515294110.0,120692000.0,182213000.0,261559000.0,329289000.0,377942000.0,329955000.0,374181000.0,292917000.0
20260527,18061140.0,282372790.0,273744370.0,509225260.0,535914820.0,657207090.0,674724560.0,669942380.0,634363770.0,151623000.0,146230000.0,272814000.0,286620000.0,351607000.0,361280000.0,357491000.0,339406000.0
20260528,74752360.0,225626290.0,253047930.0,379943800.0,427274510.0,526530090.0,471451670.0,422344180.0,402670240.0,121553000.0,135604000.0,204122000.0,229216000.0,282505000.0,253382000.0,226068000.0,216045000.0
20260529,-166198910.0,304003420.0,213386460.0,488490720.0,412908760.0,449186880.0,506564280.0,359597010.0,468418520.0,167511000.0,117127000.0,269049000.0,227123000.0,246907000.0,278927000.0,197884000.0,258174000.0
20260601,-97971630.0,278009210.0,187813440.0,372022350.0,364246500.0,361103360.0,417724590.0,266633090.0,307983490.0,156900000.0,105469000.0,209567000.0,204898000.0,203063000.0,235117000.0,149628000.0,173673000.0
20260602,7929840.0,204015900.0,200961770.0,319773510.0,330757470.0,318769000.0,321736070.0,251863910.0,240967000.0,118998000.0,116699000.0,186026000.0,192114000.0,185243000.0,187136000.0,145359000.0,139678000.0
20260603,-52422370.0,188652360.0,159531620.0,333564710.0,310263070.0,318454380.0,323364470.0,261128790.0,308641070.0,110279000.0,92937000.0,194792000.0,180971000.0,185838000.0,188937000.0,152064000.0,180128000.0
20260604,-164513230.0,265121310.0,138412700.0,337909500.0,300104870.0,292088560.0,367678600.0,224901040.0,313824230.0,160500000.0,83725000.0,204580000.0,181542000.0,176803000.0,222606000.0,136143000.0,190154000.0
20260605,-192537500.0,287547570.0,136583400.0,382721110.0,341147780.0,367562090.0,426209420.0,286323110.0,420213280.0,182436000.0,86484000.0,242577000.0,216078000.0,233219000.0,270766000.0,181812000.0,266716000.0
20260608,-64543950.0,163511780.0,144593340.0,302358340.0,256732820.0,239352600.0,256754480.0,177597350.0,224739420.0,109401000.0,96469000.0,202150000.0,171493000.0,160023000.0,171800000.0,118680000.0,150493000.0
20260609,36490630.0,156148860.0,170773550.0,288757220.0,310623180.0,255799190.0,254487560.0,198375300.0,163196300.0,105195000.0,114124000.0,194099000.0,208649000.0,171501000.0,170814000.0,132303000.0,109510000.0
20260610,-149918240.0,226385680.0,108054510.0,317880480.0,286293420.0,242004310.0,317719020.0,151494860.0,225698390.0,156794000.0,74864000.0,219951000.0,198413000.0,167354000.0,219742000.0,104668000.0,155749000.0
20260611,69392730.0,136831230.0,190029820.0,256807550.0,273001690.0,240275970.0,214311680.0,177507950.0,134079510.0,92757000.0,128610000.0,173868000.0,184748000.0,162409000.0,144907000.0,119973000.0,90743000.0
20260612,87782220.0,190354220.0,270271750.0,400388860.0,408253540.0,443593180.0,365990690.0,274609500.0,264429770.0,125748000.0,177962000.0,264279000.0,269185000.0,292280000.0,241419000.0,180879000.0,174620000.0
20260615,-26466360.0,146690900.0,159431510.0,277709350.0,238502390.0,254784460.0,250367380.0,159446250.0,190329690.0,99005000.0,107476000.0,187274000.0,160772000.0,171677000.0,168843000.0,107503000.0,128368000.0
20260616,91324090.0,162624480.0,223731300.0,308607580.0,338824870.0,331368770.0,293956330.0,273303850.0,219392200.0,106162000.0,145619000.0,201446000.0,220737000.0,215937000.0,191631000.0,177662000.0,143220000.0
20260617,-105392780.0,177106590.0,123401460.0,311708570.0,260020920.0,236453460.0,254557520.0,174319560.0,261608280.0,119181000.0,82923000.0,209641000.0,174914000.0,158984000.0,171219000.0,117162000.0,175912000.0
20260618,-119690440.0,179385070.0,112923910.0,318416150.0,265186870.0,232549560.0,291429300.0,174074300.0,234885000.0,121600000.0,76327000.0,215539000.0,179392000.0,157256000.0,197200000.0,117563000.0,159037000.0
20260622,127446610.0,262398690.0,309442720.0,470521150.0,550923730.0,509241670.0,523455910.0,579354610.0,437693760.0,163390000.0,193328000.0,293990000.0,344519000.0,319715000.0,327394000.0,362120000.0,273973000.0
20260623,-72579770.0,256440980.0,231075110.0,417277910.0,370064020.0,344407230.0,340097580.0,259619560.0,336508980.0,165232000.0,149543000.0,269092000.0,238960000.0,222020000.0,218946000.0,167386000.0,216280000.0
20260624,74979410.0,144078800.0,189028160.0,267132480.0,297162530.0,275370990.0,253615100.0,229906460.0,176682940.0,94034000.0,123089000.0,174298000.0,193547000.0,179391000.0,165249000.0,149385000.0,115222000.0
20260625,-77778720.0,178153920.0,130348150.0,283878460.0,253905510.0,245437650.0,253306440.0,170344260.0,240254190.0,117414000.0,85778000.0,186951000.0,167117000.0,161560000.0,166763000.0,112048000.0,158315000.0
20260626,36178040.0,191546750.0,218380320.0,354228840.0,363573310.0,333515530.0,342018610.0,293111200.0,248430080.0,124189000.0,140925000.0,229289000.0,235005000.0,215476000.0,221062000.0,188836000.0,160799000.0
20260629,61846980.0,180976980.0,212292470.0,353398960.0,383930470.0,398201260.0,370845380.0,366857460.0,332366360.0,118907000.0,137936000.0,231258000.0,250412000.0,259928000.0,243148000.0,239065000.0,217664000.0
20260630,26931610.0,164871780.0,184365640.0,336464180.0,343901940.0,347602320.0,337805110.0,312658770.0,295524370.0,105504000.0,117438000.0,214963000.0,219341000.0,221895000.0,215824000.0,199430000.0,189189000.0
20260701,-212256410.0,364990930.0,235124570.0,623268430.0,540878390.0,603086300.0,760859030.0,650029200.0,704512880.0,269465000.0,172814000.0,458501000.0,398008000.0,443723000.0,562384000.0,480382000.0,518864000.0
20260702,-180692560.0,275243770.0,136498800.0,334772660.0,292825070.0,287117740.0,357991290.0,262891030.0,372710040.0,210703000.0,104290000.0,255915000.0,223748000.0,219206000.0,273095000.0,200323000.0,285014000.0
20260703,-50065230.0,176412560.0,129820000.0,219598220.0,216125550.0,196756630.0,222431480.0,143987620.0,168378000.0,137773000.0,101074000.0,171299000.0,168497000.0,153163000.0,173416000.0,112233000.0,131481000.0
20260706,34580380.0,136297620.0,159195470.0,201976040.0,213658570.0,188410700.0,181887290.0,151430990.0,123374020.0,105100000.0,122547000.0,155743000.0,164546000.0,145125000.0,140081000.0,116338000.0,95132000.0
20260707,10364000.0,125172630.0,147801980.0,173401660.0,161136320.0,159017950.0,165775420.0,111154700.0,94033230.0,97543000.0,114782000.0,134954000.0,125171000.0,123526000.0,128959000.0,86180000.0,73290000.0
20260708,-65306490.0,146716110.0,88851110.0,158368830.0,150927340.0,129347150.0,158238670.0,84550390.0,120965360.0,116995000.0,70692000.0,126061000.0,120113000.0,102752000.0,125937000.0,67279000.0,96345000.0
20260709,-105388250.0,221984500.0,120394730.0,250975200.0,247176720.0,199961100.0,247598030.0,144171510.0,201922830.0,183185000.0,98952000.0,207038000.0,203667000.0,164777000.0,204172000.0,118517000.0,166724000.0
20260710,-204650140.0,274648010.0,130694780.0,340914170.0,280217260.0,307346960.0,406879530.0,189904310.0,295021880.0,232074000.0,110395000.0,287977000.0,236608000.0,259143000.0,343234000.0,160186000.0,249143000.0
20260713,-113492460.0,204399750.0,113353260.0,277626350.0,255180380.0,209758920.0,272116570.0,125051860.0,176186670.0,186793000.0,103440000.0,253552000.0,232864000.0,191345000.0,248427000.0,113993000.0,160952000.0
20260714,-24313660.0,211091570.0,135858240.0,332438050.0,383357730.0,303929790.0,334413340.0,159055540.0,152885650.0,202057000.0,128854000.0,317233000.0,365739000.0,289437000.0,319664000.0,151583000.0,146054000.0
20260715,22129120.0,119981560.0,115665150.0,189731340.0,216176880.0,188892140.0,149760780.0,94952180.0,111954420.0,109992000.0,105845000.0,173793000.0,197941000.0,172883000.0,137126000.0,86811000.0,102568000.0
20260716,-53521100.0,148300880.0,106517810.0,227451230.0,215713200.0,175771240.0,240576340.0,121952110.0,110668110.0,138170000.0,98393000.0,211068000.0,199810000.0,162656000.0,223663000.0,112892000.0,102921000.0
20260717,-53313210.0,143896340.0,107993490.0,243279180.0,225868840.0,170444640.0,204803110.0,80879110.0,99833850.0,140341000.0,105176000.0,237105000.0,220002000.0,165854000.0,199479000.0,78750000.0,97392000.0
20260720,-27509640.0,161028650.0,147859520.0,249838110.0,235497600.0,182190200.0,201153250.0,84264650.0,92811240.0,157123000.0,143786000.0,243489000.0,229252000.0,176798000.0,195824000.0,81874000.0,90422000.0
20260721,40943460.0,130532290.0,154337140.0,222498960.0,239637570.0,220111750.0,212878060.0,118068550.0,84358780.0,126756000.0,149726000.0,216109000.0,232545000.0,213450000.0,206610000.0,114367000.0,81802000.0
20260722,82066350.0,146630480.0,210968990.0,285344980.0,303072810.0,296343370.0,253669240.0,204873380.0,165481160.0,132963000.0,191309000.0,259039000.0,275179000.0,269041000.0,230317000.0,186139000.0,150378000.0
20260723,70432890.0,178251850.0,244515570.0,350899440.0,355068610.0,323521310.0,294461860.0,219244590.0,177871150.0,154694000.0,211756000.0,304638000.0,308375000.0,280882000.0,255949000.0,189854000.0,153988000.0
20260724,-31876590.0,143280120.0,125612560.0,208341190.0,194132160.0,172243550.0,181500030.0,114605360.0,137225470.0,124059000.0,108427000.0,179902000.0,167467000.0,148205000.0,156545000.0,98831000.0,118557000.0
20260727,7822850.0,93201610.0,114233240.0,163485660.0,150276890.0,129598440.0,123154280.0,78236740.0,76858050.0,81847000.0,100056000.0,143383000.0,131739000.0,113471000.0,108029000.0,68487000.0,67364000.0
20260728,-71502930.0,162216090.0,110421330.0,197420840.0,177712660.0,125929590.0,175436170.0,71926100.0,93922450.0,144821000.0,98534000.0,176170000.0,158617000.0,112368000.0,156524000.0,64213000.0,83896000.0
20260729,-137593250.0,204010570.0,125579120.0,330985380.0,271823570.0,259156050.0,331602930.0,147938930.0,213085300.0,196251000.0,120443000.0,318218000.0,261330000.0,248619000.0,318969000.0,142113000.0,204459000.0
20260730,-59193040.0,147360770.0,107285140.0,217513590.0,198396190.0,125512160.0,156634530.0,58605280.0,86675950.0,141393000.0,102754000.0,208572000.0,190103000.0,120272000.0,150283000.0,56164000.0,83261000.0
20260731,-45079770.0,119346530.0,84028960.0,172188920.0,162426720.0,120516200.0,143062420.0,84321470.0,106855020.0,113434000.0,79757000.0,163620000.0,154223000.0,114502000.0,135805000.0,80084000.0,101856000.0
20260803,-7365890.0,82444240.0,89291540.0,147726380.0,133513210.0,103461560.0,103577310.0,42731770.0,49981910.0,79118000.0,85493000.0,141663000.0,127974000.0,99103000.0,99354000.0,40873000.0,47936000.0
20260804,53189560.0,76247350.0,93310870.0,136271880.0,172397910.0,148198370.0,117961100.0,83784910.0,60832620.0,72001000.0,88036000.0,128674000.0,162670000.0,139769000.0,111392000.0,79064000.0,57411000.0
20260805,19836510.0,89767510.0,105126050.0,181463480.0,185941460.0,152213570.0,160261300.0,110355940.0,82471700.0,83934000.0,98048000.0,169521000.0,173645000.0,142142000.0,149725000.0,102854000.0,77032000.0
20260806,-26255600.0,106048850.0,89367590.0,176384690.0,166810360.0,136927330.0,162041180.0,106373350.0,107515100.0,99434000.0,83762000.0,165284000.0,156312000.0,128163000.0,151762000.0,99712000.0,100758000.0
20260807,69191880.0,170133020.0,202483510.0,316821130.0,353662530.0,355356210.0,320620170.0,286350910.0,251895070.0,155733000.0,182584000.0,288436000.0,320978000.0,320068000.0,290456000.0,257360000.0,227579000.0
20260810,36162030.0,128753420.0,142833780.0,219375060.0,241456740.0,239443770.0,204981090.0,143614920.0,141915570.0,113003000.0,125141000.0,192327000.0,211625000.0,209641000.0,179465000.0,125538000.0,124279000.0
20260811,75371580.0,175183520.0,208474900.0,273457590.0,315537800.0,336674160.0,291721840.0,224181450.0,193762190.0,146909000.0,175079000.0,229953000.0,265204000.0,283010000.0,245250000.0,188378000.0,162717000.0
20260812,-18374810.0,145264460.0,129389170.0,209291130.0,206791610.0,175109240.0,188025570.0,110021270.0,115479750.0,123790000.0,110147000.0,178256000.0,176084000.0,149098000.0,160066000.0,93381000.0,98227000.0
20260813,36156620.0,139053160.0,172490540.0,260279620.0,262998870.0,257935160.0,233909490.0,176830840.0,164699890.0,116364000.0,143853000.0,217451000.0,219551000.0,215308000.0,195551000.0,147575000.0,137743000.0
20260814,-78697470.0,118983640.0,73404340.0,167553180.0,134435020.0,130533460.0,177589450.0,87483200.0,119124680.0,100978000.0,62012000.0,141988000.0,113751000.0,110532000.0,150645000.0,74086000.0,101178000.0
20260817,144710.0,107251730.0,95901280.0,152134400.0,163629570.0,135934810.0,135570690.0,83494580.0,83713990.0,91479000.0,81576000.0,129653000.0,139321000.0,115699000.0,115546000.0,71037000.0,71425000.0
20260818,12268230.0,108136920.0,106222030.0,162481910.0,176665030.0,154762250.0,146994810.0,98027530.0,93526740.0,91460000.0,89497000.0,137230000.0,148969000.0,130341000.0,124020000.0,82346000.0,78892000.0
20260819,-126991580.0,177493960.0,75061400.0,222379910.0,197820900.0,135188490.0,205649620.0,59611160.0,116141610.0,156908000.0,66249000.0,196445000.0,174831000.0,119430000.0,181757000.0,52636000.0,102582000.0
20260820,-21593520.0,73393290.0,53596150.0,100463440.0,98667060.0,77716830.0,83776320.0,26660460.0,42194490.0,66014000.0,48184000.0,90319000.0,88706000.0,69842000.0,75302000.0,23967000.0,37950000.0
