trade_date,main_net_in,buy_sm_amount,sell_sm_amount,buy_md_amount,sell_md_amount,buy_lg_amount,sell_lg_amount,buy_elg_amount,sell_elg_amount,buy_sm_vol,sell_sm_vol,buy_md_vol,sell_md_vol,buy_lg_vol,sell_lg_vol,buy_elg_vol,sell_elg_vol
20190102,-2603890.0,5283120.0,3567760.0,5449890.0,4548160.0,2252290.0,4585010.0,294770.0,565940.0,14005000.0,9444000.0,14426000.0,12054000.0,5959000.0,12134000.0,778000.0,1503000.0
20190103,292380.0,5074130.0,5741540.0,8189680.0,7970070.0,8813360.0,8315160.0,2329050.0,2534870.0,13061000.0,14778000.0,21048000.0,20475000.0,22632000.0,21344000.0,5956000.0,6503000.0
20190104,1214400.0,5212440.0,5810670.0,5544770.0,6247450.0,4685210.0,3231210.0,560700.0,800300.0,13298000.0,14800000.0,14138000.0,15912000.0,11893000.0,8233000.0,1422000.0,2030000.0
20190107,207240.0,7342910.0,5717980.0,8587750.0,10396870.0,8013340.0,9681350.0,4650950.0,2775700.0,18140000.0,14134000.0,21216000.0,25639000.0,19752000.0,23918000.0,11480000.0,6853000.0
20190108,-1728000.0,6284710.0,4420620.0,7833920.0,7694000.0,3100280.0,4524940.0,524450.0,827790.0,15454000.0,10845000.0,19207000.0,18880000.0,7624000.0,11149000.0,1305000.0,2048000.0
20190109,949810.0,5162550.0,3716120.0,5340870.0,7508800.0,6399350.0,6466500.0,1757430.0,740470.0,12657000.0,9089000.0,13085000.0,18377000.0,15638000.0,15840000.0,4305000.0,1825000.0
20190110,-2334710.0,5340640.0,2906210.0,4537540.0,4626190.0,3452650.0,5438950.0,475540.0,823950.0,13258000.0,7207000.0,11252000.0,11486000.0,8565000.0,13492000.0,1178000.0,2042000.0
20190111,-125070.0,4850840.0,5347960.0,7928880.0,7306690.0,4343040.0,3559600.0,0.0,908510.0,11962000.0,13178000.0,19534000.0,18014000.0,10690000.0,8772000.0,0.0,2222000.0
20190114,376610.0,3370220.0,3188160.0,3497490.0,4056170.0,4564890.0,3958680.0,0.0,229600.0,8252000.0,7787000.0,8556000.0,9911000.0,11136000.0,9685000.0,0.0,562000.0
20190115,1905790.0,2676960.0,3051200.0,3813450.0,5344990.0,3503280.0,2971340.0,2092920.0,719070.0,6530000.0,7425000.0,9282000.0,13019000.0,8512000.0,7222000.0,5085000.0,1743000.0
20190116,865270.0,2615000.0,5048890.0,6262430.0,4693810.0,5386720.0,3884040.0,857060.0,1494470.0,6415000.0,12378000.0,15335000.0,11492000.0,13199000.0,9506000.0,2107000.0,3680000.0
20190117,-1391770.0,5099520.0,3213810.0,3589070.0,4083020.0,1298870.0,2652970.0,370890.0,408560.0,12597000.0,7940000.0,8889000.0,10089000.0,3210000.0,6571000.0,924000.0,1020000.0
20190118,648670.0,3445480.0,3324340.0,4619120.0,5388930.0,2721990.0,2010100.0,257580.0,320800.0,8551000.0,8247000.0,11466000.0,13376000.0,6758000.0,4991000.0,640000.0,800000.0
20190121,3113260.0,4145390.0,5981620.0,5563460.0,6840500.0,7852220.0,5603210.0,3367280.0,2503030.0,10050000.0,14487000.0,13476000.0,16566000.0,18996000.0,13577000.0,8178000.0,6070000.0
20190122,1044920.0,1957630.0,3375190.0,3443890.0,3071250.0,3662410.0,2362770.0,287940.0,542660.0,4748000.0,8183000.0,8349000.0,7443000.0,8883000.0,5731000.0,696000.0,1320000.0
20190123,-296630.0,4130560.0,2984470.0,3790190.0,4639650.0,3607690.0,4639540.0,1070720.0,335500.0,10084000.0,7260000.0,9251000.0,11317000.0,8794000.0,11346000.0,2616000.0,823000.0
20190124,531830.0,3559920.0,4589210.0,7782310.0,7284850.0,5792980.0,5471290.0,1077920.0,867780.0,8492000.0,10939000.0,18510000.0,17325000.0,13769000.0,13009000.0,2559000.0,2057000.0
20190125,-107430.0,2034520.0,2138470.0,3140580.0,2929200.0,1951750.0,1824020.0,0.0,235160.0,4830000.0,5075000.0,7453000.0,6952000.0,4634000.0,4330000.0,0.0,559000.0
20190128,-1176280.0,3041450.0,2140580.0,4903950.0,4628530.0,1978760.0,3170580.0,888450.0,872910.0,7272000.0,5105000.0,11722000.0,11068000.0,4738000.0,7593000.0,2134000.0,2100000.0
20190129,-2289910.0,4394450.0,2985030.0,6248850.0,5368370.0,6137210.0,7473440.0,1553980.0,2507660.0,10799000.0,7324000.0,15370000.0,13196000.0,15110000.0,18407000.0,3833000.0,6184000.0
20190130,-2465730.0,4200020.0,1901930.0,3265050.0,3097410.0,3840660.0,5610060.0,771650.0,1467980.0,10227000.0,4629000.0,7955000.0,7537000.0,9368000.0,13679000.0,1890000.0,3594000.0
20190131,-185700.0,3377000.0,4310220.0,5633360.0,4514440.0,4479900.0,4284790.0,451790.0,832600.0,8332000.0,10625000.0,13902000.0,11137000.0,11050000.0,10584000.0,1115000.0,2053000.0
20190201,-1494170.0,6589800.0,3374720.0,2994600.0,4715510.0,2575830.0,3783480.0,694230.0,980750.0,15976000.0,8182000.0,7254000.0,11430000.0,6228000.0,9154000.0,1684000.0,2376000.0
20190211,-2794100.0,3773450.0,3125810.0,7174620.0,5028150.0,4340330.0,7492740.0,949570.0,591260.0,9007000.0,7452000.0,17110000.0,11989000.0,10345000.0,17872000.0,2259000.0,1409000.0
20190212,2115410.0,3008970.0,5294080.0,5857860.0,5688160.0,6116090.0,6732270.0,3911590.0,1180000.0,7057000.0,12416000.0,13717000.0,13310000.0,14315000.0,15718000.0,9102000.0,2746000.0
20190213,825270.0,3240380.0,3577200.0,5374370.0,5862830.0,5903510.0,5875580.0,2066930.0,1269590.0,7496000.0,8275000.0,12424000.0,13563000.0,13633000.0,13577000.0,4784000.0,2921000.0
20190214,2284300.0,3198080.0,3701470.0,4427340.0,6208250.0,6075180.0,5175250.0,2259010.0,874640.0,7327000.0,8468000.0,10128000.0,14202000.0,13883000.0,11828000.0,5156000.0,1996000.0
20190215,-1037460.0,4765410.0,2505930.0,6334900.0,7556930.0,6059870.0,6689720.0,383180.0,790790.0,11069000.0,5816000.0,14714000.0,17543000.0,14057000.0,15541000.0,894000.0,1835000.0
20190218,2680130.0,4038630.0,5045930.0,8750160.0,10422990.0,10433220.0,9825830.0,3749760.0,1677020.0,9098000.0,11352000.0,19692000.0,23422000.0,23485000.0,22186000.0,8462000.0,3777000.0
20190219,-571390.0,4504480.0,3691310.0,6567210.0,6808980.0,7586260.0,8050580.0,724580.0,831650.0,10120000.0,8278000.0,14727000.0,15271000.0,17004000.0,18055000.0,1611000.0,1859000.0
20190220,365840.0,3716950.0,4743960.0,4783110.0,4121950.0,3778080.0,3067270.0,459160.0,804130.0,8371000.0,10680000.0,10756000.0,9263000.0,8480000.0,6885000.0,1035000.0,1814000.0
20190221,3949260.0,6938060.0,8109870.0,11909440.0,14686890.0,20361780.0,13249040.0,4049730.0,7213210.0,15460000.0,18004000.0,26495000.0,32612000.0,45032000.0,29395000.0,8928000.0,15904000.0
20190222,1887690.0,4454250.0,4993940.0,7664250.0,9012250.0,8984360.0,6858850.0,1248090.0,1485910.0,10086000.0,11266000.0,17338000.0,20369000.0,20282000.0,15496000.0,2798000.0,3372000.0
20190225,-5421070.0,8160550.0,11325220.0,28766150.0,20180420.0,16125850.0,20055790.0,5073260.0,6564390.0,17499000.0,23970000.0,60885000.0,42830000.0,34428000.0,42657000.0,10788000.0,14143000.0
20190226,-2399830.0,9657190.0,6633750.0,9905360.0,10528970.0,11295370.0,11018630.0,3146940.0,5823510.0,20216000.0,13861000.0,20736000.0,22036000.0,23655000.0,23068000.0,6575000.0,12216000.0
20190227,-3473050.0,10051880.0,6560700.0,11324960.0,11343100.0,11441240.0,12979870.0,3137050.0,5071470.0,20973000.0,13642000.0,23654000.0,23596000.0,23738000.0,27036000.0,6534000.0,10625000.0
20190228,-2568390.0,9802720.0,5986110.0,13242610.0,14490830.0,11159430.0,12140650.0,3543950.0,5131120.0,21005000.0,12730000.0,28278000.0,30980000.0,23753000.0,25822000.0,7408000.0,10912000.0
20190301,-1983570.0,5122060.0,4717070.0,9017190.0,7438610.0,6369010.0,8354920.0,1625230.0,1622890.0,11036000.0,10130000.0,19398000.0,15996000.0,13705000.0,18020000.0,3523000.0,3515000.0
20190304,502350.0,7667600.0,6710080.0,12077830.0,13537690.0,13185910.0,13452850.0,7205410.0,6436120.0,16098000.0,14046000.0,25319000.0,28369000.0,27584000.0,28188000.0,15065000.0,13464000.0
20190305,-9363230.0,9324920.0,4623810.0,15511980.0,10849860.0,14242070.0,17907600.0,3210850.0,8908550.0,19884000.0,9813000.0,33053000.0,23078000.0,30310000.0,38175000.0,6840000.0,19021000.0
20190306,-1088680.0,8476290.0,8979150.0,16500580.0,14909050.0,14350050.0,16793760.0,4783680.0,3428650.0,17698000.0,18745000.0,34451000.0,31117000.0,30003000.0,35108000.0,9994000.0,7176000.0
20190307,-1740300.0,6816110.0,6805460.0,11251910.0,9522250.0,10416580.0,11553260.0,2076930.0,2680550.0,14303000.0,14266000.0,23607000.0,19955000.0,21823000.0,24234000.0,4359000.0,5637000.0
20190308,-4869810.0,9826940.0,5074770.0,16009430.0,15891780.0,14777250.0,17383440.0,3845490.0,6109110.0,21387000.0,11027000.0,34844000.0,34649000.0,32177000.0,37756000.0,8299000.0,13276000.0
20190311,4567600.0,4717560.0,5892330.0,8284590.0,11677420.0,10491530.0,10332310.0,6819000.0,2410620.0,10327000.0,12865000.0,18118000.0,25522000.0,22917000.0,22573000.0,14849000.0,5251000.0
20190312,266240.0,9399260.0,8781110.0,17161010.0,18045400.0,18288830.0,16677500.0,6778000.0,8123090.0,20203000.0,18798000.0,36798000.0,38657000.0,39154000.0,35783000.0,14487000.0,17403000.0
20190313,1337450.0,7522490.0,9825800.0,16487980.0,15522110.0,13953510.0,15154400.0,5833800.0,3295460.0,15817000.0,20633000.0,34615000.0,32541000.0,29226000.0,31769000.0,12199000.0,6914000.0
20190314,-390660.0,9077820.0,8232870.0,15262620.0,15716930.0,11012140.0,11399310.0,6858260.0,6861750.0,20047000.0,18188000.0,33664000.0,34643000.0,24251000.0,25130000.0,15145000.0,15145000.0
20190315,-4581550.0,6165950.0,3832730.0,10496790.0,8248450.0,7986710.0,9606990.0,2151820.0,5113090.0,13694000.0,8499000.0,23312000.0,18306000.0,17729000.0,21330000.0,4777000.0,11377000.0
20190318,2203490.0,5652390.0,4832340.0,8340370.0,11363900.0,8932980.0,6990040.0,1664190.0,1403640.0,12477000.0,10659000.0,18415000.0,25088000.0,19701000.0,15419000.0,3658000.0,3083000.0
20190319,1480300.0,6620380.0,7283950.0,11416120.0,12232860.0,12921380.0,12578390.0,3995030.0,2857720.0,14359000.0,15779000.0,24743000.0,26510000.0,27994000.0,27265000.0,8638000.0,6179000.0
20190320,-471140.0,6599930.0,5598050.0,10208300.0,10739040.0,9896100.0,8835660.0,1379320.0,2910900.0,14514000.0,12299000.0,22431000.0,23601000.0,21764000.0,19440000.0,3023000.0,6391000.0
20190321,-1996040.0,10164440.0,7740940.0,15140960.0,15568420.0,11210070.0,12913990.0,2039510.0,2331630.0,21759000.0,16553000.0,32417000.0,33306000.0,23974000.0,27645000.0,4369000.0,5016000.0
20190322,3423370.0,10261530.0,11278890.0,15998690.0,18404700.0,15494120.0,13247170.0,3402030.0,2225610.0,21648000.0,23762000.0,33745000.0,38780000.0,32625000.0,27934000.0,7162000.0,4704000.0
20190325,7556480.0,12331370.0,16572370.0,23238770.0,26554240.0,26461460.0,25918930.0,11304420.0,4290470.0,25012000.0,33520000.0,47071000.0,53659000.0,53431000.0,52311000.0,22656000.0,8680000.0
20190326,-6136650.0,11852860.0,7651290.0,17202740.0,15267660.0,17193950.0,20059310.0,2488460.0,5759750.0,24836000.0,16011000.0,35995000.0,31962000.0,35896000.0,41942000.0,5200000.0,12012000.0
20190327,-2357400.0,8705000.0,7964940.0,14480910.0,12863570.0,11602540.0,10909000.0,2504680.0,5555620.0,18944000.0,17298000.0,31467000.0,27915000.0,25224000.0,23704000.0,5424000.0,12143000.0
20190328,-3238910.0,6332910.0,4834730.0,9864220.0,8123490.0,9143910.0,9792740.0,1159090.0,3749170.0,13749000.0,10478000.0,21392000.0,17615000.0,19827000.0,21250000.0,2503000.0,8129000.0
20190329,-142330.0,8518670.0,7571520.0,17139380.0,17944210.0,14087090.0,14699810.0,4611320.0,4140930.0,18378000.0,16318000.0,36964000.0,38675000.0,30363000.0,31709000.0,9941000.0,8944000.0
20190401,328050.0,8436850.0,7821430.0,14670820.0,15614300.0,17227960.0,13703620.0,4654230.0,7850520.0,17559000.0,16268000.0,30560000.0,32521000.0,35883000.0,28527000.0,9713000.0,16398000.0
20190402,-3615280.0,12707250.0,11513750.0,20274180.0,17852400.0,17377820.0,19663770.0,4330250.0,5659580.0,26396000.0,23875000.0,42075000.0,37023000.0,36032000.0,40786000.0,8949000.0,11768000.0
20190403,739980.0,8618570.0,9258560.0,13934070.0,14034070.0,13908780.0,12771340.0,6296190.0,6693650.0,17995000.0,19268000.0,29076000.0,29209000.0,28966000.0,26631000.0,13042000.0,13970000.0
20190404,-1288470.0,9178950.0,8377020.0,14437420.0,13950880.0,13548400.0,13104060.0,3273890.0,5006700.0,18938000.0,17254000.0,29772000.0,28747000.0,27919000.0,27028000.0,6756000.0,10356000.0
20190408,-6215440.0,10618140.0,6655660.0,14098540.0,11845580.0,11833780.0,14751830.0,4327770.0,7625160.0,22386000.0,14018000.0,29703000.0,24920000.0,24921000.0,31068000.0,9084000.0,16088000.0
20190409,-3068840.0,6891170.0,5760760.0,11965220.0,10026800.0,10054030.0,8475770.0,1610570.0,6257670.0,14671000.0,12243000.0,25442000.0,21316000.0,21391000.0,18027000.0,3418000.0,13336000.0
20190410,665340.0,5092380.0,5372340.0,8227580.0,8612970.0,7446110.0,7249000.0,1630640.0,1162410.0,10841000.0,11428000.0,17510000.0,18319000.0,15837000.0,15432000.0,3460000.0,2469000.0
20190411,-3656750.0,8936540.0,5982970.0,13266740.0,12563560.0,11478720.0,14135220.0,1686580.0,2686830.0,19190000.0,12784000.0,28441000.0,26899000.0,24595000.0,30350000.0,3618000.0,5810000.0
20190412,-2437550.0,5801260.0,3017100.0,7389890.0,7736500.0,5403940.0,8941530.0,2624890.0,1524850.0,12685000.0,6591000.0,16159000.0,16909000.0,11815000.0,19557000.0,5736000.0,3337000.0
20190415,173860.0,8089620.0,11166990.0,11576990.0,8673470.0,9486600.0,7291860.0,1887550.0,3908430.0,17609000.0,24283000.0,25182000.0,18844000.0,20622000.0,15851000.0,4089000.0,8525000.0
20190416,338190.0,5420860.0,5640910.0,8297880.0,8416020.0,8667720.0,7659040.0,1344200.0,2014690.0,11850000.0,12336000.0,18135000.0,18389000.0,18929000.0,16734000.0,2938000.0,4393000.0
20190417,1088270.0,4518360.0,4474650.0,6947870.0,8079870.0,7964720.0,6677160.0,2056170.0,2255460.0,9753000.0,9654000.0,14998000.0,17438000.0,17174000.0,14410000.0,4437000.0,4861000.0
20190418,683250.0,7319450.0,6401940.0,11952340.0,13553110.0,12212590.0,10190210.0,1469540.0,2808670.0,15828000.0,13804000.0,25829000.0,29284000.0,26358000.0,22028000.0,3169000.0,6067000.0
20190419,-2331130.0,10201330.0,4688180.0,13699450.0,16881470.0,11044550.0,11707350.0,3317190.0,4985520.0,22563000.0,10355000.0,30294000.0,37349000.0,24417000.0,25891000.0,7345000.0,11025000.0
20190422,-608570.0,5119570.0,4809360.0,7507900.0,7209520.0,5738700.0,5875350.0,1418990.0,1890910.0,11314000.0,10622000.0,16592000.0,15930000.0,12684000.0,12996000.0,3144000.0,4186000.0
20190423,-7205320.0,10219590.0,5940980.0,14522830.0,11596130.0,12571830.0,15813370.0,1797200.0,5760980.0,23290000.0,13494000.0,33100000.0,26401000.0,28655000.0,36071000.0,4108000.0,13188000.0
20190424,-2272510.0,7288380.0,4259700.0,8905610.0,9661780.0,6974810.0,9488170.0,1711250.0,1470400.0,16888000.0,9857000.0,20622000.0,22366000.0,16155000.0,21983000.0,3953000.0,3411000.0
20190425,-1081580.0,5886590.0,4127660.0,6823800.0,7501130.0,5930570.0,6468160.0,1785490.0,2329480.0,13621000.0,9543000.0,15795000.0,17355000.0,13727000.0,14991000.0,4152000.0,5406000.0
20190426,-2200660.0,7020860.0,5672800.0,8852280.0,7999680.0,7058100.0,7425820.0,1379790.0,3212730.0,16603000.0,13392000.0,20931000.0,18899000.0,16713000.0,17582000.0,3269000.0,7644000.0
20190429,381940.0,4790950.0,4352400.0,6858440.0,7678930.0,7581740.0,7362850.0,2129990.0,1966940.0,11326000.0,10280000.0,16205000.0,18147000.0,17908000.0,17411000.0,5047000.0,4649000.0
20190430,766580.0,4927200.0,4159970.0,7429610.0,8963420.0,5514140.0,4673730.0,291230.0,365060.0,11577000.0,9770000.0,17466000.0,21065000.0,12958000.0,10991000.0,684000.0,859000.0
20190506,-2712250.0,8358830.0,6318500.0,9816860.0,9144940.0,9331460.0,9687380.0,2644420.0,5000750.0,20694000.0,15584000.0,24221000.0,22632000.0,22938000.0,23931000.0,6521000.0,12228000.0
20190507,397970.0,5058310.0,5221870.0,6078860.0,6313270.0,5624060.0,4499550.0,849340.0,1575880.0,12689000.0,13093000.0,15239000.0,15819000.0,14092000.0,11276000.0,2124000.0,3956000.0
20190508,-1177960.0,7937290.0,5137420.0,6288110.0,7910030.0,5141350.0,4915220.0,1771330.0,3175420.0,19720000.0,12787000.0,15680000.0,19676000.0,12796000.0,12227000.0,4417000.0,7923000.0
20190509,-1054480.0,4183640.0,3845600.0,6199440.0,5482990.0,5249160.0,5741790.0,1783880.0,2345730.0,10308000.0,9465000.0,15268000.0,13496000.0,12922000.0,14138000.0,4384000.0,5784000.0
20190510,643110.0,4998630.0,7925120.0,12258090.0,9974710.0,9121150.0,9552870.0,2347160.0,1272330.0,12150000.0,19205000.0,29702000.0,24187000.0,22086000.0,23150000.0,5680000.0,3077000.0
20190513,-1443370.0,4304480.0,3427550.0,5940660.0,5374230.0,6193170.0,5997170.0,1539270.0,3178640.0,10323000.0,8209000.0,14232000.0,12873000.0,14845000.0,14368000.0,3681000.0,7630000.0
20190514,378590.0,4620540.0,4884580.0,5044400.0,5158940.0,4743120.0,4819540.0,1845360.0,1390350.0,11129000.0,11754000.0,12147000.0,12413000.0,11409000.0,11592000.0,4434000.0,3360000.0
20190515,552190.0,3712190.0,5363850.0,6360600.0,5261120.0,6060180.0,4723610.0,909720.0,1694100.0,8922000.0,12890000.0,15287000.0,12647000.0,14563000.0,11349000.0,2186000.0,4072000.0
20190516,1763840.0,4090540.0,5733330.0,6504540.0,6625610.0,6827650.0,5879530.0,1431460.0,615740.0,9700000.0,13595000.0,15418000.0,15704000.0,16182000.0,13925000.0,3380000.0,1457000.0
20190517,162350.0,5106950.0,4415380.0,5255930.0,6109850.0,7222330.0,6461660.0,1205530.0,1803850.0,12220000.0,10562000.0,12569000.0,14614000.0,17287000.0,15457000.0,2894000.0,4337000.0
20190520,-1265090.0,5002950.0,4420200.0,7533180.0,6850820.0,4527980.0,5510230.0,789450.0,1072290.0,11974000.0,10574000.0,18024000.0,16392000.0,10839000.0,13180000.0,1885000.0,2577000.0
20190521,-338800.0,3852940.0,3768210.0,5756980.0,5502930.0,4531060.0,4887490.0,1507530.0,1489900.0,9147000.0,8937000.0,13640000.0,13045000.0,10733000.0,11578000.0,3566000.0,3526000.0
20190522,-727780.0,3580430.0,2814520.0,3273170.0,3311300.0,2929290.0,3557220.0,256410.0,356260.0,8505000.0,6684000.0,7777000.0,7866000.0,6961000.0,8453000.0,608000.0,848000.0
20190523,-505600.0,3740570.0,3073170.0,4196240.0,4358030.0,4979610.0,5148260.0,1355940.0,1692890.0,8963000.0,7344000.0,10044000.0,10435000.0,11909000.0,12324000.0,3254000.0,4068000.0
20190524,-1711030.0,4441230.0,2616400.0,3602510.0,3716320.0,2074470.0,3250860.0,114930.0,649570.0,10851000.0,6383000.0,8807000.0,9079000.0,5068000.0,7959000.0,281000.0,1586000.0
20190527,-370920.0,4140010.0,3974670.0,4247500.0,4041920.0,3107300.0,3584230.0,594310.0,488300.0,10086000.0,9688000.0,10342000.0,9827000.0,7551000.0,8713000.0,1442000.0,1192000.0
20190528,-515990.0,4443920.0,3191750.0,3005630.0,3741820.0,1843500.0,2659500.0,423670.0,123660.0,10701000.0,7689000.0,7242000.0,9012000.0,4446000.0,6407000.0,1019000.0,300000.0
20190529,-966430.0,4247690.0,3281320.0,3725000.0,3724930.0,2885120.0,3535570.0,105550.0,421530.0,10238000.0,7908000.0,8977000.0,8972000.0,6951000.0,8519000.0,253000.0,1020000.0
20190530,-1086230.0,4510190.0,4043610.0,3776600.0,3156950.0,2908440.0,3872740.0,0.0,121930.0,11017000.0,9866000.0,9221000.0,7709000.0,7101000.0,9465000.0,0.0,300000.0
20190531,-137040.0,3902960.0,3801250.0,4433660.0,4398320.0,3954070.0,4411940.0,501370.0,180540.0,9461000.0,9200000.0,10731000.0,10634000.0,9557000.0,10684000.0,1203000.0,434000.0
20190603,-211790.0,8476140.0,6508850.0,8680960.0,10436470.0,7686930.0,7390300.0,1185810.0,1694230.0,20843000.0,15960000.0,21335000.0,25680000.0,18901000.0,18188000.0,2924000.0,4175000.0
20190604,-1712090.0,5663200.0,3160400.0,4241360.0,5032050.0,3583750.0,4645970.0,872560.0,1522430.0,14314000.0,7983000.0,10717000.0,12721000.0,9055000.0,11733000.0,2204000.0,3852000.0
20190605,141100.0,4865010.0,5720550.0,3923050.0,3208600.0,1775560.0,1627780.0,134850.0,141530.0,12334000.0,14498000.0,9947000.0,8132000.0,4499000.0,4133000.0,342000.0,359000.0
20190606,-817390.0,4649890.0,3364990.0,2991810.0,3459320.0,2223610.0,2864700.0,234490.0,410790.0,11944000.0,8636000.0,7683000.0,8882000.0,5712000.0,7362000.0,600000.0,1060000.0
20190610,-1006160.0,3201470.0,2703850.0,2730450.0,2221930.0,2029990.0,2495270.0,367060.0,907940.0,8238000.0,6955000.0,7025000.0,5715000.0,5222000.0,6422000.0,945000.0,2337000.0
20190611,563910.0,4311040.0,5678040.0,5896260.0,5093160.0,3698520.0,3312630.0,2574800.0,2396780.0,10886000.0,14334000.0,14877000.0,12838000.0,9314000.0,8345000.0,6459000.0,6019000.0
20190612,-605260.0,3370430.0,2621300.0,3722590.0,3866450.0,2477300.0,2640340.0,309240.0,751460.0,8476000.0,6588000.0,9357000.0,9716000.0,6223000.0,6638000.0,776000.0,1890000.0
20190613,205520.0,3171890.0,2887690.0,2383960.0,2873690.0,1845630.0,1537380.0,138250.0,240980.0,8007000.0,7290000.0,6019000.0,7253000.0,4657000.0,3883000.0,350000.0,608000.0
20190614,-1592530.0,5121140.0,3671540.0,4990080.0,4847150.0,2717960.0,4289220.0,1024990.0,1046260.0,12959000.0,9278000.0,12596000.0,12228000.0,6849000.0,10831000.0,2584000.0,2651000.0
20190617,-411590.0,2688120.0,2067250.0,2763340.0,2972620.0,1202770.0,1346610.0,229970.0,497720.0,6908000.0,5310000.0,7098000.0,7633000.0,3090000.0,3462000.0,593000.0,1284000.0
20190618,-682420.0,3965090.0,3169100.0,3858300.0,3971880.0,1132810.0,1583000.0,0.0,232230.0,10208000.0,8152000.0,9928000.0,10222000.0,2920000.0,4081000.0,0.0,600000.0
20190619,-512020.0,3969360.0,4035230.0,4587640.0,4009740.0,2919410.0,3305130.0,1819000.0,1945300.0,10005000.0,10169000.0,11563000.0,10100000.0,7357000.0,8343000.0,4580000.0,4893000.0
20190620,1624630.0,4564210.0,4589760.0,4667010.0,6266080.0,5596200.0,4897080.0,1780870.0,855360.0,11465000.0,11528000.0,11723000.0,15731000.0,14034000.0,12282000.0,4460000.0,2140000.0
20190621,-5690.0,4676300.0,4564600.0,6274610.0,6380610.0,7440310.0,7122020.0,1953640.0,2277620.0,11547000.0,11272000.0,15500000.0,15750000.0,18371000.0,17593000.0,4827000.0,5631000.0
20190624,1010770.0,2419670.0,2854280.0,3645090.0,4221260.0,5987020.0,4956390.0,530040.0,549900.0,5956000.0,7020000.0,8968000.0,10381000.0,14725000.0,12190000.0,1300000.0,1358000.0
20190625,1443550.0,4118690.0,4401880.0,4927150.0,6087520.0,5897130.0,5329730.0,2496790.0,1620640.0,10133000.0,10799000.0,12109000.0,14934000.0,14459000.0,13101000.0,6118000.0,3983000.0
20190626,2287160.0,2938590.0,4495310.0,4655070.0,5385510.0,5545110.0,3608310.0,1007750.0,657390.0,7140000.0,10924000.0,11308000.0,13077000.0,13463000.0,8756000.0,2445000.0,1598000.0
20190627,1577660.0,4092600.0,4067070.0,5196010.0,6799200.0,9031510.0,7212940.0,1300790.0,1541700.0,9790000.0,9722000.0,12426000.0,16258000.0,21607000.0,17255000.0,3103000.0,3691000.0
20190628,-2983330.0,6154300.0,2591560.0,4802110.0,5381530.0,2876890.0,4218300.0,224540.0,1866460.0,14981000.0,6299000.0,11680000.0,13093000.0,7005000.0,10269000.0,549000.0,4554000.0
20190701,-3582380.0,6401070.0,4773020.0,8492130.0,6537790.0,4488880.0,7571690.0,711360.0,1210930.0,15362000.0,11442000.0,20370000.0,15684000.0,10788000.0,18187000.0,1706000.0,2913000.0
20190702,1321340.0,4147300.0,5091450.0,6030870.0,6408050.0,5741150.0,6762340.0,2552150.0,209620.0,9823000.0,12039000.0,14274000.0,15159000.0,13583000.0,16008000.0,6021000.0,496000.0
20190703,-1090810.0,5524430.0,4603820.0,7242110.0,7071900.0,7132800.0,8275800.0,921370.0,869180.0,13087000.0,10898000.0,17150000.0,16730000.0,16877000.0,19604000.0,2179000.0,2062000.0
20190704,1658140.0,7012490.0,7144000.0,10816060.0,12342680.0,15512520.0,13389850.0,2906900.0,3371430.0,16377000.0,16644000.0,25222000.0,28771000.0,36128000.0,31201000.0,6759000.0,7871000.0
20190705,35820.0,5354820.0,7187260.0,7857010.0,6060400.0,5099450.0,6107740.0,2162280.0,1118170.0,12602000.0,16913000.0,18487000.0,14245000.0,11994000.0,14354000.0,5051000.0,2622000.0
20190708,-1995620.0,7939580.0,5911650.0,7304900.0,7337200.0,6625020.0,8098580.0,1330110.0,1852170.0,19222000.0,14269000.0,17674000.0,17750000.0,16035000.0,19646000.0,3223000.0,4490000.0
20190709,-593230.0,4051990.0,4129660.0,5032050.0,4361160.0,3489820.0,4211120.0,782770.0,654700.0,9835000.0,10015000.0,12205000.0,10574000.0,8461000.0,10219000.0,1898000.0,1592000.0
20190710,-528380.0,7301960.0,6270680.0,8204080.0,8706980.0,7274540.0,7214830.0,2632590.0,3220680.0,17666000.0,15140000.0,19845000.0,21048000.0,17553000.0,17442000.0,6390000.0,7824000.0
20190711,-2128970.0,4970960.0,3066280.0,4731780.0,4507500.0,2319020.0,3929480.0,1039360.0,1557870.0,12145000.0,7485000.0,11557000.0,11007000.0,5666000.0,9606000.0,2545000.0,3815000.0
20190712,601490.0,3327900.0,4057460.0,3184290.0,3056210.0,3207690.0,2141070.0,102430.0,567560.0,8121000.0,9900000.0,7773000.0,7459000.0,7830000.0,5225000.0,250000.0,1390000.0
20190715,2815730.0,5319720.0,6584640.0,5579100.0,7129900.0,6942410.0,5363210.0,2426600.0,1190070.0,12759000.0,15812000.0,13406000.0,17093000.0,16652000.0,12863000.0,5797000.0,2845000.0
20190716,-187050.0,3784720.0,3954310.0,3616560.0,3259920.0,2078660.0,2121090.0,478770.0,623390.0,9030000.0,9429000.0,8629000.0,7777000.0,4954000.0,5059000.0,1144000.0,1492000.0
20190717,1329690.0,3657540.0,4254390.0,3368490.0,4101330.0,3452540.0,2541280.0,567530.0,149100.0,8717000.0,10131000.0,8021000.0,9761000.0,8213000.0,6053000.0,1350000.0,355000.0
20190718,505360.0,2717230.0,3135260.0,3050930.0,3138260.0,2819930.0,2868460.0,897110.0,343220.0,6507000.0,7503000.0,7305000.0,7514000.0,6747000.0,6862000.0,2138000.0,819000.0
20190719,512810.0,3289080.0,3503710.0,3196040.0,3494210.0,2775850.0,2290220.0,147060.0,119880.0,7885000.0,8401000.0,7667000.0,8381000.0,6658000.0,5493000.0,352000.0,287000.0
20190722,11630.0,4553360.0,4290010.0,4552310.0,4827280.0,4797160.0,4670680.0,551660.0,666510.0,10979000.0,10324000.0,10968000.0,11625000.0,11542000.0,11260000.0,1319000.0,1600000.0
20190723,1637290.0,3228330.0,5811340.0,5052010.0,4106300.0,5132790.0,3236670.0,655080.0,913910.0,7715000.0,13875000.0,12048000.0,9780000.0,12226000.0,7707000.0,1551000.0,2177000.0
20190724,3686120.0,5932170.0,6962010.0,8304160.0,10960430.0,11223870.0,7768080.0,3150900.0,2920570.0,13758000.0,16154000.0,19271000.0,25428000.0,26041000.0,18033000.0,7315000.0,6771000.0
20190725,1138480.0,6252530.0,4888270.0,7544900.0,10047630.0,8241960.0,7929830.0,1606290.0,779940.0,14417000.0,11260000.0,17401000.0,23157000.0,18993000.0,18286000.0,3694000.0,1802000.0
20190726,1207200.0,6843580.0,8481350.0,11404340.0,10973770.0,8798370.0,9658620.0,3050930.0,983480.0,15760000.0,19466000.0,26229000.0,25238000.0,20211000.0,22232000.0,6992000.0,2256000.0
20190729,553650.0,9344330.0,7584730.0,9095250.0,11408500.0,5590270.0,4714340.0,1387670.0,1709950.0,21728000.0,17629000.0,21147000.0,26538000.0,13006000.0,10953000.0,3222000.0,3983000.0
20190730,2456920.0,4485190.0,6318620.0,8055510.0,8679010.0,8332740.0,5517740.0,1051050.0,1409130.0,10400000.0,14632000.0,18667000.0,20116000.0,19286000.0,12774000.0,2434000.0,3264000.0
20190731,4907120.0,5435800.0,8285820.0,9770240.0,11827350.0,9389830.0,7525170.0,4763150.0,1720690.0,12492000.0,19010000.0,22411000.0,27099000.0,21512000.0,17237000.0,10879000.0,3948000.0
20190801,2201150.0,9275110.0,8259420.0,12273600.0,15490430.0,14730630.0,14189540.0,3555120.0,1895060.0,21241000.0,18816000.0,28031000.0,35392000.0,33584000.0,32390000.0,8065000.0,4322000.0
20190802,-1249290.0,8394290.0,5226730.0,8568680.0,10486960.0,11620770.0,11171680.0,1737060.0,3435440.0,19400000.0,12063000.0,19814000.0,24208000.0,26822000.0,25836000.0,4026000.0,7955000.0
20190805,3424270.0,8897340.0,8737670.0,11436460.0,15020390.0,13700650.0,12429780.0,6389420.0,4236020.0,20034000.0,19694000.0,25763000.0,33803000.0,30866000.0,27961000.0,14344000.0,9549000.0
20190806,1457660.0,8204090.0,9810080.0,10965930.0,10817590.0,10613940.0,9512720.0,3930060.0,3573620.0,18810000.0,22485000.0,25159000.0,24798000.0,24329000.0,21836000.0,9027000.0,8207000.0
20190807,2591260.0,6835090.0,7834130.0,12061820.0,13654040.0,14747390.0,13384800.0,5591560.0,4362890.0,15378000.0,17646000.0,27148000.0,30682000.0,33185000.0,30117000.0,12543000.0,9808000.0
20190808,467610.0,4580170.0,7936470.0,13042350.0,10153660.0,10233220.0,10925810.0,2985940.0,1825740.0,10219000.0,17695000.0,29103000.0,22630000.0,22805000.0,24369000.0,6641000.0,4073000.0
20190809,-1996440.0,6292550.0,3719010.0,9499820.0,10076920.0,8840990.0,8066670.0,1035960.0,3806720.0,14242000.0,8398000.0,21469000.0,22763000.0,19963000.0,18216000.0,2338000.0,8635000.0
20190812,-480570.0,4052170.0,2909920.0,7103050.0,7764730.0,8719110.0,8394820.0,782620.0,1587480.0,9253000.0,6634000.0,16217000.0,17725000.0,19897000.0,19161000.0,1781000.0,3628000.0
20190813,1295210.0,4408060.0,4835530.0,9514440.0,10382170.0,10017650.0,8717790.0,845310.0,849960.0,9961000.0,10905000.0,21471000.0,23392000.0,22523000.0,19631000.0,1897000.0,1924000.0
20190814,-2774100.0,6721650.0,6310000.0,9124600.0,6762170.0,8467320.0,7880570.0,1258500.0,4619350.0,15317000.0,14372000.0,20785000.0,15381000.0,19269000.0,17944000.0,2856000.0,10530000.0
20190815,-1182000.0,3695240.0,3341260.0,6811950.0,5983920.0,6486140.0,7268930.0,960880.0,1360090.0,8508000.0,7674000.0,15674000.0,13751000.0,14899000.0,16718000.0,2217000.0,3156000.0
20190816,-171150.0,4457850.0,3329000.0,6607250.0,7564950.0,6294620.0,7589190.0,1660630.0,537210.0,10140000.0,7564000.0,15030000.0,17203000.0,14302000.0,17251000.0,3770000.0,1225000.0
20190819,7491160.0,4832030.0,9133930.0,10056020.0,13245280.0,15205770.0,10944170.0,5907580.0,2678020.0,10760000.0,20321000.0,22381000.0,29472000.0,33845000.0,24347000.0,13128000.0,5974000.0
20190820,-1606470.0,5071060.0,3402510.0,7556010.0,7618090.0,9664420.0,9056080.0,2463910.0,4678720.0,11236000.0,7534000.0,16742000.0,16875000.0,21400000.0,20063000.0,5475000.0,10380000.0
20190821,5974330.0,7796640.0,9126600.0,14241210.0,18885590.0,16550840.0,15887150.0,9927790.0,4617150.0,16888000.0,19759000.0,30855000.0,40937000.0,35906000.0,34477000.0,21571000.0,10046000.0
20190822,2191940.0,5571760.0,6398620.0,11197660.0,12562740.0,11531090.0,7457000.0,1827480.0,3709630.0,12077000.0,13852000.0,24263000.0,27223000.0,24971000.0,16150000.0,3948000.0,8034000.0
20190823,4459200.0,4754350.0,6742870.0,7422160.0,9892850.0,10820350.0,10236400.0,7773290.0,3898040.0,10258000.0,14515000.0,15999000.0,21293000.0,23293000.0,22022000.0,16677000.0,8396000.0
20190826,-2095060.0,10217430.0,8496220.0,17047770.0,16673920.0,19147660.0,20394320.0,6397640.0,7246040.0,21593000.0,17923000.0,36003000.0,35198000.0,40418000.0,43092000.0,13547000.0,15349000.0
20190827,686540.0,6896980.0,8281730.0,12171450.0,11473240.0,12589550.0,11458340.0,5709390.0,6154060.0,14583000.0,17480000.0,25719000.0,24211000.0,26613000.0,24226000.0,12021000.0,13019000.0
20190828,-2282130.0,12809420.0,7811160.0,15072100.0,17788220.0,16596080.0,17103020.0,4410710.0,6185900.0,26558000.0,16181000.0,31269000.0,36857000.0,34357000.0,35441000.0,9126000.0,12832000.0
20190829,-6582800.0,10993580.0,6842630.0,16459120.0,14027260.0,12875190.0,17192800.0,3777000.0,6042190.0,22927000.0,14227000.0,34337000.0,29222000.0,26831000.0,35908000.0,7888000.0,12626000.0
20190830,-1935270.0,12252220.0,10107980.0,15403880.0,15612850.0,14915610.0,16257200.0,5737590.0,6331270.0,25581000.0,21092000.0,32166000.0,32565000.0,31131000.0,33945000.0,11949000.0,13224000.0
20190902,8140930.0,12665430.0,16209550.0,22582060.0,27178860.0,38189540.0,32581470.0,17367330.0,14834470.0,25463000.0,32533000.0,45327000.0,54575000.0,76693000.0,65396000.0,34853000.0,29833000.0
20190903,-4668980.0,14160660.0,9368090.0,21062900.0,21186490.0,24612690.0,27921580.0,12217820.0,13577910.0,28092000.0,18579000.0,41755000.0,41961000.0,48842000.0,55424000.0,24189000.0,26914000.0
20190904,-6000700.0,12357430.0,7287130.0,18842370.0,17911980.0,20054310.0,25380830.0,10782560.0,11456740.0,24759000.0,14582000.0,37737000.0,35847000.0,40208000.0,50870000.0,21555000.0,22961000.0
20190905,-3451660.0,10894590.0,7833450.0,15501260.0,15110750.0,16143360.0,18369860.0,7236660.0,8461820.0,21682000.0,15581000.0,30848000.0,30063000.0,32114000.0,36546000.0,14378000.0,16832000.0
20190906,-5165560.0,10613450.0,6774340.0,17158040.0,15831580.0,21832420.0,21078850.0,9357320.0,15276450.0,21329000.0,13592000.0,34460000.0,31805000.0,43911000.0,42354000.0,18819000.0,30769000.0
20190909,-3284370.0,7578300.0,7204940.0,15279180.0,12368150.0,14218850.0,15504720.0,6096900.0,8095400.0,15173000.0,14407000.0,30586000.0,24737000.0,28449000.0,31040000.0,12185000.0,16207000.0
20190910,-4443490.0,16251370.0,13147310.0,23718740.0,22379310.0,24853800.0,24839510.0,3268250.0,7726030.0,32894000.0,26586000.0,47869000.0,45093000.0,50099000.0,50148000.0,6592000.0,15626000.0
20190911,-5355310.0,15990520.0,10190240.0,17340530.0,17785490.0,13684410.0,17818500.0,4269010.0,5490230.0,33014000.0,21009000.0,35827000.0,36760000.0,28318000.0,36805000.0,8795000.0,11381000.0
20190912,586580.0,7893300.0,10825440.0,12170690.0,9825140.0,8350610.0,7392480.0,730570.0,1102120.0,16383000.0,22472000.0,25262000.0,20385000.0,17328000.0,15336000.0,1508000.0,2289000.0
20190916,1857110.0,7244860.0,11135280.0,11679550.0,9646220.0,11630980.0,8834020.0,2815290.0,3755140.0,14944000.0,22964000.0,24086000.0,19878000.0,23971000.0,18220000.0,5810000.0,7749000.0
20190917,-3647040.0,10331540.0,12093770.0,16823120.0,11413850.0,13079880.0,16187320.0,3789390.0,4328990.0,21704000.0,25368000.0,35349000.0,23944000.0,27448000.0,34016000.0,7949000.0,9122000.0
20190918,-2428220.0,12092440.0,7558010.0,12622650.0,14728870.0,10338440.0,11633350.0,2225870.0,3359180.0,25886000.0,16151000.0,27032000.0,31552000.0,22147000.0,24912000.0,4749000.0,7199000.0
20190919,3373490.0,7047720.0,11086800.0,8550070.0,7884470.0,8983480.0,5866600.0,1259670.0,1003060.0,14962000.0,23536000.0,18143000.0,16706000.0,19048000.0,12447000.0,2666000.0,2130000.0
20190920,-5130660.0,10150570.0,7651450.0,13758510.0,11126960.0,13962480.0,16645170.0,4100900.0,6548870.0,21784000.0,16417000.0,29527000.0,23875000.0,29953000.0,35720000.0,8790000.0,14042000.0
20190923,62510.0,8631620.0,9998820.0,11714730.0,10410050.0,8545880.0,9138900.0,3239960.0,2584430.0,18517000.0,21452000.0,25117000.0,22293000.0,18328000.0,19582000.0,6942000.0,5576000.0
20190924,-145920.0,7500880.0,7511860.0,11319910.0,11163010.0,10097850.0,8823880.0,1906660.0,3326550.0,15971000.0,15989000.0,24084000.0,23751000.0,21469000.0,18760000.0,4047000.0,7072000.0
20190925,-241160.0,6865690.0,10612510.0,18878130.0,14890130.0,11749220.0,13427450.0,3318290.0,1881220.0,14537000.0,22452000.0,39894000.0,31492000.0,24856000.0,28396000.0,7042000.0,3989000.0
20190926,-2271190.0,14042000.0,11753680.0,18326980.0,18344110.0,15060840.0,18857400.0,8857950.0,7332580.0,30781000.0,25759000.0,40163000.0,40203000.0,33028000.0,41316000.0,19454000.0,16147000.0
20190927,775280.0,7120400.0,6659790.0,8369890.0,9605760.0,8878040.0,7893430.0,523500.0,732830.0,15675000.0,14672000.0,18437000.0,21142000.0,19547000.0,17383000.0,1152000.0,1615000.0
20190930,-360330.0,7193750.0,8327400.0,9048110.0,7554120.0,4859020.0,5267270.0,1637490.0,1589570.0,16031000.0,18551000.0,20156000.0,16824000.0,10816000.0,11733000.0,3638000.0,3533000.0
20191008,-2764590.0,8642850.0,7094520.0,9851530.0,8635270.0,10252170.0,10302790.0,1816690.0,4530660.0,19543000.0,16022000.0,22289000.0,19509000.0,23154000.0,23308000.0,4123000.0,10269000.0
20191009,-3076970.0,7318190.0,4711350.0,5780930.0,5310800.0,3394660.0,4543420.0,0.0,1928210.0,16570000.0,10665000.0,13090000.0,12018000.0,7687000.0,10286000.0,0.0,4377000.0
20191010,1245270.0,8347940.0,6264290.0,4404630.0,7733540.0,4454370.0,3667910.0,1131680.0,672870.0,18645000.0,13985000.0,9839000.0,17270000.0,9940000.0,8190000.0,2529000.0,1506000.0
20191011,-2042460.0,6746200.0,5891400.0,6591000.0,5403340.0,4890400.0,6630900.0,609360.0,911320.0,15137000.0,13218000.0,14791000.0,12123000.0,10969000.0,14884000.0,1369000.0,2042000.0
20191014,1373800.0,7942840.0,8055410.0,9600170.0,10861390.0,6655850.0,6625990.0,3079510.0,1735570.0,17663000.0,17923000.0,21364000.0,24149000.0,14813000.0,14748000.0,6852000.0,3871000.0
20191015,-3784210.0,9541810.0,6777990.0,7550490.0,6530090.0,5464080.0,7584890.0,815630.0,2479030.0,21722000.0,15414000.0,17190000.0,14862000.0,12439000.0,17282000.0,1856000.0,5650000.0
20191016,-2250120.0,6332200.0,4175320.0,7039470.0,6946230.0,4048700.0,5745020.0,2248320.0,2802120.0,14489000.0,9549000.0,16101000.0,15873000.0,9256000.0,13157000.0,5137000.0,6403000.0
20191017,-1304720.0,5265480.0,3496980.0,4880510.0,5344290.0,2655240.0,3837530.0,384710.0,507140.0,12078000.0,8023000.0,11203000.0,12252000.0,6092000.0,8814000.0,885000.0,1170000.0
20191018,-133400.0,10569100.0,8907730.0,7269250.0,8797220.0,6360460.0,5961520.0,950040.0,1482380.0,24406000.0,20564000.0,16801000.0,20316000.0,14690000.0,13782000.0,2191000.0,3426000.0
20191021,-1412730.0,5829620.0,5229910.0,5408280.0,4595240.0,4155780.0,5477640.0,648040.0,738910.0,13591000.0,12181000.0,12602000.0,10706000.0,9681000.0,12774000.0,1509000.0,1722000.0
20191022,1429010.0,4359080.0,5141660.0,4866910.0,5513340.0,6172040.0,4800110.0,2208760.0,2151680.0,10070000.0,11865000.0,11242000.0,12716000.0,14258000.0,11083000.0,5072000.0,4978000.0
20191023,-942750.0,4325840.0,4747320.0,5136860.0,3772620.0,2381210.0,2849930.0,684720.0,1158750.0,9935000.0,10900000.0,11800000.0,8664000.0,5467000.0,6546000.0,1569000.0,2661000.0
20191024,-1724680.0,5624420.0,4155130.0,6402350.0,6146970.0,4867930.0,3738880.0,1114330.0,3968060.0,13149000.0,9678000.0,14956000.0,14354000.0,11371000.0,8756000.0,2594000.0,9282000.0
20191025,731330.0,10477820.0,8939710.0,12016750.0,14286180.0,13113590.0,12254150.0,3629000.0,3757110.0,23624000.0,20151000.0,27113000.0,32248000.0,29607000.0,27659000.0,8246000.0,8531000.0
20191028,3662660.0,9520450.0,10398570.0,9967360.0,12751890.0,12326550.0,9767070.0,2756460.0,1653280.0,20984000.0,22921000.0,21976000.0,28093000.0,27155000.0,21524000.0,6057000.0,3633000.0
20191029,-973670.0,5365450.0,5073300.0,6124340.0,5442810.0,5182760.0,5558710.0,112630.0,710350.0,11913000.0,11258000.0,13593000.0,12078000.0,11510000.0,12351000.0,250000.0,1580000.0
20191030,-969680.0,5868750.0,5936680.0,6634100.0,5596500.0,4119220.0,5007820.0,802730.0,883810.0,13115000.0,13262000.0,14822000.0,12497000.0,9198000.0,11196000.0,1792000.0,1972000.0
20191031,841390.0,5568830.0,5915890.0,5907540.0,6401870.0,6194310.0,4845020.0,645780.0,1153680.0,12361000.0,13115000.0,13094000.0,14175000.0,13711000.0,10737000.0,1425000.0,2565000.0
20191101,-1442740.0,6872520.0,5405140.0,7041860.0,7066500.0,5328220.0,5043540.0,745660.0,2473080.0,15218000.0,11962000.0,15599000.0,15642000.0,11797000.0,11165000.0,1652000.0,5497000.0
20191104,172100.0,6028050.0,4640190.0,6430450.0,7990410.0,6417440.0,4858760.0,838460.0,2225040.0,13349000.0,10266000.0,14237000.0,17679000.0,14205000.0,10754000.0,1856000.0,4948000.0
20191105,-660590.0,5699870.0,5629060.0,5746120.0,5156330.0,5218970.0,5902260.0,887130.0,864430.0,12673000.0,12518000.0,12787000.0,11464000.0,11610000.0,13136000.0,1972000.0,1924000.0
20191106,-1031340.0,9929060.0,10233650.0,14583280.0,13247340.0,12676840.0,12839630.0,4001820.0,4870370.0,21545000.0,22200000.0,31644000.0,28732000.0,27503000.0,27849000.0,8655000.0,10567000.0
20191107,-3231750.0,8130860.0,6550970.0,8631710.0,6979860.0,5655440.0,6696840.0,282770.0,2473120.0,17989000.0,14472000.0,19093000.0,15434000.0,12499000.0,14810000.0,622000.0,5486000.0
20191108,-1588770.0,5367800.0,3986130.0,4905600.0,4698500.0,4006370.0,4023610.0,1380630.0,2952160.0,11932000.0,8855000.0,10909000.0,10435000.0,8896000.0,8942000.0,3067000.0,6572000.0
20191111,4220.0,5667750.0,4415770.0,4023760.0,5279970.0,5615150.0,5695230.0,936570.0,852270.0,12836000.0,9996000.0,9112000.0,11957000.0,12721000.0,12908000.0,2120000.0,1928000.0
20191112,-548760.0,4965280.0,5547960.0,6255130.0,5123680.0,4342770.0,4057910.0,371010.0,1204630.0,11474000.0,12811000.0,14451000.0,11835000.0,10035000.0,9381000.0,855000.0,2787000.0
20191113,-1027680.0,5059360.0,4012700.0,3028870.0,3047840.0,2078620.0,2662460.0,734390.0,1178230.0,11596000.0,9193000.0,6941000.0,6982000.0,4763000.0,6102000.0,1691000.0,2715000.0
20191114,-2778920.0,6248700.0,3212250.0,4110070.0,4367610.0,3435430.0,4945700.0,941470.0,2210120.0,14402000.0,7401000.0,9476000.0,10065000.0,7919000.0,11407000.0,2166000.0,5089000.0
20191115,-1108260.0,5440540.0,4535290.0,3424700.0,3221680.0,3294710.0,3536630.0,0.0,866340.0,12559000.0,10466000.0,7910000.0,7434000.0,7613000.0,8174000.0,0.0,2008000.0
20191118,-995090.0,4323970.0,3686650.0,3317060.0,2959290.0,2485970.0,1841040.0,648740.0,2288760.0,10011000.0,8536000.0,7684000.0,6851000.0,5756000.0,4266000.0,1502000.0,5300000.0
20191119,93130.0,4475390.0,5066440.0,5182530.0,4684600.0,3350260.0,3289380.0,1037080.0,1004830.0,10188000.0,11531000.0,11804000.0,10667000.0,7624000.0,7492000.0,2359000.0,2285000.0
20191120,-1779260.0,3925310.0,3167870.0,6617110.0,5595290.0,3293230.0,4045020.0,420120.0,1447590.0,8942000.0,7215000.0,15081000.0,12747000.0,7502000.0,9225000.0,955000.0,3293000.0
20191121,1971910.0,4243850.0,6594430.0,7568410.0,7189760.0,6863330.0,4770550.0,374830.0,495700.0,9548000.0,14838000.0,17015000.0,16174000.0,15449000.0,10734000.0,847000.0,1114000.0
20191122,-1078100.0,5183580.0,5720150.0,9412330.0,7797650.0,4569190.0,6556780.0,2569270.0,1659780.0,11585000.0,12769000.0,21016000.0,17402000.0,10191000.0,14644000.0,5717000.0,3695000.0
20191125,-1837590.0,4487460.0,3792350.0,4751450.0,3608960.0,2137050.0,3752600.0,389800.0,611840.0,10111000.0,8542000.0,10705000.0,8129000.0,4813000.0,8457000.0,881000.0,1382000.0
20191126,-433080.0,6055470.0,6179910.0,6069500.0,5511980.0,4486680.0,4223000.0,5835440.0,6532200.0,13600000.0,13871000.0,13613000.0,12359000.0,10016000.0,9451000.0,12968000.0,14516000.0
20191127,-180730.0,4190010.0,4291570.0,3900600.0,3618310.0,2439160.0,2313170.0,0.0,306720.0,9426000.0,9652000.0,8778000.0,8141000.0,5487000.0,5208000.0,0.0,690000.0
20191128,-2064590.0,5368920.0,2715350.0,3028760.0,3617740.0,1896440.0,3494140.0,0.0,466890.0,12160000.0,6146000.0,6855000.0,8184000.0,4291000.0,7919000.0,0.0,1058000.0
20191129,3147460.0,5053910.0,6502930.0,7725570.0,9424010.0,10005060.0,8346690.0,3498680.0,2009590.0,11257000.0,14458000.0,17192000.0,20951000.0,22236000.0,18555000.0,7742000.0,4463000.0
20191202,-1555610.0,4841160.0,5110820.0,6451920.0,4626650.0,4828030.0,5922510.0,590910.0,1052040.0,10749000.0,11343000.0,14321000.0,10266000.0,10722000.0,13153000.0,1313000.0,2343000.0
20191203,355470.0,5193260.0,6226300.0,9174740.0,8497170.0,7294230.0,6656540.0,1688310.0,1970530.0,11359000.0,13614000.0,20059000.0,18573000.0,15936000.0,14546000.0,3691000.0,4311000.0
20191204,-1295840.0,5736530.0,4112030.0,5702150.0,6030820.0,4115280.0,5209170.0,461750.0,663700.0,12432000.0,8908000.0,12356000.0,13065000.0,8916000.0,11289000.0,1000000.0,1442000.0
20191205,67310.0,4787240.0,6042500.0,9312590.0,8124660.0,7382280.0,6864260.0,1394560.0,1845270.0,10289000.0,12972000.0,19994000.0,17440000.0,15835000.0,14732000.0,2979000.0,3953000.0
20191206,-1952900.0,5046470.0,2921120.0,4375890.0,4548340.0,2384690.0,4134670.0,277140.0,480060.0,10845000.0,6274000.0,9401000.0,9769000.0,5122000.0,8889000.0,595000.0,1031000.0
20191209,-544220.0,5138800.0,4369650.0,4868650.0,5093580.0,3538940.0,4747930.0,1757440.0,1092670.0,11127000.0,9462000.0,10539000.0,11025000.0,7662000.0,10282000.0,3809000.0,2369000.0
20191210,-1655090.0,4316070.0,2742060.0,4523480.0,4442410.0,2837230.0,4516560.0,295500.0,271260.0,9318000.0,5920000.0,9769000.0,9589000.0,6123000.0,9754000.0,639000.0,586000.0
20191211,2040130.0,5708080.0,6324210.0,8122940.0,9546930.0,7433420.0,6911270.0,2628770.0,1110790.0,12107000.0,13419000.0,17237000.0,20252000.0,15772000.0,14663000.0,5576000.0,2358000.0
20191212,-1768010.0,7510710.0,5853990.0,6739050.0,6627760.0,7386470.0,7498950.0,1050600.0,2706130.0,16092000.0,12533000.0,14436000.0,14190000.0,15812000.0,16067000.0,2246000.0,5796000.0
20191213,2552520.0,5229770.0,5489120.0,6527040.0,8820220.0,5706260.0,7330410.0,5623820.0,1447150.0,11161000.0,11712000.0,13919000.0,18834000.0,12179000.0,15652000.0,12039000.0,3101000.0
20191216,499060.0,11245170.0,7133770.0,8270740.0,12881200.0,10973670.0,11159830.0,4388360.0,3703140.0,23369000.0,14828000.0,17228000.0,26793000.0,22843000.0,23232000.0,9134000.0,7721000.0
20191217,-1604850.0,9266500.0,6166520.0,6829110.0,8324240.0,8203290.0,9317240.0,1330340.0,1821240.0,19061000.0,12687000.0,14060000.0,17132000.0,16893000.0,19176000.0,2731000.0,3749000.0
20191218,-2207750.0,5054880.0,4488860.0,6228120.0,4586380.0,5146230.0,5772880.0,144060.0,1725160.0,10482000.0,9301000.0,12919000.0,9506000.0,10668000.0,11973000.0,300000.0,3588000.0
20191219,-627890.0,3913410.0,4606530.0,5211970.0,3890950.0,3754900.0,3985880.0,426630.0,823540.0,8158000.0,9601000.0,10863000.0,8109000.0,7822000.0,8305000.0,890000.0,1718000.0
20191220,-3011140.0,6085550.0,4216350.0,5309700.0,4167760.0,3130970.0,4850630.0,1231310.0,2522790.0,12787000.0,8856000.0,11158000.0,8756000.0,6577000.0,10190000.0,2592000.0,5313000.0
20191223,-383380.0,4361210.0,4611730.0,4759310.0,4125390.0,3673010.0,3711530.0,694440.0,1039300.0,9227000.0,9747000.0,10068000.0,8731000.0,7774000.0,7859000.0,1472000.0,2204000.0
20191224,3701310.0,4367860.0,7182160.0,4934980.0,5822000.0,7857250.0,5022540.0,1926940.0,1060340.0,9131000.0,15009000.0,10323000.0,12186000.0,16424000.0,10507000.0,4033000.0,2209000.0
20191225,2035050.0,3947230.0,4175200.0,5473700.0,7280780.0,6320220.0,4186960.0,2043180.0,2141390.0,8274000.0,8751000.0,11470000.0,15267000.0,13240000.0,8757000.0,4273000.0,4481000.0
20191226,319450.0,5129590.0,6544840.0,7609970.0,6514180.0,3933180.0,3887010.0,579970.0,306690.0,10776000.0,13736000.0,15975000.0,13697000.0,8264000.0,8148000.0,1213000.0,646000.0
20191227,272930.0,5261760.0,6651880.0,6041820.0,4924620.0,5537040.0,4628030.0,402640.0,1038720.0,11017000.0,13927000.0,12652000.0,10308000.0,11587000.0,9687000.0,842000.0,2176000.0
20191230,573330.0,7005890.0,4191760.0,7255150.0,10642620.0,8184830.0,6805000.0,3007530.0,3814030.0,14767000.0,8822000.0,15289000.0,22428000.0,17252000.0,14355000.0,6351000.0,8053000.0
20191231,-516570.0,5767160.0,5168010.0,5014720.0,5097300.0,4302540.0,3822490.0,480050.0,1476670.0,12136000.0,10863000.0,10551000.0,10722000.0,9033000.0,8042000.0,1004000.0,3097000.0
20200102,185600.0,5986760.0,6229870.0,8405020.0,8347520.0,8253590.0,7798180.0,2206780.0,2476590.0,12477000.0,12970000.0,17519000.0,17392000.0,17171000.0,16230000.0,4575000.0,5150000.0
20200103,3310110.0,10852810.0,11496270.0,10315660.0,12982320.0,12051040.0,12209200.0,4808210.0,1339940.0,22277000.0,23615000.0,21197000.0,26640000.0,24756000.0,25070000.0,9842000.0,2747000.0
20200106,-1427140.0,9977970.0,8699210.0,11229180.0,11080800.0,10276620.0,10783280.0,1372100.0,2292580.0,20358000.0,17747000.0,22891000.0,22585000.0,20948000.0,21982000.0,2789000.0,4673000.0
20200107,443770.0,5602530.0,6264260.0,7222950.0,7004980.0,7464450.0,7849930.0,3141000.0,2311750.0,11457000.0,12803000.0,14778000.0,14320000.0,15256000.0,16057000.0,6407000.0,4719000.0
20200108,-5274610.0,11488690.0,6755150.0,14317820.0,13776750.0,11768490.0,16423140.0,3974310.0,4594270.0,23605000.0,13818000.0,29468000.0,28265000.0,24182000.0,33817000.0,8152000.0,9508000.0
20200109,-873580.0,7754480.0,6657240.0,8711090.0,8934740.0,7894970.0,8281300.0,1979760.0,2467010.0,16319000.0,14001000.0,18334000.0,18795000.0,16613000.0,17426000.0,4150000.0,5195000.0
20200110,-1885030.0,12235150.0,8787340.0,13930990.0,15493770.0,9897710.0,9967400.0,1312970.0,3128310.0,26083000.0,18715000.0,29690000.0,33025000.0,21100000.0,21242000.0,2797000.0,6688000.0
20200113,-4011440.0,8019570.0,5901450.0,10105820.0,8212490.0,4353830.0,7270020.0,1006180.0,2101430.0,17105000.0,12582000.0,21554000.0,17513000.0,9282000.0,15504000.0,2148000.0,4491000.0
20200114,-5000820.0,8499490.0,5288000.0,8960580.0,7171250.0,3800580.0,6753740.0,924280.0,2971940.0,18137000.0,11274000.0,19113000.0,15307000.0,8113000.0,14411000.0,1964000.0,6335000.0
20200115,-2375040.0,6934740.0,4719830.0,6505170.0,6345030.0,5007310.0,5562510.0,3191250.0,5011090.0,14932000.0,10152000.0,14014000.0,13660000.0,10790000.0,11981000.0,6878000.0,10821000.0
20200116,1441120.0,5965780.0,5695950.0,6336210.0,8047150.0,5861820.0,4709260.0,769870.0,481310.0,12826000.0,12236000.0,13623000.0,17304000.0,12602000.0,10128000.0,1657000.0,1040000.0
20200117,2238740.0,5544110.0,7210890.0,6438010.0,7009960.0,5701040.0,4609110.0,2022230.0,875420.0,11980000.0,15578000.0,13911000.0,15125000.0,12296000.0,9948000.0,4349000.0,1886000.0
20200120,1518250.0,4604790.0,7822280.0,8399430.0,6700190.0,6306160.0,6104830.0,2209270.0,892350.0,9872000.0,16769000.0,18007000.0,14355000.0,13515000.0,13082000.0,4731000.0,1919000.0
20200121,-2937460.0,7057100.0,4953940.0,8384300.0,7550010.0,5837440.0,7775110.0,1169420.0,2169210.0,15380000.0,10778000.0,18261000.0,16454000.0,12714000.0,16947000.0,2550000.0,4727000.0
20200122,476460.0,7816090.0,6521840.0,7557190.0,9327910.0,5782060.0,5920280.0,1878890.0,1264210.0,17311000.0,14454000.0,16760000.0,20694000.0,12831000.0,13149000.0,4213000.0,2819000.0
20200123,-1250160.0,6768020.0,7166270.0,7263400.0,5614990.0,4702980.0,7054320.0,2586630.0,1485450.0,14995000.0,15839000.0,16106000.0,12418000.0,10421000.0,15648000.0,5666000.0,3284000.0
20200203,2193840.0,6616840.0,5639610.0,7652050.0,10823130.0,10035520.0,12837110.0,11159110.0,6163680.0,16528000.0,14074000.0,19106000.0,27016000.0,25044000.0,32055000.0,27871000.0,15404000.0
20200204,3737370.0,7415510.0,9129360.0,8500790.0,10524310.0,10752020.0,7674310.0,3508270.0,2848610.0,18030000.0,22164000.0,20681000.0,25571000.0,26105000.0,18664000.0,8539000.0,6956000.0
20200205,12650.0,8688680.0,10026260.0,9301340.0,7976420.0,6702970.0,6285950.0,1099500.0,1503870.0,20847000.0,24037000.0,22315000.0,19128000.0,16077000.0,15108000.0,2636000.0,3603000.0
20200206,3471500.0,7466630.0,8006070.0,8620880.0,11552940.0,8266260.0,5679890.0,1676590.0,791460.0,17920000.0,19203000.0,20694000.0,27720000.0,19821000.0,13629000.0,4015000.0,1899000.0
20200207,3551990.0,6405010.0,7130680.0,9119800.0,11946120.0,9092980.0,6533660.0,2426260.0,1433590.0,15329000.0,17005000.0,21787000.0,28538000.0,21677000.0,15598000.0,5749000.0,3401000.0
20200210,4316910.0,7044370.0,7817460.0,9115090.0,12658910.0,9671990.0,4867610.0,1774890.0,2262360.0,16627000.0,18437000.0,21510000.0,29861000.0,22808000.0,11482000.0,4175000.0,5341000.0
20200211,590580.0,6663580.0,6264430.0,9619730.0,10609450.0,7195580.0,7425710.0,1760620.0,939910.0,15667000.0,14710000.0,22636000.0,24967000.0,16910000.0,17474000.0,4156000.0,2217000.0
20200212,160430.0,5780870.0,4484130.0,7893820.0,9350990.0,6590820.0,6685110.0,1783940.0,1529220.0,13668000.0,10586000.0,18649000.0,22087000.0,15570000.0,15801000.0,4206000.0,3619000.0
20200213,-912740.0,7304770.0,4939010.0,8076590.0,9529610.0,6660750.0,6461750.0,312920.0,1424660.0,17362000.0,11713000.0,19187000.0,22649000.0,15799000.0,15353000.0,747000.0,3381000.0
20200214,-904720.0,5361820.0,3048770.0,5176640.0,6584960.0,2770120.0,3040120.0,349990.0,984710.0,12799000.0,7277000.0,12363000.0,15719000.0,6612000.0,7261000.0,836000.0,2353000.0
20200217,1795850.0,14223850.0,13957160.0,20466850.0,22529390.0,16386600.0,18992710.0,6226580.0,1824620.0,32494000.0,31749000.0,46719000.0,51296000.0,37347000.0,43370000.0,14034000.0,4180000.0
20200218,4819610.0,11993150.0,13181090.0,18399400.0,22031060.0,19884650.0,18615730.0,7105480.0,3554790.0,27063000.0,29687000.0,41484000.0,49619000.0,44752000.0,41969000.0,15981000.0,8005000.0
20200219,4391620.0,10240380.0,11242480.0,14248620.0,17638130.0,13968200.0,16006260.0,12395890.0,5966210.0,22882000.0,25084000.0,31827000.0,39321000.0,31178000.0,35755000.0,27603000.0,13331000.0
20200220,2078420.0,9937140.0,10558950.0,15837560.0,17294190.0,12937960.0,10207070.0,1490080.0,2142550.0,22441000.0,23826000.0,35741000.0,39027000.0,29187000.0,23043000.0,3372000.0,4846000.0
20200221,418430.0,8226240.0,9325850.0,15456900.0,14775720.0,17551440.0,17089530.0,6762930.0,6806410.0,18523000.0,20973000.0,34774000.0,33219000.0,39467000.0,38435000.0,15198000.0,15335000.0
20200224,-558560.0,10345220.0,9905670.0,14934730.0,14815720.0,15622900.0,15177440.0,2076060.0,3080080.0,23438000.0,22425000.0,33837000.0,33544000.0,35379000.0,34400000.0,4708000.0,6993000.0
20200225,-3198460.0,12778150.0,9774870.0,16708310.0,16513120.0,14115390.0,14632820.0,3983880.0,6664910.0,29779000.0,22763000.0,38947000.0,38488000.0,32894000.0,34134000.0,9315000.0,15551000.0
20200226,4511830.0,9772200.0,11383070.0,14932750.0,17833710.0,17118680.0,17696050.0,9506830.0,4417630.0,22298000.0,25890000.0,34070000.0,40579000.0,38840000.0,40121000.0,21501000.0,10119000.0
20200227,-1151360.0,12141740.0,9572460.0,11076430.0,12494360.0,11285610.0,11918900.0,1327100.0,1845170.0,27898000.0,21986000.0,25438000.0,28681000.0,25895000.0,27370000.0,3035000.0,4229000.0
20200228,-5400110.0,14744590.0,11423250.0,21753800.0,19675020.0,16684090.0,17231890.0,2692400.0,7544710.0,35775000.0,27650000.0,52830000.0,47893000.0,40559000.0,41811000.0,6530000.0,18340000.0
20200302,3783180.0,7010080.0,8504850.0,9523810.0,11812220.0,12162780.0,8847010.0,3977670.0,3510260.0,17000000.0,20607000.0,23098000.0,28579000.0,29441000.0,21412000.0,9573000.0,8515000.0
20200303,1311970.0,11997730.0,11266730.0,16618160.0,18661140.0,15410900.0,17058220.0,6323690.0,3364400.0,27911000.0,26194000.0,38658000.0,43413000.0,35847000.0,39670000.0,14678000.0,7817000.0
20200304,696180.0,7179240.0,7316550.0,9503730.0,10062600.0,9723050.0,6967510.0,2877950.0,4937310.0,16700000.0,16983000.0,22086000.0,23355000.0,22552000.0,16179000.0,6664000.0,11485000.0
20200305,-1727800.0,6855780.0,6096100.0,10088750.0,9120630.0,10044450.0,8463740.0,3120000.0,6428510.0,15838000.0,14069000.0,23306000.0,21043000.0,23192000.0,19546000.0,7210000.0,14888000.0
20200306,2983550.0,7717730.0,6289120.0,9652460.0,14064620.0,10550270.0,8374880.0,2291440.0,1483280.0,17796000.0,14485000.0,22243000.0,32406000.0,24274000.0,19280000.0,5279000.0,3421000.0
20200309,-5552070.0,8400060.0,7026340.0,15009180.0,10830840.0,7361120.0,10661400.0,790940.0,3042730.0,19752000.0,16471000.0,35255000.0,25440000.0,17276000.0,25054000.0,1864000.0,7182000.0
20200310,1406040.0,8443820.0,7085900.0,8628630.0,11392600.0,6456690.0,8210810.0,4485030.0,1324870.0,19833000.0,16571000.0,20224000.0,26647000.0,15050000.0,19191000.0,10411000.0,3108000.0
20200311,2519300.0,17619730.0,14155400.0,21955010.0,27938640.0,21742880.0,19708620.0,7984970.0,7499930.0,39263000.0,31511000.0,48927000.0,62242000.0,48411000.0,43859000.0,17736000.0,16724000.0
20200312,-2982740.0,8954900.0,9592300.0,12911340.0,9291200.0,11824470.0,13606520.0,2284810.0,3485500.0,20682000.0,22124000.0,29775000.0,21425000.0,27307000.0,31433000.0,5281000.0,8063000.0
20200313,-1688060.0,11106410.0,8631200.0,10890670.0,11677820.0,12104810.0,14984100.0,3064640.0,1873410.0,26346000.0,20520000.0,25985000.0,27780000.0,28786000.0,35547000.0,7211000.0,4482000.0
20200316,-2381520.0,7904180.0,8063210.0,12170880.0,9630340.0,10269390.0,10550780.0,3559670.0,5659800.0,18753000.0,19036000.0,28717000.0,22752000.0,24234000.0,24920000.0,8362000.0,13358000.0
20200317,-2410370.0,7507560.0,6549930.0,7373470.0,5920730.0,6405030.0,7168410.0,914890.0,2561880.0,18347000.0,15979000.0,18018000.0,14450000.0,15640000.0,17536000.0,2242000.0,6282000.0
20200318,973190.0,5583340.0,7236630.0,8249680.0,7569580.0,6754680.0,6396180.0,3501740.0,2887050.0,13681000.0,17691000.0,20176000.0,18515000.0,16506000.0,15630000.0,8565000.0,7091000.0
20200319,3110530.0,5901400.0,7396740.0,7078770.0,8693960.0,9883620.0,5418460.0,1628620.0,2983250.0,14671000.0,18357000.0,17576000.0,21578000.0,24547000.0,13463000.0,4037000.0,7434000.0
20200320,-1613570.0,7360080.0,5626430.0,7838000.0,7958070.0,5077450.0,5476200.0,528180.0,1743000.0,17878000.0,13668000.0,19028000.0,19310000.0,12328000.0,13282000.0,1268000.0,4242000.0
20200323,-1663970.0,5275650.0,4079910.0,5287870.0,4819650.0,4072830.0,4530190.0,1099540.0,2306150.0,13048000.0,10079000.0,13072000.0,11920000.0,10068000.0,11197000.0,2716000.0,5708000.0
20200324,888480.0,3887160.0,4506040.0,5195480.0,5465090.0,5161840.0,4346780.0,310560.0,237140.0,9521000.0,11030000.0,12720000.0,13379000.0,12622000.0,10634000.0,760000.0,580000.0
20200325,150580.0,4179370.0,4331810.0,5169150.0,5167300.0,4698720.0,4418740.0,225650.0,355050.0,10070000.0,10432000.0,12441000.0,12438000.0,11310000.0,10641000.0,542000.0,853000.0
20200326,-1150730.0,3450050.0,2188590.0,4283900.0,4394620.0,2056820.0,3037110.0,101510.0,271950.0,8376000.0,5305000.0,10395000.0,10660000.0,4984000.0,7377000.0,248000.0,661000.0
20200327,272760.0,2971670.0,2454280.0,3769290.0,4559440.0,3202750.0,4234390.0,1428300.0,123900.0,7192000.0,5934000.0,9121000.0,11023000.0,7740000.0,10243000.0,3448000.0,300000.0
20200330,3745170.0,5751480.0,7502880.0,10695010.0,12688790.0,12101410.0,10641290.0,5667310.0,3382260.0,13738000.0,17826000.0,25425000.0,30203000.0,28694000.0,25185000.0,13317000.0,7960000.0
20200331,-5851550.0,13997900.0,7118340.0,14443620.0,15471620.0,11929820.0,13402080.0,2963150.0,7342440.0,33943000.0,17220000.0,34959000.0,37496000.0,28859000.0,32439000.0,7189000.0,17796000.0
20200401,-1959190.0,3946120.0,3469040.0,7807710.0,6325600.0,3930740.0,4808480.0,725900.0,1807350.0,9622000.0,8450000.0,19049000.0,15429000.0,9577000.0,11728000.0,1776000.0,4417000.0
20200402,-1370040.0,4716610.0,4013450.0,5324330.0,4657450.0,2595830.0,4410420.0,978860.0,534310.0,11501000.0,9779000.0,12975000.0,11343000.0,6314000.0,10747000.0,2378000.0,1300000.0
20200403,121090.0,4696500.0,4075370.0,4692300.0,5434520.0,2987510.0,4180880.0,1575190.0,260730.0,11337000.0,9838000.0,11334000.0,13122000.0,7218000.0,10095000.0,3797000.0,631000.0
20200407,2846510.0,7993210.0,8256840.0,9202490.0,11785360.0,11946290.0,10793880.0,4867700.0,3173600.0,18688000.0,19309000.0,21538000.0,27567000.0,27938000.0,25240000.0,11368000.0,7415000.0
20200408,-556800.0,6193770.0,6583700.0,9063760.0,8117020.0,8705090.0,8874520.0,2166810.0,2554180.0,14348000.0,15237000.0,20988000.0,18787000.0,20111000.0,20522000.0,5001000.0,5903000.0
20200409,2705100.0,4157080.0,5144970.0,6635920.0,8353130.0,9744100.0,8958030.0,3795930.0,1876900.0,9552000.0,11812000.0,15246000.0,19167000.0,22358000.0,20570000.0,8705000.0,4312000.0
20200410,-2495660.0,7353530.0,4460140.0,8201460.0,8599180.0,7579980.0,9096990.0,1407760.0,2386410.0,16839000.0,10206000.0,18766000.0,19685000.0,17342000.0,20817000.0,3218000.0,5458000.0
20200413,-494400.0,3530120.0,3821250.0,5810590.0,5025070.0,7578020.0,8085280.0,968650.0,955790.0,8184000.0,8828000.0,13460000.0,11637000.0,17527000.0,18741000.0,2249000.0,2214000.0
20200414,-1261590.0,5212430.0,4541560.0,7092360.0,6501640.0,4235910.0,5555340.0,1096870.0,1039030.0,11942000.0,10397000.0,16233000.0,14884000.0,9689000.0,12710000.0,2507000.0,2380000.0
20200415,1281740.0,5741280.0,7261770.0,9524300.0,9285550.0,8127590.0,7745200.0,1910820.0,1011470.0,13038000.0,16462000.0,21610000.0,21064000.0,18412000.0,17558000.0,4328000.0,2304000.0
20200416,2484240.0,6772810.0,7196080.0,10447340.0,12508320.0,10725080.0,9346490.0,3356230.0,2250580.0,15203000.0,16126000.0,23426000.0,28019000.0,23986000.0,20934000.0,7487000.0,5024000.0
20200417,-2691930.0,7390270.0,5994980.0,9055150.0,7758500.0,3872010.0,6259820.0,957050.0,1261170.0,16629000.0,13483000.0,20364000.0,17445000.0,8701000.0,14078000.0,2147000.0,2834000.0
20200420,-1097770.0,5199030.0,5579070.0,6548760.0,5070960.0,3722980.0,4758760.0,405140.0,467130.0,11809000.0,12664000.0,14871000.0,11510000.0,8450000.0,10812000.0,917000.0,1061000.0
20200421,-1123320.0,5666100.0,4503420.0,7118940.0,7158300.0,5581180.0,6775840.0,2262520.0,2191180.0,12842000.0,10187000.0,16122000.0,16201000.0,12637000.0,15364000.0,5124000.0,4972000.0
20200422,-3622090.0,5789940.0,3201090.0,5423350.0,4390120.0,3386660.0,5182400.0,0.0,1826350.0,13267000.0,7329000.0,12429000.0,10057000.0,7765000.0,11884000.0,0.0,4191000.0
20200423,588700.0,4514790.0,5145290.0,6829840.0,6788030.0,6466410.0,5508580.0,418550.0,787680.0,10255000.0,11669000.0,15505000.0,15405000.0,14665000.0,12499000.0,946000.0,1799000.0
20200424,-2632680.0,5010860.0,3728350.0,6888710.0,5538540.0,3931680.0,6340620.0,977580.0,1201320.0,11542000.0,8577000.0,15851000.0,12736000.0,9046000.0,14608000.0,2249000.0,2768000.0
20200427,-86320.0,3929120.0,3872530.0,5147200.0,5117470.0,4867450.0,4785660.0,833370.0,1001480.0,9056000.0,8925000.0,11871000.0,11793000.0,11217000.0,11035000.0,1922000.0,2313000.0
20200428,1522170.0,5836550.0,6247240.0,5970000.0,7081480.0,7184660.0,4936670.0,770150.0,1495970.0,13578000.0,14484000.0,13904000.0,16433000.0,16640000.0,11503000.0,1796000.0,3498000.0
20200429,4859830.0,6744930.0,8549810.0,9337650.0,12392610.0,10311460.0,7541780.0,3992630.0,1902480.0,15273000.0,19281000.0,21091000.0,27960000.0,23165000.0,16960000.0,8934000.0,4263000.0
20200430,-7324510.0,8643130.0,6253670.0,15409490.0,10474450.0,11011430.0,13530930.0,2926420.0,7731430.0,19544000.0,14135000.0,34829000.0,23676000.0,24874000.0,30588000.0,6612000.0,17460000.0
20200506,1116590.0,5209200.0,7199800.0,8223630.0,7349630.0,6546720.0,5760460.0,1993880.0,1663550.0,11834000.0,16352000.0,18670000.0,16677000.0,14854000.0,13069000.0,4507000.0,3767000.0
20200507,-2154680.0,4647090.0,4577000.0,7311550.0,5226960.0,7043270.0,9022230.0,5326280.0,5502000.0,10582000.0,10420000.0,16646000.0,11898000.0,16039000.0,20549000.0,12136000.0,12536000.0
20200508,252080.0,4179170.0,4368440.0,5700900.0,5763710.0,7349500.0,5515880.0,1598680.0,3180220.0,9505000.0,9929000.0,12965000.0,13095000.0,16701000.0,12541000.0,3640000.0,7246000.0
20200511,-404000.0,5450200.0,7076210.0,9489280.0,7459270.0,9057850.0,8200510.0,3366430.0,4627770.0,12320000.0,15995000.0,21450000.0,16847000.0,20433000.0,18525000.0,7621000.0,10457000.0
20200512,-2763940.0,11645500.0,8157770.0,8742640.0,9466420.0,6805160.0,8934650.0,2412790.0,3047240.0,26131000.0,18333000.0,19666000.0,21253000.0,15310000.0,20098000.0,5407000.0,6830000.0
20200513,-1856110.0,5963590.0,8261220.0,15637830.0,11484090.0,10425920.0,9615730.0,4577330.0,7243630.0,13145000.0,18199000.0,34450000.0,25306000.0,22973000.0,21184000.0,10074000.0,15952000.0
20200514,-130360.0,6868520.0,7278200.0,8462540.0,7922500.0,6649700.0,6722180.0,949000.0,1006880.0,15259000.0,16167000.0,18796000.0,17587000.0,14763000.0,14925000.0,2103000.0,2242000.0
20200515,-2205750.0,6404130.0,4203980.0,7268650.0,7263050.0,5073630.0,6126960.0,657220.0,1809640.0,14342000.0,9405000.0,16279000.0,16259000.0,11364000.0,13729000.0,1466000.0,4057000.0
20200518,1546930.0,6703270.0,9068190.0,10609410.0,9791410.0,10241230.0,8670450.0,1873330.0,1897180.0,14856000.0,20079000.0,23503000.0,21684000.0,22676000.0,19219000.0,4159000.0,4212000.0
20200519,-3716870.0,9465960.0,6357590.0,8438250.0,7829750.0,4472950.0,7211760.0,560630.0,1538690.0,21091000.0,14175000.0,18812000.0,17442000.0,9980000.0,16071000.0,1246000.0,3441000.0
20200520,-3264330.0,9895220.0,8647110.0,11659220.0,9643000.0,10229280.0,9946400.0,1880500.0,5427710.0,22579000.0,19729000.0,26572000.0,21995000.0,23375000.0,22688000.0,4306000.0,12420000.0
20200521,2858020.0,3251640.0,4361410.0,4325320.0,6073570.0,8994040.0,4658450.0,243190.0,1720760.0,7545000.0,10111000.0,10036000.0,14091000.0,20860000.0,10807000.0,564000.0,3996000.0
20200522,39020.0,6060400.0,4034440.0,5758760.0,7823740.0,5730350.0,4762200.0,535800.0,1464930.0,14276000.0,9488000.0,13578000.0,18475000.0,13563000.0,11251000.0,1274000.0,3478000.0
20200525,-348090.0,4396570.0,5179290.0,5253950.0,4123140.0,3201570.0,3918070.0,793920.0,425510.0,10538000.0,12407000.0,12590000.0,9879000.0,7670000.0,9393000.0,1899000.0,1018000.0
20200526,-865960.0,4087370.0,4881980.0,6101980.0,4441420.0,4566110.0,5919840.0,1278420.0,790650.0,9828000.0,11725000.0,14670000.0,10664000.0,10975000.0,14253000.0,3075000.0,1906000.0
20200527,-1377740.0,4054640.0,3270500.0,5083610.0,4490000.0,4214510.0,4973590.0,647520.0,1266180.0,9801000.0,7895000.0,12280000.0,10839000.0,10155000.0,11999000.0,1556000.0,3059000.0
20200528,439040.0,3582420.0,4400950.0,4777110.0,4397620.0,3142970.0,2551330.0,122730.0,275330.0,8728000.0,10721000.0,11633000.0,10710000.0,7647000.0,6209000.0,300000.0,668000.0
20200529,506670.0,3346380.0,4557030.0,5835780.0,5131810.0,3592590.0,3121230.0,992130.0,956820.0,8068000.0,10977000.0,14071000.0,12371000.0,8651000.0,7528000.0,2388000.0,2302000.0
20200601,1804320.0,4954010.0,6275470.0,6518420.0,7001280.0,6257760.0,4318360.0,1365510.0,1500590.0,11821000.0,14954000.0,15552000.0,16686000.0,14920000.0,10303000.0,3240000.0,3590000.0
20200602,363540.0,3357360.0,6271940.0,7231570.0,4680540.0,5106860.0,4575560.0,668270.0,836030.0,7998000.0,14930000.0,17222000.0,11139000.0,12152000.0,10896000.0,1587000.0,1994000.0
20200603,-2424680.0,5624920.0,6883620.0,8944940.0,5261560.0,7613890.0,5420480.0,402650.0,5020740.0,13483000.0,16489000.0,21435000.0,12602000.0,18254000.0,12984000.0,967000.0,12064000.0
20200604,-1326360.0,4472040.0,3971390.0,5498370.0,4672650.0,5010710.0,3557290.0,1393000.0,4172780.0,10839000.0,9622000.0,13327000.0,11322000.0,12155000.0,8628000.0,3383000.0,10133000.0
20200605,660310.0,2759280.0,2653070.0,3421140.0,4187660.0,3114680.0,2506840.0,996940.0,944470.0,6697000.0,6435000.0,8301000.0,10162000.0,7555000.0,6081000.0,2421000.0,2297000.0
20200608,-855420.0,4064250.0,5171560.0,5781710.0,3818980.0,3769690.0,3704210.0,1359590.0,2280490.0,9857000.0,12543000.0,14019000.0,9257000.0,9144000.0,8985000.0,3300000.0,5536000.0
20200609,-427040.0,2494120.0,2649210.0,3475960.0,2893830.0,2110920.0,2428490.0,912710.0,1022180.0,6049000.0,6424000.0,8429000.0,7017000.0,5118000.0,5888000.0,2214000.0,2480000.0
20200610,-1077080.0,4365850.0,3649810.0,6718890.0,6357860.0,5623860.0,3959690.0,528890.0,3270140.0,10636000.0,8879000.0,16361000.0,15481000.0,13695000.0,9645000.0,1289000.0,7976000.0
20200611,-406990.0,5139410.0,5357240.0,7405070.0,6780250.0,5459940.0,4372540.0,975610.0,2470000.0,12574000.0,13104000.0,18121000.0,16580000.0,13354000.0,10703000.0,2386000.0,6047000.0
20200612,-732270.0,6263850.0,7166690.0,8505530.0,6870430.0,7125150.0,6510430.0,2103340.0,3450330.0,15518000.0,17749000.0,21068000.0,17011000.0,17644000.0,16127000.0,5207000.0,8549000.0
20200615,1584900.0,4461730.0,7092370.0,6845530.0,5799790.0,4953640.0,4674080.0,1898360.0,593020.0,11055000.0,17566000.0,16959000.0,14371000.0,12273000.0,11584000.0,4706000.0,1471000.0
20200616,431700.0,4522910.0,6320850.0,9213160.0,7846920.0,8547910.0,5912630.0,2453630.0,4657210.0,11185000.0,15615000.0,22770000.0,19382000.0,21107000.0,14603000.0,6057000.0,11518000.0
20200617,-1389070.0,6691740.0,6548500.0,13294630.0,12048810.0,12879300.0,13235390.0,2899330.0,3932310.0,16149000.0,15798000.0,32088000.0,29069000.0,31082000.0,31941000.0,6999000.0,9509000.0
20200618,-3289720.0,5632850.0,3703690.0,8058560.0,6698010.0,7184570.0,8864500.0,1631980.0,3241770.0,13814000.0,9078000.0,19762000.0,16420000.0,17612000.0,21734000.0,3999000.0,7954000.0
20200619,-1230470.0,5162000.0,3604190.0,5646880.0,5974230.0,3700710.0,4756560.0,1360600.0,1535220.0,12666000.0,8841000.0,13856000.0,14656000.0,9079000.0,11671000.0,3333000.0,3766000.0
20200622,946790.0,3466000.0,4833240.0,6181320.0,5760870.0,6953450.0,5899390.0,1447800.0,1555070.0,8457000.0,11787000.0,15075000.0,14046000.0,16957000.0,14389000.0,3526000.0,3793000.0
20200623,375140.0,2968160.0,3961320.0,5086880.0,4468840.0,5111000.0,4603800.0,955410.0,1087470.0,7232000.0,9649000.0,12391000.0,10886000.0,12445000.0,11212000.0,2330000.0,2652000.0
20200624,-4436220.0,4126300.0,2453480.0,7063690.0,4300280.0,7053690.0,7066260.0,1908840.0,6332490.0,10107000.0,6006000.0,17302000.0,10529000.0,17275000.0,17295000.0,4678000.0,15532000.0
20200629,1010690.0,2837970.0,3823920.0,5319920.0,5344650.0,5634940.0,5462410.0,1988160.0,1150000.0,6956000.0,9362000.0,13030000.0,13084000.0,13797000.0,13374000.0,4856000.0,2819000.0
20200630,-209340.0,2917510.0,3050990.0,6030390.0,5687560.0,5808890.0,5408310.0,1384220.0,1994140.0,7136000.0,7457000.0,14746000.0,13899000.0,14194000.0,13221000.0,3382000.0,4882000.0
20200701,128180.0,4038590.0,4382640.0,7231400.0,7015530.0,8342890.0,9159120.0,2139680.0,1195270.0,9832000.0,10658000.0,17601000.0,17053000.0,20298000.0,22297000.0,5191000.0,2915000.0
20200702,3303780.0,5663770.0,8100210.0,9694230.0,10561560.0,10570390.0,8082250.0,4303250.0,3487610.0,13617000.0,19476000.0,23302000.0,25381000.0,25410000.0,19432000.0,10345000.0,8385000.0
20200703,-635200.0,8424730.0,7249350.0,10372160.0,10912340.0,9689060.0,11358460.0,3103270.0,2069070.0,20112000.0,17288000.0,24741000.0,26025000.0,23088000.0,27089000.0,7391000.0,4931000.0
20200706,8336620.0,10394070.0,12814960.0,17087830.0,23003550.0,24930230.0,24482720.0,20754660.0,12865550.0,23784000.0,29290000.0,39154000.0,52576000.0,56999000.0,55915000.0,47364000.0,29521000.0
20200707,1020670.0,12313640.0,12016160.0,23970940.0,25289080.0,31998680.0,28525050.0,10128140.0,12581100.0,27548000.0,26782000.0,53571000.0,56388000.0,71321000.0,63626000.0,22551000.0,28195000.0
20200708,18657400.0,11742810.0,17031300.0,23729490.0,37098400.0,37826890.0,42484540.0,53948600.0,30633550.0,25165000.0,36160000.0,50809000.0,78762000.0,80911000.0,90084000.0,112881000.0,64759000.0
20200709,5814210.0,14860640.0,15364140.0,31615910.0,36926610.0,48066360.0,58725800.0,107787160.0,91313510.0,27759000.0,28694000.0,59071000.0,68976000.0,89827000.0,109776000.0,200988000.0,170199000.0
20200710,-22196800.0,34188650.0,24257730.0,59623400.0,47357530.0,55421050.0,66744680.0,58212410.0,69085580.0,63105000.0,44534000.0,110000000.0,86975000.0,101810000.0,122514000.0,105689000.0,126581000.0
20200713,-9358090.0,26214120.0,22070820.0,42541160.0,37326380.0,46696730.0,46303180.0,37613390.0,47365030.0,51578000.0,43284000.0,83690000.0,73322000.0,91888000.0,91222000.0,74043000.0,93370000.0
20200714,-709620.0,19487280.0,24363070.0,40263070.0,34677650.0,40910630.0,41636970.0,35025190.0,35008470.0,37664000.0,46973000.0,77656000.0,66943000.0,78711000.0,80138000.0,67558000.0,67534000.0
20200715,-3524130.0,14438490.0,11775940.0,23181490.0,22319910.0,26973100.0,31622700.0,16204410.0,15078940.0,28554000.0,23167000.0,45723000.0,43925000.0,53204000.0,62512000.0,31982000.0,29859000.0
20200716,-2543170.0,13235470.0,12086220.0,20781750.0,19387820.0,21662310.0,19516070.0,7412450.0,12101860.0,26728000.0,24352000.0,41970000.0,39172000.0,43700000.0,39480000.0,15011000.0,24403000.0
20200717,4432090.0,9239460.0,14666860.0,18074230.0,17078930.0,22161250.0,16923100.0,7979790.0,8785850.0,18886000.0,29947000.0,36903000.0,34842000.0,45147000.0,34454000.0,16225000.0,17917000.0
20200720,2286660.0,16137850.0,15558670.0,27753640.0,30619480.0,32237980.0,31497040.0,22585250.0,21039530.0,31119000.0,30005000.0,53578000.0,59080000.0,62107000.0,60723000.0,43658000.0,40655000.0
20200721,-12435310.0,20280070.0,13493360.0,31754450.0,26105840.0,27993350.0,29827440.0,15582400.0,26183620.0,39795000.0,26426000.0,62333000.0,51110000.0,54881000.0,58494000.0,30708000.0,51685000.0
20200722,10900270.0,18552600.0,21700160.0,28033540.0,35786260.0,32510670.0,37138230.0,39471720.0,23943890.0,35445000.0,41315000.0,53512000.0,68195000.0,61944000.0,70754000.0,75130000.0,45767000.0
20200723,5435060.0,22743960.0,25507510.0,39701390.0,42372900.0,39114300.0,43814680.0,42129830.0,31994390.0,42009000.0,46981000.0,73229000.0,78150000.0,72076000.0,80762000.0,77545000.0,58966000.0
20200724,523270.0,19582270.0,19352230.0,33506660.0,34259970.0,41709770.0,46527200.0,29699990.0,24359290.0,35527000.0,34970000.0,60679000.0,62041000.0,75586000.0,84281000.0,53908000.0,44408000.0
20200727,-76700.0,10483060.0,10426580.0,21867380.0,21847150.0,21981380.0,22196590.0,9579430.0,9440920.0,19859000.0,19662000.0,41356000.0,41282000.0,41510000.0,41956000.0,18163000.0,17989000.0
20200728,-424590.0,10706000.0,9804190.0,18305700.0,18782910.0,18407430.0,18526240.0,8191920.0,8497700.0,20231000.0,18519000.0,34626000.0,35491000.0,34684000.0,34883000.0,15375000.0,16023000.0
20200729,-6237020.0,13203820.0,8289460.0,18464620.0,17141950.0,18652120.0,22562310.0,10395620.0,12722450.0,25006000.0,15675000.0,34996000.0,32458000.0,35342000.0,42764000.0,19686000.0,24133000.0
20200730,-8301240.0,13503850.0,7198160.0,22962640.0,20967090.0,24710310.0,22698610.0,10376580.0,20689520.0,25888000.0,13782000.0,43945000.0,40203000.0,47186000.0,43426000.0,19880000.0,39488000.0
20200731,-3871720.0,9933070.0,7204280.0,14350680.0,13207750.0,13445140.0,13871000.0,8882960.0,12328820.0,19408000.0,14069000.0,28027000.0,25790000.0,26274000.0,27098000.0,17362000.0,24113000.0
20200803,-8411950.0,15526350.0,18222810.0,40009890.0,28901480.0,45507080.0,35430100.0,18990450.0,37479380.0,28861000.0,33723000.0,74350000.0,53586000.0,84731000.0,65992000.0,35374000.0,70014000.0
20200804,-6100850.0,15853670.0,10132010.0,26166170.0,25787000.0,20653210.0,23246350.0,11590690.0,15098400.0,30023000.0,19167000.0,49529000.0,48819000.0,39079000.0,43961000.0,21900000.0,28584000.0
20200805,7207780.0,15488950.0,20104660.0,30669820.0,33261890.0,29055290.0,27039570.0,14600540.0,9408480.0,28445000.0,36894000.0,56364000.0,61015000.0,53116000.0,49448000.0,26667000.0,17235000.0
20200806,12003440.0,14980500.0,20791480.0,31766800.0,37959260.0,31057730.0,32361780.0,39858030.0,26550540.0,25959000.0,35752000.0,55002000.0,65339000.0,53600000.0,55706000.0,67431000.0,45194000.0
20200807,11981630.0,26443200.0,31669600.0,50602640.0,57357870.0,55259650.0,65736560.0,80721620.0,58263080.0,41247000.0,49184000.0,78794000.0,89028000.0,85891000.0,102019000.0,122975000.0,88676000.0
20200810,241210.0,31038370.0,27354360.0,51107880.0,55033110.0,67955470.0,71317440.0,72431390.0,68828210.0,46603000.0,40796000.0,76274000.0,82002000.0,101195000.0,106097000.0,106836000.0,102014000.0
20200811,3310530.0,25909440.0,28216000.0,36206910.0,37210870.0,37993400.0,39864110.0,28222240.0,23041000.0,39790000.0,43203000.0,55498000.0,56924000.0,58124000.0,61007000.0,42949000.0,35228000.0
20200812,-23072150.0,34417910.0,17167860.0,36211650.0,30389540.0,35978810.0,43998960.0,16654460.0,31706460.0,57157000.0,28304000.0,60066000.0,50181000.0,59677000.0,73099000.0,27617000.0,52933000.0
20200813,-1370540.0,20008920.0,19311940.0,23540300.0,22866730.0,20594650.0,21347740.0,10553010.0,11170460.0,33338000.0,32168000.0,39194000.0,38058000.0,34274000.0,35530000.0,17543000.0,18593000.0
20200814,1938600.0,23885720.0,27318460.0,33185490.0,31691360.0,32450700.0,28518650.0,13939160.0,15932610.0,37942000.0,43396000.0,52747000.0,50343000.0,51591000.0,45308000.0,22086000.0,25319000.0
20200817,-1425490.0,22726470.0,24379680.0,31153900.0,28075200.0,24808060.0,25472710.0,9520090.0,10280930.0,35312000.0,37821000.0,48389000.0,43605000.0,38517000.0,39563000.0,14720000.0,15950000.0
20200818,-6498060.0,19930190.0,18465430.0,26065900.0,21032600.0,16746730.0,19445260.0,7601160.0,11400690.0,30713000.0,28372000.0,40111000.0,32370000.0,25763000.0,29928000.0,11683000.0,17599000.0
20200819,-7320360.0,18756070.0,12267850.0,20843750.0,20011600.0,13642490.0,16988770.0,5322640.0,9296720.0,30039000.0,19601000.0,33405000.0,32062000.0,21863000.0,27248000.0,8508000.0,14903000.0
20200820,-5587800.0,14346350.0,13255530.0,17565030.0,13068050.0,11970790.0,12317260.0,4419420.0,9660750.0,23665000.0,21841000.0,29034000.0,21556000.0,19815000.0,20375000.0,7320000.0,16060000.0
20200821,-2806290.0,12554600.0,12228870.0,16659490.0,14178930.0,11785800.0,14135810.0,4743080.0,5199360.0,20836000.0,20269000.0,27676000.0,23514000.0,19551000.0,23467000.0,7803000.0,8616000.0
20200824,5360360.0,17444990.0,22851100.0,23800550.0,23754800.0,17404910.0,20051620.0,15515520.0,7508450.0,28287000.0,37059000.0,38560000.0,38456000.0,28180000.0,32380000.0,24963000.0,12094000.0
20200825,-9785390.0,21320130.0,16448250.0,28620760.0,23707270.0,16585960.0,23137110.0,5289510.0,8523750.0,35875000.0,27657000.0,48167000.0,39921000.0,27945000.0,39003000.0,8936000.0,14342000.0
20200826,2983150.0,21642760.0,22561080.0,23490050.0,25554880.0,25528370.0,22689540.0,8603200.0,8458880.0,38007000.0,39553000.0,41324000.0,45019000.0,44999000.0,40038000.0,15175000.0,14895000.0
20200827,2607670.0,14879320.0,20238920.0,15190960.0,12439030.0,10170620.0,9461030.0,6079710.0,4181630.0,26658000.0,36220000.0,27180000.0,22265000.0,18209000.0,16941000.0,10860000.0,7481000.0
20200828,-587370.0,16378250.0,14789710.0,19005590.0,20006770.0,14540710.0,15422710.0,4055550.0,3760920.0,29241000.0,26351000.0,33903000.0,35706000.0,25897000.0,27475000.0,7204000.0,6713000.0
20200831,3030470.0,16793700.0,19765190.0,26191560.0,26250540.0,23715060.0,19380900.0,7572260.0,8875950.0,29153000.0,34314000.0,45560000.0,45535000.0,41092000.0,33623000.0,13054000.0,15387000.0
20200901,2243980.0,16110980.0,15158440.0,20243320.0,23439840.0,17271320.0,15369390.0,5972170.0,5630120.0,27487000.0,25838000.0,34532000.0,39972000.0,29447000.0,26217000.0,10158000.0,9597000.0
20200902,-3324810.0,9968680.0,8974240.0,13199690.0,10869330.0,9287910.0,11732160.0,1636120.0,2516680.0,17230000.0,15501000.0,22814000.0,18777000.0,16066000.0,20305000.0,2837000.0,4363000.0
20200903,-4328410.0,8915130.0,8138780.0,14361160.0,10809090.0,7207680.0,8276800.0,1841610.0,5100900.0,15628000.0,14230000.0,25119000.0,18901000.0,12608000.0,14509000.0,3242000.0,8957000.0
20200904,-2334060.0,11885990.0,9812550.0,11295790.0,11035160.0,6991580.0,9778450.0,3420440.0,2967630.0,21043000.0,17355000.0,20002000.0,19523000.0,12367000.0,17317000.0,6053000.0,5270000.0
20200907,-6526270.0,16017110.0,10016860.0,16374110.0,15848080.0,10152490.0,13392250.0,4260020.0,7546530.0,29073000.0,18155000.0,29717000.0,28759000.0,18437000.0,24311000.0,7722000.0,13724000.0
20200908,-2096150.0,11000100.0,8789980.0,11131380.0,11245350.0,8283070.0,8061350.0,2381040.0,4698910.0,20377000.0,16261000.0,20634000.0,20817000.0,15348000.0,14951000.0,4414000.0,8745000.0
20200909,3399030.0,11716460.0,14565620.0,15660680.0,16210550.0,15019290.0,12007400.0,3409600.0,3022460.0,21557000.0,26706000.0,28779000.0,29738000.0,27501000.0,22060000.0,6222000.0,5555000.0
20200910,-2884390.0,11550210.0,8440010.0,9391820.0,9617630.0,6657860.0,9398070.0,2346610.0,2490790.0,21295000.0,15524000.0,17330000.0,17756000.0,12279000.0,17350000.0,4335000.0,4608000.0
20200911,-6538010.0,9295420.0,5589640.0,9786790.0,6954550.0,5042000.0,9443830.0,2257870.0,4394050.0,17619000.0,10581000.0,18565000.0,13175000.0,9573000.0,17938000.0,4274000.0,8336000.0
20200914,-178620.0,8062990.0,9883500.0,9211710.0,7212580.0,4945150.0,4559190.0,568950.0,1133530.0,15277000.0,18719000.0,17447000.0,13654000.0,9360000.0,8636000.0,1075000.0,2150000.0
20200915,551970.0,10345890.0,12301220.0,12544580.0,11141220.0,10112080.0,8435210.0,3002920.0,4127820.0,19178000.0,22778000.0,23241000.0,20571000.0,18659000.0,15568000.0,5553000.0,7715000.0
20200916,-2005550.0,6473200.0,5500280.0,6475030.0,5442400.0,3399180.0,5130910.0,257030.0,530850.0,12177000.0,10339000.0,12186000.0,10235000.0,6401000.0,9673000.0,484000.0,1000000.0
20200917,-575340.0,7336640.0,6037220.0,6933380.0,7657460.0,5092840.0,4823720.0,1066000.0,1910460.0,13964000.0,11468000.0,13189000.0,14573000.0,9687000.0,9179000.0,2034000.0,3655000.0
20200918,844600.0,13010880.0,10991720.0,10203120.0,13066880.0,11130070.0,9500640.0,2300850.0,3085680.0,24051000.0,20324000.0,18864000.0,24157000.0,20566000.0,17552000.0,4239000.0,5687000.0
20200921,4517510.0,12593660.0,14459920.0,20485890.0,23137140.0,21615530.0,17634450.0,9068010.0,8531580.0,22264000.0,25491000.0,36124000.0,40785000.0,38051000.0,31104000.0,15945000.0,15005000.0
20200922,380040.0,7986670.0,8119670.0,7306600.0,7553630.0,6348690.0,5865680.0,2018090.0,2121060.0,14389000.0,14613000.0,13162000.0,13602000.0,11431000.0,10572000.0,3638000.0,3833000.0
20200923,407200.0,5379190.0,6223840.0,5656860.0,5219410.0,4379430.0,3623770.0,1112630.0,1461090.0,9690000.0,11201000.0,10183000.0,9393000.0,7888000.0,6530000.0,2007000.0,2644000.0
20200924,-1338660.0,7334390.0,5728640.0,6953250.0,7220340.0,3785840.0,4175240.0,324780.0,1274040.0,13507000.0,10533000.0,12799000.0,13296000.0,6965000.0,7687000.0,600000.0,2355000.0
20200925,-1236510.0,7778540.0,7295970.0,5419860.0,4665930.0,2502480.0,3276040.0,688430.0,1151380.0,14435000.0,13513000.0,10055000.0,8652000.0,4636000.0,6094000.0,1275000.0,2143000.0
20200928,343900.0,5915300.0,5633830.0,6394750.0,7020120.0,7183370.0,5992430.0,1320650.0,2167690.0,10949000.0,10422000.0,11824000.0,12980000.0,13266000.0,11072000.0,2442000.0,4007000.0
20200929,3166410.0,10685020.0,13501620.0,15191160.0,15540970.0,15749990.0,11125070.0,2748570.0,4207080.0,19040000.0,24058000.0,27089000.0,27704000.0,28062000.0,19813000.0,4894000.0,7511000.0
20200930,-2165750.0,8212880.0,8199310.0,10148750.0,7996570.0,5309960.0,6039850.0,630290.0,2066150.0,14651000.0,14628000.0,18106000.0,14266000.0,9464000.0,10769000.0,1121000.0,3679000.0
20201009,398710.0,10223190.0,10515290.0,11558480.0,11665090.0,7323420.0,7212760.0,1775110.0,1487060.0,18142000.0,18656000.0,20506000.0,20690000.0,12990000.0,12793000.0,3144000.0,2643000.0
20201012,5739600.0,7880170.0,10538710.0,14558660.0,17639720.0,16472960.0,16084310.0,9561230.0,4210280.0,13516000.0,18031000.0,24967000.0,30236000.0,28191000.0,27515000.0,16309000.0,7202000.0
20201013,-3034950.0,10108260.0,7236410.0,11274720.0,11111630.0,8955960.0,9441920.0,5935600.0,8484590.0,17474000.0,12496000.0,19480000.0,19202000.0,15483000.0,16320000.0,10271000.0,14690000.0
20201014,-3998350.0,12673430.0,7846630.0,14695660.0,15524120.0,9643760.0,11964220.0,1893300.0,3571190.0,22074000.0,13615000.0,25498000.0,26980000.0,16716000.0,20745000.0,3289000.0,6238000.0
20201015,-4542210.0,9264310.0,6143290.0,9593950.0,8172760.0,10110150.0,10320970.0,2554820.0,6886210.0,16330000.0,10815000.0,16910000.0,14401000.0,17818000.0,18203000.0,4515000.0,12154000.0
20201016,-4041690.0,9419500.0,6502470.0,9013780.0,7889130.0,10010490.0,9688370.0,1480300.0,5844110.0,16957000.0,11682000.0,16226000.0,14189000.0,18019000.0,17436000.0,2660000.0,10556000.0
20201019,639310.0,7947750.0,10464600.0,8952070.0,7074530.0,8085830.0,6882190.0,1981630.0,2545960.0,14293000.0,18822000.0,16096000.0,12716000.0,14530000.0,12360000.0,3563000.0,4584000.0
20201020,-908080.0,6144100.0,4509910.0,4727260.0,5453380.0,3447690.0,4206430.0,610450.0,759790.0,11198000.0,8206000.0,8608000.0,9926000.0,6272000.0,7666000.0,1106000.0,1386000.0
20201021,-1865170.0,8385950.0,7259790.0,7932570.0,7193570.0,5372440.0,6014070.0,1017780.0,2241320.0,15410000.0,13318000.0,14578000.0,13222000.0,9876000.0,11060000.0,1876000.0,4140000.0
20201022,-1451850.0,7034170.0,5868930.0,7188390.0,6901770.0,3896650.0,4681660.0,935640.0,1602480.0,13171000.0,10960000.0,13445000.0,12901000.0,7281000.0,8765000.0,1743000.0,3014000.0
20201023,-359540.0,2877860.0,3300380.0,3439920.0,2657860.0,2031450.0,1936960.0,487520.0,941550.0,5347000.0,6128000.0,6388000.0,4937000.0,3775000.0,3601000.0,907000.0,1750000.0
20201026,1236980.0,4477450.0,3759720.0,4350380.0,6305090.0,3357400.0,2117000.0,773220.0,776640.0,8487000.0,7126000.0,8252000.0,11954000.0,6356000.0,4008000.0,1462000.0,1469000.0
20201027,1057370.0,3732930.0,4745390.0,4511410.0,4556320.0,3379660.0,2761230.0,438940.0,0.0,7007000.0,8895000.0,8452000.0,8541000.0,6325000.0,5171000.0,823000.0,0.0
20201028,329720.0,3407810.0,3740620.0,3829910.0,3826830.0,2594000.0,2170130.0,729640.0,823790.0,6451000.0,7076000.0,7246000.0,7242000.0,4910000.0,4110000.0,1380000.0,1561000.0
20201029,-17755190.0,16761550.0,7876260.0,24900660.0,16030760.0,19038950.0,22176430.0,5994220.0,20611930.0,33323000.0,15569000.0,49586000.0,31872000.0,38164000.0,44254000.0,12045000.0,41424000.0
20201030,-3334330.0,20071780.0,15080520.0,21569910.0,23226840.0,15399060.0,16444950.0,5480770.0,7769210.0,38887000.0,29209000.0,41921000.0,44972000.0,29901000.0,32005000.0,10681000.0,15204000.0
20201102,-3282100.0,17709110.0,15673690.0,18811020.0,17564340.0,8740690.0,7616820.0,1741210.0,6147180.0,35050000.0,30986000.0,37174000.0,34768000.0,17308000.0,15085000.0,3425000.0,12118000.0
20201103,-467100.0,12234310.0,11052580.0,10386430.0,11101060.0,5068980.0,5210590.0,1067680.0,1393170.0,23702000.0,21411000.0,20135000.0,21518000.0,9816000.0,10091000.0,2054000.0,2687000.0
20201104,-704710.0,7896370.0,7138770.0,8685110.0,8738010.0,5407090.0,5708720.0,1206790.0,1609870.0,15092000.0,13631000.0,16581000.0,16681000.0,10321000.0,10912000.0,2297000.0,3066000.0
20201105,-2245290.0,7250920.0,6270550.0,8422950.0,7158030.0,4351310.0,5710250.0,270840.0,1157190.0,13867000.0,11987000.0,16102000.0,13679000.0,8319000.0,10924000.0,517000.0,2214000.0
20201106,-3796080.0,9923850.0,6856900.0,11735360.0,11006240.0,4273770.0,5823360.0,975430.0,3221920.0,19210000.0,13259000.0,22708000.0,21314000.0,8270000.0,11267000.0,1890000.0,6239000.0
20201109,-1912270.0,12010070.0,11023130.0,14921610.0,13996280.0,8884760.0,10533280.0,2392820.0,2656570.0,23445000.0,21447000.0,29119000.0,27291000.0,17315000.0,20592000.0,4672000.0,5221000.0
20201110,-1330480.0,6251190.0,5454260.0,8347870.0,7814330.0,3869080.0,5255390.0,1967660.0,1911830.0,12127000.0,10576000.0,16189000.0,15157000.0,7500000.0,10195000.0,3818000.0,3706000.0
20201111,-2275270.0,7950970.0,5239940.0,7997520.0,8433290.0,4446860.0,5428520.0,365510.0,1659120.0,15677000.0,10302000.0,15769000.0,16586000.0,8746000.0,10730000.0,719000.0,3292000.0
20201112,-5902340.0,12487740.0,10115530.0,13452920.0,9922800.0,7108900.0,9358620.0,1278180.0,4930800.0,25241000.0,20369000.0,27172000.0,20030000.0,14377000.0,18963000.0,2588000.0,10015000.0
20201113,-544030.0,10259340.0,9252090.0,10777620.0,11240840.0,9119800.0,8528440.0,1522000.0,2657390.0,20654000.0,18614000.0,21662000.0,22565000.0,18250000.0,17113000.0,3056000.0,5331000.0
20201116,-4377200.0,8500790.0,7330940.0,9293800.0,6086430.0,4624460.0,9024120.0,867300.0,844840.0,17098000.0,14736000.0,18704000.0,12233000.0,9302000.0,18181000.0,1747000.0,1701000.0
20201117,-1366100.0,7217740.0,6101340.0,6914390.0,6664690.0,3787930.0,4919100.0,1464410.0,1699340.0,14754000.0,12463000.0,14129000.0,13628000.0,7748000.0,10060000.0,2996000.0,3476000.0
20201118,1180680.0,6201100.0,5771950.0,5146180.0,6756000.0,3920880.0,2905820.0,379660.0,214040.0,12631000.0,11752000.0,10479000.0,13752000.0,7971000.0,5912000.0,770000.0,435000.0
20201119,7808780.0,13053160.0,17155770.0,21685190.0,25391360.0,23208490.0,18605410.0,11551200.0,8345500.0,25444000.0,33421000.0,42176000.0,49255000.0,44946000.0,36001000.0,22339000.0,16229000.0
20201120,1074310.0,18183840.0,17577150.0,21818240.0,23499250.0,13369530.0,16388900.0,10282260.0,6188580.0,34291000.0,33131000.0,41144000.0,44261000.0,25169000.0,30875000.0,19353000.0,11690000.0
20201123,2204080.0,14693480.0,14796540.0,15399260.0,17500280.0,11866020.0,9789550.0,2334430.0,2206820.0,27899000.0,28078000.0,29245000.0,33189000.0,22486000.0,18572000.0,4414000.0,4205000.0
20201124,3141370.0,8628100.0,10247180.0,11164300.0,12686580.0,8670020.0,6920360.0,2557670.0,1165960.0,16321000.0,19375000.0,21115000.0,23985000.0,16383000.0,13076000.0,4823000.0,2205000.0
20201125,-2282000.0,8329960.0,6863310.0,8859730.0,8044400.0,5259380.0,6142130.0,521800.0,1921050.0,16049000.0,13212000.0,17068000.0,15485000.0,10129000.0,11842000.0,993000.0,3699000.0
20201126,3665030.0,8948730.0,11608540.0,14120970.0,15126180.0,11065670.0,8392200.0,2687940.0,1696380.0,17231000.0,22302000.0,27077000.0,29008000.0,21193000.0,16083000.0,5137000.0,3244000.0
20201127,5718250.0,20053110.0,25000400.0,32298740.0,33069690.0,23737000.0,21597250.0,9810290.0,6231790.0,36989000.0,46046000.0,59481000.0,60824000.0,43616000.0,39715000.0,17957000.0,11456000.0
20201130,2633370.0,15693460.0,18499800.0,19852640.0,19679660.0,12603760.0,11999620.0,3970430.0,1941200.0,28826000.0,33962000.0,36486000.0,36128000.0,23145000.0,22061000.0,7270000.0,3577000.0
20201201,-654900.0,18324290.0,16705960.0,20685110.0,21648530.0,12893630.0,14945560.0,3755460.0,2358430.0,33436000.0,30499000.0,37779000.0,39515000.0,23549000.0,27290000.0,6849000.0,4310000.0
20201202,4990090.0,12166770.0,14676570.0,15528160.0,18008440.0,12591710.0,9236150.0,3291560.0,1657030.0,22134000.0,26674000.0,28224000.0,32711000.0,22865000.0,16781000.0,5959000.0,3017000.0
20201203,-3643350.0,15408080.0,8307170.0,15913140.0,19370680.0,7888490.0,9583720.0,1684900.0,3633020.0,28681000.0,15452000.0,29617000.0,36064000.0,14688000.0,17845000.0,3140000.0,6765000.0
20201204,2734950.0,10637350.0,9449160.0,12992550.0,16915700.0,9393310.0,6987820.0,1529100.0,1199640.0,19833000.0,17591000.0,24183000.0,31510000.0,17471000.0,12997000.0,2842000.0,2230000.0
20201207,1753550.0,9543650.0,11503540.0,11548160.0,11341820.0,9120030.0,7734350.0,2777630.0,2409760.0,17659000.0,21264000.0,21358000.0,20969000.0,16845000.0,14293000.0,5130000.0,4466000.0
20201208,-1869860.0,8311970.0,6925830.0,8561230.0,8077510.0,6518500.0,6104840.0,1049120.0,3332640.0,15387000.0,12813000.0,15848000.0,14939000.0,12056000.0,11308000.0,1945000.0,6175000.0
20201209,-799280.0,9824130.0,6742540.0,10626900.0,12909210.0,8359830.0,8992920.0,2612500.0,2778690.0,18496000.0,12685000.0,20008000.0,24297000.0,15748000.0,16945000.0,4919000.0,5244000.0
20201210,-3514650.0,13180510.0,8618200.0,13457360.0,14505010.0,12142480.0,15346370.0,2749350.0,3060110.0,25408000.0,16597000.0,25940000.0,27949000.0,23374000.0,29570000.0,5293000.0,5900000.0
20201211,-3763580.0,15416710.0,12336460.0,16725060.0,16041720.0,18623310.0,13591500.0,4709400.0,13504790.0,30505000.0,24419000.0,33081000.0,31688000.0,36861000.0,26872000.0,9287000.0,26755000.0
20201214,-2456270.0,12162940.0,13299250.0,13775660.0,10183080.0,8741450.0,9407980.0,1914770.0,3704510.0,23798000.0,25999000.0,26958000.0,19896000.0,17086000.0,18427000.0,3733000.0,7253000.0
20201215,-1927400.0,10656110.0,11007610.0,14123390.0,11844480.0,5482900.0,7273950.0,2407040.0,2543390.0,20572000.0,21226000.0,27255000.0,22843000.0,10566000.0,14039000.0,4634000.0,4918000.0
20201216,2027520.0,7787890.0,8342410.0,8036400.0,9509400.0,7276710.0,6351880.0,2748500.0,1645810.0,14905000.0,15946000.0,15367000.0,18171000.0,13875000.0,12145000.0,5269000.0,3154000.0
20201217,2325320.0,7813070.0,7309390.0,8159370.0,10988360.0,7872340.0,5487110.0,4276320.0,4336230.0,14987000.0,14005000.0,15650000.0,21068000.0,15093000.0,10526000.0,8206000.0,8338000.0
20201218,9221870.0,21770340.0,26003470.0,28342890.0,33331620.0,27910750.0,24167110.0,16213730.0,10735500.0,39104000.0,46847000.0,51021000.0,60061000.0,50242000.0,43490000.0,29340000.0,19309000.0
20201221,8778180.0,19596240.0,23826110.0,24095470.0,28643790.0,23437710.0,17013800.0,14246480.0,11892210.0,34542000.0,41933000.0,42449000.0,50423000.0,41242000.0,29962000.0,24971000.0,20886000.0
20201222,-1895110.0,18813730.0,17631840.0,20891500.0,20178280.0,12994650.0,14104850.0,3425820.0,4210730.0,33156000.0,31028000.0,36772000.0,35519000.0,22860000.0,24826000.0,6031000.0,7446000.0
20201223,7210360.0,17414100.0,24773200.0,29141270.0,28992520.0,30092800.0,20512940.0,11848440.0,14217940.0,30234000.0,42942000.0,50538000.0,50218000.0,52097000.0,35535000.0,20381000.0,24556000.0
20201224,243030.0,22672000.0,23143960.0,36087860.0,35858940.0,30232020.0,29049950.0,15431060.0,16370100.0,38477000.0,39023000.0,60945000.0,60635000.0,50991000.0,48960000.0,26016000.0,27811000.0
20201225,-10473500.0,24147150.0,15068070.0,25751010.0,24356590.0,14429740.0,21017630.0,5361870.0,9247480.0,42386000.0,26350000.0,45161000.0,42680000.0,25256000.0,36868000.0,9405000.0,16310000.0
20201228,1461390.0,19236990.0,20648800.0,22504520.0,22554100.0,14522580.0,13324890.0,5893600.0,5629900.0,32950000.0,35305000.0,38483000.0,38535000.0,24798000.0,22791000.0,10043000.0,9643000.0
20201229,2455120.0,14954130.0,16939610.0,20428750.0,20898380.0,16144740.0,13279860.0,6114790.0,6524550.0,25509000.0,28790000.0,34744000.0,35529000.0,27427000.0,22611000.0,10365000.0,11115000.0
20201230,5148630.0,14041570.0,19890020.0,24014930.0,23315100.0,18877420.0,16755310.0,10832940.0,7806420.0,23593000.0,33340000.0,40353000.0,39145000.0,31643000.0,28113000.0,18134000.0,13125000.0
20201231,6799180.0,17668800.0,24946710.0,28753110.0,28274370.0,29174730.0,24912040.0,14179820.0,11643330.0,28866000.0,40637000.0,46844000.0,46010000.0,47342000.0,40404000.0,23045000.0,19047000.0
20210104,5831310.0,18740860.0,29157940.0,39916310.0,35330530.0,47971520.0,41115300.0,20827890.0,21852800.0,28738000.0,44554000.0,61000000.0,53952000.0,73043000.0,62777000.0,31706000.0,33203000.0
20210105,2354780.0,21495030.0,21187940.0,28393790.0,31055670.0,35735820.0,34268760.0,17244840.0,16357120.0,32284000.0,31727000.0,42608000.0,46560000.0,53557000.0,51337000.0,25738000.0,24562000.0
20210106,847590.0,22230510.0,21030530.0,26069160.0,28116730.0,31835680.0,30909000.0,14090780.0,14169870.0,32995000.0,31128000.0,38644000.0,41646000.0,47130000.0,45774000.0,20755000.0,20977000.0
20210107,7332330.0,24519000.0,25056400.0,27833080.0,34628020.0,43028540.0,41056950.0,17048340.0,11687600.0,35396000.0,36079000.0,40129000.0,49888000.0,61865000.0,59089000.0,24481000.0,16816000.0
20210108,-4218650.0,27841770.0,23673680.0,32332720.0,32282160.0,31231320.0,33417100.0,13654160.0,15687030.0,40979000.0,34769000.0,47567000.0,47415000.0,45935000.0,49192000.0,20067000.0,23172000.0
20210111,-9043580.0,32295970.0,22607930.0,32030010.0,32674460.0,27429440.0,31162800.0,13416380.0,18726600.0,48075000.0,33487000.0,47633000.0,48443000.0,40603000.0,46252000.0,19841000.0,27971000.0
20210112,12479180.0,20885740.0,29431690.0,28056980.0,31990200.0,34318930.0,26931020.0,14424250.0,9332980.0,31025000.0,43648000.0,41630000.0,47411000.0,50849000.0,39936000.0,21304000.0,13814000.0
20210113,-12905000.0,33888170.0,21204490.0,33710450.0,33489140.0,25479880.0,36821070.0,10625560.0,12189370.0,51334000.0,31881000.0,50848000.0,50491000.0,38289000.0,55643000.0,16014000.0,18471000.0
20210114,-10948210.0,32640490.0,20916450.0,27921400.0,28697230.0,22763180.0,26346220.0,6229600.0,13594770.0,51925000.0,33224000.0,44452000.0,45665000.0,36248000.0,41950000.0,9919000.0,21705000.0
20210115,-6408060.0,27852980.0,21302000.0,20385510.0,20528430.0,12398700.0,17376450.0,9332990.0,10763300.0,45121000.0,34382000.0,33030000.0,33205000.0,20178000.0,28235000.0,15001000.0,17507000.0
20210118,-2362150.0,17244620.0,15940080.0,20621800.0,19564200.0,14976650.0,15519590.0,7754500.0,9573710.0,27474000.0,25370000.0,32872000.0,31174000.0,23871000.0,24772000.0,12350000.0,15251000.0
20210119,-4083390.0,14731240.0,19096600.0,26040270.0,17591530.0,8694920.0,13415850.0,3815440.0,3177900.0,23459000.0,30388000.0,41426000.0,27991000.0,13842000.0,21353000.0,6066000.0,5061000.0
20210120,3923790.0,12848220.0,17897540.0,15672910.0,14547360.0,11041800.0,8098580.0,4459750.0,3479180.0,20500000.0,28514000.0,24978000.0,23183000.0,17575000.0,12906000.0,7099000.0,5550000.0
20210121,-2982820.0,13403540.0,12160180.0,17720570.0,15981110.0,13043380.0,13610980.0,6637960.0,9053180.0,21307000.0,19303000.0,28148000.0,25371000.0,20728000.0,21622000.0,10518000.0,14405000.0
20210122,-4156300.0,17009860.0,12913200.0,14914230.0,14854600.0,9907110.0,12039220.0,2716780.0,4740970.0,27456000.0,20805000.0,24066000.0,23951000.0,15973000.0,19413000.0,4380000.0,7706000.0
20210125,2276510.0,21508640.0,24515870.0,24909920.0,24179190.0,18798790.0,17234590.0,8211880.0,7499570.0,34201000.0,38868000.0,39513000.0,38346000.0,29766000.0,27344000.0,12999000.0,11921000.0
20210126,-20155590.0,30386090.0,15033420.0,29061590.0,24258660.0,16336040.0,25057460.0,5126420.0,16560590.0,52131000.0,25775000.0,49841000.0,41620000.0,28088000.0,42929000.0,8821000.0,28557000.0
20210127,-4675240.0,13412500.0,12602420.0,14623000.0,10757840.0,5580780.0,10049040.0,1893530.0,2100510.0,23120000.0,21721000.0,25192000.0,18530000.0,9619000.0,17328000.0,3269000.0,3621000.0
20210128,2085700.0,15244200.0,15422460.0,14469360.0,16376800.0,10920400.0,10154300.0,4611760.0,3292160.0,25771000.0,26026000.0,24457000.0,27668000.0,18383000.0,17144000.0,7772000.0,5545000.0
20210129,-7339660.0,17189000.0,14187940.0,14085570.0,9746980.0,6159140.0,8886960.0,2208680.0,6820520.0,30142000.0,24817000.0,24754000.0,17111000.0,10867000.0,15647000.0,3908000.0,12097000.0
20210201,834400.0,11019460.0,11580970.0,9816680.0,10089560.0,10162460.0,8528510.0,2603820.0,3403370.0,19275000.0,20244000.0,17167000.0,17624000.0,17757000.0,14928000.0,4559000.0,5962000.0
20210202,-402810.0,12505380.0,14074900.0,11990890.0,10018560.0,5757660.0,5810960.0,1027250.0,1376760.0,21960000.0,24706000.0,21041000.0,17563000.0,10088000.0,10194000.0,1795000.0,2420000.0
20210203,-360550.0,13016820.0,12510210.0,10626430.0,10772490.0,7188570.0,6569530.0,1046910.0,2026500.0,22911000.0,21971000.0,18694000.0,18948000.0,12646000.0,11579000.0,1841000.0,3594000.0
20210204,-4356130.0,14911970.0,10398850.0,9240820.0,9397800.0,5525600.0,8444430.0,730580.0,2167880.0,27182000.0,18937000.0,16840000.0,17136000.0,10091000.0,15400000.0,1341000.0,3981000.0
20210205,-3992210.0,11331970.0,7794950.0,7928270.0,7473090.0,5003660.0,7002730.0,1483160.0,3476300.0,21113000.0,14492000.0,14765000.0,13915000.0,9318000.0,13052000.0,2782000.0,6519000.0
20210208,-2098510.0,9357310.0,11146980.0,12593510.0,8705320.0,5620100.0,7525950.0,1316230.0,1508890.0,17669000.0,20950000.0,23660000.0,16362000.0,10587000.0,14235000.0,2480000.0,2849000.0
20210209,2597950.0,9853950.0,11916080.0,9304740.0,9840550.0,9220320.0,6343790.0,2518080.0,2796660.0,17803000.0,21549000.0,16828000.0,17754000.0,16624000.0,11456000.0,4527000.0,5023000.0
20210210,-530380.0,9194700.0,9861360.0,7827080.0,6630030.0,4292040.0,5027330.0,1217540.0,1012630.0,16662000.0,17863000.0,14182000.0,12011000.0,7773000.0,9109000.0,2202000.0,1838000.0
20210218,-241710.0,9337630.0,10448230.0,9707960.0,8355640.0,6016150.0,5618220.0,1935050.0,2574690.0,16815000.0,18804000.0,17473000.0,15040000.0,10814000.0,10119000.0,3478000.0,4616000.0
20210219,-510330.0,9157300.0,9168140.0,8978920.0,8457750.0,5094230.0,5177670.0,1330340.0,1757230.0,16630000.0,16640000.0,16298000.0,15332000.0,9240000.0,9410000.0,2413000.0,3199000.0
20210222,424990.0,13388490.0,13920450.0,12855500.0,12748530.0,6344000.0,7165860.0,2896000.0,1649150.0,24408000.0,25354000.0,23433000.0,23253000.0,11573000.0,13080000.0,5275000.0,3001000.0
20210223,860910.0,14545860.0,15423280.0,15572900.0,15556400.0,10229330.0,8512320.0,2059460.0,2915560.0,26778000.0,28342000.0,28651000.0,28591000.0,18772000.0,15669000.0,3774000.0,5374000.0
20210224,-1739580.0,13444570.0,12455290.0,12199200.0,11448890.0,6932820.0,7595500.0,1421880.0,2498780.0,24710000.0,22886000.0,22397000.0,21029000.0,12717000.0,13926000.0,2614000.0,4597000.0
20210225,5113540.0,13909020.0,18817340.0,19502360.0,19707580.0,15700480.0,12535090.0,4911910.0,2963760.0,25079000.0,33908000.0,35141000.0,35490000.0,28269000.0,22567000.0,8815000.0,5339000.0
20210226,-1765840.0,14381280.0,13090610.0,15569600.0,15094420.0,8922010.0,7474300.0,3020280.0,6233830.0,26768000.0,24360000.0,28971000.0,28097000.0,16616000.0,13929000.0,5639000.0,11608000.0
20210301,-1691020.0,12498200.0,11563410.0,11746380.0,10990150.0,5944980.0,5445200.0,790870.0,2981670.0,23625000.0,21839000.0,22200000.0,20771000.0,11231000.0,10300000.0,1494000.0,5640000.0
20210302,-2348240.0,15429480.0,12950230.0,14837400.0,14968420.0,11553440.0,8480260.0,3030890.0,8452310.0,29275000.0,24514000.0,28139000.0,28390000.0,21968000.0,16099000.0,5756000.0,16133000.0
20210303,995030.0,13540960.0,11798170.0,14692620.0,17430450.0,7895970.0,6301480.0,2720870.0,3320330.0,26043000.0,22680000.0,28256000.0,33525000.0,15176000.0,12122000.0,5230000.0,6378000.0
20210304,293790.0,16100370.0,14295810.0,15754550.0,17852920.0,10082840.0,9374210.0,1768430.0,2183270.0,30848000.0,27364000.0,30167000.0,34180000.0,19296000.0,17961000.0,3379000.0,4185000.0
20210305,-843790.0,11243020.0,11291270.0,11390770.0,10498730.0,6058710.0,6533540.0,1172530.0,1541490.0,22010000.0,22084000.0,22307000.0,20561000.0,11837000.0,12790000.0,2305000.0,3025000.0
20210308,-5970130.0,22374260.0,14515180.0,23547090.0,25436050.0,15039260.0,15886840.0,3858720.0,8981270.0,45538000.0,29398000.0,47818000.0,51829000.0,30649000.0,32373000.0,7841000.0,18246000.0
20210309,-198740.0,13194090.0,12725810.0,11581780.0,11851300.0,7971320.0,9617110.0,2981060.0,1534010.0,28266000.0,27249000.0,24815000.0,25397000.0,17077000.0,20613000.0,6397000.0,3295000.0
20210310,-1986750.0,8641260.0,8148210.0,9000030.0,7506340.0,4810480.0,5707420.0,499430.0,1589240.0,18744000.0,17658000.0,19518000.0,16274000.0,10415000.0,12374000.0,1087000.0,3458000.0
20210311,-2326350.0,7704790.0,7403720.0,8598240.0,6572950.0,6384200.0,5284910.0,144410.0,3570050.0,16825000.0,16158000.0,18767000.0,14345000.0,13928000.0,11538000.0,316000.0,7796000.0
20210312,-2615160.0,9479460.0,8307290.0,8793600.0,7350610.0,4109190.0,5900000.0,153790.0,978140.0,20991000.0,18392000.0,19465000.0,16264000.0,9089000.0,13066000.0,338000.0,2161000.0
20210315,-1124320.0,6943980.0,7349760.0,7909840.0,6379740.0,3415050.0,4153680.0,748800.0,1134490.0,15450000.0,16334000.0,17590000.0,14193000.0,7585000.0,9245000.0,1666000.0,2519000.0
20210316,-730070.0,5062450.0,5624340.0,6242680.0,4950720.0,2799580.0,3110570.0,396390.0,815470.0,11245000.0,12483000.0,13860000.0,10984000.0,6210000.0,6909000.0,879000.0,1818000.0
20210317,3580830.0,6035380.0,8382520.0,7577810.0,8811500.0,7135580.0,3978520.0,710020.0,286250.0,13265000.0,18411000.0,16649000.0,19343000.0,15650000.0,8732000.0,1554000.0,633000.0
20210318,3202540.0,8497080.0,12499130.0,14830260.0,14030740.0,8851650.0,8125960.0,3290840.0,813990.0,18196000.0,26738000.0,31731000.0,29998000.0,18911000.0,17382000.0,7022000.0,1743000.0
20210319,2021090.0,8467680.0,9795700.0,13480780.0,14173860.0,11333690.0,8941100.0,2143040.0,2514540.0,17986000.0,20761000.0,28611000.0,30031000.0,23953000.0,18915000.0,4510000.0,5353000.0
20210322,1261400.0,6158220.0,6266100.0,6051450.0,7204970.0,4559660.0,4428050.0,1129790.0,0.0,13043000.0,13256000.0,12821000.0,15256000.0,9642000.0,9377000.0,2383000.0,0.0
20210323,-1119250.0,7492550.0,7003750.0,7890350.0,7259910.0,5257270.0,6506260.0,367450.0,237710.0,15663000.0,14626000.0,16483000.0,15167000.0,10978000.0,13592000.0,761000.0,500000.0
20210324,-3716350.0,8444500.0,5037800.0,7801140.0,7491490.0,4367930.0,6896190.0,554890.0,1742980.0,17886000.0,10652000.0,16539000.0,15855000.0,9275000.0,14648000.0,1171000.0,3716000.0
20210325,-164410.0,6644450.0,4915320.0,4714450.0,6279170.0,3520730.0,4019350.0,926800.0,592590.0,14007000.0,10353000.0,9928000.0,13224000.0,7405000.0,8464000.0,1950000.0,1249000.0
20210326,935370.0,5309620.0,5314440.0,5395700.0,6326240.0,3514830.0,3383230.0,1446670.0,642900.0,11089000.0,11093000.0,11271000.0,13214000.0,7335000.0,7067000.0,3019000.0,1341000.0
20210329,2364170.0,7712120.0,9817390.0,9718240.0,9977130.0,8848450.0,7930270.0,3174000.0,1728010.0,15775000.0,20063000.0,19853000.0,20381000.0,18055000.0,16193000.0,6484000.0,3530000.0
20210330,2167440.0,10693650.0,11376720.0,13014020.0,14498390.0,9642120.0,8676920.0,3092680.0,1890440.0,21223000.0,22583000.0,25848000.0,28794000.0,19167000.0,17246000.0,6129000.0,3744000.0
20210331,-5641240.0,17158090.0,9777390.0,13171540.0,14911000.0,8430010.0,11392220.0,4782200.0,7461230.0,34053000.0,19353000.0,26036000.0,29476000.0,16605000.0,22478000.0,9323000.0,14710000.0
20210401,-6413280.0,14252800.0,7261510.0,9232870.0,9810880.0,4728530.0,7277210.0,1031790.0,4896390.0,27890000.0,14202000.0,18060000.0,19191000.0,9257000.0,14248000.0,2024000.0,9591000.0
20210402,-2431400.0,11770110.0,7486340.0,5052940.0,6905320.0,2724890.0,3836020.0,585110.0,1905380.0,23169000.0,14729000.0,9950000.0,13595000.0,5366000.0,7554000.0,1153000.0,3759000.0
20210406,957870.0,9361680.0,9149330.0,7804190.0,8974420.0,3736750.0,3057550.0,793450.0,514780.0,18460000.0,18032000.0,15385000.0,17689000.0,7363000.0,6026000.0,1562000.0,1022000.0
20210407,-2018670.0,10329380.0,8006020.0,8073050.0,8377740.0,2985670.0,4636800.0,679980.0,1047520.0,20255000.0,15689000.0,15826000.0,16434000.0,5852000.0,9079000.0,1327000.0,2058000.0
20210408,-546530.0,7993560.0,7549690.0,8460940.0,8358290.0,3140960.0,4017070.0,483370.0,153790.0,15732000.0,14852000.0,16649000.0,16453000.0,6178000.0,7902000.0,948000.0,300000.0
20210409,74830.0,13278870.0,15539450.0,17363340.0,15177590.0,9427140.0,10150420.0,4846820.0,4048710.0,25412000.0,29701000.0,33112000.0,28920000.0,17906000.0,19323000.0,9225000.0,7710000.0
20210412,-1701820.0,8926900.0,8000360.0,7175310.0,6400030.0,3927880.0,5040290.0,252600.0,842010.0,17442000.0,15599000.0,14029000.0,12502000.0,7674000.0,9880000.0,495000.0,1658000.0
20210413,-1350260.0,6731240.0,4894900.0,4492600.0,4978680.0,2431970.0,2848760.0,345950.0,1279420.0,13331000.0,9686000.0,8892000.0,9853000.0,4814000.0,5644000.0,683000.0,2537000.0
20210414,-953860.0,5017200.0,5105760.0,4943010.0,3900580.0,1369940.0,2323450.0,101660.0,102010.0,9869000.0,10047000.0,9727000.0,7673000.0,2695000.0,4572000.0,200000.0,200000.0
20210415,686200.0,5436580.0,6341320.0,6105250.0,5886700.0,3621580.0,2335760.0,959890.0,1559510.0,10659000.0,12408000.0,11945000.0,11518000.0,7080000.0,4569000.0,1868000.0,3056000.0
20210416,116680.0,6156270.0,6829970.0,4651930.0,4094900.0,2754680.0,2752940.0,602100.0,487160.0,11998000.0,13303000.0,9066000.0,7978000.0,5365000.0,5368000.0,1172000.0,952000.0
20210419,-849710.0,7287560.0,5924000.0,5234980.0,5748840.0,3669720.0,4172410.0,729980.0,1077000.0,14225000.0,11572000.0,10235000.0,11230000.0,7171000.0,8151000.0,1424000.0,2101000.0
20210420,-1074080.0,7489910.0,5638460.0,6207080.0,6984460.0,4006030.0,4115890.0,431250.0,1395470.0,14707000.0,11066000.0,12185000.0,13712000.0,7868000.0,8080000.0,846000.0,2748000.0
20210421,-4386840.0,10292930.0,4983980.0,6229150.0,7151260.0,3392900.0,5268890.0,438500.0,2949350.0,20371000.0,9859000.0,12333000.0,14147000.0,6716000.0,10435000.0,868000.0,5848000.0
20210422,-6681030.0,10411290.0,6498900.0,9922560.0,7153930.0,7059380.0,13129230.0,638350.0,1249530.0,20468000.0,12769000.0,19482000.0,14050000.0,13887000.0,25821000.0,1260000.0,2458000.0
20210423,-38330.0,5372300.0,4963760.0,3675100.0,4045320.0,1656670.0,1716790.0,720210.0,698420.0,10593000.0,9786000.0,7247000.0,7977000.0,3269000.0,3386000.0,1422000.0,1382000.0
20210426,4603480.0,10381490.0,12570100.0,8555420.0,10970300.0,9477740.0,8272300.0,5285000.0,1886960.0,20006000.0,24209000.0,16488000.0,21115000.0,18230000.0,15921000.0,10155000.0,3635000.0
20210427,3295690.0,8972960.0,10572810.0,7504430.0,9200280.0,8094040.0,5495980.0,1484340.0,786710.0,17638000.0,20779000.0,14759000.0,18102000.0,15924000.0,10821000.0,2935000.0,1553000.0
20210428,-802730.0,7340560.0,6179030.0,4861860.0,5220650.0,3260330.0,4409690.0,575880.0,229250.0,14451000.0,12160000.0,9573000.0,10276000.0,6416000.0,8685000.0,1132000.0,451000.0
20210429,-703490.0,9102530.0,8564200.0,7965010.0,7799850.0,4410680.0,5270390.0,1713770.0,1557550.0,17580000.0,16525000.0,15332000.0,15035000.0,8494000.0,10156000.0,3301000.0,2990000.0
20210430,1325190.0,13220410.0,13885710.0,15656350.0,16316240.0,9844800.0,9384910.0,3513880.0,2648580.0,26034000.0,27344000.0,30836000.0,32154000.0,19363000.0,18432000.0,6914000.0,5217000.0
20210506,-2070270.0,10080290.0,9926540.0,9392630.0,7476100.0,7017210.0,9549920.0,2412810.0,1950370.0,20106000.0,19781000.0,18736000.0,14898000.0,13986000.0,19049000.0,4777000.0,3876000.0
20210507,-2901500.0,9259830.0,6818380.0,8060760.0,7600710.0,4252100.0,5655490.0,254020.0,1752130.0,19027000.0,14018000.0,16569000.0,15623000.0,8762000.0,11613000.0,524000.0,3628000.0
20210510,-3016100.0,6501880.0,5575110.0,6457070.0,4367740.0,2212590.0,4375390.0,594130.0,1447430.0,13681000.0,11718000.0,13592000.0,9184000.0,4657000.0,9226000.0,1253000.0,3054000.0
20210511,-22360.0,6541670.0,7149270.0,7109890.0,6479930.0,6255400.0,6000670.0,2228020.0,2505110.0,13660000.0,14932000.0,14818000.0,13492000.0,13062000.0,12493000.0,4599000.0,5222000.0
20210512,-1317940.0,12320350.0,8469560.0,7661310.0,10194170.0,4347940.0,6474850.0,2393530.0,1584560.0,24873000.0,17109000.0,15483000.0,20590000.0,8802000.0,13076000.0,4795000.0,3178000.0
20210513,-1461190.0,6998160.0,5700470.0,5289770.0,5126280.0,2385180.0,3482240.0,211310.0,575440.0,13919000.0,11339000.0,10510000.0,10188000.0,4744000.0,6919000.0,420000.0,1148000.0
20210514,-1123940.0,9056860.0,8147820.0,9067160.0,8852270.0,7258300.0,7730360.0,2681270.0,3333150.0,17680000.0,15917000.0,17721000.0,17290000.0,14182000.0,15095000.0,5218000.0,6499000.0
20210517,-1561300.0,10219870.0,7639240.0,6725260.0,7744590.0,2819440.0,3663330.0,412310.0,1129720.0,19678000.0,14708000.0,12947000.0,14900000.0,5429000.0,7053000.0,794000.0,2187000.0
20210518,-2883840.0,10024130.0,9946230.0,12447890.0,9641930.0,5779990.0,6758410.0,1378450.0,3283870.0,19114000.0,18929000.0,23663000.0,18340000.0,10998000.0,12882000.0,2623000.0,6247000.0
20210519,-1959470.0,7045740.0,4959220.0,4843350.0,4970410.0,2313810.0,3211750.0,251090.0,1312620.0,13438000.0,9449000.0,9241000.0,9479000.0,4414000.0,6128000.0,481000.0,2517000.0
20210520,-2675970.0,10659230.0,8451950.0,7758090.0,7289400.0,4848900.0,6504790.0,633150.0,1653230.0,20213000.0,16009000.0,14699000.0,13804000.0,9179000.0,12344000.0,1194000.0,3128000.0
20210521,-2612710.0,7873800.0,5107370.0,5101130.0,5254860.0,3568540.0,5058230.0,207220.0,1330240.0,15165000.0,9833000.0,9826000.0,10120000.0,6872000.0,9751000.0,400000.0,2560000.0
20210524,-2121670.0,6966080.0,7094370.0,6841160.0,4591200.0,3116540.0,6295040.0,1521470.0,464640.0,13444000.0,13696000.0,13196000.0,8862000.0,6012000.0,12130000.0,2936000.0,900000.0
20210525,-1044660.0,14578970.0,13448600.0,13350080.0,13435800.0,7570270.0,9082620.0,2359990.0,1892300.0,27265000.0,25138000.0,25002000.0,25150000.0,14138000.0,16982000.0,4422000.0,3557000.0
20210526,1100600.0,7906960.0,9581610.0,8491230.0,7917170.0,6087800.0,5211140.0,1597440.0,1373500.0,14626000.0,17709000.0,15701000.0,14628000.0,11249000.0,9642000.0,2949000.0,2546000.0
20210527,-1025790.0,7685530.0,7185910.0,5724620.0,5198460.0,3595890.0,3651390.0,1232390.0,2202680.0,14376000.0,13443000.0,10709000.0,9717000.0,6729000.0,6831000.0,2300000.0,4123000.0
20210528,-515810.0,5494700.0,6654810.0,6574730.0,4898810.0,3200770.0,3342740.0,106040.0,479880.0,10309000.0,12471000.0,12320000.0,9179000.0,5993000.0,6272000.0,200000.0,901000.0
20210531,2440310.0,9853570.0,11709770.0,11008380.0,11592490.0,10079280.0,8959180.0,1320210.0,0.0,18289000.0,21728000.0,20421000.0,21505000.0,18699000.0,16625000.0,2448000.0,0.0
20210601,3897990.0,13439900.0,16522700.0,13103710.0,13918900.0,12404830.0,8534270.0,949740.0,922310.0,25125000.0,30885000.0,24480000.0,25993000.0,23157000.0,15927000.0,1779000.0,1736000.0
20210602,-1373160.0,11454850.0,9799140.0,8080570.0,8363120.0,4120650.0,4189630.0,451850.0,1756030.0,21585000.0,18473000.0,15230000.0,15756000.0,7750000.0,7887000.0,846000.0,3295000.0
20210603,-2585580.0,17764620.0,13851080.0,11907470.0,13235430.0,6872800.0,9141450.0,3589050.0,3905980.0,33006000.0,25718000.0,22122000.0,24598000.0,12784000.0,17009000.0,6679000.0,7266000.0
20210604,918940.0,8844710.0,12045710.0,7966620.0,5684540.0,4265470.0,3378400.0,303530.0,271660.0,16549000.0,22538000.0,14907000.0,10633000.0,7979000.0,6323000.0,565000.0,507000.0
20210607,147020.0,12421600.0,14425360.0,11152430.0,9295690.0,5231560.0,4484270.0,694510.0,1294780.0,23010000.0,26712000.0,20661000.0,17206000.0,9672000.0,8308000.0,1282000.0,2399000.0
20210608,-1007690.0,11275410.0,11458460.0,8530750.0,7340010.0,4584890.0,3681850.0,577490.0,2488220.0,21127000.0,21458000.0,15970000.0,13743000.0,8578000.0,6891000.0,1081000.0,4665000.0
20210609,-2445660.0,21719090.0,21975360.0,23404920.0,20702990.0,13338070.0,15782600.0,4284360.0,4285490.0,39455000.0,39918000.0,42457000.0,37558000.0,24197000.0,28628000.0,7753000.0,7757000.0
20210610,2133870.0,13869350.0,18190430.0,14769220.0,12582030.0,8645930.0,6733890.0,1464700.0,1242870.0,25566000.0,33528000.0,27229000.0,23189000.0,15925000.0,12408000.0,2700000.0,2294000.0
20210611,-3229080.0,19956900.0,17824860.0,15300290.0,14203240.0,8047850.0,10966740.0,2993040.0,3303230.0,38258000.0,34098000.0,29322000.0,27236000.0,15465000.0,21104000.0,5744000.0,6352000.0
20210615,309170.0,10935250.0,12623750.0,9693800.0,8314480.0,3410050.0,3223120.0,969310.0,847070.0,21383000.0,24711000.0,18964000.0,16258000.0,6684000.0,6295000.0,1896000.0,1663000.0
20210616,-746140.0,10354850.0,10433210.0,11206890.0,10382390.0,5261030.0,5970370.0,321980.0,358780.0,20061000.0,20193000.0,21647000.0,20071000.0,10169000.0,11538000.0,618000.0,693000.0
20210617,-170560.0,7864380.0,8106830.0,6791270.0,6378260.0,3071660.0,2992520.0,206130.0,455830.0,15288000.0,15775000.0,13218000.0,12411000.0,5979000.0,5810000.0,400000.0,889000.0
20210618,-144440.0,9850870.0,9278210.0,7287570.0,7715790.0,3771520.0,4129170.0,1109450.0,896240.0,18882000.0,17779000.0,13953000.0,14774000.0,7210000.0,7903000.0,2119000.0,1709000.0
20210621,-408120.0,16058080.0,14158720.0,13501130.0,14992380.0,8350290.0,10184510.0,2602280.0,1176180.0,29909000.0,26368000.0,25153000.0,27900000.0,15546000.0,18962000.0,4822000.0,2200000.0
20210622,-4321350.0,18751630.0,12546750.0,11307620.0,13191140.0,5960830.0,9948050.0,698360.0,1032490.0,34245000.0,22907000.0,20651000.0,24092000.0,10870000.0,18154000.0,1270000.0,1883000.0
20210623,-4156440.0,13510120.0,10640890.0,8859010.0,7571810.0,4055740.0,6150920.0,559350.0,2620610.0,24610000.0,19381000.0,16135000.0,13789000.0,7387000.0,11201000.0,1017000.0,4778000.0
20210624,217530.0,11503070.0,11242230.0,7344910.0,7823270.0,3799810.0,3785000.0,576340.0,373620.0,20911000.0,20434000.0,13350000.0,14210000.0,6893000.0,6873000.0,1044000.0,681000.0
20210625,-432290.0,10323000.0,11539750.0,7700710.0,6051680.0,3767600.0,3591490.0,435120.0,1043520.0,19003000.0,21242000.0,14172000.0,11140000.0,6939000.0,6609000.0,801000.0,1924000.0
20210628,420690.0,9915810.0,11478370.0,7739270.0,6597400.0,3140350.0,2677700.0,241340.0,283300.0,18173000.0,21035000.0,14181000.0,12092000.0,5756000.0,4907000.0,443000.0,520000.0
20210629,-2674700.0,14218080.0,13191860.0,12345600.0,10697120.0,4945050.0,7316050.0,561540.0,865240.0,26493000.0,24555000.0,23010000.0,19945000.0,9209000.0,13641000.0,1050000.0,1621000.0
20210630,971050.0,10625670.0,11312630.0,8313880.0,8597970.0,4028720.0,4282880.0,3423330.0,2198120.0,20159000.0,21453000.0,15767000.0,16298000.0,7645000.0,8118000.0,6474000.0,4176000.0
20210701,1049020.0,13058570.0,14420190.0,12965140.0,12652550.0,7163910.0,6849170.0,1584230.0,849950.0,25101000.0,27721000.0,24878000.0,24233000.0,13721000.0,13127000.0,3013000.0,1633000.0
20210702,2117540.0,14641370.0,18319880.0,13113840.0,11552880.0,8036270.0,5921980.0,1636860.0,1633610.0,29616000.0,37048000.0,26510000.0,23371000.0,16268000.0,11986000.0,3320000.0,3308000.0
20210705,4201040.0,11243660.0,14462730.0,7254330.0,8236300.0,4730900.0,3318160.0,3957100.0,1168800.0,22740000.0,29254000.0,14681000.0,16643000.0,9557000.0,6697000.0,7977000.0,2361000.0
20210706,3413260.0,9644860.0,13638440.0,9537380.0,8957070.0,6211100.0,3298840.0,676490.0,175490.0,19815000.0,28019000.0,19593000.0,18409000.0,12768000.0,6783000.0,1395000.0,360000.0
20210707,2164870.0,9672410.0,11023130.0,10459930.0,11274070.0,6729310.0,5515400.0,1938790.0,987830.0,19478000.0,22169000.0,21049000.0,22683000.0,13500000.0,11074000.0,3870000.0,1971000.0
20210708,3626990.0,13274700.0,14653480.0,15006820.0,17255040.0,9229580.0,6419410.0,1860010.0,1043190.0,25928000.0,28619000.0,29344000.0,33722000.0,18028000.0,12540000.0,3616000.0,2035000.0
20210709,-402320.0,9955660.0,9615610.0,9185370.0,9123100.0,4436890.0,5329960.0,960000.0,469250.0,19544000.0,18880000.0,18038000.0,17908000.0,8707000.0,10459000.0,1879000.0,920000.0
20210712,-1156260.0,10076810.0,8783140.0,8609900.0,8747320.0,4187410.0,4050860.0,165180.0,1457990.0,19728000.0,17194000.0,16853000.0,17128000.0,8194000.0,7928000.0,324000.0,2849000.0
20210713,-944180.0,11119470.0,9577180.0,10033490.0,10631600.0,4106270.0,4355730.0,531840.0,1226560.0,21915000.0,18863000.0,19747000.0,20941000.0,8089000.0,8577000.0,1049000.0,2419000.0
20210714,-379720.0,13423590.0,10452480.0,9887880.0,12479260.0,4378070.0,4662200.0,620720.0,716310.0,26859000.0,20900000.0,19808000.0,24987000.0,8761000.0,9352000.0,1253000.0,1442000.0
20210715,1179420.0,8444150.0,9177100.0,5964340.0,6410800.0,3093400.0,2965110.0,1871200.0,820070.0,16991000.0,18469000.0,11994000.0,12893000.0,6231000.0,5967000.0,3767000.0,1654000.0
20210716,1096260.0,17711100.0,17652790.0,18050140.0,19204710.0,12176350.0,12253570.0,3996310.0,2822830.0,34456000.0,34312000.0,35070000.0,37303000.0,23641000.0,23847000.0,7772000.0,5476000.0
20210719,1700210.0,13405730.0,12867500.0,13655260.0,15893710.0,7997070.0,6942690.0,1630800.0,984970.0,26026000.0,24960000.0,26496000.0,30833000.0,15515000.0,13480000.0,3150000.0,1914000.0
20210720,1657950.0,12787720.0,12699100.0,12782710.0,14529290.0,9041530.0,7824600.0,1855900.0,1414880.0,24698000.0,24516000.0,24688000.0,28045000.0,17430000.0,15112000.0,3584000.0,2727000.0
20210721,819230.0,9825930.0,11252050.0,11512990.0,10906090.0,8847680.0,8604430.0,1460000.0,884020.0,18851000.0,21573000.0,22081000.0,20908000.0,16956000.0,16502000.0,2793000.0,1698000.0
20210722,-667340.0,11550090.0,9214950.0,11457480.0,13125280.0,6644640.0,7216510.0,2436960.0,2532430.0,22354000.0,17830000.0,22169000.0,25405000.0,12851000.0,13957000.0,4718000.0,4900000.0
20210723,3447350.0,17746530.0,19405320.0,20785610.0,22574170.0,13234070.0,11769120.0,5310920.0,3328520.0,33709000.0,36790000.0,39419000.0,42755000.0,25024000.0,22301000.0,10043000.0,6350000.0
20210726,9400730.0,30466080.0,33308490.0,34772060.0,41330380.0,34266060.0,27275360.0,8682520.0,6272490.0,56230000.0,61440000.0,64082000.0,76204000.0,63193000.0,50267000.0,15958000.0,11552000.0
20210727,-4346320.0,31067850.0,29050560.0,36053820.0,33724820.0,18725280.0,22272740.0,4093420.0,4892280.0,57635000.0,53801000.0,66798000.0,62535000.0,34655000.0,41270000.0,7579000.0,9062000.0
20210728,-4187690.0,29421140.0,22762660.0,18249750.0,20720530.0,8224770.0,11465730.0,2326970.0,3273700.0,58135000.0,44930000.0,36035000.0,40917000.0,16240000.0,22669000.0,4603000.0,6497000.0
20210729,-510240.0,12606820.0,12474850.0,12288280.0,11910000.0,6616060.0,7052980.0,1347630.0,1420950.0,24593000.0,24352000.0,24002000.0,23271000.0,12920000.0,13767000.0,2643000.0,2767000.0
20210730,-414210.0,11866900.0,11095240.0,10866640.0,11224080.0,5876770.0,5519730.0,1234210.0,2005460.0,23216000.0,21684000.0,21255000.0,21954000.0,11491000.0,10819000.0,2409000.0,3913000.0
20210802,-7398980.0,34289960.0,26087140.0,29659650.0,30463500.0,17902790.0,24385640.0,8848070.0,9764200.0,63540000.0,48428000.0,55053000.0,56482000.0,33198000.0,45154000.0,16391000.0,18117000.0
20210803,4441870.0,19803650.0,21877340.0,19748510.0,22116700.0,12543100.0,11087990.0,7810810.0,4824050.0,36841000.0,40640000.0,36723000.0,41083000.0,23274000.0,20621000.0,14435000.0,8929000.0
20210804,-443390.0,31465750.0,28582490.0,33078650.0,35518520.0,25419120.0,31001500.0,16098960.0,10959970.0,56528000.0,51350000.0,59488000.0,63860000.0,45654000.0,55719000.0,29099000.0,19840000.0
20210805,12215940.0,26057830.0,36321070.0,41123220.0,43075920.0,38960450.0,33602360.0,17376130.0,10518280.0,45472000.0,63280000.0,71699000.0,75037000.0,67857000.0,58573000.0,30231000.0,18370000.0
20210806,3762170.0,26560690.0,31789290.0,30423140.0,28956710.0,21618870.0,19796650.0,7679950.0,5740000.0,46324000.0,55398000.0,52974000.0,50344000.0,37600000.0,34480000.0,13349000.0,10023000.0
20210809,16269220.0,21845380.0,37014680.0,32215280.0,33315210.0,33302970.0,24273620.0,15006510.0,7766640.0,37517000.0,63507000.0,55254000.0,57111000.0,57040000.0,41583000.0,25694000.0,13304000.0
20210810,4668040.0,29455960.0,31669910.0,40457710.0,42911800.0,35822580.0,38043450.0,16098000.0,9209090.0,49614000.0,53181000.0,68069000.0,72108000.0,60159000.0,64010000.0,26956000.0,15500000.0
20210811,-15107420.0,31096040.0,21433550.0,33065080.0,27620150.0,16345500.0,25235560.0,6750970.0,12968330.0,53499000.0,36829000.0,56863000.0,47453000.0,28104000.0,43453000.0,11637000.0,22368000.0
20210812,-5891160.0,21971510.0,19105830.0,21013180.0,17987710.0,11759270.0,15291030.0,2240030.0,4599430.0,38573000.0,33531000.0,36861000.0,31537000.0,20642000.0,26847000.0,3911000.0,8072000.0
20210813,1926610.0,17051350.0,21010650.0,20805930.0,18773240.0,12533510.0,10566040.0,3615410.0,3656270.0,29831000.0,36736000.0,36369000.0,32795000.0,21881000.0,18479000.0,6325000.0,6396000.0
20210816,2952030.0,11803460.0,14068170.0,13029650.0,13716970.0,10465540.0,8800740.0,5340210.0,4052980.0,20685000.0,24624000.0,22833000.0,24010000.0,18317000.0,15411000.0,9325000.0,7115000.0
20210817,-1374610.0,21132240.0,18019420.0,19659220.0,21397450.0,13479090.0,15195920.0,5026790.0,4684570.0,37280000.0,31713000.0,34604000.0,37705000.0,23698000.0,26783000.0,8891000.0,8272000.0
20210818,6110680.0,38218700.0,37012720.0,44105660.0,51422320.0,44541110.0,40283650.0,17389530.0,15536310.0,63997000.0,62021000.0,73865000.0,86037000.0,74298000.0,67299000.0,28884000.0,25686000.0
20210819,2512920.0,47622680.0,44178140.0,57133500.0,63090960.0,51096980.0,60309580.0,66484350.0,54758830.0,74099000.0,68481000.0,88550000.0,97558000.0,78464000.0,92729000.0,100529000.0,82875000.0
20210820,-19609410.0,51387840.0,39513190.0,51526080.0,43791320.0,38780170.0,41506450.0,16555560.0,33438690.0,76982000.0,59088000.0,77136000.0,65473000.0,58052000.0,62135000.0,24704000.0,50179000.0
20210823,17018150.0,37852210.0,49910970.0,39382540.0,44341930.0,34581490.0,27698330.0,22371880.0,12236890.0,55341000.0,72840000.0,57487000.0,64695000.0,50427000.0,40388000.0,32523000.0,17854000.0
20210824,6981260.0,36408030.0,39044760.0,34658820.0,39003360.0,34759230.0,31033370.0,17256270.0,14000870.0,55384000.0,59149000.0,52696000.0,59229000.0,52709000.0,47180000.0,26104000.0,21336000.0
20210825,-5985380.0,30803140.0,25374050.0,22111820.0,21555540.0,12192830.0,15226560.0,5027580.0,7979230.0,46373000.0,38166000.0,33273000.0,32406000.0,18336000.0,22942000.0,7552000.0,12020000.0
20210826,8394850.0,24774990.0,36980320.0,36870740.0,33060260.0,28034280.0,23663880.0,16503490.0,12479040.0,36771000.0,54800000.0,54686000.0,48934000.0,41471000.0,35009000.0,24326000.0,18512000.0
20210827,-10116870.0,34955380.0,26360140.0,26754040.0,25232410.0,15892010.0,18130870.0,6817800.0,14695810.0,53054000.0,39973000.0,40618000.0,38284000.0,24115000.0,27517000.0,10347000.0,22359000.0
20210830,-24534090.0,59458560.0,47823450.0,63512590.0,50613610.0,38682780.0,42420350.0,20676240.0,41472760.0,91944000.0,73575000.0,98115000.0,77928000.0,59658000.0,65638000.0,31968000.0,64545000.0
20210831,-2102490.0,37535280.0,40620080.0,41423050.0,36235770.0,26191240.0,27000300.0,16088990.0,17382420.0,60033000.0,64797000.0,66191000.0,57795000.0,41798000.0,43154000.0,25659000.0,27935000.0
20210901,-2699950.0,30776130.0,32223410.0,34219580.0,30072360.0,18722200.0,22473610.0,11812070.0,10760610.0,51092000.0,53453000.0,56761000.0,49877000.0,31003000.0,37206000.0,19577000.0,17897000.0
20210902,8336750.0,19474610.0,30677690.0,20999890.0,18133550.0,14407160.0,9103800.0,7947450.0,4914060.0,32489000.0,51171000.0,35027000.0,30227000.0,24027000.0,15181000.0,13242000.0,8206000.0
20210903,-6788570.0,26953870.0,23038770.0,27077610.0,24204140.0,22406690.0,21122010.0,9382130.0,17455380.0,46653000.0,39873000.0,46852000.0,41830000.0,38832000.0,36519000.0,16290000.0,30406000.0
20210906,3847630.0,18813510.0,23543550.0,20142000.0,19259590.0,12572070.0,10784430.0,5846590.0,3786600.0,32761000.0,41035000.0,35074000.0,33543000.0,21933000.0,18784000.0,10187000.0,6594000.0
20210907,2892280.0,17342020.0,20528320.0,20906430.0,20612410.0,13391460.0,11647300.0,5239020.0,4090900.0,29917000.0,35408000.0,36065000.0,35532000.0,23095000.0,20072000.0,8987000.0,7052000.0
20210908,-1752520.0,15052090.0,13823820.0,17927410.0,17403150.0,9819750.0,10121400.0,2674600.0,4125470.0,26162000.0,24005000.0,31145000.0,30215000.0,17050000.0,17585000.0,4633000.0,7186000.0
20210909,7619410.0,22747000.0,29160990.0,29929540.0,31134960.0,21610960.0,16520670.0,8921210.0,6392090.0,39254000.0,50252000.0,51510000.0,53559000.0,37124000.0,28398000.0,15422000.0,11101000.0
20210910,177710.0,22851040.0,22861540.0,26413680.0,26580880.0,14442080.0,14733320.0,3715970.0,3247020.0,38835000.0,38848000.0,44880000.0,45165000.0,24532000.0,25025000.0,6312000.0,5522000.0
20210913,-751030.0,17508250.0,19316170.0,22055480.0,19496540.0,13767580.0,12695520.0,2250850.0,4073940.0,29932000.0,33020000.0,37675000.0,33286000.0,23531000.0,21677000.0,3846000.0,7001000.0
20210914,-1161230.0,13234840.0,11174490.0,14380270.0,15279390.0,9568240.0,9755450.0,1514560.0,2488580.0,22904000.0,19301000.0,24842000.0,26409000.0,16529000.0,16862000.0,2608000.0,4312000.0
20210915,-95860.0,19004390.0,16184630.0,18676150.0,21400070.0,9406320.0,10067550.0,2517910.0,1952540.0,32764000.0,27916000.0,32192000.0,36892000.0,16215000.0,17363000.0,4362000.0,3362000.0
20210916,-3628830.0,15636840.0,11653120.0,14306740.0,14661640.0,8327560.0,10244920.0,1312400.0,3023870.0,26985000.0,20100000.0,24684000.0,25283000.0,14388000.0,17704000.0,2270000.0,5240000.0
20210917,-4398510.0,26090670.0,24352520.0,23028080.0,20367720.0,14224610.0,17471640.0,4608820.0,5760300.0,47494000.0,44426000.0,41895000.0,36993000.0,25909000.0,31794000.0,8426000.0,10511000.0
20210922,-5348690.0,19909040.0,14571170.0,17234040.0,17223230.0,9924980.0,12501710.0,2551220.0,5323180.0,35371000.0,25853000.0,30481000.0,30520000.0,17571000.0,22104000.0,4489000.0,9435000.0
20210923,3668650.0,16569000.0,20072440.0,21114600.0,21279820.0,15309850.0,13314130.0,5427050.0,3754120.0,28421000.0,34392000.0,36221000.0,36449000.0,26209000.0,22787000.0,9254000.0,6478000.0
20210924,-6030390.0,18005460.0,14563020.0,18186890.0,15598940.0,8025100.0,11943770.0,2520590.0,4632310.0,30593000.0,24735000.0,30905000.0,26506000.0,13646000.0,20321000.0,4282000.0,7864000.0
20210927,-16434180.0,22884030.0,13241450.0,21932260.0,15140680.0,11356290.0,18534490.0,2438120.0,11694100.0,40540000.0,23375000.0,38806000.0,26774000.0,20196000.0,32975000.0,4329000.0,20747000.0
20210928,-879250.0,11084560.0,11791520.0,11766240.0,10180030.0,6743760.0,7202050.0,2776100.0,3197060.0,19334000.0,20552000.0,20510000.0,17738000.0,11751000.0,12564000.0,4823000.0,5564000.0
20210929,-3487210.0,12128510.0,9929580.0,8160530.0,6872260.0,3867500.0,5630010.0,444210.0,2168910.0,21824000.0,17850000.0,14665000.0,12358000.0,6957000.0,10132000.0,800000.0,3906000.0
20210930,-905860.0,7055650.0,8223830.0,9906200.0,7832160.0,5087480.0,5974310.0,2973230.0,2992260.0,12681000.0,14776000.0,17798000.0,14057000.0,9129000.0,10720000.0,5320000.0,5374000.0
20211008,1502320.0,8366200.0,10505300.0,8129800.0,7493020.0,6650730.0,5368170.0,1553780.0,1334020.0,15093000.0,18974000.0,14660000.0,13502000.0,11998000.0,9674000.0,2809000.0,2411000.0
20211011,2966320.0,27900350.0,24912230.0,24738520.0,30692960.0,21729420.0,19208470.0,7986600.0,7541230.0,47352000.0,42386000.0,42118000.0,52144000.0,36863000.0,32566000.0,13510000.0,12748000.0
20211012,3158470.0,16863850.0,22409570.0,14628960.0,12241710.0,7759290.0,6424790.0,5065690.0,3241720.0,29558000.0,39347000.0,25635000.0,21439000.0,13613000.0,11242000.0,8926000.0,5705000.0
20211013,-1752060.0,17486480.0,15216260.0,16259460.0,16777630.0,10471380.0,13293980.0,5109780.0,4039240.0,32698000.0,28499000.0,30440000.0,31421000.0,19649000.0,24884000.0,9554000.0,7536000.0
20211014,-2493460.0,18618980.0,15369950.0,14687620.0,15443200.0,9263130.0,11545530.0,5798050.0,6009110.0,33206000.0,27409000.0,26181000.0,27551000.0,16528000.0,20591000.0,10356000.0,10720000.0
20211015,852290.0,10170390.0,10732930.0,7205120.0,7494880.0,5176530.0,5323600.0,1580180.0,580820.0,18112000.0,19140000.0,12841000.0,13361000.0,9234000.0,9478000.0,2821000.0,1030000.0
20211018,-802750.0,12357480.0,12971460.0,11889530.0,10472800.0,7152990.0,7804400.0,1350730.0,1502070.0,21702000.0,22775000.0,20859000.0,18360000.0,12550000.0,13681000.0,2348000.0,2642000.0
20211019,658450.0,11313860.0,13490380.0,11043520.0,9525450.0,6342960.0,5932630.0,1133970.0,885850.0,19670000.0,23432000.0,19125000.0,16496000.0,10986000.0,10261000.0,1951000.0,1543000.0
20211020,11522900.0,17295050.0,20084610.0,21080900.0,29814250.0,16370170.0,11503710.0,9401580.0,2745140.0,29258000.0,33923000.0,35593000.0,50246000.0,27473000.0,19292000.0,15740000.0,4604000.0
20211021,1249060.0,10447300.0,13128840.0,21918690.0,20486200.0,8126720.0,6384450.0,907400.0,1400610.0,17932000.0,22513000.0,37593000.0,35132000.0,13924000.0,10950000.0,1552000.0,2406000.0
20211022,1179190.0,8309220.0,9385300.0,11515830.0,11618940.0,5648580.0,5488830.0,2668400.0,1648960.0,14250000.0,16092000.0,19741000.0,19911000.0,9680000.0,9412000.0,4572000.0,2827000.0
20211025,1432330.0,12401250.0,13554230.0,15658920.0,15938270.0,9084170.0,8656980.0,4344790.0,3339650.0,21522000.0,23500000.0,27165000.0,27608000.0,15760000.0,15005000.0,7487000.0,5822000.0
20211026,-1783410.0,14900120.0,13803540.0,19033820.0,18346990.0,9553460.0,9279270.0,1974050.0,4031650.0,25173000.0,23289000.0,32098000.0,30966000.0,16155000.0,15686000.0,3340000.0,6825000.0
20211027,2098590.0,11309500.0,13294340.0,15650810.0,15764550.0,10025670.0,7418850.0,1571860.0,2080090.0,18889000.0,22174000.0,26109000.0,26279000.0,16675000.0,12344000.0,2602000.0,3477000.0
20211028,-1425080.0,17478350.0,13571880.0,19841950.0,22323340.0,7392740.0,7885660.0,1148450.0,2080610.0,29329000.0,22728000.0,33236000.0,37422000.0,12360000.0,13220000.0,1923000.0,3478000.0
20211029,2292590.0,20726130.0,24275620.0,32000680.0,30743790.0,19675690.0,17418800.0,5552870.0,5517170.0,33714000.0,39397000.0,52015000.0,49957000.0,31815000.0,28248000.0,8979000.0,8921000.0
20211101,-3086150.0,20118040.0,20775630.0,33600090.0,29856350.0,23017850.0,27295060.0,8302480.0,7111420.0,31573000.0,32555000.0,52650000.0,46799000.0,36084000.0,42788000.0,12984000.0,11149000.0
20211102,3785780.0,20051800.0,20433420.0,23373340.0,26777500.0,21775670.0,19691250.0,11456650.0,9755290.0,30853000.0,31390000.0,35929000.0,41142000.0,33407000.0,30253000.0,17555000.0,14958000.0
20211103,-8265510.0,24834980.0,14633900.0,26707510.0,28643080.0,13513090.0,21117530.0,5797970.0,6459040.0,39136000.0,23001000.0,41950000.0,45060000.0,21245000.0,33213000.0,9102000.0,10159000.0
20211104,-3463500.0,18968470.0,16237300.0,20766070.0,20033750.0,14504730.0,11824050.0,9628180.0,15772360.0,29905000.0,25581000.0,32768000.0,31582000.0,22864000.0,18644000.0,15205000.0,24935000.0
20211105,-2924390.0,16613610.0,11375990.0,11142390.0,13455620.0,6376570.0,8296570.0,2071520.0,3075910.0,26187000.0,17915000.0,17554000.0,21220000.0,10051000.0,13083000.0,3271000.0,4846000.0
20211108,-4819220.0,14982420.0,14430660.0,18596360.0,14328890.0,12713160.0,9502960.0,9067810.0,17097230.0,23916000.0,22966000.0,29636000.0,22792000.0,20284000.0,15130000.0,14521000.0,27469000.0
20211109,-1972400.0,37903700.0,36829140.0,44478010.0,43580160.0,35564760.0,40005730.0,33773970.0,31305400.0,55916000.0,54185000.0,65311000.0,63748000.0,52225000.0,58612000.0,48773000.0,45679000.0
20211110,-2036460.0,23044880.0,21110200.0,21957150.0,21855350.0,14315730.0,15688370.0,4455540.0,5119360.0,33763000.0,30958000.0,32170000.0,31988000.0,20971000.0,23004000.0,6522000.0,7475000.0
20211111,5427810.0,16954060.0,21658090.0,16895940.0,17619710.0,13708750.0,7933410.0,4184290.0,4531820.0,25187000.0,32175000.0,25113000.0,26176000.0,20364000.0,11800000.0,6232000.0,6746000.0
20211112,-45150.0,26958690.0,28775420.0,35096090.0,33234210.0,30642660.0,33090900.0,15262430.0,12859340.0,38010000.0,40789000.0,49548000.0,46750000.0,43050000.0,46453000.0,21545000.0,18162000.0
20211115,241810.0,22724720.0,23128590.0,21949220.0,21787160.0,17344780.0,15191920.0,3329090.0,5240140.0,31662000.0,32218000.0,30603000.0,30392000.0,24178000.0,21153000.0,4624000.0,7303000.0
20211116,-2514280.0,32591070.0,24939060.0,32642970.0,37780690.0,20778270.0,24421730.0,8663260.0,7534080.0,46271000.0,35249000.0,46285000.0,53590000.0,29469000.0,34772000.0,12212000.0,10626000.0
20211117,-37700.0,28781920.0,27732900.0,25840300.0,26851620.0,17033600.0,19078470.0,4898530.0,2891360.0,41670000.0,40087000.0,37364000.0,38885000.0,24649000.0,27613000.0,7105000.0,4202000.0
20211118,4515230.0,23350210.0,26866930.0,24855390.0,25853900.0,21598990.0,16825290.0,7406470.0,7664940.0,33601000.0,38473000.0,35700000.0,37169000.0,30940000.0,24121000.0,10646000.0,11124000.0
20211119,3844740.0,28972520.0,31421030.0,38159300.0,39555530.0,32984540.0,32025880.0,19955280.0,17069200.0,39460000.0,42766000.0,51718000.0,53813000.0,44937000.0,43554000.0,27156000.0,23139000.0
20211122,4956980.0,20338010.0,25428410.0,23691850.0,23558430.0,16218080.0,12618100.0,4151440.0,2794440.0,27353000.0,34148000.0,31744000.0,31600000.0,21741000.0,16890000.0,5540000.0,3740000.0
20211123,-70800.0,20357490.0,16806500.0,18222970.0,21703150.0,10794650.0,11888620.0,4022710.0,2999540.0,27207000.0,22486000.0,24419000.0,29061000.0,14463000.0,15933000.0,5394000.0,4004000.0
20211124,-5762510.0,28021020.0,17103520.0,26278350.0,31433350.0,15640130.0,18805740.0,2855410.0,5452310.0,38678000.0,23597000.0,36262000.0,43372000.0,21635000.0,25975000.0,3931000.0,7563000.0
20211125,407760.0,11270520.0,12519560.0,11767130.0,10925850.0,8312320.0,7795720.0,2307400.0,2416240.0,15616000.0,17335000.0,16307000.0,15139000.0,11520000.0,10802000.0,3193000.0,3359000.0
20211126,2716960.0,17709080.0,20961840.0,15489550.0,14953740.0,11280920.0,8343770.0,1871220.0,2091410.0,24754000.0,29244000.0,21631000.0,20882000.0,15741000.0,11672000.0,2619000.0,2947000.0
20211129,611690.0,16289630.0,17853220.0,19683860.0,18731960.0,17186650.0,12943090.0,4645300.0,8277170.0,22619000.0,24740000.0,27303000.0,25971000.0,23836000.0,17981000.0,6463000.0,11529000.0
20211130,-2794130.0,24449120.0,24334870.0,27511300.0,24831430.0,18005150.0,17003500.0,5019940.0,8815720.0,33301000.0,33122000.0,37431000.0,33795000.0,24493000.0,23154000.0,6822000.0,11976000.0
20211201,-3949820.0,17131150.0,15740330.0,13524470.0,10965460.0,6177470.0,8107570.0,2383660.0,4403380.0,23903000.0,21966000.0,18844000.0,15290000.0,8599000.0,11288000.0,3305000.0,6107000.0
20211202,-2290940.0,17588500.0,15624150.0,15481850.0,15155250.0,8796800.0,8325940.0,2498180.0,5259980.0,24227000.0,21501000.0,21298000.0,20829000.0,12095000.0,11455000.0,3425000.0,7260000.0
20211203,5659190.0,26294360.0,24999250.0,24078980.0,31033270.0,23706640.0,22650250.0,13583420.0,8980620.0,34688000.0,32959000.0,31744000.0,40852000.0,31161000.0,29814000.0,17834000.0,11802000.0
20211206,9553410.0,19079580.0,24801640.0,21114470.0,24945830.0,18730510.0,14370760.0,8874890.0,3681230.0,24716000.0,32096000.0,27322000.0,32319000.0,24256000.0,18599000.0,11487000.0,4766000.0
20211207,-7433960.0,36172550.0,29798250.0,33888830.0,32829170.0,27516470.0,30315180.0,8867900.0,13503150.0,48971000.0,40205000.0,45945000.0,44578000.0,37361000.0,41142000.0,11991000.0,18344000.0
20211208,-3458320.0,21893860.0,19037600.0,19190320.0,18588250.0,13007380.0,15548920.0,4995330.0,5912110.0,29955000.0,26008000.0,26288000.0,25424000.0,17796000.0,21329000.0,6848000.0,8126000.0
20211209,-7231180.0,31225430.0,26241600.0,30325280.0,28077930.0,18610060.0,23084750.0,6344200.0,9100690.0,43870000.0,36878000.0,42676000.0,39539000.0,26266000.0,32529000.0,8958000.0,12823000.0
20211210,-3759810.0,28448680.0,22774820.0,15854580.0,17768630.0,9121380.0,12429460.0,3985230.0,4436960.0,40373000.0,32312000.0,22516000.0,25244000.0,12971000.0,17688000.0,5685000.0,6300000.0
20211213,-1597860.0,21497040.0,20445730.0,20893110.0,20346560.0,13291400.0,13449960.0,1875430.0,3314730.0,30906000.0,29341000.0,30045000.0,29253000.0,19095000.0,19347000.0,2684000.0,4788000.0
20211214,-7223260.0,27245990.0,27407180.0,34642110.0,27257670.0,19473850.0,24558690.0,8220900.0,10359320.0,37048000.0,37326000.0,47200000.0,37111000.0,26504000.0,33403000.0,11177000.0,14089000.0
20211215,1492900.0,13178030.0,15724840.0,11874950.0,10821030.0,9897430.0,8811850.0,2464340.0,2057020.0,17956000.0,21437000.0,16186000.0,14752000.0,13500000.0,12022000.0,3358000.0,2789000.0
20211216,2542450.0,13615050.0,16305840.0,12512740.0,12364390.0,9634320.0,6885280.0,2007950.0,2214540.0,18490000.0,22144000.0,16977000.0,16786000.0,13083000.0,9349000.0,2724000.0,2995000.0
20211217,-3575330.0,15886830.0,12658890.0,11649740.0,11302350.0,7800940.0,9687370.0,2024450.0,3713350.0,21913000.0,17406000.0,16061000.0,15570000.0,10765000.0,13407000.0,2809000.0,5164000.0
20211220,-3520950.0,18312390.0,17066590.0,16698370.0,14423210.0,10930620.0,11035960.0,1733440.0,5149050.0,25549000.0,23742000.0,23251000.0,20084000.0,15241000.0,15411000.0,2436000.0,7240000.0
20211221,1302590.0,14129450.0,13902880.0,6822420.0,8351570.0,5432150.0,4424850.0,1734000.0,1438710.0,19857000.0,19545000.0,9581000.0,11731000.0,7627000.0,6203000.0,2438000.0,2024000.0
20211222,-2732340.0,17855870.0,16002430.0,12716420.0,11837520.0,6922070.0,9485320.0,1530260.0,1699350.0,24984000.0,22339000.0,17790000.0,16541000.0,9700000.0,13346000.0,2144000.0,2392000.0
20211223,211140.0,19519500.0,17332750.0,18146710.0,20544600.0,15402170.0,13336670.0,2271250.0,4125610.0,26360000.0,23402000.0,24449000.0,27676000.0,20735000.0,17955000.0,3044000.0,5554000.0
20211224,-9049530.0,37386340.0,28216500.0,30079300.0,30199610.0,18333220.0,23757490.0,4702060.0,8327320.0,48358000.0,36632000.0,39059000.0,39115000.0,23777000.0,30764000.0,6113000.0,10797000.0
20211227,-2289430.0,16876230.0,18365530.0,15419370.0,11640640.0,6749830.0,7193490.0,1386360.0,3232130.0,21837000.0,23739000.0,19955000.0,15053000.0,8747000.0,9331000.0,1798000.0,4215000.0
20211228,39880.0,14432160.0,17223700.0,14604190.0,11852530.0,9733240.0,9877900.0,2643940.0,2459400.0,18852000.0,22457000.0,19047000.0,15480000.0,12728000.0,12930000.0,3474000.0,3234000.0
20211229,-370180.0,23153780.0,27827060.0,25227990.0,20184530.0,16059940.0,13468290.0,10285750.0,13247580.0,29373000.0,35292000.0,31956000.0,25544000.0,20341000.0,17031000.0,13007000.0,16810000.0
20211230,-2954070.0,22125370.0,21117940.0,21296430.0,19349780.0,17460260.0,16517870.0,14216970.0,18113430.0,27229000.0,25980000.0,26232000.0,23803000.0,21511000.0,20350000.0,17504000.0,22342000.0
20211231,-9210810.0,25626230.0,21433740.0,28266770.0,23248460.0,15713090.0,20578430.0,3466440.0,7811910.0,31529000.0,26274000.0,34736000.0,28575000.0,19328000.0,25324000.0,4256000.0,9676000.0
20220104,2661320.0,20815380.0,25457220.0,20500300.0,18519780.0,8743830.0,7225330.0,4928790.0,3785970.0,26194000.0,32005000.0,25794000.0,23277000.0,10986000.0,9094000.0,6182000.0,4779000.0
20220105,-2335460.0,30456910.0,26743640.0,27230290.0,28608090.0,24276030.0,22731820.0,12778620.0,16658290.0,39968000.0,35080000.0,35800000.0,37637000.0,31958000.0,29937000.0,16866000.0,21938000.0
20220106,-618500.0,32027390.0,28836530.0,33940040.0,36512400.0,33695430.0,28083610.0,8163710.0,14394030.0,43870000.0,39427000.0,46466000.0,50048000.0,46136000.0,38440000.0,11187000.0,19743000.0
20220107,1363290.0,23722610.0,23622290.0,14923370.0,16386980.0,10662640.0,9230290.0,5371170.0,5440230.0,32326000.0,32185000.0,20332000.0,22340000.0,14499000.0,12556000.0,7287000.0,7364000.0
20220110,-2463970.0,20475130.0,17205730.0,17183050.0,17988480.0,8595320.0,8076830.0,3418330.0,6400790.0,28223000.0,23659000.0,23699000.0,24816000.0,11849000.0,11146000.0,4686000.0,8835000.0
20220111,-7270830.0,30779640.0,19274940.0,23910500.0,28144370.0,12157580.0,19314170.0,2484520.0,2598760.0,44365000.0,27769000.0,34477000.0,40590000.0,17535000.0,27833000.0,3568000.0,3754000.0
20220112,-4599000.0,24787240.0,19316850.0,24320590.0,25191980.0,15644510.0,17609360.0,4304370.0,6938520.0,36098000.0,28116000.0,35382000.0,36656000.0,22766000.0,25631000.0,6255000.0,10098000.0
20220113,-165850.0,22425950.0,14306770.0,16038590.0,23991920.0,8063000.0,7629030.0,4117850.0,4717670.0,33293000.0,21202000.0,23788000.0,35624000.0,11970000.0,11338000.0,6136000.0,7023000.0
20220114,5364120.0,19702890.0,18906750.0,18876060.0,25036330.0,11849330.0,7391190.0,2920650.0,2014670.0,29089000.0,27898000.0,27816000.0,36951000.0,17478000.0,10889000.0,4316000.0,2961000.0
20220117,3949540.0,16741150.0,19125100.0,19354940.0,20920540.0,12133110.0,7973320.0,2405220.0,2615470.0,24231000.0,27676000.0,27997000.0,30265000.0,17541000.0,11527000.0,3477000.0,3777000.0
20220118,1363770.0,17884090.0,15775090.0,16827780.0,20300540.0,7835830.0,8162740.0,2989760.0,1299080.0,26237000.0,23107000.0,24683000.0,29804000.0,11507000.0,11995000.0,4389000.0,1909000.0
20220119,-15813250.0,40541130.0,22424640.0,31359420.0,33662650.0,18157660.0,29548070.0,6673400.0,11096240.0,62044000.0,34222000.0,47955000.0,51489000.0,27723000.0,45315000.0,10216000.0,16912000.0
20220120,-22934820.0,44908680.0,22647750.0,32327220.0,31653330.0,15367810.0,32738290.0,6477270.0,12041610.0,71929000.0,36244000.0,51868000.0,50857000.0,24601000.0,52518000.0,10352000.0,19132000.0
20220121,-14212780.0,49244520.0,31068060.0,39169720.0,43133410.0,30798740.0,40077450.0,14358700.0,19292770.0,83885000.0,52939000.0,66725000.0,73401000.0,52435000.0,68200000.0,24415000.0,32920000.0
20220124,-6060020.0,37697440.0,34444410.0,36828060.0,34021070.0,24582120.0,31460780.0,7762350.0,6943710.0,65927000.0,60225000.0,64375000.0,59461000.0,42994000.0,55040000.0,13583000.0,12155000.0
20220125,1497590.0,27313840.0,29833230.0,26753000.0,25731200.0,16683660.0,13141130.0,4399570.0,6444510.0,48062000.0,52508000.0,47075000.0,45244000.0,29374000.0,23093000.0,7712000.0,11378000.0
20220126,5744820.0,23950820.0,31832290.0,19431410.0,17294750.0,12541230.0,8507120.0,3834380.0,2123670.0,42506000.0,56469000.0,34461000.0,30688000.0,22230000.0,15094000.0,6819000.0,3765000.0
20220127,331410.0,17040380.0,18050230.0,11362920.0,10684480.0,8464860.0,8008760.0,2071590.0,2196280.0,30553000.0,32370000.0,20397000.0,19176000.0,15187000.0,14373000.0,3716000.0,3934000.0
20220128,4753760.0,17783660.0,25255320.0,18212090.0,15494190.0,13931460.0,9733510.0,2769300.0,2213490.0,32046000.0,45473000.0,32778000.0,27894000.0,25073000.0,17543000.0,5009000.0,3996000.0
20220207,2255020.0,16454380.0,18073470.0,13564700.0,14200630.0,9163320.0,8445120.0,3602230.0,2065410.0,29735000.0,32677000.0,24521000.0,25660000.0,16547000.0,15244000.0,6511000.0,3733000.0
20220208,6045420.0,18960810.0,24421730.0,16109160.0,16693670.0,12360320.0,9107490.0,5019590.0,2227000.0,34483000.0,44385000.0,29275000.0,30339000.0,22463000.0,16546000.0,9111000.0,4063000.0
20220209,7952700.0,18591270.0,23599920.0,14745980.0,17690040.0,15513480.0,10571460.0,6259730.0,3249050.0,32974000.0,41799000.0,26125000.0,31337000.0,27444000.0,18709000.0,11059000.0,5757000.0
20220210,1105710.0,13927280.0,15736070.0,12007680.0,11304610.0,7060050.0,7749790.0,3078550.0,1283100.0,24434000.0,27593000.0,21045000.0,19814000.0,12382000.0,13596000.0,5397000.0,2254000.0
20220211,-348350.0,16907330.0,14920470.0,9815800.0,11454310.0,6129280.0,5888820.0,1155160.0,1743970.0,30242000.0,26692000.0,17559000.0,20490000.0,10966000.0,10536000.0,2067000.0,3115000.0
20220214,-3897490.0,19541390.0,19917250.0,17697650.0,13424300.0,7906180.0,10733940.0,1224870.0,2294600.0,34667000.0,35318000.0,31374000.0,23812000.0,14024000.0,19036000.0,2178000.0,4077000.0
20220215,-1582610.0,15510700.0,16070600.0,15382210.0,13239710.0,8049420.0,9376550.0,3994440.0,4249920.0,27487000.0,28467000.0,27245000.0,23465000.0,14249000.0,16596000.0,7059000.0,7513000.0
20220216,-2739240.0,13529390.0,11580760.0,10512460.0,9721850.0,6755200.0,10158330.0,2272130.0,1608240.0,24112000.0,20636000.0,18740000.0,17332000.0,12038000.0,18100000.0,4050000.0,2871000.0
20220217,1367030.0,19203870.0,19248590.0,13251370.0,14573680.0,9475110.0,7838010.0,1196210.0,1466280.0,34201000.0,34297000.0,23615000.0,25958000.0,16882000.0,13955000.0,2123000.0,2612000.0
20220218,-2733890.0,11594190.0,8922560.0,7911820.0,7849570.0,5209470.0,7001290.0,773320.0,1715390.0,20718000.0,15953000.0,14147000.0,14034000.0,9317000.0,12512000.0,1385000.0,3068000.0
20220221,408880.0,11094650.0,12587880.0,9587470.0,8503130.0,5150510.0,4622500.0,548200.0,667330.0,19813000.0,22509000.0,17128000.0,15188000.0,9214000.0,8256000.0,983000.0,1185000.0
20220222,5060240.0,16530080.0,21051470.0,18133250.0,18672100.0,10684990.0,6890990.0,2812590.0,1546350.0,29862000.0,37974000.0,32726000.0,33648000.0,19226000.0,12404000.0,4987000.0,2775000.0
20220223,69020.0,28093700.0,27146500.0,22120640.0,23136840.0,13814980.0,14230300.0,4069650.0,3585310.0,49666000.0,47880000.0,39066000.0,40888000.0,24341000.0,25135000.0,7154000.0,6324000.0
20220224,-326960.0,37028250.0,39120710.0,36384270.0,33964840.0,26212570.0,25903730.0,5300710.0,5936510.0,64367000.0,67966000.0,63112000.0,58914000.0,45390000.0,44881000.0,9140000.0,10250000.0
20220225,-1111500.0,22706660.0,23625520.0,21858820.0,19828460.0,9310200.0,11393720.0,3208220.0,2236200.0,39423000.0,41013000.0,37924000.0,34414000.0,16166000.0,19786000.0,5588000.0,3886000.0
20220228,-629100.0,17093560.0,19048280.0,17553230.0,14969420.0,9088930.0,9992200.0,2855110.0,2580940.0,29202000.0,32524000.0,29976000.0,25553000.0,15512000.0,17073000.0,4864000.0,4405000.0
20220301,4004920.0,21415540.0,30465990.0,29330570.0,24285040.0,19965850.0,20224080.0,8588810.0,4325660.0,35895000.0,50993000.0,49104000.0,40660000.0,33454000.0,33870000.0,14333000.0,7263000.0
20220302,-180120.0,16226660.0,20851760.0,20052180.0,15246940.0,11576030.0,10019860.0,1358820.0,3095110.0,27249000.0,35028000.0,33683000.0,25606000.0,19433000.0,16819000.0,2279000.0,5191000.0
20220303,-5641480.0,24727530.0,18585640.0,24522690.0,25023090.0,13169940.0,16364230.0,3030890.0,5478080.0,43049000.0,32386000.0,42665000.0,43574000.0,22944000.0,28478000.0,5297000.0,9517000.0
20220304,-5768380.0,21123710.0,14820430.0,14310360.0,14845260.0,8091240.0,13113170.0,1593130.0,2339580.0,37545000.0,26314000.0,25430000.0,26326000.0,14353000.0,23328000.0,2807000.0,4166000.0
20220307,-1203820.0,17806910.0,17601590.0,15710130.0,14711630.0,8962270.0,8823360.0,1411750.0,2754480.0,32370000.0,31956000.0,28514000.0,26715000.0,16261000.0,16037000.0,2562000.0,4999000.0
20220308,-2748200.0,17605550.0,16664490.0,17774010.0,15966870.0,8786170.0,10943380.0,2032550.0,2623540.0,32895000.0,31154000.0,33269000.0,29835000.0,16448000.0,20519000.0,3785000.0,4890000.0
20220309,-1358480.0,19482490.0,18828910.0,19483970.0,18779070.0,12450540.0,12866290.0,4482060.0,5424790.0,38227000.0,36927000.0,38330000.0,36998000.0,24518000.0,25320000.0,8792000.0,10622000.0
20220310,-5879720.0,18575640.0,15487700.0,14983650.0,12191880.0,9407370.0,11549340.0,715350.0,4453100.0,35469000.0,29558000.0,28590000.0,23283000.0,17935000.0,22023000.0,1369000.0,8499000.0
20220311,-320310.0,16090670.0,15011140.0,12696290.0,13455530.0,6019330.0,5720190.0,1350780.0,1970230.0,31478000.0,29345000.0,24812000.0,26290000.0,11749000.0,11184000.0,2609000.0,3830000.0
20220314,1684440.0,19317340.0,20391440.0,15886370.0,16496720.0,10455100.0,9540260.0,2257240.0,1487640.0,36937000.0,39023000.0,30379000.0,31542000.0,19978000.0,18240000.0,4329000.0,2818000.0
20220315,-887550.0,19469070.0,20091490.0,12875290.0,11365310.0,7246160.0,7066710.0,1467600.0,2534600.0,38597000.0,39776000.0,25532000.0,22556000.0,14360000.0,14039000.0,2910000.0,5029000.0
20220316,-298390.0,16992200.0,16020600.0,12543290.0,13216490.0,7931300.0,8246880.0,2501630.0,2484440.0,34438000.0,32443000.0,25383000.0,26707000.0,16029000.0,16667000.0,4990000.0,5023000.0
20220317,2054190.0,14206080.0,15195450.0,12295780.0,13360600.0,9766840.0,11927310.0,6087640.0,1872980.0,27514000.0,29455000.0,23828000.0,25903000.0,18925000.0,23114000.0,11832000.0,3627000.0
20220318,3254140.0,11234300.0,12581330.0,10719340.0,12626440.0,8876730.0,8859660.0,5380170.0,2143100.0,22025000.0,24653000.0,21004000.0,24730000.0,17382000.0,17350000.0,10498000.0,4176000.0
20220321,-2006170.0,14350730.0,12256100.0,11048820.0,11137280.0,6084490.0,8659120.0,2705930.0,2137470.0,27721000.0,23669000.0,21335000.0,21507000.0,11750000.0,16710000.0,5218000.0,4137000.0
20220322,1168180.0,9553250.0,10422930.0,9697940.0,9996450.0,5825400.0,5659650.0,3057520.0,2055090.0,18576000.0,20268000.0,18853000.0,19439000.0,11321000.0,11010000.0,5961000.0,3995000.0
20220323,-4974160.0,21477880.0,17081510.0,20882840.0,20305050.0,14440600.0,16707090.0,4011320.0,6718990.0,40727000.0,32346000.0,39536000.0,38440000.0,27312000.0,31664000.0,7560000.0,12685000.0
20220324,2901990.0,12078730.0,14799060.0,10185090.0,10366750.0,10231380.0,6958000.0,2429810.0,2801200.0,22888000.0,28034000.0,19301000.0,19623000.0,19325000.0,13163000.0,4610000.0,5304000.0
20220325,3020730.0,13466600.0,15435950.0,11149460.0,12200850.0,9749180.0,7036280.0,2478530.0,2170700.0,25325000.0,29040000.0,20960000.0,22930000.0,18312000.0,13204000.0,4664000.0,4087000.0
20220328,92840.0,11079740.0,11829360.0,8205450.0,7548660.0,3953400.0,3480870.0,970760.0,1350450.0,21488000.0,22919000.0,15904000.0,14631000.0,7658000.0,6754000.0,1881000.0,2627000.0
20220329,-1172930.0,15299000.0,13374390.0,11966100.0,12717770.0,8606420.0,9106540.0,1530270.0,2203080.0,29268000.0,25598000.0,22908000.0,24329000.0,16447000.0,17386000.0,2905000.0,4215000.0
20220330,-493930.0,11552840.0,11185020.0,9833120.0,9707020.0,5325840.0,5896840.0,788870.0,711800.0,22236000.0,21534000.0,18925000.0,18674000.0,10250000.0,11349000.0,1517000.0,1371000.0
20220331,-1367310.0,14662890.0,12564420.0,13711120.0,14442300.0,7391700.0,10178000.0,4021360.0,2602370.0,28598000.0,24467000.0,26728000.0,28165000.0,14398000.0,19852000.0,7832000.0,5072000.0
20220401,-5325900.0,25224080.0,20749050.0,19032760.0,18181890.0,10446890.0,14581640.0,4390830.0,5581980.0,50361000.0,41363000.0,38008000.0,36306000.0,20867000.0,29176000.0,8757000.0,11148000.0
20220406,-242480.0,18372080.0,18272170.0,12252100.0,12109530.0,5300350.0,7359450.0,3498910.0,1682290.0,37362000.0,37145000.0,24914000.0,24618000.0,10767000.0,14963000.0,7106000.0,3423000.0
20220407,-232030.0,16206250.0,16665970.0,11941840.0,11250090.0,6355940.0,6500560.0,1246190.0,1333600.0,33203000.0,34205000.0,24401000.0,22968000.0,12997000.0,13261000.0,2543000.0,2711000.0
20220408,-883070.0,21017790.0,21979910.0,13483790.0,11638600.0,7007750.0,7369290.0,1450120.0,1971650.0,44790000.0,46842000.0,28720000.0,24787000.0,14922000.0,15701000.0,3098000.0,4199000.0
20220411,-2576840.0,19577190.0,18392260.0,12915480.0,11523570.0,5709330.0,7762540.0,1379580.0,1903210.0,43059000.0,40489000.0,28407000.0,25318000.0,12543000.0,17041000.0,3025000.0,4187000.0
20220412,-1160390.0,11579080.0,11056880.0,9486110.0,8847930.0,6156340.0,5810600.0,266780.0,1772910.0,25558000.0,24390000.0,20969000.0,19548000.0,13598000.0,12846000.0,585000.0,3925000.0
20220413,60540.0,8599140.0,8947710.0,6423110.0,6135080.0,2443810.0,2538850.0,807990.0,652410.0,18878000.0,19642000.0,14100000.0,13463000.0,5365000.0,5577000.0,1774000.0,1434000.0
20220414,626710.0,8215460.0,9295860.0,6255450.0,5801760.0,3133320.0,2391450.0,472190.0,587350.0,18113000.0,20483000.0,13787000.0,12782000.0,6894000.0,5263000.0,1034000.0,1300000.0
20220415,2236020.0,10411090.0,13526210.0,10871380.0,9992280.0,6745860.0,4850590.0,1345630.0,1004880.0,22969000.0,29808000.0,23932000.0,21994000.0,14833000.0,10685000.0,2961000.0,2208000.0
20220418,1424520.0,9363350.0,10476500.0,7599970.0,7911330.0,4093620.0,2997990.0,1068820.0,739930.0,20518000.0,22958000.0,16652000.0,17319000.0,8954000.0,6561000.0,2329000.0,1615000.0
20220419,1602650.0,9598750.0,10693680.0,8368430.0,8876150.0,5299500.0,4232300.0,1145160.0,609710.0,20985000.0,23387000.0,18292000.0,19404000.0,11585000.0,9239000.0,2506000.0,1338000.0
20220420,-593330.0,9684860.0,8418140.0,7364230.0,8037630.0,4099630.0,4516070.0,518320.0,695210.0,21345000.0,18544000.0,16227000.0,17706000.0,9028000.0,9953000.0,1142000.0,1539000.0
20220421,-712730.0,14260740.0,12700780.0,10020560.0,10867790.0,4730620.0,5406980.0,815610.0,851980.0,32471000.0,28926000.0,22780000.0,24740000.0,10790000.0,12307000.0,1866000.0,1934000.0
20220422,-3069230.0,15066700.0,12237310.0,8619100.0,8379250.0,4285880.0,6271310.0,107890.0,1191690.0,35451000.0,28782000.0,20281000.0,19696000.0,10091000.0,14785000.0,257000.0,2818000.0
20220425,-881010.0,19037490.0,17277080.0,14481270.0,15360670.0,7667020.0,7997370.0,1980220.0,2530880.0,47159000.0,42754000.0,35859000.0,38097000.0,19073000.0,19877000.0,4936000.0,6298000.0
20220426,-1253790.0,16053650.0,14215570.0,8308370.0,8892660.0,6085610.0,6258440.0,1964900.0,3045860.0,41586000.0,36878000.0,21588000.0,23078000.0,15812000.0,16242000.0,5108000.0,7895000.0
20220427,-642630.0,18881690.0,17098490.0,12383480.0,13524040.0,5392050.0,6429370.0,2040430.0,1645740.0,48282000.0,43680000.0,31625000.0,34553000.0,13833000.0,16521000.0,5236000.0,4221000.0
20220428,244590.0,10629410.0,11075960.0,7606360.0,7404400.0,4038900.0,3846930.0,565630.0,513010.0,26536000.0,27609000.0,18957000.0,18444000.0,10049000.0,9607000.0,1406000.0,1289000.0
20220429,-1748470.0,16633960.0,19177400.0,18544610.0,14252690.0,6394480.0,8305950.0,2264330.0,2101330.0,39797000.0,45854000.0,44362000.0,34012000.0,15189000.0,19869000.0,5366000.0,4979000.0
20220505,3179420.0,42958360.0,55487860.0,36573740.0,27223660.0,21849470.0,21294080.0,6834010.0,4209980.0,109838000.0,141804000.0,93425000.0,69521000.0,55754000.0,54427000.0,17484000.0,10749000.0
20220506,-1308890.0,22872770.0,20446380.0,12202340.0,13319840.0,6646820.0,7936470.0,1734070.0,1753310.0,59163000.0,52846000.0,31564000.0,34471000.0,17193000.0,20567000.0,4489000.0,4526000.0
20220509,-48190.0,17900180.0,16120790.0,12045330.0,13776530.0,7561960.0,6869140.0,1122060.0,1863070.0,45290000.0,40773000.0,30457000.0,34839000.0,19095000.0,17359000.0,2828000.0,4698000.0
20220510,-2607620.0,22957960.0,18742630.0,15203810.0,16811520.0,8647030.0,10357110.0,892450.0,1789990.0,57328000.0,46773000.0,37927000.0,41926000.0,21533000.0,25849000.0,2237000.0,4478000.0
20220511,-3369270.0,24357190.0,19416930.0,16612870.0,18183860.0,10895170.0,12317010.0,2706180.0,4653610.0,59387000.0,47421000.0,40512000.0,44345000.0,26567000.0,29989000.0,6675000.0,11385000.0
20220512,1209370.0,15161980.0,17140950.0,11869090.0,11099490.0,5413200.0,4034390.0,643150.0,812590.0,37668000.0,42579000.0,29484000.0,27577000.0,13455000.0,10028000.0,1598000.0,2021000.0
20220513,2657250.0,11319540.0,13454410.0,9741950.0,10264340.0,6697910.0,5626010.0,2378470.0,793120.0,27963000.0,33231000.0,24052000.0,25328000.0,16510000.0,13854000.0,5844000.0,1956000.0
20220516,-141560.0,11518870.0,12161880.0,9766350.0,8981770.0,5321690.0,5651110.0,843340.0,655480.0,28468000.0,30054000.0,24121000.0,22184000.0,13128000.0,13931000.0,2076000.0,1623000.0
20220517,-1200850.0,17196710.0,13274100.0,13654710.0,16376470.0,6998640.0,8128220.0,935290.0,1006560.0,42719000.0,32950000.0,33922000.0,40669000.0,17365000.0,20207000.0,2314000.0,2495000.0
20220518,606560.0,16669310.0,14860210.0,14427340.0,16843000.0,9875030.0,11091530.0,3672370.0,1849310.0,40689000.0,36161000.0,35066000.0,40982000.0,23999000.0,26975000.0,8892000.0,4529000.0
20220519,4265890.0,11720450.0,14528340.0,10626290.0,12084290.0,8253260.0,4719300.0,1271100.0,539170.0,28442000.0,35260000.0,25799000.0,29328000.0,20022000.0,11451000.0,3081000.0,1306000.0
20220520,-1558230.0,15689230.0,12720770.0,13872060.0,15282300.0,10120120.0,10125180.0,1820050.0,3373220.0,38049000.0,30832000.0,33669000.0,37101000.0,24588000.0,24597000.0,4400000.0,8175000.0
20220523,-28146440.0,32503780.0,12674910.0,30735880.0,22418310.0,21391360.0,24789920.0,7337730.0,32085610.0,88159000.0,34371000.0,83353000.0,60759000.0,58028000.0,67208000.0,19900000.0,87102000.0
20220524,-2836900.0,46519930.0,41426750.0,41999560.0,44255840.0,26796960.0,27374890.0,3589890.0,5848860.0,130757000.0,116212000.0,117731000.0,124040000.0,75148000.0,76887000.0,9920000.0,16417000.0
20220525,-1083310.0,26459920.0,23288050.0,22704120.0,24792690.0,15322410.0,16023030.0,1846770.0,2229460.0,77202000.0,67887000.0,66172000.0,72298000.0,44665000.0,46735000.0,5373000.0,6493000.0
20220526,5845160.0,26791950.0,30809500.0,27441700.0,29269300.0,26282300.0,23076320.0,6692160.0,4052980.0,75834000.0,87092000.0,77738000.0,82855000.0,74321000.0,65408000.0,18885000.0,11423000.0
20220527,2572760.0,27466990.0,27604510.0,25413510.0,27848750.0,19949180.0,20564730.0,7195960.0,4007650.0,75040000.0,75372000.0,69310000.0,76017000.0,54409000.0,56091000.0,19646000.0,10926000.0
20220530,-1473530.0,32345100.0,28778180.0,23876490.0,25969880.0,15990240.0,19230800.0,8087280.0,6320250.0,85782000.0,76303000.0,63330000.0,68920000.0,42434000.0,51049000.0,21582000.0,16856000.0
20220531,435150.0,21004970.0,18810700.0,13032700.0,15662120.0,10589600.0,9601280.0,1602800.0,2155970.0,55006000.0,49223000.0,34131000.0,41014000.0,27694000.0,25125000.0,4180000.0,5650000.0
20220601,1391550.0,23295900.0,22149080.0,16437180.0,18975540.0,11417580.0,9811380.0,1813120.0,2027770.0,59409000.0,56460000.0,41915000.0,48403000.0,29116000.0,25008000.0,4619000.0,5188000.0
20220602,4741630.0,20035280.0,23729530.0,20826250.0,21873640.0,19884800.0,15768090.0,5723930.0,5099010.0,49215000.0,58160000.0,51065000.0,53685000.0,48727000.0,38677000.0,14015000.0,12500000.0
20220606,1921120.0,23910520.0,27022650.0,20208200.0,19017190.0,13235680.0,10980140.0,2269550.0,2603970.0,58622000.0,66224000.0,49514000.0,46599000.0,32407000.0,26901000.0,5564000.0,6383000.0
20220607,-3139850.0,20073250.0,16820980.0,14741270.0,14853680.0,6954710.0,8413040.0,759120.0,2440640.0,49043000.0,41090000.0,35995000.0,36272000.0,16998000.0,20571000.0,1855000.0,5959000.0
20220608,-1120030.0,23367940.0,20148140.0,17535920.0,19635680.0,9500760.0,9989560.0,2372260.0,3003490.0,56595000.0,48769000.0,42403000.0,47504000.0,22980000.0,24156000.0,5732000.0,7282000.0
20220609,-1740060.0,15432200.0,12872440.0,10168620.0,10988320.0,6772660.0,7271720.0,1642350.0,2883350.0,37934000.0,31639000.0,25005000.0,27027000.0,16649000.0,17883000.0,4050000.0,7089000.0
20220610,1082950.0,23427170.0,22682270.0,16292470.0,18120310.0,11723590.0,11161520.0,4140380.0,3619500.0,56238000.0,54394000.0,39161000.0,43542000.0,28146000.0,26809000.0,9898000.0,8697000.0
20220613,-2401390.0,16749900.0,14436480.0,13439780.0,13351810.0,10034670.0,10434890.0,3134900.0,5136070.0,40236000.0,34634000.0,32296000.0,32057000.0,24132000.0,25104000.0,7544000.0,12414000.0
20220614,-6249350.0,29023300.0,25544320.0,19031270.0,16260900.0,12306810.0,12761950.0,3416380.0,9210590.0,72486000.0,63847000.0,47484000.0,40507000.0,30699000.0,31832000.0,8540000.0,23023000.0
20220615,-3879310.0,25527200.0,21517880.0,24259650.0,24389660.0,19824220.0,18098540.0,4782410.0,10387400.0,62540000.0,52450000.0,59283000.0,59563000.0,48348000.0,44268000.0,11701000.0,25592000.0
20220616,611370.0,22567350.0,19887810.0,22782020.0,26072920.0,15892940.0,14686590.0,8113800.0,8708780.0,53420000.0,47066000.0,53890000.0,61656000.0,37620000.0,34725000.0,19129000.0,20613000.0
20220617,-1700940.0,26029580.0,24384790.0,25027870.0,24971730.0,17284060.0,19513890.0,9990740.0,9461850.0,60700000.0,56822000.0,58344000.0,58196000.0,40300000.0,45487000.0,23309000.0,22148000.0
20220620,6983810.0,20627510.0,27636170.0,23653480.0,23628640.0,21228910.0,15195670.0,7665660.0,6715090.0,48382000.0,64770000.0,55459000.0,55378000.0,49731000.0,35634000.0,17982000.0,15773000.0
20220621,2062940.0,16251910.0,16144140.0,14825380.0,16996080.0,12032410.0,10833540.0,4690040.0,3825970.0,38390000.0,38140000.0,35009000.0,40158000.0,28451000.0,25593000.0,11076000.0,9035000.0
20220622,-295910.0,17812990.0,18202440.0,13313320.0,12627970.0,9306380.0,10261610.0,5410370.0,4751050.0,42770000.0,43671000.0,31951000.0,30343000.0,22358000.0,24663000.0,13094000.0,11496000.0
20220623,4741270.0,28652330.0,34862850.0,36055830.0,34586590.0,33179350.0,28696750.0,8911730.0,8653060.0,66306000.0,80518000.0,83230000.0,79608000.0,75994000.0,65963000.0,20501000.0,19941000.0
20220624,-963310.0,39030840.0,46204810.0,59625480.0,51488200.0,39014050.0,43258600.0,16482360.0,13201120.0,83568000.0,98928000.0,127733000.0,110281000.0,83657000.0,92714000.0,35295000.0,28329000.0
20220627,683140.0,22742600.0,25958580.0,23203440.0,20670590.0,15428130.0,14073570.0,5348430.0,6019850.0,49234000.0,56164000.0,50213000.0,44723000.0,33347000.0,30445000.0,11571000.0,13033000.0
20220628,5666490.0,16712200.0,23592240.0,19523040.0,18309500.0,18519380.0,13804110.0,7825540.0,6874320.0,35769000.0,50477000.0,41789000.0,39172000.0,39620000.0,29528000.0,16711000.0,14713000.0
20220629,-1370200.0,13187780.0,14148200.0,16005080.0,13674470.0,11541030.0,12023380.0,3399850.0,4287700.0,28499000.0,30540000.0,34593000.0,29570000.0,24931000.0,26011000.0,7328000.0,9230000.0
20220630,-3826640.0,19363040.0,17990320.0,22714670.0,20260740.0,11744690.0,11163090.0,2578740.0,6986980.0,42859000.0,39771000.0,50290000.0,44835000.0,25996000.0,24705000.0,5703000.0,15536000.0
20220701,-2887970.0,15931150.0,14808560.0,14889510.0,13124130.0,8190790.0,10301410.0,2270790.0,3048140.0,35592000.0,33033000.0,33225000.0,29304000.0,18257000.0,22982000.0,5071000.0,6827000.0
20220704,-4704140.0,27032260.0,23068010.0,23735540.0,22995650.0,13926190.0,15299660.0,4362630.0,7693300.0,58997000.0,50288000.0,51739000.0,50116000.0,30368000.0,33386000.0,9440000.0,16754000.0
20220705,-1611530.0,21047860.0,22997170.0,23634530.0,20073710.0,11226650.0,11437380.0,1940070.0,3340870.0,45208000.0,49379000.0,50758000.0,43108000.0,24091000.0,24556000.0,4148000.0,7162000.0
20220706,-5489150.0,18594270.0,18272450.0,21426270.0,16258950.0,6996030.0,11763830.0,1806380.0,2527730.0,40708000.0,40032000.0,46928000.0,35593000.0,15308000.0,25739000.0,3975000.0,5555000.0
20220707,530960.0,19178700.0,22154660.0,21023220.0,18578220.0,10169820.0,11108510.0,3315360.0,1845710.0,41420000.0,47828000.0,45393000.0,40109000.0,21947000.0,23987000.0,7147000.0,3982000.0
20220708,1756100.0,15297960.0,20489050.0,17814780.0,14379780.0,9166130.0,7520030.0,1288180.0,1178180.0,33214000.0,44431000.0,38623000.0,31170000.0,19851000.0,16311000.0,2774000.0,2550000.0
20220711,-3858610.0,22498720.0,18349180.0,17689430.0,17980360.0,10299830.0,9338020.0,1882360.0,6702780.0,51489000.0,41965000.0,40459000.0,41157000.0,23564000.0,21327000.0,4309000.0,15374000.0
20220712,-4173270.0,16648040.0,12543080.0,12294300.0,12225970.0,3853820.0,7007030.0,623640.0,1643700.0,38324000.0,28858000.0,28288000.0,28127000.0,8854000.0,16125000.0,1438000.0,3794000.0
20220713,504130.0,12911930.0,11703890.0,8844900.0,10557070.0,6810660.0,6449350.0,1186180.0,1043360.0,30238000.0,27402000.0,20738000.0,24695000.0,15933000.0,15133000.0,2763000.0,2443000.0
20220714,1194540.0,11653940.0,11375920.0,9848410.0,11320970.0,6447980.0,7428500.0,6064090.0,3889030.0,26664000.0,26023000.0,22559000.0,25913000.0,14770000.0,17030000.0,13920000.0,8946000.0
20220715,1125220.0,23304070.0,22818030.0,25062370.0,26673630.0,17737810.0,21181550.0,8325390.0,3756430.0,52120000.0,50996000.0,56106000.0,59755000.0,39770000.0,47551000.0,18776000.0,8470000.0
20220718,3250080.0,16466120.0,19652500.0,14844520.0,14908220.0,12019910.0,8960570.0,2921260.0,2730520.0,37737000.0,45026000.0,34023000.0,34212000.0,27611000.0,20563000.0,6711000.0,6280000.0
20220719,-1421310.0,14370090.0,15817990.0,17014630.0,14145420.0,10491640.0,11143450.0,1876080.0,2645580.0,32217000.0,35438000.0,38121000.0,31678000.0,23513000.0,25021000.0,4218000.0,5932000.0
20220720,2415190.0,15927720.0,19358030.0,20825070.0,19809930.0,11794730.0,10605450.0,4057180.0,2831270.0,35194000.0,42754000.0,45979000.0,43742000.0,26029000.0,23393000.0,8928000.0,6241000.0
20220721,-238680.0,11427070.0,12377310.0,13930150.0,12741230.0,10097320.0,9584190.0,1363010.0,2114820.0,25540000.0,27667000.0,31116000.0,28467000.0,22557000.0,21397000.0,3057000.0,4740000.0
20220722,-1504280.0,14049860.0,14192990.0,12157430.0,10510020.0,7354550.0,8375790.0,1651230.0,2134270.0,32043000.0,32511000.0,27764000.0,23973000.0,16867000.0,19106000.0,3798000.0,4881000.0
20220725,206770.0,13201850.0,13009780.0,12407650.0,12806480.0,7094160.0,6149350.0,1122850.0,1860890.0,30237000.0,29810000.0,28357000.0,29312000.0,16250000.0,14058000.0,2587000.0,4251000.0
20220726,-1322410.0,16695170.0,16807590.0,17435860.0,16001030.0,8997880.0,9046360.0,1213620.0,2487550.0,37894000.0,38133000.0,39427000.0,36227000.0,20390000.0,20463000.0,2779000.0,5667000.0
20220727,970640.0,12865660.0,12971130.0,10280260.0,11145430.0,5473200.0,3884850.0,639990.0,1257700.0,28894000.0,29166000.0,23100000.0,25011000.0,12284000.0,8712000.0,1437000.0,2827000.0
20220728,1611310.0,11216650.0,12980760.0,13217170.0,13064360.0,8722270.0,7518440.0,2484200.0,2076720.0,25249000.0,29232000.0,29757000.0,29387000.0,19647000.0,16932000.0,5558000.0,4661000.0
20220729,2150130.0,12293910.0,14573620.0,12433320.0,12303740.0,7004430.0,5645990.0,2706400.0,1914710.0,27975000.0,33147000.0,28267000.0,27961000.0,15930000.0,12839000.0,6127000.0,4352000.0
20220801,-579430.0,10471760.0,9120680.0,11134990.0,11906640.0,6390310.0,6979470.0,742600.0,732870.0,24258000.0,21139000.0,25793000.0,27598000.0,14819000.0,16157000.0,1726000.0,1702000.0
20220802,-1580920.0,16815540.0,15517510.0,15986240.0,15703340.0,7030100.0,8724990.0,1465600.0,1351630.0,39753000.0,36675000.0,37739000.0,37091000.0,16635000.0,20609000.0,3466000.0,3218000.0
20220803,-171090.0,29076310.0,25737370.0,33162310.0,36330160.0,21926940.0,22372670.0,6331860.0,6057220.0,66007000.0,58389000.0,75296000.0,82414000.0,49620000.0,50653000.0,14206000.0,13674000.0
20220804,2004450.0,17853790.0,20277800.0,17342780.0,16923220.0,10030410.0,7622510.0,1649250.0,2052700.0,41757000.0,47457000.0,40575000.0,39579000.0,23492000.0,17836000.0,3852000.0,4805000.0
20220805,-836350.0,13464380.0,14402100.0,12574840.0,10800780.0,5483520.0,5587210.0,683770.0,1416430.0,31821000.0,34022000.0,29709000.0,25514000.0,12951000.0,13187000.0,1611000.0,3370000.0
20220808,730210.0,14932000.0,17254970.0,17144440.0,15551680.0,7959250.0,8451300.0,1833870.0,611610.0,34926000.0,40359000.0,40086000.0,36352000.0,18605000.0,19769000.0,4293000.0,1430000.0
20220809,2941150.0,19916730.0,23368300.0,27124400.0,26613990.0,15852440.0,13863590.0,3902410.0,2950110.0,45879000.0,53851000.0,62297000.0,60941000.0,36306000.0,31781000.0,8949000.0,6856000.0
20220810,5661630.0,27507850.0,28085610.0,39147300.0,44231180.0,30639150.0,28663400.0,10067700.0,6381820.0,59879000.0,61107000.0,85167000.0,96209000.0,66696000.0,62425000.0,21885000.0,13885000.0
20220811,18799130.0,22421010.0,34302270.0,35327140.0,42245000.0,41597500.0,31309400.0,18138470.0,9627440.0,47889000.0,72944000.0,75073000.0,89599000.0,88051000.0,66314000.0,38216000.0,20373000.0
20220812,20867240.0,33035840.0,37973770.0,54688560.0,70617870.0,65927120.0,61262720.0,37101560.0,20898720.0,65271000.0,74927000.0,108053000.0,139521000.0,130444000.0,121204000.0,73417000.0,41534000.0
20220815,8043320.0,23383920.0,34540240.0,36076080.0,32963080.0,44082310.0,35307420.0,23484670.0,24216240.0,47150000.0,69557000.0,72667000.0,66388000.0,88822000.0,71110000.0,47428000.0,49012000.0
20220816,-3613530.0,16126530.0,16199490.0,24178670.0,20492190.0,17896080.0,20652300.0,5752700.0,6610010.0,32298000.0,32408000.0,48332000.0,40960000.0,35794000.0,41300000.0,11471000.0,13226000.0
20220817,770930.0,15838510.0,15400680.0,16983470.0,18192220.0,17013860.0,15751960.0,6302170.0,6793140.0,32172000.0,31284000.0,34494000.0,36932000.0,34555000.0,32002000.0,12809000.0,13812000.0
20220818,266120.0,16840040.0,15335220.0,19943140.0,21714070.0,17542070.0,18543010.0,5991390.0,4724330.0,33634000.0,30637000.0,39727000.0,43315000.0,34961000.0,36912000.0,11913000.0,9370000.0
20220819,-1543490.0,14874260.0,14750400.0,15109290.0,13689670.0,11501980.0,11103730.0,3036230.0,4977970.0,30239000.0,29941000.0,30688000.0,27787000.0,23337000.0,22568000.0,6168000.0,10136000.0
20220822,-3329070.0,13594670.0,13803330.0,14793270.0,11255540.0,11031730.0,11528280.0,2981010.0,5813530.0,28200000.0,28574000.0,30689000.0,23332000.0,22864000.0,23943000.0,6197000.0,12101000.0
20220823,-1600780.0,13610740.0,13722400.0,16096240.0,14383800.0,10820910.0,12022010.0,3602510.0,4002190.0,28858000.0,29056000.0,34114000.0,30477000.0,22929000.0,25514000.0,7655000.0,8508000.0
20220824,-11719710.0,23524110.0,14667180.0,27489110.0,24626310.0,21545180.0,27091770.0,9777630.0,15950750.0,52584000.0,32795000.0,61380000.0,54919000.0,48202000.0,60404000.0,21803000.0,35852000.0
20220825,2590730.0,12383470.0,13763770.0,10147010.0,11357440.0,8261810.0,7573450.0,4956000.0,3053630.0,28149000.0,31274000.0,23054000.0,25796000.0,18771000.0,17227000.0,11272000.0,6949000.0
20220826,2305930.0,10047220.0,13257170.0,12713680.0,11809670.0,8389010.0,6251000.0,2288570.0,2120650.0,22421000.0,29617000.0,28377000.0,26337000.0,18716000.0,13952000.0,5111000.0,4718000.0
20220829,-196400.0,11211530.0,11594300.0,10728100.0,10148930.0,8572650.0,7438930.0,574600.0,1904720.0,25324000.0,26197000.0,24239000.0,22904000.0,19366000.0,16811000.0,1303000.0,4319000.0
20220830,-1993800.0,8595110.0,7177700.0,7824960.0,7248580.0,4740460.0,6393900.0,1548840.0,1889200.0,19858000.0,16573000.0,18068000.0,16746000.0,10933000.0,14768000.0,3590000.0,4361000.0
20220831,270310.0,9420490.0,9606110.0,9852000.0,9936680.0,8701620.0,8456390.0,2726390.0,2701310.0,22176000.0,22608000.0,23184000.0,23376000.0,20421000.0,19853000.0,6399000.0,6342000.0
20220901,1001490.0,6540420.0,8051610.0,6692280.0,6182570.0,4368450.0,4189700.0,1681100.0,858360.0,15404000.0,18965000.0,15761000.0,14555000.0,10281000.0,9861000.0,3954000.0,2019000.0
20220902,3045930.0,7476790.0,10063670.0,8801100.0,9260160.0,6972730.0,5921000.0,3061450.0,1067250.0,17432000.0,23463000.0,20525000.0,21580000.0,16245000.0,13781000.0,7110000.0,2487000.0
20220905,1612010.0,6536760.0,8717290.0,6843180.0,6274660.0,5102740.0,4063150.0,2514160.0,1941740.0,15263000.0,20342000.0,15966000.0,14633000.0,11888000.0,9465000.0,5851000.0,4528000.0
20220906,1755760.0,12311120.0,12791620.0,16476360.0,17751620.0,12238300.0,10604810.0,3611070.0,3488800.0,27682000.0,28745000.0,37091000.0,39896000.0,27463000.0,23793000.0,8087000.0,7890000.0
20220907,2688360.0,10631590.0,12724580.0,13526640.0,14122000.0,9594120.0,9093130.0,3668630.0,1481260.0,23301000.0,27913000.0,29680000.0,30937000.0,21030000.0,19915000.0,7988000.0,3234000.0
20220908,712740.0,9506410.0,8072230.0,7454010.0,9600920.0,6980360.0,6158250.0,1280980.0,1390350.0,20666000.0,17552000.0,16204000.0,20876000.0,15173000.0,13389000.0,2788000.0,3014000.0
20220909,-2169570.0,11029620.0,9147110.0,11147600.0,10860530.0,6776950.0,8072290.0,1260730.0,2134960.0,24039000.0,19918000.0,24258000.0,23640000.0,14737000.0,17550000.0,2731000.0,4657000.0
20220913,-2252930.0,16297090.0,17201150.0,22302160.0,19145180.0,10804850.0,13300730.0,3315070.0,3072120.0,34507000.0,36469000.0,47271000.0,40527000.0,22851000.0,28106000.0,6965000.0,6491000.0
20220914,-1580260.0,11342710.0,10315490.0,12388110.0,11835070.0,6849580.0,7962810.0,1146050.0,1613080.0,23938000.0,21766000.0,26130000.0,24971000.0,14443000.0,16791000.0,2428000.0,3410000.0
20220915,-4896400.0,14093750.0,10351140.0,13094490.0,11940710.0,11649430.0,14015800.0,2647120.0,5177150.0,30158000.0,22116000.0,28000000.0,25534000.0,24891000.0,29974000.0,5665000.0,11091000.0
20220916,-1963360.0,16736250.0,12292140.0,14043730.0,16524470.0,9838120.0,11300690.0,2120920.0,2621710.0,35766000.0,26231000.0,30009000.0,35295000.0,21007000.0,24164000.0,4538000.0,5628000.0
20220919,-3145590.0,15931590.0,12307710.0,12407560.0,12885850.0,5919810.0,7530210.0,222440.0,1757630.0,35607000.0,27494000.0,27707000.0,28776000.0,13190000.0,16819000.0,493000.0,3909000.0
20220920,-714730.0,9261220.0,10546430.0,9831000.0,7831070.0,3967650.0,3650450.0,120600.0,1152530.0,20977000.0,23892000.0,22263000.0,17727000.0,8980000.0,8269000.0,271000.0,2604000.0
20220921,-709280.0,10075960.0,10590300.0,8482820.0,7259200.0,4268190.0,4630920.0,1139390.0,1485940.0,23109000.0,24259000.0,19455000.0,16660000.0,9828000.0,10658000.0,2608000.0,3422000.0
20220922,-3671760.0,17255380.0,12775250.0,9993350.0,10801730.0,5902540.0,8848900.0,778610.0,1504010.0,38056000.0,28187000.0,22095000.0,23848000.0,13033000.0,19546000.0,1721000.0,3324000.0
20220923,-2356350.0,12664520.0,11506270.0,10554340.0,9356240.0,8018770.0,7878290.0,1440590.0,3937420.0,28299000.0,25644000.0,23478000.0,20790000.0,17916000.0,17612000.0,3247000.0,8895000.0
20220926,-1749520.0,12615040.0,12376630.0,11782110.0,10271000.0,7629590.0,8624140.0,1814100.0,2569070.0,29840000.0,29249000.0,27912000.0,24297000.0,18054000.0,20462000.0,4357000.0,6155000.0
20220927,848930.0,10847840.0,11819830.0,10222940.0,10099890.0,6365700.0,6012570.0,1667570.0,1171770.0,26110000.0,28464000.0,24606000.0,24297000.0,15320000.0,14466000.0,4009000.0,2817000.0
20220928,43230.0,13634460.0,15385310.0,11584780.0,9877160.0,6114500.0,4720360.0,1321630.0,2672540.0,33801000.0,38138000.0,28678000.0,24427000.0,15141000.0,11688000.0,3262000.0,6630000.0
20220929,-2475060.0,12872450.0,9869990.0,10493240.0,11020630.0,4060450.0,6192710.0,143340.0,486140.0,31424000.0,24099000.0,25585000.0,26874000.0,9924000.0,15120000.0,354000.0,1194000.0
20220930,2540200.0,8350910.0,11554430.0,6168130.0,5504820.0,5449470.0,3681790.0,2608330.0,1835810.0,20918000.0,28940000.0,15444000.0,13781000.0,13651000.0,9220000.0,6503000.0,4575000.0
20221010,-636160.0,8524840.0,8010800.0,5200700.0,5078570.0,2696190.0,2824690.0,128620.0,636280.0,21895000.0,20567000.0,13364000.0,13054000.0,6916000.0,7251000.0,334000.0,1637000.0
20221011,737380.0,7671840.0,8278940.0,5021690.0,5151970.0,2491350.0,1866790.0,244890.0,132070.0,20032000.0,21608000.0,13115000.0,13455000.0,6504000.0,4879000.0,637000.0,347000.0
20221012,271550.0,7991840.0,8373260.0,6147270.0,6037400.0,4037350.0,4604530.0,1576840.0,738110.0,20897000.0,21884000.0,16080000.0,15795000.0,10516000.0,12026000.0,4138000.0,1927000.0
20221013,1168220.0,7185000.0,9142690.0,6964490.0,6175010.0,5011850.0,3620340.0,338710.0,562000.0,18413000.0,23421000.0,17849000.0,15818000.0,12842000.0,9286000.0,868000.0,1447000.0
20221014,2071260.0,6936720.0,7963670.0,6553650.0,7597960.0,5139570.0,4892000.0,2379440.0,555750.0,17485000.0,20078000.0,16522000.0,19136000.0,12948000.0,12313000.0,5967000.0,1395000.0
20221017,1466340.0,7828290.0,9731540.0,11154300.0,10717390.0,10846310.0,10563710.0,3351790.0,2168050.0,18961000.0,23521000.0,26999000.0,25905000.0,26161000.0,25556000.0,8096000.0,5235000.0
20221018,239350.0,6302610.0,7220700.0,7646650.0,6967910.0,4395570.0,3839590.0,518240.0,834870.0,15296000.0,17530000.0,18572000.0,16919000.0,10675000.0,9327000.0,1257000.0,2024000.0
20221019,1130480.0,6544310.0,7085690.0,8360170.0,8949260.0,6037350.0,4944370.0,1650720.0,1613220.0,15926000.0,17210000.0,20315000.0,21748000.0,14651000.0,12012000.0,4015000.0,3937000.0
20221020,-1010260.0,12231900.0,9715570.0,12634950.0,14141020.0,8009520.0,5655040.0,1125720.0,4490460.0,30502000.0,24216000.0,31490000.0,35249000.0,19968000.0,14098000.0,2812000.0,11210000.0
20221021,1884080.0,10939790.0,9758410.0,9732610.0,12798070.0,7184040.0,5817720.0,2799970.0,2282210.0,27175000.0,24218000.0,24109000.0,31721000.0,17772000.0,14402000.0,6909000.0,5624000.0
20221024,94100.0,15335680.0,14322670.0,13963970.0,15071080.0,9798440.0,9496340.0,2683710.0,2891710.0,36762000.0,34292000.0,33453000.0,36078000.0,23423000.0,22753000.0,6399000.0,6915000.0
20221025,1081650.0,13838990.0,11948940.0,9854970.0,12826670.0,6670080.0,4816980.0,1388370.0,2159820.0,34071000.0,29415000.0,24245000.0,31565000.0,16412000.0,11869000.0,3428000.0,5307000.0
20221026,-82350.0,18708600.0,15994310.0,14595990.0,17227930.0,11767080.0,12010860.0,2787680.0,2626250.0,44734000.0,38159000.0,34742000.0,41046000.0,27980000.0,28639000.0,6609000.0,6221000.0
20221027,1181630.0,11121230.0,11128900.0,9138990.0,10312940.0,8086070.0,7970710.0,2439050.0,1372780.0,26001000.0,26027000.0,21360000.0,24110000.0,18909000.0,18627000.0,5710000.0,3217000.0
20221028,-2565600.0,11537390.0,9371670.0,9035340.0,8635460.0,5348260.0,6182670.0,1449150.0,3180340.0,27571000.0,22372000.0,21553000.0,20606000.0,12767000.0,14765000.0,3435000.0,7583000.0
20221031,-662410.0,17817670.0,16524320.0,17310890.0,17941820.0,11766120.0,12444990.0,4370040.0,4353580.0,42094000.0,38814000.0,40507000.0,42016000.0,27407000.0,29140000.0,10086000.0,10125000.0
20221101,1845940.0,14180150.0,13289690.0,11581290.0,14317690.0,9055610.0,5914770.0,2959720.0,4254620.0,32273000.0,30271000.0,26355000.0,32560000.0,20571000.0,13445000.0,6704000.0,9627000.0
20221102,1661820.0,12547940.0,11809870.0,11708170.0,14108040.0,8903200.0,6821310.0,3580950.0,4001020.0,28736000.0,27000000.0,26823000.0,32337000.0,20425000.0,15660000.0,8170000.0,9157000.0
20221103,138030.0,9857900.0,9765010.0,8351570.0,8582490.0,4220230.0,4093020.0,726060.0,715240.0,22831000.0,22610000.0,19341000.0,19874000.0,9784000.0,9486000.0,1680000.0,1666000.0
20221104,934640.0,9809030.0,10685380.0,10624960.0,10683250.0,8096860.0,7011450.0,2445720.0,2596490.0,22752000.0,24783000.0,24648000.0,24782000.0,18794000.0,16272000.0,5679000.0,6036000.0
20221107,-1637570.0,12222360.0,11802170.0,13593300.0,12375920.0,7691980.0,6006720.0,1398100.0,4720930.0,28448000.0,27463000.0,31635000.0,28803000.0,17907000.0,13966000.0,3247000.0,11004000.0
20221108,-4922380.0,18786970.0,19458730.0,27831320.0,22237170.0,12193180.0,16266550.0,2214470.0,3063480.0,42930000.0,44475000.0,63628000.0,50856000.0,27786000.0,37081000.0,5059000.0,6991000.0
20221109,2543310.0,12186430.0,18520700.0,13361040.0,9570080.0,9506850.0,5520480.0,1786520.0,3229580.0,27924000.0,42456000.0,30583000.0,21869000.0,21751000.0,12626000.0,4078000.0,7385000.0
20221110,-240500.0,9533860.0,11150570.0,9535080.0,7677860.0,5131370.0,5062040.0,378060.0,687890.0,22560000.0,26378000.0,22561000.0,18164000.0,12136000.0,11976000.0,889000.0,1629000.0
20221111,1718400.0,8513050.0,10233940.0,7281020.0,7278530.0,5780760.0,4717860.0,1031210.0,375710.0,20033000.0,24088000.0,17142000.0,17129000.0,13598000.0,11097000.0,2425000.0,883000.0
20221114,913280.0,7027930.0,8656200.0,6803160.0,6088170.0,3300580.0,3117320.0,1616900.0,886880.0,16768000.0,20659000.0,16230000.0,14523000.0,7878000.0,7438000.0,3862000.0,2118000.0
20221115,873120.0,6018280.0,7444220.0,6179650.0,5626820.0,5418220.0,3437950.0,472630.0,1579780.0,14323000.0,17722000.0,14705000.0,13383000.0,12885000.0,8173000.0,1122000.0,3756000.0
20221116,189430.0,8573410.0,9525310.0,9492330.0,8729860.0,6253970.0,5960260.0,1231410.0,1335690.0,20068000.0,22292000.0,22221000.0,20419000.0,14618000.0,13932000.0,2858000.0,3123000.0
20221117,-2087430.0,10388230.0,8115950.0,7991150.0,8175990.0,3360220.0,4106170.0,0.0,1341480.0,24568000.0,19211000.0,18927000.0,19312000.0,7968000.0,9713000.0,0.0,3227000.0
20221118,-396290.0,8580770.0,8513470.0,7241130.0,6912140.0,3956840.0,4115040.0,1206490.0,1444580.0,20189000.0,20018000.0,17022000.0,16248000.0,9295000.0,9676000.0,2848000.0,3412000.0
20221121,-1732600.0,15409400.0,12077930.0,13258940.0,14857820.0,7375710.0,9377080.0,1847220.0,1578450.0,35723000.0,27978000.0,30697000.0,34413000.0,17049000.0,21680000.0,4258000.0,3656000.0
20221122,-1367460.0,13719620.0,14623220.0,19576240.0,17305180.0,11047470.0,13302530.0,3009090.0,2121490.0,31125000.0,33148000.0,44392000.0,39232000.0,25036000.0,30164000.0,6785000.0,4795000.0
20221123,576240.0,6541140.0,7340640.0,7216520.0,6993250.0,3467460.0,3291310.0,862600.0,462510.0,15034000.0,16873000.0,16594000.0,16071000.0,7971000.0,7567000.0,1980000.0,1068000.0
20221124,-1151460.0,10716860.0,9622500.0,10497710.0,10440610.0,5504340.0,7319290.0,1121770.0,458280.0,24275000.0,21812000.0,23780000.0,23649000.0,12476000.0,16574000.0,2548000.0,1044000.0
20221125,4528620.0,13659340.0,18711510.0,20549490.0,20025940.0,18269570.0,13538080.0,4140300.0,4343170.0,30348000.0,41539000.0,45605000.0,44444000.0,40536000.0,30047000.0,9198000.0,9657000.0
20221128,-347920.0,26844980.0,26869410.0,38139880.0,37767530.0,25469210.0,24399700.0,4990660.0,6408090.0,56808000.0,56926000.0,80793000.0,79940000.0,54095000.0,51757000.0,10588000.0,13661000.0
20221129,-2970210.0,17056680.0,11915330.0,15615980.0,17787120.0,11376390.0,13659230.0,2854260.0,3541630.0,36142000.0,25243000.0,33075000.0,37672000.0,24097000.0,28926000.0,6029000.0,7502000.0
20221130,-3410370.0,19472810.0,17475790.0,18783110.0,17369770.0,8408740.0,10307980.0,1597060.0,3108190.0,40581000.0,36417000.0,39157000.0,36196000.0,17539000.0,21502000.0,3312000.0,6475000.0
20221201,-7382400.0,18825830.0,15394750.0,20379850.0,16428510.0,18240630.0,18033330.0,4227600.0,11817300.0,38403000.0,31375000.0,41535000.0,33526000.0,37265000.0,36807000.0,8610000.0,24106000.0
20221202,-1632130.0,17518580.0,13032530.0,10361230.0,13215150.0,7453040.0,9786880.0,3781720.0,3080010.0,36045000.0,26835000.0,21322000.0,27186000.0,15348000.0,20128000.0,7800000.0,6368000.0
20221205,-932880.0,15036010.0,13947660.0,10467860.0,10623330.0,6468660.0,6112970.0,854290.0,2142860.0,31473000.0,29207000.0,21920000.0,22237000.0,13552000.0,12798000.0,1792000.0,4495000.0
20221206,1381700.0,12006050.0,10912510.0,10011970.0,12487210.0,8411920.0,7505280.0,4864420.0,4389360.0,24967000.0,22628000.0,20815000.0,25945000.0,17467000.0,15623000.0,10138000.0,9191000.0
20221207,-1092220.0,11228530.0,8585970.0,10387360.0,11937690.0,7162750.0,9414420.0,2859930.0,1700480.0,23392000.0,17877000.0,21662000.0,24863000.0,14927000.0,19652000.0,5970000.0,3559000.0
20221208,-2253260.0,9736900.0,8305710.0,8694640.0,7872560.0,5487690.0,6651620.0,1194730.0,2284060.0,20749000.0,17690000.0,18546000.0,16780000.0,11705000.0,14188000.0,2552000.0,4894000.0
20221209,-1490810.0,12049910.0,11034890.0,9466860.0,8991070.0,6191610.0,6322360.0,545120.0,1905180.0,25807000.0,23623000.0,20247000.0,19221000.0,13238000.0,13527000.0,1164000.0,4084000.0
20221212,1679550.0,12224720.0,15999590.0,11064500.0,8969190.0,7679810.0,5404180.0,1050380.0,1646460.0,25873000.0,33857000.0,23409000.0,18926000.0,16227000.0,11454000.0,2236000.0,3507000.0
20221213,420670.0,6850910.0,7867140.0,4602610.0,4007060.0,2644810.0,2053730.0,149070.0,319480.0,14565000.0,16720000.0,9782000.0,8515000.0,5627000.0,4376000.0,319000.0,683000.0
20221214,558680.0,7329180.0,8827680.0,5839120.0,4899300.0,3498330.0,1921630.0,559680.0,1577700.0,15801000.0,19013000.0,12592000.0,10575000.0,7556000.0,4156000.0,1213000.0,3418000.0
20221215,2362320.0,17561040.0,17637540.0,17032520.0,19318340.0,13698370.0,13149400.0,5645240.0,3831890.0,36988000.0,37146000.0,35886000.0,40698000.0,28812000.0,27654000.0,11860000.0,8047000.0
20221216,2035140.0,8887730.0,10484800.0,7109250.0,7547320.0,5701740.0,4308430.0,1525200.0,883370.0,18664000.0,22022000.0,14909000.0,15824000.0,11955000.0,9015000.0,3181000.0,1848000.0
20221219,724530.0,7138780.0,7300540.0,4684740.0,5247520.0,3810420.0,3282070.0,1515520.0,1319340.0,15187000.0,15519000.0,9967000.0,11167000.0,8114000.0,6995000.0,3211000.0,2797000.0
20221220,-222210.0,8055430.0,9397500.0,6410000.0,4845710.0,4970260.0,4125420.0,1142500.0,2209550.0,17345000.0,20219000.0,13806000.0,10437000.0,10711000.0,8883000.0,2464000.0,4787000.0
20221221,-1154800.0,7237040.0,6504460.0,5879290.0,5457060.0,3568940.0,4206440.0,506810.0,1024110.0,15751000.0,14134000.0,12825000.0,11895000.0,7760000.0,9169000.0,1107000.0,2246000.0
20221222,-871100.0,8865980.0,7826190.0,8309940.0,8478630.0,4881890.0,4223310.0,731660.0,2261340.0,19333000.0,17041000.0,18074000.0,18488000.0,10635000.0,9204000.0,1589000.0,4899000.0
20221223,1300180.0,6262370.0,6263890.0,3742280.0,5040940.0,3345400.0,1939900.0,325660.0,430980.0,13534000.0,13540000.0,8083000.0,10887000.0,7227000.0,4189000.0,708000.0,935000.0
20230110,-12254750.0,38028500.0,34634280.0,50851550.0,41991030.0,46919370.0,53172460.0,50768190.0,56769850.0,80747000.0,73771000.0,107651000.0,88920000.0,99029000.0,112073000.0,102257000.0,114920000.0
20230111,-9424260.0,23564830.0,21033800.0,31381640.0,24488420.0,23371120.0,23833110.0,7821200.0,16783470.0,52858000.0,47140000.0,70371000.0,54912000.0,52470000.0,53449000.0,17586000.0,37784000.0
20230112,-604540.0,18206820.0,18862070.0,20004460.0,18744670.0,16073130.0,15660010.0,6358580.0,7376240.0,41635000.0,43142000.0,45700000.0,42737000.0,36563000.0,35609000.0,14454000.0,16864000.0
20230113,-5140630.0,16985250.0,14702380.0,20066890.0,17209120.0,12344680.0,18168660.0,4252360.0,3569010.0,38685000.0,33477000.0,45699000.0,39197000.0,28100000.0,41351000.0,9658000.0,8118000.0
20230116,-1773740.0,17173700.0,19420180.0,20181020.0,16160810.0,9752410.0,13660970.0,6679010.0,4544190.0,38792000.0,43871000.0,45577000.0,36486000.0,22022000.0,30853000.0,15084000.0,10265000.0
20230117,1124740.0,13900050.0,13356560.0,16687720.0,18355950.0,11946880.0,10262950.0,4498740.0,5057930.0,30844000.0,29638000.0,36986000.0,40694000.0,26464000.0,22736000.0,9969000.0,11194000.0
20230118,1636750.0,8632750.0,9642250.0,7848690.0,8475940.0,5357770.0,3606340.0,487720.0,602400.0,19153000.0,21396000.0,17413000.0,18802000.0,11889000.0,8001000.0,1083000.0,1339000.0
20230119,-1104550.0,8283470.0,7541840.0,10177090.0,9814160.0,5829190.0,6051360.0,528350.0,1410730.0,18217000.0,16589000.0,22380000.0,21592000.0,12813000.0,13301000.0,1159000.0,3087000.0
20230120,-389970.0,11378280.0,9309490.0,11418570.0,13097390.0,8600910.0,8912070.0,1501030.0,1579840.0,24895000.0,20361000.0,24980000.0,28688000.0,18849000.0,19495000.0,3277000.0,3456000.0
20230130,-6906240.0,19581920.0,16660670.0,23629440.0,19644450.0,18356220.0,20534280.0,6433080.0,11161260.0,41655000.0,35456000.0,50277000.0,41834000.0,39133000.0,43710000.0,13670000.0,23736000.0
20230131,-8645050.0,19828460.0,15598370.0,22735210.0,18320250.0,11121550.0,15700290.0,6485520.0,10551830.0,41485000.0,32634000.0,47601000.0,38349000.0,23254000.0,32871000.0,13546000.0,22032000.0
20230201,-2058780.0,13364720.0,11785700.0,11754550.0,11274780.0,7363210.0,8828790.0,1003020.0,1596220.0,27851000.0,24556000.0,24490000.0,23492000.0,15336000.0,18392000.0,2085000.0,3322000.0
20230202,-1988490.0,19259640.0,20012710.0,21052570.0,18311010.0,13520850.0,15038020.0,5051080.0,5522400.0,41168000.0,42816000.0,44978000.0,39128000.0,28905000.0,32143000.0,10839000.0,11802000.0
20230203,-1239500.0,10956270.0,10334230.0,11263960.0,10646480.0,8856560.0,8500840.0,1839890.0,3435110.0,23427000.0,22085000.0,24078000.0,22764000.0,18927000.0,18172000.0,3930000.0,7341000.0
20230206,-2098080.0,11686500.0,10825290.0,11459300.0,10222430.0,5493390.0,6285600.0,973440.0,2279310.0,25093000.0,23237000.0,24607000.0,21951000.0,11793000.0,13494000.0,2082000.0,4893000.0
20230207,-1499450.0,12544480.0,10705850.0,13058720.0,13397900.0,5017830.0,5902220.0,1458840.0,2073900.0,27346000.0,23336000.0,28482000.0,29222000.0,10932000.0,12859000.0,3187000.0,4530000.0
20230208,-173670.0,9499910.0,8274030.0,5930960.0,6983160.0,3071500.0,3788550.0,635820.0,92440.0,20740000.0,18062000.0,12934000.0,15235000.0,6708000.0,8274000.0,1392000.0,202000.0
20230209,1997960.0,9950500.0,11421200.0,8668850.0,9196110.0,6502300.0,5668810.0,2618030.0,1453560.0,21592000.0,24773000.0,18807000.0,19934000.0,14098000.0,12301000.0,5659000.0,3149000.0
20230210,994890.0,10404030.0,13328520.0,10192230.0,8262640.0,4569750.0,4075830.0,1432980.0,932010.0,22651000.0,29033000.0,22174000.0,17971000.0,9948000.0,8868000.0,3115000.0,2016000.0
20230213,-195640.0,11713370.0,10754170.0,10703300.0,11466860.0,6849820.0,7127490.0,2028370.0,1946340.0,25277000.0,23190000.0,23095000.0,24740000.0,14769000.0,15374000.0,4360000.0,4197000.0
20230214,2196610.0,8965670.0,8299930.0,7605130.0,10467480.0,6893960.0,5990920.0,2966720.0,1673150.0,19484000.0,18039000.0,16529000.0,22748000.0,14980000.0,13014000.0,6447000.0,3639000.0
20230215,-1189640.0,10858070.0,8590380.0,10647540.0,11725590.0,6100070.0,6314880.0,997790.0,1972620.0,23766000.0,18796000.0,23314000.0,25678000.0,13360000.0,13830000.0,2182000.0,4319000.0
20230216,-1841290.0,9702630.0,8697780.0,11188280.0,10351850.0,6138750.0,7226620.0,844800.0,1598220.0,21404000.0,19198000.0,24698000.0,22838000.0,13545000.0,15940000.0,1865000.0,3536000.0
20230217,-1582080.0,14379800.0,10813620.0,11364320.0,13348410.0,7075720.0,7812500.0,1769410.0,2614710.0,32540000.0,24464000.0,25707000.0,30211000.0,16007000.0,17678000.0,4012000.0,5914000.0
20230220,-222830.0,10906680.0,9224170.0,8958430.0,10418110.0,5166690.0,4058910.0,1655360.0,2985970.0,24737000.0,20907000.0,20305000.0,23616000.0,11703000.0,9197000.0,3741000.0,6766000.0
20230221,-310790.0,8544170.0,6891110.0,9170490.0,10512770.0,4952300.0,4951520.0,981690.0,1293260.0,19078000.0,15383000.0,20466000.0,23471000.0,11052000.0,11050000.0,2190000.0,2883000.0
20230222,587050.0,6986820.0,9500720.0,7959230.0,6032380.0,3527280.0,3670510.0,761910.0,31630.0,15558000.0,21154000.0,17721000.0,13432000.0,7849000.0,8170000.0,1698000.0,71000.0
20230223,-391110.0,6477070.0,6913240.0,7837750.0,7010470.0,2908520.0,2709770.0,662150.0,1252010.0,14477000.0,15449000.0,17519000.0,15667000.0,6501000.0,6061000.0,1485000.0,2805000.0
20230224,-563520.0,10806450.0,9319450.0,9071170.0,9994650.0,5001380.0,6010980.0,1822140.0,1376060.0,23821000.0,20537000.0,19996000.0,22022000.0,11021000.0,13249000.0,4003000.0,3033000.0
20230227,-131130.0,9339920.0,9085880.0,8509120.0,8632050.0,4198360.0,3724460.0,632780.0,1237810.0,20640000.0,20079000.0,18791000.0,19062000.0,9262000.0,8220000.0,1398000.0,2730000.0
20230228,10730.0,10884060.0,8857010.0,6048900.0,8086680.0,3393160.0,4054370.0,1036050.0,364110.0,24043000.0,19569000.0,13374000.0,17875000.0,7506000.0,8962000.0,2294000.0,811000.0
20230301,-1292760.0,8566130.0,6572530.0,7229820.0,7930660.0,3546460.0,4001540.0,398670.0,1236350.0,18805000.0,14427000.0,15879000.0,17413000.0,7788000.0,8788000.0,872000.0,2716000.0
20230302,803390.0,11691280.0,11909340.0,10763450.0,11348780.0,9537760.0,11313520.0,4713070.0,2133920.0,25331000.0,25776000.0,23304000.0,24562000.0,20621000.0,24472000.0,10186000.0,4633000.0
20230303,-2305550.0,19356840.0,18639430.0,20423290.0,18835170.0,14568120.0,16477350.0,4354600.0,4750920.0,40832000.0,39314000.0,43088000.0,39723000.0,30794000.0,34797000.0,9143000.0,10022000.0
20230306,-3969710.0,19475090.0,17292240.0,16924010.0,15137150.0,10750780.0,12512390.0,3626930.0,5835030.0,41354000.0,36709000.0,35926000.0,32127000.0,22837000.0,26574000.0,7711000.0,12418000.0
20230307,-1274630.0,11875720.0,11034760.0,10739120.0,10305440.0,7199070.0,6794010.0,1801570.0,3481260.0,25440000.0,23610000.0,23003000.0,22069000.0,15429000.0,14576000.0,3855000.0,7471000.0
20230308,-4215010.0,13214940.0,9854600.0,12023560.0,11168890.0,6727080.0,7791810.0,1613010.0,4763290.0,28286000.0,21080000.0,25700000.0,23900000.0,14389000.0,16670000.0,3439000.0,10165000.0
20230309,-1601870.0,10590350.0,8302810.0,5721750.0,6407420.0,3283820.0,3665400.0,768270.0,1988560.0,22731000.0,17825000.0,12284000.0,13754000.0,7054000.0,7868000.0,1651000.0,4274000.0
20230310,347230.0,9635210.0,9648990.0,6091690.0,6425150.0,3354090.0,2973280.0,1033010.0,1066590.0,20783000.0,20809000.0,13142000.0,13862000.0,7244000.0,6418000.0,2225000.0,2305000.0
20230313,-1046570.0,10306680.0,8756300.0,6101610.0,6605420.0,3861650.0,4516010.0,416400.0,808610.0,22419000.0,19037000.0,13265000.0,14356000.0,8390000.0,9836000.0,910000.0,1756000.0
20230314,511360.0,9494510.0,9575720.0,7836330.0,8266460.0,4399990.0,4124420.0,925190.0,689400.0,20493000.0,20663000.0,16906000.0,17838000.0,9494000.0,8900000.0,1997000.0,1489000.0
20230315,1909580.0,8303700.0,11376180.0,8183380.0,7020480.0,5920250.0,3781240.0,1312650.0,1542080.0,18067000.0,24749000.0,17802000.0,15277000.0,12886000.0,8234000.0,2859000.0,3354000.0
20230316,-2853560.0,20083000.0,16023530.0,14964420.0,16170320.0,6309790.0,8150190.0,1090430.0,2103590.0,43837000.0,35007000.0,32713000.0,35315000.0,13785000.0,17758000.0,2369000.0,4624000.0
20230317,586580.0,14054280.0,14647980.0,12033810.0,12026700.0,5669490.0,4677420.0,1142800.0,1548290.0,31395000.0,32711000.0,26880000.0,26855000.0,12659000.0,10456000.0,2548000.0,3460000.0
20230320,800680.0,13344730.0,11757050.0,9846320.0,12234670.0,5781340.0,4752170.0,1107130.0,1335620.0,29742000.0,26208000.0,21952000.0,27291000.0,12904000.0,10589000.0,2467000.0,2977000.0
20230321,-1123370.0,19166830.0,18676640.0,19732500.0,19099330.0,16201900.0,15017380.0,3030230.0,5338120.0,41567000.0,40517000.0,42823000.0,41438000.0,35113000.0,32572000.0,6564000.0,11540000.0
20230322,-2002380.0,17447020.0,15450070.0,13138550.0,13133120.0,6116970.0,7728240.0,2785280.0,3176390.0,37474000.0,33194000.0,28228000.0,28215000.0,13152000.0,16608000.0,5999000.0,6836000.0
20230323,798760.0,11700510.0,11719950.0,9114760.0,9894070.0,6007080.0,5632830.0,1317770.0,893260.0,25195000.0,25238000.0,19629000.0,21305000.0,12933000.0,12127000.0,2835000.0,1922000.0
20230324,1978260.0,10045490.0,12731900.0,7656470.0,6948310.0,5383440.0,3801540.0,952690.0,556330.0,21787000.0,27612000.0,16604000.0,15071000.0,11677000.0,8243000.0,2066000.0,1208000.0
20230327,-2175350.0,15240800.0,15534200.0,15672310.0,13203570.0,9532120.0,10425100.0,1949960.0,3232330.0,33835000.0,34491000.0,34773000.0,29319000.0,21154000.0,23121000.0,4344000.0,7175000.0
20230328,35220.0,17670770.0,18355590.0,17020020.0,16370420.0,12101980.0,9889560.0,2532400.0,4709600.0,40500000.0,42044000.0,38984000.0,37514000.0,27755000.0,22654000.0,5803000.0,10830000.0
20230329,1684560.0,15107280.0,18556450.0,14150110.0,12385480.0,8465980.0,6562290.0,770410.0,989540.0,35669000.0,43813000.0,33407000.0,29243000.0,19979000.0,15476000.0,1815000.0,2339000.0
20230330,1060700.0,9823710.0,11545680.0,8078590.0,7417330.0,5282090.0,4088670.0,641620.0,774340.0,23234000.0,27299000.0,19106000.0,17540000.0,12488000.0,9673000.0,1519000.0,1834000.0
20230331,-40230.0,9952040.0,10132120.0,8394980.0,8174670.0,5368400.0,4534740.0,1145980.0,2019870.0,23540000.0,23958000.0,19856000.0,19343000.0,12698000.0,10730000.0,2716000.0,4778000.0
20230403,1428040.0,9682890.0,10864550.0,9459130.0,9705510.0,5510970.0,4815180.0,2197480.0,1465230.0,22818000.0,25597000.0,22289000.0,22868000.0,12985000.0,11342000.0,5176000.0,3462000.0
20230404,453810.0,10904430.0,13001280.0,9787910.0,8144860.0,5975790.0,5705100.0,1571500.0,1388380.0,25876000.0,30852000.0,23224000.0,19326000.0,14177000.0,13536000.0,3720000.0,3283000.0
20230406,-964890.0,9858450.0,9005780.0,8817740.0,8705520.0,4839080.0,4502190.0,1449850.0,2751630.0,23468000.0,21415000.0,20989000.0,20708000.0,11513000.0,10723000.0,3447000.0,6571000.0
20230407,3977980.0,7689390.0,10423110.0,8096240.0,9340490.0,6977070.0,5406730.0,3554980.0,1147340.0,18102000.0,24523000.0,19059000.0,21970000.0,16427000.0,12726000.0,8330000.0,2699000.0
20230410,2201930.0,10785640.0,12572730.0,12229190.0,12644030.0,7185890.0,5382950.0,1934830.0,1535840.0,25301000.0,29477000.0,28669000.0,29643000.0,16832000.0,12600000.0,4522000.0,3604000.0
20230411,-14890.0,6494510.0,5978690.0,6029190.0,6530110.0,4458290.0,3382030.0,880880.0,1972030.0,15353000.0,14135000.0,14254000.0,15433000.0,10539000.0,7994000.0,2080000.0,4663000.0
20230412,181090.0,6093270.0,6624370.0,5720640.0,5370630.0,5203750.0,3766980.0,1205890.0,2461570.0,14436000.0,15691000.0,13556000.0,12723000.0,12327000.0,8925000.0,2859000.0,5838000.0
20230413,-722530.0,7843990.0,6847930.0,5582680.0,5856200.0,3261110.0,3739660.0,1009360.0,1253340.0,18654000.0,16282000.0,13283000.0,13920000.0,7756000.0,8902000.0,2399000.0,2988000.0
20230414,619310.0,9765860.0,13008800.0,12031940.0,9408300.0,7404760.0,6195280.0,511730.0,1101900.0,22952000.0,30583000.0,28267000.0,22080000.0,17374000.0,14542000.0,1202000.0,2591000.0
20230417,441460.0,7750110.0,8108170.0,9526940.0,9610340.0,5403590.0,4628120.0,499340.0,833350.0,18298000.0,19139000.0,22490000.0,22678000.0,12750000.0,10928000.0,1176000.0,1969000.0
20230418,322490.0,8034410.0,8364590.0,9344210.0,9336520.0,4854230.0,4299630.0,265910.0,498020.0,18849000.0,19617000.0,21920000.0,21903000.0,11384000.0,10088000.0,623000.0,1169000.0
20230419,-90290.0,7464420.0,7299210.0,6257230.0,6332150.0,3829200.0,3134470.0,336020.0,1121040.0,17652000.0,17259000.0,14799000.0,14976000.0,9055000.0,7412000.0,797000.0,2654000.0
20230420,-1819620.0,11908180.0,9209180.0,9383230.0,10262600.0,4727940.0,5035470.0,655960.0,2168050.0,28561000.0,22074000.0,22512000.0,24614000.0,11342000.0,12080000.0,1578000.0,5224000.0
20230421,-1741420.0,11476970.0,9427670.0,9538920.0,9846800.0,5961850.0,7076380.0,750340.0,1377230.0,27547000.0,22608000.0,22884000.0,23619000.0,14295000.0,16994000.0,1808000.0,3313000.0
20230424,174300.0,8313990.0,7446200.0,5461290.0,6503370.0,4148850.0,3815590.0,996740.0,1155700.0,20200000.0,18096000.0,13270000.0,15807000.0,10079000.0,9259000.0,2414000.0,2802000.0
20230425,374770.0,8197460.0,7889720.0,7207990.0,7890510.0,5058620.0,4983060.0,1681750.0,1382540.0,20146000.0,19378000.0,17718000.0,19397000.0,12430000.0,12251000.0,4115000.0,3382000.0
20230426,-1526510.0,8007330.0,6145200.0,5738870.0,6074490.0,2992390.0,4326900.0,472340.0,664340.0,19482000.0,14942000.0,13956000.0,14772000.0,7270000.0,10525000.0,1143000.0,1611000.0
20230427,230000.0,8415850.0,9096770.0,8132570.0,7681640.0,4702180.0,3942290.0,508960.0,1038850.0,20115000.0,21740000.0,19441000.0,18357000.0,11245000.0,9427000.0,1213000.0,2489000.0
20230428,-793650.0,8295890.0,7064110.0,5981740.0,6419870.0,4213080.0,5156170.0,1055610.0,906170.0,19584000.0,16678000.0,14122000.0,15155000.0,9947000.0,12173000.0,2492000.0,2139000.0
20230504,-3078950.0,12210850.0,9740350.0,8685150.0,8076700.0,5679150.0,7371580.0,1080690.0,2467210.0,28931000.0,23106000.0,20601000.0,19155000.0,13457000.0,17444000.0,2564000.0,5848000.0
20230505,509740.0,6980180.0,8453260.0,5708250.0,4744910.0,2965110.0,2547240.0,601420.0,509550.0,16761000.0,20297000.0,13709000.0,11392000.0,7116000.0,6117000.0,1446000.0,1226000.0
20230508,-135560.0,11012760.0,11412970.0,8574340.0,8038570.0,4439190.0,4214300.0,818430.0,1178880.0,26073000.0,27016000.0,20304000.0,19011000.0,10514000.0,9990000.0,1931000.0,2805000.0
20230509,2645050.0,12846300.0,14463360.0,13398460.0,14426450.0,11607390.0,9452040.0,2832830.0,2343130.0,29821000.0,33560000.0,31099000.0,33474000.0,26910000.0,21931000.0,6553000.0,5418000.0
20230510,527600.0,10608680.0,11305070.0,7963430.0,7794640.0,4477150.0,4055440.0,610280.0,504390.0,25159000.0,26806000.0,18880000.0,18478000.0,10612000.0,9612000.0,1444000.0,1199000.0
20230511,655210.0,8618590.0,9082810.0,8785140.0,8976120.0,4406890.0,4119030.0,1375260.0,1007910.0,20657000.0,21772000.0,21063000.0,21524000.0,10561000.0,9874000.0,3299000.0,2410000.0
20230512,-369290.0,6144320.0,5619050.0,4392490.0,4548460.0,3215280.0,2623620.0,103730.0,1064680.0,14936000.0,13658000.0,10684000.0,11058000.0,7815000.0,6380000.0,253000.0,2593000.0
20230515,53370.0,8122450.0,8710700.0,6649100.0,6114210.0,2420600.0,2528480.0,161650.0,400.0,19927000.0,21362000.0,16306000.0,15000000.0,5928000.0,6193000.0,395000.0,1000.0
20230516,-1139180.0,5973240.0,5620460.0,5006270.0,4219860.0,2605990.0,3240580.0,737940.0,1242530.0,14591000.0,13725000.0,12232000.0,10308000.0,6375000.0,7927000.0,1807000.0,3045000.0
20230517,-11640.0,8464480.0,8668580.0,8290610.0,8074870.0,3919570.0,3760920.0,391370.0,561660.0,20493000.0,20977000.0,20055000.0,19535000.0,9477000.0,9099000.0,945000.0,1358000.0
20230518,-1037400.0,6968470.0,5873640.0,5315150.0,5372570.0,2908990.0,3565720.0,0.0,380670.0,16917000.0,14259000.0,12904000.0,13043000.0,7063000.0,8657000.0,0.0,925000.0
20230519,-461900.0,6971860.0,5152830.0,4482170.0,5839290.0,2924000.0,3471770.0,556290.0,470420.0,16924000.0,12504000.0,10886000.0,14176000.0,7087000.0,8425000.0,1345000.0,1136000.0
20230522,-1542120.0,5244310.0,4783220.0,5131690.0,4050650.0,2648930.0,2796250.0,410.0,1395210.0,12839000.0,11708000.0,12565000.0,9918000.0,6486000.0,6848000.0,1000.0,3417000.0
20230523,126890.0,8043640.0,9034740.0,7950320.0,7086120.0,3791810.0,3626960.0,581360.0,619320.0,19949000.0,22409000.0,19724000.0,17578000.0,9402000.0,8996000.0,1444000.0,1537000.0
20230524,-2075090.0,11427600.0,9933280.0,8033480.0,7452710.0,4343100.0,5466450.0,780590.0,1732330.0,28931000.0,25128000.0,20340000.0,18877000.0,10996000.0,13850000.0,1967000.0,4379000.0
20230525,-2062750.0,8410470.0,6111680.0,4494180.0,4730220.0,2451160.0,3237780.0,120240.0,1396370.0,21412000.0,15556000.0,11438000.0,12038000.0,6232000.0,8235000.0,305000.0,3559000.0
20230526,-443080.0,4872780.0,3825350.0,2673290.0,3277650.0,1183860.0,1436410.0,108800.0,299330.0,12434000.0,9761000.0,6822000.0,8361000.0,3017000.0,3667000.0,277000.0,761000.0
20230529,-432630.0,8916150.0,7835910.0,5527390.0,6174990.0,2602140.0,2655170.0,576960.0,956560.0,22620000.0,19878000.0,14039000.0,15670000.0,6593000.0,6727000.0,1457000.0,2434000.0
20230530,-1014540.0,8381190.0,6538550.0,5619890.0,6447990.0,2644870.0,3242190.0,747550.0,1164770.0,21671000.0,16902000.0,14532000.0,16672000.0,6839000.0,8389000.0,1946000.0,3026000.0
20230531,-1016270.0,6207510.0,5891690.0,4715860.0,4015400.0,2129420.0,2378140.0,448750.0,1216300.0,15920000.0,15108000.0,12094000.0,10298000.0,5461000.0,6097000.0,1151000.0,3122000.0
20230601,-622240.0,7703380.0,5883370.0,4577310.0,5775090.0,2434170.0,3559330.0,502920.0,0.0,19723000.0,15063000.0,11713000.0,14782000.0,6231000.0,9106000.0,1284000.0,0.0
20230602,-131670.0,6795780.0,5803030.0,4103990.0,4965070.0,3088770.0,2919070.0,321700.0,623070.0,17371000.0,14836000.0,10492000.0,12690000.0,7897000.0,7463000.0,823000.0,1594000.0
20230605,22770.0,6165510.0,6339940.0,3405650.0,3254000.0,1387860.0,1500650.0,144900.0,9340.0,15816000.0,16263000.0,8738000.0,8348000.0,3560000.0,3849000.0,371000.0,24000.0
20230606,-2002300.0,10168710.0,8712440.0,6879330.0,6333300.0,3479170.0,4441550.0,119100.0,1159020.0,26614000.0,22777000.0,18006000.0,16566000.0,9102000.0,11639000.0,310000.0,3050000.0
20230607,223160.0,5138050.0,5177630.0,4180290.0,4363870.0,2650970.0,2416090.0,100490.0,112210.0,13594000.0,13702000.0,11060000.0,11543000.0,7014000.0,6391000.0,266000.0,297000.0
20230608,-73000.0,6589550.0,6363730.0,4617300.0,4770130.0,1893970.0,1961860.0,192350.0,197460.0,17546000.0,16940000.0,12293000.0,12694000.0,5039000.0,5226000.0,510000.0,527000.0
20230609,3282630.0,8377980.0,11278500.0,7724130.0,8106240.0,5926580.0,4581930.0,2827430.0,889450.0,21902000.0,29427000.0,20166000.0,21150000.0,15421000.0,11907000.0,7297000.0,2302000.0
20230612,2644080.0,9832660.0,11461990.0,8095640.0,9110390.0,4874890.0,2733840.0,865040.0,362010.0,25643000.0,29894000.0,21119000.0,23767000.0,12701000.0,7120000.0,2259000.0,941000.0
20230613,629270.0,5963790.0,5929160.0,5189830.0,5853730.0,3529270.0,2561460.0,394840.0,733380.0,15735000.0,15643000.0,13694000.0,15444000.0,9310000.0,6756000.0,1041000.0,1936000.0
20230614,451870.0,4611670.0,5196660.0,3811570.0,3678440.0,2190510.0,1988300.0,841500.0,591840.0,12148000.0,13691000.0,10045000.0,9693000.0,5773000.0,5242000.0,2218000.0,1559000.0
20230615,-785750.0,6597830.0,5698500.0,4413590.0,4527170.0,2710990.0,2360130.0,467160.0,1603770.0,17290000.0,14927000.0,11568000.0,11858000.0,7102000.0,6188000.0,1229000.0,4216000.0
20230616,-487710.0,8151360.0,8654750.0,7374200.0,6383100.0,3471510.0,3867590.0,346480.0,438110.0,20969000.0,22264000.0,18969000.0,16425000.0,8934000.0,9953000.0,896000.0,1127000.0
20230619,-557720.0,7164670.0,7671630.0,7327210.0,6262530.0,4344550.0,4267050.0,956840.0,1592060.0,18324000.0,19600000.0,18727000.0,16000000.0,11086000.0,10901000.0,2438000.0,4074000.0
20230620,-625330.0,11230970.0,10814960.0,8701960.0,8492630.0,3628960.0,4620680.0,992700.0,626310.0,28549000.0,27480000.0,22113000.0,21579000.0,9215000.0,11748000.0,2519000.0,1589000.0
20230621,-618540.0,7321410.0,6691230.0,4689750.0,4701380.0,1685090.0,2034370.0,236230.0,505490.0,18694000.0,17087000.0,11979000.0,12005000.0,4304000.0,5197000.0,602000.0,1290000.0
20230626,-314070.0,7851850.0,6682250.0,3646850.0,4502360.0,2698020.0,2725760.0,238720.0,525050.0,20246000.0,17224000.0,9401000.0,11605000.0,6956000.0,7033000.0,617000.0,1358000.0
20230627,-83920.0,6810990.0,5968180.0,3539230.0,4298110.0,2199450.0,2039620.0,0.0,243750.0,17436000.0,15285000.0,9064000.0,11000000.0,5630000.0,5221000.0,0.0,625000.0
20230628,-1287780.0,8474800.0,6917000.0,6152340.0,6422360.0,3061360.0,3141060.0,924380.0,2132460.0,21752000.0,17731000.0,15794000.0,16484000.0,7875000.0,8068000.0,2368000.0,5505000.0
20230629,143120.0,7842070.0,7174650.0,5707220.0,6517770.0,3957220.0,4677360.0,1943410.0,1080150.0,19836000.0,18145000.0,14440000.0,16491000.0,10007000.0,11826000.0,4911000.0,2733000.0
20230630,-331960.0,8558160.0,8311270.0,6126450.0,6041370.0,4293920.0,4506810.0,126090.0,245160.0,21480000.0,20854000.0,15370000.0,15161000.0,10770000.0,11306000.0,318000.0,617000.0
20230703,781580.0,8066790.0,8640590.0,6499780.0,6707570.0,5097000.0,4610220.0,701790.0,406990.0,20175000.0,21609000.0,16253000.0,16770000.0,12746000.0,11534000.0,1757000.0,1017000.0
20230704,-857670.0,8172650.0,6460370.0,5331140.0,6185740.0,3204970.0,4322040.0,921140.0,661740.0,20338000.0,16075000.0,13263000.0,15387000.0,7972000.0,10756000.0,2293000.0,1648000.0
20230705,-450200.0,5921040.0,6208810.0,5059910.0,4321940.0,2345270.0,3226350.0,1124070.0,693190.0,14834000.0,15545000.0,12669000.0,10822000.0,5872000.0,8087000.0,2813000.0,1734000.0
20230706,-794870.0,5694100.0,4780910.0,3072430.0,3190750.0,1562810.0,2159470.0,158790.0,357000.0,14378000.0,12069000.0,7758000.0,8057000.0,3941000.0,5450000.0,402000.0,903000.0
20230707,491360.0,5276070.0,5587840.0,3412380.0,3591960.0,2137490.0,2266880.0,680530.0,59780.0,13397000.0,14186000.0,8663000.0,9122000.0,5432000.0,5758000.0,1726000.0,152000.0
20230710,413490.0,4887360.0,5778660.0,3388150.0,2910340.0,1683080.0,1563210.0,293620.0,0.0,12338000.0,14589000.0,8551000.0,7345000.0,4248000.0,3945000.0,742000.0,0.0
20230711,884540.0,7825590.0,8044580.0,8085630.0,8751180.0,5029410.0,4559660.0,861610.0,446820.0,19448000.0,19982000.0,20054000.0,21702000.0,12466000.0,11308000.0,2126000.0,1103000.0
20230712,900390.0,5485360.0,6920980.0,6590620.0,6055380.0,3044560.0,2168390.0,1163030.0,1138810.0,13666000.0,17240000.0,16423000.0,15090000.0,7588000.0,5405000.0,2895000.0,2837000.0
20230713,404940.0,6519380.0,8357700.0,7362530.0,5929160.0,3853310.0,3596670.0,1393790.0,1245490.0,16229000.0,20780000.0,18311000.0,14744000.0,9588000.0,8957000.0,3459000.0,3106000.0
20230714,-1801170.0,10927220.0,10482260.0,12063320.0,10707110.0,5820370.0,7165830.0,952460.0,1408170.0,26874000.0,25788000.0,29666000.0,26332000.0,14319000.0,17619000.0,2346000.0,3466000.0
20230717,-275530.0,8859460.0,8043780.0,6364750.0,6904890.0,3184820.0,3245010.0,473090.0,688430.0,22090000.0,20048000.0,15862000.0,17208000.0,7934000.0,8088000.0,1176000.0,1718000.0
20230718,12580.0,8544880.0,8254170.0,6815500.0,7118790.0,3593610.0,3631420.0,669450.0,619060.0,21001000.0,20278000.0,16750000.0,17499000.0,8836000.0,8933000.0,1647000.0,1523000.0
20230719,1276540.0,18881380.0,22920960.0,24149680.0,21386630.0,14898440.0,13132830.0,3028080.0,3517150.0,45321000.0,54998000.0,57866000.0,51217000.0,35685000.0,31471000.0,7240000.0,8428000.0
20230720,416420.0,19088390.0,18705090.0,19475360.0,20275090.0,12665740.0,12216480.0,1659390.0,1692230.0,45426000.0,44465000.0,46255000.0,48155000.0,30032000.0,28996000.0,3942000.0,4039000.0
20230721,557230.0,10912450.0,11007370.0,10810290.0,11272600.0,5367660.0,5106150.0,1833080.0,1537360.0,26529000.0,26755000.0,26274000.0,27395000.0,13049000.0,12418000.0,4458000.0,3742000.0
20230724,1039500.0,9897370.0,12881470.0,10718070.0,8773470.0,5503640.0,4467270.0,480830.0,477700.0,24356000.0,31698000.0,26379000.0,21589000.0,13547000.0,10997000.0,1181000.0,1180000.0
20230725,189280.0,8263930.0,8388350.0,9167180.0,9232040.0,4826080.0,4861690.0,763460.0,538570.0,20338000.0,20646000.0,22563000.0,22723000.0,11877000.0,11967000.0,1883000.0,1325000.0
20230726,517720.0,5339480.0,5981050.0,6610430.0,6486580.0,3798790.0,3474380.0,495780.0,302470.0,13232000.0,14822000.0,16383000.0,16075000.0,9414000.0,8612000.0,1229000.0,750000.0
20230727,643070.0,11313540.0,11422170.0,14230590.0,14765030.0,8405430.0,8166570.0,2989730.0,2585520.0,27546000.0,27796000.0,34646000.0,35926000.0,20448000.0,19887000.0,7264000.0,6296000.0
20230728,-1226780.0,10379900.0,9291310.0,12249850.0,12111660.0,5983140.0,6965620.0,1077270.0,1321570.0,25687000.0,23002000.0,30338000.0,29991000.0,14825000.0,17262000.0,2676000.0,3271000.0
20230731,-794040.0,8188130.0,8102160.0,9437330.0,8729250.0,5049040.0,5519890.0,664390.0,987580.0,20136000.0,19927000.0,23207000.0,21463000.0,12419000.0,13579000.0,1636000.0,2429000.0
20230801,647440.0,6531610.0,6839590.0,6676410.0,7015880.0,4224330.0,3499340.0,186550.0,264100.0,16177000.0,16940000.0,16541000.0,17380000.0,10459000.0,8667000.0,461000.0,652000.0
20230802,-1738930.0,8967320.0,7184140.0,6599850.0,6644100.0,2972220.0,4383440.0,884590.0,1212300.0,22491000.0,18014000.0,16538000.0,16654000.0,7446000.0,10984000.0,2216000.0,3040000.0
20230803,270830.0,5969370.0,5609180.0,4094510.0,4725540.0,2550320.0,2256080.0,174300.0,197710.0,15031000.0,14122000.0,10307000.0,11897000.0,6419000.0,5679000.0,438000.0,497000.0
20230804,-2008440.0,6601740.0,4239720.0,4443900.0,4797470.0,2587410.0,3924750.0,861040.0,1532140.0,16539000.0,10622000.0,11132000.0,12015000.0,6483000.0,9834000.0,2158000.0,3841000.0
20230807,75510.0,7746420.0,8236360.0,4587970.0,4173520.0,3037580.0,2887230.0,982110.0,1056950.0,19577000.0,20819000.0,11594000.0,10539000.0,7674000.0,7294000.0,2479000.0,2672000.0
20230808,-1129310.0,8046560.0,6328030.0,4802960.0,5392180.0,2762850.0,3243610.0,194190.0,842740.0,20389000.0,16021000.0,12164000.0,13665000.0,7003000.0,8219000.0,494000.0,2145000.0
20230809,-828110.0,5626900.0,4812980.0,3321350.0,3307170.0,2168670.0,2349670.0,524860.0,1171970.0,14100000.0,12059000.0,8321000.0,8288000.0,5434000.0,5887000.0,1315000.0,2936000.0
20230810,-33990.0,5267890.0,5248070.0,3062540.0,3048380.0,1730400.0,1900590.0,435520.0,299320.0,13216000.0,13166000.0,7682000.0,7643000.0,4343000.0,4771000.0,1091000.0,752000.0
20230811,137910.0,5679400.0,5326080.0,4097950.0,4589190.0,2487440.0,2360050.0,574870.0,564350.0,14406000.0,13508000.0,10394000.0,11639000.0,6315000.0,5992000.0,1460000.0,1436000.0
20230814,-542680.0,6269730.0,5092680.0,3662850.0,4297210.0,2496980.0,1962160.0,225880.0,1303380.0,16041000.0,13023000.0,9371000.0,10996000.0,6391000.0,5024000.0,583000.0,3343000.0
20230815,535740.0,5575520.0,6035750.0,4000250.0,4075760.0,2276270.0,1468700.0,302010.0,573840.0,14284000.0,15461000.0,10248000.0,10443000.0,5834000.0,3763000.0,776000.0,1475000.0
20230816,-544130.0,4664680.0,3758550.0,2497090.0,2859080.0,1983380.0,1924020.0,120120.0,723610.0,12005000.0,9672000.0,6428000.0,7364000.0,5115000.0,4956000.0,308000.0,1864000.0
20230817,-1798620.0,11574620.0,9833090.0,8155190.0,8098090.0,3586920.0,4233860.0,320430.0,1472110.0,29364000.0,24924000.0,20666000.0,20528000.0,9103000.0,10752000.0,811000.0,3740000.0
20230818,-990890.0,8112420.0,6912980.0,4637440.0,4845990.0,1872840.0,2512770.0,217220.0,568180.0,20395000.0,17383000.0,11657000.0,12179000.0,4706000.0,6314000.0,549000.0,1430000.0
20230821,295210.0,7871420.0,8763370.0,4742480.0,4145740.0,1961510.0,1915120.0,351310.0,102490.0,20118000.0,22395000.0,12113000.0,10582000.0,5011000.0,4901000.0,896000.0,260000.0
20230822,690240.0,6695900.0,7252820.0,4158270.0,4291590.0,2928410.0,2752330.0,607850.0,93690.0,17229000.0,18652000.0,10693000.0,11037000.0,7520000.0,7074000.0,1562000.0,242000.0
20230823,-1622280.0,10978380.0,9454570.0,6453180.0,6354710.0,4245460.0,4738800.0,975910.0,2104850.0,28715000.0,24743000.0,16884000.0,16628000.0,11130000.0,12417000.0,2545000.0,5487000.0
20230824,196830.0,5848370.0,6464240.0,4217050.0,3798020.0,1719430.0,1663570.0,757560.0,616590.0,15469000.0,17096000.0,11158000.0,10049000.0,4549000.0,4402000.0,2008000.0,1636000.0
20230825,373140.0,5952150.0,5895130.0,3765630.0,4195800.0,2278140.0,2729090.0,1114480.0,290390.0,15922000.0,15759000.0,10070000.0,11220000.0,6107000.0,7306000.0,2960000.0,774000.0
20230828,-946460.0,7613250.0,7712310.0,6411470.0,5365950.0,3466360.0,3389980.0,425130.0,1447970.0,20157000.0,20420000.0,16924000.0,14176000.0,9119000.0,8929000.0,1122000.0,3798000.0
20230829,-592070.0,9774410.0,8247920.0,5962960.0,6897390.0,2505490.0,3696120.0,992040.0,393480.0,25715000.0,21689000.0,15684000.0,18145000.0,6585000.0,9704000.0,2582000.0,1027000.0
20230830,-347210.0,5239430.0,5443090.0,5457260.0,4906380.0,2259230.0,2793730.0,958920.0,771630.0,13620000.0,14148000.0,14187000.0,12756000.0,5871000.0,7262000.0,2493000.0,2005000.0
20230831,-531810.0,4504250.0,4464230.0,3439590.0,2947810.0,771520.0,1197130.0,0.0,106200.0,11793000.0,11687000.0,9004000.0,7717000.0,2019000.0,3134000.0,0.0,278000.0
20230901,-981110.0,3850220.0,3463480.0,2780060.0,2185690.0,1068560.0,1041090.0,137020.0,1145600.0,10112000.0,9096000.0,7303000.0,5739000.0,2806000.0,2735000.0,360000.0,3011000.0
20230904,-457610.0,5108010.0,5026450.0,3695530.0,3319480.0,1813080.0,2613770.0,752520.0,409440.0,13320000.0,13105000.0,9634000.0,8654000.0,4720000.0,6805000.0,1955000.0,1065000.0
20230905,-111270.0,3612750.0,3783060.0,2589400.0,2307820.0,970770.0,1098210.0,16170.0,0.0,9420000.0,9864000.0,6751000.0,6016000.0,2531000.0,2864000.0,42000.0,0.0
20230906,-1098290.0,7581090.0,6681140.0,5752420.0,5554090.0,2828630.0,2928790.0,989310.0,1987440.0,19661000.0,17327000.0,14917000.0,14400000.0,7339000.0,7581000.0,2569000.0,5178000.0
20230907,-460880.0,5901070.0,5255850.0,2958220.0,3142550.0,1509410.0,2009070.0,136640.0,97860.0,15270000.0,13601000.0,7652000.0,8130000.0,3901000.0,5190000.0,352000.0,254000.0
20230908,192630.0,4511790.0,5150020.0,3257890.0,2812300.0,1783350.0,1558980.0,115740.0,147480.0,11666000.0,13316000.0,8421000.0,7269000.0,4608000.0,4030000.0,300000.0,380000.0
20230911,883270.0,6277660.0,6980890.0,4295710.0,4475760.0,3242610.0,2538280.0,332280.0,153340.0,16270000.0,18089000.0,11123000.0,11589000.0,8392000.0,6572000.0,862000.0,397000.0
20230912,187700.0,4116260.0,4230250.0,2357930.0,2431650.0,1459170.0,1360420.0,439800.0,350850.0,10618000.0,10910000.0,6081000.0,6272000.0,3763000.0,3510000.0,1135000.0,904000.0
20230913,-541360.0,6442680.0,6338750.0,4612580.0,4175150.0,1250650.0,1712810.0,418110.0,497310.0,16885000.0,16614000.0,12091000.0,10939000.0,3271000.0,4488000.0,1101000.0,1307000.0
20230914,-72690.0,4433470.0,3861000.0,1868090.0,2367880.0,1093190.0,1130540.0,114380.0,149720.0,11661000.0,10154000.0,4912000.0,6228000.0,2875000.0,2973000.0,301000.0,394000.0
20230915,-157110.0,5983510.0,5239670.0,2269790.0,2856510.0,941250.0,1026050.0,144280.0,216590.0,15747000.0,13791000.0,5976000.0,7519000.0,2478000.0,2700000.0,380000.0,571000.0
20230918,-316880.0,5415390.0,4607920.0,2475520.0,2966110.0,877410.0,1118300.0,253210.0,329200.0,14278000.0,12152000.0,6530000.0,7824000.0,2319000.0,2951000.0,665000.0,865000.0
20230919,533240.0,4859410.0,4796280.0,2188920.0,2785300.0,1275220.0,981390.0,435320.0,195910.0,12843000.0,12673000.0,5785000.0,7360000.0,3369000.0,2596000.0,1150000.0,518000.0
20230920,255380.0,3673310.0,3804970.0,2232020.0,2355750.0,1187810.0,1236820.0,463250.0,158860.0,9777000.0,10121000.0,5939000.0,6270000.0,3162000.0,3298000.0,1235000.0,424000.0
20230921,685640.0,10878920.0,12601900.0,10626200.0,9588870.0,7112500.0,5469880.0,1287000.0,2243980.0,28199000.0,32662000.0,27542000.0,24857000.0,18436000.0,14173000.0,3347000.0,5832000.0
20230922,799450.0,6929130.0,7497620.0,5723000.0,5953960.0,3930420.0,3283240.0,859610.0,707340.0,18023000.0,19505000.0,14888000.0,15485000.0,10231000.0,8539000.0,2231000.0,1844000.0
20230925,653820.0,6127580.0,6454630.0,4054660.0,4381440.0,3105000.0,2609600.0,416290.0,257870.0,16068000.0,16928000.0,10628000.0,11483000.0,8140000.0,6841000.0,1091000.0,676000.0
20230926,-119560.0,4378880.0,4177420.0,3502790.0,3584700.0,1698960.0,1480990.0,120420.0,457950.0,11626000.0,11091000.0,9298000.0,9514000.0,4512000.0,3933000.0,320000.0,1218000.0
20230927,-92080.0,3482380.0,3347310.0,2531950.0,2574940.0,1721400.0,1800460.0,162640.0,175660.0,9215000.0,8856000.0,6702000.0,6814000.0,4554000.0,4765000.0,430000.0,466000.0
20230928,-555910.0,3723560.0,3727710.0,3577330.0,3017260.0,1464540.0,1797030.0,8710.0,232130.0,9822000.0,9831000.0,9435000.0,7955000.0,3859000.0,4739000.0,23000.0,613000.0
20231009,669980.0,6404340.0,7085170.0,5888540.0,5877700.0,3739750.0,2888030.0,1272030.0,1453770.0,16773000.0,18551000.0,15425000.0,15392000.0,9793000.0,7564000.0,3326000.0,3810000.0
20231010,-643280.0,5080530.0,4404320.0,3723370.0,3756300.0,2504620.0,3466670.0,559000.0,240230.0,13189000.0,11429000.0,9665000.0,9747000.0,6499000.0,9000000.0,1448000.0,625000.0
20231011,-424310.0,5913950.0,5038900.0,3749590.0,4200320.0,2313220.0,2494450.0,104170.0,347250.0,15394000.0,13117000.0,9756000.0,10929000.0,6013000.0,6486000.0,270000.0,901000.0
20231012,-1023250.0,5123020.0,4130320.0,3998770.0,3968220.0,2103290.0,3031200.0,322090.0,417430.0,13427000.0,10820000.0,10481000.0,10398000.0,5517000.0,7951000.0,841000.0,1097000.0
20231013,-241860.0,4637880.0,3793920.0,3027550.0,3629650.0,1703780.0,2066140.0,404750.0,284250.0,12240000.0,10014000.0,7990000.0,9583000.0,4500000.0,5452000.0,1067000.0,748000.0
20231016,224600.0,4498580.0,5248580.0,4719530.0,4194130.0,2604410.0,2378470.0,450330.0,451670.0,11781000.0,13747000.0,12360000.0,10985000.0,6818000.0,6223000.0,1181000.0,1185000.0
20231017,-195230.0,4949930.0,4695870.0,3920960.0,3979790.0,2661050.0,2805810.0,568600.0,619070.0,13147000.0,12470000.0,10416000.0,10570000.0,7065000.0,7455000.0,1510000.0,1643000.0
20231018,-855640.0,4978330.0,3902620.0,3724190.0,3944280.0,1813720.0,2359920.0,0.0,309440.0,13367000.0,10483000.0,10007000.0,10594000.0,4875000.0,6338000.0,0.0,834000.0
20231019,-537170.0,4603210.0,4849690.0,3928200.0,3144540.0,1873250.0,2046710.0,33390.0,397100.0,12471000.0,13142000.0,10639000.0,8515000.0,5073000.0,5540000.0,91000.0,1077000.0
20231020,-1318700.0,5268220.0,4360120.0,3960730.0,3550120.0,1943680.0,2772940.0,260020.0,749460.0,14573000.0,12056000.0,10956000.0,9815000.0,5380000.0,7673000.0,715000.0,2080000.0
20231023,-407850.0,5350360.0,4934410.0,3417690.0,3425790.0,1390680.0,1656040.0,180450.0,322940.0,14855000.0,13698000.0,9492000.0,9510000.0,3862000.0,4600000.0,500000.0,901000.0
20231024,249610.0,4716610.0,6019550.0,4237040.0,3183720.0,1554550.0,1510700.0,530780.0,325020.0,13046000.0,16644000.0,11718000.0,8809000.0,4297000.0,4174000.0,1464000.0,898000.0
20231025,-750550.0,4996380.0,4586010.0,3701790.0,3361620.0,2136290.0,2232640.0,542860.0,1197060.0,13521000.0,12409000.0,10019000.0,9097000.0,5785000.0,6042000.0,1466000.0,3243000.0
20231026,-413720.0,4779810.0,4083320.0,2597710.0,2880480.0,1391680.0,1405440.0,120130.0,520090.0,12970000.0,11073000.0,7041000.0,7809000.0,3776000.0,3818000.0,326000.0,1413000.0
20231027,-180510.0,5236680.0,5030870.0,3492160.0,3517470.0,2332200.0,2522790.0,288150.0,278070.0,14025000.0,13471000.0,9352000.0,9420000.0,6248000.0,6761000.0,774000.0,747000.0
20231030,1040.0,7050170.0,6105550.0,3588890.0,4534560.0,2330590.0,2632390.0,748080.0,445240.0,18660000.0,16156000.0,9503000.0,12014000.0,6179000.0,6971000.0,1980000.0,1182000.0
20231031,-857070.0,6467800.0,5034070.0,3843040.0,4419690.0,2060890.0,2663220.0,149040.0,403780.0,17005000.0,13231000.0,10104000.0,11623000.0,5417000.0,7004000.0,392000.0,1060000.0
20231101,-1159750.0,5492090.0,4573840.0,2679070.0,2437580.0,2135930.0,2471940.0,251500.0,1075240.0,14467000.0,12048000.0,7055000.0,6420000.0,5625000.0,6509000.0,662000.0,2831000.0
20231102,-720270.0,6353570.0,5216640.0,3109210.0,3525880.0,1505120.0,2172520.0,245090.0,297960.0,16860000.0,13845000.0,8264000.0,9360000.0,3997000.0,5776000.0,652000.0,792000.0
20231103,-681960.0,4858640.0,4558780.0,3082310.0,2700220.0,1068030.0,1422130.0,14710.0,342570.0,12871000.0,12077000.0,8166000.0,7153000.0,2829000.0,3767000.0,39000.0,908000.0
20231106,-877920.0,5814110.0,4891930.0,3166000.0,3210260.0,1397020.0,2420340.0,145400.0,0.0,15274000.0,12850000.0,8318000.0,8434000.0,3669000.0,6360000.0,383000.0,0.0
20231107,-371900.0,3441690.0,3288040.0,2123130.0,1904880.0,956100.0,992050.0,196660.0,532610.0,9078000.0,8673000.0,5601000.0,5026000.0,2521000.0,2617000.0,519000.0,1403000.0
20231108,-269660.0,4465320.0,4193720.0,2992460.0,2994390.0,1364020.0,1663190.0,476960.0,447450.0,11834000.0,11112000.0,7930000.0,7935000.0,3613000.0,4408000.0,1263000.0,1185000.0
20231109,679170.0,4546930.0,4805450.0,2817070.0,3237730.0,1728150.0,1263660.0,323460.0,108780.0,12146000.0,12835000.0,7525000.0,8650000.0,4613000.0,3374000.0,865000.0,291000.0
20231110,-259980.0,3897040.0,3791240.0,2445280.0,2291110.0,784710.0,1091450.0,109290.0,62530.0,10457000.0,10166000.0,6560000.0,6147000.0,2102000.0,2930000.0,293000.0,169000.0
20231113,-92800.0,7828210.0,8343950.0,6690990.0,6082450.0,3021210.0,2850650.0,536240.0,799600.0,20623000.0,21969000.0,17605000.0,15999000.0,7947000.0,7508000.0,1413000.0,2112000.0
20231114,-1016310.0,8607210.0,7065920.0,5006320.0,5531280.0,2335150.0,3851120.0,866910.0,367250.0,22300000.0,18302000.0,12970000.0,14329000.0,6046000.0,9978000.0,2245000.0,951000.0
20231115,-848100.0,5893070.0,4858500.0,2785420.0,2971900.0,1104050.0,1673680.0,0.0,278470.0,15318000.0,12627000.0,7239000.0,7723000.0,2868000.0,4350000.0,0.0,725000.0
20231116,-314260.0,4232750.0,3697830.0,1832640.0,2053300.0,810380.0,1104790.0,88720.0,108570.0,11052000.0,9657000.0,4785000.0,5362000.0,2118000.0,2884000.0,232000.0,284000.0
20231117,-285200.0,3596100.0,3452400.0,2124830.0,1983330.0,845080.0,1130280.0,0.0,0.0,9440000.0,9060000.0,5578000.0,5206000.0,2216000.0,2968000.0,0.0,0.0
20231120,-484660.0,4752680.0,4693110.0,3247540.0,2822450.0,1278920.0,1648940.0,0.0,114640.0,12379000.0,12224000.0,8451000.0,7345000.0,3329000.0,4292000.0,0.0,298000.0
20231121,-90820.0,4250090.0,4224490.0,2939740.0,2874520.0,1071070.0,1337530.0,310740.0,135100.0,11077000.0,11010000.0,7666000.0,7494000.0,2795000.0,3491000.0,809000.0,352000.0
20231122,-163820.0,4503520.0,3783910.0,1599020.0,2154810.0,868580.0,924320.0,0.0,108080.0,11818000.0,9929000.0,4197000.0,5655000.0,2279000.0,2427000.0,0.0,283000.0
20231123,-460650.0,3518380.0,3285100.0,2333610.0,2106240.0,1057410.0,1415380.0,0.0,102680.0,9285000.0,8670000.0,6161000.0,5556000.0,2786000.0,3735000.0,0.0,272000.0
20231124,-77050.0,4506110.0,4820330.0,2847980.0,2456710.0,833160.0,682600.0,0.0,227610.0,11978000.0,12812000.0,7569000.0,6529000.0,2217000.0,1816000.0,0.0,607000.0
20231127,-1405270.0,11176410.0,10431780.0,8242260.0,7581630.0,2322340.0,3731370.0,639360.0,635600.0,29144000.0,27213000.0,21487000.0,19769000.0,6051000.0,9717000.0,1658000.0,1642000.0
20231128,-979950.0,6534330.0,6506920.0,3906980.0,2954430.0,1071410.0,1541450.0,243020.0,752930.0,17060000.0,16984000.0,10197000.0,7713000.0,2796000.0,4023000.0,636000.0,1969000.0
20231129,3430.0,3955170.0,4341990.0,2821690.0,2438290.0,677180.0,673750.0,0.0,0.0,10406000.0,11422000.0,7423000.0,6415000.0,1781000.0,1773000.0,0.0,0.0
20231130,-760910.0,4930710.0,4819910.0,3346300.0,2696190.0,1178540.0,1898870.0,0.0,40580.0,13131000.0,12838000.0,8917000.0,7183000.0,3140000.0,5059000.0,0.0,108000.0
20231201,293510.0,4604350.0,4735420.0,2904170.0,3066610.0,1145160.0,879660.0,118030.0,90020.0,12361000.0,12711000.0,7793000.0,8228000.0,3068000.0,2356000.0,315000.0,242000.0
20231204,670430.0,6845800.0,9065960.0,5847560.0,4297830.0,2173070.0,1404230.0,84120.0,182530.0,18062000.0,23918000.0,15431000.0,11341000.0,5733000.0,3706000.0,222000.0,483000.0
20231205,-523870.0,5566720.0,4926980.0,3582830.0,3698680.0,1210910.0,1614000.0,237640.0,358420.0,14936000.0,13224000.0,9617000.0,9926000.0,3252000.0,4331000.0,638000.0,962000.0
20231206,-45310.0,4106790.0,4261460.0,2660890.0,2460900.0,1633270.0,1450170.0,338530.0,566940.0,11087000.0,11506000.0,7184000.0,6643000.0,4409000.0,3914000.0,915000.0,1533000.0
20231207,-151200.0,5231960.0,4856200.0,2655370.0,2879930.0,1158450.0,1204230.0,1470.0,106890.0,14251000.0,13229000.0,7238000.0,7844000.0,3152000.0,3280000.0,4000.0,292000.0
20231208,-456460.0,7541240.0,6631280.0,2752620.0,3206110.0,1081520.0,1674380.0,271590.0,135190.0,20321000.0,17868000.0,7421000.0,8641000.0,2912000.0,4509000.0,729000.0,364000.0
20231211,-21420.0,8664810.0,7626230.0,3939190.0,4956360.0,1835370.0,2054380.0,905030.0,707440.0,23335000.0,20544000.0,10603000.0,13335000.0,4939000.0,5533000.0,2427000.0,1892000.0
20231212,968820.0,17424470.0,17064670.0,12344790.0,13673410.0,7557980.0,7363760.0,2001640.0,1227040.0,44432000.0,43471000.0,31396000.0,34792000.0,19198000.0,18704000.0,5069000.0,3129000.0
20231213,-121550.0,10644380.0,9769620.0,5609650.0,6362850.0,2418460.0,2718360.0,537560.0,359210.0,27151000.0,24911000.0,14301000.0,16222000.0,6155000.0,6932000.0,1375000.0,918000.0
20231214,-410910.0,7311240.0,7244850.0,4537530.0,4193010.0,1946090.0,2128140.0,490030.0,718890.0,18896000.0,18723000.0,11719000.0,10828000.0,5025000.0,5501000.0,1270000.0,1858000.0
20231215,580720.0,5332340.0,5819630.0,3642520.0,3735940.0,1379940.0,1302350.0,650130.0,147000.0,13912000.0,15185000.0,9504000.0,9743000.0,3595000.0,3400000.0,1700000.0,383000.0
20231218,-508140.0,6215470.0,6477950.0,3882110.0,3111490.0,1460840.0,1884890.0,0.0,84090.0,16465000.0,17163000.0,10271000.0,8233000.0,3862000.0,4981000.0,0.0,221000.0
20231219,1000480.0,5587250.0,7027360.0,3838000.0,3398370.0,2147030.0,1492460.0,931630.0,585720.0,14855000.0,18684000.0,10195000.0,9029000.0,5708000.0,3969000.0,2488000.0,1564000.0
20231220,4830.0,5379830.0,5549220.0,3543080.0,3378500.0,1643630.0,1525230.0,262620.0,376190.0,14427000.0,14872000.0,9494000.0,9058000.0,4420000.0,4104000.0,710000.0,1017000.0
20231221,991040.0,6483930.0,7842170.0,3993720.0,3626530.0,2382300.0,980860.0,0.0,410400.0,17642000.0,21328000.0,10859000.0,9865000.0,6465000.0,2662000.0,0.0,1112000.0
20231222,464850.0,10638590.0,11962900.0,8859040.0,7999580.0,4473340.0,4292100.0,802560.0,518950.0,28084000.0,31583000.0,23386000.0,21114000.0,11793000.0,11326000.0,2123000.0,1364000.0
20231225,-132500.0,8855010.0,9143640.0,6340280.0,5919150.0,3395090.0,3437240.0,1106760.0,1197110.0,23063000.0,23796000.0,16497000.0,15406000.0,8834000.0,8958000.0,2881000.0,3116000.0
20231226,-918930.0,10121210.0,9579600.0,7629310.0,7251980.0,3536780.0,4539250.0,1538570.0,1455030.0,26505000.0,25047000.0,19973000.0,18966000.0,9199000.0,11860000.0,3975000.0,3779000.0
20231227,88950.0,6623580.0,6538740.0,3977620.0,4151400.0,1593650.0,1399540.0,14000.0,119160.0,17392000.0,17171000.0,10445000.0,10898000.0,4186000.0,3677000.0,37000.0,315000.0
20231228,-111070.0,7509050.0,6818470.0,5343160.0,5922660.0,2931460.0,3190500.0,336000.0,188030.0,19643000.0,17829000.0,13976000.0,15496000.0,7668000.0,8346000.0,878000.0,494000.0
20231229,-213220.0,6592690.0,6377740.0,4562090.0,4563830.0,2329690.0,2107640.0,315450.0,750720.0,17143000.0,16579000.0,11859000.0,11867000.0,6054000.0,5479000.0,817000.0,1949000.0
20240102,-27000.0,9591490.0,9798860.0,7011030.0,6776670.0,3303340.0,3242440.0,875610.0,963510.0,24669000.0,25202000.0,18037000.0,17431000.0,8501000.0,8344000.0,2252000.0,2481000.0
20240103,-265610.0,6810510.0,6368630.0,3756240.0,3932510.0,2790660.0,2957030.0,191500.0,290740.0,17734000.0,16586000.0,9777000.0,10237000.0,7265000.0,7695000.0,500000.0,758000.0
20240104,307730.0,5213330.0,5746530.0,3676100.0,3450620.0,2234290.0,2202270.0,456240.0,180530.0,13636000.0,15029000.0,9606000.0,9021000.0,5835000.0,5755000.0,1200000.0,472000.0
20240105,363040.0,7877040.0,7172160.0,3726820.0,4794730.0,1901800.0,2315990.0,1603460.0,826230.0,20848000.0,18957000.0,9850000.0,12674000.0,5009000.0,6124000.0,4224000.0,2177000.0
20240108,292790.0,6405890.0,7402790.0,4451090.0,3746990.0,1851930.0,1727200.0,294480.0,126420.0,17379000.0,20075000.0,12076000.0,10163000.0,5024000.0,4698000.0,800000.0,343000.0
20240109,904640.0,6806980.0,8348610.0,4137310.0,3500320.0,2316120.0,1508100.0,210680.0,114060.0,18728000.0,22958000.0,11371000.0,9627000.0,6370000.0,4144000.0,577000.0,317000.0
20240110,546300.0,4728960.0,5527080.0,3518710.0,3266880.0,1796780.0,1374090.0,222840.0,99230.0,12977000.0,15154000.0,9645000.0,8958000.0,4921000.0,3772000.0,616000.0,276000.0
20240111,-562880.0,9697510.0,10112390.0,7376350.0,6398600.0,2555440.0,2852610.0,1223960.0,1489670.0,25823000.0,26948000.0,19669000.0,17050000.0,6812000.0,7611000.0,3247000.0,3941000.0
20240112,-613220.0,7545710.0,7202280.0,4585110.0,4315320.0,1646300.0,1713650.0,0.0,545870.0,20067000.0,19148000.0,12191000.0,11471000.0,4379000.0,4560000.0,0.0,1458000.0
20240115,849180.0,7287400.0,7953730.0,4881930.0,5064770.0,1992720.0,1449990.0,437260.0,130810.0,19832000.0,21641000.0,13284000.0,13781000.0,5420000.0,3947000.0,1188000.0,354000.0
20240116,-117710.0,6288830.0,7069440.0,5170090.0,4271780.0,1382300.0,1794740.0,1127000.0,832270.0,17244000.0,19363000.0,14171000.0,11702000.0,3783000.0,4928000.0,3085000.0,2290000.0
20240117,364050.0,5973580.0,6717260.0,3845840.0,3466200.0,1526140.0,1396160.0,630150.0,396080.0,16572000.0,18629000.0,10666000.0,9613000.0,4233000.0,3878000.0,1747000.0,1097000.0
20240118,-688590.0,9920740.0,9368730.0,7819550.0,7682970.0,3760790.0,4103840.0,1123990.0,1469530.0,28492000.0,26819000.0,22478000.0,22058000.0,10801000.0,11850000.0,3156000.0,4200000.0
20240119,-79940.0,4835060.0,5618860.0,4169210.0,3305460.0,1782620.0,1284870.0,5970.0,583660.0,13716000.0,15934000.0,11819000.0,9381000.0,5051000.0,3642000.0,17000.0,1646000.0
20240122,229600.0,6109920.0,7344150.0,5491850.0,4487220.0,2468700.0,1839400.0,543540.0,943240.0,17815000.0,21407000.0,16005000.0,13104000.0,7218000.0,5381000.0,1601000.0,2747000.0
20240123,642250.0,6294930.0,7303470.0,5141540.0,4775250.0,2772980.0,2127130.0,331890.0,335490.0,18688000.0,21678000.0,15264000.0,14176000.0,8231000.0,6318000.0,988000.0,999000.0
20240124,-702290.0,5993180.0,5611820.0,5161570.0,4840650.0,1637760.0,2438630.0,378220.0,279640.0,17875000.0,16719000.0,15386000.0,14416000.0,4882000.0,7298000.0,1127000.0,838000.0
20240125,-46280.0,8321340.0,8248190.0,6205950.0,6232800.0,2864530.0,3096290.0,1159660.0,974180.0,23734000.0,23537000.0,17746000.0,17813000.0,8151000.0,8820000.0,3302000.0,2763000.0
20240126,-115660.0,6329940.0,6079880.0,4827100.0,4961500.0,1865970.0,2216990.0,779760.0,544400.0,17770000.0,17056000.0,13543000.0,13917000.0,5224000.0,6220000.0,2186000.0,1529000.0
20240129,-382570.0,5392680.0,4868880.0,3448020.0,3589260.0,1801140.0,2280820.0,448730.0,351620.0,15175000.0,13706000.0,9703000.0,10100000.0,5068000.0,6422000.0,1269000.0,987000.0
20240130,-60380.0,4804280.0,4393240.0,3330760.0,3681420.0,1393930.0,1736470.0,388120.0,105960.0,13744000.0,12558000.0,9525000.0,10530000.0,3987000.0,4978000.0,1110000.0,300000.0
20240131,-90590.0,7220370.0,6295200.0,4970670.0,5805250.0,2716740.0,3167650.0,1498400.0,1138080.0,21543000.0,18770000.0,14836000.0,17314000.0,8111000.0,9470000.0,4455000.0,3391000.0
20240201,-585380.0,6256630.0,5615300.0,4190080.0,4246030.0,2519020.0,3485840.0,720510.0,339070.0,19130000.0,17150000.0,12810000.0,12978000.0,7676000.0,10644000.0,2197000.0,1042000.0
20240202,-520610.0,9564690.0,8828850.0,6182900.0,6398120.0,3172900.0,3645080.0,679500.0,727930.0,29211000.0,26947000.0,18849000.0,19532000.0,9724000.0,11162000.0,2084000.0,2228000.0
20240205,-2286520.0,12128260.0,8916690.0,5133230.0,6058260.0,2693900.0,4891460.0,970760.0,1059720.0,38575000.0,28345000.0,16361000.0,19288000.0,8645000.0,15657000.0,3132000.0,3423000.0
20240206,-946080.0,11319330.0,9394450.0,5336390.0,6315180.0,2717890.0,2591580.0,275260.0,1347650.0,34322000.0,28522000.0,16283000.0,19216000.0,8299000.0,7881000.0,861000.0,4146000.0
20240207,-6552810.0,21324480.0,13312090.0,8379850.0,9839430.0,3432390.0,8028390.0,574760.0,2531570.0,60253000.0,37638000.0,23740000.0,27834000.0,9724000.0,22712000.0,1630000.0,7162000.0
20240208,-3641890.0,20582370.0,15175380.0,9921930.0,11687050.0,3521690.0,6246270.0,438620.0,1355930.0,56313000.0,41548000.0,27159000.0,31980000.0,9676000.0,17081000.0,1205000.0,3744000.0
20240219,635340.0,12152380.0,12997960.0,6111090.0,5900850.0,3257180.0,2866520.0,497410.0,252730.0,34325000.0,36710000.0,17258000.0,16660000.0,9202000.0,8106000.0,1405000.0,714000.0
20240220,186620.0,7098100.0,7703690.0,4391960.0,3972990.0,1695110.0,1539750.0,499200.0,467940.0,20300000.0,22031000.0,12558000.0,11359000.0,4846000.0,4399000.0,1425000.0,1340000.0
20240221,248180.0,8304280.0,8926370.0,6056390.0,5682480.0,2816870.0,2388450.0,768530.0,948770.0,23407000.0,25168000.0,17079000.0,16007000.0,7925000.0,6737000.0,2172000.0,2671000.0
20240222,199260.0,6387900.0,7235900.0,4133290.0,3484560.0,1703330.0,1704650.0,200580.0,0.0,18126000.0,20532000.0,11727000.0,9882000.0,4826000.0,4835000.0,570000.0,0.0
20240223,573430.0,6845490.0,7975450.0,4873810.0,4317280.0,3500710.0,2648440.0,242240.0,521080.0,19402000.0,22601000.0,13812000.0,12230000.0,9925000.0,7513000.0,684000.0,1479000.0
20240226,73830.0,7952060.0,8331730.0,5813620.0,5507780.0,2563720.0,2436460.0,601520.0,654950.0,22235000.0,23291000.0,16258000.0,15404000.0,7169000.0,6814000.0,1683000.0,1835000.0
20240227,-650800.0,7475900.0,6968270.0,5500900.0,5357720.0,2262260.0,2793730.0,461730.0,581060.0,20836000.0,19421000.0,15319000.0,14922000.0,6292000.0,7769000.0,1278000.0,1613000.0
20240228,-1183880.0,12327070.0,10536730.0,7719200.0,8325660.0,3440220.0,4428580.0,966820.0,1162340.0,34142000.0,29162000.0,21347000.0,23043000.0,9496000.0,12263000.0,2691000.0,3209000.0
20240229,-1669910.0,10992670.0,8705990.0,5638070.0,6254840.0,3274040.0,4294770.0,1829680.0,2478860.0,30485000.0,24144000.0,15651000.0,17352000.0,9065000.0,11908000.0,5072000.0,6870000.0
20240301,-445610.0,7302020.0,6840810.0,4711430.0,4727010.0,1884560.0,2889070.0,679310.0,120410.0,19987000.0,18720000.0,12893000.0,12934000.0,5157000.0,7909000.0,1855000.0,329000.0
20240304,1860.0,6667280.0,6613840.0,3757820.0,3813120.0,1813480.0,1843000.0,693490.0,662110.0,18367000.0,18219000.0,10346000.0,10495000.0,4990000.0,5075000.0,1911000.0,1826000.0
20240305,1959640.0,11358940.0,12142660.0,8361630.0,9537560.0,6086500.0,4774030.0,2192370.0,1545200.0,30701000.0,32809000.0,22597000.0,25768000.0,16456000.0,12903000.0,5912000.0,4186000.0
20240306,323680.0,10232310.0,10299440.0,7605630.0,7862190.0,4031220.0,3298310.0,180240.0,589470.0,27548000.0,27720000.0,20460000.0,21151000.0,10839000.0,8874000.0,484000.0,1586000.0
20240307,-1736410.0,8602320.0,7803590.0,6801070.0,5863380.0,2637750.0,4187890.0,468070.0,654340.0,23396000.0,21214000.0,18489000.0,15936000.0,7164000.0,11384000.0,1273000.0,1788000.0
20240308,370010.0,6686240.0,6862750.0,4256590.0,4450090.0,2366300.0,1714110.0,256320.0,538500.0,18256000.0,18742000.0,11620000.0,12151000.0,6465000.0,4675000.0,699000.0,1472000.0
20240311,1172000.0,10255240.0,11361260.0,7785820.0,7851800.0,4444390.0,3753720.0,1773030.0,1291700.0,27366000.0,30295000.0,20770000.0,20946000.0,11837000.0,10020000.0,4732000.0,3444000.0
20240312,4649980.0,20594110.0,26436950.0,22855660.0,21662790.0,16698870.0,11163530.0,2442280.0,3327640.0,52866000.0,67734000.0,58508000.0,55448000.0,42640000.0,28541000.0,6212000.0,8504000.0
20240313,4610350.0,25059290.0,28734680.0,29601490.0,30536450.0,21944050.0,20181710.0,10514620.0,7666610.0,61920000.0,70959000.0,73108000.0,75433000.0,54173000.0,49831000.0,25943000.0,18919000.0
20240314,490770.0,21192990.0,18733630.0,15061940.0,18012070.0,11225270.0,11135010.0,3139910.0,2739400.0,53385000.0,47140000.0,37820000.0,45195000.0,28097000.0,27929000.0,7840000.0,6878000.0
20240315,481400.0,14546140.0,14231200.0,9089510.0,9885850.0,6743830.0,5944650.0,544820.0,862600.0,37287000.0,36452000.0,23257000.0,25303000.0,17250000.0,15226000.0,1396000.0,2209000.0
20240318,48690.0,33435750.0,35060910.0,43249580.0,41673110.0,22316000.0,25751480.0,9328840.0,5844670.0,80112000.0,83999000.0,103616000.0,99841000.0,53608000.0,61775000.0,22379000.0,14100000.0
20240319,-1677480.0,21813680.0,21891470.0,21531150.0,19775880.0,15238820.0,15696340.0,3317060.0,4537020.0,52492000.0,52654000.0,51815000.0,47549000.0,36641000.0,37761000.0,7954000.0,10938000.0
20240320,789270.0,13854580.0,14688760.0,14735850.0,14690950.0,9352890.0,9353660.0,3334220.0,2544180.0,33573000.0,35563000.0,35689000.0,35559000.0,22642000.0,22651000.0,8055000.0,6185000.0
20240321,3197450.0,17853910.0,21013460.0,19157610.0,19195510.0,12242790.0,9906800.0,3773070.0,2911610.0,42993000.0,50567000.0,46086000.0,46193000.0,29455000.0,23830000.0,9072000.0,7017000.0
20240322,-4796320.0,18328510.0,15394980.0,16771160.0,14908370.0,9275310.0,10979490.0,2028480.0,5120620.0,45354000.0,38076000.0,41474000.0,36851000.0,22942000.0,27173000.0,4992000.0,12662000.0
20240325,-1378950.0,13409270.0,11414930.0,9024700.0,9640100.0,5438770.0,6452760.0,1768350.0,2133310.0,33878000.0,28817000.0,22802000.0,24332000.0,13755000.0,16326000.0,4457000.0,5417000.0
20240326,-101850.0,12520110.0,14250160.0,9932750.0,8100850.0,4131120.0,3982870.0,312260.0,562360.0,31950000.0,36339000.0,25341000.0,20665000.0,10524000.0,10163000.0,797000.0,1444000.0
20240327,650880.0,15785650.0,17826680.0,13212640.0,11822490.0,8429680.0,6083490.0,1919730.0,3615040.0,40598000.0,45773000.0,33938000.0,30350000.0,21604000.0,15650000.0,4977000.0,9345000.0
20240328,3362720.0,24304090.0,30463430.0,32390180.0,29593580.0,18085480.0,16500460.0,6251410.0,4473710.0,59542000.0,74665000.0,79382000.0,72536000.0,44352000.0,40417000.0,15365000.0,11023000.0
20240329,-655950.0,18512670.0,19500220.0,20997510.0,19354010.0,9529640.0,9703380.0,2100680.0,2582890.0,45190000.0,47554000.0,51202000.0,47192000.0,23179000.0,23637000.0,5103000.0,6290000.0
20240401,1029750.0,17252280.0,19646970.0,17331890.0,15966950.0,9486420.0,7798520.0,698420.0,1356570.0,42514000.0,48414000.0,42699000.0,39322000.0,23369000.0,19219000.0,1721000.0,3349000.0
20240402,601620.0,17781590.0,19351430.0,15991610.0,15023390.0,9511620.0,8764910.0,2190650.0,2335740.0,44551000.0,48439000.0,40030000.0,37588000.0,23808000.0,21959000.0,5478000.0,5881000.0
20240403,-2832480.0,17146850.0,14263530.0,12754670.0,12805510.0,8463130.0,9081550.0,1335770.0,3549830.0,44059000.0,36604000.0,32765000.0,32891000.0,21756000.0,23360000.0,3424000.0,9148000.0
20240408,-182470.0,15670030.0,16236090.0,12667070.0,11918540.0,6540130.0,6719560.0,1571730.0,1574770.0,39828000.0,41183000.0,32173000.0,30263000.0,16590000.0,17097000.0,3979000.0,4027000.0
20240409,701880.0,10868380.0,12049460.0,8551360.0,8072160.0,4556600.0,3698120.0,548140.0,704740.0,27696000.0,30685000.0,21777000.0,20566000.0,11593000.0,9408000.0,1390000.0,1797000.0
20240410,884670.0,14205890.0,14778580.0,12460040.0,12772010.0,6754120.0,7122690.0,2536150.0,1282910.0,36675000.0,38090000.0,32113000.0,32940000.0,17397000.0,18389000.0,6565000.0,3330000.0
20240411,-607660.0,14942600.0,15201780.0,12326920.0,11460080.0,6919790.0,6458340.0,996720.0,2065830.0,39096000.0,39758000.0,32263000.0,29992000.0,18134000.0,16939000.0,2608000.0,5411000.0
20240412,-634990.0,10678850.0,9038030.0,6229860.0,7235700.0,3080250.0,4128260.0,1610240.0,1197220.0,28036000.0,23719000.0,16350000.0,18997000.0,8091000.0,10843000.0,4232000.0,3150000.0
20240415,58280.0,19726820.0,18595050.0,14304600.0,15494650.0,8939090.0,8632160.0,2079200.0,2327850.0,50382000.0,47474000.0,36551000.0,39602000.0,22850000.0,22064000.0,5305000.0,5948000.0
20240416,-1860760.0,18825480.0,16349460.0,12348050.0,12963320.0,5782700.0,6075250.0,1003740.0,2571950.0,48538000.0,42122000.0,31777000.0,33337000.0,14905000.0,15649000.0,2598000.0,6710000.0
20240417,1527910.0,20225980.0,23154590.0,18951960.0,17551260.0,9312110.0,10597740.0,4391650.0,1578110.0,51187000.0,58628000.0,47952000.0,44365000.0,23515000.0,26784000.0,11125000.0,4003000.0
20240418,1629030.0,26273130.0,28649430.0,33635450.0,32888170.0,16748400.0,16981400.0,6571590.0,4709560.0,64068000.0,69798000.0,81969000.0,80134000.0,40776000.0,41374000.0,15992000.0,11499000.0
20240419,-1699600.0,34568820.0,33319950.0,39289710.0,38838980.0,22937770.0,25596180.0,5745900.0,4787090.0,82747000.0,79659000.0,93780000.0,92733000.0,54575000.0,60943000.0,13538000.0,11306000.0
20240422,-2427720.0,37702080.0,37282590.0,46036850.0,44028620.0,25442740.0,28081370.0,8914520.0,8703610.0,88102000.0,87056000.0,107395000.0,102573000.0,59138000.0,65429000.0,20645000.0,20222000.0
20240423,-2411550.0,26960340.0,24348520.0,27909630.0,28109910.0,15854980.0,15751830.0,2890060.0,5404760.0,63436000.0,57254000.0,65668000.0,66140000.0,37336000.0,37114000.0,6802000.0,12734000.0
20240424,3026820.0,25886060.0,26869700.0,29981030.0,32024200.0,18801620.0,16622920.0,5729910.0,4881790.0,60633000.0,62875000.0,70197000.0,74948000.0,43965000.0,38865000.0,13328000.0,11436000.0
20240425,-5706450.0,19759830.0,16762510.0,23116600.0,20407480.0,11574330.0,14280950.0,1728410.0,4728240.0,46187000.0,39170000.0,54028000.0,47699000.0,27051000.0,33386000.0,4044000.0,11055000.0
20240426,-977900.0,30264890.0,26745220.0,31051980.0,33593760.0,19392800.0,20987410.0,3027170.0,2410460.0,70276000.0,62054000.0,72019000.0,77887000.0,44906000.0,48666000.0,7002000.0,5596000.0
20240429,-3605540.0,25061440.0,22383800.0,29365210.0,28437310.0,20875040.0,21821790.0,4577690.0,7236480.0,56791000.0,50672000.0,66470000.0,64367000.0,47231000.0,49416000.0,10372000.0,16410000.0
20240430,-3636680.0,30178040.0,26734080.0,31270650.0,31077920.0,18254710.0,18242800.0,2911350.0,6559940.0,71565000.0,63558000.0,74130000.0,73710000.0,43345000.0,43117000.0,6900000.0,15555000.0
20240506,355940.0,17009630.0,15697920.0,15740890.0,17408540.0,9511940.0,10228700.0,1872790.0,800090.0,40150000.0,37055000.0,37151000.0,41087000.0,22452000.0,24135000.0,4411000.0,1888000.0
20240507,-2854670.0,30437300.0,29504450.0,35195600.0,33273770.0,18889160.0,21062350.0,4982900.0,5664380.0,69551000.0,67372000.0,80357000.0,75997000.0,43103000.0,48074000.0,11344000.0,12913000.0
20240508,1429460.0,23449120.0,27450300.0,35484400.0,32912680.0,20416330.0,20021710.0,6733600.0,5698760.0,52559000.0,61496000.0,79500000.0,73745000.0,45731000.0,44840000.0,15050000.0,12758000.0
20240509,-3643000.0,28859010.0,25295150.0,30346900.0,30267760.0,18123990.0,22280890.0,5150110.0,4636210.0,64097000.0,56105000.0,67339000.0,67121000.0,40184000.0,49397000.0,11300000.0,10298000.0
20240510,224290.0,15337130.0,17457520.0,18237350.0,16341240.0,11707020.0,9960890.0,1582220.0,3104060.0,34173000.0,38887000.0,40617000.0,36370000.0,26047000.0,22176000.0,3519000.0,6923000.0
20240513,-2035260.0,17275140.0,14964890.0,14916600.0,15191590.0,8395750.0,8702630.0,1222830.0,2951210.0,39305000.0,34051000.0,33942000.0,34569000.0,19110000.0,19802000.0,2782000.0,6717000.0
20240514,-2558920.0,13250260.0,11421350.0,11922120.0,11192110.0,4830340.0,6261870.0,669830.0,1797220.0,30529000.0,26312000.0,27466000.0,25777000.0,11122000.0,14424000.0,1542000.0,4145000.0
20240515,-118230.0,17597110.0,16945450.0,17961150.0,18494590.0,7883950.0,8201210.0,1803260.0,1604230.0,39913000.0,38443000.0,40734000.0,41949000.0,17881000.0,18584000.0,4090000.0,3643000.0
20240516,-3282680.0,17396670.0,15479140.0,16849000.0,15483850.0,8126990.0,10854270.0,1411950.0,1967350.0,40191000.0,35736000.0,38889000.0,35743000.0,18791000.0,25101000.0,3269000.0,4560000.0
20240517,970640.0,16981220.0,18226710.0,15743670.0,15468810.0,7543170.0,7542680.0,1753400.0,783250.0,38903000.0,41752000.0,36066000.0,35422000.0,17274000.0,17270000.0,3993000.0,1793000.0
20240520,448110.0,17633160.0,18479390.0,17438200.0,17040080.0,10099730.0,10239690.0,2111900.0,1523830.0,39975000.0,41869000.0,39493000.0,38580000.0,22855000.0,23197000.0,4774000.0,3451000.0
20240521,131920.0,11475870.0,12189120.0,12871870.0,12290540.0,6320770.0,5544140.0,729670.0,1374380.0,26153000.0,27769000.0,29316000.0,27987000.0,14389000.0,12627000.0,1651000.0,3126000.0
20240522,-3344620.0,12866320.0,10098900.0,10972010.0,10394810.0,6143310.0,7194620.0,428650.0,2721960.0,29703000.0,23280000.0,25335000.0,23998000.0,14203000.0,16629000.0,996000.0,6331000.0
20240523,-105150.0,12200200.0,11823990.0,10599290.0,10870350.0,5863390.0,5960560.0,409800.0,417780.0,28346000.0,27450000.0,24599000.0,25225000.0,13604000.0,13856000.0,951000.0,970000.0
20240524,-2562000.0,12915380.0,8656610.0,7476400.0,9173160.0,3649150.0,6247460.0,1001670.0,965360.0,30789000.0,20632000.0,17817000.0,21861000.0,8692000.0,14885000.0,2384000.0,2304000.0
20240527,-1112240.0,10952890.0,9085090.0,5245640.0,6001200.0,2666810.0,3903390.0,545230.0,420890.0,26107000.0,21645000.0,12503000.0,14302000.0,6351000.0,9311000.0,1300000.0,1003000.0
20240528,-968460.0,13181020.0,11478520.0,7295880.0,8029920.0,3382580.0,5107770.0,1771010.0,1014280.0,31523000.0,27449000.0,17453000.0,19200000.0,8096000.0,12218000.0,4216000.0,2421000.0
20240529,-392980.0,9536610.0,7325800.0,6737960.0,8555790.0,3442610.0,3907680.0,980000.0,907910.0,23047000.0,17699000.0,16287000.0,20675000.0,8326000.0,9453000.0,2366000.0,2199000.0
20240530,-1728020.0,12971580.0,10426040.0,7875930.0,8693450.0,3529930.0,4298070.0,895340.0,1855220.0,31012000.0,24925000.0,18866000.0,20778000.0,8456000.0,10282000.0,2126000.0,4475000.0
20240531,-1642390.0,9094760.0,8471090.0,6320200.0,5301470.0,4094180.0,3107060.0,2734600.0,5364110.0,21759000.0,20261000.0,15130000.0,12681000.0,9813000.0,7438000.0,6569000.0,12891000.0
20240603,566740.0,8595200.0,10864550.0,7849500.0,6146890.0,3392830.0,3530160.0,946450.0,242380.0,20617000.0,26068000.0,18824000.0,14742000.0,8139000.0,8464000.0,2273000.0,579000.0
20240604,-578690.0,12794730.0,12172670.0,10373800.0,10417170.0,4265820.0,4325560.0,105330.0,624280.0,30339000.0,28866000.0,24605000.0,24696000.0,10110000.0,10258000.0,249000.0,1483000.0
20240605,295360.0,11240620.0,12553460.0,11316770.0,10299280.0,4146700.0,3721170.0,237900.0,368070.0,26267000.0,29327000.0,26435000.0,24059000.0,9689000.0,8692000.0,552000.0,865000.0
20240606,-1324690.0,10424080.0,9710150.0,6775920.0,6165160.0,2289380.0,3231160.0,0.0,382910.0,24859000.0,23160000.0,16166000.0,14707000.0,5467000.0,7711000.0,0.0,915000.0
20240607,-781400.0,9426400.0,9408670.0,7154080.0,6390400.0,3260870.0,2584260.0,928310.0,2386320.0,22675000.0,22616000.0,17219000.0,15380000.0,7853000.0,6228000.0,2242000.0,5765000.0
20240611,-423110.0,8248720.0,8069260.0,6421360.0,6177720.0,2413840.0,2229130.0,282330.0,890150.0,19894000.0,19461000.0,15491000.0,14906000.0,5820000.0,5380000.0,677000.0,2135000.0
20240612,717690.0,8331990.0,9186120.0,5452580.0,5316140.0,2759070.0,1824640.0,0.0,216740.0,20132000.0,22199000.0,13176000.0,12851000.0,6674000.0,4410000.0,0.0,522000.0
20240613,-2735470.0,14676660.0,10345500.0,10358060.0,11953730.0,4389630.0,6076830.0,486390.0,1534660.0,36011000.0,25374000.0,25427000.0,29335000.0,10773000.0,14925000.0,1190000.0,3768000.0
20240614,-1171420.0,14433180.0,11403670.0,5903390.0,7761470.0,2100110.0,3146960.0,886950.0,1011520.0,35580000.0,28104000.0,14549000.0,19126000.0,5174000.0,7754000.0,2177000.0,2496000.0
20240617,-882000.0,9695170.0,9097140.0,7347210.0,7063250.0,2891930.0,2887280.0,463790.0,1350440.0,23612000.0,22159000.0,17899000.0,17202000.0,7037000.0,7029000.0,1130000.0,3288000.0
20240618,-1777120.0,11477760.0,9556210.0,8703340.0,8847760.0,3188150.0,4816610.0,1185570.0,1334230.0,27599000.0,22978000.0,20935000.0,21280000.0,7662000.0,11588000.0,2865000.0,3215000.0
20240619,646580.0,6941870.0,8100370.0,5495180.0,4983260.0,2186770.0,1784840.0,394590.0,149940.0,16857000.0,19668000.0,13337000.0,12098000.0,5315000.0,4339000.0,961000.0,365000.0
20240620,-1059850.0,10066750.0,8530380.0,4041710.0,4518220.0,1758560.0,2710860.0,113620.0,221170.0,24910000.0,21102000.0,9998000.0,11174000.0,4348000.0,6719000.0,282000.0,543000.0
20240621,-802010.0,7283200.0,6602240.0,3844720.0,3723680.0,1101930.0,2131400.0,633980.0,406520.0,17960000.0,16279000.0,9481000.0,9181000.0,2720000.0,5259000.0,1562000.0,1004000.0
20240624,-1617610.0,14745770.0,12850870.0,8982650.0,9259940.0,3013440.0,4617510.0,485550.0,499090.0,35973000.0,31346000.0,21903000.0,22583000.0,7340000.0,11259000.0,1190000.0,1217000.0
20240625,-49810.0,10196550.0,11284130.0,6878050.0,5740660.0,2560720.0,2770250.0,316250.0,156530.0,25184000.0,27862000.0,17008000.0,14182000.0,6322000.0,6867000.0,787000.0,391000.0
20240626,-712540.0,12152980.0,9276620.0,4894860.0,7058690.0,1616320.0,2220340.0,53970.0,162490.0,30467000.0,23240000.0,12261000.0,17695000.0,4033000.0,5557000.0,133000.0,402000.0
20240627,-687550.0,9066480.0,7534450.0,4083740.0,4928220.0,881370.0,1446120.0,0.0,122800.0,22572000.0,18757000.0,10170000.0,12271000.0,2198000.0,3605000.0,0.0,307000.0
20240628,-722550.0,14198470.0,12614950.0,8614420.0,9475390.0,3374010.0,4407880.0,1614460.0,1303140.0,34625000.0,30775000.0,21018000.0,23104000.0,8224000.0,10752000.0,3937000.0,3173000.0
20240701,10550.0,10304330.0,10500540.0,5506150.0,5320490.0,2124520.0,2030430.0,134230.0,217770.0,24987000.0,25482000.0,13365000.0,12911000.0,5175000.0,4931000.0,325000.0,527000.0
20240702,740720.0,8748230.0,10150810.0,4945270.0,4283420.0,2106970.0,1038450.0,0.0,327800.0,21370000.0,24804000.0,12066000.0,10449000.0,5154000.0,2537000.0,0.0,800000.0
20240703,320540.0,7407350.0,7515320.0,3383870.0,3596440.0,1586500.0,1455270.0,300180.0,110870.0,18485000.0,18760000.0,8445000.0,8973000.0,3964000.0,3627000.0,743000.0,277000.0
20240704,65010.0,7265880.0,7088810.0,3855180.0,4097270.0,3040830.0,2395780.0,0.0,580040.0,18264000.0,17819000.0,9686000.0,10294000.0,7654000.0,6027000.0,0.0,1464000.0
20240705,472100.0,7386930.0,6282950.0,3620530.0,5196610.0,1164110.0,1295560.0,784520.0,180970.0,18804000.0,15987000.0,9220000.0,13227000.0,2959000.0,3301000.0,1996000.0,464000.0
20240708,-250890.0,10248900.0,10564660.0,5732440.0,5165800.0,1833660.0,1966830.0,138410.0,256130.0,26019000.0,26807000.0,14557000.0,13115000.0,4659000.0,5012000.0,355000.0,656000.0
20240709,154560.0,16811140.0,16983320.0,9543670.0,9526050.0,5198200.0,3420620.0,2072560.0,3695580.0,43740000.0,44170000.0,24817000.0,24770000.0,13503000.0,8907000.0,5392000.0,9605000.0
20240710,-847360.0,12319320.0,9105940.0,6588980.0,8955000.0,2591330.0,3509960.0,1497260.0,1425990.0,31776000.0,23458000.0,16995000.0,23119000.0,6696000.0,9069000.0,3876000.0,3696000.0
20240711,1186140.0,11027950.0,13191500.0,7106580.0,6129160.0,3235070.0,2809170.0,1389540.0,629300.0,28328000.0,33884000.0,18251000.0,15738000.0,8304000.0,7208000.0,3563000.0,1617000.0
20240712,-1822080.0,8016400.0,9130550.0,8931700.0,5995470.0,2206750.0,2941300.0,0.0,1087530.0,20452000.0,23285000.0,22771000.0,15282000.0,5633000.0,7503000.0,0.0,2786000.0
20240715,-190310.0,8065480.0,7958820.0,3802650.0,3719000.0,1670080.0,1412440.0,0.0,447950.0,20564000.0,20296000.0,9696000.0,9472000.0,4253000.0,3601000.0,0.0,1144000.0
20240716,-795690.0,6232100.0,5275960.0,3218000.0,3378440.0,1044170.0,1400420.0,373370.0,812810.0,15988000.0,13532000.0,8249000.0,8661000.0,2680000.0,3592000.0,960000.0,2091000.0
20240717,264790.0,5796000.0,5901840.0,2790120.0,2949060.0,1314030.0,1279540.0,230300.0,0.0,14865000.0,15131000.0,7156000.0,7559000.0,3361000.0,3283000.0,591000.0,0.0
20240718,704340.0,12241870.0,11631440.0,7928650.0,9243420.0,4143210.0,4192220.0,753350.0,0.0,30842000.0,29259000.0,19863000.0,23164000.0,10338000.0,10494000.0,1873000.0,0.0
20240719,-457050.0,8345680.0,8180780.0,4883390.0,4591240.0,2600650.0,2524240.0,147230.0,680690.0,20574000.0,20170000.0,12043000.0,11318000.0,6413000.0,6225000.0,363000.0,1679000.0
20240722,-560200.0,7676000.0,7538420.0,5469890.0,5047280.0,1554860.0,1994180.0,444450.0,565330.0,18861000.0,18511000.0,13423000.0,12386000.0,3810000.0,4898000.0,1087000.0,1385000.0
20240723,-573110.0,7921640.0,7827730.0,4763460.0,4284260.0,2206170.0,1696410.0,132200.0,1215070.0,19994000.0,19744000.0,12009000.0,10814000.0,5565000.0,4285000.0,337000.0,3061000.0
20240724,-935810.0,15434530.0,13660640.0,8284820.0,9122900.0,2856690.0,3981590.0,305530.0,116440.0,38553000.0,34145000.0,20683000.0,22769000.0,7142000.0,9927000.0,755000.0,293000.0
20240725,345170.0,10574830.0,10828290.0,4227780.0,4319500.0,1881100.0,1556420.0,232280.0,211790.0,26768000.0,27406000.0,10702000.0,10932000.0,4762000.0,3943000.0,589000.0,539000.0
20240726,-1417180.0,12448580.0,10720470.0,7473850.0,7784780.0,3015140.0,3536370.0,271640.0,1167590.0,30812000.0,26553000.0,18497000.0,19260000.0,7448000.0,8746000.0,667000.0,2867000.0
20240729,1012480.0,12471170.0,13716370.0,10586620.0,10353900.0,5882720.0,4531180.0,1403370.0,1742430.0,30084000.0,33093000.0,25542000.0,24970000.0,14195000.0,10919000.0,3382000.0,4221000.0
20240730,6340.0,12392010.0,12884540.0,8586390.0,8100210.0,3590470.0,4051150.0,952100.0,485080.0,30219000.0,31443000.0,20966000.0,19772000.0,8785000.0,9884000.0,2316000.0,1187000.0
20240731,39360.0,15768840.0,16723610.0,14919580.0,14004170.0,6719050.0,6402190.0,1282610.0,1560110.0,37953000.0,40219000.0,35856000.0,33653000.0,16149000.0,15387000.0,3070000.0,3769000.0
20240801,938350.0,11170940.0,15021830.0,12153870.0,9241330.0,6591080.0,4745770.0,772880.0,1679840.0,26637000.0,35814000.0,28973000.0,22025000.0,15705000.0,11308000.0,1842000.0,4010000.0
20240802,-885800.0,11310620.0,11190560.0,11700590.0,10934860.0,5155410.0,6017740.0,1025890.0,1049360.0,26885000.0,26582000.0,27775000.0,25967000.0,12250000.0,14305000.0,2442000.0,2498000.0
20240805,-181380.0,10558840.0,10683950.0,8256800.0,7950330.0,4179430.0,4667380.0,581220.0,274650.0,25445000.0,25729000.0,19917000.0,19158000.0,10085000.0,11269000.0,1379000.0,670000.0
20240806,-541850.0,13356120.0,10949370.0,6759470.0,8624370.0,3317340.0,4221610.0,801180.0,438760.0,31980000.0,26228000.0,16205000.0,20661000.0,7944000.0,10104000.0,1916000.0,1052000.0
20240807,98410.0,6155040.0,6182980.0,4540230.0,4610690.0,2250890.0,2143480.0,706280.0,715280.0,14775000.0,14846000.0,10900000.0,11065000.0,5404000.0,5146000.0,1703000.0,1725000.0
20240808,-1353940.0,9725730.0,8600760.0,6286360.0,6057390.0,2897200.0,3528020.0,327970.0,1051090.0,23935000.0,21158000.0,15473000.0,14900000.0,7142000.0,8699000.0,802000.0,2595000.0
20240809,38580.0,5510330.0,5457070.0,3770980.0,3862820.0,1517360.0,1095020.0,125740.0,509500.0,13667000.0,13540000.0,9348000.0,9572000.0,3756000.0,2713000.0,312000.0,1258000.0
20240812,268260.0,5509760.0,6021310.0,3740060.0,3496770.0,2315870.0,1788000.0,0.0,259610.0,13728000.0,15002000.0,9316000.0,8706000.0,5763000.0,4450000.0,0.0,649000.0
20240813,-703670.0,6743340.0,6620530.0,4399480.0,3818620.0,919430.0,1399100.0,0.0,224000.0,16572000.0,16276000.0,10816000.0,9382000.0,2259000.0,3439000.0,0.0,550000.0
20240814,-1091380.0,5828110.0,5799970.0,3956180.0,2892940.0,1410580.0,2399460.0,107180.0,209680.0,14522000.0,14440000.0,9865000.0,7207000.0,3515000.0,6001000.0,266000.0,522000.0
20240815,436650.0,5426890.0,5355350.0,2253440.0,2761630.0,1428730.0,814240.0,0.0,177840.0,13609000.0,13427000.0,5650000.0,6919000.0,3574000.0,2037000.0,0.0,450000.0
20240816,-1090740.0,8263470.0,6931440.0,4163320.0,4404610.0,1687100.0,2202580.0,123780.0,699040.0,21019000.0,17626000.0,10588000.0,11204000.0,4300000.0,5619000.0,311000.0,1770000.0
20240819,-394810.0,5424820.0,5526700.0,3278880.0,2782190.0,1045010.0,1418020.0,8280.0,30080.0,13763000.0,14020000.0,8317000.0,7053000.0,2651000.0,3601000.0,21000.0,77000.0
20240820,398070.0,6668650.0,7314400.0,3365910.0,3118240.0,1753670.0,1355160.0,121130.0,121570.0,17246000.0,18924000.0,8710000.0,8071000.0,4539000.0,3501000.0,311000.0,311000.0
20240821,-175210.0,5270210.0,5187830.0,2290610.0,2197780.0,676030.0,656340.0,504910.0,699810.0,13650000.0,13438000.0,5937000.0,5691000.0,1750000.0,1700000.0,1313000.0,1821000.0
20240822,119360.0,6921970.0,7309700.0,2905810.0,2637430.0,1362170.0,910400.0,141460.0,473870.0,17875000.0,18874000.0,7507000.0,6814000.0,3524000.0,2354000.0,367000.0,1232000.0
20240823,392870.0,6038390.0,6394800.0,2649500.0,2685960.0,974050.0,581180.0,0.0,0.0,15639000.0,16566000.0,6862000.0,6954000.0,2525000.0,1507000.0,0.0,0.0
20240826,696400.0,5724290.0,7041770.0,3408780.0,2787700.0,1749180.0,883490.0,48260.0,217550.0,14948000.0,18390000.0,8908000.0,7283000.0,4570000.0,2308000.0,126000.0,571000.0
20240827,-92230.0,6102740.0,5414040.0,3722610.0,4319070.0,2012970.0,1943570.0,112500.0,274130.0,16218000.0,14379000.0,9890000.0,11476000.0,5348000.0,5170000.0,300000.0,731000.0
20240828,-939650.0,6542030.0,6244190.0,4228370.0,3586570.0,1041820.0,1133820.0,48770.0,896420.0,17544000.0,16740000.0,11323000.0,9616000.0,2794000.0,3042000.0,132000.0,2394000.0
20240829,-428510.0,7255020.0,5916360.0,3399320.0,4309470.0,966630.0,1350250.0,224630.0,269520.0,19291000.0,15727000.0,9045000.0,11465000.0,2576000.0,3597000.0,596000.0,719000.0
20240830,-2086120.0,11209070.0,9133750.0,4654510.0,4643700.0,2530600.0,2981410.0,2152790.0,3788100.0,29390000.0,23967000.0,12230000.0,12159000.0,6652000.0,7799000.0,5620000.0,9968000.0
20240902,612720.0,12275850.0,12881390.0,7954370.0,7961540.0,3912000.0,3684700.0,802090.0,416670.0,33040000.0,34666000.0,21403000.0,21417000.0,10528000.0,9915000.0,2151000.0,1123000.0
20240903,-616230.0,6513800.0,5558160.0,2806130.0,3145540.0,693470.0,1124060.0,0.0,185640.0,17506000.0,14938000.0,7544000.0,8453000.0,1865000.0,3022000.0,0.0,501000.0
20240904,-235440.0,4622430.0,4334050.0,2259000.0,2311940.0,489070.0,627200.0,740.0,98050.0,12496000.0,11715000.0,6110000.0,6252000.0,1323000.0,1698000.0,2000.0,266000.0
20240905,482570.0,5616110.0,5640940.0,3407810.0,3865560.0,1860800.0,1447760.0,117350.0,47820.0,15260000.0,15328000.0,9257000.0,10506000.0,5063000.0,3935000.0,319000.0,130000.0
20240906,-251120.0,6040120.0,6198220.0,3449500.0,3040280.0,1076910.0,909010.0,0.0,419020.0,16530000.0,16958000.0,9431000.0,8312000.0,2951000.0,2485000.0,0.0,1157000.0
20240909,-641650.0,5871000.0,4172120.0,2081920.0,3139160.0,534530.0,1047780.0,0.0,128400.0,16090000.0,11433000.0,5708000.0,8605000.0,1466000.0,2875000.0,0.0,351000.0
20240910,-290260.0,6395700.0,6599160.0,3320840.0,2827110.0,1172000.0,1349820.0,0.0,112440.0,17877000.0,18448000.0,9279000.0,7900000.0,3278000.0,3771000.0,0.0,315000.0
20240911,-534790.0,5499830.0,4152400.0,1492320.0,2304950.0,282810.0,809700.0,360.0,8260.0,15362000.0,11597000.0,4171000.0,6443000.0,790000.0,2261000.0,1000.0,23000.0
20240912,88960.0,3407370.0,3324460.0,1631140.0,1803010.0,647040.0,675070.0,122690.0,5700.0,9492000.0,9259000.0,4549000.0,5032000.0,1808000.0,1885000.0,343000.0,16000.0
20240913,-312310.0,3709260.0,3059590.0,982590.0,1319940.0,524490.0,963180.0,126380.0,0.0,10421000.0,8597000.0,2761000.0,3708000.0,1474000.0,2705000.0,354000.0,0.0
20240918,-648260.0,6080050.0,5238710.0,2041740.0,2234810.0,856730.0,1276440.0,20960.0,249510.0,17399000.0,14988000.0,5840000.0,6393000.0,2450000.0,3655000.0,60000.0,713000.0
20240919,304960.0,5209150.0,5533230.0,2667920.0,2648820.0,1147670.0,1200760.0,475770.0,117720.0,14851000.0,15771000.0,7603000.0,7555000.0,3262000.0,3415000.0,1358000.0,333000.0
20240920,-91080.0,4735400.0,4757040.0,2463780.0,2351050.0,1153280.0,1329260.0,711820.0,626920.0,13620000.0,13676000.0,7086000.0,6757000.0,3309000.0,3817000.0,2039000.0,1804000.0
20240923,-288630.0,4311330.0,4271550.0,2120710.0,1871860.0,787270.0,1010310.0,210680.0,276270.0,12360000.0,12250000.0,6083000.0,5368000.0,2259000.0,2899000.0,606000.0,791000.0
20240924,-621010.0,8108270.0,7083660.0,3985770.0,4389360.0,2384910.0,2336890.0,580920.0,1249950.0,22893000.0,20000000.0,11264000.0,12387000.0,6742000.0,6593000.0,1622000.0,3541000.0
20240925,-814040.0,7382640.0,7142010.0,5901200.0,5327790.0,2955820.0,3476570.0,471250.0,764540.0,20169000.0,19500000.0,16113000.0,14547000.0,8070000.0,9510000.0,1292000.0,2086000.0
20240926,-1373630.0,9483490.0,7592260.0,5417380.0,5934990.0,2269110.0,2845520.0,289480.0,1086700.0,25651000.0,20557000.0,14646000.0,16058000.0,6132000.0,7696000.0,789000.0,2908000.0
20240927,432880.0,7746370.0,7604440.0,6293270.0,6868080.0,4433740.0,4406520.0,1105280.0,699620.0,20045000.0,19664000.0,16273000.0,17772000.0,11476000.0,11414000.0,2858000.0,1803000.0
20240930,-3736110.0,22724920.0,19231020.0,19928340.0,19686130.0,12682850.0,15106920.0,3190970.0,4503010.0,55341000.0,46727000.0,48399000.0,47845000.0,30789000.0,36703000.0,7709000.0,10962000.0
20241008,-2948200.0,28203450.0,24062010.0,30748290.0,31941530.0,19150180.0,23295500.0,8697260.0,7500140.0,64447000.0,54931000.0,70030000.0,72770000.0,43574000.0,53047000.0,19731000.0,17034000.0
20241009,965030.0,25388770.0,23624170.0,20057540.0,22787170.0,13852830.0,13437130.0,3484610.0,2935280.0,60089000.0,55863000.0,47480000.0,54012000.0,32813000.0,31818000.0,8302000.0,6990000.0
20241010,1454530.0,19080350.0,19052710.0,15271570.0,16753750.0,9647300.0,9298070.0,2619740.0,1514440.0,45608000.0,45525000.0,36452000.0,40011000.0,22953000.0,22093000.0,6210000.0,3594000.0
20241011,-1217910.0,13917980.0,13597710.0,11769770.0,10872130.0,7332870.0,7122090.0,398260.0,1826950.0,34607000.0,33756000.0,29229000.0,26961000.0,18231000.0,17769000.0,1006000.0,4587000.0
20241014,-1414560.0,15894330.0,13840260.0,10409530.0,11049040.0,6124110.0,6445410.0,735670.0,1828930.0,39111000.0,34078000.0,25628000.0,27177000.0,15091000.0,15856000.0,1811000.0,4530000.0
20241015,-1319670.0,12865930.0,11613930.0,8234790.0,8167130.0,4541040.0,5204850.0,427030.0,1082890.0,31558000.0,28489000.0,20201000.0,20038000.0,11124000.0,12746000.0,1043000.0,2653000.0
20241016,-302270.0,9542700.0,9046720.0,4916950.0,5110660.0,2560900.0,2585100.0,110000.0,388070.0,23854000.0,22610000.0,12287000.0,12770000.0,6400000.0,6465000.0,275000.0,971000.0
20241017,-134610.0,12082690.0,11765110.0,8252670.0,8435630.0,4995780.0,4557790.0,1833500.0,2406100.0,30263000.0,29442000.0,20652000.0,21116000.0,12483000.0,11404000.0,4545000.0,5981000.0
20241018,-1746480.0,20515880.0,17568940.0,18271350.0,19471820.0,8449620.0,11116230.0,2660440.0,1740310.0,50735000.0,43495000.0,45052000.0,48054000.0,20855000.0,27402000.0,6581000.0,4272000.0
20241021,1748830.0,22423990.0,22495140.0,19881250.0,21558940.0,19124190.0,18892390.0,6227770.0,4710740.0,52877000.0,53033000.0,46854000.0,50840000.0,45045000.0,44442000.0,14572000.0,11033000.0
20241022,-5882430.0,20925010.0,18812890.0,20062480.0,16292180.0,11182880.0,15352180.0,1867990.0,3581120.0,49422000.0,44424000.0,47337000.0,38421000.0,26357000.0,36227000.0,4416000.0,8461000.0
20241023,-2921290.0,24244620.0,20482980.0,20120200.0,20960570.0,12993620.0,15718710.0,4043940.0,4240140.0,56051000.0,47330000.0,46491000.0,48393000.0,30017000.0,36332000.0,9299000.0,9803000.0
20241024,-720760.0,13253520.0,12024780.0,9008670.0,9516640.0,5431800.0,5845990.0,705800.0,1012370.0,31410000.0,28491000.0,21345000.0,22548000.0,12865000.0,13851000.0,1672000.0,2401000.0
20241025,3302730.0,10621030.0,12097630.0,9647180.0,11473300.0,8265510.0,7624090.0,4059170.0,1397860.0,24920000.0,28376000.0,22632000.0,26905000.0,19391000.0,17887000.0,9504000.0,3279000.0
20241028,926600.0,13802950.0,14469360.0,13033210.0,13293410.0,8628970.0,7144850.0,1935100.0,2492620.0,31944000.0,33476000.0,30150000.0,30758000.0,19971000.0,16542000.0,4458000.0,5747000.0
20241029,-1608550.0,15253860.0,14235230.0,12015060.0,11425150.0,6302730.0,7071380.0,1068880.0,1908780.0,35958000.0,33547000.0,28317000.0,26920000.0,14873000.0,16683000.0,2521000.0,4519000.0
20241030,1563470.0,16816590.0,16689220.0,15086490.0,16777350.0,11535080.0,9809400.0,2126380.0,2288590.0,39675000.0,39331000.0,35540000.0,39518000.0,27192000.0,23156000.0,5020000.0,5422000.0
20241031,1587480.0,16493420.0,18015960.0,15191420.0,15256370.0,9869660.0,8380920.0,4051870.0,3953130.0,39383000.0,43001000.0,36286000.0,36436000.0,23569000.0,20031000.0,9665000.0,9435000.0
20241101,-2005220.0,17379220.0,17104300.0,15308420.0,13578130.0,7992500.0,8683090.0,1464440.0,2779070.0,42302000.0,41579000.0,37172000.0,32972000.0,19416000.0,21100000.0,3554000.0,6793000.0
20241104,-655490.0,13244330.0,12263290.0,9410630.0,9736160.0,4389700.0,4562420.0,612120.0,1094890.0,31960000.0,29595000.0,22712000.0,23497000.0,10591000.0,11016000.0,1478000.0,2633000.0
20241105,1375790.0,30281000.0,28477490.0,28948800.0,32128100.0,18156220.0,16695430.0,5497610.0,5582610.0,69982000.0,65825000.0,66946000.0,74274000.0,41996000.0,38631000.0,12744000.0,12938000.0
20241106,-34300.0,33028470.0,30227330.0,36620630.0,39387470.0,23935430.0,23318990.0,4912970.0,5563710.0,73979000.0,67578000.0,81830000.0,88062000.0,53435000.0,52100000.0,10963000.0,12467000.0
20241107,-154310.0,27468550.0,26899570.0,29094490.0,29509160.0,21214280.0,18835720.0,6309240.0,8842110.0,63644000.0,62264000.0,67437000.0,68356000.0,49078000.0,43636000.0,14612000.0,20515000.0
20241108,-302830.0,31675000.0,30592780.0,34805110.0,35584500.0,25537290.0,27875750.0,7317320.0,5281690.0,72333000.0,69829000.0,79484000.0,81228000.0,58286000.0,63660000.0,16683000.0,12069000.0
20241111,10891310.0,25373150.0,32830260.0,36725840.0,40160050.0,31360150.0,23797340.0,10568010.0,7239510.0,57122000.0,73825000.0,82583000.0,90246000.0,70447000.0,53512000.0,23730000.0,16299000.0
20241112,-1990940.0,23677440.0,23417370.0,27988110.0,26257240.0,20912620.0,21400690.0,4478090.0,5980960.0,53560000.0,52889000.0,63162000.0,59224000.0,47129000.0,48285000.0,10097000.0,13549000.0
20241113,-996810.0,16187570.0,18438190.0,17865450.0,14618020.0,11026430.0,11107510.0,2560340.0,3476070.0,37653000.0,42854000.0,41551000.0,33983000.0,25636000.0,25839000.0,5965000.0,8129000.0
20241114,-2291880.0,15693620.0,14167180.0,14855130.0,14089690.0,7976700.0,10363200.0,3584660.0,3490040.0,37141000.0,33505000.0,35143000.0,33325000.0,18861000.0,24519000.0,8458000.0,8254000.0
20241115,-2301030.0,16343010.0,14954980.0,13954510.0,13041510.0,8986870.0,8469450.0,2018860.0,4837310.0,39679000.0,36276000.0,33928000.0,31684000.0,21868000.0,20600000.0,4899000.0,11814000.0
20241118,481200.0,18370350.0,19919280.0,13551340.0,12483620.0,7001470.0,7007240.0,1755930.0,1268960.0,45185000.0,48989000.0,33327000.0,30697000.0,17213000.0,17233000.0,4316000.0,3122000.0
20241119,524570.0,12618690.0,13659080.0,13458890.0,12943090.0,8269400.0,7447290.0,2104850.0,2402390.0,31048000.0,33566000.0,33095000.0,31822000.0,20320000.0,18344000.0,5195000.0,5925000.0
20241120,-1319210.0,11785320.0,11109410.0,12230340.0,11587040.0,6958660.0,7387310.0,927700.0,1818260.0,28896000.0,27235000.0,29993000.0,28396000.0,17067000.0,18116000.0,2265000.0,4475000.0
20241121,132950.0,8828510.0,9154840.0,9323170.0,9129790.0,5638560.0,5717320.0,716270.0,504560.0,21622000.0,22419000.0,22833000.0,22357000.0,13802000.0,13999000.0,1752000.0,1235000.0
20241122,-4189530.0,14297410.0,10932460.0,12444840.0,11620260.0,5045670.0,7435990.0,655610.0,2454820.0,35644000.0,27239000.0,30991000.0,28939000.0,12582000.0,18552000.0,1647000.0,6134000.0
20241125,-72790.0,13431680.0,12334570.0,8673770.0,9698090.0,5409260.0,5935530.0,1999600.0,1546120.0,34175000.0,31380000.0,22086000.0,24677000.0,13770000.0,15124000.0,5091000.0,3941000.0
20241126,-749000.0,9706640.0,9835010.0,6727980.0,5850610.0,3690540.0,4184450.0,782560.0,1037650.0,24626000.0,24941000.0,17058000.0,14837000.0,9354000.0,10604000.0,1979000.0,2635000.0
20241127,-1906450.0,13737660.0,13652600.0,12719810.0,10898430.0,5046190.0,6045630.0,893300.0,1800310.0,34593000.0,34375000.0,32007000.0,27396000.0,12657000.0,15198000.0,2234000.0,4522000.0
20241128,475910.0,9290350.0,9659370.0,9555260.0,9662150.0,5570630.0,5444710.0,1077070.0,727080.0,22844000.0,23745000.0,23493000.0,23744000.0,13680000.0,13383000.0,2639000.0,1785000.0
20241129,-699680.0,10265820.0,9755260.0,11069080.0,10879950.0,5217100.0,5531370.0,716260.0,1101670.0,25086000.0,23834000.0,27035000.0,26566000.0,12735000.0,13504000.0,1744000.0,2696000.0
20241202,666140.0,10497330.0,11679190.0,11184390.0,10668680.0,7278540.0,6630820.0,1956170.0,1937750.0,25759000.0,28650000.0,27446000.0,26177000.0,17859000.0,16276000.0,4799000.0,4759000.0
20241203,-1483980.0,10591240.0,10350640.0,10520700.0,9277320.0,4686030.0,4952060.0,626840.0,1844790.0,26383000.0,25777000.0,26196000.0,23098000.0,11672000.0,12327000.0,1562000.0,4611000.0
20241204,-807750.0,9704970.0,8974950.0,5952770.0,5875050.0,3017840.0,3106790.0,605770.0,1324570.0,24414000.0,22571000.0,14970000.0,14776000.0,7588000.0,7813000.0,1519000.0,3330000.0
20241205,923660.0,5693420.0,6341610.0,4622550.0,4898030.0,2657100.0,1890350.0,701740.0,544830.0,14329000.0,15957000.0,11632000.0,12328000.0,6685000.0,4759000.0,1771000.0,1372000.0
20241206,-145240.0,7320980.0,6903610.0,5772230.0,6044360.0,3624590.0,3730470.0,389500.0,428860.0,18366000.0,17316000.0,14485000.0,15154000.0,9083000.0,9362000.0,976000.0,1079000.0
20241209,-280500.0,8155720.0,8136210.0,5800370.0,5539370.0,3913270.0,3634320.0,226600.0,786050.0,20566000.0,20509000.0,14624000.0,13975000.0,9864000.0,9161000.0,572000.0,1981000.0
20241210,-946990.0,10024900.0,8249220.0,8855080.0,9683780.0,5596990.0,5916640.0,921610.0,1548950.0,24968000.0,20539000.0,22042000.0,24090000.0,13921000.0,14733000.0,2286000.0,3855000.0
20241211,-716150.0,8156970.0,6664330.0,5622530.0,6399030.0,3381750.0,2650400.0,573640.0,2021140.0,20453000.0,16709000.0,14105000.0,16049000.0,8485000.0,6652000.0,1438000.0,5071000.0
20241212,451350.0,8053570.0,8133000.0,8602520.0,8974450.0,5819360.0,6328060.0,1646190.0,686140.0,20035000.0,20231000.0,21396000.0,22319000.0,14474000.0,15747000.0,4101000.0,1709000.0
20241213,43600.0,14721400.0,14744400.0,8767480.0,8788070.0,5997320.0,4292200.0,2209960.0,3871480.0,37367000.0,37401000.0,22236000.0,22290000.0,15222000.0,10896000.0,5622000.0,9860000.0
20241216,-612610.0,9154970.0,8004540.0,6081670.0,6619480.0,3574200.0,3966570.0,300250.0,520490.0,23612000.0,20637000.0,15679000.0,17077000.0,9219000.0,10228000.0,775000.0,1343000.0
20241217,-1036540.0,7416800.0,5725840.0,4421660.0,5076090.0,2390120.0,2910870.0,287230.0,803020.0,19272000.0,14876000.0,11483000.0,13182000.0,6206000.0,7559000.0,744000.0,2088000.0
20241218,-217430.0,5645070.0,5466910.0,4153210.0,4113950.0,2345420.0,2395960.0,111300.0,278190.0,14675000.0,14212000.0,10797000.0,10697000.0,6100000.0,6229000.0,290000.0,724000.0
20241219,-4348490.0,10480650.0,7043920.0,7368420.0,6456670.0,3815280.0,6644930.0,1270840.0,2789680.0,27677000.0,18589000.0,19461000.0,17052000.0,10083000.0,17572000.0,3350000.0,7356000.0
20241220,68370.0,7173060.0,6909810.0,4959820.0,5291440.0,2513210.0,2393930.0,437360.0,488270.0,18725000.0,18034000.0,12948000.0,13811000.0,6563000.0,6257000.0,1139000.0,1273000.0
20241223,-728670.0,7263880.0,6726410.0,4217900.0,4026700.0,1630020.0,2268670.0,20210.0,110230.0,19080000.0,17663000.0,11080000.0,10574000.0,4280000.0,5966000.0,53000.0,290000.0
20241224,-600730.0,5609230.0,5037220.0,3373670.0,3344940.0,1588410.0,1565540.0,254290.0,877890.0,14709000.0,13207000.0,8847000.0,8771000.0,4163000.0,4105000.0,665000.0,2301000.0
20241225,1244680.0,8244420.0,9730490.0,7072890.0,6831510.0,4722620.0,3259710.0,326840.0,545070.0,21455000.0,25296000.0,18359000.0,17728000.0,12240000.0,8459000.0,854000.0,1425000.0
20241226,-291350.0,10159080.0,10654780.0,8950070.0,8163020.0,5017520.0,4908270.0,1126250.0,1526850.0,25921000.0,27174000.0,22829000.0,20816000.0,12792000.0,12522000.0,2863000.0,3893000.0
20241227,-186040.0,10572200.0,9265910.0,7336380.0,8456640.0,4532790.0,4981410.0,384410.0,121830.0,26900000.0,23568000.0,18663000.0,21508000.0,11523000.0,12681000.0,982000.0,310000.0
20241230,245140.0,8957650.0,8408640.0,5192120.0,5986250.0,3313440.0,3258570.0,437190.0,246920.0,22761000.0,21360000.0,13194000.0,15209000.0,8412000.0,8276000.0,1106000.0,628000.0
20241231,-863450.0,9813930.0,8719140.0,5240830.0,5472180.0,2567450.0,2825950.0,531670.0,1136620.0,25260000.0,22435000.0,13480000.0,14083000.0,6601000.0,7265000.0,1364000.0,2923000.0
20250102,-2057070.0,11500570.0,9400420.0,6698740.0,6741820.0,4057860.0,4256490.0,612200.0,2470640.0,30587000.0,24976000.0,17825000.0,17938000.0,10810000.0,11332000.0,1651000.0,6627000.0
20250103,-921020.0,7534380.0,6333920.0,4463490.0,4742940.0,2104860.0,2662550.0,2910.0,366240.0,20369000.0,17114000.0,12053000.0,12813000.0,5680000.0,7195000.0,8000.0,988000.0
20250106,-507710.0,6580150.0,6013340.0,3120050.0,3179150.0,1119400.0,1415430.0,0.0,211680.0,17890000.0,16349000.0,8484000.0,8643000.0,3044000.0,3847000.0,0.0,578000.0
20250107,-346600.0,4407040.0,4656920.0,3379890.0,2783420.0,1052090.0,1464460.0,340390.0,274620.0,11899000.0,12567000.0,9123000.0,7516000.0,2841000.0,3958000.0,918000.0,740000.0
20250108,-1311280.0,6723960.0,5866930.0,4615670.0,4161420.0,2625250.0,3232970.0,107300.0,810860.0,18273000.0,15931000.0,12542000.0,11298000.0,7133000.0,8799000.0,290000.0,2210000.0
20250109,-31310.0,5602130.0,6365990.0,5582930.0,4787750.0,3923740.0,3229420.0,1185840.0,1911470.0,15113000.0,17162000.0,15061000.0,12911000.0,10587000.0,8726000.0,3210000.0,5172000.0
20250110,-244780.0,5507680.0,4585210.0,3508790.0,4186470.0,1314320.0,1802060.0,694800.0,451840.0,14863000.0,12374000.0,9464000.0,11291000.0,3548000.0,4873000.0,1883000.0,1220000.0
20250113,-1144580.0,6234360.0,4805220.0,2820810.0,3105370.0,718750.0,1603840.0,19640.0,279130.0,16923000.0,13048000.0,7662000.0,8434000.0,1954000.0,4354000.0,53000.0,756000.0
20250114,196340.0,8511090.0,8890450.0,6777730.0,6594710.0,3656700.0,2870070.0,922670.0,1512960.0,22756000.0,23745000.0,18146000.0,17623000.0,9765000.0,7682000.0,2473000.0,4090000.0
20250115,206160.0,6296720.0,6110680.0,4339100.0,4731300.0,2129010.0,1846400.0,214650.0,291100.0,16845000.0,16344000.0,11607000.0,12654000.0,5691000.0,4940000.0,573000.0,778000.0
20250116,156930.0,5617540.0,5556680.0,3182870.0,3400660.0,1934830.0,1594250.0,154790.0,338440.0,15042000.0,14882000.0,8524000.0,9096000.0,5173000.0,4269000.0,412000.0,904000.0
20250117,-73710.0,6328010.0,5645480.0,3811130.0,4419950.0,1154660.0,1113970.0,224300.0,338700.0,17057000.0,15216000.0,10276000.0,11915000.0,3112000.0,3002000.0,603000.0,915000.0
20250120,-1252320.0,6273860.0,6039300.0,4128400.0,3110630.0,2135980.0,2100410.0,312130.0,1600020.0,16873000.0,16247000.0,11105000.0,8370000.0,5742000.0,5641000.0,839000.0,4301000.0
20250121,-708140.0,6113570.0,5537530.0,3679640.0,3547540.0,1615270.0,1861220.0,111620.0,573810.0,16633000.0,15065000.0,10019000.0,9655000.0,4398000.0,5071000.0,304000.0,1563000.0
20250122,-656300.0,9799690.0,7913950.0,6628530.0,7857970.0,3285300.0,3385930.0,923570.0,1479240.0,27085000.0,21868000.0,18328000.0,21733000.0,9084000.0,9373000.0,2559000.0,4082000.0
20250123,482550.0,8536770.0,8404250.0,6756560.0,7371630.0,3458570.0,2718520.0,704530.0,962030.0,23174000.0,22811000.0,18346000.0,20011000.0,9387000.0,7383000.0,1909000.0,2611000.0
20250124,3900.0,6522010.0,5758010.0,3745150.0,4513050.0,1794760.0,1933660.0,412050.0,269250.0,17631000.0,15574000.0,10127000.0,12201000.0,4856000.0,5226000.0,1117000.0,730000.0
20250127,3510280.0,15643900.0,18009060.0,12053460.0,13198580.0,5359280.0,2393520.0,1077580.0,533060.0,43283000.0,49825000.0,33350000.0,36499000.0,14818000.0,6606000.0,2960000.0,1481000.0
20250205,2107900.0,11003710.0,11752400.0,8193360.0,9552550.0,3548650.0,1642020.0,1581570.0,1380300.0,30517000.0,32605000.0,22728000.0,26497000.0,9847000.0,4553000.0,4379000.0,3816000.0
20250206,-925310.0,15394880.0,13408900.0,11834390.0,12895060.0,4632140.0,5056870.0,784160.0,1284740.0,41933000.0,36542000.0,32229000.0,35111000.0,12638000.0,13782000.0,2128000.0,3493000.0
20250207,-281140.0,11776670.0,10711560.0,8811810.0,9595770.0,4047610.0,4816480.0,995080.0,507350.0,31663000.0,28791000.0,23686000.0,25783000.0,10871000.0,12948000.0,2668000.0,1365000.0
20250210,-186610.0,10451840.0,9807860.0,7774070.0,8231440.0,5590220.0,6476000.0,1273710.0,574540.0,27824000.0,26104000.0,20697000.0,21914000.0,14877000.0,17240000.0,3391000.0,1530000.0
20250211,243650.0,9562210.0,9686050.0,6596730.0,6716540.0,3494840.0,3319040.0,1388860.0,1321010.0,25785000.0,26117000.0,17793000.0,18112000.0,9427000.0,8952000.0,3746000.0,3570000.0
20250212,-86540.0,10154330.0,9709020.0,8908520.0,9267280.0,4315340.0,4460320.0,867470.0,809030.0,27260000.0,26060000.0,23904000.0,24878000.0,11571000.0,11964000.0,2338000.0,2172000.0
20250213,4124080.0,16579530.0,20725320.0,19149620.0,19127910.0,12138510.0,9494400.0,3943620.0,2463650.0,43370000.0,54208000.0,50079000.0,50026000.0,31727000.0,24780000.0,10274000.0,6437000.0
20250214,1500560.0,12806430.0,13722230.0,11939930.0,12524700.0,7416970.0,7017350.0,2295110.0,1194170.0,33926000.0,36334000.0,31602000.0,33159000.0,19624000.0,18577000.0,6081000.0,3164000.0
20250217,1060010.0,11968360.0,15912140.0,13348180.0,10464420.0,7155470.0,5340560.0,1623700.0,2378600.0,31384000.0,41714000.0,34987000.0,27426000.0,18759000.0,14004000.0,4253000.0,6240000.0
20250218,-2229980.0,12001950.0,10290890.0,8972820.0,8453890.0,4874080.0,6203140.0,667790.0,1568710.0,31982000.0,27410000.0,23903000.0,22527000.0,12986000.0,16524000.0,1786000.0,4196000.0
20250219,-2434300.0,9564620.0,7807450.0,9084310.0,8407170.0,5622010.0,6083580.0,327260.0,2299990.0,25736000.0,20998000.0,24446000.0,22621000.0,15131000.0,16378000.0,879000.0,6194000.0
20250220,448420.0,10851820.0,11067940.0,10410980.0,10643280.0,5754320.0,4522850.0,738560.0,1521610.0,29102000.0,29671000.0,27909000.0,28538000.0,15413000.0,12124000.0,1982000.0,4074000.0
20250221,-1142050.0,10846770.0,9202180.0,10006980.0,10509520.0,5291540.0,7007990.0,1772990.0,1198590.0,29022000.0,24617000.0,26772000.0,28110000.0,14154000.0,18758000.0,4746000.0,3210000.0
20250224,3924900.0,16863980.0,20644430.0,18307170.0,18451610.0,11976830.0,9259890.0,2701760.0,1493800.0,44349000.0,54238000.0,48103000.0,48482000.0,31414000.0,24311000.0,7075000.0,3910000.0
20250225,277860.0,13180820.0,12412120.0,13431000.0,14477570.0,8356490.0,7022900.0,703040.0,1758770.0,35085000.0,33032000.0,35740000.0,38530000.0,22250000.0,18693000.0,1868000.0,4686000.0
20250226,-1131710.0,12923300.0,12462030.0,13153640.0,12483210.0,7726470.0,7433720.0,834220.0,2258680.0,34766000.0,33525000.0,35389000.0,33583000.0,20786000.0,19998000.0,2242000.0,6078000.0
20250227,-951490.0,14612680.0,13381520.0,13124140.0,13403790.0,7046950.0,9252140.0,1855850.0,602150.0,39765000.0,36420000.0,35683000.0,36442000.0,19171000.0,25173000.0,5056000.0,1639000.0
20250228,-338790.0,10994280.0,10143440.0,8713520.0,9225570.0,4482520.0,5024580.0,1292030.0,1088760.0,30160000.0,27821000.0,23887000.0,25292000.0,12299000.0,13784000.0,3538000.0,2988000.0
20250303,632820.0,7109160.0,8120990.0,7892470.0,7513450.0,5095000.0,3340230.0,1018100.0,2140050.0,19514000.0,22285000.0,21659000.0,20619000.0,13975000.0,9165000.0,2792000.0,5872000.0
20250304,-667680.0,12102470.0,12049290.0,11513800.0,10899290.0,6375390.0,6715390.0,728460.0,1056140.0,32798000.0,32654000.0,31209000.0,29545000.0,17287000.0,18207000.0,1973000.0,2861000.0
20250305,-2057660.0,12394780.0,10875960.0,9268080.0,8729260.0,4555630.0,6408970.0,1547440.0,1751760.0,33488000.0,29389000.0,25032000.0,23574000.0,12303000.0,17310000.0,4177000.0,4727000.0
20250306,-2789560.0,10769540.0,9628650.0,11770550.0,10121870.0,6285060.0,7242040.0,1293830.0,3126410.0,29046000.0,25968000.0,31752000.0,27299000.0,16954000.0,19536000.0,3490000.0,8437000.0
20250307,-677040.0,19978840.0,18773940.0,19458720.0,19986580.0,12637320.0,14684580.0,3364900.0,1994680.0,53413000.0,50172000.0,51995000.0,53423000.0,33787000.0,39266000.0,8994000.0,5327000.0
20250310,-63320.0,11265480.0,11471540.0,10032190.0,9762810.0,5758880.0,5381490.0,863300.0,1304010.0,30243000.0,30801000.0,26922000.0,26192000.0,15455000.0,14424000.0,2309000.0,3512000.0
20250311,647600.0,18244350.0,16501330.0,14360350.0,16750990.0,10213260.0,10111020.0,2510450.0,1965090.0,48598000.0,43936000.0,38262000.0,44602000.0,27178000.0,26915000.0,6648000.0,5233000.0
20250312,-1936390.0,13886940.0,13212440.0,12638470.0,11376580.0,7860930.0,8064680.0,1171920.0,2904560.0,36761000.0,34983000.0,33440000.0,30099000.0,20795000.0,21337000.0,3112000.0,7687000.0
20250313,397930.0,13124580.0,12747000.0,11837590.0,12613090.0,5897300.0,5230120.0,855260.0,1124510.0,35132000.0,34119000.0,31675000.0,33754000.0,15782000.0,13993000.0,2292000.0,3015000.0
20250314,1102960.0,13140870.0,13739460.0,10984590.0,11488950.0,7559250.0,8748010.0,3652300.0,1360580.0,35098000.0,36687000.0,29330000.0,30662000.0,20182000.0,23332000.0,9691000.0,3620000.0
20250317,513710.0,10508170.0,10512400.0,9652210.0,10161690.0,6343420.0,6348400.0,2394520.0,1875830.0,27801000.0,27817000.0,25539000.0,26880000.0,16776000.0,16791000.0,6342000.0,4970000.0
20250318,68530.0,8384810.0,8579670.0,7602030.0,7475710.0,4670260.0,4752040.0,617020.0,466710.0,22350000.0,22873000.0,20260000.0,19922000.0,12448000.0,12662000.0,1643000.0,1245000.0
20250319,-633680.0,6942210.0,7453420.0,6827700.0,5682820.0,3745380.0,3074840.0,681990.0,1986210.0,18602000.0,19970000.0,18294000.0,15227000.0,10036000.0,8238000.0,1825000.0,5322000.0
20250320,-1957730.0,11107880.0,10193330.0,11081360.0,10038180.0,6215330.0,7822810.0,754730.0,1104980.0,29709000.0,27240000.0,29604000.0,26811000.0,16617000.0,20937000.0,2006000.0,2948000.0
20250321,-690410.0,11173670.0,10637170.0,10552230.0,10398320.0,4573790.0,5543490.0,1128530.0,849240.0,29985000.0,28549000.0,28304000.0,27890000.0,12259000.0,14866000.0,3036000.0,2279000.0
20250324,-1658660.0,11442010.0,9926330.0,8681760.0,8538770.0,4164530.0,5384950.0,630510.0,1068750.0,31233000.0,27082000.0,23685000.0,23295000.0,11354000.0,14693000.0,1719000.0,2921000.0
20250325,-82590.0,7793320.0,7779370.0,6318600.0,6249970.0,3097180.0,2777390.0,447330.0,849710.0,21138000.0,21098000.0,17138000.0,16954000.0,8398000.0,7532000.0,1212000.0,2302000.0
20250326,-1420560.0,6414210.0,6292520.0,6854600.0,5555730.0,3518240.0,3355450.0,1395230.0,2978580.0,17485000.0,17146000.0,18688000.0,15143000.0,9595000.0,9153000.0,3810000.0,8135000.0
20250327,-514180.0,11454790.0,10377890.0,8535820.0,9098540.0,5092180.0,4960130.0,493650.0,1139880.0,31589000.0,28608000.0,23549000.0,25113000.0,14054000.0,13684000.0,1366000.0,3153000.0
20250328,-127440.0,5869700.0,5826980.0,4471800.0,4387070.0,2778470.0,2924920.0,284080.0,265070.0,16163000.0,16045000.0,12312000.0,12078000.0,7650000.0,8055000.0,784000.0,731000.0
20250331,503530.0,16232490.0,16088800.0,12435550.0,13082780.0,6016620.0,5724570.0,1170980.0,959500.0,44634000.0,44225000.0,34179000.0,35964000.0,16534000.0,15737000.0,3223000.0,2644000.0
20250401,1244110.0,13082310.0,13750760.0,10712340.0,11287990.0,5713450.0,5853030.0,1945900.0,562210.0,35408000.0,37220000.0,29002000.0,30553000.0,15455000.0,15830000.0,5260000.0,1522000.0
20250402,-1745360.0,9334690.0,8144900.0,8444240.0,7888670.0,4108100.0,5459680.0,767610.0,1161390.0,25389000.0,22143000.0,22951000.0,21438000.0,11167000.0,14841000.0,2084000.0,3168000.0
20250403,1651910.0,8196870.0,8770010.0,5618440.0,6697210.0,3485560.0,3742140.0,1958990.0,50500.0,22154000.0,23693000.0,15183000.0,18094000.0,9414000.0,10109000.0,5281000.0,136000.0
20250407,-4040770.0,18947180.0,15363120.0,15622260.0,15165550.0,10958120.0,13226650.0,3030790.0,4803030.0,54392000.0,44002000.0,44986000.0,43573000.0,31642000.0,38134000.0,8702000.0,14013000.0
20250408,-3234440.0,15076560.0,10950680.0,9017180.0,9908610.0,4213850.0,7108780.0,439020.0,778530.0,43723000.0,31742000.0,26134000.0,28721000.0,12200000.0,20602000.0,1269000.0,2261000.0
20250409,-501250.0,20187320.0,18943320.0,14581200.0,15323950.0,9266110.0,10298490.0,3809770.0,3278640.0,56216000.0,52784000.0,40694000.0,42762000.0,25837000.0,28677000.0,10572000.0,9096000.0
20250410,1023970.0,14463560.0,14144190.0,11881130.0,13224480.0,8518430.0,7847490.0,1876060.0,1523030.0,39539000.0,38647000.0,32484000.0,36153000.0,23288000.0,21457000.0,5109000.0,4163000.0
20250411,-1269260.0,10780700.0,9234390.0,8353930.0,8630970.0,4065000.0,4772650.0,400050.0,961660.0,29378000.0,25161000.0,22762000.0,23517000.0,11070000.0,12999000.0,1088000.0,2621000.0
20250414,-406010.0,9691820.0,8547910.0,6636060.0,7373950.0,4090890.0,4883650.0,868460.0,481710.0,26294000.0,23192000.0,18002000.0,20003000.0,11102000.0,13251000.0,2352000.0,1305000.0
20250415,-212840.0,9120450.0,8447330.0,5407900.0,5868190.0,2699600.0,3315400.0,1584240.0,1181280.0,25087000.0,23234000.0,14865000.0,16133000.0,7421000.0,9119000.0,4362000.0,3249000.0
20250416,-2087130.0,9937960.0,7865780.0,5654050.0,5639090.0,2909950.0,2698840.0,108060.0,2406300.0,27432000.0,21705000.0,15605000.0,15555000.0,8024000.0,7448000.0,300000.0,6653000.0
20250417,-161220.0,7144800.0,6128430.0,3955850.0,4811000.0,1412000.0,1630340.0,436330.0,379210.0,19601000.0,16813000.0,10856000.0,13200000.0,3872000.0,4470000.0,1195000.0,1041000.0
20250418,-231530.0,5035130.0,4726660.0,2995850.0,3072790.0,1106960.0,1806410.0,1369420.0,901500.0,13938000.0,13084000.0,8294000.0,8507000.0,3064000.0,5002000.0,3792000.0,2495000.0
20250421,-443040.0,5372590.0,5364410.0,3977480.0,3542630.0,1968220.0,1980410.0,154120.0,584970.0,14775000.0,14753000.0,10937000.0,9741000.0,5412000.0,5444000.0,424000.0,1610000.0
20250422,142320.0,4927690.0,4935030.0,2982700.0,3117670.0,1499060.0,1516910.0,211630.0,51460.0,13585000.0,13605000.0,8222000.0,8593000.0,4133000.0,4184000.0,583000.0,142000.0
20250423,453110.0,7656130.0,8510820.0,5584160.0,5182570.0,2311320.0,2759550.0,1072920.0,171580.0,21231000.0,23606000.0,15490000.0,14371000.0,6410000.0,7650000.0,2972000.0,476000.0
20250424,-1720980.0,7146350.0,6314510.0,6005740.0,5116600.0,2635740.0,2553390.0,286000.0,2089330.0,19944000.0,17613000.0,16763000.0,14273000.0,7365000.0,7133000.0,800000.0,5854000.0
20250425,-374710.0,5177950.0,4519620.0,3297620.0,3581260.0,1792020.0,2039790.0,743300.0,870240.0,14426000.0,12592000.0,9187000.0,9976000.0,4992000.0,5683000.0,2071000.0,2425000.0
20250428,-550580.0,4739060.0,4668540.0,3566100.0,3086040.0,2353640.0,2193690.0,354150.0,1064680.0,13307000.0,13109000.0,10012000.0,8662000.0,6608000.0,6160000.0,996000.0,2992000.0
20250429,-1147610.0,7552020.0,8890670.0,7511220.0,5024950.0,2969760.0,3691720.0,966890.0,1392540.0,21072000.0,24816000.0,20961000.0,14023000.0,8286000.0,10300000.0,2699000.0,3879000.0
20250430,368260.0,10408370.0,11475500.0,6865820.0,6166950.0,3045790.0,2856160.0,1698600.0,1519970.0,29276000.0,32280000.0,19318000.0,17345000.0,8562000.0,8034000.0,4782000.0,4278000.0
20250506,-577430.0,9149380.0,7723440.0,5874240.0,6722760.0,3091680.0,3558540.0,339540.0,450110.0,25555000.0,21573000.0,16409000.0,18779000.0,8637000.0,9940000.0,947000.0,1257000.0
20250507,2714070.0,20178660.0,22206370.0,19293950.0,19980310.0,10920420.0,10074020.0,3644700.0,1777030.0,54893000.0,60379000.0,52487000.0,54324000.0,29700000.0,27409000.0,9855000.0,4823000.0
20250508,-2854670.0,22510000.0,18095110.0,17915640.0,19475870.0,9570130.0,13319710.0,5407150.0,4512240.0,60553000.0,48680000.0,48179000.0,52391000.0,25700000.0,35759000.0,14528000.0,12129000.0
20250509,-383070.0,16099670.0,14810280.0,9482830.0,10389150.0,4777730.0,6322690.0,2071630.0,909740.0,43392000.0,39918000.0,25547000.0,27993000.0,12883000.0,17042000.0,5586000.0,2455000.0
20250512,108870.0,33755140.0,32751540.0,22280210.0,23392660.0,13789630.0,12508210.0,2746660.0,3919210.0,88934000.0,86278000.0,58704000.0,61617000.0,36283000.0,32965000.0,7255000.0,10316000.0
20250513,-1493210.0,18754990.0,18640180.0,13034480.0,11656070.0,7277200.0,7442060.0,587320.0,1915670.0,50127000.0,49824000.0,34805000.0,31123000.0,19432000.0,19874000.0,1565000.0,5109000.0
20250514,-2774070.0,46839020.0,46264600.0,38427910.0,36228260.0,22549590.0,21900710.0,3767640.0,7190590.0,122573000.0,121147000.0,100446000.0,94702000.0,58869000.0,57183000.0,9869000.0,18725000.0
20250515,-495080.0,34132220.0,32990590.0,30736980.0,31383520.0,19389300.0,19053200.0,4895670.0,5726850.0,89246000.0,86208000.0,80191000.0,81854000.0,50519000.0,49669000.0,12773000.0,14997000.0
20250516,2072980.0,25551760.0,25540880.0,19097870.0,21181740.0,10467440.0,9224110.0,2259060.0,1429410.0,66941000.0,66928000.0,50018000.0,55484000.0,27427000.0,24159000.0,5921000.0,3737000.0
20250519,920550.0,19200470.0,20001010.0,15379040.0,15499050.0,7749730.0,7220770.0,2495620.0,2104030.0,51388000.0,53528000.0,41157000.0,41466000.0,20736000.0,19319000.0,6670000.0,5638000.0
20250520,223820.0,15229750.0,15493860.0,14181800.0,14141500.0,5808420.0,4979760.0,1056740.0,1661580.0,41118000.0,41828000.0,38283000.0,38177000.0,15678000.0,13444000.0,2847000.0,4477000.0
20250521,-503160.0,12918370.0,12204830.0,8851470.0,9061840.0,4884800.0,4730000.0,1033980.0,1691940.0,34711000.0,32794000.0,23788000.0,24352000.0,13136000.0,12718000.0,2782000.0,4553000.0
20250522,-1720180.0,12155050.0,11402300.0,8774250.0,7806820.0,5069520.0,5638080.0,941000.0,2092620.0,32742000.0,30715000.0,23635000.0,21033000.0,13652000.0,15188000.0,2536000.0,5629000.0
20250523,403770.0,9035310.0,8937840.0,6940390.0,7441630.0,3308150.0,4173060.0,2362440.0,1093760.0,24506000.0,24244000.0,18824000.0,20187000.0,8975000.0,11329000.0,6429000.0,2974000.0
20250526,60800.0,7079100.0,6746280.0,4778470.0,5172100.0,2290240.0,2217000.0,109240.0,121680.0,19276000.0,18373000.0,13014000.0,14086000.0,6239000.0,6036000.0,297000.0,331000.0
20250527,-552590.0,8359800.0,7382750.0,4858780.0,5283240.0,2447720.0,2702990.0,276530.0,573850.0,22820000.0,20157000.0,13264000.0,14424000.0,6676000.0,7374000.0,754000.0,1559000.0
20250528,71080.0,9896800.0,9997840.0,5581810.0,5551860.0,2183400.0,2447940.0,683050.0,347430.0,27181000.0,27461000.0,15333000.0,15247000.0,5997000.0,6723000.0,1875000.0,955000.0
20250529,-146150.0,9782520.0,9841570.0,6100920.0,5895720.0,3364450.0,3268470.0,115600.0,357730.0,26753000.0,26914000.0,16679000.0,16118000.0,9194000.0,8935000.0,316000.0,975000.0
20250530,250950.0,11603570.0,11649010.0,6569270.0,6774780.0,4141840.0,3911750.0,762100.0,741240.0,31528000.0,31649000.0,17848000.0,18405000.0,11247000.0,10626000.0,2069000.0,2013000.0
20250603,-425040.0,14084430.0,12973950.0,7567100.0,8252530.0,4279510.0,4308040.0,0.0,396510.0,37882000.0,34896000.0,20356000.0,22197000.0,11518000.0,11597000.0,0.0,1066000.0
20250604,325570.0,7942430.0,8303170.0,5315210.0,5280050.0,2144670.0,2215830.0,707970.0,311240.0,21386000.0,22359000.0,14316000.0,14219000.0,5775000.0,5967000.0,1906000.0,838000.0
20250605,-269440.0,8207900.0,8243340.0,5582410.0,5277530.0,2490390.0,3303200.0,2182430.0,1639060.0,22204000.0,22301000.0,15103000.0,14278000.0,6737000.0,8937000.0,5906000.0,4434000.0
20250606,-227810.0,7403800.0,6916330.0,4884040.0,5143700.0,2262410.0,2116630.0,867130.0,1240720.0,19966000.0,18653000.0,13171000.0,13871000.0,6099000.0,5707000.0,2343000.0,3348000.0
20250609,315660.0,12291790.0,12815080.0,9559840.0,9352200.0,5346680.0,4934380.0,954970.0,1051610.0,32878000.0,34279000.0,25577000.0,25021000.0,14301000.0,13198000.0,2561000.0,2819000.0
20250610,-1032600.0,11288510.0,9790500.0,7098290.0,7563700.0,3492210.0,5820920.0,2856980.0,1560870.0,30596000.0,26530000.0,19237000.0,20495000.0,9472000.0,15782000.0,7736000.0,4234000.0
20250611,-2040370.0,8134040.0,6510910.0,4160470.0,3743220.0,2290930.0,2517100.0,338660.0,2152860.0,22020000.0,17629000.0,11264000.0,10134000.0,6200000.0,6815000.0,917000.0,5823000.0
20250612,-1065670.0,7903510.0,6607330.0,3922090.0,4152600.0,1359200.0,2641570.0,826060.0,609360.0,21521000.0,17993000.0,10681000.0,11309000.0,3701000.0,7193000.0,2253000.0,1661000.0
20250613,-2644910.0,29113510.0,25189120.0,19110930.0,20390420.0,6167800.0,7673240.0,1054910.0,2194380.0,78272000.0,67714000.0,51361000.0,54807000.0,16590000.0,20631000.0,2835000.0,5906000.0
20250616,-1426750.0,15066050.0,13749530.0,9897050.0,9786820.0,3963660.0,5118670.0,253290.0,525030.0,40247000.0,36727000.0,26422000.0,26139000.0,10587000.0,13665000.0,678000.0,1403000.0
20250617,525340.0,9688640.0,10237310.0,6123090.0,6099760.0,3019300.0,2648330.0,1942210.0,1787840.0,26057000.0,27537000.0,16468000.0,16406000.0,8121000.0,7124000.0,5226000.0,4806000.0
20250618,-652130.0,11637880.0,11365820.0,9964540.0,9584460.0,6183980.0,6157150.0,998620.0,1677580.0,31243000.0,30516000.0,26748000.0,25737000.0,16593000.0,16523000.0,2689000.0,4497000.0
20250619,-1003710.0,11107180.0,9695990.0,7657380.0,8064860.0,3782830.0,4092520.0,1109580.0,1803600.0,30229000.0,26395000.0,20844000.0,21949000.0,10294000.0,11140000.0,3025000.0,4908000.0
20250620,-85420.0,8716690.0,7686580.0,4793710.0,5738400.0,2581170.0,2792630.0,260430.0,134390.0,23818000.0,21000000.0,13099000.0,15678000.0,7044000.0,7623000.0,710000.0,369000.0
20250623,-474130.0,8084680.0,7467610.0,4226080.0,4369020.0,2114820.0,2088150.0,672520.0,1173320.0,22042000.0,20359000.0,11519000.0,11905000.0,5759000.0,5690000.0,1832000.0,3198000.0
20250624,-632070.0,12180680.0,10567970.0,8416230.0,9396870.0,4559530.0,4533820.0,1397060.0,2054840.0,33054000.0,28680000.0,22845000.0,25509000.0,12381000.0,12319000.0,3807000.0,5579000.0
20250625,-3984920.0,29430140.0,25136140.0,19561710.0,19870790.0,10558440.0,11241820.0,3301330.0,6602870.0,78136000.0,66742000.0,51949000.0,52751000.0,28009000.0,29836000.0,8747000.0,17512000.0
20250626,-2263280.0,25022310.0,21356610.0,16333340.0,17735760.0,9959410.0,11499750.0,3053460.0,3776400.0,65796000.0,56165000.0,42949000.0,46636000.0,26186000.0,30232000.0,8045000.0,9943000.0
20250627,164540.0,19808630.0,18421960.0,11937410.0,13488610.0,7281420.0,7546620.0,5049180.0,4619440.0,52088000.0,48454000.0,31386000.0,35468000.0,19151000.0,19843000.0,13271000.0,12131000.0
20250630,-1895620.0,28795540.0,26726650.0,20796760.0,20970030.0,12945300.0,12280760.0,6316960.0,8877120.0,74398000.0,69050000.0,53740000.0,54175000.0,33439000.0,31737000.0,16348000.0,22964000.0
20250701,-3182800.0,22156060.0,20073710.0,17657570.0,16557130.0,11498870.0,12785090.0,2886520.0,4783100.0,57137000.0,51777000.0,45541000.0,42699000.0,29660000.0,32971000.0,7456000.0,12347000.0
20250702,-866680.0,18850460.0,17007180.0,10864150.0,11840760.0,6095880.0,8886410.0,3925760.0,2001910.0,48753000.0,43985000.0,28094000.0,30622000.0,15765000.0,22981000.0,10159000.0,5183000.0
20250703,-252720.0,14479990.0,13502890.0,8746690.0,9471060.0,4514460.0,4657340.0,1603030.0,1712870.0,37515000.0,34987000.0,22661000.0,24545000.0,11695000.0,12054000.0,4150000.0,4435000.0
20250704,-1245850.0,13239590.0,12159740.0,8680490.0,8514490.0,5221680.0,5621970.0,1745030.0,2590590.0,34492000.0,31687000.0,22615000.0,22183000.0,13612000.0,14650000.0,4556000.0,6755000.0
20250707,-1155480.0,12130160.0,10669680.0,5515440.0,5820430.0,2633270.0,3195240.0,1010450.0,1603960.0,31658000.0,27848000.0,14396000.0,15189000.0,6873000.0,8337000.0,2640000.0,4193000.0
20250708,-663660.0,12033740.0,11288690.0,6885300.0,6966690.0,3605770.0,4094970.0,643910.0,818370.0,31376000.0,29436000.0,17956000.0,18165000.0,9402000.0,10678000.0,1679000.0,2134000.0
20250709,879950.0,11590100.0,12693140.0,8004070.0,7780980.0,4143210.0,3856380.0,1090720.0,497600.0,30110000.0,32971000.0,20790000.0,20208000.0,10755000.0,10007000.0,2823000.0,1292000.0
20250710,-512550.0,11223770.0,10141550.0,6199230.0,6768890.0,2987940.0,3674330.0,1972750.0,1798910.0,29423000.0,26590000.0,16261000.0,17752000.0,7838000.0,9636000.0,5187000.0,4731000.0
20250711,-2008990.0,13833680.0,11747430.0,8334550.0,8411830.0,4338180.0,5815610.0,597980.0,1129540.0,35810000.0,30415000.0,21582000.0,21776000.0,11233000.0,15056000.0,1548000.0,2927000.0
20250714,-51130.0,9655330.0,10140070.0,5311490.0,4775620.0,3815090.0,3382540.0,1630960.0,2114640.0,25005000.0,26266000.0,13759000.0,12367000.0,9883000.0,8763000.0,4231000.0,5482000.0
20250715,-1049830.0,9246320.0,8774230.0,5708120.0,5130370.0,3323800.0,4204050.0,2428030.0,2597610.0,24073000.0,22843000.0,14859000.0,13357000.0,8652000.0,10949000.0,6325000.0,6760000.0
20250716,-227130.0,6328310.0,6319230.0,4077700.0,3859650.0,1962220.0,2165000.0,122880.0,147230.0,16476000.0,16454000.0,10618000.0,10050000.0,5110000.0,5637000.0,320000.0,383000.0
20250717,-701810.0,17779970.0,18961020.0,14133810.0,12250960.0,7504610.0,7473850.0,577650.0,1310220.0,45629000.0,48643000.0,36290000.0,31445000.0,19273000.0,19202000.0,1482000.0,3384000.0
20250718,662040.0,17052330.0,17820630.0,10931600.0,10825340.0,5707650.0,5134130.0,2091590.0,2003070.0,43444000.0,45408000.0,27848000.0,27576000.0,14532000.0,13076000.0,5338000.0,5103000.0
20250721,383690.0,13613660.0,16133680.0,12864920.0,10728600.0,7383660.0,6241050.0,591860.0,1350780.0,34551000.0,40949000.0,32652000.0,27229000.0,18740000.0,15838000.0,1502000.0,3429000.0
20250722,1517260.0,13758630.0,15572780.0,11454610.0,11157730.0,7206040.0,5735790.0,4445070.0,4398060.0,34893000.0,39502000.0,29054000.0,28295000.0,18265000.0,14542000.0,11259000.0,11132000.0
20250723,997150.0,14497200.0,15673600.0,9427890.0,9248630.0,5474040.0,4860650.0,1831130.0,1447370.0,37104000.0,40109000.0,24127000.0,23670000.0,14009000.0,12450000.0,4688000.0,3700000.0
20250724,280180.0,15369160.0,15980500.0,11264930.0,10933780.0,5817370.0,6727040.0,3353750.0,2163900.0,39085000.0,40642000.0,28644000.0,27799000.0,14801000.0,17104000.0,8539000.0,5524000.0
20250725,1911150.0,11718590.0,13927630.0,8068510.0,7770620.0,4584500.0,3976750.0,1863160.0,559760.0,29686000.0,35284000.0,20437000.0,19681000.0,11606000.0,10069000.0,4722000.0,1417000.0
20250728,885330.0,14264480.0,16855110.0,10604170.0,8898860.0,5954280.0,4539110.0,504590.0,1034430.0,36096000.0,42658000.0,26833000.0,22515000.0,15066000.0,11484000.0,1277000.0,2615000.0
20250729,3309700.0,21090890.0,23665610.0,15625190.0,16360170.0,9565260.0,9469030.0,4460360.0,1246890.0,53102000.0,59599000.0,39344000.0,41188000.0,24098000.0,23827000.0,11214000.0,3143000.0
20250730,2866530.0,22438120.0,24714170.0,18331100.0,18921580.0,11986440.0,11596890.0,4759330.0,2282350.0,56099000.0,61796000.0,45770000.0,47227000.0,29950000.0,28994000.0,11915000.0,5717000.0
20250731,1402150.0,15294810.0,16664730.0,11220040.0,11252270.0,7520540.0,6723990.0,1497380.0,891780.0,38594000.0,42050000.0,28323000.0,28397000.0,18966000.0,16961000.0,3778000.0,2253000.0
20250801,-2152230.0,19413390.0,15929620.0,11547530.0,12879070.0,5418180.0,7195670.0,2310570.0,2685310.0,49476000.0,40599000.0,29432000.0,32822000.0,13808000.0,18347000.0,5903000.0,6851000.0
20250804,3150800.0,35601970.0,40306110.0,41224430.0,39671080.0,23636130.0,19891850.0,3664650.0,4258130.0,87960000.0,99609000.0,101795000.0,97891000.0,58279000.0,49038000.0,9035000.0,10531000.0
20250805,3268730.0,22772000.0,25892170.0,23336130.0,23484680.0,12989760.0,11201820.0,4967040.0,3486250.0,56432000.0,64186000.0,57833000.0,58197000.0,32189000.0,27755000.0,12319000.0,8634000.0
20250806,210190.0,22343940.0,24475670.0,25636350.0,23714800.0,15718090.0,14828300.0,3957240.0,4636840.0,54981000.0,60230000.0,63080000.0,58352000.0,38674000.0,36470000.0,9727000.0,11410000.0
20250807,700600.0,21757350.0,21805620.0,20392550.0,21044890.0,12343250.0,10908820.0,3139660.0,3873490.0,54273000.0,54392000.0,50845000.0,52473000.0,30756000.0,27190000.0,7838000.0,9658000.0
20250808,252930.0,13409470.0,13229620.0,10559710.0,10992490.0,9668680.0,9049340.0,2480310.0,2846720.0,33571000.0,33121000.0,26426000.0,27510000.0,24190000.0,22644000.0,6212000.0,7124000.0
20250811,844670.0,13841620.0,15010430.0,13244670.0,12920530.0,13158940.0,11097360.0,1668180.0,2885090.0,34594000.0,37518000.0,33089000.0,32278000.0,32869000.0,27718000.0,4166000.0,7204000.0
20250812,651450.0,15292870.0,16202900.0,13035090.0,12776510.0,7238690.0,7840680.0,4924850.0,3671410.0,38533000.0,40817000.0,32830000.0,32183000.0,18229000.0,19751000.0,12401000.0,9242000.0
20250813,-1179780.0,14248970.0,14295600.0,12727040.0,11500640.0,10130810.0,7468850.0,2257480.0,6099220.0,35861000.0,35980000.0,32030000.0,28947000.0,25494000.0,18800000.0,5688000.0,15346000.0
20250814,1411610.0,18615640.0,19317140.0,15803080.0,16513200.0,9420680.0,10159180.0,7017470.0,4867360.0,47437000.0,49202000.0,40243000.0,42074000.0,23989000.0,25883000.0,17864000.0,12373000.0
20250815,-2536370.0,12427570.0,10914100.0,10183500.0,9160600.0,7163390.0,7696690.0,1186550.0,3189620.0,31831000.0,27961000.0,26085000.0,23466000.0,18346000.0,19715000.0,3037000.0,8157000.0
20250818,1353740.0,16518590.0,17203560.0,13538570.0,14207330.0,10329310.0,7985320.0,3439110.0,4429360.0,41753000.0,43496000.0,34236000.0,35921000.0,26134000.0,20192000.0,8692000.0,11206000.0
20250819,211520.0,15887310.0,16015940.0,13611040.0,13693940.0,8598640.0,9068180.0,3917340.0,3236280.0,40482000.0,40813000.0,34671000.0,34885000.0,21919000.0,23110000.0,9976000.0,8240000.0
20250820,-72880.0,14676740.0,14896430.0,12487680.0,12195120.0,7869070.0,7344410.0,2552620.0,3150160.0,37422000.0,37992000.0,31849000.0,31104000.0,20074000.0,18736000.0,6505000.0,8020000.0
20250821,1033750.0,18099510.0,18631100.0,14871060.0,15373220.0,10733490.0,9322250.0,1680590.0,2058080.0,45734000.0,47077000.0,37577000.0,38847000.0,27123000.0,23555000.0,4248000.0,5204000.0
20250822,-2314930.0,22842190.0,20871090.0,20653670.0,20309840.0,14163170.0,15929610.0,4549600.0,5098090.0,57272000.0,52348000.0,51725000.0,50866000.0,35461000.0,39875000.0,11382000.0,12750000.0
20250825,699420.0,22188890.0,21542960.0,24009630.0,25354990.0,19929770.0,17878620.0,4438070.0,5789800.0,54709000.0,53130000.0,59197000.0,62527000.0,49128000.0,44058000.0,10918000.0,14237000.0
20250826,-2234780.0,17035120.0,14500390.0,14289390.0,14589340.0,10550370.0,12345370.0,2760200.0,3199980.0,41980000.0,35738000.0,35205000.0,35948000.0,25995000.0,30415000.0,6803000.0,7883000.0
20250827,1526160.0,18396510.0,18856470.0,15755290.0,16821490.0,12053530.0,12819070.0,5735880.0,3444180.0,45625000.0,46780000.0,39068000.0,41720000.0,29877000.0,31797000.0,14285000.0,8558000.0
20250828,-1841690.0,21562720.0,20425890.0,14112900.0,13408030.0,10388320.0,10401500.0,5251020.0,7079530.0,54595000.0,51715000.0,35740000.0,33955000.0,26336000.0,26375000.0,13340000.0,17965000.0
20250829,-602100.0,18084780.0,17559710.0,15770830.0,15693810.0,10630240.0,9623050.0,4016340.0,5625630.0,45065000.0,43768000.0,39259000.0,39062000.0,26464000.0,23959000.0,10004000.0,14003000.0
20250901,2464790.0,24793870.0,29879500.0,20866700.0,18245870.0,12476960.0,11073830.0,7987560.0,6925900.0,62647000.0,75534000.0,52699000.0,46082000.0,31522000.0,27970000.0,20171000.0,17454000.0
20250902,1913110.0,20903560.0,21900630.0,13581070.0,14497100.0,8505310.0,9269440.0,7338290.0,4661050.0,53367000.0,55931000.0,34648000.0,36991000.0,21703000.0,23659000.0,18754000.0,11891000.0
20250903,2616650.0,32780530.0,33898980.0,23248560.0,24746760.0,12884980.0,12955870.0,7285320.0,4597780.0,86728000.0,89637000.0,61484000.0,65412000.0,34127000.0,34307000.0,19168000.0,12150000.0
20250904,-9520.0,19555840.0,19912270.0,14422730.0,14056780.0,8001270.0,7339600.0,3080780.0,3751970.0,53512000.0,54470000.0,39452000.0,38444000.0,21898000.0,20088000.0,8411000.0,10271000.0
20250905,2018390.0,15149230.0,16898970.0,11099250.0,11367900.0,7364850.0,5979220.0,1326450.0,693690.0,41615000.0,46432000.0,30489000.0,31218000.0,20224000.0,16413000.0,3639000.0,1903000.0
20250908,329520.0,11371630.0,11568130.0,9347470.0,9480490.0,6648590.0,5872180.0,1956540.0,2403430.0,31137000.0,31680000.0,25595000.0,25960000.0,18206000.0,16075000.0,5358000.0,6580000.0
20250909,3040400.0,15550410.0,20021980.0,11001180.0,9570020.0,8762800.0,6536190.0,6226950.0,5413160.0,42851000.0,55146000.0,30316000.0,26357000.0,24127000.0,18004000.0,17225000.0,15012000.0
20250910,-104810.0,8622230.0,7913610.0,6845800.0,7449610.0,4546420.0,4529400.0,1841440.0,1963270.0,23804000.0,21850000.0,18899000.0,20564000.0,12549000.0,12502000.0,5086000.0,5422000.0
20250911,-2426420.0,12125870.0,9643770.0,8524900.0,8580580.0,4914710.0,6262810.0,1313640.0,2391960.0,33440000.0,26601000.0,23522000.0,23665000.0,13563000.0,17282000.0,3629000.0,6605000.0
20250912,-181920.0,10398420.0,9814650.0,7242080.0,7643930.0,4255060.0,4773830.0,1589080.0,1252230.0,28531000.0,26932000.0,19875000.0,20976000.0,11675000.0,13097000.0,4361000.0,3438000.0
20250915,1104420.0,9416050.0,10028620.0,6344500.0,6836350.0,4303940.0,3369150.0,1415940.0,1246310.0,25933000.0,27620000.0,17466000.0,18823000.0,11853000.0,9279000.0,3903000.0,3434000.0
20250916,-896790.0,12988040.0,12169050.0,8915800.0,8838000.0,6411910.0,6982170.0,3309070.0,3635600.0,36062000.0,33791000.0,24752000.0,24536000.0,17802000.0,19387000.0,9192000.0,10095000.0
20250917,-932390.0,13151990.0,11148480.0,9937060.0,11008170.0,5973460.0,6703200.0,1258960.0,1461610.0,36588000.0,31019000.0,27645000.0,30620000.0,16625000.0,18651000.0,3502000.0,4069000.0
20250918,700360.0,15320630.0,15162940.0,11256950.0,12115000.0,7747120.0,9012810.0,3514570.0,1548520.0,42587000.0,42158000.0,31292000.0,33675000.0,21540000.0,25073000.0,9807000.0,4319000.0
20250919,-1526780.0,13487650.0,12272140.0,7687310.0,7376050.0,4219470.0,4777700.0,1600290.0,2568840.0,37442000.0,34068000.0,21346000.0,20476000.0,11714000.0,13262000.0,4448000.0,7144000.0
20250922,-537020.0,10791790.0,9866310.0,6049420.0,6437880.0,2868680.0,3004250.0,623060.0,1024510.0,30064000.0,27490000.0,16853000.0,17935000.0,7990000.0,8366000.0,1738000.0,2854000.0
20250923,463100.0,16177610.0,15919470.0,12585040.0,13306280.0,6836640.0,5162340.0,5351970.0,6563170.0,45950000.0,45174000.0,35733000.0,37812000.0,19399000.0,14660000.0,15204000.0,18640000.0
20250924,-1392750.0,11456460.0,9505060.0,7526050.0,8084710.0,4266930.0,5994720.0,2008360.0,1673320.0,32350000.0,26839000.0,21258000.0,22828000.0,12051000.0,16931000.0,5659000.0,4719000.0
20250925,-859110.0,10577160.0,9823790.0,5854780.0,5749030.0,2630480.0,2687870.0,1038650.0,1840370.0,29857000.0,27734000.0,16531000.0,16231000.0,7428000.0,7591000.0,2933000.0,5193000.0
20250926,173600.0,11157510.0,10494880.0,7976870.0,8813100.0,4295180.0,4070280.0,640080.0,691380.0,31336000.0,29473000.0,22401000.0,24747000.0,12058000.0,11429000.0,1796000.0,1942000.0
20250929,-525490.0,10246300.0,9858070.0,6623130.0,6485890.0,3673620.0,3077790.0,683830.0,1805150.0,28831000.0,27748000.0,18645000.0,18264000.0,10338000.0,8653000.0,1918000.0,5067000.0
20250930,753510.0,14008930.0,14385210.0,10503110.0,10880340.0,7529500.0,6487160.0,2962960.0,3251790.0,38832000.0,39880000.0,29115000.0,30159000.0,20874000.0,17967000.0,8215000.0,9030000.0
20251009,-81440.0,16551750.0,15375390.0,9060220.0,10155140.0,5486440.0,5810820.0,2448490.0,2205550.0,45888000.0,42628000.0,25121000.0,28151000.0,15213000.0,16107000.0,6778000.0,6115000.0
20251010,-596470.0,13593690.0,13504340.0,8990300.0,8483190.0,5111220.0,4658440.0,1287710.0,2336960.0,37465000.0,37221000.0,24778000.0,23378000.0,14084000.0,12837000.0,3547000.0,6438000.0
20251013,101140.0,12627980.0,12766790.0,9626720.0,9589040.0,5950970.0,6530620.0,4086200.0,3405410.0,34906000.0,35291000.0,26607000.0,26497000.0,16450000.0,18035000.0,11279000.0,9420000.0
20251014,847050.0,35724030.0,35954220.0,32319710.0,32936580.0,19533400.0,21765200.0,12402760.0,9323910.0,95504000.0,96182000.0,86403000.0,88071000.0,52282000.0,58249000.0,33252000.0,24940000.0
20251015,-1749840.0,26484990.0,25317810.0,24694250.0,24111610.0,14929380.0,14891830.0,2716530.0,4503920.0,70314000.0,67245000.0,65581000.0,64055000.0,39650000.0,39520000.0,7204000.0,11929000.0
20251016,2355880.0,27488280.0,27646420.0,22107200.0,24304940.0,14554130.0,10967210.0,7044630.0,8275670.0,73935000.0,74369000.0,59477000.0,65435000.0,39135000.0,29520000.0,18966000.0,22189000.0
20251017,-1414810.0,24373000.0,23126190.0,15083030.0,14915030.0,10062790.0,10214750.0,1124450.0,2387300.0,66182000.0,62812000.0,40921000.0,40466000.0,27296000.0,27702000.0,3049000.0,6468000.0
20251020,3007210.0,14350520.0,16360500.0,10132070.0,11129290.0,9534660.0,9057870.0,4586470.0,2056050.0,39701000.0,45262000.0,28018000.0,30777000.0,26346000.0,25027000.0,12682000.0,5682000.0
20251021,1103970.0,10951700.0,11853430.0,9105660.0,9307900.0,6549730.0,6845890.0,2104770.0,704640.0,30400000.0,32907000.0,25278000.0,25838000.0,18184000.0,18999000.0,5837000.0,1956000.0
20251022,-608010.0,10508200.0,10816900.0,9197280.0,8280570.0,6314580.0,4371600.0,1893210.0,4444200.0,29401000.0,30265000.0,25739000.0,23174000.0,17665000.0,12236000.0,5293000.0,12422000.0
20251023,-268150.0,7917470.0,7636710.0,5908020.0,5920640.0,3195730.0,4084610.0,747300.0,126570.0,22254000.0,21473000.0,16607000.0,16644000.0,8986000.0,11480000.0,2103000.0,354000.0
20251024,1532460.0,10639860.0,12453530.0,9360140.0,9078920.0,5520000.0,4334440.0,1630680.0,1283780.0,29485000.0,34507000.0,25937000.0,25154000.0,15286000.0,12004000.0,4519000.0,3562000.0
20251027,-1435540.0,9634640.0,8973580.0,7378410.0,6603910.0,5371630.0,5814300.0,1156420.0,2149290.0,26682000.0,24853000.0,20435000.0,18289000.0,14876000.0,16102000.0,3203000.0,5952000.0
20251028,1156660.0,12733180.0,13461830.0,11791780.0,12219790.0,7265260.0,6543980.0,2486730.0,2051350.0,35078000.0,37076000.0,32475000.0,33652000.0,20003000.0,18024000.0,6849000.0,5655000.0
20251029,563930.0,7832180.0,8034400.0,7255380.0,7617090.0,5090690.0,4168730.0,801640.0,1159670.0,21603000.0,22162000.0,20012000.0,21008000.0,14038000.0,11496000.0,2211000.0,3198000.0
20251030,58290.0,9406320.0,9647110.0,8560240.0,8377740.0,4818310.0,5067020.0,1318080.0,1011080.0,26019000.0,26691000.0,23681000.0,23180000.0,13336000.0,14020000.0,3645000.0,2790000.0
20251031,145320.0,7534310.0,7659300.0,5909600.0,5929940.0,4022010.0,3420330.0,658170.0,1114530.0,20900000.0,21247000.0,16393000.0,16448000.0,11156000.0,9486000.0,1827000.0,3094000.0
20251103,1976040.0,12005770.0,14983640.0,8788880.0,7787050.0,6346000.0,5470130.0,2563830.0,1463660.0,33477000.0,41808000.0,24508000.0,21712000.0,17706000.0,15256000.0,7158000.0,4072000.0
20251104,52410.0,7615300.0,8389910.0,6956560.0,6234360.0,4001120.0,3251690.0,566350.0,1263370.0,21093000.0,23238000.0,19265000.0,17269000.0,11087000.0,9008000.0,1569000.0,3499000.0
20251105,-1108810.0,6783640.0,5999650.0,5341640.0,5016830.0,2919370.0,3435250.0,1057880.0,1650810.0,18900000.0,16715000.0,14883000.0,13973000.0,8131000.0,9570000.0,2947000.0,4603000.0
20251106,-1052470.0,10634960.0,9625880.0,9467170.0,9423780.0,5303740.0,6310290.0,1801350.0,1847270.0,29349000.0,26563000.0,26132000.0,25996000.0,14635000.0,17419000.0,4960000.0,5098000.0
20251107,802890.0,7254470.0,7633360.0,6571370.0,6995380.0,4461380.0,3881260.0,1774120.0,1551350.0,20142000.0,21194000.0,18248000.0,19424000.0,12392000.0,10777000.0,4924000.0,4310000.0
20251110,-62480.0,10343260.0,9483180.0,7671480.0,8469080.0,4324820.0,4506090.0,1783300.0,1664510.0,28658000.0,26286000.0,21261000.0,23467000.0,11991000.0,12477000.0,4938000.0,4619000.0
20251111,677680.0,8245870.0,9313850.0,5577790.0,5187480.0,4001520.0,3338380.0,1325480.0,1310940.0,22742000.0,25692000.0,15385000.0,14308000.0,11037000.0,9205000.0,3655000.0,3614000.0
20251112,-93100.0,9290040.0,8984170.0,6755610.0,6968380.0,4061000.0,4281050.0,1106270.0,979320.0,25796000.0,24948000.0,18758000.0,19352000.0,11268000.0,11879000.0,3073000.0,2716000.0
20251113,421290.0,5585180.0,5803570.0,5014320.0,5217220.0,3757890.0,3587140.0,1422890.0,1172350.0,15525000.0,16134000.0,13940000.0,14503000.0,10446000.0,9972000.0,3956000.0,3258000.0
20251114,780890.0,15683950.0,16449810.0,15174450.0,15189470.0,12020300.0,11617510.0,3971640.0,3593540.0,42767000.0,44844000.0,41366000.0,41406000.0,32766000.0,31660000.0,10803000.0,9792000.0
20251117,1001430.0,13365370.0,13529340.0,12937030.0,13774480.0,7588500.0,6837620.0,1877100.0,1626550.0,36353000.0,36804000.0,35179000.0,37451000.0,20628000.0,18599000.0,5112000.0,4419000.0
20251118,611330.0,9175670.0,9549590.0,6772340.0,7009750.0,4361040.0,4346010.0,1179640.0,583340.0,25345000.0,26378000.0,18704000.0,19359000.0,12046000.0,12004000.0,3258000.0,1612000.0
20251119,-456530.0,11426960.0,11397850.0,9822350.0,9394930.0,5257830.0,6013540.0,1267260.0,968080.0,31428000.0,31349000.0,27019000.0,25837000.0,14458000.0,16532000.0,3475000.0,2662000.0
20251120,-537200.0,7790400.0,7889830.0,7015610.0,6378980.0,3539790.0,4104320.0,1143560.0,1116230.0,21512000.0,21785000.0,19375000.0,17614000.0,9773000.0,11335000.0,3158000.0,3084000.0
20251121,-1723830.0,14661240.0,12745460.0,9824710.0,10016660.0,6655000.0,6795070.0,1306020.0,2889780.0,41046000.0,35695000.0,27519000.0,28062000.0,18637000.0,19013000.0,3662000.0,8094000.0
20251124,69190.0,17078520.0,16408090.0,14339530.0,15079140.0,9867970.0,12100600.0,11107660.0,8805840.0,47590000.0,45719000.0,39960000.0,42009000.0,27495000.0,33721000.0,30970000.0,24567000.0
20251125,205960.0,13544100.0,13480360.0,10980290.0,11250000.0,6476880.0,6131710.0,2122030.0,2261240.0,37575000.0,37400000.0,30462000.0,31207000.0,17964000.0,17014000.0,5883000.0,6263000.0
20251126,612410.0,13807730.0,14372660.0,11369570.0,11417060.0,7716410.0,7706230.0,3252860.0,2650630.0,38565000.0,40143000.0,31745000.0,31868000.0,21533000.0,21495000.0,9036000.0,7373000.0
20251127,-508750.0,10592490.0,10491030.0,8718910.0,8311620.0,4334210.0,5021640.0,588710.0,410030.0,29880000.0,29592000.0,24597000.0,23441000.0,12237000.0,14183000.0,1657000.0,1156000.0
20251128,-1129340.0,7398080.0,6877510.0,6720570.0,6111800.0,2920660.0,4139820.0,989920.0,900100.0,20981000.0,19503000.0,19058000.0,17334000.0,8284000.0,11742000.0,2807000.0,2552000.0
20251201,-149170.0,7118800.0,8068100.0,6993070.0,5894600.0,5623070.0,4182570.0,918400.0,2508070.0,20075000.0,22753000.0,19723000.0,16625000.0,15862000.0,11798000.0,2590000.0,7074000.0
20251202,279480.0,7766730.0,7763310.0,5811820.0,6094720.0,3015670.0,3127640.0,627760.0,236310.0,22071000.0,22063000.0,16517000.0,17321000.0,8573000.0,8889000.0,1783000.0,672000.0
20251203,433400.0,6929390.0,7111610.0,5508230.0,5759410.0,2675130.0,2794110.0,1038480.0,486100.0,19724000.0,20244000.0,15681000.0,16394000.0,7614000.0,7947000.0,2950000.0,1383000.0
20251204,151640.0,4778700.0,5124890.0,4893100.0,4698540.0,2876070.0,2407100.0,531940.0,849270.0,13594000.0,14579000.0,13921000.0,13365000.0,8183000.0,6848000.0,1513000.0,2420000.0
20251205,-350610.0,7490160.0,7368620.0,6067930.0,5838860.0,2813070.0,3509050.0,824320.0,478950.0,21308000.0,20970000.0,17264000.0,16610000.0,8003000.0,9982000.0,2348000.0,1361000.0
20251208,1102090.0,9136110.0,10385490.0,9119010.0,8971720.0,5507420.0,5849260.0,2015600.0,571670.0,25730000.0,29251000.0,25687000.0,25267000.0,15515000.0,16472000.0,5670000.0,1612000.0
20251209,118430.0,9856700.0,10828190.0,8994500.0,8141450.0,4662680.0,4185750.0,1399370.0,1757870.0,28157000.0,30927000.0,25690000.0,23253000.0,13311000.0,11955000.0,4002000.0,5026000.0
20251210,-524390.0,7485560.0,7194460.0,6124560.0,5891270.0,2782540.0,2534990.0,0.0,771940.0,21542000.0,20706000.0,17630000.0,16956000.0,8010000.0,7294000.0,0.0,2226000.0
20251211,253230.0,7394770.0,7623630.0,5705370.0,5729740.0,2702230.0,2161240.0,0.0,287760.0,21223000.0,21876000.0,16370000.0,16435000.0,7748000.0,6198000.0,0.0,831000.0
20251212,-566690.0,10596880.0,9643980.0,5127550.0,5513760.0,2489480.0,2876190.0,88460.0,268440.0,30419000.0,27688000.0,14719000.0,15828000.0,7149000.0,8254000.0,255000.0,772000.0
20251215,-1856740.0,12862970.0,11834030.0,9936030.0,9108230.0,2780260.0,4702850.0,868080.0,802230.0,36550000.0,33622000.0,28229000.0,25877000.0,7899000.0,13366000.0,2468000.0,2281000.0
20251216,-1594250.0,15414310.0,14040320.0,10588660.0,10368410.0,2963220.0,3425810.0,535430.0,1667090.0,44242000.0,40322000.0,30397000.0,29772000.0,8520000.0,9836000.0,1548000.0,4778000.0
20251217,-518240.0,10835810.0,9861310.0,5643690.0,6099950.0,2603160.0,3615180.0,646340.0,152560.0,31077000.0,28287000.0,16195000.0,17498000.0,7472000.0,10373000.0,1851000.0,437000.0
20251218,-977360.0,10586200.0,10393500.0,8218060.0,7433390.0,4346520.0,4099970.0,593970.0,1817880.0,30106000.0,29550000.0,23362000.0,21123000.0,12358000.0,11660000.0,1686000.0,5180000.0
20251219,-46120.0,12366490.0,11392920.0,7815050.0,8742490.0,4130500.0,4257970.0,1645520.0,1564170.0,34865000.0,32124000.0,22034000.0,24645000.0,11648000.0,12004000.0,4639000.0,4411000.0
20251222,58330.0,11366230.0,11808650.0,6924510.0,6540420.0,3641060.0,3349630.0,977500.0,1210600.0,32104000.0,33363000.0,19564000.0,18474000.0,10289000.0,9462000.0,2762000.0,3420000.0
20251223,1316420.0,8926750.0,9663560.0,4978200.0,5557810.0,3115000.0,2562410.0,871360.0,107530.0,25359000.0,27458000.0,14143000.0,15790000.0,8855000.0,7283000.0,2480000.0,306000.0
20251224,-2141040.0,10966550.0,9172850.0,6672390.0,6325060.0,4464890.0,5177000.0,693910.0,2122840.0,31010000.0,25947000.0,18873000.0,17887000.0,12632000.0,14629000.0,1963000.0,6014000.0
20251225,-3211450.0,19777760.0,16431150.0,11929370.0,12064520.0,4707200.0,7148650.0,463130.0,1233130.0,55286000.0,45936000.0,33338000.0,33710000.0,13153000.0,19962000.0,1292000.0,3461000.0
20251226,903930.0,14060040.0,13642910.0,8747700.0,10068740.0,5525790.0,4513190.0,1113740.0,1222410.0,39444000.0,38278000.0,24548000.0,28246000.0,15503000.0,12664000.0,3126000.0,3433000.0
20251229,-1017090.0,14195610.0,13311790.0,9194710.0,9061440.0,3584580.0,5402730.0,2140340.0,1339280.0,39586000.0,37121000.0,25641000.0,25272000.0,9993000.0,15068000.0,5973000.0,3731000.0
20251230,363660.0,13283960.0,13455060.0,8040320.0,8232870.0,3483580.0,4335670.0,2768800.0,1553050.0,37011000.0,37499000.0,22398000.0,22926000.0,9696000.0,12072000.0,7721000.0,4330000.0
20251231,-1532890.0,20034280.0,16461790.0,11723210.0,13762800.0,6310780.0,6610080.0,2426710.0,3660300.0,55462000.0,45582000.0,32468000.0,38111000.0,17474000.0,18298000.0,6716000.0,10128000.0
20260105,321960.0,20594520.0,20035270.0,14206820.0,15088020.0,8291160.0,9475970.0,4354150.0,2847380.0,56729000.0,55194000.0,39140000.0,41563000.0,22840000.0,26108000.0,11995000.0,7839000.0
20260106,-3661910.0,24107150.0,22012890.0,20734310.0,19166660.0,12639140.0,14542370.0,3328720.0,5087400.0,65663000.0,59948000.0,56388000.0,52165000.0,34395000.0,39588000.0,9065000.0,13811000.0
20260107,924150.0,19771930.0,20713730.0,13646390.0,13628740.0,9279020.0,8395440.0,1731000.0,1690430.0,53607000.0,56174000.0,36996000.0,36949000.0,25160000.0,22754000.0,4692000.0,4578000.0
20260108,-4631080.0,38685680.0,35997460.0,32195080.0,30252220.0,19827750.0,22530690.0,7706350.0,9634490.0,102648000.0,95545000.0,85344000.0,80201000.0,52567000.0,59645000.0,20351000.0,25518000.0
20260109,-4150070.0,46340730.0,39657150.0,29034270.0,31567770.0,19624890.0,21230950.0,5998070.0,8542080.0,120960000.0,103523000.0,75734000.0,82366000.0,51216000.0,55374000.0,15634000.0,22281000.0
20260112,-6930950.0,43237870.0,36360790.0,33503320.0,33449440.0,21394740.0,26700210.0,9084800.0,10710280.0,111137000.0,93491000.0,86158000.0,86003000.0,55013000.0,68647000.0,23395000.0,27562000.0
20260113,-1127850.0,34146660.0,35166790.0,29702590.0,27554610.0,14626350.0,16729180.0,9247790.0,8272810.0,90063000.0,92775000.0,78355000.0,72687000.0,38593000.0,44162000.0,24424000.0,21810000.0
20260114,1280610.0,29028250.0,31961760.0,22275050.0,20622160.0,13505400.0,13610360.0,14082110.0,12696540.0,77319000.0,85179000.0,59357000.0,54936000.0,35954000.0,36260000.0,37423000.0,33677000.0
20260115,1490110.0,16512190.0,18486470.0,11726270.0,11242100.0,8123940.0,7235900.0,4239480.0,3637410.0,44416000.0,49728000.0,31542000.0,30233000.0,21842000.0,19457000.0,11400000.0,9782000.0
20260116,2221860.0,15470420.0,17714750.0,11664090.0,11641610.0,8279430.0,7249680.0,4608970.0,3416860.0,42060000.0,48166000.0,31716000.0,31655000.0,22510000.0,19724000.0,12555000.0,9297000.0
20260119,-3535250.0,29580110.0,26721910.0,22535820.0,21858770.0,13842830.0,13601340.0,6707630.0,10484370.0,78810000.0,71247000.0,60052000.0,58227000.0,36916000.0,36316000.0,18038000.0,28027000.0
20260120,-2463370.0,25923310.0,23451430.0,18332310.0,18340830.0,10670210.0,11096820.0,2468770.0,4505530.0,68153000.0,61624000.0,48088000.0,48132000.0,27953000.0,29123000.0,6502000.0,11817000.0
20260121,-905600.0,19149750.0,18476840.0,10239060.0,10006360.0,6669150.0,6732650.0,1824990.0,2667090.0,50713000.0,48935000.0,27114000.0,26492000.0,17650000.0,17822000.0,4837000.0,7065000.0
20260122,-4571900.0,30491450.0,26432880.0,21004830.0,20491490.0,9807820.0,12069130.0,3133150.0,5443740.0,79138000.0,68605000.0,54512000.0,53170000.0,25488000.0,31344000.0,8144000.0,14163000.0
20260123,-968350.0,21179870.0,18884650.0,12844590.0,14171450.0,5997930.0,7729640.0,4593770.0,3830410.0,55164000.0,49194000.0,33462000.0,36913000.0,15626000.0,20137000.0,11975000.0,9983000.0
20260126,-102760.0,21709540.0,20705060.0,12083060.0,12984790.0,9193890.0,9042590.0,2033150.0,2287210.0,57147000.0,54492000.0,31799000.0,34169000.0,24172000.0,23781000.0,5337000.0,6013000.0
20260127,-1236270.0,23383410.0,21585560.0,14654790.0,15216370.0,9768900.0,9905640.0,3513090.0,4612620.0,61420000.0,56770000.0,38492000.0,39957000.0,25693000.0,25966000.0,9179000.0,12091000.0
20260128,-642170.0,15332720.0,14456220.0,8808560.0,9042880.0,6589850.0,8008300.0,4202940.0,3426660.0,40201000.0,37907000.0,23088000.0,23708000.0,17283000.0,21002000.0,11043000.0,8997000.0
20260129,-1124080.0,16051810.0,14364980.0,8443490.0,9006240.0,5817710.0,6214180.0,2421420.0,3149030.0,42351000.0,37912000.0,22295000.0,23772000.0,15362000.0,16402000.0,6400000.0,8322000.0
20260130,2722210.0,19173430.0,21957080.0,11317460.0,11256010.0,8399620.0,5937110.0,1950330.0,1690630.0,52156000.0,59769000.0,30793000.0,30613000.0,22835000.0,16131000.0,5320000.0,4591000.0
20260202,1871810.0,17203460.0,20265580.0,9729700.0,8539390.0,5207920.0,4724210.0,3685590.0,2297490.0,47315000.0,55779000.0,26776000.0,23473000.0,14322000.0,12976000.0,10127000.0,6313000.0
20260203,-747180.0,17783160.0,16828010.0,10943030.0,11151000.0,6759510.0,6070240.0,1214310.0,2650760.0,48317000.0,45729000.0,29761000.0,30325000.0,18356000.0,16497000.0,3296000.0,7178000.0
20260204,-4223730.0,28148340.0,24729720.0,17388910.0,16583790.0,8207770.0,10828900.0,3356370.0,4958970.0,74488000.0,65436000.0,45959000.0,43820000.0,21696000.0,28613000.0,8807000.0,13081000.0
20260205,-987660.0,15212600.0,14457300.0,8050860.0,7818520.0,4176960.0,4686020.0,2202000.0,2680600.0,40264000.0,38269000.0,21301000.0,20682000.0,11043000.0,12395000.0,5807000.0,7070000.0
20260206,1497880.0,17462880.0,18876720.0,9979930.0,10063970.0,6034130.0,5555770.0,2536230.0,1516710.0,46975000.0,50793000.0,26853000.0,27075000.0,16256000.0,14945000.0,6812000.0,4083000.0
20260209,1227440.0,10133910.0,11540410.0,6146300.0,5967240.0,3769750.0,3447950.0,1675170.0,769530.0,27299000.0,31097000.0,16561000.0,16073000.0,10158000.0,9289000.0,4515000.0,2074000.0
20260210,923020.0,15014970.0,15546180.0,10285430.0,10677240.0,6200770.0,6536290.0,1875680.0,617140.0,40128000.0,41549000.0,27472000.0,28521000.0,16562000.0,17452000.0,5004000.0,1644000.0
20260211,1149200.0,12431970.0,12316160.0,6922620.0,8187650.0,5976010.0,6094440.0,3703390.0,2435760.0,32914000.0,32611000.0,18327000.0,21677000.0,15812000.0,16125000.0,9791000.0,6431000.0
20260212,-240840.0,10717140.0,10470820.0,6520510.0,6526000.0,4049500.0,4530330.0,1268950.0,1028960.0,28559000.0,27907000.0,17388000.0,17403000.0,10787000.0,12070000.0,3383000.0,2737000.0
20260213,-1190780.0,18548450.0,18540960.0,13597300.0,12414010.0,9017140.0,9202670.0,2772690.0,3777940.0,48859000.0,48849000.0,35816000.0,32690000.0,23754000.0,24256000.0,7292000.0,9927000.0
20260224,1270950.0,19884210.0,20081420.0,15126010.0,16199740.0,10416480.0,10797880.0,7153980.0,5501630.0,51704000.0,52224000.0,39347000.0,42143000.0,27106000.0,28097000.0,18625000.0,14318000.0
20260225,-415360.0,15614960.0,14253690.0,8716070.0,9661990.0,4820090.0,4817220.0,1747570.0,2165800.0,40587000.0,37055000.0,22656000.0,25111000.0,12533000.0,12521000.0,4541000.0,5630000.0
20260226,-3385220.0,24065980.0,22093530.0,17359080.0,15946320.0,10241810.0,11725030.0,1958110.0,3860110.0,61885000.0,56830000.0,44619000.0,41002000.0,26335000.0,30123000.0,5035000.0,9919000.0
20260227,-752690.0,17599430.0,17596710.0,12784160.0,12034190.0,5894070.0,7206740.0,2605980.0,2046000.0,45427000.0,45422000.0,33006000.0,31059000.0,15206000.0,18617000.0,6737000.0,5279000.0
20260302,1297890.0,30201930.0,30235330.0,19774500.0,21038980.0,10966770.0,10474410.0,3268280.0,2462750.0,77759000.0,77855000.0,50875000.0,54112000.0,28203000.0,26938000.0,8399000.0,6331000.0
20260303,526960.0,29804300.0,30236270.0,19907000.0,20001980.0,14268630.0,14615640.0,4468650.0,3594680.0,79324000.0,80492000.0,52907000.0,53159000.0,37973000.0,38865000.0,11861000.0,9549000.0
20260304,905570.0,19655100.0,21135110.0,12925110.0,12350670.0,6754190.0,6864480.0,4011510.0,2995650.0,52643000.0,56608000.0,34597000.0,33073000.0,18087000.0,18376000.0,10739000.0,8009000.0
20260305,1549160.0,15917800.0,18374200.0,11418550.0,10511320.0,7076750.0,5971690.0,2285530.0,1841430.0,42748000.0,49351000.0,30644000.0,28196000.0,19002000.0,16045000.0,6134000.0,4936000.0
20260306,-2757440.0,24050620.0,21812790.0,17525550.0,17005930.0,11376510.0,11045010.0,2340740.0,5429680.0,63491000.0,57600000.0,46315000.0,44918000.0,30043000.0,29156000.0,6175000.0,14350000.0
20260309,2628720.0,22294970.0,23765770.0,14333420.0,15491330.0,10024910.0,8997880.0,4207320.0,2605630.0,60380000.0,64386000.0,38795000.0,41926000.0,27136000.0,24347000.0,11419000.0,7072000.0
20260310,-1825200.0,15178050.0,13724830.0,9610150.0,9238180.0,5111820.0,4917270.0,1581670.0,3601420.0,40550000.0,36652000.0,25650000.0,24660000.0,13658000.0,13134000.0,4219000.0,9631000.0
20260311,1239330.0,14134360.0,16548370.0,11241650.0,10066950.0,6737910.0,5613750.0,2350230.0,2235060.0,38273000.0,44823000.0,30430000.0,27244000.0,18256000.0,15194000.0,6356000.0,6054000.0
20260312,1996160.0,16597280.0,19897480.0,12271690.0,10967660.0,6718610.0,6065020.0,2567440.0,1224870.0,45636000.0,54701000.0,33741000.0,30146000.0,18461000.0,16670000.0,7047000.0,3367000.0
20260313,1956870.0,14573360.0,17247930.0,9494230.0,8776530.0,5365520.0,4028180.0,1044750.0,425220.0,40572000.0,48018000.0,26431000.0,24432000.0,14939000.0,11213000.0,2904000.0,1183000.0
20260316,2636610.0,12009420.0,14554850.0,7846180.0,7937350.0,4446590.0,3293490.0,2217070.0,733560.0,33731000.0,40882000.0,22035000.0,22286000.0,12495000.0,9244000.0,6215000.0,2064000.0
20260317,760150.0,12244720.0,13441030.0,7995530.0,7559360.0,4348010.0,3297510.0,609740.0,900090.0,34526000.0,37899000.0,22545000.0,21316000.0,12264000.0,9301000.0,1726000.0,2545000.0
20260318,2522700.0,11287420.0,13617140.0,7135760.0,7328750.0,5992480.0,4250720.0,1222000.0,441060.0,32184000.0,38829000.0,20347000.0,20898000.0,17091000.0,12125000.0,3485000.0,1256000.0
20260319,2405170.0,15198260.0,17758470.0,10150980.0,9995930.0,8088430.0,5773990.0,1206610.0,1115880.0,43865000.0,51245000.0,29291000.0,28842000.0,23340000.0,16658000.0,3475000.0,3226000.0
20260320,876780.0,16173240.0,17570360.0,10141900.0,9621570.0,5971240.0,5381390.0,1908040.0,1621110.0,47632000.0,51751000.0,29858000.0,28329000.0,17589000.0,15842000.0,5601000.0,4758000.0
20260323,1746080.0,16403540.0,18550370.0,10921330.0,10520580.0,6417460.0,5496360.0,2401090.0,1576110.0,50103000.0,56666000.0,33355000.0,32125000.0,19592000.0,16782000.0,7320000.0,4797000.0
20260324,723270.0,12055130.0,12494130.0,7522770.0,7807040.0,4733940.0,4301950.0,2053380.0,1762100.0,36756000.0,38107000.0,22939000.0,23815000.0,14420000.0,13108000.0,6284000.0,5369000.0
20260325,-1330920.0,10661470.0,9702210.0,6403800.0,6032140.0,3711510.0,5245360.0,1023760.0,820830.0,31986000.0,29111000.0,19215000.0,18099000.0,11141000.0,15737000.0,3070000.0,2465000.0
20260326,-151530.0,9422080.0,9366240.0,5182200.0,5086510.0,3089590.0,2970970.0,853770.0,1123920.0,28347000.0,28178000.0,15586000.0,15297000.0,9301000.0,8945000.0,2567000.0,3381000.0
20260327,81470.0,6469480.0,6404730.0,3783870.0,3930090.0,2278150.0,2013760.0,150480.0,333400.0,19460000.0,19270000.0,11384000.0,11815000.0,6853000.0,6062000.0,450000.0,1000000.0
20260330,-1926270.0,18011680.0,17964180.0,11621640.0,9742870.0,4910030.0,4529270.0,735510.0,3042540.0,52871000.0,52723000.0,34110000.0,28574000.0,14416000.0,13320000.0,2154000.0,8934000.0
20260331,-45860.0,14824610.0,15177710.0,8266070.0,7867110.0,3155960.0,3303740.0,1188530.0,1086610.0,43564000.0,44610000.0,24311000.0,23113000.0,9283000.0,9718000.0,3499000.0,3216000.0
20260401,1632700.0,13576410.0,15283680.0,7326340.0,7251770.0,4144340.0,3164770.0,1026770.0,373640.0,40206000.0,45260000.0,21686000.0,21457000.0,12262000.0,9348000.0,3020000.0,1109000.0
20260402,-739230.0,9171440.0,9136980.0,5848290.0,5143520.0,1931920.0,2482260.0,974730.0,1163620.0,27254000.0,27149000.0,17380000.0,15284000.0,5740000.0,7372000.0,2890000.0,3459000.0
20260403,-1285260.0,7033060.0,6093860.0,3907360.0,3561300.0,2189800.0,3055830.0,0.0,419230.0,21006000.0,18204000.0,11674000.0,10641000.0,6543000.0,9126000.0,0.0,1252000.0
20260407,-39360.0,5806920.0,5723970.0,4005520.0,4049110.0,1572010.0,1770490.0,1039240.0,880120.0,17420000.0,17171000.0,12018000.0,12147000.0,4714000.0,5311000.0,3119000.0,2642000.0
20260408,391730.0,12140870.0,11470740.0,7403680.0,8465550.0,4486630.0,4836540.0,1109160.0,367520.0,35854000.0,33871000.0,21860000.0,24990000.0,13235000.0,14275000.0,3274000.0,1087000.0
20260409,1420980.0,7755240.0,9831920.0,6213270.0,5557570.0,3949800.0,3009290.0,1183460.0,702990.0,23084000.0,29261000.0,18489000.0,16536000.0,11750000.0,8953000.0,3526000.0,2099000.0
20260410,-10570.0,7822410.0,7846810.0,5524390.0,5489410.0,2609430.0,2875150.0,1012600.0,757450.0,23176000.0,23251000.0,16370000.0,16264000.0,7733000.0,8520000.0,2999000.0,2243000.0
20260413,295340.0,7154050.0,7643860.0,5292300.0,5097820.0,2718470.0,2353500.0,603790.0,673420.0,21278000.0,22730000.0,15740000.0,15161000.0,8083000.0,7002000.0,1803000.0,2011000.0
20260414,-463950.0,8297890.0,8134200.0,6201990.0,5901740.0,2951000.0,3305800.0,824330.0,933480.0,24456000.0,23980000.0,18276000.0,17395000.0,8698000.0,9736000.0,2438000.0,2757000.0
20260415,-385550.0,9200730.0,8467080.0,5429590.0,5777690.0,2921410.0,3443090.0,706590.0,570460.0,26843000.0,24712000.0,15849000.0,16860000.0,8524000.0,10043000.0,2060000.0,1662000.0
20260416,-302550.0,8146440.0,8079480.0,5432260.0,5196670.0,2328880.0,2486370.0,266100.0,411160.0,23892000.0,23697000.0,15932000.0,15241000.0,6831000.0,7292000.0,781000.0,1208000.0
20260417,-222560.0,6901060.0,6992920.0,4691130.0,4376720.0,2169590.0,2133480.0,989420.0,1248090.0,20328000.0,20599000.0,13819000.0,12892000.0,6394000.0,6282000.0,2915000.0,3683000.0
20260420,-639710.0,8873050.0,8944980.0,6045260.0,5333630.0,2611790.0,3374140.0,423510.0,300870.0,25949000.0,26161000.0,17683000.0,15600000.0,7641000.0,9871000.0,1240000.0,881000.0
20260421,28930.0,8287480.0,8568320.0,4658270.0,4406370.0,2162260.0,2103650.0,400470.0,430150.0,24409000.0,25242000.0,13718000.0,12974000.0,6369000.0,6196000.0,1182000.0,1266000.0
20260422,-591890.0,7491440.0,7256910.0,4394510.0,4037150.0,2133080.0,2923170.0,1128580.0,930380.0,22215000.0,21521000.0,13033000.0,11971000.0,6324000.0,8666000.0,3344000.0,2758000.0
20260423,758660.0,9581840.0,10428840.0,5534430.0,5446080.0,3259020.0,2584190.0,842210.0,758380.0,28279000.0,30796000.0,16335000.0,16070000.0,9622000.0,7620000.0,2486000.0,2237000.0
20260424,332780.0,8322030.0,9447720.0,5453400.0,4660490.0,2316980.0,2102920.0,555190.0,436470.0,24958000.0,28334000.0,16353000.0,13967000.0,6945000.0,6303000.0,1661000.0,1313000.0
20260427,227450.0,7066380.0,7607240.0,4301140.0,3987730.0,2111500.0,2262160.0,765410.0,387300.0,21369000.0,23009000.0,13010000.0,12060000.0,6387000.0,6845000.0,2321000.0,1173000.0
20260428,2707780.0,19175490.0,22742380.0,14011540.0,13152430.0,8673410.0,6174740.0,1595770.0,1386660.0,59850000.0,70957000.0,43737000.0,40994000.0,27021000.0,19270000.0,4986000.0,4374000.0
20260429,1355770.0,8976160.0,9402980.0,7223470.0,8152440.0,4713040.0,3402230.0,946660.0,901700.0,28338000.0,29688000.0,22809000.0,25737000.0,14875000.0,10741000.0,2992000.0,2847000.0
20260430,1388670.0,11221300.0,13216710.0,9373670.0,8766940.0,5112210.0,4183350.0,1484140.0,1024330.0,35650000.0,41962000.0,29770000.0,27838000.0,16232000.0,13302000.0,4719000.0,3270000.0
20260506,1132670.0,11537500.0,12738620.0,8208610.0,8140150.0,5509390.0,4539410.0,1347090.0,1184400.0,36831000.0,40659000.0,26220000.0,26003000.0,17600000.0,14504000.0,4300000.0,3784000.0
20260507,-1429190.0,12587600.0,13517040.0,11227950.0,8869330.0,5872370.0,6189440.0,1092940.0,2205060.0,40622000.0,43622000.0,36234000.0,28622000.0,18950000.0,19983000.0,3531000.0,7109000.0
20260508,597300.0,16146730.0,17490650.0,11690360.0,10943750.0,6383170.0,6447410.0,3427390.0,2765850.0,51632000.0,55932000.0,37395000.0,35002000.0,20413000.0,20632000.0,10973000.0,8848000.0
20260511,2120070.0,11526690.0,13082070.0,9436680.0,10001380.0,6823230.0,4969080.0,2277700.0,2011780.0,36490000.0,41416000.0,29875000.0,31652000.0,21588000.0,15722000.0,7217000.0,6380000.0
20260512,1266560.0,9238190.0,10336230.0,7650920.0,7819440.0,5269740.0,3619760.0,733680.0,1117100.0,29558000.0,33074000.0,24483000.0,25011000.0,16849000.0,11576000.0,2349000.0,3578000.0
20260513,-16900.0,8547720.0,8322460.0,5982170.0,6190530.0,3218870.0,3091930.0,346040.0,489880.0,27420000.0,26698000.0,19195000.0,19860000.0,10324000.0,9922000.0,1111000.0,1571000.0
20260514,1127070.0,12167160.0,13199050.0,8140400.0,8235580.0,4470160.0,3785210.0,1947400.0,1505280.0,39595000.0,42933000.0,26485000.0,26807000.0,14532000.0,12326000.0,6346000.0,4892000.0
20260515,161550.0,8618830.0,8720180.0,6469420.0,6529630.0,4345560.0,3238390.0,1029650.0,1975270.0,28447000.0,28785000.0,21365000.0,21562000.0,14361000.0,10698000.0,3411000.0,6540000.0
20260518,1177360.0,7439080.0,7566440.0,6216040.0,7266040.0,4005160.0,2739890.0,586940.0,674850.0,24805000.0,25226000.0,20720000.0,24236000.0,13351000.0,9131000.0,1959000.0,2242000.0
20260519,-967630.0,8778500.0,7174040.0,7505540.0,8142370.0,3849010.0,4013310.0,386800.0,1190130.0,29522000.0,24127000.0,25254000.0,27392000.0,12954000.0,13508000.0,1307000.0,4011000.0
20260520,-602830.0,10968190.0,10098550.0,9048450.0,9315260.0,4907850.0,5152380.0,350200.0,708500.0,37540000.0,34553000.0,30957000.0,31864000.0,16792000.0,17643000.0,1202000.0,2431000.0
20260521,59600.0,10971390.0,10042280.0,7744030.0,8732740.0,4293750.0,3845300.0,525810.0,914660.0,37581000.0,34427000.0,26545000.0,29914000.0,14717000.0,13161000.0,1808000.0,3149000.0
20260522,-1921390.0,14054680.0,12614800.0,10960370.0,10478860.0,5759720.0,6281130.0,972270.0,2372250.0,50024000.0,44879000.0,39026000.0,37301000.0,20507000.0,22373000.0,3465000.0,8469000.0
20260525,-596400.0,8628810.0,8207550.0,5226120.0,5050980.0,3167240.0,3820440.0,103640.0,46840.0,30718000.0,29226000.0,18606000.0,17982000.0,11284000.0,13604000.0,370000.0,166000.0
20260526,153700.0,7128820.0,6622290.0,3985410.0,4645640.0,3349090.0,3316550.0,887800.0,766640.0,25504000.0,23695000.0,14258000.0,16625000.0,11993000.0,11869000.0,3176000.0,2742000.0
20260527,1455300.0,9453110.0,11682540.0,7621650.0,6847540.0,4996310.0,4813100.0,1416180.0,144090.0,33448000.0,41385000.0,26925000.0,24200000.0,17655000.0,16965000.0,5025000.0,503000.0
20260528,530390.0,7344010.0,7793870.0,4906640.0,4987170.0,2829060.0,3514650.0,1684230.0,468250.0,26236000.0,27852000.0,17543000.0,17821000.0,10102000.0,12541000.0,6006000.0,1673000.0
20260529,-1875560.0,10342570.0,9911150.0,7928870.0,6484740.0,5057520.0,6869220.0,493470.0,557330.0,37399000.0,35842000.0,28661000.0,23439000.0,18276000.0,24804000.0,1779000.0,2030000.0
20260601,-940220.0,10075110.0,10133800.0,7959170.0,6960270.0,5644920.0,5864490.0,738980.0,1459630.0,36352000.0,36570000.0,28683000.0,25068000.0,20368000.0,21164000.0,2670000.0,5271000.0
20260602,681420.0,7829860.0,7913470.0,6321190.0,6919000.0,3783590.0,3456460.0,1158760.0,804470.0,28357000.0,28664000.0,22895000.0,25069000.0,13705000.0,12513000.0,4208000.0,2919000.0
20260603,-929730.0,10776400.0,10985950.0,8929660.0,7790390.0,5016650.0,5217560.0,269990.0,998810.0,39564000.0,40327000.0,32785000.0,28600000.0,18414000.0,19157000.0,997000.0,3676000.0
20260604,78460.0,6606260.0,6266120.0,4177990.0,4596580.0,3202100.0,2960250.0,372070.0,535460.0,24849000.0,23574000.0,15721000.0,17294000.0,12060000.0,11144000.0,1404000.0,2022000.0
20260605,69750.0,8107760.0,8049880.0,6146550.0,6274170.0,3504260.0,3505840.0,906410.0,835080.0,30016000.0,29807000.0,22760000.0,23235000.0,12969000.0,12963000.0,3332000.0,3072000.0
20260608,40110.0,9656020.0,10010750.0,6618010.0,6303390.0,4273310.0,4306710.0,359250.0,285740.0,35958000.0,37273000.0,24632000.0,23453000.0,15898000.0,16040000.0,1345000.0,1067000.0
20260609,-315830.0,7076490.0,6795400.0,4602430.0,4567680.0,3127930.0,3606380.0,758600.0,595980.0,26269000.0,25233000.0,17089000.0,16952000.0,11619000.0,13381000.0,2810000.0,2220000.0
20260610,1099360.0,11868120.0,13290270.0,10000220.0,9677430.0,5270540.0,5277920.0,1702590.0,595850.0,42993000.0,48131000.0,36238000.0,35054000.0,19052000.0,19113000.0,6150000.0,2135000.0
20260611,1058050.0,8226560.0,9465640.0,6552290.0,6371250.0,5213330.0,3525660.0,229500.0,859120.0,30241000.0,34806000.0,24094000.0,23417000.0,19183000.0,12968000.0,841000.0,3168000.0
20260612,666050.0,19137580.0,19743400.0,13875500.0,13935740.0,7081830.0,7926720.0,2353880.0,842940.0,67760000.0,69911000.0,49194000.0,49377000.0,25133000.0,28162000.0,8353000.0,2990000.0
20260615,-202730.0,12308380.0,12073070.0,8609110.0,8641700.0,5327390.0,5634320.0,1553350.0,1449150.0,43687000.0,42855000.0,30568000.0,30673000.0,18910000.0,19998000.0,5508000.0,5147000.0
20260616,796650.0,9314290.0,10370530.0,7514530.0,7254930.0,4636120.0,3651910.0,159440.0,347000.0,33459000.0,37241000.0,27001000.0,26069000.0,16651000.0,13126000.0,576000.0,1251000.0
20260617,-630010.0,8126780.0,7607020.0,5941130.0,5830880.0,2703330.0,3358360.0,774770.0,749750.0,29839000.0,27932000.0,21827000.0,21407000.0,9928000.0,12343000.0,2846000.0,2758000.0
20260618,-217680.0,7082900.0,7111250.0,5433720.0,5187680.0,2679030.0,2430030.0,114930.0,581610.0,26202000.0,26300000.0,20111000.0,19188000.0,9908000.0,8992000.0,421000.0,2162000.0
20260622,-1331110.0,10456850.0,9946780.0,7766700.0,6945650.0,3602770.0,4833170.0,425640.0,526350.0,39507000.0,37611000.0,29372000.0,26254000.0,13630000.0,18282000.0,1626000.0,1987000.0
20260623,727450.0,7201420.0,7978630.0,5522470.0,5472720.0,3416370.0,2978810.0,666830.0,376940.0,26989000.0,29912000.0,20682000.0,20484000.0,12774000.0,11144000.0,2519000.0,1424000.0
20260624,-355460.0,8379640.0,8425720.0,5636880.0,5235330.0,3339370.0,4050170.0,1453710.0,1098370.0,32364000.0,32535000.0,21782000.0,20237000.0,12923000.0,15649000.0,5631000.0,4278000.0
20260625,-1198530.0,8175140.0,7400030.0,5339150.0,4915730.0,2976360.0,3449160.0,602010.0,1327740.0,31959000.0,28933000.0,20879000.0,19221000.0,11634000.0,13483000.0,2356000.0,5191000.0
20260626,-636650.0,8990180.0,8688800.0,5718210.0,5382940.0,3509990.0,3505350.0,273880.0,915170.0,35798000.0,34607000.0,22792000.0,21453000.0,14000000.0,13967000.0,1084000.0,3647000.0
20260629,-1132290.0,9423960.0,7930250.0,5214060.0,5575480.0,1903360.0,2653800.0,0.0,381850.0,37937000.0,31933000.0,21011000.0,22453000.0,7680000.0,10694000.0,0.0,1548000.0
20260630,-389210.0,7152620.0,7007230.0,4861160.0,4617350.0,2976920.0,2951210.0,120310.0,535230.0,28437000.0,27869000.0,19332000.0,18362000.0,11848000.0,11735000.0,478000.0,2129000.0
20260701,31780.0,7748760.0,7700160.0,4847730.0,4928110.0,3449650.0,3229320.0,301070.0,489620.0,30366000.0,30174000.0,19003000.0,19316000.0,13533000.0,12671000.0,1182000.0,1922000.0
20260702,519960.0,6896950.0,6870500.0,4547420.0,5093830.0,1826510.0,1341320.0,241960.0,207190.0,27005000.0,26909000.0,17797000.0,19934000.0,7149000.0,5246000.0,951000.0,813000.0
20260703,-1155070.0,10109920.0,8794270.0,5719920.0,5880500.0,2841550.0,3939300.0,284290.0,341610.0,38851000.0,33804000.0,21995000.0,22590000.0,10930000.0,15164000.0,1094000.0,1312000.0
20260706,509980.0,6753850.0,7023010.0,4027600.0,4268410.0,2162670.0,1556090.0,125210.0,221810.0,25916000.0,26958000.0,15456000.0,16370000.0,8297000.0,5972000.0,480000.0,848000.0
20260707,535390.0,6014790.0,6296640.0,3066970.0,3320520.0,2428930.0,2007590.0,458460.0,344410.0,23628000.0,24729000.0,12038000.0,13046000.0,9534000.0,7866000.0,1787000.0,1346000.0
20260708,-679770.0,5578150.0,4873020.0,3035560.0,3060910.0,1414660.0,2234590.0,1033370.0,893210.0,22249000.0,19440000.0,12110000.0,12208000.0,5646000.0,8918000.0,4122000.0,3561000.0
20260709,176070.0,6593700.0,6484550.0,3935840.0,4221060.0,2198260.0,1838150.0,572850.0,756890.0,26607000.0,26164000.0,15888000.0,17039000.0,8892000.0,7431000.0,2323000.0,3076000.0
20260710,-1317250.0,12081600.0,11255550.0,7388980.0,6897780.0,3237880.0,4511830.0,649020.0,692320.0,47337000.0,44127000.0,28985000.0,27032000.0,12704000.0,17691000.0,2570000.0,2746000.0
20260713,583310.0,10897530.0,10839560.0,4527400.0,5168700.0,2559560.0,1976920.0,532110.0,531440.0,44109000.0,43871000.0,18304000.0,20885000.0,10348000.0,8001000.0,2150000.0,2154000.0
20260714,-235970.0,7685590.0,7079830.0,3175840.0,3545620.0,1728540.0,1858270.0,0.0,106240.0,31352000.0,28877000.0,12955000.0,14467000.0,7055000.0,7584000.0,0.0,434000.0
20260715,-381850.0,8937550.0,8112970.0,4359840.0,4802570.0,1572570.0,2099670.0,363490.0,218240.0,35598000.0,32323000.0,17383000.0,19140000.0,6274000.0,8370000.0,1447000.0,869000.0
20260716,-115330.0,8527860.0,7867360.0,3785890.0,4331060.0,1661260.0,1873260.0,223530.0,126860.0,33576000.0,30979000.0,14914000.0,17057000.0,6544000.0,7375000.0,880000.0,503000.0
20260717,-585800.0,11618710.0,10165440.0,4616570.0,5484040.0,2035940.0,2191650.0,596950.0,1027040.0,45676000.0,39958000.0,18154000.0,21550000.0,8009000.0,8631000.0,2356000.0,4056000.0
20260720,-820320.0,12064160.0,11689440.0,6310370.0,5864760.0,1986510.0,3119430.0,1095050.0,782450.0,47232000.0,45777000.0,24704000.0,22955000.0,7788000.0,12198000.0,4283000.0,3077000.0
20260721,-375650.0,14919350.0,15454110.0,8362610.0,7452210.0,3989840.0,4062750.0,438550.0,741290.0,57077000.0,59166000.0,32007000.0,28501000.0,15291000.0,15539000.0,1672000.0,2841000.0
20260722,701140.0,9838740.0,10719290.0,4493350.0,4313950.0,2764400.0,2052430.0,352460.0,363290.0,38290000.0,41731000.0,17497000.0,16798000.0,10773000.0,7999000.0,1378000.0,1410000.0
20260723,-78920.0,9508700.0,8678300.0,4793330.0,5544810.0,2920830.0,2931020.0,210210.0,278940.0,36296000.0,33127000.0,18297000.0,21164000.0,11157000.0,11196000.0,806000.0,1068000.0
20260724,-427000.0,9788950.0,9792150.0,5235730.0,4805520.0,2103450.0,2339260.0,117280.0,308470.0,37360000.0,37378000.0,19953000.0,18295000.0,8018000.0,8922000.0,449000.0,1185000.0
20260727,-1380.0,8588040.0,8104640.0,3545340.0,4027370.0,1758650.0,1516510.0,454220.0,697740.0,32884000.0,31039000.0,13585000.0,15426000.0,6735000.0,5805000.0,1737000.0,2671000.0
20260728,-564280.0,8011900.0,7754140.0,4317700.0,4011190.0,1714560.0,1777310.0,306550.0,808080.0,30717000.0,29749000.0,16564000.0,15370000.0,6581000.0,6808000.0,1173000.0,3108000.0
20260729,-1045560.0,14488160.0,12559780.0,7757540.0,8640350.0,3443060.0,3834710.0,106610.0,760520.0,54280000.0,47062000.0,29095000.0,32395000.0,12908000.0,14372000.0,400000.0,2854000.0
20260730,-631220.0,11315170.0,10060370.0,5549740.0,6173320.0,1774370.0,1915360.0,0.0,490230.0,42002000.0,37350000.0,20611000.0,22914000.0,6593000.0,7118000.0,0.0,1824000.0
20260731,1574920.0,10944160.0,12444510.0,6627290.0,6701850.0,4680560.0,2712270.0,302650.0,696020.0,40765000.0,46365000.0,24692000.0,24960000.0,17433000.0,10099000.0,1125000.0,2591000.0
20260803,-42100.0,6781570.0,7006540.0,5003140.0,4736060.0,2742240.0,2606370.0,345770.0,523740.0,25014000.0,25847000.0,18453000.0,17467000.0,10118000.0,9610000.0,1273000.0,1934000.0
20260804,-472210.0,7966900.0,7876160.0,6602560.0,6221090.0,3735670.0,3832770.0,654190.0,1029300.0,29588000.0,29258000.0,24516000.0,23109000.0,13890000.0,14238000.0,2437000.0,3826000.0
20260805,169890.0,6105520.0,6124180.0,5007740.0,5158970.0,3840120.0,3069850.0,105600.0,705980.0,22885000.0,22954000.0,18773000.0,19333000.0,14393000.0,11508000.0,397000.0,2653000.0
20260806,-637470.0,7184410.0,6713290.0,5447920.0,5281570.0,3791680.0,4210180.0,605580.0,824550.0,27216000.0,25411000.0,20633000.0,20007000.0,14355000.0,15955000.0,2298000.0,3130000.0
20260807,326620.0,4656140.0,5275790.0,4109570.0,3816550.0,2910340.0,3074720.0,727490.0,236490.0,17719000.0,20079000.0,15643000.0,14532000.0,11083000.0,11704000.0,2767000.0,897000.0
20260810,404650.0,7982430.0,7992320.0,6435340.0,6830100.0,5019160.0,4453810.0,1502580.0,1663280.0,29841000.0,29883000.0,24065000.0,25522000.0,18760000.0,16663000.0,5597000.0,6195000.0
20260811,720600.0,5231450.0,6171410.0,5231030.0,5011680.0,3165000.0,3000960.0,919180.0,362620.0,19530000.0,23038000.0,19534000.0,18707000.0,11810000.0,11207000.0,3431000.0,1353000.0
20260812,892130.0,4045020.0,4110040.0,3281740.0,4108860.0,2015150.0,1781630.0,1289370.0,630760.0,15123000.0,15363000.0,12271000.0,15362000.0,7533000.0,6667000.0,4817000.0,2352000.0
20260813,-105580.0,4300130.0,4312180.0,3417580.0,3299960.0,2484380.0,2681270.0,509820.0,418510.0,16077000.0,16120000.0,12778000.0,12337000.0,9289000.0,10027000.0,1905000.0,1565000.0
20260814,328770.0,6426630.0,7169760.0,6634850.0,6220480.0,4628740.0,4704860.0,1085790.0,680900.0,23898000.0,26677000.0,24643000.0,23099000.0,17187000.0,17454000.0,4013000.0,2511000.0
20260817,-490710.0,4909540.0,4647810.0,4618290.0,4389310.0,3120340.0,2642390.0,268300.0,1236960.0,18344000.0,17363000.0,17268000.0,16394000.0,11654000.0,9873000.0,1000000.0,4636000.0
20260818,-1557320.0,6497470.0,6023440.0,5798840.0,4715550.0,3709570.0,3924120.0,707110.0,2049880.0,24635000.0,22841000.0,21985000.0,17867000.0,14050000.0,14876000.0,2691000.0,7777000.0
20260819,-936080.0,7634940.0,6280130.0,4220920.0,4639640.0,2769710.0,3813820.0,445490.0,337460.0,29442000.0,24215000.0,16277000.0,17884000.0,10683000.0,14714000.0,1711000.0,1300000.0
20260820,-253510.0,8264170.0,7326250.0,6329280.0,7013690.0,3260650.0,3383870.0,324050.0,454340.0,31345000.0,27794000.0,23989000.0,26588000.0,12361000.0,12830000.0,1227000.0,1710000.0
