trade_date,main_net_in,buy_sm_amount,sell_sm_amount,buy_md_amount,sell_md_amount,buy_lg_amount,sell_lg_amount,buy_elg_amount,sell_elg_amount,buy_sm_vol,sell_sm_vol,buy_md_vol,sell_md_vol,buy_lg_vol,sell_lg_vol,buy_elg_vol,sell_elg_vol
20190102,1242400.0,1832100.0,2589160.0,3528350.0,3987180.0,3270270.0,2066710.0,336030.0,297190.0,13754000.0,19391000.0,26459000.0,29869000.0,24462000.0,15495000.0,2506000.0,2231000.0
20190103,180920.0,2002880.0,1872570.0,3221370.0,3326210.0,3298670.0,2631070.0,745630.0,1232310.0,15011000.0,14003000.0,24103000.0,24868000.0,24608000.0,19671000.0,5595000.0,9232000.0
20190104,651880.0,1839280.0,2250370.0,3821530.0,4159570.0,3998530.0,3217270.0,134700.0,264080.0,13821000.0,16858000.0,28682000.0,31182000.0,29925000.0,24151000.0,1000000.0,1974000.0
20190107,2410820.0,2030260.0,3561500.0,4845500.0,5713010.0,5485660.0,4106020.0,1237880.0,206700.0,14765000.0,25879000.0,35259000.0,41537000.0,39803000.0,29791000.0,8961000.0,1500000.0
20190108,-968790.0,2070150.0,1737720.0,4041150.0,3530630.0,3246640.0,3924380.0,273840.0,564890.0,15095000.0,12657000.0,29456000.0,25726000.0,23654000.0,28604000.0,1995000.0,4134000.0
20190109,389790.0,2415150.0,2272990.0,3353550.0,3825150.0,2783830.0,2292020.0,140000.0,242020.0,17390000.0,16329000.0,24118000.0,27500000.0,19979000.0,16489000.0,1000000.0,1740000.0
20190110,-353770.0,2408890.0,1830370.0,3456220.0,3510530.0,3763050.0,3396030.0,124390.0,845180.0,17652000.0,13386000.0,25334000.0,25706000.0,27578000.0,24942000.0,918000.0,6209000.0
20190111,812130.0,969200.0,1569060.0,2278080.0,2490360.0,2167350.0,1595380.0,240160.0,0.0,7058000.0,11418000.0,16588000.0,18122000.0,15769000.0,11626000.0,1750000.0,0.0
20190114,332540.0,1234000.0,1417920.0,2675280.0,2823910.0,2327220.0,1542490.0,0.0,452190.0,8899000.0,10213000.0,19290000.0,20361000.0,16772000.0,11121000.0,0.0,3265000.0
20190115,1078520.0,2021560.0,2632840.0,3902120.0,4369360.0,4210600.0,3541590.0,870050.0,460540.0,14320000.0,18653000.0,27647000.0,30956000.0,29791000.0,25054000.0,6153000.0,3248000.0
20190116,-289420.0,1585650.0,1489630.0,2891690.0,2698280.0,1643730.0,2158290.0,367650.0,142510.0,11193000.0,10509000.0,20409000.0,19035000.0,11596000.0,15246000.0,2592000.0,1000000.0
20190117,33520.0,1226430.0,1131510.0,2251510.0,2379960.0,1210780.0,1346580.0,169320.0,0.0,8691000.0,8016000.0,15952000.0,16859000.0,8574000.0,9543000.0,1200000.0,0.0
20190118,331880.0,1322400.0,1588540.0,2467020.0,2532750.0,1799300.0,1610220.0,142800.0,0.0,9293000.0,11151000.0,17327000.0,17782000.0,12621000.0,11307000.0,1000000.0,0.0
20190121,-3795290.0,3585150.0,1352620.0,4698370.0,3135610.0,4025080.0,4516400.0,3613480.0,6917450.0,26346000.0,9909000.0,34497000.0,22933000.0,29628000.0,33127000.0,26654000.0,51157000.0
20190122,-4381070.0,5709050.0,2692000.0,7712380.0,6348380.0,6085630.0,7185510.0,3747220.0,7028410.0,43810000.0,20642000.0,59199000.0,48702000.0,46766000.0,55121000.0,28981000.0,54291000.0
20190123,-159760.0,2498800.0,2344300.0,3461130.0,3455870.0,2380060.0,3026280.0,595170.0,108710.0,18796000.0,17614000.0,26032000.0,25967000.0,17887000.0,22777000.0,4466000.0,823000.0
20190124,36210.0,1625140.0,1420820.0,2022920.0,2263450.0,1615240.0,1683180.0,104150.0,0.0,12261000.0,10706000.0,15252000.0,17058000.0,12180000.0,12709000.0,779000.0,0.0
20190125,469880.0,974180.0,1303520.0,1523590.0,1664120.0,1879650.0,1447060.0,237630.0,200340.0,7350000.0,9821000.0,11488000.0,12542000.0,14163000.0,10912000.0,1790000.0,1515000.0
20190128,-2810.0,960670.0,1006720.0,1709780.0,1660930.0,1019980.0,1327910.0,532590.0,227470.0,7210000.0,7550000.0,12823000.0,12456000.0,7644000.0,9961000.0,3990000.0,1700000.0
20190129,-1836800.0,3269540.0,2139420.0,4039430.0,3332740.0,2495890.0,3536920.0,656240.0,1452010.0,25469000.0,16649000.0,31448000.0,25841000.0,19399000.0,27594000.0,5155000.0,11387000.0
20190130,-738060.0,1935470.0,1228700.0,2301770.0,2270490.0,1492500.0,1524810.0,768900.0,1474650.0,15032000.0,9514000.0,17863000.0,17606000.0,11559000.0,11846000.0,6000000.0,11488000.0
20190131,-1601450.0,2789630.0,1627770.0,3758610.0,3319020.0,2195520.0,2795060.0,759920.0,1761830.0,22245000.0,12964000.0,29967000.0,26428000.0,17481000.0,22298000.0,6097000.0,14100000.0
20190201,309110.0,1374330.0,1552950.0,2208890.0,2339380.0,1112910.0,1270580.0,466780.0,0.0,10907000.0,12277000.0,17486000.0,18546000.0,8814000.0,10071000.0,3687000.0,0.0
20190211,170310.0,1415650.0,1951810.0,3001430.0,2635590.0,1593640.0,1620140.0,368420.0,171610.0,10749000.0,14798000.0,22761000.0,19997000.0,12097000.0,12297000.0,2785000.0,1300000.0
20190212,72290.0,1519020.0,1841670.0,3050290.0,2799930.0,2542540.0,1696150.0,474670.0,1248770.0,11326000.0,13725000.0,22737000.0,20872000.0,18964000.0,12649000.0,3527000.0,9308000.0
20190213,-246500.0,1899650.0,1595520.0,3047070.0,3104720.0,3221500.0,2864110.0,126340.0,730230.0,14125000.0,11856000.0,22652000.0,23079000.0,23946000.0,21296000.0,940000.0,5432000.0
20190214,-5299770.0,5033040.0,1737360.0,7348990.0,5344900.0,2382220.0,6300020.0,610940.0,1992910.0,38016000.0,13111000.0,55474000.0,40317000.0,17976000.0,47550000.0,4600000.0,15088000.0
20190215,-3064770.0,3916080.0,2163920.0,5081810.0,3769200.0,3629930.0,4579040.0,174980.0,2290640.0,30152000.0,16652000.0,39148000.0,29013000.0,27978000.0,35283000.0,1352000.0,17682000.0
20190218,254100.0,2780390.0,3086520.0,4871110.0,4819080.0,3890410.0,4873850.0,1237540.0,0.0,21219000.0,23497000.0,37195000.0,36752000.0,29688000.0,37250000.0,9398000.0,0.0
20190219,1698840.0,2743990.0,3593330.0,5462660.0,6312150.0,5839580.0,4284440.0,767840.0,624140.0,20488000.0,26769000.0,40742000.0,47040000.0,43483000.0,31940000.0,5689000.0,4652000.0
20190220,-1455880.0,4558570.0,3536030.0,7634960.0,7201630.0,5835880.0,6888080.0,1753520.0,2157200.0,33418000.0,25823000.0,55930000.0,52629000.0,42663000.0,50461000.0,12722000.0,15819000.0
20190221,-2590770.0,5079690.0,3072560.0,7153930.0,6570290.0,4686900.0,5283410.0,239150.0,2233410.0,37194000.0,22444000.0,52302000.0,47988000.0,34219000.0,38664000.0,1762000.0,16381000.0
20190222,469280.0,2353550.0,2562360.0,4430770.0,4691240.0,3513300.0,2953060.0,360170.0,451130.0,17257000.0,18764000.0,32469000.0,34374000.0,25716000.0,21638000.0,2634000.0,3300000.0
20190225,404500.0,4512220.0,5873370.0,11177560.0,10220910.0,7638140.0,8080820.0,2149050.0,1301870.0,32137000.0,41674000.0,79453000.0,72614000.0,54207000.0,57458000.0,15269000.0,9320000.0
20190226,703740.0,4917000.0,5229080.0,9876980.0,10268630.0,8104430.0,7114490.0,1047830.0,1334030.0,34084000.0,36170000.0,68376000.0,71038000.0,56049000.0,49290000.0,7224000.0,9235000.0
20190227,-197020.0,5236400.0,5709840.0,11324960.0,10654490.0,9486190.0,9008270.0,1881190.0,2556130.0,35411000.0,38534000.0,76621000.0,71938000.0,64059000.0,60899000.0,12682000.0,17401000.0
20190228,-822680.0,3617860.0,2992980.0,6733960.0,6536150.0,4477880.0,5033010.0,1031340.0,1298890.0,24463000.0,20204000.0,45522000.0,44151000.0,30241000.0,34011000.0,6949000.0,8809000.0
20190301,4461490.0,4765540.0,7287650.0,9543680.0,11483070.0,13827220.0,11660180.0,8652970.0,6358520.0,30806000.0,47105000.0,61777000.0,74365000.0,89305000.0,75246000.0,55667000.0,40839000.0
20190304,-2086400.0,8210220.0,6034360.0,15521980.0,15611450.0,14271040.0,12674100.0,2647360.0,6330700.0,51918000.0,38102000.0,98083000.0,98566000.0,90167000.0,80145000.0,16696000.0,40051000.0
20190305,2360700.0,5778670.0,7670570.0,12716520.0,13185320.0,11139830.0,10961350.0,6924110.0,4741890.0,35278000.0,46752000.0,77663000.0,80506000.0,67909000.0,66810000.0,41842000.0,28623000.0
20190306,1347870.0,7388090.0,7284970.0,12722640.0,14173630.0,13089660.0,13271380.0,4661600.0,3132010.0,43248000.0,42537000.0,74387000.0,82862000.0,76434000.0,77598000.0,27233000.0,18305000.0
20190307,-5334380.0,10781010.0,6581280.0,15422970.0,14288330.0,12384590.0,15130730.0,3405210.0,5993450.0,63229000.0,38484000.0,90366000.0,83613000.0,72562000.0,88786000.0,19968000.0,35243000.0
20190308,-319530.0,7612830.0,6453890.0,12083370.0,12922790.0,11500620.0,11646610.0,2797810.0,2971350.0,46162000.0,38958000.0,73150000.0,78193000.0,69653000.0,70714000.0,16898000.0,17998000.0
20190311,-423580.0,3789690.0,4086570.0,8621620.0,7901170.0,7046510.0,6684320.0,774830.0,1560600.0,22706000.0,24453000.0,51660000.0,47305000.0,42182000.0,40041000.0,4621000.0,9371000.0
20190312,1325100.0,5539560.0,6870160.0,12097480.0,12091980.0,10657070.0,10908400.0,4161940.0,2585510.0,32325000.0,39935000.0,70494000.0,70321000.0,62013000.0,63606000.0,24095000.0,15066000.0
20190313,5580480.0,5941930.0,8554230.0,12182890.0,15151070.0,16042600.0,12390330.0,7076160.0,5147950.0,34152000.0,48877000.0,69835000.0,86634000.0,91679000.0,70883000.0,40308000.0,29580000.0
20190314,-1538940.0,7425480.0,7049560.0,14790350.0,13627340.0,13553190.0,13317440.0,5062090.0,6836780.0,41587000.0,39283000.0,82725000.0,76028000.0,75607000.0,74379000.0,28169000.0,38400000.0
20190315,747560.0,5007290.0,5859660.0,9886180.0,9781380.0,8866860.0,8361600.0,2607950.0,2365650.0,28111000.0,32833000.0,55471000.0,54860000.0,49703000.0,46946000.0,14627000.0,13274000.0
20190318,3043790.0,5101380.0,6840460.0,9676350.0,10981060.0,15788920.0,12084910.0,9663060.0,10323280.0,27123000.0,36307000.0,51422000.0,58306000.0,83835000.0,64133000.0,51184000.0,54818000.0
20190319,-1792560.0,11732830.0,9797860.0,18223240.0,18365650.0,20648590.0,20470760.0,8185480.0,10155870.0,60286000.0,50277000.0,93574000.0,94371000.0,105890000.0,105152000.0,41815000.0,51765000.0
20190320,-12139900.0,15255350.0,6809050.0,18303960.0,14610370.0,16789890.0,23851880.0,6920720.0,11998630.0,82344000.0,36715000.0,98771000.0,78730000.0,90623000.0,128557000.0,36930000.0,64666000.0
20190321,-1055140.0,6715950.0,6469750.0,11943570.0,11134630.0,11466890.0,11932380.0,2025200.0,2614850.0,36040000.0,34675000.0,64056000.0,59727000.0,61474000.0,63972000.0,10829000.0,14027000.0
20190322,2887620.0,6158670.0,8896010.0,12774100.0,12924380.0,14547160.0,12040860.0,5209370.0,4828050.0,32219000.0,46301000.0,66699000.0,67363000.0,75808000.0,62791000.0,26888000.0,25160000.0
20190325,574900.0,4210200.0,4856830.0,8342690.0,8270950.0,9926380.0,9795570.0,8496750.0,8052660.0,20690000.0,23782000.0,40944000.0,40596000.0,48615000.0,47991000.0,41421000.0,39301000.0
20190326,-13297220.0,16208530.0,8821470.0,23209690.0,17299520.0,21476760.0,24487260.0,9785610.0,20072330.0,80873000.0,43650000.0,115324000.0,85649000.0,105954000.0,121109000.0,47029000.0,98772000.0
20190327,-1499560.0,10171340.0,8572910.0,16613930.0,16712810.0,13254580.0,15662300.0,4625590.0,3717430.0,51342000.0,43143000.0,83693000.0,84229000.0,66567000.0,78850000.0,23340000.0,18719000.0
20190408,328090.0,0.0,180930.0,0.0,147150.0,0.0,0.0,997990.0,669900.0,0.0,810000.0,0.0,659000.0,0.0,0.0,4469000.0,3000000.0
20190409,956350.0,2210.0,420260.0,0.0,538300.0,0.0,682030.0,1761180.0,122800.0,9000.0,1711000.0,0.0,2192000.0,0.0,2777000.0,7171000.0,500000.0
20190410,1876460.0,0.0,869690.0,0.0,1006770.0,97190.0,1715500.0,3494770.0,0.0,0.0,3219000.0,0.0,3726000.0,360000.0,6349000.0,12934000.0,0.0
20190411,3427870.0,0.0,1505440.0,0.0,1922420.0,28830.0,2584450.0,8405670.0,2422180.0,0.0,5065000.0,0.0,6468000.0,97000.0,8696000.0,28283000.0,8150000.0
20190412,-49834190.0,64681430.0,29830980.0,85285730.0,70301990.0,85672030.0,100477260.0,100462950.0,135491910.0,227108000.0,104703000.0,298466000.0,246395000.0,299382000.0,351384000.0,344962000.0,467436000.0
20190415,-15302390.0,37073800.0,28155150.0,54020860.0,47637120.0,51015700.0,51331640.0,23615540.0,38601990.0,137016000.0,103869000.0,199296000.0,175993000.0,187929000.0,189577000.0,87672000.0,142473000.0
20190416,-17797840.0,31117900.0,19094590.0,40222320.0,34447790.0,39169200.0,41150770.0,14229600.0,30045870.0,119187000.0,72868000.0,154019000.0,131579000.0,149914000.0,157438000.0,54253000.0,115488000.0
20190417,-8194650.0,23119960.0,21019950.0,41292600.0,35197960.0,40330890.0,44381200.0,11981080.0,16125420.0,86804000.0,78678000.0,154760000.0,131901000.0,151058000.0,166288000.0,44867000.0,60621000.0
20190418,31387040.0,29075120.0,42041210.0,50526100.0,68947050.0,59187690.0,75584250.0,114403830.0,66620230.0,102183000.0,146207000.0,177439000.0,239759000.0,207662000.0,263128000.0,391331000.0,229521000.0
20190419,-41378920.0,64922370.0,43886030.0,92098330.0,71755740.0,91372620.0,89652400.0,38714240.0,81813380.0,217110000.0,146007000.0,307002000.0,239639000.0,304136000.0,299414000.0,129360000.0,272548000.0
20190422,-24797560.0,51539010.0,32634140.0,65592080.0,59699400.0,60671450.0,64212950.0,15803460.0,37059520.0,169669000.0,107198000.0,215584000.0,196147000.0,199551000.0,211095000.0,51819000.0,122182000.0
20190423,-38464780.0,52242500.0,22650890.0,56050280.0,47177120.0,47767500.0,58349060.0,18004190.0,45887410.0,187647000.0,80793000.0,200917000.0,168299000.0,170783000.0,208481000.0,65116000.0,166890000.0
20190424,-16534730.0,36599720.0,22863550.0,43562550.0,40764000.0,47178310.0,48791640.0,17939000.0,32860400.0,143189000.0,89347000.0,170505000.0,159265000.0,184643000.0,190829000.0,70329000.0,129224000.0
20190425,-8716020.0,26103810.0,19714040.0,36394570.0,34068310.0,31455520.0,33573040.0,6262000.0,12860500.0,102747000.0,77382000.0,142979000.0,133967000.0,123619000.0,132118000.0,24653000.0,50530000.0
20190426,-5870160.0,24000760.0,16259230.0,30403750.0,32275130.0,29246380.0,33204020.0,7656950.0,9569470.0,98875000.0,66843000.0,125186000.0,132859000.0,120420000.0,136708000.0,31486000.0,39557000.0
20190429,-10511710.0,20617260.0,14153360.0,31373440.0,27325640.0,29687080.0,31504090.0,4916350.0,13611050.0,87436000.0,59833000.0,132902000.0,115702000.0,125998000.0,133803000.0,20759000.0,57756000.0
20190430,-7239880.0,17621820.0,13878960.0,26419760.0,22922740.0,22681880.0,23257080.0,5150810.0,11815490.0,75376000.0,59199000.0,112832000.0,97813000.0,96819000.0,99340000.0,21970000.0,50644000.0
20190506,-9290980.0,17349680.0,8957400.0,22327120.0,21428420.0,20986410.0,24878740.0,6329290.0,11727940.0,80800000.0,41594000.0,103841000.0,99556000.0,97690000.0,115750000.0,29582000.0,55014000.0
20190507,-1153110.0,14824760.0,13282390.0,24596490.0,24985750.0,24354930.0,25039200.0,9092700.0,9561540.0,71325000.0,63735000.0,118349000.0,120186000.0,117363000.0,120460000.0,43878000.0,46535000.0
20190508,152600.0,16218940.0,15808550.0,26820070.0,27383070.0,27092730.0,25101140.0,5382880.0,7221870.0,78122000.0,75727000.0,128774000.0,131500000.0,129854000.0,120460000.0,25813000.0,34877000.0
20190509,-5894720.0,14993360.0,9696270.0,21400770.0,20803140.0,16452980.0,20011410.0,4661840.0,6998130.0,71452000.0,46031000.0,101783000.0,98907000.0,78200000.0,95330000.0,22183000.0,33350000.0
20190510,4181220.0,15710560.0,17747640.0,27155710.0,29299860.0,28294910.0,26000310.0,9399970.0,7513350.0,74805000.0,83844000.0,129026000.0,139050000.0,134156000.0,123661000.0,44350000.0,35781000.0
20190513,-6828620.0,14415420.0,8241690.0,17980620.0,17325730.0,12951860.0,16450070.0,5099220.0,8429630.0,68678000.0,39212000.0,85591000.0,82419000.0,61598000.0,78266000.0,24091000.0,40062000.0
20190514,-833800.0,10452370.0,9510700.0,16727800.0,16835680.0,16262160.0,15929530.0,2987080.0,4153510.0,50265000.0,45625000.0,80327000.0,80865000.0,78049000.0,76509000.0,14401000.0,20043000.0
20190515,2944140.0,9123230.0,9402030.0,13624820.0,16290160.0,14423170.0,14365480.0,9813980.0,6927530.0,43610000.0,44849000.0,65080000.0,77752000.0,68810000.0,68560000.0,46829000.0,33169000.0
20190516,-2527910.0,11935680.0,10759170.0,19910170.0,18558770.0,17134270.0,17432930.0,3405410.0,5634660.0,56166000.0,50564000.0,93539000.0,87265000.0,80448000.0,81950000.0,15981000.0,26355000.0
20190517,-8543510.0,16862810.0,7801410.0,17248500.0,17766400.0,12010620.0,17786820.0,5146100.0,7913410.0,82259000.0,38019000.0,84138000.0,86558000.0,58676000.0,86912000.0,25271000.0,38855000.0
20190520,-3416920.0,10998100.0,8710990.0,16514670.0,15384860.0,11918600.0,13892150.0,3496500.0,4939870.0,55614000.0,43941000.0,83495000.0,77735000.0,60279000.0,70126000.0,17516000.0,25101000.0
20190521,873090.0,9287260.0,9810670.0,14833850.0,15183530.0,13786490.0,14016540.0,3281840.0,2178700.0,45752000.0,48222000.0,72966000.0,74656000.0,67658000.0,68917000.0,16168000.0,10749000.0
20190522,-4015050.0,10652040.0,6828630.0,12627160.0,12435510.0,7221410.0,10866620.0,3964790.0,4334630.0,53137000.0,34022000.0,62867000.0,61940000.0,35929000.0,54124000.0,19676000.0,21523000.0
20190523,953530.0,10672610.0,11519990.0,17402980.0,17509130.0,16155430.0,16047850.0,9224740.0,8378790.0,52347000.0,56342000.0,85138000.0,85682000.0,78833000.0,78344000.0,45132000.0,41083000.0
20190524,-1871730.0,10587280.0,7408950.0,12141800.0,13448410.0,7106830.0,8810930.0,1130110.0,1297740.0,53929000.0,37705000.0,61847000.0,68509000.0,36223000.0,44884000.0,5736000.0,6637000.0
20190527,3205780.0,6376320.0,8224280.0,9815080.0,11172900.0,8977900.0,7883860.0,6646570.0,4534830.0,32117000.0,41267000.0,49312000.0,56073000.0,44915000.0,39491000.0,33391000.0,22904000.0
20190528,19540.0,6400770.0,6359160.0,9992560.0,10053710.0,10478020.0,10296210.0,2932590.0,3094860.0,31747000.0,31472000.0,49491000.0,49797000.0,51858000.0,50949000.0,14512000.0,15390000.0
20190529,-3658200.0,6019670.0,4488070.0,10026780.0,7900180.0,5718360.0,8534580.0,1442920.0,2284900.0,29912000.0,22274000.0,49801000.0,39222000.0,28385000.0,42390000.0,7138000.0,11350000.0
20190530,-2971240.0,8510240.0,4612040.0,9058870.0,9985830.0,5275280.0,7221160.0,1313870.0,2339230.0,43519000.0,23566000.0,46321000.0,51051000.0,26996000.0,36945000.0,6724000.0,11998000.0
20190531,-1682520.0,7002160.0,5250490.0,6992700.0,7061840.0,3290860.0,5075460.0,2332450.0,2230370.0,35727000.0,26756000.0,35668000.0,36001000.0,16765000.0,25904000.0,11913000.0,11411000.0
20190603,-522720.0,7224750.0,6442910.0,8745340.0,9004460.0,4255660.0,4306730.0,1914950.0,2386600.0,36967000.0,32893000.0,44678000.0,46004000.0,21676000.0,21995000.0,9862000.0,12291000.0
20190604,-9849390.0,16639340.0,8230510.0,18494520.0,17053950.0,11488350.0,15837360.0,2398330.0,7898710.0,91709000.0,45430000.0,102059000.0,94170000.0,63560000.0,87318000.0,13246000.0,43656000.0
20190605,-2418090.0,8695370.0,5819760.0,9212920.0,9670440.0,4319740.0,5782090.0,3365160.0,4320900.0,48779000.0,32608000.0,51620000.0,54159000.0,24183000.0,32451000.0,18988000.0,24352000.0
20190606,-2994280.0,9272850.0,6648040.0,10424390.0,10054910.0,5522690.0,7371650.0,1496550.0,2641870.0,53505000.0,38296000.0,60213000.0,58055000.0,31938000.0,42633000.0,8654000.0,15325000.0
20190610,-935730.0,5443980.0,4939150.0,6612320.0,6181420.0,3626870.0,4209400.0,1588260.0,1941460.0,31641000.0,28678000.0,38424000.0,35910000.0,21056000.0,24471000.0,9251000.0,11314000.0
20190611,6684670.0,7561830.0,11777640.0,13051010.0,15519880.0,12657390.0,8517370.0,4635840.0,2091190.0,42424000.0,65806000.0,73158000.0,86839000.0,70591000.0,47544000.0,25577000.0,11561000.0
20190612,772960.0,8867830.0,8426440.0,11727190.0,12941540.0,10988390.0,11177070.0,3631980.0,2670340.0,47654000.0,45272000.0,62985000.0,69567000.0,58980000.0,60011000.0,19565000.0,14334000.0
20190613,-2349860.0,6064480.0,4466360.0,7921640.0,7169890.0,2788500.0,4803230.0,697390.0,1032520.0,33035000.0,24305000.0,43126000.0,39037000.0,15172000.0,26165000.0,3813000.0,5639000.0
20190614,8008210.0,18299320.0,21260260.0,27259610.0,32306880.0,25281910.0,28733520.0,22979440.0,11519620.0,91653000.0,106523000.0,136684000.0,161629000.0,126230000.0,143459000.0,114217000.0,57173000.0
20190617,-12130980.0,16181890.0,8238350.0,19374820.0,15187370.0,11296580.0,17867820.0,5120190.0,10679930.0,84155000.0,42803000.0,100709000.0,78905000.0,58662000.0,92825000.0,26641000.0,55633000.0
20190618,-1513530.0,7715750.0,6073170.0,9030900.0,9159950.0,4753300.0,5637920.0,2425930.0,3054840.0,40476000.0,31834000.0,47339000.0,48007000.0,24930000.0,29591000.0,12764000.0,16077000.0
20190619,-1795480.0,7608080.0,6523930.0,11482830.0,10771500.0,9277140.0,7536910.0,2705700.0,6241410.0,39453000.0,33788000.0,59521000.0,55792000.0,48069000.0,39073000.0,14005000.0,32395000.0
20190620,3109830.0,10903350.0,13268140.0,17099630.0,17844670.0,15307160.0,13890390.0,5389430.0,3696370.0,55995000.0,67843000.0,87553000.0,91450000.0,78384000.0,71061000.0,27473000.0,19050000.0
20190621,3471140.0,12368180.0,15295960.0,21567150.0,22110500.0,21281360.0,20200100.0,10744300.0,8354420.0,60659000.0,74826000.0,105624000.0,108262000.0,103841000.0,98672000.0,52455000.0,40818000.0
20190624,-4097390.0,9621010.0,7246270.0,14511500.0,12788860.0,10473040.0,13816970.0,2426480.0,3179940.0,46655000.0,35110000.0,70362000.0,61983000.0,50753000.0,66998000.0,11744000.0,15424000.0
20190625,-223830.0,13195580.0,12740420.0,21279250.0,21510580.0,20252050.0,21213330.0,4405610.0,3668160.0,63157000.0,60868000.0,101684000.0,102849000.0,96680000.0,101293000.0,20950000.0,17462000.0
20190626,9166700.0,13689240.0,19358730.0,24268060.0,27765270.0,27069210.0,25378030.0,21015180.0,13539660.0,63519000.0,88984000.0,112438000.0,127833000.0,124977000.0,116861000.0,94144000.0,61400000.0
20190627,-9751220.0,37722080.0,26634520.0,52552700.0,53889050.0,48391890.0,54425100.0,20671640.0,24389650.0,159350000.0,112254000.0,222039000.0,226658000.0,203748000.0,229491000.0,86509000.0,103243000.0
20190628,-2242120.0,21813760.0,20087990.0,34244910.0,33728570.0,29951440.0,29066970.0,5980260.0,9106850.0,92906000.0,85446000.0,145717000.0,143574000.0,127387000.0,123822000.0,25424000.0,38593000.0
20190701,-2654840.0,21475670.0,18892870.0,33001660.0,32929630.0,29536560.0,30653370.0,5377100.0,6915130.0,88906000.0,78123000.0,136513000.0,136150000.0,122163000.0,126913000.0,22255000.0,28651000.0
20190702,-17741270.0,46324090.0,34096640.0,61755010.0,56241180.0,54210200.0,61748620.0,22901150.0,33104000.0,179609000.0,132058000.0,239325000.0,218099000.0,210044000.0,239225000.0,88309000.0,127906000.0
20190703,-6923310.0,43073980.0,39133830.0,61401140.0,58417990.0,52112420.0,53150000.0,16625650.0,22511380.0,161576000.0,146638000.0,230140000.0,218953000.0,195564000.0,199904000.0,61764000.0,83549000.0
20190704,-19853780.0,65245850.0,48221060.0,80638320.0,77809330.0,70417510.0,83166390.0,20559140.0,27664040.0,232613000.0,170707000.0,286078000.0,276527000.0,249400000.0,295149000.0,72857000.0,98566000.0
20190705,-13286030.0,41574550.0,27406090.0,47536730.0,48419170.0,41716490.0,49900290.0,18106210.0,23208440.0,161809000.0,106535000.0,184893000.0,188417000.0,162290000.0,194241000.0,70475000.0,90274000.0
20190708,-8434610.0,34320110.0,24738550.0,42443030.0,43589980.0,39188100.0,45531490.0,8513540.0,10604760.0,142042000.0,102009000.0,175534000.0,180126000.0,161690000.0,188090000.0,34923000.0,43965000.0
20190709,-2128230.0,16321990.0,13339920.0,21665210.0,22519050.0,18280020.0,19622130.0,1882220.0,2668340.0,67238000.0,54849000.0,89143000.0,92645000.0,75197000.0,80788000.0,7726000.0,11021000.0
20190710,-3307180.0,14739310.0,11622500.0,20805330.0,20614950.0,17695830.0,19752880.0,1201040.0,2451170.0,61184000.0,48053000.0,86272000.0,85414000.0,73231000.0,81955000.0,4966000.0,10230000.0
20190711,-3677390.0,14558730.0,10824360.0,18827820.0,18884780.0,15065330.0,17030370.0,854070.0,2566420.0,61114000.0,45346000.0,78988000.0,79183000.0,63156000.0,71532000.0,3589000.0,10785000.0
20190712,-2623760.0,11989380.0,9505280.0,15948670.0,15809000.0,12851870.0,14475640.0,1029460.0,2029450.0,51401000.0,40677000.0,68320000.0,67704000.0,55030000.0,62061000.0,4417000.0,8726000.0
20190715,2697950.0,22318530.0,26228090.0,35775800.0,34564190.0,34645080.0,31570540.0,5483430.0,5860020.0,91679000.0,107540000.0,146906000.0,141974000.0,142256000.0,129728000.0,22408000.0,24008000.0
20190716,-1220020.0,16451820.0,15282300.0,22995330.0,22944820.0,19150360.0,21259100.0,3934160.0,3045440.0,65549000.0,60808000.0,91548000.0,91338000.0,76149000.0,84593000.0,15638000.0,12144000.0
20190717,-3042890.0,17491530.0,14282400.0,21441500.0,21607750.0,18630000.0,21010320.0,3113940.0,3776510.0,68975000.0,56229000.0,84497000.0,85162000.0,73379000.0,82826000.0,12189000.0,14823000.0
20190718,-4493170.0,16364650.0,11770010.0,19622160.0,19723630.0,14814000.0,18143400.0,1349860.0,2513630.0,66681000.0,47854000.0,79845000.0,80280000.0,60231000.0,73836000.0,5467000.0,10254000.0
20190719,-1105510.0,10260730.0,8721970.0,12480780.0,12914030.0,11488890.0,11481990.0,643950.0,1756360.0,41832000.0,35504000.0,50848000.0,52603000.0,46796000.0,46828000.0,2627000.0,7168000.0
20190722,-9294540.0,18312670.0,8252380.0,18341410.0,19107150.0,15764600.0,22908330.0,2842520.0,4993330.0,78665000.0,35388000.0,78771000.0,82021000.0,67784000.0,98382000.0,12156000.0,21584000.0
20190723,-3017090.0,8361350.0,7246250.0,13341550.0,11439540.0,9585470.0,10502110.0,1650920.0,3751370.0,36147000.0,31284000.0,57629000.0,49418000.0,41372000.0,45347000.0,7133000.0,16232000.0
20190724,1908080.0,11235450.0,11978910.0,15793830.0,16958450.0,14765970.0,14829780.0,3023600.0,1051710.0,47178000.0,50257000.0,66265000.0,71176000.0,61878000.0,62161000.0,12681000.0,4408000.0
20190725,136860.0,10166630.0,8776170.0,12045270.0,13572590.0,8671160.0,9881590.0,2586550.0,1239260.0,42929000.0,36947000.0,50770000.0,57189000.0,36498000.0,41694000.0,10850000.0,5217000.0
20190726,2923940.0,7977320.0,10836150.0,12477440.0,12542550.0,10845250.0,9146540.0,2208960.0,983730.0,33454000.0,45324000.0,52243000.0,52503000.0,45338000.0,38301000.0,9224000.0,4132000.0
20190729,585980.0,12319950.0,12682500.0,16653630.0,16877040.0,13910060.0,15008160.0,2943200.0,1259120.0,50107000.0,51543000.0,67716000.0,68622000.0,56548000.0,61043000.0,11963000.0,5125000.0
20190730,1223630.0,11197050.0,9171530.0,13790360.0,17039520.0,12138590.0,11734790.0,2711810.0,1891980.0,45381000.0,37142000.0,55866000.0,69022000.0,49163000.0,47538000.0,10974000.0,7681000.0
20190731,5870260.0,15000970.0,18185290.0,22733560.0,25419490.0,24382710.0,21161980.0,7149360.0,4499830.0,61056000.0,73569000.0,92235000.0,103090000.0,98610000.0,85784000.0,28788000.0,18245000.0
20190801,-5411900.0,15094540.0,10058490.0,16983470.0,16607610.0,13043160.0,15721420.0,2241650.0,4975290.0,61311000.0,40732000.0,68923000.0,67374000.0,52804000.0,63807000.0,9057000.0,20182000.0
20190802,-7349370.0,16785190.0,9186460.0,17677280.0,17926650.0,14343990.0,18737680.0,2322380.0,5278060.0,72196000.0,39440000.0,75998000.0,76986000.0,61595000.0,80572000.0,9989000.0,22780000.0
20190805,-7028730.0,13190830.0,7711530.0,15892620.0,14343200.0,10923160.0,13673070.0,2840670.0,7119490.0,56786000.0,33064000.0,68276000.0,61582000.0,46884000.0,58751000.0,12129000.0,30677000.0
20190806,-7683650.0,17896360.0,11914030.0,24494430.0,22793110.0,20419710.0,22607700.0,2654720.0,8150380.0,82078000.0,54429000.0,112127000.0,104362000.0,93498000.0,103626000.0,12191000.0,37477000.0
20190807,-2563450.0,9247500.0,5984170.0,11032860.0,11732740.0,7421240.0,9725350.0,1030860.0,1290200.0,41911000.0,27091000.0,49976000.0,53145000.0,33616000.0,44107000.0,4680000.0,5839000.0
20190815,-2332710.0,7402880.0,6314080.0,11642630.0,10398730.0,12497390.0,12989600.0,6416290.0,8256790.0,30918000.0,26373000.0,48623000.0,43444000.0,52208000.0,54250000.0,26773000.0,34455000.0
20190816,-16142350.0,35765990.0,21317970.0,39970140.0,38275820.0,34533510.0,43934710.0,8904180.0,15645330.0,146123000.0,86927000.0,163155000.0,156254000.0,140699000.0,179064000.0,36171000.0,63903000.0
20190819,-662280.0,16324160.0,14944690.0,21732330.0,22449510.0,18514600.0,17608280.0,3050030.0,4618630.0,69131000.0,63188000.0,91922000.0,94950000.0,78291000.0,74480000.0,12842000.0,19568000.0
20190820,-2268710.0,18320320.0,17262980.0,26056450.0,24845100.0,23382530.0,25119420.0,4581240.0,5113060.0,76579000.0,71976000.0,108794000.0,103764000.0,97398000.0,104731000.0,19082000.0,21382000.0
20190821,-1884430.0,10879370.0,7800780.0,12517420.0,13711570.0,8833900.0,10777560.0,1706560.0,1647330.0,45539000.0,32625000.0,52366000.0,57365000.0,36954000.0,45102000.0,7133000.0,6900000.0
20190822,-1250310.0,9552170.0,8510360.0,13446390.0,13237890.0,10063310.0,11838950.0,1016580.0,491250.0,39977000.0,35578000.0,56227000.0,55370000.0,42076000.0,49513000.0,4239000.0,2058000.0
20190823,-6666640.0,17997050.0,9705170.0,17428020.0,19053260.0,12684570.0,18735320.0,1630620.0,2246510.0,77685000.0,41915000.0,75232000.0,82248000.0,54764000.0,80885000.0,7048000.0,9682000.0
20190826,-1009660.0,9835310.0,7648430.0,12328630.0,13505840.0,10026450.0,10118890.0,854130.0,1771350.0,43671000.0,33894000.0,54694000.0,59915000.0,44451000.0,44949000.0,3810000.0,7868000.0
20190827,-643150.0,8192580.0,7256640.0,11091890.0,11384680.0,7648010.0,8213920.0,929190.0,1006430.0,35829000.0,31710000.0,48487000.0,49762000.0,33412000.0,35911000.0,4055000.0,4401000.0
20190828,-2068110.0,12564830.0,11838030.0,17000280.0,15658980.0,12217870.0,13169600.0,2102680.0,3219060.0,54113000.0,50891000.0,73144000.0,67368000.0,52433000.0,56621000.0,9007000.0,13818000.0
20190829,-368520.0,8459900.0,6681770.0,9670020.0,11079610.0,7035850.0,8675690.0,1703410.0,432090.0,36732000.0,28982000.0,41952000.0,48062000.0,30531000.0,37667000.0,7371000.0,1876000.0
20190830,4294790.0,21755600.0,27587750.0,38616740.0,37079370.0,32219810.0,28202920.0,9412420.0,9134520.0,91437000.0,115996000.0,162474000.0,155997000.0,135349000.0,118460000.0,39422000.0,38228000.0
20190902,-2966490.0,25206940.0,22850400.0,37548230.0,36938280.0,31592300.0,33212710.0,6274830.0,7620910.0,101433000.0,91854000.0,151127000.0,148614000.0,127009000.0,133470000.0,25119000.0,30749000.0
20190903,-1310810.0,19024640.0,16789140.0,24912090.0,25836780.0,20400520.0,22138680.0,3714090.0,3286740.0,77255000.0,68051000.0,101025000.0,104812000.0,82654000.0,89708000.0,14942000.0,13306000.0
20190904,-3563090.0,15926340.0,11422820.0,17630900.0,18571330.0,11972740.0,15167190.0,2366350.0,2734990.0,65177000.0,46717000.0,72106000.0,75909000.0,48975000.0,62076000.0,9669000.0,11225000.0
20190905,6388790.0,18019600.0,21711810.0,26534980.0,29231560.0,28292350.0,24640460.0,7975760.0,5238860.0,72596000.0,87320000.0,106806000.0,117683000.0,113808000.0,99055000.0,31995000.0,21147000.0
20190906,-5959080.0,14228810.0,9038970.0,16712620.0,15943390.0,11741300.0,15195670.0,1385050.0,3889760.0,57642000.0,36581000.0,67673000.0,64531000.0,47512000.0,61563000.0,5608000.0,15760000.0
20190909,280190.0,8547650.0,8613970.0,13800740.0,14014600.0,11195950.0,12125950.0,4305840.0,3095650.0,34592000.0,34833000.0,55835000.0,56681000.0,45283000.0,49065000.0,17396000.0,12527000.0
20190910,-1497880.0,16492850.0,15089540.0,23163340.0,23068760.0,19670750.0,21480260.0,7170750.0,6859120.0,65534000.0,59861000.0,91950000.0,91573000.0,78020000.0,85240000.0,28475000.0,27304000.0
20190911,-4626130.0,13632770.0,8211360.0,14315110.0,15110380.0,10980940.0,13072900.0,2041520.0,4575690.0,55432000.0,33371000.0,58183000.0,61433000.0,44629000.0,53162000.0,8314000.0,18592000.0
20190912,-959420.0,7230100.0,6181560.0,9525520.0,9614650.0,7107970.0,8014200.0,1108610.0,1161800.0,29643000.0,25309000.0,39026000.0,39384000.0,29109000.0,32849000.0,4536000.0,4770000.0
20190916,-2175100.0,7996990.0,4835720.0,8473130.0,9459300.0,5421780.0,7699150.0,1805290.0,1703020.0,32795000.0,19825000.0,34734000.0,38791000.0,22245000.0,31572000.0,7404000.0,6990000.0
20190917,-4346690.0,22596540.0,19828940.0,31010850.0,29431760.0,23402230.0,27655110.0,7400750.0,7494560.0,90550000.0,79341000.0,124104000.0,117849000.0,93621000.0,110713000.0,29602000.0,29973000.0
20190918,-1872310.0,11809670.0,8182340.0,13083810.0,14838820.0,10591420.0,11501590.0,1519830.0,2481970.0,48618000.0,33666000.0,53858000.0,61086000.0,43592000.0,47349000.0,6258000.0,10225000.0
20190919,-2078720.0,9394840.0,7342690.0,12215040.0,12188460.0,8764690.0,9646750.0,148650.0,1345310.0,38943000.0,30371000.0,50573000.0,50461000.0,36242000.0,39963000.0,611000.0,5574000.0
20190920,7452270.0,9031590.0,13825890.0,14496640.0,17154610.0,17127850.0,12608800.0,5606810.0,2673590.0,36874000.0,56149000.0,59029000.0,69811000.0,69673000.0,51344000.0,22605000.0,10877000.0
20190923,477240.0,14449640.0,16069640.0,23136900.0,21994140.0,23366550.0,25756270.0,10326260.0,7459300.0,57702000.0,64068000.0,92315000.0,87717000.0,93230000.0,102704000.0,41048000.0,29807000.0
20190924,-5503360.0,13072000.0,7761720.0,15194600.0,15001510.0,11536010.0,13081520.0,1645240.0,5603090.0,52526000.0,31155000.0,61025000.0,60244000.0,46312000.0,52545000.0,6605000.0,22525000.0
20190925,-2668570.0,14811270.0,13147830.0,21648630.0,20643500.0,17643770.0,17238920.0,5476900.0,8550320.0,59569000.0,52707000.0,86888000.0,82851000.0,70732000.0,69267000.0,21939000.0,34303000.0
20190926,-13659830.0,23089410.0,11218290.0,27056330.0,25267620.0,19144890.0,27268230.0,2405830.0,7942320.0,101511000.0,49382000.0,119049000.0,111236000.0,84292000.0,119947000.0,10582000.0,34869000.0
20190927,-789850.0,7589850.0,5937720.0,9280880.0,10143150.0,7496570.0,8242460.0,1194080.0,1238040.0,34109000.0,26669000.0,41679000.0,45556000.0,33659000.0,37014000.0,5344000.0,5552000.0
20190930,-1999500.0,6169910.0,4369860.0,7643050.0,7443590.0,5196870.0,5812020.0,323130.0,1707480.0,27716000.0,19577000.0,34285000.0,33375000.0,23288000.0,26108000.0,1445000.0,7673000.0
20191008,-1540020.0,6578040.0,4579770.0,7608890.0,8067150.0,5838100.0,7222660.0,1482270.0,1637730.0,30419000.0,21169000.0,35184000.0,37315000.0,27012000.0,33415000.0,6866000.0,7583000.0
20191009,-1400830.0,5165950.0,3852810.0,6258280.0,6170590.0,4258770.0,4840350.0,106550.0,925800.0,24255000.0,18049000.0,29342000.0,28941000.0,19978000.0,22729000.0,500000.0,4356000.0
20191010,931900.0,4112140.0,5057450.0,6266730.0,6253310.0,3741330.0,3017520.0,1103820.0,895730.0,18880000.0,23204000.0,28759000.0,28690000.0,17163000.0,13848000.0,5046000.0,4107000.0
20191011,-1332540.0,5547850.0,3741350.0,6181000.0,6654960.0,3606410.0,5123070.0,1162860.0,978740.0,25629000.0,17241000.0,28530000.0,30716000.0,16655000.0,23679000.0,5373000.0,4552000.0
20191014,3469760.0,6113750.0,9356960.0,11849890.0,12076430.0,10850550.0,7879560.0,1869510.0,1370740.0,27615000.0,42201000.0,53509000.0,54520000.0,48989000.0,35607000.0,8448000.0,6232000.0
20191015,-514630.0,4382900.0,3505070.0,5407130.0,5770330.0,4148750.0,4154510.0,443700.0,952570.0,19864000.0,15884000.0,24505000.0,26138000.0,18805000.0,18836000.0,2000000.0,4316000.0
20191016,-2499590.0,4863410.0,3053990.0,6226340.0,5536170.0,2341990.0,4300440.0,572900.0,1114040.0,22283000.0,13974000.0,28509000.0,25352000.0,10721000.0,19706000.0,2637000.0,5118000.0
20191017,-1464420.0,4458060.0,2644470.0,4997410.0,5346580.0,2902900.0,3648480.0,210700.0,929540.0,20631000.0,12208000.0,23098000.0,24721000.0,13395000.0,16875000.0,980000.0,4300000.0
20191018,-2629410.0,6697520.0,3623750.0,6714000.0,7158360.0,3901410.0,6877950.0,1026110.0,678980.0,31699000.0,17135000.0,31780000.0,33893000.0,18498000.0,32557000.0,4824000.0,3216000.0
20191021,-220230.0,4974860.0,4725890.0,8677020.0,8705750.0,5201760.0,5605070.0,679210.0,496130.0,23788000.0,22457000.0,41401000.0,41514000.0,24707000.0,26762000.0,3211000.0,2373000.0
20191022,-614190.0,2882340.0,2292160.0,4085080.0,4061080.0,2354950.0,2249800.0,0.0,719340.0,13624000.0,10821000.0,19301000.0,19177000.0,11120000.0,10636000.0,0.0,3411000.0
20191023,-738670.0,3260360.0,2219270.0,4193960.0,4496380.0,2707320.0,3176870.0,374280.0,643400.0,15472000.0,10524000.0,19905000.0,21331000.0,12842000.0,15069000.0,1760000.0,3054000.0
20191024,6440050.0,6887590.0,11148380.0,13646530.0,15825780.0,17117740.0,11465260.0,2644880.0,1857310.0,31788000.0,51315000.0,62907000.0,72965000.0,78931000.0,52952000.0,12144000.0,8540000.0
20191025,-3782240.0,8748780.0,6597330.0,12519130.0,10888350.0,11371450.0,14678390.0,1188880.0,1664180.0,39454000.0,29732000.0,56416000.0,49090000.0,51260000.0,66208000.0,5361000.0,7461000.0
20191028,-7122010.0,11173450.0,7050920.0,15271990.0,12272520.0,12703410.0,15722770.0,1612280.0,5714930.0,49700000.0,31305000.0,67892000.0,54515000.0,56507000.0,69891000.0,7140000.0,25528000.0
20191029,-5085160.0,9172800.0,4800800.0,10359790.0,9646620.0,6085780.0,10009940.0,1260750.0,2421750.0,42222000.0,22057000.0,47665000.0,44350000.0,28004000.0,46117000.0,5805000.0,11172000.0
20191030,-2386070.0,6771340.0,4465450.0,8461500.0,8381330.0,5053230.0,6636940.0,118500.0,920860.0,32158000.0,21135000.0,40142000.0,39725000.0,23947000.0,31549000.0,564000.0,4402000.0
20191031,-3571430.0,7322030.0,3697760.0,7754320.0,7807160.0,4651420.0,7356450.0,507260.0,1373660.0,35401000.0,17847000.0,37465000.0,37690000.0,22481000.0,35610000.0,2462000.0,6661000.0
20191101,-1044980.0,5529020.0,4062210.0,6945710.0,7367540.0,3794860.0,4789400.0,808970.0,859410.0,27321000.0,19997000.0,34296000.0,36363000.0,18685000.0,23692000.0,4002000.0,4252000.0
20191104,145690.0,3349550.0,2991410.0,4387670.0,4891500.0,2841740.0,3646430.0,1648550.0,698170.0,16394000.0,14632000.0,21460000.0,23928000.0,13897000.0,17836000.0,8065000.0,3420000.0
20191105,796430.0,3500660.0,4349980.0,5572210.0,5519320.0,4539600.0,3822180.0,550090.0,471080.0,16928000.0,21036000.0,26928000.0,26685000.0,21952000.0,18488000.0,2678000.0,2278000.0
20191106,-791870.0,6868230.0,7416870.0,11708880.0,10368360.0,9296970.0,9271580.0,1088230.0,1905490.0,32336000.0,34868000.0,55077000.0,48748000.0,43690000.0,43586000.0,5090000.0,8990000.0
20191107,-1151890.0,4728530.0,3147180.0,5031160.0,5460630.0,2841830.0,3627430.0,710850.0,1077140.0,22840000.0,15192000.0,24289000.0,26356000.0,13724000.0,17521000.0,3419000.0,5204000.0
20191108,-460770.0,2603760.0,2068870.0,3161260.0,3235390.0,1945700.0,2134350.0,290290.0,562410.0,12527000.0,9946000.0,15201000.0,15559000.0,9362000.0,10273000.0,1399000.0,2710000.0
20191111,-2070970.0,4706610.0,2419230.0,4843970.0,5060380.0,2831430.0,4604740.0,522050.0,819710.0,23249000.0,11948000.0,23919000.0,24990000.0,13994000.0,22756000.0,2586000.0,4054000.0
20191112,-657440.0,3010970.0,2203780.0,4027170.0,4176920.0,2482490.0,3243290.0,698160.0,594800.0,14936000.0,10919000.0,19973000.0,20702000.0,12307000.0,16093000.0,3447000.0,2949000.0
20191113,-3269690.0,5979010.0,2635630.0,5611300.0,5684990.0,2844220.0,5750220.0,258010.0,621700.0,30030000.0,13235000.0,28183000.0,28539000.0,14275000.0,28874000.0,1287000.0,3127000.0
20191114,-1007520.0,3552760.0,2682880.0,4184510.0,4046870.0,2141630.0,3109090.0,458570.0,498630.0,17894000.0,13511000.0,21070000.0,20374000.0,10790000.0,15664000.0,2308000.0,2512000.0
20191115,-585070.0,5589450.0,5458610.0,9361470.0,8907230.0,4765200.0,5456160.0,778510.0,672620.0,28399000.0,27592000.0,47436000.0,45119000.0,24047000.0,27663000.0,3921000.0,3430000.0
20191118,-317840.0,3732760.0,3297030.0,4018770.0,4136650.0,1757130.0,1642720.0,0.0,432250.0,18884000.0,16659000.0,20319000.0,20913000.0,8880000.0,8311000.0,0.0,2200000.0
20191119,-385570.0,2884950.0,2974490.0,4414970.0,3939850.0,2191650.0,2332510.0,460780.0,705490.0,14472000.0,14913000.0,22137000.0,19750000.0,10982000.0,11699000.0,2310000.0,3539000.0
20191120,-1607440.0,4178110.0,2597550.0,4615230.0,4588340.0,1540310.0,3211820.0,355680.0,291610.0,21052000.0,13079000.0,23239000.0,23100000.0,7739000.0,16175000.0,1789000.0,1465000.0
20191121,-1517820.0,5571550.0,5541520.0,9857430.0,8369630.0,5721720.0,6915260.0,432780.0,757060.0,27476000.0,27319000.0,48602000.0,41252000.0,28185000.0,34090000.0,2138000.0,3740000.0
20191122,-1656770.0,7349490.0,5476130.0,9348050.0,9564630.0,3830320.0,5675800.0,689120.0,500410.0,37288000.0,27737000.0,47362000.0,48472000.0,19381000.0,28774000.0,3485000.0,2532000.0
20191125,-700090.0,3873840.0,2562160.0,4139300.0,4750900.0,2343390.0,3299220.0,557010.0,301270.0,19865000.0,13121000.0,21214000.0,24339000.0,11992000.0,16914000.0,2857000.0,1554000.0
20191126,-1013430.0,10812750.0,10040200.0,14897530.0,14656650.0,9484980.0,10828840.0,2630010.0,2299580.0,52825000.0,49039000.0,72787000.0,71602000.0,46352000.0,52930000.0,12837000.0,11230000.0
20191127,-1498040.0,8482430.0,6964240.0,11006200.0,11026340.0,6879030.0,8136650.0,2739250.0,2979670.0,41296000.0,33863000.0,53553000.0,53606000.0,33442000.0,39573000.0,13281000.0,14531000.0
20191128,900270.0,4077020.0,3653150.0,4995380.0,6319520.0,2754270.0,3114830.0,2734990.0,1474160.0,20260000.0,18138000.0,24817000.0,31389000.0,13687000.0,15482000.0,13570000.0,7324000.0
20191129,-148570.0,2894030.0,2470840.0,3606080.0,3880690.0,1983670.0,2167330.0,360110.0,325020.0,14381000.0,12271000.0,17916000.0,19274000.0,9848000.0,10775000.0,1792000.0,1617000.0
20191202,-801970.0,4166810.0,2888810.0,4016770.0,4492790.0,1806030.0,2679590.0,668700.0,597110.0,20856000.0,14451000.0,20090000.0,22479000.0,9032000.0,13407000.0,3344000.0,2985000.0
20191203,-406450.0,4148540.0,3285160.0,4784300.0,5241240.0,1842160.0,2383470.0,134860.0,0.0,20958000.0,16565000.0,24139000.0,26453000.0,9292000.0,12048000.0,677000.0,0.0
20191204,236830.0,3890000.0,3491390.0,3825670.0,4461110.0,2520060.0,2561080.0,525210.0,247360.0,19478000.0,17459000.0,19128000.0,22315000.0,12603000.0,12815000.0,2619000.0,1240000.0
20191205,-856620.0,3979030.0,3155930.0,4590200.0,4556690.0,2401250.0,2750640.0,330930.0,838160.0,19714000.0,15627000.0,22729000.0,22568000.0,11889000.0,13630000.0,1638000.0,4145000.0
20191206,2304300.0,5874060.0,7458750.0,9497970.0,10217570.0,5826710.0,6971650.0,4083140.0,633900.0,28634000.0,36293000.0,46302000.0,49774000.0,28359000.0,33926000.0,19789000.0,3090000.0
20191209,-2732690.0,5701180.0,3701130.0,6822900.0,6090250.0,2883310.0,4036130.0,412710.0,1992580.0,27623000.0,17930000.0,33074000.0,29510000.0,13968000.0,19574000.0,1995000.0,9647000.0
20191210,-3092160.0,4875590.0,3941230.0,7957070.0,5799270.0,2303730.0,4083050.0,102470.0,1415310.0,23627000.0,19091000.0,38574000.0,28101000.0,11154000.0,19809000.0,495000.0,6849000.0
20191211,-4521520.0,8289190.0,6772210.0,10861710.0,7857170.0,8337940.0,6235760.0,3167920.0,9791620.0,39694000.0,32340000.0,51967000.0,37548000.0,39829000.0,29782000.0,15139000.0,46959000.0
20191212,-37660.0,10183810.0,11710630.0,16470140.0,14905650.0,11086270.0,11112740.0,2763170.0,2774360.0,47161000.0,54224000.0,76199000.0,69037000.0,51315000.0,51400000.0,12735000.0,12749000.0
20191213,-3581830.0,11009080.0,7255620.0,14506070.0,14677700.0,6717400.0,9649130.0,1198830.0,1848930.0,50530000.0,33286000.0,66594000.0,67380000.0,30818000.0,44282000.0,5489000.0,8483000.0
20191216,3824910.0,9815010.0,12437920.0,14572370.0,15774360.0,13436870.0,12636890.0,4775880.0,1750950.0,43578000.0,55269000.0,64736000.0,70127000.0,59685000.0,56110000.0,21251000.0,7745000.0
20191217,-772680.0,11206880.0,9939350.0,15052360.0,15547210.0,13887560.0,13499910.0,3677380.0,4837710.0,49411000.0,43763000.0,66318000.0,68462000.0,61132000.0,59470000.0,16160000.0,21327000.0
20191218,-6893740.0,15995150.0,8962680.0,16405430.0,16544160.0,13024710.0,17329360.0,6166150.0,8755240.0,70191000.0,39333000.0,71861000.0,72580000.0,57032000.0,76025000.0,27052000.0,38199000.0
20191219,-4577080.0,11411730.0,7556340.0,12552600.0,11830910.0,6649170.0,10646630.0,2300900.0,2880520.0,52124000.0,34489000.0,57325000.0,54013000.0,30346000.0,48630000.0,10519000.0,13181000.0
20191220,-2505470.0,8190650.0,5619890.0,8030390.0,8095680.0,6236500.0,7841970.0,1701070.0,2601070.0,37735000.0,25858000.0,36988000.0,37270000.0,28726000.0,36139000.0,7835000.0,12018000.0
20191223,-394430.0,6140880.0,5452180.0,7030670.0,7324940.0,4603270.0,4603680.0,1249640.0,1643660.0,28485000.0,25277000.0,32608000.0,33966000.0,21345000.0,21374000.0,5791000.0,7612000.0
20191224,-22110.0,4620750.0,4794710.0,5980860.0,5784780.0,3936440.0,4138200.0,300950.0,121300.0,21431000.0,22231000.0,27727000.0,26826000.0,18230000.0,19171000.0,1400000.0,560000.0
20191225,1120250.0,4639770.0,5600690.0,5893460.0,6052790.0,5284060.0,4760270.0,1270760.0,674300.0,21345000.0,25744000.0,27087000.0,27818000.0,24279000.0,21901000.0,5855000.0,3104000.0
20191226,-1127310.0,4150720.0,2949890.0,4399810.0,4473340.0,2921280.0,3570890.0,812560.0,1290260.0,19107000.0,13570000.0,20254000.0,20582000.0,13442000.0,16454000.0,3744000.0,5941000.0
20191227,-2163130.0,5104270.0,3435560.0,6266840.0,5772420.0,3997690.0,5289610.0,581720.0,1452930.0,23572000.0,15851000.0,28930000.0,26655000.0,18443000.0,24439000.0,2696000.0,6696000.0
20191230,-1605050.0,6186820.0,4002380.0,5977160.0,6556550.0,4307120.0,5363430.0,437210.0,985950.0,29114000.0,18817000.0,28146000.0,30858000.0,20286000.0,25277000.0,2050000.0,4644000.0
20191231,360460.0,4615520.0,4921420.0,6198510.0,6253070.0,5754810.0,5333170.0,469370.0,530550.0,21350000.0,22744000.0,28664000.0,28901000.0,26579000.0,24648000.0,2172000.0,2472000.0
20200102,2353260.0,5342310.0,6290260.0,7620100.0,9025400.0,8558190.0,6934350.0,2869320.0,2139900.0,24290000.0,28560000.0,34637000.0,41004000.0,38902000.0,31562000.0,13031000.0,9734000.0
20200103,-995670.0,6203060.0,5631840.0,9582630.0,9158190.0,6857370.0,7547530.0,1395030.0,1700540.0,28107000.0,25488000.0,43394000.0,41445000.0,31014000.0,34186000.0,6311000.0,7707000.0
20200106,1543480.0,8299350.0,9422660.0,12922640.0,13342810.0,11204170.0,10417110.0,3826930.0,3070510.0,36801000.0,41741000.0,57264000.0,59108000.0,49621000.0,46153000.0,16895000.0,13579000.0
20200107,-1239140.0,6633680.0,5475820.0,8865190.0,8783910.0,7042940.0,8549460.0,2259700.0,1992320.0,29396000.0,24234000.0,39285000.0,38897000.0,31166000.0,37854000.0,9962000.0,8824000.0
20200108,8642690.0,14078490.0,20524030.0,25534210.0,27731370.0,30775460.0,24679610.0,10196450.0,7649610.0,60385000.0,88056000.0,109558000.0,119047000.0,131918000.0,105640000.0,43514000.0,32631000.0
20200109,-5268030.0,13117470.0,9633480.0,17477140.0,15693090.0,13390660.0,15018420.0,4449980.0,8090250.0,56105000.0,41146000.0,74699000.0,67063000.0,57187000.0,64174000.0,18996000.0,34603000.0
20200113,-8091780.0,15126300.0,7870530.0,15943170.0,15107170.0,11346940.0,16534320.0,2560200.0,5464600.0,65121000.0,33838000.0,68466000.0,64895000.0,48709000.0,71021000.0,10993000.0,23535000.0
20200114,-4342060.0,11123270.0,7019460.0,12750610.0,12512360.0,8289130.0,10066950.0,1174970.0,3739210.0,49193000.0,30992000.0,56360000.0,55272000.0,36653000.0,44536000.0,5177000.0,16583000.0
20200115,-4458640.0,7997910.0,4237860.0,8576780.0,7878180.0,5116710.0,8163930.0,739250.0,2150670.0,35925000.0,19028000.0,38526000.0,35359000.0,22995000.0,36697000.0,3321000.0,9683000.0
20200116,204450.0,5842910.0,6111210.0,8929010.0,8865160.0,6962660.0,8259970.0,5341730.0,3839970.0,26044000.0,27214000.0,39785000.0,39481000.0,31006000.0,36791000.0,23747000.0,17097000.0
20200117,-1702330.0,5569940.0,3477550.0,5657580.0,6047630.0,4004820.0,5384740.0,626310.0,948720.0,25086000.0,15654000.0,25474000.0,27228000.0,18036000.0,24257000.0,2826000.0,4283000.0
20200120,-663620.0,3815850.0,3138340.0,4904050.0,4917950.0,3965180.0,3787260.0,595540.0,1437080.0,17166000.0,14109000.0,22051000.0,22113000.0,17827000.0,17037000.0,2686000.0,6470000.0
20200121,-1199590.0,7049670.0,4837050.0,6324600.0,7337630.0,4327600.0,6101400.0,3344710.0,2770500.0,32241000.0,22123000.0,28927000.0,33560000.0,19786000.0,27909000.0,15333000.0,12696000.0
20200122,-737410.0,7128070.0,5534290.0,7541700.0,8398060.0,5188820.0,6260520.0,2840450.0,2506160.0,33092000.0,25586000.0,35014000.0,38903000.0,24047000.0,29061000.0,13045000.0,11648000.0
20200123,190600.0,6581410.0,6300660.0,7817560.0,8288900.0,6525920.0,6435660.0,1948050.0,1847710.0,30289000.0,28855000.0,35892000.0,38086000.0,29953000.0,29622000.0,8968000.0,8539000.0
20200203,-390350.0,2117180.0,913360.0,1223940.0,2037410.0,825720.0,1987650.0,1730250.0,958670.0,10987000.0,4740000.0,6352000.0,10573000.0,4285000.0,10315000.0,8979000.0,4975000.0
20200204,-3161710.0,13187310.0,8944420.0,14095400.0,15176570.0,10430780.0,13024090.0,2831950.0,3400350.0,72932000.0,49330000.0,78015000.0,83870000.0,57783000.0,72100000.0,15687000.0,19117000.0
20200205,-2079530.0,10336190.0,8300880.0,9861170.0,9816950.0,4572520.0,6448430.0,1075930.0,1279550.0,55068000.0,44217000.0,52528000.0,52302000.0,24348000.0,34349000.0,5751000.0,6828000.0
20200206,-125230.0,8128280.0,6938810.0,7527960.0,8592190.0,3700850.0,5659550.0,2630320.0,796850.0,42873000.0,36560000.0,39705000.0,45299000.0,19468000.0,29815000.0,13819000.0,4190000.0
20200207,-1435610.0,8101490.0,6351650.0,7769360.0,8083600.0,3839230.0,5272200.0,1438300.0,1440940.0,42863000.0,33543000.0,41106000.0,42737000.0,20289000.0,27945000.0,7588000.0,7622000.0
20200210,1117230.0,6220520.0,7430110.0,8370280.0,8277920.0,4693220.0,3945230.0,914270.0,545030.0,32460000.0,38709000.0,43649000.0,43176000.0,24425000.0,20558000.0,4748000.0,2839000.0
20200211,28580.0,5630570.0,5635540.0,6657190.0,6680790.0,3986310.0,4873250.0,1874850.0,959330.0,28994000.0,28990000.0,34279000.0,34395000.0,20507000.0,25090000.0,9633000.0,4938000.0
20200212,-990410.0,5534620.0,4492750.0,6034990.0,6086460.0,3253140.0,4788700.0,949170.0,404020.0,28678000.0,23247000.0,31244000.0,31522000.0,16842000.0,24811000.0,4912000.0,2096000.0
20200213,-3497410.0,8129750.0,5239860.0,7529030.0,6921500.0,4282920.0,5447610.0,316630.0,2649350.0,42258000.0,27184000.0,39102000.0,35935000.0,22212000.0,28300000.0,1638000.0,13791000.0
20200214,-1689680.0,4684640.0,3018650.0,4084060.0,4060360.0,2098750.0,2927320.0,124800.0,985910.0,24696000.0,15900000.0,21519000.0,21386000.0,11055000.0,15426000.0,661000.0,5219000.0
20200217,4523960.0,9830930.0,13363020.0,12855380.0,13847260.0,11639080.0,7693930.0,2187750.0,1608940.0,49664000.0,67427000.0,64872000.0,69924000.0,58716000.0,38813000.0,11039000.0,8127000.0
20200218,794940.0,9968980.0,10811110.0,13088840.0,13041650.0,9381210.0,9638790.0,2673580.0,1621060.0,48714000.0,52783000.0,63948000.0,63687000.0,45718000.0,47014000.0,13026000.0,7922000.0
20200219,-1196740.0,7463260.0,6732410.0,9363060.0,8897170.0,5477390.0,6301000.0,437990.0,811120.0,37018000.0,33354000.0,46409000.0,44100000.0,27135000.0,31245000.0,2168000.0,4031000.0
20200220,-385590.0,6952510.0,6002760.0,8180170.0,8744330.0,6164880.0,5842970.0,1108910.0,1816410.0,34625000.0,29849000.0,40676000.0,43480000.0,30606000.0,29047000.0,5505000.0,9036000.0
20200221,-191150.0,8528160.0,8247650.0,11254490.0,11343850.0,7597810.0,8452160.0,3141450.0,2478250.0,41846000.0,40421000.0,55204000.0,55605000.0,37244000.0,41469000.0,15376000.0,12175000.0
20200224,-2585450.0,8185080.0,6977840.0,10465450.0,9087240.0,6167400.0,7222700.0,2081590.0,3611740.0,40320000.0,34337000.0,51553000.0,44722000.0,30330000.0,35549000.0,10201000.0,17795000.0
20200225,-6890730.0,16337900.0,10052740.0,14275190.0,13669630.0,7796490.0,10427690.0,938770.0,5198300.0,82550000.0,50738000.0,72089000.0,69010000.0,39283000.0,52677000.0,4723000.0,26220000.0
20200226,3337180.0,12493810.0,14389820.0,20198420.0,21639590.0,21147550.0,19564170.0,14036740.0,12282940.0,58400000.0,67178000.0,94375000.0,100891000.0,98638000.0,91493000.0,65081000.0,56931000.0
20200227,-11777800.0,28960770.0,18262720.0,33951620.0,32871870.0,29330900.0,29510040.0,13255760.0,24854420.0,138858000.0,87469000.0,162682000.0,157797000.0,140324000.0,141085000.0,63388000.0,118900000.0
20200228,-6654050.0,20678710.0,14151850.0,19220600.0,19093400.0,12841810.0,17383990.0,5460880.0,7572750.0,105331000.0,71916000.0,97930000.0,97090000.0,65311000.0,88492000.0,27459000.0,38533000.0
20200302,-1154550.0,10263860.0,8909310.0,12000320.0,12200320.0,7029790.0,8663940.0,1722180.0,1242580.0,52059000.0,45162000.0,60823000.0,61871000.0,35610000.0,43910000.0,8748000.0,6297000.0
20200303,-2879710.0,11462030.0,10388480.0,13933230.0,12127060.0,10276440.0,11464620.0,1762650.0,3454180.0,57215000.0,51761000.0,69432000.0,60397000.0,51084000.0,57082000.0,8747000.0,17238000.0
20200304,-2764290.0,9544170.0,6680550.0,9190360.0,9289680.0,5291900.0,7804210.0,1447920.0,1699900.0,48506000.0,33899000.0,46661000.0,47162000.0,26871000.0,39669000.0,7348000.0,8656000.0
20200305,1547440.0,9215600.0,10734430.0,14635870.0,14664480.0,12857080.0,12121280.0,2894130.0,2082490.0,45977000.0,53450000.0,72907000.0,73032000.0,63946000.0,60394000.0,14392000.0,10345000.0
20200306,-4655950.0,9210350.0,5301570.0,9363250.0,8616080.0,6155200.0,7971800.0,1133430.0,3972780.0,46341000.0,26657000.0,47101000.0,43329000.0,30953000.0,40092000.0,5702000.0,20020000.0
20200309,-6124100.0,12769660.0,6698460.0,10820750.0,10767840.0,4029820.0,8765920.0,1014520.0,2402520.0,66136000.0,34698000.0,56054000.0,55771000.0,20904000.0,45392000.0,5241000.0,12474000.0
20200310,-1465510.0,8894640.0,7063350.0,8849000.0,9214780.0,4947810.0,5837710.0,600250.0,1175860.0,46514000.0,36862000.0,46190000.0,48139000.0,25849000.0,30533000.0,3108000.0,6128000.0
20200311,770780.0,7478990.0,8453110.0,9477470.0,9274120.0,5949840.0,5890970.0,1401880.0,689970.0,38125000.0,43017000.0,48250000.0,47226000.0,30254000.0,29973000.0,7107000.0,3519000.0
20200312,-4339960.0,9292970.0,4494560.0,7887370.0,8345820.0,4608650.0,6862100.0,1610780.0,3697290.0,49156000.0,23761000.0,41707000.0,44143000.0,24375000.0,36296000.0,8502000.0,19541000.0
20200313,-3042980.0,11568340.0,7724260.0,9311170.0,10112280.0,4197870.0,6635360.0,486430.0,1091920.0,63756000.0,42460000.0,51298000.0,55756000.0,23082000.0,36586000.0,2682000.0,6015000.0
20200316,-2275990.0,8692570.0,6678400.0,7768320.0,7506500.0,3368240.0,5430360.0,1098660.0,1312530.0,47561000.0,36381000.0,42417000.0,41049000.0,18405000.0,29766000.0,6012000.0,7198000.0
20200317,-1153250.0,7601600.0,5753260.0,7125310.0,7820390.0,3168040.0,4702240.0,874380.0,493430.0,43003000.0,32483000.0,40283000.0,44212000.0,17930000.0,26643000.0,4934000.0,2812000.0
20200318,-1343970.0,6283170.0,5088720.0,5921350.0,5771830.0,2555810.0,4138050.0,826550.0,588280.0,35235000.0,28452000.0,33180000.0,32334000.0,14301000.0,23265000.0,4633000.0,3298000.0
20200319,-668060.0,7125000.0,5921740.0,7145590.0,7680800.0,3964610.0,4301600.0,2344510.0,2675580.0,40623000.0,33686000.0,40668000.0,43757000.0,22584000.0,24528000.0,13321000.0,15225000.0
20200320,-108000.0,7300410.0,7272630.0,7730100.0,7649880.0,3343120.0,3871780.0,1870480.0,1449820.0,40340000.0,40135000.0,42667000.0,42244000.0,18446000.0,21391000.0,10294000.0,7978000.0
20200323,-1092410.0,5623800.0,4123640.0,5443910.0,5851660.0,2306730.0,3868430.0,1108850.0,639560.0,31689000.0,23202000.0,30676000.0,32964000.0,12982000.0,21788000.0,6216000.0,3608000.0
20200324,114840.0,5057960.0,4572500.0,4387790.0,4988090.0,2510050.0,2607820.0,555240.0,342630.0,28389000.0,25651000.0,24633000.0,27987000.0,14066000.0,14642000.0,3118000.0,1927000.0
20200325,-194550.0,4234100.0,4774220.0,5916030.0,5181350.0,2989860.0,3846600.0,1084660.0,422470.0,23309000.0,26258000.0,32550000.0,28509000.0,16436000.0,21172000.0,5975000.0,2331000.0
20200326,-1268460.0,3976500.0,2883270.0,4151250.0,3976020.0,1955530.0,3191680.0,370190.0,402500.0,22137000.0,16038000.0,23093000.0,22119000.0,10886000.0,17780000.0,2067000.0,2246000.0
20200327,-18330.0,3534990.0,3403230.0,4435170.0,4548610.0,2598730.0,2481070.0,116160.0,252150.0,19632000.0,18880000.0,24616000.0,25254000.0,14417000.0,13776000.0,645000.0,1400000.0
20200330,1110130.0,9957260.0,10625610.0,14993040.0,15434830.0,11213110.0,10099810.0,2919020.0,2922190.0,54620000.0,57646000.0,81326000.0,83894000.0,60520000.0,54629000.0,15574000.0,15870000.0
20200331,2420430.0,8217280.0,9896610.0,11849870.0,12590970.0,8593670.0,6963860.0,2972080.0,2181460.0,44163000.0,53035000.0,63462000.0,67440000.0,45901000.0,37258000.0,15881000.0,11674000.0
20200401,-357950.0,6042200.0,4582030.0,6149220.0,7251430.0,3723060.0,4297640.0,534870.0,318240.0,33011000.0,24976000.0,33532000.0,39566000.0,20315000.0,23477000.0,2900000.0,1739000.0
20200402,-201460.0,5257010.0,5590640.0,7164440.0,6629350.0,3202690.0,3337700.0,602780.0,669230.0,28624000.0,30412000.0,38976000.0,36061000.0,17402000.0,18165000.0,3266000.0,3630000.0
20200403,27940.0,4546190.0,4435620.0,5416220.0,5554740.0,3298930.0,2519280.0,1506260.0,2257970.0,24583000.0,23963000.0,29242000.0,30002000.0,17802000.0,13605000.0,8131000.0,12188000.0
20200407,471190.0,5157930.0,5445880.0,6803560.0,6986790.0,4168700.0,4053020.0,1027520.0,672010.0,27584000.0,29100000.0,36378000.0,37337000.0,22262000.0,21667000.0,5463000.0,3583000.0
20200408,3598990.0,7331460.0,9214160.0,9883440.0,11599740.0,9273450.0,7055910.0,2588420.0,1206970.0,38713000.0,48574000.0,52108000.0,61153000.0,48808000.0,37191000.0,13630000.0,6340000.0
20200409,661150.0,5679150.0,5625810.0,6513220.0,7227700.0,5172860.0,5153880.0,3566000.0,2923830.0,29928000.0,29610000.0,34290000.0,38052000.0,27203000.0,27130000.0,18685000.0,15315000.0
20200410,-738430.0,5146920.0,4178370.0,5368940.0,5599050.0,3000440.0,3713810.0,188060.0,213120.0,27279000.0,22114000.0,28425000.0,29646000.0,15851000.0,19665000.0,1000000.0,1130000.0
20200413,319400.0,3580470.0,3283170.0,4109240.0,4725930.0,2660520.0,2304960.0,380510.0,416670.0,19212000.0,17584000.0,22015000.0,25338000.0,14268000.0,12379000.0,2052000.0,2247000.0
20200414,-531440.0,3693330.0,3185170.0,4608530.0,4585250.0,2273210.0,2789990.0,575870.0,590530.0,19812000.0,17057000.0,24706000.0,24570000.0,12177000.0,14978000.0,3083000.0,3173000.0
20200415,-301920.0,3600840.0,2898500.0,3661390.0,4061800.0,2360430.0,2442940.0,124420.0,343830.0,19327000.0,15554000.0,19647000.0,21798000.0,12673000.0,13120000.0,670000.0,1845000.0
20200416,1286610.0,3232770.0,3815990.0,4234130.0,4937520.0,4529950.0,3366500.0,689570.0,566410.0,17324000.0,20408000.0,22667000.0,26406000.0,24189000.0,18003000.0,3677000.0,3040000.0
20200417,-1357240.0,4571000.0,3093860.0,4158180.0,4278080.0,2219190.0,3284820.0,331190.0,622800.0,24509000.0,16578000.0,22295000.0,22927000.0,11888000.0,17620000.0,1780000.0,3346000.0
20200420,-660170.0,4018630.0,3100650.0,3795010.0,4052820.0,1869130.0,2362790.0,0.0,166510.0,21616000.0,16669000.0,20406000.0,21789000.0,10049000.0,12714000.0,0.0,900000.0
20200421,1568230.0,5010430.0,5898450.0,6419910.0,7100130.0,5134430.0,3845590.0,827950.0,548560.0,26696000.0,31402000.0,34193000.0,37794000.0,27302000.0,20449000.0,4380000.0,2926000.0
20200422,716360.0,12532600.0,12366050.0,15161800.0,16044710.0,11847620.0,12478890.0,5810850.0,4463220.0,65331000.0,63976000.0,78686000.0,83130000.0,61188000.0,64593000.0,29883000.0,23389000.0
20200423,5054130.0,17192640.0,19645090.0,21291810.0,23893490.0,22422320.0,18542430.0,9186700.0,8012460.0,86263000.0,98471000.0,106721000.0,119753000.0,112254000.0,92867000.0,45979000.0,40125000.0
20200424,-4645500.0,13704330.0,8727630.0,12740100.0,13071300.0,6996630.0,9864140.0,4187480.0,5965470.0,70972000.0,45161000.0,65910000.0,67599000.0,36130000.0,50973000.0,21629000.0,30908000.0
20200427,-2103690.0,6585150.0,4784100.0,6163370.0,5860740.0,3875250.0,4542120.0,357010.0,1793830.0,34781000.0,25235000.0,32545000.0,30948000.0,20454000.0,24006000.0,1880000.0,9471000.0
20200428,-2230820.0,7454970.0,5400480.0,6975350.0,6799020.0,2519020.0,4204750.0,414050.0,959140.0,40742000.0,29512000.0,38117000.0,37175000.0,13798000.0,22999000.0,2254000.0,5225000.0
20200429,328890.0,3403490.0,3211960.0,4110970.0,4631380.0,3171930.0,2076220.0,267050.0,1033870.0,18547000.0,17469000.0,22379000.0,25194000.0,17245000.0,11305000.0,1448000.0,5651000.0
20200430,-668100.0,6496950.0,5312010.0,7788860.0,8305710.0,5377480.0,6681870.0,1215360.0,579070.0,34769000.0,28399000.0,41687000.0,44429000.0,28766000.0,35789000.0,6497000.0,3102000.0
20200506,-102380.0,5632580.0,5398660.0,5923280.0,6054820.0,3614440.0,3679070.0,375340.0,413090.0,30161000.0,28889000.0,31719000.0,32397000.0,19337000.0,19720000.0,2004000.0,2214000.0
20200507,-597680.0,4714330.0,4749480.0,6157110.0,5524290.0,2899850.0,3221820.0,900340.0,1176050.0,25106000.0,25267000.0,32758000.0,29395000.0,15421000.0,17165000.0,4812000.0,6270000.0
20200508,-257970.0,4679630.0,4649270.0,6544650.0,6317020.0,3841140.0,3762420.0,761540.0,1098230.0,24821000.0,24622000.0,34696000.0,33453000.0,20342000.0,19962000.0,4023000.0,5845000.0
20200511,690000.0,5602950.0,6518280.0,8681270.0,8455930.0,5776990.0,5589480.0,1333530.0,831040.0,29401000.0,34166000.0,45512000.0,44311000.0,30263000.0,29313000.0,6973000.0,4358000.0
20200512,1815150.0,5950460.0,6530160.0,7978270.0,9213720.0,6398220.0,4774870.0,1226870.0,1035070.0,30965000.0,33935000.0,41451000.0,47890000.0,33236000.0,24819000.0,6372000.0,5380000.0
20200513,-3928730.0,7466460.0,4890080.0,7333790.0,5981430.0,3369710.0,6459450.0,623300.0,1462290.0,39616000.0,25923000.0,38901000.0,31718000.0,17869000.0,34273000.0,3300000.0,7772000.0
20200514,214830.0,5427230.0,5283080.0,6564230.0,6923210.0,3945960.0,3921160.0,997510.0,807480.0,28904000.0,28122000.0,34915000.0,36841000.0,20989000.0,20848000.0,5294000.0,4291000.0
20200515,1087100.0,3855450.0,3985110.0,4841730.0,5799180.0,3853790.0,2575350.0,510360.0,701700.0,20432000.0,21099000.0,25644000.0,30712000.0,20400000.0,13644000.0,2700000.0,3721000.0
20200518,3824210.0,6886570.0,9178140.0,10688950.0,12221600.0,10291060.0,8366340.0,4115180.0,2215690.0,35895000.0,47762000.0,55685000.0,63651000.0,53593000.0,43540000.0,21375000.0,11596000.0
20200519,-2766530.0,5826840.0,3961090.0,7173560.0,6272780.0,3509530.0,5424390.0,635110.0,1486780.0,30608000.0,20806000.0,37669000.0,32947000.0,18436000.0,28492000.0,3334000.0,7802000.0
20200520,-3813880.0,7390740.0,4255090.0,6622760.0,5944520.0,2558290.0,4616250.0,460070.0,2215990.0,39340000.0,22600000.0,35181000.0,31576000.0,13598000.0,24582000.0,2463000.0,11824000.0
20200521,-2452900.0,5725080.0,3381310.0,4698530.0,4589400.0,2175040.0,3858160.0,235480.0,1005260.0,31054000.0,18337000.0,25466000.0,24877000.0,11797000.0,20935000.0,1275000.0,5443000.0
20200522,-988020.0,4454210.0,2761780.0,3517740.0,4222130.0,1710630.0,2379610.0,0.0,319040.0,24396000.0,15110000.0,19249000.0,23102000.0,9347000.0,13025000.0,0.0,1755000.0
20200525,-501170.0,2820610.0,2077250.0,2325750.0,2567940.0,1126270.0,1344030.0,101630.0,385040.0,15513000.0,11422000.0,12788000.0,14126000.0,6197000.0,7391000.0,559000.0,2117000.0
20200526,-410540.0,2880080.0,2451110.0,2875430.0,2893870.0,1682400.0,1625150.0,329700.0,797490.0,15764000.0,13410000.0,15740000.0,15828000.0,9206000.0,8897000.0,1800000.0,4376000.0
20200527,-1641380.0,3569860.0,2959600.0,4552070.0,3520950.0,3265560.0,2649700.0,2429650.0,4686890.0,19459000.0,16120000.0,24806000.0,19183000.0,17795000.0,14446000.0,13247000.0,25558000.0
20200528,-2108020.0,4458090.0,2546510.0,4440910.0,4244470.0,2038760.0,2860840.0,217590.0,1503530.0,24643000.0,14064000.0,24539000.0,23464000.0,11249000.0,15794000.0,1194000.0,8304000.0
20200529,-1435780.0,3560270.0,2569820.0,3422650.0,2977310.0,1770550.0,2907710.0,0.0,298620.0,19822000.0,14294000.0,19040000.0,16564000.0,9845000.0,16183000.0,0.0,1666000.0
20200601,-441200.0,4060310.0,3579130.0,4311360.0,4351340.0,1915320.0,2679340.0,428730.0,105910.0,22243000.0,19589000.0,23598000.0,23830000.0,10486000.0,14666000.0,2338000.0,580000.0
20200602,831700.0,3915000.0,4670940.0,5486150.0,5561910.0,2966010.0,2770180.0,1210960.0,575090.0,21200000.0,25266000.0,29685000.0,30091000.0,16044000.0,15006000.0,6552000.0,3118000.0
20200603,-1454870.0,4323300.0,2971030.0,4084780.0,3982190.0,1197990.0,2948620.0,555800.0,260040.0,23485000.0,16119000.0,22180000.0,21613000.0,6490000.0,16008000.0,2998000.0,1412000.0
20200604,-696590.0,3214060.0,2369690.0,3307700.0,3455490.0,1580480.0,2404170.0,346010.0,218910.0,17583000.0,12952000.0,18089000.0,18892000.0,8644000.0,13161000.0,1890000.0,1200000.0
20200605,-2540010.0,4216060.0,2396180.0,3744860.0,3024740.0,1903350.0,2651190.0,109640.0,1901810.0,23256000.0,13206000.0,20671000.0,16662000.0,10501000.0,14634000.0,600000.0,10527000.0
20200608,-1545160.0,4730480.0,2914530.0,4082920.0,4353710.0,2035790.0,2321680.0,358350.0,1617620.0,26140000.0,16097000.0,22552000.0,24053000.0,11252000.0,12826000.0,1984000.0,8952000.0
20200609,-1160590.0,4975890.0,3281750.0,4894610.0,5428160.0,1871750.0,2547840.0,143680.0,628180.0,27669000.0,18240000.0,27220000.0,30177000.0,10404000.0,14182000.0,800000.0,3495000.0
20200610,-1784790.0,4983510.0,3616250.0,6197370.0,5779840.0,1840570.0,2397460.0,105130.0,1333030.0,27923000.0,20254000.0,34711000.0,32375000.0,10312000.0,13431000.0,587000.0,7474000.0
20200611,-1127840.0,5410460.0,3577020.0,4979520.0,5685130.0,2195990.0,2310770.0,243220.0,1256280.0,30331000.0,20048000.0,27932000.0,31882000.0,12317000.0,12960000.0,1358000.0,7048000.0
20200612,-1646910.0,8779050.0,5949920.0,8369130.0,9551330.0,2125010.0,4247060.0,1891880.0,1416740.0,49550000.0,33539000.0,47286000.0,53865000.0,11941000.0,23968000.0,10555000.0,7960000.0
20200615,-2184080.0,5246240.0,4097390.0,6242470.0,5207230.0,3975430.0,2899150.0,1149140.0,4409500.0,29357000.0,22914000.0,34900000.0,29109000.0,22229000.0,16228000.0,6420000.0,24655000.0
20200616,-1519620.0,3091630.0,2590250.0,3973450.0,2955210.0,2019160.0,2691500.0,0.0,847280.0,17246000.0,14445000.0,22156000.0,16474000.0,11261000.0,15011000.0,0.0,4733000.0
20200617,-3040.0,5006860.0,5105740.0,6833610.0,6731680.0,5405460.0,5765420.0,732170.0,375250.0,27538000.0,28076000.0,37575000.0,37012000.0,29722000.0,31699000.0,4014000.0,2062000.0
20200618,-1580380.0,3873400.0,2628370.0,4598580.0,4263230.0,2672390.0,3497990.0,322150.0,1076930.0,21659000.0,14694000.0,25711000.0,23836000.0,14950000.0,19564000.0,1800000.0,6027000.0
20200619,-781030.0,2864300.0,2103740.0,3146200.0,3125720.0,3029690.0,3127690.0,1874960.0,2557990.0,16014000.0,11759000.0,17588000.0,17472000.0,16934000.0,17487000.0,10483000.0,14301000.0
20200622,-970930.0,2948800.0,2557170.0,4749310.0,4170020.0,2785930.0,3673430.0,161370.0,244800.0,16454000.0,14258000.0,26486000.0,23255000.0,15534000.0,20498000.0,899000.0,1362000.0
20200623,-3948030.0,4785760.0,2025460.0,4853630.0,3665880.0,2881160.0,3371080.0,805110.0,4263220.0,26937000.0,11385000.0,27304000.0,20611000.0,16204000.0,18981000.0,4532000.0,24000000.0
20200624,-2823570.0,4458470.0,2187510.0,3951390.0,3398780.0,2054120.0,3887550.0,0.0,990140.0,25373000.0,12448000.0,22485000.0,19328000.0,11692000.0,22137000.0,0.0,5637000.0
20200629,-2210540.0,3900040.0,2643230.0,4451280.0,3497550.0,1701230.0,2755330.0,489800.0,1646240.0,22338000.0,15115000.0,25489000.0,20011000.0,9731000.0,15784000.0,2819000.0,9468000.0
20200630,-1364770.0,3319080.0,2420490.0,3570900.0,3104720.0,2145200.0,2658260.0,348100.0,1199810.0,19057000.0,13892000.0,20499000.0,17820000.0,12308000.0,15261000.0,2000000.0,6891000.0
20200701,88530.0,3333160.0,3602310.0,4465810.0,4285200.0,2473540.0,2686210.0,1281290.0,980090.0,19015000.0,20540000.0,25466000.0,24432000.0,14108000.0,15339000.0,7297000.0,5575000.0
20200702,2185690.0,4062340.0,5696700.0,6132460.0,6683780.0,5325310.0,3556560.0,3282140.0,2865200.0,22849000.0,32011000.0,34473000.0,37567000.0,29903000.0,19969000.0,18463000.0,16141000.0
20200703,-514330.0,6002040.0,5971930.0,8601170.0,8116950.0,7042010.0,7178590.0,2950830.0,3328580.0,33281000.0,33095000.0,47697000.0,45001000.0,39019000.0,39797000.0,16362000.0,18466000.0
20200706,4360190.0,10223960.0,14325810.0,17012310.0,17270640.0,13334470.0,11674550.0,4898040.0,2197770.0,54753000.0,76735000.0,91169000.0,92537000.0,71470000.0,62562000.0,26201000.0,11758000.0
20200707,-135730.0,12325280.0,12513950.0,17786880.0,17462480.0,14899330.0,13311060.0,5013540.0,6737540.0,64565000.0,65512000.0,93142000.0,91421000.0,78010000.0,69736000.0,26233000.0,35283000.0
20200708,9885760.0,21449710.0,29189770.0,35017280.0,37162970.0,38598290.0,34453140.0,23507390.0,17766780.0,108536000.0,146859000.0,177188000.0,186898000.0,194406000.0,173193000.0,116390000.0,89570000.0
20200709,-6083350.0,28269590.0,24887640.0,42858800.0,40157400.0,46376080.0,50361800.0,20925230.0,23022860.0,129517000.0,113909000.0,196480000.0,183868000.0,212310000.0,230659000.0,95853000.0,105725000.0
20200710,-9117490.0,25548880.0,16287280.0,30363480.0,30507570.0,31236530.0,33701500.0,9804220.0,16456740.0,121400000.0,77323000.0,144188000.0,144833000.0,148613000.0,160253000.0,46629000.0,78421000.0
20200713,2701180.0,12843460.0,14966590.0,20378230.0,20956290.0,25632500.0,23335130.0,9099640.0,8695830.0,61392000.0,71296000.0,97236000.0,99875000.0,122319000.0,111163000.0,43086000.0,41699000.0
20200714,-2953330.0,20282650.0,18999650.0,30511540.0,28841220.0,29527690.0,29819260.0,9618240.0,12280000.0,92903000.0,86912000.0,139666000.0,132154000.0,135100000.0,136467000.0,44024000.0,56160000.0
20200715,-4908320.0,16105900.0,11264270.0,20818690.0,20752010.0,17518870.0,20725130.0,4432920.0,6134980.0,77102000.0,53788000.0,99518000.0,99122000.0,83633000.0,99032000.0,21059000.0,29370000.0
20200716,-4911190.0,13944230.0,9512810.0,18012670.0,17532890.0,14612140.0,16464950.0,2976540.0,6034920.0,68972000.0,46744000.0,88722000.0,86124000.0,71740000.0,81169000.0,14655000.0,30053000.0
20200717,353660.0,8948790.0,9598630.0,12868830.0,12572650.0,11651460.0,11167940.0,5114520.0,5244380.0,45186000.0,48322000.0,64805000.0,63342000.0,58622000.0,56188000.0,25565000.0,26326000.0
20200720,2085900.0,12720250.0,15529050.0,21848280.0,21125380.0,23701750.0,20528400.0,8507090.0,9594540.0,60783000.0,74028000.0,104328000.0,100782000.0,113084000.0,97966000.0,40337000.0,45755000.0
20200721,-6519800.0,13582130.0,7961020.0,16302730.0,15404050.0,12212670.0,16260080.0,3111200.0,5583590.0,65484000.0,38342000.0,78537000.0,74214000.0,58843000.0,78349000.0,14987000.0,26948000.0
20200722,-1858220.0,10768940.0,9127720.0,15665630.0,15448650.0,13938530.0,14882180.0,2999730.0,3914300.0,51645000.0,43667000.0,75017000.0,73974000.0,66703000.0,71265000.0,14315000.0,18774000.0
20200723,5901280.0,22906060.0,26692720.0,36517410.0,38632020.0,39210910.0,38273140.0,19674990.0,14711480.0,105441000.0,122675000.0,168039000.0,177743000.0,180195000.0,176011000.0,90363000.0,67607000.0
20200724,5583580.0,32068630.0,34450870.0,50614890.0,53816240.0,51891450.0,56637050.0,33831260.0,23502080.0,143467000.0,153535000.0,225837000.0,240312000.0,231306000.0,252980000.0,150668000.0,104451000.0
20200727,-9755690.0,21656590.0,14244560.0,27095620.0,24751970.0,24209650.0,26329510.0,9121060.0,16756890.0,103009000.0,67583000.0,128749000.0,117490000.0,115145000.0,125112000.0,43271000.0,79989000.0
20200728,-1851470.0,13402070.0,12140590.0,18671030.0,18081040.0,18204220.0,17578280.0,2821290.0,5298700.0,63714000.0,57480000.0,88590000.0,85682000.0,86136000.0,83366000.0,13343000.0,25256000.0
20200729,-3199240.0,11527800.0,9708860.0,16425800.0,15045500.0,13343470.0,16592810.0,2843150.0,2793050.0,54760000.0,45997000.0,77929000.0,71351000.0,63164000.0,78705000.0,13444000.0,13244000.0
20200730,-1402480.0,13385330.0,12061640.0,19090040.0,19011260.0,16062840.0,17725780.0,6516680.0,6256220.0,62528000.0,56075000.0,88992000.0,88562000.0,74787000.0,82550000.0,30159000.0,29279000.0
20200731,-9158760.0,15793820.0,8949090.0,17745660.0,15431610.0,14988620.0,17363980.0,2629160.0,9412560.0,76539000.0,43348000.0,85994000.0,74761000.0,72619000.0,84177000.0,12708000.0,45574000.0
20200803,5567900.0,13628750.0,18188260.0,23201370.0,24209760.0,25880220.0,22637600.0,9017430.0,6692150.0,63357000.0,84575000.0,107966000.0,112564000.0,120420000.0,105307000.0,41829000.0,31126000.0
20200804,-5981060.0,14443970.0,9091570.0,18510200.0,17881550.0,16449070.0,19244040.0,4524090.0,7710180.0,68447000.0,43036000.0,87646000.0,84664000.0,77951000.0,91179000.0,21380000.0,36546000.0
20200805,2074660.0,8603010.0,10916570.0,15180870.0,14941970.0,15016900.0,13771930.0,3419430.0,2589740.0,40493000.0,51303000.0,71417000.0,70275000.0,70555000.0,64713000.0,16033000.0,12207000.0
20200806,7211050.0,14163600.0,18217050.0,23238890.0,26396470.0,25432300.0,25267910.0,16657500.0,9610840.0,65466000.0,83921000.0,107262000.0,121689000.0,117342000.0,116563000.0,76432000.0,44329000.0
20200807,2635480.0,21183800.0,22469230.0,33920590.0,35270650.0,37939390.0,36555560.0,23060280.0,21808630.0,94790000.0,99799000.0,151508000.0,156852000.0,168662000.0,162401000.0,101550000.0,97457000.0
20200810,-9313100.0,20458210.0,15255970.0,30542740.0,26431880.0,28132720.0,30317680.0,11311680.0,18439820.0,90469000.0,67076000.0,134602000.0,116376000.0,123743000.0,133566000.0,49646000.0,81441000.0
20200811,19036420.0,30634270.0,39861520.0,49744290.0,59553450.0,57180130.0,55804580.0,44310130.0,26649260.0,130781000.0,169274000.0,211906000.0,253499000.0,243077000.0,237440000.0,186957000.0,112508000.0
20200812,-21295960.0,27233150.0,15291440.0,36965770.0,27611510.0,35007920.0,38338750.0,7626960.0,25592090.0,121069000.0,67852000.0,164142000.0,122545000.0,155191000.0,170125000.0,33814000.0,113694000.0
20200813,-2088340.0,12798180.0,10971420.0,19338110.0,19076530.0,19072820.0,17186920.0,3029490.0,7003730.0,57043000.0,48802000.0,86069000.0,84938000.0,84804000.0,76489000.0,13482000.0,31169000.0
20200814,5761060.0,14969460.0,18528200.0,24024750.0,26227070.0,27756850.0,24566770.0,14763310.0,12192330.0,65145000.0,80542000.0,104490000.0,114059000.0,120734000.0,106909000.0,64244000.0,53103000.0
20200817,-2280100.0,17189250.0,16802990.0,26874590.0,24980750.0,25379370.0,25167070.0,7838880.0,10331280.0,73976000.0,72070000.0,115498000.0,107236000.0,108972000.0,108119000.0,33599000.0,44620000.0
20200818,-7343590.0,14754850.0,9960530.0,20934140.0,18384870.0,17180680.0,17817780.0,1771680.0,8478170.0,63766000.0,42973000.0,90412000.0,79359000.0,74245000.0,76977000.0,7641000.0,36755000.0
20200819,-560730.0,14263950.0,12469890.0,19635680.0,20869020.0,21161170.0,22272350.0,6994120.0,6443670.0,62127000.0,54010000.0,85282000.0,90561000.0,91761000.0,96643000.0,30107000.0,28063000.0
20200820,-7674790.0,14050170.0,7086540.0,15434110.0,14722960.0,11035850.0,13406690.0,2154120.0,7458070.0,63087000.0,31796000.0,69282000.0,66088000.0,49581000.0,60220000.0,9688000.0,33533000.0
20200821,-5331400.0,9217500.0,5394000.0,11281420.0,9773530.0,8958200.0,11510310.0,1528580.0,4307870.0,41874000.0,24417000.0,51213000.0,44312000.0,40576000.0,52265000.0,6900000.0,19570000.0
20200824,-1947150.0,6814170.0,4555260.0,8061530.0,8373280.0,6580630.0,8644970.0,2113090.0,1995900.0,31280000.0,20882000.0,36985000.0,38408000.0,30191000.0,39665000.0,9687000.0,9189000.0
20200825,-9550460.0,14553240.0,6641950.0,14897590.0,13258430.0,11164020.0,14783290.0,1475790.0,7406980.0,67935000.0,30870000.0,69479000.0,61762000.0,51981000.0,69038000.0,6894000.0,34618000.0
20200826,-4657680.0,10206680.0,6492380.0,12298080.0,11354710.0,9679150.0,10611020.0,1280270.0,5006080.0,48806000.0,30957000.0,58762000.0,54260000.0,46255000.0,50679000.0,6062000.0,23989000.0
20200827,-2340730.0,6773320.0,5066120.0,8651980.0,8018450.0,5976050.0,7948470.0,1739800.0,2108110.0,32773000.0,24497000.0,41848000.0,38775000.0,28904000.0,38447000.0,8374000.0,10179000.0
20200828,-2664440.0,7696460.0,6298540.0,11332260.0,10065740.0,10822440.0,9360770.0,2552750.0,6678860.0,36525000.0,29863000.0,53761000.0,47719000.0,51290000.0,44402000.0,12073000.0,31666000.0
20200831,-4295140.0,8083470.0,5622670.0,10661150.0,8826790.0,8740340.0,10373580.0,2129100.0,4791000.0,38470000.0,26713000.0,50687000.0,41957000.0,41548000.0,49336000.0,10109000.0,22808000.0
20200901,-4513160.0,8159570.0,6134150.0,11488360.0,9000620.0,10851500.0,12423080.0,2713360.0,5654940.0,38631000.0,29007000.0,54371000.0,42549000.0,51316000.0,58748000.0,12787000.0,26801000.0
20200902,-6254600.0,11187930.0,5422040.0,11459170.0,10970460.0,9726930.0,11978290.0,1276610.0,5279850.0,54309000.0,26301000.0,55614000.0,53216000.0,47224000.0,58158000.0,6196000.0,25667000.0
20200903,-3148140.0,6627100.0,4530490.0,8216200.0,7164670.0,6981850.0,8644020.0,1797820.0,3283790.0,32720000.0,22325000.0,40536000.0,35336000.0,34435000.0,42676000.0,8855000.0,16208000.0
20200904,-277930.0,5869980.0,4910450.0,6573930.0,7255540.0,6320090.0,6382070.0,1425450.0,1641400.0,29387000.0,24498000.0,32850000.0,36229000.0,31473000.0,31858000.0,7055000.0,8180000.0
20200907,-5577960.0,8872310.0,4544420.0,8470370.0,7220310.0,5488680.0,8917610.0,572710.0,2721740.0,44503000.0,22744000.0,42429000.0,36164000.0,27419000.0,44674000.0,2882000.0,13650000.0
20200908,-253020.0,6586200.0,5541610.0,6694030.0,7485590.0,4375430.0,5483340.0,1969950.0,1115060.0,33401000.0,28024000.0,33911000.0,37900000.0,22174000.0,27811000.0,9921000.0,5674000.0
20200909,-9646020.0,12623150.0,7497260.0,14645180.0,10125040.0,12942640.0,9019160.0,4859120.0,18428620.0,63144000.0,37514000.0,73255000.0,50672000.0,64682000.0,45105000.0,24532000.0,92323000.0
20200910,-4771720.0,9971840.0,5012250.0,8526930.0,8714810.0,5579960.0,8946380.0,973080.0,2378380.0,50712000.0,25433000.0,43356000.0,44288000.0,28397000.0,45553000.0,4949000.0,12139000.0
20200911,-2123780.0,5735530.0,3796230.0,6039270.0,5854790.0,3115650.0,4349760.0,0.0,889670.0,29931000.0,19787000.0,31512000.0,30537000.0,16235000.0,22713000.0,0.0,4641000.0
20200914,-2039680.0,4744230.0,2829560.0,4999810.0,4874800.0,3434980.0,4820520.0,362720.0,1016860.0,24757000.0,14752000.0,26078000.0,25420000.0,17908000.0,25143000.0,1898000.0,5326000.0
20200915,-265490.0,3982160.0,3376930.0,4690570.0,5030310.0,2912050.0,3313310.0,401540.0,265770.0,20730000.0,17566000.0,24404000.0,26170000.0,15144000.0,17247000.0,2091000.0,1386000.0
20200916,-2684220.0,5967020.0,3459160.0,5234950.0,5058590.0,3210910.0,5614490.0,243050.0,523690.0,31473000.0,18242000.0,27609000.0,26674000.0,16941000.0,29615000.0,1276000.0,2767000.0
20200917,-2664540.0,6300180.0,4315360.0,6514590.0,5834870.0,3407360.0,4508300.0,288640.0,1852240.0,33753000.0,23071000.0,34895000.0,31254000.0,18258000.0,24170000.0,1542000.0,9953000.0
20200918,-322210.0,5405360.0,5093990.0,6758240.0,6747390.0,5958880.0,6876260.0,1497010.0,901840.0,28500000.0,26812000.0,35605000.0,35542000.0,31377000.0,36237000.0,7868000.0,4760000.0
20200921,-491260.0,8363660.0,7654410.0,11042390.0,11260370.0,8486490.0,8744980.0,1888630.0,2121400.0,42935000.0,39269000.0,56706000.0,57791000.0,43587000.0,44948000.0,9674000.0,10893000.0
20200922,-1888170.0,6278460.0,4384730.0,5572720.0,5578270.0,3101250.0,4253100.0,856390.0,1592710.0,32920000.0,22988000.0,29196000.0,29216000.0,16255000.0,22290000.0,4501000.0,8378000.0
20200923,-1991850.0,3867880.0,2859530.0,4543610.0,3560120.0,3301620.0,3175820.0,351260.0,2468910.0,20345000.0,15021000.0,23887000.0,18702000.0,17351000.0,16691000.0,1845000.0,13014000.0
20200924,-5673670.0,8177250.0,3780200.0,6928950.0,5652320.0,3410270.0,6396060.0,682620.0,3370500.0,44209000.0,20439000.0,37459000.0,30554000.0,18456000.0,34585000.0,3700000.0,18246000.0
20200925,-965650.0,3878210.0,3321820.0,4649390.0,4240130.0,3352960.0,3421710.0,759820.0,1656720.0,21058000.0,18009000.0,25212000.0,22994000.0,18176000.0,18567000.0,4127000.0,9003000.0
20200928,-1909780.0,3843980.0,2300340.0,3847590.0,3481450.0,1485930.0,2972360.0,251030.0,674380.0,21112000.0,12631000.0,21134000.0,19118000.0,8173000.0,16339000.0,1383000.0,3713000.0
20200929,336760.0,4082800.0,4465480.0,5669960.0,5624050.0,3020420.0,2940660.0,484870.0,227870.0,22113000.0,24179000.0,30717000.0,30459000.0,16367000.0,15941000.0,2618000.0,1235000.0
20200930,-489530.0,3636140.0,3135070.0,4227170.0,4238710.0,1747870.0,2649840.0,735900.0,323460.0,19713000.0,16980000.0,22898000.0,22964000.0,9464000.0,14359000.0,3983000.0,1755000.0
20201009,563660.0,3585520.0,4128090.0,4766340.0,4787420.0,3110030.0,3401890.0,1226530.0,371010.0,19104000.0,21987000.0,25399000.0,25506000.0,16570000.0,18131000.0,6531000.0,1980000.0
20201012,850940.0,4169250.0,4912470.0,5743030.0,5850750.0,4597590.0,3503230.0,1204190.0,1447610.0,21779000.0,25659000.0,29999000.0,30557000.0,24031000.0,18313000.0,6327000.0,7607000.0
20201013,411670.0,3851880.0,3882060.0,4675000.0,5056480.0,2835360.0,3550980.0,1447570.0,320280.0,20058000.0,20205000.0,24335000.0,26327000.0,14757000.0,18490000.0,7544000.0,1672000.0
20201014,-1497090.0,5281350.0,4005990.0,5814270.0,5592540.0,2865430.0,4323070.0,711990.0,751440.0,27472000.0,20797000.0,30226000.0,29038000.0,14897000.0,22503000.0,3661000.0,3917000.0
20201015,-1450760.0,4521260.0,2739950.0,3613020.0,3943580.0,2113950.0,2572380.0,528910.0,1521240.0,23948000.0,14503000.0,19128000.0,20865000.0,11195000.0,13632000.0,2800000.0,8071000.0
20201016,-1299110.0,3431710.0,2655120.0,3114780.0,2592270.0,1400370.0,2692640.0,431940.0,438780.0,18259000.0,14104000.0,16570000.0,13786000.0,7446000.0,14336000.0,2294000.0,2343000.0
20201019,-1486970.0,3286330.0,2262040.0,3288270.0,2825600.0,1967900.0,2210940.0,154240.0,1398170.0,17479000.0,12025000.0,17475000.0,15021000.0,10464000.0,11748000.0,820000.0,7444000.0
20201020,-1166160.0,2853560.0,1657820.0,2247760.0,2277350.0,940510.0,1636110.0,253170.0,723730.0,15436000.0,8959000.0,12158000.0,12313000.0,5092000.0,8856000.0,1367000.0,3926000.0
20201021,-1540810.0,3400330.0,1926460.0,2870970.0,2804030.0,1137380.0,1865730.0,107720.0,920180.0,18447000.0,10443000.0,15570000.0,15198000.0,6166000.0,10131000.0,588000.0,4999000.0
20201022,-841940.0,2862510.0,2093210.0,2431900.0,2359250.0,967280.0,1793880.0,190240.0,205580.0,15717000.0,11473000.0,13337000.0,12941000.0,5296000.0,9846000.0,1043000.0,1133000.0
20201023,-83310.0,2207500.0,2211030.0,2488710.0,2401870.0,1423410.0,1474420.0,706370.0,738670.0,11977000.0,11983000.0,13500000.0,13028000.0,7714000.0,8003000.0,3824000.0,4000000.0
20201026,-1069780.0,3008220.0,1847850.0,2959930.0,3050530.0,2090070.0,2547140.0,103930.0,716640.0,16566000.0,10161000.0,16291000.0,16785000.0,11497000.0,14029000.0,572000.0,3952000.0
20201027,297670.0,2734250.0,2780630.0,3359490.0,3610790.0,1842330.0,1616180.0,393980.0,322460.0,14931000.0,15165000.0,18337000.0,19703000.0,10050000.0,8838000.0,2144000.0,1756000.0
20201028,-1202770.0,2851160.0,2183810.0,3160910.0,2625490.0,1551140.0,1660080.0,137280.0,1231110.0,15663000.0,11987000.0,17362000.0,14421000.0,8515000.0,9123000.0,751000.0,6760000.0
20201029,-1529980.0,3988870.0,2393650.0,3308670.0,3373910.0,1911610.0,3020520.0,0.0,421070.0,22077000.0,13240000.0,18306000.0,18665000.0,10572000.0,16717000.0,0.0,2334000.0
20201030,-740030.0,4405120.0,3366980.0,4098040.0,4396140.0,2792060.0,3185310.0,109590.0,456370.0,24400000.0,18587000.0,22642000.0,24282000.0,15394000.0,17632000.0,600000.0,2535000.0
20201102,-5182880.0,7997760.0,3570460.0,7198750.0,6443170.0,3333680.0,6600730.0,942660.0,2858490.0,46362000.0,20678000.0,41725000.0,37294000.0,19299000.0,38305000.0,5493000.0,16602000.0
20201103,678510.0,4147320.0,4889530.0,4942320.0,4878630.0,2235510.0,2037240.0,705920.0,225680.0,23729000.0,27955000.0,28272000.0,27915000.0,12794000.0,11686000.0,4061000.0,1300000.0
20201104,492750.0,3905540.0,4115920.0,3874370.0,4156740.0,2025240.0,2059280.0,526790.0,0.0,22054000.0,23231000.0,21889000.0,23462000.0,11406000.0,11629000.0,2973000.0,0.0
20201105,-669900.0,3931800.0,3725820.0,4518390.0,4054480.0,2087140.0,2428730.0,277290.0,605600.0,22096000.0,20920000.0,25381000.0,22768000.0,11723000.0,13644000.0,1550000.0,3418000.0
20201106,1224180.0,4863770.0,5625480.0,6672820.0,7135280.0,3570820.0,3764570.0,1832710.0,414780.0,27019000.0,31204000.0,37014000.0,39591000.0,19781000.0,20890000.0,10172000.0,2300000.0
20201109,-602400.0,4763350.0,4988990.0,5982280.0,5154240.0,3675070.0,3600340.0,829890.0,1507020.0,26172000.0,27382000.0,32855000.0,28299000.0,20172000.0,19759000.0,4562000.0,8322000.0
20201110,-551920.0,4772190.0,4197130.0,5792620.0,5815760.0,3704920.0,3598310.0,491230.0,1149760.0,26091000.0,22901000.0,31658000.0,31783000.0,20222000.0,19671000.0,2694000.0,6310000.0
20201111,210520.0,3255660.0,3033280.0,3595930.0,4028830.0,2361680.0,2479550.0,915550.0,587160.0,18025000.0,16775000.0,19900000.0,22300000.0,13061000.0,13724000.0,5070000.0,3258000.0
20201112,-1681340.0,3356930.0,1860990.0,3398620.0,3213220.0,2179020.0,3364820.0,0.0,495540.0,18773000.0,10402000.0,19001000.0,17972000.0,12173000.0,18801000.0,0.0,2772000.0
20201113,-704160.0,3962790.0,2809790.0,3492020.0,3940880.0,2412500.0,2145370.0,358900.0,1330190.0,22298000.0,15757000.0,19639000.0,22128000.0,13539000.0,12056000.0,2000000.0,7534000.0
20201116,171040.0,3808750.0,4083700.0,4017940.0,3914040.0,3437430.0,3110880.0,233810.0,389320.0,20923000.0,22417000.0,22060000.0,21484000.0,18863000.0,17079000.0,1277000.0,2143000.0
20201117,-1189660.0,3345860.0,2505180.0,3569270.0,3220280.0,1795200.0,2271320.0,108710.0,822250.0,18561000.0,13895000.0,19802000.0,17864000.0,9953000.0,12602000.0,602000.0,4556000.0
20201118,2662710.0,5811380.0,7950520.0,7688950.0,8212510.0,5787450.0,3894850.0,1709950.0,939840.0,31601000.0,43239000.0,41805000.0,44671000.0,31466000.0,21176000.0,9314000.0,5101000.0
20201119,1268790.0,6856380.0,8542110.0,8691000.0,8274070.0,6237240.0,5920720.0,2581210.0,1628940.0,36647000.0,45635000.0,46436000.0,44215000.0,33352000.0,31627000.0,13783000.0,8741000.0
20201120,-1339940.0,5955910.0,4532950.0,6046140.0,6129160.0,4396480.0,4966640.0,995730.0,1765510.0,31920000.0,24263000.0,32402000.0,32823000.0,23556000.0,26647000.0,5349000.0,9495000.0
20201123,1703080.0,4575580.0,5598570.0,5948900.0,6628980.0,4994530.0,3804700.0,2499340.0,1986090.0,24447000.0,29879000.0,31760000.0,35401000.0,26638000.0,20317000.0,13339000.0,10587000.0
20201124,-1195730.0,4420340.0,3376860.0,4716340.0,4564090.0,3610700.0,3327610.0,782150.0,2260970.0,23543000.0,17959000.0,25107000.0,24291000.0,19202000.0,17713000.0,4159000.0,12048000.0
20201125,-3632890.0,6683000.0,3977300.0,6317380.0,5390190.0,2363950.0,5374050.0,1264610.0,1887400.0,36057000.0,21402000.0,34042000.0,29034000.0,12718000.0,29001000.0,6788000.0,10169000.0
20201126,6971420.0,13405480.0,19788070.0,20683320.0,21272160.0,16262190.0,12308690.0,6343150.0,3325230.0,69924000.0,103108000.0,107722000.0,110761000.0,84751000.0,64093000.0,33028000.0,17464000.0
20201127,-3056530.0,10901120.0,10352920.0,13129440.0,10621110.0,7897880.0,10462480.0,2170640.0,2662570.0,56519000.0,53592000.0,67964000.0,54974000.0,40860000.0,54185000.0,11221000.0,13814000.0
20201130,-3073640.0,9555570.0,8228970.0,11158150.0,9411120.0,6852590.0,8722630.0,2023020.0,3226620.0,49340000.0,42403000.0,57561000.0,48499000.0,35272000.0,45027000.0,10448000.0,16692000.0
20201201,-410710.0,7537330.0,6660660.0,7593490.0,8059440.0,5688970.0,5976280.0,2082380.0,2205780.0,39118000.0,34537000.0,39400000.0,41810000.0,29511000.0,31021000.0,10825000.0,11485000.0
20201202,-2702280.0,7593080.0,6577180.0,7950330.0,6263950.0,5072400.0,5433540.0,1592780.0,3933920.0,39748000.0,34405000.0,41613000.0,32779000.0,26549000.0,28416000.0,8340000.0,20650000.0
20201203,-2521360.0,7103440.0,4686310.0,5867470.0,5763240.0,3629730.0,5578050.0,1234110.0,1807150.0,37727000.0,24883000.0,31158000.0,30598000.0,19280000.0,29621000.0,6553000.0,9616000.0
20201204,1152090.0,4681720.0,5728320.0,5734930.0,5840420.0,2976140.0,3969560.0,2386980.0,241470.0,24757000.0,30240000.0,30293000.0,30858000.0,15696000.0,20980000.0,12608000.0,1276000.0
20201207,-474440.0,6286740.0,5389360.0,6556920.0,6979850.0,3726680.0,3483080.0,607710.0,1325750.0,32745000.0,28021000.0,34106000.0,36335000.0,19372000.0,18134000.0,3150000.0,6884000.0
20201208,-2186290.0,5825420.0,4537040.0,5225780.0,4327850.0,2019680.0,3568260.0,306240.0,943950.0,30825000.0,23945000.0,27616000.0,22873000.0,10656000.0,18874000.0,1600000.0,5004000.0
20201209,2098860.0,12738270.0,15445640.0,18644370.0,18035870.0,14053700.0,11483390.0,3093080.0,3564530.0,65925000.0,79843000.0,96307000.0,93216000.0,72485000.0,59225000.0,15900000.0,18333000.0
20201210,-3251080.0,9924940.0,8485420.0,10075680.0,8264110.0,4786090.0,6565220.0,1202020.0,2673970.0,52673000.0,44981000.0,53450000.0,43831000.0,25388000.0,34830000.0,6357000.0,14227000.0
20201211,-1055460.0,9697140.0,10566100.0,13105210.0,11180790.0,7485350.0,6906520.0,3204760.0,4839050.0,51729000.0,56209000.0,69812000.0,59564000.0,39912000.0,36852000.0,17185000.0,26012000.0
20201214,-2109110.0,8016950.0,5960030.0,7399710.0,7347510.0,4372060.0,4881110.0,470380.0,2070440.0,43963000.0,32636000.0,40559000.0,40258000.0,23948000.0,26779000.0,2580000.0,11376000.0
20201215,-1697280.0,5517750.0,2968030.0,4645240.0,5497680.0,2696330.0,3577380.0,410240.0,1226470.0,30637000.0,16465000.0,25785000.0,30512000.0,14972000.0,19869000.0,2277000.0,6825000.0
20201216,-1628990.0,4139050.0,2914290.0,3682280.0,3278050.0,2231520.0,3155400.0,0.0,705110.0,23098000.0,16238000.0,20534000.0,18279000.0,12448000.0,17618000.0,0.0,3944000.0
20201217,-593400.0,4472760.0,3647320.0,4326880.0,4558920.0,3005930.0,3255780.0,175530.0,519080.0,25162000.0,20476000.0,24321000.0,25641000.0,16914000.0,18351000.0,990000.0,2918000.0
20201218,-1553150.0,3412300.0,2560580.0,3667580.0,2966150.0,3765700.0,4944530.0,609690.0,984010.0,18977000.0,14245000.0,20393000.0,16501000.0,20925000.0,27471000.0,3389000.0,5469000.0
20201221,-6096390.0,5873720.0,3380110.0,7706210.0,4103440.0,7417540.0,11380680.0,1290640.0,3423890.0,32586000.0,18727000.0,42714000.0,22739000.0,41079000.0,63079000.0,7152000.0,18985000.0
20201222,-4215020.0,7486330.0,4258820.0,7720030.0,6732530.0,3823410.0,5197910.0,404210.0,3244730.0,42196000.0,23946000.0,43490000.0,37913000.0,21510000.0,29277000.0,2270000.0,18330000.0
20201223,-458350.0,4111350.0,4137690.0,5181420.0,4696740.0,4034820.0,3757130.0,1106090.0,1842130.0,23209000.0,23316000.0,29233000.0,26490000.0,22744000.0,21202000.0,6204000.0,10382000.0
20201224,-2964830.0,8314230.0,7677060.0,11331430.0,9003770.0,11467960.0,11631190.0,2433290.0,5234890.0,45944000.0,42340000.0,62553000.0,49652000.0,63101000.0,64148000.0,13404000.0,28862000.0
20201225,-2126240.0,6468780.0,4080240.0,5838410.0,6100710.0,3375270.0,5376150.0,670760.0,796120.0,36742000.0,23136000.0,33140000.0,34627000.0,19153000.0,30545000.0,3798000.0,4527000.0
20201228,-1602590.0,4857730.0,3175410.0,4679530.0,4759260.0,3410820.0,4000370.0,445730.0,1458770.0,27717000.0,18096000.0,26692000.0,27132000.0,19446000.0,22823000.0,2546000.0,8350000.0
20201229,789540.0,2892540.0,3253390.0,3997040.0,4425730.0,2955920.0,2284290.0,513580.0,395670.0,16429000.0,18457000.0,22692000.0,25116000.0,16777000.0,12975000.0,2900000.0,2250000.0
20201230,-2781970.0,4593530.0,3312880.0,5793150.0,4291840.0,3765860.0,3980640.0,389560.0,2956750.0,26277000.0,18892000.0,33111000.0,24502000.0,21501000.0,22776000.0,2224000.0,16944000.0
20201231,-13156930.0,14706240.0,9204670.0,20901490.0,13246130.0,15950240.0,20633660.0,6976410.0,15449920.0,82947000.0,51579000.0,117833000.0,74523000.0,89930000.0,116555000.0,39273000.0,87327000.0
20210104,91130.0,12518030.0,13486230.0,17530950.0,16653880.0,13730510.0,15472190.0,5139200.0,3306390.0,69138000.0,74261000.0,96763000.0,91799000.0,75703000.0,85427000.0,28188000.0,18304000.0
20210105,-2271000.0,10026380.0,8125700.0,11629600.0,11259270.0,9594450.0,9502750.0,1572390.0,3935090.0,55097000.0,44586000.0,63871000.0,61798000.0,52635000.0,52167000.0,8619000.0,21671000.0
20210106,3562250.0,11672870.0,13939390.0,15829690.0,17125440.0,15000520.0,13551670.0,3419540.0,1306140.0,63076000.0,75229000.0,85437000.0,92497000.0,80965000.0,73090000.0,18431000.0,7093000.0
20210107,-836670.0,11593380.0,11821810.0,17322110.0,16257020.0,14002780.0,14218230.0,4480950.0,5102170.0,62796000.0,63906000.0,93733000.0,87932000.0,75679000.0,76891000.0,24250000.0,27729000.0
20210108,-4385090.0,10767500.0,6758450.0,10877100.0,10501070.0,8971560.0,11730210.0,1508090.0,3134530.0,59188000.0,37094000.0,59749000.0,57681000.0,49235000.0,64419000.0,8260000.0,17239000.0
20210111,270360.0,8040330.0,9333780.0,11502180.0,10479090.0,10404670.0,10612610.0,3509470.0,3031170.0,44002000.0,50936000.0,62822000.0,57200000.0,56737000.0,57918000.0,19116000.0,16624000.0
20210112,5655850.0,11452800.0,16313810.0,18779410.0,19574240.0,18213270.0,14690980.0,5872790.0,3739230.0,61342000.0,87144000.0,100390000.0,104639000.0,97321000.0,78493000.0,31272000.0,20048000.0
20210113,828750.0,14839520.0,15496000.0,21315860.0,21488140.0,21753440.0,20219100.0,5726570.0,6432160.0,77862000.0,81048000.0,111592000.0,112481000.0,114018000.0,106007000.0,29855000.0,33792000.0
20210114,-2320400.0,12578870.0,9557930.0,14032130.0,14732670.0,10998180.0,11751230.0,3040420.0,4607770.0,66313000.0,50230000.0,73818000.0,77544000.0,57843000.0,61860000.0,16045000.0,24385000.0
20210115,-6902930.0,11779330.0,6871930.0,12535750.0,10540220.0,6734740.0,10390240.0,1898630.0,5146060.0,64082000.0,37329000.0,68155000.0,57274000.0,36629000.0,56558000.0,10343000.0,28048000.0
20210118,-769410.0,10103950.0,9056770.0,11722460.0,12000240.0,8503190.0,8067800.0,1914660.0,3119460.0,53593000.0,47999000.0,62140000.0,63618000.0,45078000.0,42764000.0,10151000.0,16581000.0
20210119,-1918580.0,7427280.0,6068870.0,8605460.0,8045290.0,4304260.0,5931900.0,550400.0,841340.0,40300000.0,32917000.0,46689000.0,43651000.0,23355000.0,32189000.0,2987000.0,4573000.0
20210120,391810.0,5569360.0,5880340.0,7197460.0,7278300.0,5643950.0,4275280.0,429690.0,1406550.0,30247000.0,31875000.0,39057000.0,39466000.0,30574000.0,23196000.0,2317000.0,7659000.0
20210121,-2098740.0,6122820.0,5141440.0,8001810.0,6884460.0,5044940.0,6181770.0,240700.0,1202610.0,33294000.0,27914000.0,43477000.0,37386000.0,27378000.0,33634000.0,1304000.0,6520000.0
20210122,-7845950.0,11473190.0,5395830.0,11578590.0,9810000.0,5026500.0,10974380.0,1104270.0,3002340.0,64016000.0,30106000.0,64583000.0,54736000.0,28069000.0,61250000.0,6187000.0,16763000.0
20210125,-7203210.0,9610780.0,4265520.0,8475820.0,6617860.0,4523190.0,9264420.0,773190.0,3235170.0,54606000.0,24171000.0,48096000.0,37535000.0,25716000.0,52618000.0,4382000.0,18475000.0
20210126,-3139160.0,7187950.0,4016320.0,6631250.0,6663720.0,2829310.0,5610880.0,870090.0,1227680.0,42007000.0,23455000.0,38748000.0,38937000.0,16541000.0,32799000.0,5085000.0,7189000.0
20210127,-2211560.0,4973700.0,2801050.0,3820580.0,3781670.0,1652910.0,3540440.0,179870.0,503900.0,28973000.0,16298000.0,22246000.0,22019000.0,9630000.0,20642000.0,1050000.0,2940000.0
20210128,-6413670.0,9655940.0,4485670.0,7995330.0,6751940.0,3624960.0,6985480.0,0.0,3053150.0,57624000.0,26714000.0,47680000.0,40242000.0,21604000.0,41682000.0,0.0,18270000.0
20210129,-4366960.0,8136170.0,4124070.0,7117750.0,6762900.0,4821710.0,6607100.0,511850.0,3093420.0,50495000.0,25568000.0,44226000.0,41980000.0,30073000.0,41084000.0,3187000.0,19349000.0
20210201,-7384580.0,11414100.0,4771240.0,10656200.0,9914480.0,5680420.0,11346440.0,3083440.0,4802000.0,73954000.0,30795000.0,69038000.0,64158000.0,36818000.0,73479000.0,19851000.0,31231000.0
20210202,-1409090.0,5213830.0,3630340.0,4804250.0,4978660.0,2990220.0,4181590.0,627350.0,845070.0,34223000.0,23812000.0,31525000.0,32660000.0,19605000.0,27463000.0,4139000.0,5556000.0
20210203,-2527760.0,9055170.0,5141340.0,7908230.0,9294300.0,4531200.0,6098140.0,813550.0,1774370.0,61292000.0,34727000.0,53441000.0,62998000.0,30648000.0,41237000.0,5508000.0,11927000.0
20210204,-2565440.0,7174930.0,5273110.0,6453970.0,5790350.0,3226710.0,5172380.0,846690.0,1466460.0,50624000.0,37200000.0,45535000.0,40827000.0,22767000.0,36566000.0,5991000.0,10325000.0
20210205,1071740.0,5803840.0,6436640.0,6572150.0,7011100.0,6875590.0,6893440.0,2183350.0,1093760.0,40491000.0,44679000.0,45697000.0,48687000.0,47881000.0,48018000.0,14961000.0,7646000.0
20210208,-2065960.0,5295880.0,4130430.0,5686180.0,4785670.0,2897010.0,5297250.0,595500.0,261220.0,36242000.0,28235000.0,38870000.0,32706000.0,19802000.0,36231000.0,4058000.0,1800000.0
20210209,-2525090.0,4633200.0,3630380.0,5928330.0,4406060.0,5473370.0,8023660.0,974550.0,949350.0,31646000.0,24776000.0,40472000.0,30062000.0,37273000.0,54744000.0,6649000.0,6457000.0
20210210,-4219740.0,5196980.0,2421280.0,6183080.0,4739040.0,3508740.0,6244450.0,937240.0,2421270.0,35646000.0,16593000.0,42407000.0,32494000.0,24071000.0,42835000.0,6434000.0,16637000.0
20210218,1458800.0,8024960.0,8604240.0,9000010.0,9879530.0,6838320.0,6279520.0,2859400.0,1959400.0,52910000.0,56603000.0,59381000.0,65080000.0,45035000.0,41457000.0,18852000.0,13039000.0
20210219,2594940.0,7053740.0,9143830.0,8530610.0,9035460.0,7203920.0,5871080.0,2795870.0,1533770.0,45035000.0,58299000.0,54461000.0,57650000.0,45887000.0,37407000.0,17778000.0,9805000.0
20210222,-3715180.0,11362200.0,7238250.0,11176010.0,11584770.0,5541440.0,8200390.0,199900.0,1256130.0,71505000.0,45437000.0,70213000.0,72820000.0,34764000.0,51595000.0,1266000.0,7895000.0
20210223,1300430.0,7773660.0,8596480.0,8521300.0,8998910.0,5349920.0,5387090.0,1768650.0,431050.0,48736000.0,53772000.0,53370000.0,56331000.0,33469000.0,33774000.0,10995000.0,2693000.0
20210224,-1757050.0,7062440.0,4919860.0,6678620.0,7064140.0,3569960.0,4859740.0,793080.0,1260350.0,44168000.0,30752000.0,41766000.0,44140000.0,22320000.0,30422000.0,4937000.0,7877000.0
20210225,-585030.0,5022740.0,4527090.0,5097600.0,5008220.0,2754810.0,3494430.0,659730.0,505140.0,31483000.0,28303000.0,31906000.0,31327000.0,17225000.0,21906000.0,4098000.0,3176000.0
20210226,-2245940.0,6046970.0,3617110.0,4670620.0,4854540.0,2421590.0,4209120.0,1160530.0,1618940.0,38799000.0,23193000.0,29979000.0,31134000.0,15550000.0,27043000.0,7469000.0,10427000.0
20210301,-435600.0,4242120.0,3455710.0,4004420.0,4355240.0,2444420.0,2936300.0,195880.0,139600.0,27161000.0,22113000.0,25637000.0,27874000.0,15635000.0,18809000.0,1255000.0,892000.0
20210302,-846250.0,4761360.0,3541580.0,4598860.0,4972390.0,2882550.0,3769780.0,896610.0,855630.0,30693000.0,22788000.0,29637000.0,32030000.0,18552000.0,24320000.0,5797000.0,5542000.0
20210303,-604300.0,3652750.0,2884160.0,3911830.0,4076130.0,2494580.0,2848170.0,133930.0,384640.0,23579000.0,18602000.0,25233000.0,26291000.0,16093000.0,18401000.0,868000.0,2479000.0
20210304,990620.0,4321870.0,5226330.0,5217600.0,5303780.0,4058700.0,3240890.0,812430.0,639620.0,27594000.0,33346000.0,33297000.0,33841000.0,25889000.0,20666000.0,5161000.0,4088000.0
20210305,238420.0,4201530.0,4054490.0,4383890.0,4769340.0,3756520.0,3212240.0,394540.0,700400.0,26841000.0,25841000.0,27963000.0,30418000.0,23927000.0,20491000.0,2502000.0,4483000.0
20210308,-762820.0,4604720.0,4035180.0,5243670.0,5050390.0,2948440.0,3715400.0,105500.0,101360.0,29393000.0,25715000.0,33452000.0,32228000.0,18795000.0,23730000.0,675000.0,641000.0
20210309,86380.0,5533940.0,5038030.0,5430730.0,6013020.0,2972110.0,3774430.0,1279090.0,390390.0,36547000.0,33191000.0,35870000.0,39686000.0,19574000.0,24915000.0,8376000.0,2574000.0
20210310,-1478270.0,3680990.0,2221350.0,3235460.0,3216830.0,2071690.0,2435770.0,0.0,1114190.0,24458000.0,14765000.0,21494000.0,21378000.0,13750000.0,16177000.0,0.0,7383000.0
20210311,-534860.0,3251930.0,2912500.0,3287510.0,3092070.0,1997010.0,2231020.0,481390.0,782240.0,21620000.0,19349000.0,21845000.0,20545000.0,13267000.0,14835000.0,3197000.0,5200000.0
20210312,-102580.0,3237290.0,3047330.0,3244780.0,3332150.0,1767320.0,2112290.0,618200.0,375810.0,21540000.0,20242000.0,21566000.0,22142000.0,11729000.0,14053000.0,4093000.0,2492000.0
20210315,-863570.0,3853870.0,2840520.0,3084780.0,3234560.0,2146120.0,2379150.0,0.0,630540.0,25624000.0,18867000.0,20508000.0,21483000.0,14258000.0,15841000.0,0.0,4200000.0
20210316,-58850.0,2823930.0,2546960.0,2390250.0,2608350.0,847090.0,1156110.0,385320.0,135150.0,18841000.0,16993000.0,15942000.0,17397000.0,5648000.0,7712000.0,2572000.0,901000.0
20210317,136480.0,3576920.0,4053430.0,4549930.0,4209900.0,3189450.0,3308270.0,460910.0,205610.0,23625000.0,26716000.0,29994000.0,27747000.0,20989000.0,21819000.0,3034000.0,1360000.0
20210318,-854140.0,2860150.0,2193480.0,3094860.0,2907390.0,1828460.0,2397380.0,112950.0,398170.0,18926000.0,14501000.0,20472000.0,19225000.0,12092000.0,15869000.0,750000.0,2645000.0
20210319,-1046840.0,3366580.0,3152980.0,4291800.0,3458550.0,1980270.0,2188220.0,346480.0,1185370.0,22324000.0,20874000.0,28423000.0,22908000.0,13117000.0,14510000.0,2291000.0,7863000.0
20210322,-274550.0,2457740.0,2493810.0,3248170.0,2937540.0,1268430.0,1577220.0,370800.0,336560.0,16271000.0,16506000.0,21498000.0,19441000.0,8396000.0,10442000.0,2453000.0,2230000.0
20210323,-736510.0,3976040.0,3139640.0,3818580.0,3918480.0,2227850.0,2941190.0,222060.0,245230.0,26571000.0,20964000.0,25505000.0,26169000.0,14876000.0,19659000.0,1484000.0,1643000.0
20210324,-34570.0,3762970.0,3078210.0,3116740.0,3766930.0,1890270.0,2448320.0,686840.0,163360.0,25455000.0,20826000.0,21105000.0,25476000.0,12771000.0,16578000.0,4649000.0,1100000.0
20210325,-705420.0,2793890.0,2085350.0,2675010.0,2678130.0,1601460.0,2307510.0,231640.0,231010.0,19007000.0,14180000.0,18194000.0,18221000.0,10891000.0,15703000.0,1581000.0,1569000.0
20210326,-105820.0,2172850.0,1728570.0,2029540.0,2368000.0,1148640.0,1128600.0,287930.0,413790.0,14793000.0,11763000.0,13814000.0,16117000.0,7815000.0,7683000.0,1960000.0,2820000.0
20210329,85300.0,3169210.0,3571890.0,3226130.0,2908750.0,1638120.0,1483840.0,697600.0,766580.0,21567000.0,24271000.0,21940000.0,19784000.0,11122000.0,10100000.0,4744000.0,5218000.0
20210330,2788780.0,6912570.0,7840360.0,8391600.0,10252580.0,6822060.0,5303940.0,2071290.0,800630.0,45638000.0,51707000.0,55389000.0,67610000.0,44913000.0,34977000.0,13678000.0,5323000.0
20210331,1789150.0,4601160.0,5519710.0,5749780.0,6620390.0,5004860.0,3336950.0,987370.0,866130.0,30286000.0,36221000.0,37760000.0,43472000.0,32845000.0,21935000.0,6429000.0,5691000.0
20210401,1184970.0,4223450.0,4799730.0,4782120.0,5390810.0,3551630.0,2526540.0,1283120.0,1123240.0,27559000.0,31271000.0,31182000.0,35104000.0,23096000.0,16459000.0,8335000.0,7338000.0
20210402,-1800720.0,4366910.0,3266410.0,4888650.0,4188430.0,2803620.0,3251560.0,0.0,1352780.0,28677000.0,21408000.0,32084000.0,27465000.0,18361000.0,21334000.0,0.0,8915000.0
20210406,-8193180.0,22298390.0,20526940.0,31142720.0,24720990.0,27496240.0,37796150.0,29748460.0,27641730.0,137586000.0,126227000.0,192181000.0,152146000.0,168950000.0,232601000.0,179145000.0,166889000.0
20210407,1491100.0,22959370.0,23495220.0,32674960.0,33630210.0,41477380.0,47366770.0,43853860.0,36473370.0,136318000.0,139444000.0,194261000.0,199947000.0,246681000.0,280778000.0,259805000.0,216897000.0
20210408,-8988730.0,21212660.0,14459830.0,23782720.0,21546820.0,21670590.0,20844860.0,5890150.0,15704610.0,130641000.0,88851000.0,146354000.0,132409000.0,133221000.0,128112000.0,36181000.0,97026000.0
20210409,4252150.0,11371090.0,14284230.0,16804320.0,18143330.0,18744700.0,17861050.0,7192210.0,3823710.0,68818000.0,86098000.0,101619000.0,109485000.0,112967000.0,107824000.0,43049000.0,23045000.0
20210412,2471850.0,14627500.0,14976340.0,21610140.0,23733160.0,25686270.0,21927380.0,16555940.0,17842980.0,86416000.0,88191000.0,127470000.0,139922000.0,151092000.0,129100000.0,96807000.0,104572000.0
20210413,-3551850.0,12365360.0,8556200.0,13527680.0,13784990.0,10708340.0,12240460.0,3678990.0,5698720.0,75856000.0,52418000.0,82965000.0,84474000.0,65630000.0,75071000.0,22604000.0,35091000.0
20210414,-5675660.0,10716740.0,7084970.0,12387250.0,10343370.0,7245910.0,10720080.0,709980.0,2911470.0,66475000.0,43879000.0,76867000.0,64105000.0,44934000.0,66615000.0,4393000.0,18070000.0
20210415,-589450.0,9208550.0,8749740.0,11546930.0,11416290.0,9729660.0,9537780.0,2262590.0,3043920.0,57501000.0,54356000.0,71991000.0,71051000.0,60441000.0,59615000.0,14033000.0,18944000.0
20210416,7107780.0,11564350.0,14537690.0,16802830.0,20937280.0,21644170.0,14302730.0,1942870.0,2176530.0,70015000.0,87822000.0,101577000.0,126516000.0,130642000.0,86340000.0,11643000.0,13199000.0
20210419,-2750320.0,20848660.0,18882390.0,24153700.0,23369640.0,27614480.0,23670400.0,8100810.0,14795210.0,121928000.0,110388000.0,141245000.0,136675000.0,161310000.0,138260000.0,47236000.0,86396000.0
20210420,-2276210.0,16092730.0,16008340.0,20413950.0,18222120.0,22757620.0,22342610.0,7463620.0,10154840.0,93295000.0,92713000.0,118261000.0,105524000.0,131561000.0,129283000.0,43160000.0,58756000.0
20210421,-6367600.0,12633600.0,8846930.0,13270630.0,10689710.0,12030610.0,11618620.0,3586830.0,10366420.0,74841000.0,52329000.0,78589000.0,63246000.0,71186000.0,68741000.0,21218000.0,61517000.0
20210422,-12879070.0,17621760.0,10097550.0,18669660.0,13314790.0,15502040.0,22145130.0,5681290.0,11917270.0,105732000.0,60379000.0,111798000.0,79431000.0,92314000.0,132516000.0,33644000.0,71163000.0
20210423,-15750550.0,15764340.0,6774470.0,17083490.0,10322820.0,11311320.0,16503240.0,3371820.0,13930450.0,97834000.0,41923000.0,105907000.0,63978000.0,70034000.0,102219000.0,20771000.0,86426000.0
20210426,-9470560.0,14186380.0,7301840.0,15281270.0,12695250.0,14956770.0,23358910.0,7223700.0,8292120.0,88943000.0,45665000.0,95696000.0,79540000.0,93455000.0,146348000.0,45395000.0,51936000.0
20210427,30990.0,10417770.0,10585030.0,13813130.0,13676840.0,14983420.0,11461110.0,3146420.0,6637740.0,66618000.0,67282000.0,88062000.0,87046000.0,95333000.0,73010000.0,19976000.0,42651000.0
20210428,-6996310.0,7233720.0,7127200.0,16150950.0,9261150.0,6555180.0,11846450.0,2806430.0,4511470.0,45510000.0,44775000.0,101515000.0,58193000.0,41222000.0,74481000.0,17627000.0,28425000.0
20210429,-4927410.0,8474690.0,5108300.0,9032790.0,7471770.0,6809900.0,8327720.0,1123050.0,4532640.0,53439000.0,32115000.0,56898000.0,47043000.0,42883000.0,52495000.0,7082000.0,28649000.0
20210430,-2252530.0,9112660.0,6400780.0,8751310.0,9210650.0,9420850.0,8688840.0,795460.0,3780000.0,58819000.0,41221000.0,56460000.0,59370000.0,60716000.0,56074000.0,5132000.0,24462000.0
20210506,23093900.0,19371230.0,33795250.0,32516330.0,41186210.0,41079130.0,35845480.0,41914000.0,24053750.0,114281000.0,199440000.0,192148000.0,243061000.0,242473000.0,211236000.0,245819000.0,140985000.0
20210507,-16819070.0,46196400.0,35985530.0,57105170.0,50496970.0,62628550.0,66261310.0,23633940.0,36820250.0,260493000.0,202490000.0,321579000.0,284287000.0,352387000.0,372493000.0,133243000.0,208432000.0
20210510,-1544060.0,29252000.0,28344020.0,37071780.0,36435700.0,34817510.0,35835090.0,19733240.0,20259720.0,166528000.0,161098000.0,210767000.0,206831000.0,197559000.0,203343000.0,111428000.0,115010000.0
20210511,603660.0,21702480.0,20961820.0,21478960.0,22823270.0,26358440.0,23701850.0,6432200.0,8485130.0,123425000.0,119015000.0,121947000.0,129520000.0,149633000.0,134656000.0,36541000.0,48355000.0
20210512,-6068640.0,24998410.0,23554660.0,25962400.0,21337500.0,23048550.0,21737290.0,6984090.0,14363990.0,141065000.0,132772000.0,146283000.0,120175000.0,129731000.0,122352000.0,39183000.0,80963000.0
20210513,-8387630.0,22142750.0,20356200.0,27839090.0,21238020.0,23638430.0,27266750.0,9026340.0,13785650.0,124104000.0,113966000.0,155776000.0,118891000.0,132019000.0,152278000.0,50259000.0,77024000.0
20210514,358810.0,17015550.0,17515020.0,20815180.0,20674520.0,17622230.0,17202200.0,7840580.0,7901800.0,96566000.0,99119000.0,118061000.0,117089000.0,99725000.0,97564000.0,44241000.0,44821000.0
20210517,-3419350.0,19528050.0,18057450.0,25338220.0,23389470.0,20068950.0,22614640.0,9635980.0,10509640.0,110875000.0,102175000.0,143852000.0,132432000.0,113637000.0,128431000.0,54440000.0,59766000.0
20210518,-8558300.0,31796270.0,29005650.0,38993440.0,33225760.0,34168620.0,38935020.0,28467160.0,32259060.0,176526000.0,160450000.0,215811000.0,183885000.0,188679000.0,215425000.0,156240000.0,177496000.0
20210519,-20703380.0,29227610.0,12424010.0,27036250.0,23136470.0,20280090.0,27886640.0,5359450.0,18456280.0,169525000.0,71914000.0,156765000.0,133953000.0,117394000.0,161706000.0,31014000.0,107126000.0
20210520,-4637910.0,13204280.0,10840290.0,16544490.0,14270570.0,12356860.0,13507920.0,1910810.0,5397660.0,76983000.0,63121000.0,96415000.0,83127000.0,71997000.0,78747000.0,11117000.0,31517000.0
20210521,-2083890.0,11974490.0,12807060.0,17660100.0,14743630.0,15523120.0,16912750.0,6239180.0,6933440.0,70167000.0,74816000.0,103283000.0,86215000.0,90720000.0,98999000.0,36355000.0,40496000.0
20210524,3544540.0,15059320.0,18114830.0,19949360.0,20438400.0,21193650.0,20090230.0,11314090.0,8872970.0,86435000.0,103834000.0,114402000.0,117220000.0,121421000.0,115191000.0,64937000.0,50950000.0
20210525,-5264760.0,15116970.0,13422460.0,20939400.0,17369150.0,19480570.0,23734880.0,16641900.0,17652350.0,86856000.0,76929000.0,120202000.0,99715000.0,111768000.0,136272000.0,95414000.0,101325000.0
20210526,-5162000.0,16596550.0,14105720.0,21475660.0,18804490.0,14677210.0,18138510.0,7993910.0,9694610.0,94466000.0,80151000.0,122084000.0,106844000.0,83319000.0,103076000.0,45418000.0,55214000.0
20210527,3894240.0,13080970.0,16621280.0,22485280.0,22839220.0,22707860.0,18371820.0,29760540.0,30202340.0,74517000.0,94329000.0,127990000.0,129714000.0,128841000.0,104405000.0,165299000.0,168200000.0
20210528,-4055050.0,21280000.0,21851780.0,26478370.0,21851530.0,19958560.0,19121490.0,6590410.0,11482530.0,120532000.0,123633000.0,149847000.0,123580000.0,112789000.0,108185000.0,37174000.0,64944000.0
20210531,-14133410.0,25490540.0,16606430.0,27415110.0,22165800.0,20923840.0,29339020.0,3359500.0,9077730.0,148147000.0,96385000.0,159208000.0,128663000.0,121363000.0,170395000.0,19492000.0,52767000.0
20210601,-13422530.0,27270490.0,20459660.0,27926390.0,21314690.0,19102390.0,24830980.0,2735150.0,10429090.0,161935000.0,121370000.0,165788000.0,126515000.0,113347000.0,147471000.0,16257000.0,61971000.0
20210602,-8208100.0,20962980.0,14888910.0,20068440.0,17934410.0,15916340.0,18181150.0,2781310.0,8724600.0,126032000.0,89377000.0,120462000.0,107646000.0,95697000.0,109268000.0,16748000.0,52647000.0
20210603,-635240.0,11892070.0,11728850.0,14064800.0,13592780.0,8397100.0,8733720.0,1511160.0,1809780.0,71446000.0,70448000.0,84498000.0,81649000.0,50425000.0,52474000.0,9068000.0,10866000.0
20210604,3546670.0,11236340.0,14162160.0,13441540.0,14062400.0,10808610.0,9948590.0,6238580.0,3551930.0,66984000.0,84412000.0,80119000.0,83848000.0,64411000.0,59305000.0,37212000.0,21161000.0
20210607,-2143060.0,12377500.0,11552730.0,13172280.0,11853990.0,7866700.0,8949980.0,2447210.0,3506990.0,73918000.0,68883000.0,78614000.0,70718000.0,46916000.0,53440000.0,14593000.0,21001000.0
20210608,-548500.0,13140040.0,13653960.0,17915180.0,16852770.0,12204910.0,13527120.0,3462260.0,2688550.0,78544000.0,81540000.0,106997000.0,100647000.0,72818000.0,80744000.0,20701000.0,16130000.0
20210609,-7259200.0,18258940.0,15105990.0,22100690.0,17994430.0,11996940.0,17417830.0,1827190.0,3665500.0,106876000.0,88341000.0,129255000.0,105203000.0,70131000.0,101884000.0,10692000.0,21525000.0
20210610,-2560710.0,16919830.0,17369210.0,23755950.0,20745850.0,18463940.0,23880560.0,6775890.0,3919980.0,99126000.0,101618000.0,139054000.0,121418000.0,107995000.0,139767000.0,39525000.0,22896000.0
20210611,-8791350.0,20662850.0,14109020.0,23074470.0,20836960.0,13942670.0,17738760.0,5280500.0,10275760.0,122132000.0,83266000.0,136343000.0,123050000.0,82387000.0,104797000.0,31446000.0,61195000.0
20210615,142060.0,14288350.0,14133450.0,14797150.0,15094120.0,9234970.0,9082910.0,1963190.0,1973190.0,84532000.0,83577000.0,87583000.0,89309000.0,54653000.0,53792000.0,11600000.0,11691000.0
20210616,-1564760.0,12665070.0,12773840.0,15473110.0,13799580.0,11467920.0,12336460.0,3932840.0,4629060.0,74844000.0,75407000.0,91269000.0,81368000.0,67481000.0,72632000.0,23118000.0,27305000.0
20210617,-2064320.0,12169830.0,11698710.0,15663120.0,14069920.0,10263210.0,11341670.0,1977230.0,2963090.0,71711000.0,68910000.0,92215000.0,82865000.0,60381000.0,66727000.0,11601000.0,17407000.0
20210618,-1599460.0,12676820.0,11988380.0,16713060.0,15802050.0,12576230.0,11942500.0,7707710.0,9940900.0,74636000.0,70458000.0,98321000.0,92898000.0,73928000.0,70251000.0,45417000.0,58695000.0
20210621,-4079790.0,15371630.0,13453770.0,19794000.0,17632060.0,10935140.0,14317040.0,3475110.0,4173000.0,91109000.0,79562000.0,117133000.0,104325000.0,64614000.0,84705000.0,20548000.0,24812000.0
20210622,4156850.0,18826920.0,22197600.0,25565880.0,26352060.0,21752460.0,20133110.0,8195850.0,5658350.0,109092000.0,128436000.0,148129000.0,152531000.0,125849000.0,116588000.0,47304000.0,32819000.0
20210623,-4506420.0,16851220.0,14084250.0,19952180.0,18212740.0,13072220.0,16722240.0,3751740.0,4608140.0,97317000.0,81242000.0,115159000.0,105057000.0,75361000.0,96487000.0,21611000.0,26663000.0
20210624,-3369470.0,13011760.0,11205850.0,16519670.0,14956100.0,10289660.0,13283710.0,2642010.0,3017430.0,75710000.0,65103000.0,96049000.0,86888000.0,59772000.0,77254000.0,15310000.0,17597000.0
20210625,-7995750.0,17213170.0,11688650.0,18405570.0,15934340.0,11513230.0,14173230.0,1620000.0,6955750.0,101806000.0,69103000.0,108828000.0,94151000.0,68052000.0,83847000.0,9591000.0,41176000.0
20210628,-8861720.0,18345540.0,10635580.0,16160440.0,15008670.0,7147460.0,12180650.0,1268400.0,5096930.0,109770000.0,63626000.0,96649000.0,89763000.0,42721000.0,72824000.0,7559000.0,30486000.0
20210629,-7656230.0,15326040.0,9569340.0,15338300.0,13438770.0,6578890.0,10553440.0,1737270.0,5418950.0,93242000.0,58080000.0,93256000.0,81651000.0,40067000.0,64235000.0,10562000.0,33159000.0
20210630,-804720.0,10000170.0,9090630.0,10729730.0,10834550.0,5070450.0,5989130.0,633760.0,519800.0,61334000.0,55666000.0,65756000.0,66415000.0,31032000.0,36735000.0,3883000.0,3188000.0
20210701,-2212330.0,11414430.0,8464830.0,10387740.0,11125000.0,6000650.0,7574540.0,1579540.0,2217980.0,70344000.0,52097000.0,63960000.0,68509000.0,36987000.0,46701000.0,9726000.0,13711000.0
20210702,-491110.0,23410320.0,23279920.0,30473190.0,30112470.0,22368390.0,22245690.0,8730510.0,9344320.0,139696000.0,138605000.0,181453000.0,179172000.0,132886000.0,132333000.0,51911000.0,55835000.0
20210705,-3697710.0,13874810.0,11036490.0,14341990.0,13482590.0,8307190.0,9016950.0,3281770.0,6269720.0,85247000.0,67743000.0,88074000.0,82765000.0,50999000.0,55390000.0,20126000.0,38548000.0
20210706,-3254100.0,16281790.0,11849710.0,16527760.0,17705730.0,10599170.0,10308220.0,1558180.0,5103230.0,101191000.0,73508000.0,102662000.0,109939000.0,65783000.0,64086000.0,9679000.0,31783000.0
20210707,-1242720.0,10917080.0,8697550.0,12793430.0,13770240.0,6161280.0,8051920.0,1907620.0,1259700.0,67688000.0,53904000.0,79304000.0,85355000.0,38181000.0,49921000.0,11824000.0,7818000.0
20210708,-4950370.0,19399890.0,15990860.0,22503930.0,20962580.0,9942890.0,10243460.0,3452090.0,8101890.0,121499000.0,100042000.0,140809000.0,131142000.0,62196000.0,64166000.0,21587000.0,50740000.0
20210709,-667770.0,9193190.0,8385650.0,9767630.0,9907400.0,6392910.0,6573460.0,2343400.0,2830620.0,58004000.0,52868000.0,61616000.0,62484000.0,40329000.0,41485000.0,14859000.0,17971000.0
20210712,-273440.0,10962610.0,11195300.0,13151140.0,12645010.0,7470730.0,8100410.0,1374280.0,1018040.0,68627000.0,70064000.0,82317000.0,79137000.0,46755000.0,50709000.0,8596000.0,6386000.0
20210713,1883380.0,9719720.0,11218800.0,13327540.0,13711850.0,10289840.0,8240810.0,1256300.0,1421950.0,60940000.0,70204000.0,83449000.0,85834000.0,64353000.0,51628000.0,7841000.0,8916000.0
20210714,-5680070.0,12219450.0,8418030.0,11610780.0,9732140.0,7832980.0,9716420.0,1464420.0,5261050.0,77145000.0,53071000.0,73255000.0,61359000.0,49387000.0,61285000.0,9246000.0,33318000.0
20210715,-3781420.0,12303880.0,8585370.0,12022060.0,11959150.0,6005960.0,9982390.0,3328910.0,3133900.0,79094000.0,55069000.0,77306000.0,76813000.0,38593000.0,64177000.0,21277000.0,20211000.0
20210716,3655310.0,11652020.0,14655760.0,16206130.0,16857700.0,12325470.0,9197910.0,1696360.0,1168610.0,74227000.0,93254000.0,103254000.0,107354000.0,78304000.0,58541000.0,10761000.0,7397000.0
20210719,-3632770.0,10887070.0,8099210.0,11769470.0,10924550.0,5894150.0,7431510.0,936160.0,3031570.0,70103000.0,52112000.0,75728000.0,70269000.0,37869000.0,47838000.0,6028000.0,19508000.0
20210720,1523330.0,6890370.0,7632160.0,8591360.0,9372900.0,5844510.0,4497480.0,704150.0,527850.0,44084000.0,48760000.0,54928000.0,59941000.0,37328000.0,28773000.0,4490000.0,3356000.0
20210721,-2386700.0,9294190.0,7685400.0,10313030.0,9535120.0,5345920.0,6651940.0,395050.0,1475730.0,59259000.0,48988000.0,65763000.0,60768000.0,34064000.0,42432000.0,2513000.0,9412000.0
20210722,-2023190.0,8963660.0,6757320.0,8891490.0,9074640.0,5342270.0,6699670.0,1394830.0,2060620.0,57653000.0,43448000.0,57184000.0,58355000.0,34343000.0,43091000.0,8967000.0,13253000.0
20210723,-4050210.0,15751930.0,12870990.0,17376160.0,16206900.0,11379280.0,13850950.0,2783560.0,4362100.0,101918000.0,83092000.0,112267000.0,104714000.0,73366000.0,89465000.0,17982000.0,28263000.0
20210726,7360100.0,20795260.0,24718310.0,25771010.0,29208070.0,20416850.0,17563810.0,7375790.0,2868730.0,130083000.0,154394000.0,161006000.0,182454000.0,127409000.0,109722000.0,45954000.0,17881000.0
20210727,-1570670.0,16470570.0,15945080.0,21406640.0,20361460.0,14734270.0,13994200.0,1769080.0,4079820.0,103802000.0,100166000.0,134670000.0,127896000.0,92456000.0,88020000.0,11021000.0,25868000.0
20210728,-5975780.0,15686900.0,10178040.0,14486440.0,14019520.0,7607700.0,10463390.0,1163210.0,4283300.0,102960000.0,66788000.0,95020000.0,91928000.0,49952000.0,68654000.0,7619000.0,28180000.0
20210729,-1010020.0,10995080.0,10571090.0,12141760.0,11555720.0,7383610.0,7067000.0,1195630.0,2522260.0,72607000.0,69739000.0,80147000.0,76254000.0,48739000.0,46678000.0,7867000.0,16689000.0
20210730,-3890160.0,13963390.0,9774610.0,14202600.0,14501220.0,8456920.0,11206370.0,882160.0,2022870.0,94435000.0,66097000.0,96026000.0,98052000.0,57190000.0,75797000.0,5977000.0,13684000.0
20210802,85730.0,11868120.0,13011090.0,15837830.0,14780600.0,9899320.0,9675160.0,1727160.0,1865590.0,78825000.0,86284000.0,105191000.0,98206000.0,65743000.0,64305000.0,11529000.0,12494000.0
20210803,-2327220.0,11884790.0,9155940.0,11825010.0,12226640.0,6860860.0,8974250.0,1215900.0,1429730.0,78181000.0,60189000.0,77790000.0,80401000.0,45116000.0,59075000.0,8006000.0,9429000.0
20210804,-686840.0,7227470.0,7355290.0,8827810.0,8013150.0,4528340.0,4688130.0,1386860.0,1913910.0,47698000.0,48531000.0,58265000.0,52875000.0,29870000.0,30936000.0,9156000.0,12647000.0
20210805,35000590.0,20864310.0,40394810.0,34675170.0,50145260.0,36237840.0,35085200.0,47638890.0,13790940.0,129673000.0,249106000.0,215330000.0,308796000.0,223407000.0,215399000.0,288532000.0,83640000.0
20210806,-21215540.0,43681580.0,30553280.0,51507700.0,43420450.0,36398030.0,40069200.0,12113850.0,29658220.0,260608000.0,182183000.0,306965000.0,258782000.0,216715000.0,238708000.0,71927000.0,176542000.0
20210809,-371900.0,30858920.0,31515610.0,35294480.0,34265890.0,27687660.0,27361100.0,11060530.0,11758990.0,182464000.0,186253000.0,208607000.0,202308000.0,163486000.0,161548000.0,65061000.0,69511000.0
20210810,2620530.0,32597640.0,35063120.0,36918260.0,37073310.0,27096780.0,24476000.0,8392230.0,8392480.0,189548000.0,203601000.0,214592000.0,215367000.0,157249000.0,142215000.0,48612000.0,48818000.0
20210811,-5005050.0,27765650.0,23443520.0,26041840.0,25358920.0,13985250.0,16621930.0,3635410.0,6003780.0,162012000.0,136713000.0,151896000.0,147906000.0,81581000.0,97013000.0,21188000.0,35044000.0
20210812,-4831870.0,23210450.0,18878870.0,21233220.0,20732920.0,10563650.0,15271480.0,4850070.0,4974110.0,136153000.0,110648000.0,124471000.0,121488000.0,61843000.0,89530000.0,28427000.0,29228000.0
20210813,5783130.0,39075070.0,43441470.0,51734770.0,53151490.0,40401800.0,40568780.0,15577120.0,9627010.0,221232000.0,245676000.0,292740000.0,300518000.0,228285000.0,229402000.0,87683000.0,54345000.0
20210816,-2343210.0,38658540.0,38212170.0,43404170.0,41507330.0,29344320.0,30400020.0,8384560.0,9672070.0,219086000.0,216037000.0,245249000.0,234287000.0,165413000.0,171586000.0,47000000.0,54838000.0
20210817,3616740.0,35806200.0,37912980.0,41793080.0,43303040.0,30712070.0,28402880.0,15016910.0,13709360.0,203399000.0,215007000.0,237140000.0,245736000.0,174135000.0,161142000.0,85127000.0,77917000.0
20210818,1031780.0,42116860.0,42358250.0,43088950.0,43879340.0,30817790.0,31336310.0,9586530.0,8036230.0,236756000.0,237753000.0,242084000.0,246477000.0,172974000.0,176177000.0,53689000.0,45097000.0
20210819,-4889280.0,28925660.0,21398710.0,26907050.0,29544720.0,19255400.0,22307140.0,5782250.0,7619790.0,162021000.0,119763000.0,150642000.0,165415000.0,107728000.0,124887000.0,32303000.0,42630000.0
20210820,-9517830.0,45357160.0,34367740.0,46115000.0,47586580.0,34407150.0,47410220.0,23197890.0,19712650.0,249400000.0,188554000.0,253284000.0,261287000.0,188551000.0,260059000.0,126486000.0,107821000.0
20210823,-2774170.0,42385050.0,40274820.0,51104270.0,50440320.0,44924270.0,51779180.0,28450880.0,24370140.0,226962000.0,214823000.0,272911000.0,269199000.0,239981000.0,277062000.0,151536000.0,130305000.0
20210824,-6577860.0,29817590.0,25698330.0,39684200.0,37225580.0,29644850.0,32885240.0,13851750.0,17189220.0,159933000.0,137235000.0,212608000.0,199188000.0,158636000.0,176069000.0,73482000.0,92168000.0
20210825,22224240.0,35063480.0,48815850.0,58344380.0,66816240.0,67791170.0,66154520.0,108777230.0,88189640.0,174754000.0,241927000.0,290434000.0,330264000.0,337051000.0,326599000.0,528819000.0,432267000.0
20210826,-45026600.0,80463160.0,59930890.0,122222490.0,97728160.0,116588880.0,114262850.0,51671880.0,99024510.0,369442000.0,274660000.0,561242000.0,448264000.0,535968000.0,524751000.0,237998000.0,456975000.0
20210827,-756570.0,56940120.0,58129440.0,80795420.0,78849530.0,71106460.0,75918460.0,41945230.0,37889800.0,258745000.0,263497000.0,366406000.0,357471000.0,321969000.0,343850000.0,189792000.0,172094000.0
20210830,-12285820.0,61631130.0,49670110.0,77963790.0,77638990.0,69909490.0,69353590.0,39175740.0,52017460.0,277714000.0,223059000.0,350065000.0,348089000.0,312961000.0,311126000.0,175406000.0,233872000.0
20210831,32144760.0,59385120.0,71161530.0,84164410.0,104532750.0,91329740.0,99414760.0,125322350.0,85092570.0,258505000.0,307358000.0,365947000.0,452398000.0,395431000.0,429795000.0,533259000.0,363591000.0
20210901,18324010.0,30447470.0,40834880.0,52155400.0,60091990.0,76813790.0,71280640.0,116255010.0,103464150.0,120643000.0,160112000.0,206567000.0,236503000.0,303484000.0,280940000.0,451136000.0,404275000.0
20210902,-36684400.0,122369690.0,89952950.0,151566250.0,147298590.0,146743220.0,152085460.0,107462780.0,138804940.0,463744000.0,340558000.0,573568000.0,557444000.0,555235000.0,575001000.0,402777000.0,522322000.0
20210903,-37017780.0,122387190.0,94329810.0,148670720.0,139710320.0,119827410.0,136805170.0,74719270.0,94759290.0,480318000.0,367124000.0,582083000.0,545927000.0,467683000.0,535894000.0,291466000.0,372607000.0
20210906,-23090170.0,79626940.0,62056160.0,100604120.0,95084740.0,79888560.0,100416550.0,37266830.0,39829010.0,322451000.0,250804000.0,406817000.0,384451000.0,323115000.0,406476000.0,150711000.0,161364000.0
20210907,4208640.0,66257990.0,66576010.0,88400390.0,92291020.0,85790650.0,84222570.0,44844610.0,42204050.0,264184000.0,265251000.0,352127000.0,367609000.0,341458000.0,335250000.0,178416000.0,168075000.0
20210908,2887890.0,80297500.0,83102130.0,121425860.0,121509130.0,116247180.0,135875070.0,72266530.0,49750750.0,305879000.0,315362000.0,461757000.0,462006000.0,440685000.0,516420000.0,275354000.0,189887000.0
20210909,33212550.0,84386260.0,104872920.0,130496890.0,143222770.0,145577830.0,147886490.0,135799350.0,100278140.0,304256000.0,375540000.0,469988000.0,514382000.0,521652000.0,530393000.0,479440000.0,355022000.0
20210910,-102380290.0,162492430.0,78942040.0,174873840.0,156043950.0,165881590.0,197896800.0,67480600.0,137845680.0,600221000.0,289264000.0,643535000.0,573062000.0,608549000.0,729167000.0,247066000.0,507878000.0
20210913,-24582720.0,83725290.0,65206870.0,112155180.0,106090870.0,106910500.0,137606150.0,63548660.0,57435730.0,314082000.0,244045000.0,420382000.0,397378000.0,400620000.0,515999000.0,238080000.0,215742000.0
20210914,-51102450.0,104566680.0,62367510.0,115039070.0,106135790.0,102649880.0,130799320.0,43328140.0,66281150.0,411124000.0,244850000.0,452586000.0,417057000.0,404234000.0,514801000.0,170294000.0,261529000.0
20210915,-35076380.0,79098750.0,46444120.0,77566830.0,75145080.0,71371400.0,93763770.0,27560290.0,40244300.0,317905000.0,186356000.0,311423000.0,301488000.0,286437000.0,376459000.0,110616000.0,162078000.0
20210916,12518770.0,70209330.0,73696690.0,84726280.0,93757690.0,83532800.0,78745390.0,60543390.0,52812030.0,280687000.0,293854000.0,338066000.0,373903000.0,333145000.0,314064000.0,241231000.0,211309000.0
20210917,39572980.0,72915760.0,95931910.0,97466340.0,114023160.0,106417030.0,92067560.0,60484770.0,35261260.0,282941000.0,371424000.0,377975000.0,441685000.0,412266000.0,356694000.0,233433000.0,136811000.0
20210922,59478630.0,80850340.0,117836050.0,126138650.0,148631550.0,138336910.0,143373170.0,157725110.0,93210220.0,292268000.0,425020000.0,456526000.0,536143000.0,500642000.0,517097000.0,563572000.0,334748000.0
20210923,3275120.0,106153720.0,107350630.0,148337370.0,150415590.0,153888120.0,155310620.0,113645010.0,108947390.0,363487000.0,366855000.0,508083000.0,514540000.0,527398000.0,531065000.0,387201000.0,373708000.0
20210924,-41642990.0,107175590.0,80329650.0,128968360.0,114171320.0,115209670.0,125552080.0,55395750.0,86696330.0,361800000.0,269950000.0,434382000.0,384466000.0,387430000.0,422752000.0,185677000.0,292122000.0
20210927,-55152640.0,111238740.0,70063360.0,126387380.0,112410120.0,102693290.0,113856440.0,44686820.0,88676310.0,408005000.0,255919000.0,462639000.0,410562000.0,375274000.0,416205000.0,162859000.0,326091000.0
20210928,-23303230.0,71341900.0,53738690.0,79124290.0,73424270.0,59775650.0,61544280.0,44330480.0,65865080.0,266729000.0,200518000.0,295603000.0,273951000.0,223127000.0,229765000.0,165231000.0,246457000.0
20210929,-63281910.0,104593760.0,57164060.0,106890310.0,91038100.0,85226170.0,95622790.0,33712350.0,86597640.0,424359000.0,230803000.0,432263000.0,367420000.0,343502000.0,385919000.0,136171000.0,352153000.0
20210930,-16672310.0,82097070.0,62948610.0,71242960.0,73719100.0,41995110.0,53297810.0,12145890.0,17515500.0,328454000.0,251752000.0,285223000.0,295074000.0,168054000.0,213380000.0,48671000.0,70194000.0
20211008,1937890.0,62290180.0,59847110.0,64153050.0,68534000.0,49616130.0,53634490.0,24588540.0,18632290.0,249112000.0,238086000.0,255405000.0,272070000.0,196626000.0,212952000.0,96761000.0,74796000.0
20211011,-12156200.0,76612770.0,60950580.0,76356010.0,79862010.0,60072260.0,57592100.0,18269030.0,32905390.0,320693000.0,254781000.0,319747000.0,334365000.0,252170000.0,241786000.0,76709000.0,138386000.0
20211012,-23264550.0,79868860.0,56962530.0,72079560.0,71721340.0,51870520.0,51390940.0,16972430.0,40716560.0,347979000.0,247519000.0,313413000.0,311473000.0,225298000.0,223338000.0,73596000.0,177957000.0
20211013,-26472180.0,77774420.0,53743190.0,69153840.0,66712890.0,47379840.0,60333230.0,12858320.0,26377110.0,354871000.0,244573000.0,315023000.0,303627000.0,215731000.0,275364000.0,58362000.0,120424000.0
20211014,-5524250.0,57089250.0,54861780.0,54532590.0,51235800.0,33071090.0,31445450.0,9323410.0,16473300.0,258156000.0,247941000.0,246664000.0,231595000.0,149538000.0,142278000.0,42100000.0,74644000.0
20211015,4397890.0,48723600.0,51505280.0,45031120.0,46647340.0,31774360.0,26661030.0,4299840.0,5015280.0,220716000.0,233163000.0,203850000.0,211203000.0,143848000.0,120746000.0,19439000.0,22741000.0
20211018,21495710.0,57977150.0,64380200.0,67396420.0,82489070.0,47453500.0,40228710.0,24981000.0,10710080.0,259575000.0,287948000.0,301324000.0,368546000.0,211930000.0,179778000.0,111432000.0,47990000.0
20211019,11961880.0,48843470.0,59120390.0,56838910.0,58523870.0,44270570.0,35357700.0,13508680.0,10459670.0,217482000.0,262528000.0,252581000.0,259839000.0,196333000.0,157054000.0,59686000.0,46660000.0
20211020,10307480.0,45481920.0,50603500.0,53971930.0,59157830.0,43692090.0,44505370.0,25688940.0,14568180.0,199890000.0,221603000.0,236847000.0,259173000.0,191240000.0,195179000.0,112056000.0,64077000.0
20211021,-14226920.0,56965970.0,39492400.0,49670840.0,52917490.0,33365810.0,41529620.0,10283500.0,16346610.0,250900000.0,173559000.0,218440000.0,232680000.0,146769000.0,182854000.0,45240000.0,72256000.0
20211022,-1767840.0,67972280.0,60126270.0,73996750.0,80074920.0,58784250.0,61901770.0,23489100.0,22139420.0,292980000.0,258562000.0,318617000.0,344636000.0,252731000.0,266496000.0,101119000.0,95753000.0
20211025,-14535380.0,50696430.0,37148460.0,49344000.0,48356590.0,34361960.0,36412560.0,16426210.0,28910990.0,220650000.0,161497000.0,214927000.0,210515000.0,149442000.0,158519000.0,71382000.0,125871000.0
20211026,-13300100.0,65567870.0,49435150.0,60673120.0,63505740.0,45601800.0,52703000.0,23064580.0,29263480.0,286785000.0,215520000.0,264835000.0,276925000.0,198660000.0,229640000.0,100211000.0,128405000.0
20211027,-8033320.0,51660330.0,38277050.0,42468740.0,47818700.0,33064500.0,33669540.0,12751690.0,20179970.0,228796000.0,169166000.0,187617000.0,211168000.0,145844000.0,148847000.0,56227000.0,89304000.0
20211028,-30289230.0,69306800.0,39667190.0,58761910.0,58112280.0,36881310.0,49612390.0,13817860.0,31376010.0,318378000.0,181577000.0,269930000.0,266891000.0,169320000.0,228090000.0,63548000.0,144617000.0
20211029,-3209850.0,61995730.0,59488180.0,66131550.0,65429250.0,43266470.0,44101890.0,13552260.0,15926690.0,282530000.0,270085000.0,301061000.0,297347000.0,196644000.0,201160000.0,61387000.0,73029000.0
20211101,9599800.0,44995180.0,53147440.0,52941830.0,54389370.0,43100470.0,34272790.0,15622070.0,14849950.0,199275000.0,235331000.0,234291000.0,240651000.0,190497000.0,151472000.0,69002000.0,65610000.0
20211102,48469210.0,84258250.0,118969560.0,118224360.0,131982250.0,110965850.0,104167280.0,83319730.0,41649090.0,356640000.0,502171000.0,500025000.0,556920000.0,468296000.0,439289000.0,348462000.0,175044000.0
20211103,-13414360.0,93818780.0,83020910.0,103733340.0,101116850.0,81643920.0,91191950.0,45737890.0,49604220.0,401076000.0,354874000.0,443021000.0,431630000.0,348408000.0,388978000.0,194703000.0,211726000.0
20211104,10043940.0,61471010.0,66352260.0,75107180.0,80269860.0,62184520.0,53310520.0,22023200.0,20853260.0,265129000.0,285352000.0,323401000.0,345547000.0,267092000.0,229401000.0,94599000.0,89921000.0
20211105,-15270590.0,78077220.0,65336630.0,75199490.0,72669480.0,51920090.0,57673250.0,15163930.0,24681360.0,346971000.0,289450000.0,333788000.0,322145000.0,230479000.0,256189000.0,67140000.0,110594000.0
20211108,-24307780.0,77845010.0,58664790.0,81844160.0,76716590.0,56477250.0,63724170.0,19786360.0,36847220.0,371054000.0,279479000.0,389661000.0,365355000.0,268874000.0,302820000.0,94315000.0,176251000.0
20211109,978790.0,56404260.0,60785980.0,63500770.0,60097840.0,49506360.0,44766450.0,16956960.0,20718080.0,271864000.0,291881000.0,305714000.0,289021000.0,238037000.0,215762000.0,81571000.0,100522000.0
20211110,2175830.0,49989820.0,52372080.0,53713810.0,53507380.0,42719910.0,41902630.0,17567080.0,16208530.0,235546000.0,246421000.0,252899000.0,251852000.0,200973000.0,197323000.0,82592000.0,76412000.0
20211111,-14451030.0,53790650.0,41590270.0,43826790.0,41576140.0,25329950.0,32857200.0,8249640.0,15173420.0,252880000.0,195433000.0,205919000.0,195447000.0,119029000.0,154424000.0,38758000.0,71282000.0
20211112,4795910.0,51072450.0,53180790.0,53584800.0,56272370.0,45962970.0,44747040.0,18487650.0,14907670.0,236551000.0,245910000.0,247793000.0,260106000.0,212264000.0,207052000.0,85301000.0,68841000.0
20211115,-1316440.0,73967550.0,66069740.0,79778720.0,86360090.0,66079880.0,69072130.0,30579730.0,28903920.0,323777000.0,288649000.0,349546000.0,377535000.0,288665000.0,301796000.0,132638000.0,126646000.0
20211116,-11478800.0,59838520.0,52291140.0,59533740.0,55602320.0,37144060.0,40023210.0,9428020.0,18027670.0,264988000.0,231193000.0,263544000.0,246040000.0,164519000.0,177488000.0,41612000.0,79943000.0
20211117,-4922550.0,47678710.0,44364370.0,47008120.0,45399900.0,29743510.0,31612650.0,7856750.0,10910160.0,214465000.0,199091000.0,211056000.0,203993000.0,133424000.0,141995000.0,35138000.0,49004000.0
20211118,1855930.0,44864330.0,45190550.0,49145400.0,50675110.0,35965770.0,32726270.0,15472900.0,16856470.0,196556000.0,197867000.0,215230000.0,221902000.0,157416000.0,143342000.0,67772000.0,73862000.0
20211119,3902750.0,38927690.0,39750990.0,42598930.0,45678390.0,37710770.0,35771210.0,11686940.0,9723750.0,170313000.0,173590000.0,186177000.0,199533000.0,164504000.0,156389000.0,51001000.0,42483000.0
20211122,-5585440.0,41586980.0,40002460.0,46753170.0,42752260.0,30037290.0,33711530.0,9241630.0,11152830.0,181148000.0,173984000.0,203532000.0,186131000.0,130615000.0,146745000.0,40228000.0,48664000.0
20211123,12221320.0,67186860.0,84751020.0,102449950.0,97107110.0,79350610.0,73617480.0,31405370.0,24917180.0,284709000.0,357685000.0,432635000.0,410248000.0,334859000.0,311180000.0,132693000.0,105784000.0
20211124,-8682030.0,58489610.0,47888710.0,57343180.0,59262050.0,36546040.0,39015100.0,13757090.0,19970060.0,246569000.0,201869000.0,241609000.0,249694000.0,153990000.0,164370000.0,57907000.0,84142000.0
20211125,-8088550.0,47762690.0,43256160.0,48482450.0,44900430.0,32492720.0,36784190.0,9819990.0,13617070.0,202674000.0,183280000.0,205616000.0,190369000.0,137874000.0,156202000.0,41546000.0,57859000.0
20211126,-6277720.0,36978930.0,32162120.0,33371730.0,31910830.0,21642600.0,23426340.0,3850360.0,8344340.0,160347000.0,139240000.0,144639000.0,138289000.0,93724000.0,101590000.0,16690000.0,36281000.0
20211129,-2159960.0,48577910.0,44804850.0,49285370.0,50898470.0,34963700.0,33104760.0,8709860.0,12728760.0,216228000.0,198974000.0,219246000.0,226445000.0,155402000.0,147257000.0,38617000.0,56817000.0
20211130,6421840.0,72435680.0,79115720.0,96164570.0,95906370.0,88487150.0,79587730.0,32672260.0,35149840.0,301965000.0,329833000.0,401438000.0,400066000.0,368601000.0,331754000.0,136128000.0,146480000.0
20211201,-4356720.0,47228800.0,41576890.0,42833570.0,44128760.0,28433120.0,31352410.0,8745350.0,10182780.0,199469000.0,175529000.0,180703000.0,186119000.0,119918000.0,132297000.0,36755000.0,42901000.0
20211202,8863090.0,53231370.0,61519440.0,74655810.0,75230830.0,55180810.0,52687460.0,21518300.0,15148560.0,219421000.0,253376000.0,307558000.0,309800000.0,226917000.0,216725000.0,88236000.0,62231000.0
20211203,-296750.0,62019500.0,63019150.0,75091380.0,73794970.0,65369180.0,65101780.0,28321180.0,28885330.0,252519000.0,256040000.0,305277000.0,299593000.0,265301000.0,264544000.0,114391000.0,117310000.0
20211206,-977650.0,62089790.0,56470150.0,60687890.0,65329880.0,46166780.0,49639700.0,17925920.0,15430650.0,252867000.0,229620000.0,247073000.0,265644000.0,187702000.0,202088000.0,72747000.0,63037000.0
20211207,-16134990.0,59209040.0,43840590.0,57201060.0,56434530.0,36920410.0,43793240.0,8998130.0,18260290.0,247985000.0,183472000.0,239418000.0,236142000.0,154530000.0,183271000.0,37560000.0,76607000.0
20211208,43045140.0,63138020.0,86028250.0,84947810.0,105102720.0,82720870.0,80680360.0,61333910.0,20329280.0,255455000.0,347832000.0,343902000.0,424526000.0,334109000.0,325373000.0,246279000.0,82014000.0
20211209,-12119050.0,66445460.0,51197620.0,66998330.0,70127120.0,61148310.0,57321310.0,21938700.0,37884750.0,264187000.0,203387000.0,266319000.0,278677000.0,242815000.0,227748000.0,87063000.0,150573000.0
20211210,-11632930.0,54933950.0,43736430.0,49044850.0,48609440.0,30432990.0,32491150.0,10225730.0,19800500.0,222996000.0,177483000.0,199081000.0,197242000.0,123543000.0,131872000.0,41552000.0,80576000.0
20211213,-2275470.0,42264590.0,41188840.0,47245160.0,46045440.0,34265530.0,34276640.0,11359200.0,13623560.0,171273000.0,166761000.0,191308000.0,186350000.0,138585000.0,138753000.0,45904000.0,55206000.0
20211214,11063150.0,56509260.0,66565720.0,79787100.0,80793790.0,66728250.0,62106470.0,42857690.0,36416320.0,223270000.0,262935000.0,315128000.0,319284000.0,263692000.0,245341000.0,169109000.0,143639000.0
20211215,-18857930.0,61773990.0,46715580.0,72319120.0,68519600.0,58282020.0,60918300.0,17680290.0,33901940.0,242111000.0,182699000.0,282985000.0,268086000.0,227799000.0,238296000.0,69133000.0,132947000.0
20211216,-31006990.0,55438470.0,32457770.0,50422490.0,42396210.0,33982250.0,44193170.0,11588210.0,32384280.0,221031000.0,129144000.0,200862000.0,168803000.0,135239000.0,176122000.0,46237000.0,129300000.0
20211217,-6192100.0,41253750.0,36026140.0,45201650.0,44237170.0,36217060.0,41056040.0,14430480.0,15783600.0,165016000.0,143828000.0,180457000.0,176631000.0,144409000.0,163888000.0,57506000.0,63041000.0
20211220,-32972380.0,64944100.0,41391400.0,62110120.0,52690450.0,44770440.0,52954180.0,13764790.0,38553430.0,270519000.0,171959000.0,258443000.0,219085000.0,186379000.0,220590000.0,57294000.0,161001000.0
20211221,-12319830.0,49700010.0,42142850.0,46842170.0,42079510.0,31257130.0,39022100.0,10759420.0,15314280.0,212951000.0,180170000.0,200672000.0,180093000.0,133817000.0,167401000.0,46133000.0,65909000.0
20211222,-12162160.0,33597330.0,26067280.0,30553600.0,25921480.0,17509300.0,22330530.0,5180860.0,12521790.0,143250000.0,111017000.0,130256000.0,110466000.0,74587000.0,95200000.0,22009000.0,53419000.0
20211223,-6334670.0,39010310.0,34452070.0,36227950.0,34451520.0,26234300.0,27426610.0,5006060.0,10148420.0,167698000.0,147827000.0,155638000.0,147963000.0,112622000.0,118010000.0,21474000.0,43631000.0
20211224,-23218740.0,53585050.0,36835290.0,48197450.0,41728480.0,31604180.0,40404490.0,6671540.0,21089970.0,236027000.0,162268000.0,212338000.0,183855000.0,139361000.0,178117000.0,29436000.0,92922000.0
20211227,8461720.0,31065940.0,37819030.0,33375330.0,35083960.0,27230170.0,21260860.0,8941170.0,6448760.0,136729000.0,166125000.0,146739000.0,153982000.0,119412000.0,93412000.0,39062000.0,28422000.0
20211228,12498210.0,39351820.0,46423180.0,40931330.0,46358180.0,35350350.0,28752950.0,19182790.0,13281980.0,167274000.0,197214000.0,173920000.0,196884000.0,150076000.0,122101000.0,81246000.0,56317000.0
20211229,-11873400.0,65727520.0,56101690.0,70584790.0,68337210.0,50471920.0,52693030.0,18401030.0,28053320.0,269890000.0,230054000.0,289414000.0,280105000.0,206663000.0,216017000.0,75408000.0,115198000.0
20211230,6308140.0,40229570.0,43552930.0,42905490.0,45890270.0,38379970.0,33076920.0,11773690.0,10768600.0,165400000.0,178814000.0,176219000.0,188437000.0,157362000.0,135786000.0,48275000.0,44221000.0
20211231,10247420.0,32321400.0,40856040.0,36269600.0,37982360.0,33555370.0,26037900.0,9808650.0,7078700.0,130968000.0,165409000.0,146893000.0,153782000.0,135767000.0,105466000.0,39677000.0,28649000.0
20220104,1024230.0,48929070.0,48615830.0,41698380.0,43035850.0,27782510.0,30076730.0,13421410.0,10102960.0,197154000.0,195669000.0,168013000.0,173259000.0,111778000.0,121089000.0,53841000.0,40771000.0
20220105,-16962650.0,48113970.0,37431750.0,44716960.0,38436530.0,25353540.0,33713080.0,4304300.0,12907410.0,196401000.0,152460000.0,182435000.0,156714000.0,103334000.0,137723000.0,17497000.0,52769000.0
20220106,20817240.0,47870540.0,68406600.0,65030320.0,65311510.0,62890190.0,43881690.0,21407690.0,19598950.0,193021000.0,273915000.0,260558000.0,261507000.0,251011000.0,176071000.0,85577000.0,78674000.0
20220107,-5064010.0,45151630.0,43253240.0,41969880.0,38804260.0,26374530.0,27300920.0,6068870.0,10206490.0,180534000.0,172624000.0,167638000.0,154992000.0,105316000.0,109199000.0,24263000.0,40935000.0
20220110,-2896460.0,33336190.0,30292090.0,30600770.0,30748390.0,19901480.0,23316360.0,7181510.0,6663090.0,134735000.0,122309000.0,123701000.0,124163000.0,80362000.0,94257000.0,28879000.0,26948000.0
20220111,-41597160.0,84502540.0,43340820.0,71239570.0,70804130.0,47802720.0,69942210.0,14452760.0,33910430.0,356395000.0,182381000.0,300202000.0,298506000.0,201706000.0,294919000.0,60922000.0,143419000.0
20220112,1363480.0,49268510.0,53528390.0,52495860.0,49599450.0,36588830.0,33600080.0,11781750.0,13407020.0,211212000.0,228414000.0,224192000.0,211902000.0,155290000.0,143460000.0,49867000.0,56785000.0
20220113,-10558850.0,45487000.0,35192810.0,43336430.0,43071770.0,25441450.0,27858000.0,6781990.0,14924290.0,188529000.0,145533000.0,179363000.0,178262000.0,105136000.0,115351000.0,28001000.0,61882000.0
20220114,-10758120.0,36647510.0,26933640.0,29443410.0,28399160.0,17075030.0,23048520.0,4822020.0,9606650.0,156157000.0,114682000.0,125447000.0,121001000.0,72713000.0,98190000.0,20567000.0,41011000.0
20220117,2402700.0,32254960.0,33528540.0,35792670.0,36921790.0,27119110.0,25680380.0,11204050.0,10240080.0,137152000.0,142163000.0,151916000.0,156679000.0,114888000.0,109076000.0,47232000.0,43271000.0
20220118,-4285950.0,26086350.0,22704580.0,23856250.0,22952060.0,15825370.0,15760240.0,4126450.0,8477530.0,110658000.0,96199000.0,101123000.0,97281000.0,67044000.0,66825000.0,17502000.0,36022000.0
20220119,-6704140.0,31696340.0,27399530.0,27799210.0,25391870.0,21073420.0,21492770.0,3974350.0,10259140.0,136308000.0,117491000.0,119323000.0,108881000.0,90445000.0,92421000.0,16975000.0,44257000.0
20220120,-12510010.0,36439750.0,29062680.0,36682790.0,31549860.0,20894460.0,25278420.0,3377360.0,11503410.0,160737000.0,127755000.0,161573000.0,138918000.0,91981000.0,111521000.0,14914000.0,51012000.0
20220121,-15683640.0,43714040.0,30437030.0,38716470.0,36309850.0,21545650.0,27654760.0,6651560.0,16226090.0,195108000.0,135613000.0,172769000.0,162013000.0,96214000.0,123524000.0,29727000.0,72668000.0
20220124,-8523940.0,26260420.0,19242660.0,24614590.0,23108390.0,15419070.0,18571890.0,3678980.0,9050100.0,119408000.0,87323000.0,111902000.0,105014000.0,69990000.0,84414000.0,16662000.0,41209000.0
20220125,-7835420.0,36064940.0,28199280.0,30602590.0,30632820.0,17315280.0,21322810.0,6461040.0,10288930.0,166548000.0,129802000.0,141374000.0,141386000.0,79815000.0,98517000.0,29766000.0,47796000.0
20220126,-3989300.0,30159200.0,25835770.0,23526510.0,23860650.0,14601470.0,23067840.0,8018290.0,3541220.0,143339000.0,122536000.0,111849000.0,113223000.0,69376000.0,109826000.0,37930000.0,16908000.0
20220127,-5078990.0,28205590.0,24404840.0,24299610.0,23021360.0,13837180.0,16517380.0,2992360.0,5391150.0,135208000.0,116720000.0,116567000.0,110452000.0,66389000.0,79318000.0,14341000.0,26014000.0
20220128,-2941740.0,34328950.0,31025670.0,29390320.0,29751850.0,14929240.0,15128460.0,1978170.0,4720690.0,168327000.0,151691000.0,143749000.0,145829000.0,73180000.0,74285000.0,9696000.0,23148000.0
20220207,4255420.0,21700290.0,24331630.0,18492580.0,20116660.0,13729230.0,10647120.0,3664780.0,2491470.0,104027000.0,116592000.0,88675000.0,96451000.0,65770000.0,51046000.0,17556000.0,11938000.0
20220208,6451070.0,23237390.0,31730500.0,30099590.0,28057550.0,22833980.0,19149440.0,7209490.0,4442960.0,109950000.0,149901000.0,142270000.0,132444000.0,107685000.0,90480000.0,33879000.0,20958000.0
20220209,-1015070.0,27996810.0,29617290.0,30377230.0,27741680.0,15430880.0,15710670.0,3289380.0,4024660.0,127699000.0,135136000.0,138639000.0,126616000.0,70477000.0,71741000.0,15018000.0,18340000.0
20220210,-2141580.0,23250950.0,24676570.0,26013700.0,22446490.0,14243190.0,13515090.0,3652460.0,6522140.0,105413000.0,111739000.0,117810000.0,101633000.0,64397000.0,61206000.0,16483000.0,29526000.0
20220211,-2713240.0,22875940.0,21063910.0,20484560.0,19583340.0,11415470.0,13326320.0,3216290.0,4018680.0,104665000.0,96177000.0,93677000.0,89546000.0,52137000.0,61030000.0,14699000.0,18425000.0
20220214,-1961410.0,20575620.0,19532820.0,17672410.0,16753800.0,10983060.0,10511800.0,3412060.0,5844730.0,95101000.0,90177000.0,81620000.0,77314000.0,50720000.0,48598000.0,15754000.0,27106000.0
20220215,-1102460.0,18543230.0,18924530.0,18237510.0,16753740.0,10999580.0,13289410.0,3130270.0,1942900.0,84949000.0,86619000.0,83451000.0,76682000.0,50293000.0,60798000.0,14287000.0,8881000.0
20220216,-4188180.0,18944320.0,16884320.0,15873060.0,13744880.0,7090220.0,9969710.0,2589240.0,3897930.0,87082000.0,77624000.0,72942000.0,63160000.0,32598000.0,45852000.0,11935000.0,17922000.0
20220217,-4776380.0,29318660.0,23450290.0,23862190.0,24954180.0,11413340.0,14538600.0,1668410.0,3319530.0,136716000.0,109219000.0,111296000.0,116339000.0,53174000.0,67873000.0,7763000.0,15518000.0
20220218,-5797300.0,22454250.0,17299890.0,17842690.0,17199750.0,8690540.0,10799860.0,2391160.0,6079140.0,105782000.0,81442000.0,84069000.0,81009000.0,40916000.0,50873000.0,11263000.0,28706000.0
20220221,1541550.0,25514560.0,25876620.0,26119910.0,27299400.0,15155510.0,13001980.0,3092640.0,3704620.0,119507000.0,121143000.0,122177000.0,127761000.0,70901000.0,60807000.0,14422000.0,17297000.0
20220222,-3359520.0,26612550.0,21505240.0,23195290.0,24943090.0,13626070.0,16555800.0,4126830.0,4556620.0,127591000.0,102997000.0,111092000.0,119457000.0,65348000.0,79471000.0,19749000.0,21855000.0
20220223,-653840.0,27717560.0,27864850.0,29225840.0,28424720.0,20527450.0,20625240.0,4446040.0,5002090.0,130180000.0,130740000.0,137036000.0,133406000.0,96238000.0,96770000.0,20851000.0,23388000.0
20220224,5051470.0,44836740.0,42418880.0,49311910.0,56781250.0,35273800.0,35813390.0,15019870.0,9428810.0,208799000.0,196900000.0,228880000.0,263313000.0,163239000.0,166204000.0,69317000.0,43816000.0
20220225,541800.0,30055360.0,29269560.0,29533910.0,30861510.0,21462760.0,18925380.0,3557470.0,5553050.0,141370000.0,137518000.0,138866000.0,145094000.0,100876000.0,89067000.0,16721000.0,26155000.0
20220228,7461540.0,41245840.0,46846740.0,50177460.0,52038100.0,38427030.0,32863850.0,17153640.0,15255280.0,188870000.0,214532000.0,229782000.0,238188000.0,175925000.0,150535000.0,78284000.0,69606000.0
20220301,6958780.0,30568710.0,35683650.0,35836420.0,37680270.0,29484500.0,27312870.0,14527530.0,9740380.0,138326000.0,161323000.0,162124000.0,170354000.0,133291000.0,123439000.0,65459000.0,44083000.0
20220302,-2418840.0,22937570.0,22883640.0,23103280.0,20738370.0,14748770.0,14525580.0,5952080.0,8594110.0,104320000.0,104089000.0,105069000.0,94302000.0,67069000.0,66061000.0,27089000.0,39096000.0
20220303,-7305060.0,26158420.0,16766320.0,23748640.0,25835680.0,14184250.0,18332160.0,2778990.0,5936140.0,120334000.0,77086000.0,109216000.0,118815000.0,65221000.0,84327000.0,12763000.0,27307000.0
20220304,-17863370.0,40314680.0,24700350.0,34874990.0,32625960.0,22396620.0,27207220.0,5325920.0,18378690.0,190459000.0,116427000.0,164800000.0,154173000.0,105843000.0,128564000.0,25197000.0,87135000.0
20220307,-4260080.0,30723710.0,24202510.0,29561340.0,31822470.0,17120100.0,19837700.0,6783150.0,8325630.0,150148000.0,118136000.0,144442000.0,155537000.0,83451000.0,96900000.0,33106000.0,40575000.0
20220308,-11031880.0,40856780.0,32220450.0,41226740.0,38831190.0,24624330.0,29339750.0,7757130.0,14073590.0,207162000.0,163194000.0,208913000.0,196796000.0,124770000.0,148827000.0,39298000.0,71325000.0
20220309,-5176930.0,55194630.0,53937910.0,60777330.0,56857120.0,34678420.0,39497350.0,10245290.0,10603290.0,295443000.0,288053000.0,325766000.0,304493000.0,185572000.0,212378000.0,55201000.0,57059000.0
20220310,-2135740.0,32871380.0,31092380.0,33029730.0,32672970.0,20697160.0,21227040.0,7320850.0,8926710.0,169884000.0,160594000.0,170503000.0,168692000.0,106708000.0,109463000.0,37696000.0,46043000.0
20220311,-7935310.0,31587850.0,26216240.0,28536020.0,25972320.0,14726100.0,18112990.0,2835480.0,7383900.0,168697000.0,139710000.0,152158000.0,138582000.0,78473000.0,96760000.0,15059000.0,39335000.0
20220314,-858680.0,28011120.0,29330570.0,24943410.0,22765290.0,12079790.0,13701780.0,3918530.0,3155220.0,146179000.0,152798000.0,130019000.0,118634000.0,62930000.0,71544000.0,20332000.0,16484000.0
20220315,-4783150.0,39283350.0,34812360.0,34266220.0,33954070.0,17381880.0,18117870.0,2224420.0,6271580.0,215108000.0,190235000.0,187578000.0,185729000.0,95098000.0,99438000.0,12173000.0,34555000.0
20220316,1753230.0,35354620.0,36419420.0,29518410.0,30206830.0,16883210.0,15042780.0,6590020.0,6677220.0,196272000.0,202006000.0,164006000.0,167708000.0,93596000.0,83542000.0,36467000.0,37086000.0
20220317,3687780.0,35351470.0,38164920.0,36484300.0,37358640.0,21226580.0,19001520.0,7438950.0,5976230.0,192496000.0,207725000.0,198633000.0,203299000.0,115453000.0,103514000.0,40422000.0,32466000.0
20220318,-2624820.0,27938880.0,23215310.0,22913890.0,25012630.0,11626690.0,14247250.0,4274810.0,4279070.0,151803000.0,125987000.0,124438000.0,135791000.0,63078000.0,77377000.0,23115000.0,23278000.0
20220321,-1998570.0,23033010.0,21289240.0,20061300.0,19806490.0,10804890.0,11680690.0,2846930.0,3969700.0,124919000.0,115336000.0,108746000.0,107326000.0,58526000.0,63302000.0,15427000.0,21653000.0
20220322,363650.0,17207600.0,19444490.0,18172140.0,16298900.0,7713330.0,8403690.0,2928660.0,1874650.0,93472000.0,105558000.0,98658000.0,88486000.0,41840000.0,45648000.0,15914000.0,10191000.0
20220323,5740540.0,20834950.0,23349430.0,21475760.0,24701820.0,15695050.0,12242380.0,3783310.0,1495440.0,112806000.0,126306000.0,116226000.0,133637000.0,84856000.0,66239000.0,20420000.0,8126000.0
20220324,-8183910.0,25968280.0,17432010.0,20592170.0,20944530.0,9407590.0,12736610.0,3166960.0,8021850.0,143139000.0,96026000.0,113496000.0,115385000.0,51785000.0,70188000.0,17458000.0,44279000.0
20220325,-1159020.0,25349730.0,26187250.0,23151510.0,21154970.0,12946730.0,13549920.0,3117340.0,3673170.0,139215000.0,143666000.0,126882000.0,115971000.0,70871000.0,74325000.0,17168000.0,20172000.0
20220328,-11385020.0,36456570.0,25605710.0,26435140.0,25900970.0,10624340.0,18001870.0,1349590.0,5357080.0,207512000.0,145563000.0,150485000.0,147401000.0,60468000.0,102621000.0,7657000.0,30536000.0
20220329,2296750.0,26184690.0,29711480.0,24438290.0,23208250.0,12892390.0,12536680.0,4024750.0,2083710.0,147246000.0,166846000.0,137270000.0,130250000.0,72264000.0,70436000.0,22499000.0,11748000.0
20220330,-2042660.0,26367760.0,25332460.0,23055590.0,22048220.0,11360460.0,13366000.0,4708920.0,4746040.0,148089000.0,142224000.0,129460000.0,123719000.0,63771000.0,75019000.0,26358000.0,26717000.0
20220331,-10830960.0,33400590.0,26165610.0,28703750.0,25107760.0,14632830.0,20365090.0,3199600.0,8298300.0,191405000.0,149671000.0,164418000.0,143709000.0,83751000.0,116724000.0,18283000.0,47753000.0
20220401,2800190.0,22950620.0,27899250.0,21207120.0,19058680.0,13962590.0,11441160.0,2952580.0,2673820.0,132643000.0,161063000.0,122530000.0,110075000.0,80610000.0,66159000.0,17001000.0,15486000.0
20220406,685830.0,20799780.0,25585580.0,20119390.0,16019420.0,10226870.0,9401870.0,1171780.0,1310950.0,119991000.0,147565000.0,116001000.0,92329000.0,58943000.0,54233000.0,6763000.0,7571000.0
20220407,5682030.0,31199160.0,39002300.0,38509340.0,36388240.0,22414810.0,17641220.0,4992030.0,4083590.0,177727000.0,222153000.0,219251000.0,207116000.0,127398000.0,100296000.0,28470000.0,23282000.0
20220408,-2694090.0,26175670.0,24906820.0,21740410.0,20315170.0,13442580.0,12620730.0,2540760.0,6056700.0,152829000.0,145377000.0,126878000.0,118522000.0,78465000.0,73625000.0,14777000.0,35425000.0
20220411,-12164180.0,35141830.0,22844490.0,27165920.0,27299080.0,12819270.0,19013160.0,1889330.0,7859620.0,212906000.0,138495000.0,164527000.0,165268000.0,77699000.0,115233000.0,11463000.0,47598000.0
20220412,7915130.0,36792500.0,41865790.0,37317930.0,40159770.0,25586120.0,22811290.0,10485930.0,5345630.0,220021000.0,249419000.0,222462000.0,239460000.0,151726000.0,135818000.0,62099000.0,31611000.0
20220413,-3130300.0,28370600.0,25488450.0,23950530.0,23702370.0,11894690.0,13572510.0,1919460.0,3371940.0,165422000.0,148522000.0,139685000.0,138204000.0,69311000.0,79141000.0,11137000.0,19688000.0
20220414,2014500.0,17767580.0,19671340.0,17537660.0,17648400.0,10510220.0,9058830.0,2728810.0,2165700.0,103777000.0,114707000.0,102320000.0,102954000.0,61207000.0,52881000.0,15892000.0,12654000.0
20220415,1486640.0,26669700.0,31203020.0,32303580.0,29256910.0,17026960.0,14200310.0,1552860.0,2892870.0,152973000.0,178684000.0,185057000.0,167591000.0,97401000.0,81395000.0,8872000.0,16634000.0
20220418,1263500.0,20366810.0,22114190.0,18176520.0,17692650.0,9993340.0,9513730.0,2504020.0,1720130.0,118828000.0,129005000.0,106036000.0,103183000.0,58288000.0,55520000.0,14608000.0,10054000.0
20220419,-1405000.0,19074410.0,16467500.0,15165240.0,16367140.0,7529370.0,9503690.0,1732390.0,1163070.0,111823000.0,96467000.0,88863000.0,95864000.0,44059000.0,55718000.0,10138000.0,6833000.0
20220420,-2923440.0,19074190.0,16486430.0,16681250.0,16345570.0,9244180.0,10881200.0,1919230.0,3205650.0,112722000.0,97237000.0,98511000.0,96519000.0,54548000.0,64344000.0,11357000.0,19038000.0
20220421,-4033180.0,24804410.0,20324080.0,19581460.0,20028600.0,10034020.0,12855750.0,2835890.0,4047340.0,149820000.0,122615000.0,118402000.0,121083000.0,60636000.0,77747000.0,17251000.0,24664000.0
20220422,3765140.0,30819130.0,35538130.0,33884330.0,32930470.0,20292240.0,17355000.0,4703040.0,3875140.0,187031000.0,214840000.0,204864000.0,199321000.0,122268000.0,105015000.0,28713000.0,23701000.0
20220425,-2737500.0,35914940.0,33033220.0,28095880.0,28240100.0,15118870.0,16957850.0,4781480.0,5680000.0,225035000.0,207115000.0,175974000.0,176887000.0,94965000.0,106504000.0,30280000.0,35747000.0
20220426,-2904450.0,27354090.0,23897020.0,23586080.0,24138700.0,12390310.0,13082750.0,1730120.0,3942130.0,182337000.0,158747000.0,157242000.0,160734000.0,82441000.0,87569000.0,11409000.0,26378000.0
20220427,-1109640.0,25901860.0,23593270.0,20997710.0,22196660.0,10714330.0,11983300.0,3223660.0,3064330.0,174082000.0,158007000.0,140884000.0,148990000.0,71684000.0,80510000.0,21406000.0,20549000.0
20220428,-1736760.0,18892750.0,17219850.0,15948750.0,15884890.0,7946240.0,9443430.0,1904770.0,2144340.0,124061000.0,112980000.0,104700000.0,104241000.0,52068000.0,62013000.0,12483000.0,14079000.0
20220429,679610.0,24825770.0,24359050.0,22077860.0,23224190.0,13323420.0,13324590.0,4303390.0,3622610.0,161710000.0,158054000.0,143725000.0,150935000.0,86474000.0,87046000.0,27619000.0,23493000.0
20220505,-508570.0,27277230.0,22890570.0,20488810.0,24366910.0,10998410.0,11797930.0,3191690.0,2900740.0,170019000.0,142500000.0,127769000.0,151842000.0,68588000.0,73732000.0,19881000.0,18182000.0
20220506,-5699740.0,19541970.0,13318220.0,12914050.0,13438050.0,5256800.0,8137160.0,921910.0,3741290.0,124183000.0,84557000.0,82096000.0,85394000.0,33414000.0,51746000.0,5842000.0,23837000.0
20220509,-2847140.0,16679440.0,14200580.0,12163400.0,11795110.0,7310610.0,8428480.0,1133140.0,2862410.0,105179000.0,89402000.0,76682000.0,74287000.0,46004000.0,53261000.0,7136000.0,18050000.0
20220510,858350.0,15164450.0,14269420.0,11889600.0,13642980.0,7469010.0,7153180.0,1185170.0,642650.0,95198000.0,89499000.0,74649000.0,85678000.0,46856000.0,44888000.0,7418000.0,4056000.0
20220511,-1600280.0,22347310.0,20711960.0,20735530.0,20770590.0,12431990.0,12542960.0,2103500.0,3592810.0,138438000.0,128090000.0,128310000.0,128523000.0,76854000.0,77669000.0,12989000.0,22310000.0
20220512,-430180.0,16021680.0,14022500.0,13435670.0,15004670.0,7418930.0,7702810.0,1693390.0,1839690.0,100504000.0,87858000.0,84257000.0,93991000.0,46486000.0,48348000.0,10607000.0,11657000.0
20220513,346960.0,11819780.0,11385220.0,10812330.0,11593870.0,5946360.0,5858820.0,1498700.0,1239280.0,73619000.0,70897000.0,67348000.0,72191000.0,37010000.0,36474000.0,9286000.0,7701000.0
20220516,4258640.0,17789370.0,23886230.0,20128490.0,18290260.0,13028570.0,11290940.0,4218800.0,1697790.0,109721000.0,147195000.0,124091000.0,112666000.0,80141000.0,69540000.0,25922000.0,10474000.0
20220517,-624420.0,15556800.0,14818430.0,13207630.0,13321590.0,7857820.0,7260720.0,492250.0,1713770.0,96250000.0,91655000.0,81731000.0,82411000.0,48614000.0,44941000.0,3041000.0,10629000.0
20220518,2465630.0,19230620.0,20825460.0,18214150.0,19084940.0,13830100.0,14110060.0,5053500.0,2307910.0,117061000.0,126700000.0,110844000.0,116110000.0,84071000.0,85841000.0,30704000.0,14029000.0
20220519,2725830.0,25671340.0,28046350.0,28641260.0,28992070.0,18755070.0,15409820.0,4398000.0,5017420.0,155452000.0,168732000.0,172575000.0,174837000.0,113001000.0,93206000.0,26505000.0,30757000.0
20220520,-294980.0,18468830.0,19932090.0,20857030.0,19098780.0,9860020.0,10596200.0,2342690.0,1901490.0,108448000.0,117034000.0,122505000.0,112126000.0,57887000.0,62240000.0,13752000.0,11191000.0
20220523,2466320.0,17248270.0,20405720.0,19399310.0,18708190.0,14446660.0,12985420.0,3676720.0,2671640.0,99672000.0,117772000.0,112033000.0,108049000.0,83460000.0,75080000.0,21184000.0,15449000.0
20220524,-4057440.0,32828350.0,28635730.0,29305610.0,29440790.0,18509970.0,19922130.0,4566830.0,7212110.0,189917000.0,164952000.0,169153000.0,169947000.0,106584000.0,115080000.0,25999000.0,41675000.0
20220525,4520460.0,27182040.0,31896200.0,31066700.0,30873000.0,20327170.0,16467590.0,5350290.0,4689410.0,157412000.0,184223000.0,179356000.0,178286000.0,117172000.0,95192000.0,30752000.0,26992000.0
20220526,5389780.0,34513360.0,41412240.0,39661080.0,38151990.0,23978250.0,22594200.0,9136220.0,5130490.0,193051000.0,231068000.0,221738000.0,213220000.0,133717000.0,126379000.0,50866000.0,28704000.0
20220527,-1329270.0,23616930.0,23885890.0,23662470.0,22064240.0,14548540.0,14006000.0,2592620.0,4464430.0,131935000.0,133304000.0,132100000.0,123145000.0,81161000.0,78199000.0,14423000.0,24972000.0
20220530,9123730.0,33368850.0,40716700.0,43805850.0,45581740.0,33191810.0,26390970.0,10217210.0,7894320.0,180445000.0,220179000.0,236956000.0,246386000.0,179261000.0,142595000.0,55139000.0,42641000.0
20220531,-3253280.0,23858760.0,24823410.0,28183410.0,23965480.0,15592540.0,15849280.0,2472020.0,5468560.0,128323000.0,133360000.0,151538000.0,128779000.0,83750000.0,85280000.0,13237000.0,29429000.0
20220601,9742830.0,38202630.0,45828290.0,47469690.0,49586860.0,37634810.0,30157300.0,13084540.0,10819220.0,200159000.0,239804000.0,248494000.0,259418000.0,196777000.0,157733000.0,68241000.0,56716000.0
20220602,-5148740.0,35540870.0,32564520.0,39375600.0,37203210.0,22787970.0,25807460.0,6559720.0,8688970.0,186203000.0,170405000.0,206071000.0,194659000.0,119201000.0,135139000.0,34249000.0,45520000.0
20220606,-10747940.0,43908480.0,33065190.0,38052550.0,38147900.0,24709640.0,29069750.0,4068770.0,10456600.0,231581000.0,174209000.0,200570000.0,201145000.0,130250000.0,153299000.0,21511000.0,55260000.0
20220607,-5935170.0,30571800.0,30429590.0,35463410.0,29670460.0,24872240.0,29026730.0,4905760.0,6686440.0,161492000.0,160467000.0,187181000.0,156601000.0,131238000.0,153259000.0,25781000.0,35366000.0
20220608,-10606970.0,41107070.0,32079630.0,36039350.0,34459820.0,23001740.0,31009950.0,6837280.0,9436040.0,219055000.0,170582000.0,191940000.0,183593000.0,122219000.0,165062000.0,36198000.0,50175000.0
20220609,-7211370.0,35894890.0,43557280.0,60216480.0,45342730.0,38722080.0,40541230.0,13059220.0,18451440.0,187799000.0,227480000.0,314827000.0,236925000.0,202276000.0,212068000.0,68018000.0,96446000.0
20220610,-6306550.0,38479690.0,42302940.0,61276430.0,51146630.0,48273800.0,52447250.0,13087120.0,15220220.0,199638000.0,219110000.0,317665000.0,265086000.0,250106000.0,271889000.0,67760000.0,79086000.0
20220613,8165240.0,33180620.0,40406080.0,44187220.0,45126990.0,38919810.0,34246480.0,11913780.0,8421870.0,168878000.0,205239000.0,224647000.0,229393000.0,197499000.0,174060000.0,60397000.0,42730000.0
20220614,-7585730.0,38891390.0,33288320.0,40324110.0,38341440.0,19502110.0,22974930.0,4077740.0,8190650.0,200382000.0,171059000.0,207781000.0,197266000.0,100081000.0,118368000.0,20887000.0,42438000.0
20220615,-13994670.0,54071590.0,49400600.0,62105690.0,52782010.0,40674100.0,52083060.0,17671140.0,20256850.0,265180000.0,242145000.0,304298000.0,258299000.0,198940000.0,254712000.0,85998000.0,99261000.0
20220616,-3080310.0,29952570.0,28977330.0,32363310.0,30258230.0,18221090.0,19592830.0,7011660.0,8720230.0,149759000.0,144745000.0,161644000.0,151039000.0,90849000.0,97801000.0,34899000.0,43566000.0
20220617,-35369640.0,71679470.0,41983870.0,66404550.0,60730510.0,38808780.0,55877870.0,8583150.0,26883700.0,366154000.0,214333000.0,338742000.0,310153000.0,198184000.0,285184000.0,43900000.0,137310000.0
20220620,-10400080.0,47803660.0,37194990.0,40907890.0,41116480.0,22656870.0,28784420.0,4070230.0,8342760.0,249856000.0,194197000.0,213936000.0,214797000.0,118534000.0,150777000.0,21172000.0,43726000.0
20220621,-11128100.0,34561040.0,21908290.0,25196660.0,26721310.0,13691060.0,18161390.0,1738380.0,8396150.0,182092000.0,115313000.0,132742000.0,140619000.0,72039000.0,95722000.0,9151000.0,44370000.0
20220622,1520340.0,34129070.0,37367410.0,39753210.0,38035200.0,22702870.0,21483260.0,8308320.0,8007590.0,176877000.0,193404000.0,205981000.0,196978000.0,117550000.0,111354000.0,42900000.0,41573000.0
20220623,-353600.0,26999770.0,27263820.0,26566590.0,25948930.0,17483710.0,15810120.0,6333190.0,8360380.0,139804000.0,140727000.0,137430000.0,134086000.0,90260000.0,81855000.0,32580000.0,43405000.0
20220624,-7034030.0,32543370.0,26186560.0,29208780.0,28531550.0,17238320.0,20346160.0,3073460.0,6999650.0,165549000.0,132965000.0,148512000.0,144894000.0,87385000.0,103384000.0,15538000.0,35742000.0
20220627,-9329420.0,24791960.0,17571740.0,23345410.0,21236220.0,13359210.0,19640480.0,3752950.0,6801100.0,127038000.0,89980000.0,119618000.0,108800000.0,68480000.0,100710000.0,19222000.0,34869000.0
20220628,1723890.0,36187140.0,32746370.0,35642450.0,40807120.0,28723800.0,31273380.0,12857030.0,8583560.0,182210000.0,164576000.0,179316000.0,205269000.0,144253000.0,157228000.0,64349000.0,43055000.0
20220629,-17110070.0,36832670.0,21967460.0,27968080.0,25723210.0,15975290.0,20823560.0,4535520.0,16797320.0,190805000.0,113749000.0,144752000.0,133108000.0,82621000.0,107818000.0,23458000.0,86961000.0
20220630,-6980890.0,27823990.0,18412380.0,20565260.0,22995990.0,14197080.0,21843050.0,5136480.0,4471400.0,146569000.0,96744000.0,108255000.0,121085000.0,74747000.0,115080000.0,26990000.0,23652000.0
20220701,-13688140.0,31413960.0,17653740.0,23298000.0,23370090.0,16219910.0,19415280.0,2780860.0,13273630.0,167640000.0,93996000.0,124220000.0,124566000.0,86514000.0,103667000.0,14821000.0,70966000.0
20220704,572850.0,27034860.0,27376000.0,28153790.0,28385510.0,17948160.0,20477070.0,7789610.0,4687850.0,142095000.0,143753000.0,148014000.0,149188000.0,94268000.0,107701000.0,40815000.0,24549000.0
20220705,-1594070.0,22107860.0,22108130.0,18893910.0,17299580.0,10273960.0,10062110.0,867100.0,2673020.0,116547000.0,116544000.0,99521000.0,91063000.0,54000000.0,52939000.0,4584000.0,14106000.0
20220706,-2122780.0,23507160.0,21033940.0,19364500.0,19714930.0,11458020.0,11151300.0,2373040.0,4802540.0,124738000.0,111412000.0,102520000.0,104401000.0,60609000.0,59057000.0,12509000.0,25507000.0
20220707,776140.0,16692380.0,19331610.0,15758420.0,13895340.0,10398110.0,9100210.0,2937820.0,3459580.0,88454000.0,102381000.0,83453000.0,73562000.0,55063000.0,48215000.0,15551000.0,18363000.0
20220708,-2238480.0,16670210.0,16101140.0,15847110.0,14177700.0,8495310.0,9519000.0,2658650.0,3873440.0,88522000.0,85404000.0,84065000.0,75166000.0,45032000.0,50532000.0,14075000.0,20592000.0
20220711,-3953880.0,23744530.0,17382590.0,16239960.0,18648020.0,9115640.0,11180130.0,1588920.0,3478310.0,129863000.0,95016000.0,88810000.0,102008000.0,49829000.0,61134000.0,8678000.0,19022000.0
20220712,435190.0,21173580.0,20846530.0,19340400.0,20102650.0,9190370.0,10327410.0,3473340.0,1901110.0,113915000.0,112102000.0,103977000.0,108068000.0,49378000.0,55501000.0,18619000.0,10218000.0
20220713,9152900.0,34697520.0,37732690.0,34093030.0,40210770.0,26180260.0,19608860.0,4718960.0,2137460.0,181763000.0,197615000.0,178674000.0,210658000.0,137024000.0,102661000.0,24668000.0,11196000.0
20220714,15645490.0,51034550.0,58756390.0,57582190.0,65505840.0,56318640.0,53361170.0,29958770.0,17270750.0,253858000.0,293110000.0,286529000.0,325985000.0,279841000.0,265121000.0,149156000.0,85169000.0
20220715,-7435930.0,36516130.0,32418880.0,32221370.0,28882690.0,20282500.0,23787370.0,6726290.0,10657350.0,184189000.0,163598000.0,162415000.0,145571000.0,102185000.0,119821000.0,33890000.0,53688000.0
20220718,4812270.0,26929610.0,33182610.0,27345790.0,25905050.0,23757630.0,19890090.0,6499310.0,5554580.0,136567000.0,168014000.0,138546000.0,131112000.0,119855000.0,100395000.0,32635000.0,28083000.0
20220719,19984470.0,38522630.0,56633450.0,57071440.0,58945080.0,54441930.0,54886090.0,38372930.0,17944300.0,187168000.0,274531000.0,277574000.0,286140000.0,264572000.0,266458000.0,185184000.0,87368000.0
20220720,34761400.0,60894060.0,88391060.0,87049220.0,94313620.0,93799660.0,82951660.0,66834620.0,42921220.0,277218000.0,400921000.0,395629000.0,427195000.0,425397000.0,375562000.0,300058000.0,194625000.0
20220721,2807340.0,48164550.0,52308430.0,62493580.0,61157030.0,70106590.0,68677850.0,34325440.0,32946840.0,210774000.0,228689000.0,273507000.0,267469000.0,306770000.0,300377000.0,149742000.0,144259000.0
20220722,-3649100.0,54296580.0,57748360.0,80067850.0,72966970.0,61177030.0,68958460.0,36600150.0,32467820.0,233724000.0,247744000.0,344038000.0,313465000.0,262668000.0,296448000.0,157012000.0,139783000.0
20220725,4710650.0,57567040.0,50491070.0,54933020.0,66719630.0,51081910.0,54143830.0,26608290.0,18835720.0,244698000.0,213936000.0,232878000.0,282700000.0,216336000.0,229547000.0,112062000.0,79791000.0
20220726,-20574840.0,60943730.0,38327560.0,60234390.0,62275710.0,45437530.0,51440000.0,23625210.0,38197580.0,266867000.0,167467000.0,263651000.0,272583000.0,198786000.0,225130000.0,103353000.0,167477000.0
20220727,-3611890.0,52873620.0,46976680.0,58173780.0,60458820.0,58953080.0,55610500.0,23700260.0,30654730.0,224451000.0,199146000.0,246868000.0,256414000.0,250195000.0,236136000.0,100628000.0,130446000.0
20220728,13711900.0,39821060.0,52239130.0,52604770.0,53898590.0,49452690.0,42409420.0,26752280.0,20083650.0,167729000.0,219144000.0,221015000.0,226189000.0,207342000.0,178386000.0,111905000.0,84273000.0
20220729,-12431280.0,46524580.0,34091380.0,40628510.0,40630450.0,36189530.0,41770530.0,11173370.0,18023650.0,198900000.0,145626000.0,173658000.0,173611000.0,154636000.0,178563000.0,47712000.0,77106000.0
20220801,-6845890.0,37400960.0,26877300.0,33150520.0,36828290.0,27966320.0,30415610.0,9664030.0,14060630.0,161194000.0,115595000.0,142637000.0,158506000.0,120263000.0,130954000.0,41662000.0,60700000.0
20220802,-24729240.0,57294650.0,37487060.0,54654610.0,49732960.0,40681350.0,48662750.0,13292480.0,30040320.0,251518000.0,164193000.0,239231000.0,217803000.0,177901000.0,213174000.0,58121000.0,131600000.0
20220803,1879310.0,41656950.0,44701610.0,55258340.0,54093000.0,46111270.0,42650520.0,14914840.0,16496280.0,182538000.0,195441000.0,242355000.0,237040000.0,201808000.0,186959000.0,65046000.0,72307000.0
20220804,-9796760.0,44761410.0,35637240.0,41676980.0,41004380.0,26430410.0,31835100.0,4587070.0,8979140.0,200615000.0,159455000.0,186702000.0,183460000.0,118245000.0,142647000.0,20473000.0,40474000.0
20220805,3214590.0,30683440.0,34541140.0,35568890.0,34925770.0,33008090.0,26472240.0,8832520.0,12153780.0,137531000.0,154694000.0,159369000.0,156475000.0,147832000.0,118618000.0,39476000.0,54423000.0
20220808,7847710.0,31009910.0,36208470.0,35554990.0,38204140.0,34513220.0,30446650.0,11780760.0,7999620.0,135476000.0,157893000.0,155235000.0,166700000.0,150353000.0,132879000.0,51342000.0,34935000.0
20220809,3935930.0,25543780.0,31398720.0,28460060.0,26541060.0,21478600.0,17720820.0,5831730.0,5653580.0,111419000.0,136824000.0,124071000.0,115645000.0,93564000.0,77291000.0,25394000.0,24689000.0
20220810,398600.0,27483480.0,29787140.0,28226920.0,26321870.0,21801200.0,20223980.0,4912740.0,6091360.0,119699000.0,129469000.0,122761000.0,114368000.0,94657000.0,87967000.0,21307000.0,26620000.0
20220811,35143870.0,58063330.0,81586920.0,80088580.0,91708850.0,79584400.0,69125690.0,56984730.0,32299570.0,239738000.0,336193000.0,330679000.0,378759000.0,328659000.0,285287000.0,233468000.0,132305000.0
20220812,951360.0,34981860.0,41669130.0,41752290.0,36016380.0,35440890.0,30507030.0,13552950.0,17535450.0,143001000.0,170238000.0,170631000.0,147067000.0,144769000.0,124632000.0,55228000.0,71694000.0
20220815,6308890.0,33972250.0,38728210.0,40597220.0,42150160.0,33937260.0,33058180.0,13850850.0,8421040.0,137336000.0,156286000.0,163822000.0,170080000.0,136791000.0,133398000.0,55821000.0,34006000.0
20220816,8502140.0,49754780.0,56323040.0,60410220.0,62344100.0,50525470.0,50782640.0,25333330.0,16574020.0,195186000.0,220822000.0,237149000.0,244571000.0,198158000.0,199228000.0,99204000.0,65076000.0
20220817,2591110.0,71418600.0,73151230.0,89901370.0,90759840.0,65641030.0,72833080.0,33968240.0,24185080.0,266975000.0,273582000.0,336256000.0,339382000.0,245895000.0,273021000.0,127566000.0,90705000.0
20220818,-4570060.0,48863320.0,41074890.0,46966000.0,50184380.0,33610430.0,38543790.0,10116340.0,9753040.0,180948000.0,152047000.0,173852000.0,185689000.0,124304000.0,142649000.0,37423000.0,36142000.0
20220819,-16833540.0,55260490.0,33630240.0,47690390.0,52487090.0,37475600.0,47927640.0,11195790.0,17577290.0,209274000.0,127094000.0,180384000.0,198662000.0,141791000.0,181389000.0,42331000.0,66635000.0
20220822,4902500.0,53307910.0,59466620.0,80439980.0,79183770.0,60432970.0,63583080.0,32980390.0,24927780.0,196475000.0,218216000.0,295562000.0,290751000.0,221912000.0,233429000.0,120271000.0,91824000.0
20220823,-5423730.0,38828640.0,34181200.0,43722380.0,42946090.0,34384900.0,37345120.0,16137170.0,18600680.0,140745000.0,123732000.0,158320000.0,155531000.0,124563000.0,135265000.0,58471000.0,67570000.0
20220824,-17952680.0,48363590.0,32675890.0,52966190.0,50701200.0,45191400.0,49232090.0,16882540.0,30794530.0,180857000.0,122061000.0,197691000.0,189391000.0,168684000.0,183840000.0,63319000.0,115259000.0
20220825,-391200.0,48629600.0,48968850.0,67346190.0,66615750.0,68595830.0,69027230.0,30614450.0,30574250.0,176015000.0,176862000.0,243395000.0,240753000.0,247828000.0,249441000.0,110262000.0,110445000.0
20220826,-22157590.0,58710720.0,39629440.0,59216100.0,56139780.0,48206530.0,51425630.0,14662840.0,33601330.0,217960000.0,146477000.0,219733000.0,207950000.0,178748000.0,191015000.0,54432000.0,125431000.0
20220829,3718400.0,44959800.0,57318350.0,59152370.0,50512210.0,47032270.0,41254250.0,23616320.0,25675940.0,168186000.0,213953000.0,221260000.0,188670000.0,175647000.0,154388000.0,88029000.0,96112000.0
20220830,-5350230.0,36632570.0,29459410.0,45058630.0,46881570.0,34132010.0,38791030.0,21588560.0,22279770.0,138301000.0,111013000.0,170097000.0,176811000.0,128777000.0,146515000.0,81457000.0,84294000.0
20220831,-10543300.0,50696280.0,36233260.0,55828800.0,59748520.0,43705310.0,46200570.0,24587320.0,32635360.0,198742000.0,141774000.0,218900000.0,234210000.0,171650000.0,181745000.0,96570000.0,128134000.0
20220901,-221710.0,35381290.0,35424100.0,36306760.0,36042260.0,27997540.0,26027340.0,9408360.0,11600270.0,141935000.0,141949000.0,145609000.0,144469000.0,112264000.0,104414000.0,37764000.0,46740000.0
20220902,17334920.0,34958220.0,46969610.0,47136860.0,52460390.0,48873990.0,38052860.0,24569710.0,18055920.0,134920000.0,181058000.0,182061000.0,202366000.0,188381000.0,146751000.0,94687000.0,69875000.0
20220905,14122680.0,37640930.0,50364660.0,50977640.0,52376580.0,42678260.0,37148240.0,20613410.0,12020750.0,138507000.0,185159000.0,187692000.0,192772000.0,157195000.0,136881000.0,75854000.0,44437000.0
20220906,8896300.0,35557580.0,44675550.0,49504990.0,49283320.0,53002790.0,41234580.0,24339830.0,27211740.0,128772000.0,161326000.0,178970000.0,177963000.0,191317000.0,148916000.0,87487000.0,98339000.0
20220907,-8164380.0,44852590.0,36748290.0,44901690.0,44841620.0,38035770.0,37308490.0,8204580.0,17096240.0,161779000.0,132333000.0,161726000.0,161553000.0,136955000.0,134505000.0,29447000.0,61516000.0
20220908,1790330.0,33708880.0,32724770.0,40489250.0,43263690.0,35934390.0,39861350.0,22388490.0,16671200.0,122276000.0,118339000.0,146769000.0,156601000.0,129995000.0,144432000.0,80746000.0,60414000.0
20220909,-11797580.0,36758900.0,27694940.0,38052130.0,35318510.0,24243960.0,26642310.0,7146360.0,16545590.0,136749000.0,102865000.0,141410000.0,131175000.0,90104000.0,99114000.0,26514000.0,61622000.0
20220913,-10282950.0,36856590.0,29208890.0,36895800.0,34260550.0,22888940.0,24437860.0,6657410.0,15391440.0,139732000.0,110549000.0,139727000.0,129606000.0,86706000.0,92682000.0,25334000.0,58662000.0
20220914,2808770.0,35673240.0,35171560.0,35224490.0,38534950.0,29455780.0,30908110.0,10925410.0,6664310.0,133314000.0,131356000.0,131591000.0,143898000.0,110015000.0,115469000.0,40756000.0,24952000.0
20220915,-11619470.0,50403940.0,42948000.0,56774630.0,52611100.0,44369650.0,48238750.0,15023500.0,22773870.0,197866000.0,168517000.0,222991000.0,206498000.0,174099000.0,189443000.0,59121000.0,89619000.0
20220916,-15305050.0,38127960.0,27948740.0,35015580.0,29889750.0,23645930.0,28324750.0,5882800.0,16509030.0,152116000.0,111556000.0,139729000.0,119279000.0,94340000.0,113012000.0,23455000.0,65793000.0
20220919,-2323030.0,32523800.0,29925420.0,30314360.0,30589700.0,20938220.0,22196690.0,5787410.0,6851970.0,132145000.0,121345000.0,122994000.0,124204000.0,85044000.0,90228000.0,23432000.0,27838000.0
20220920,5835360.0,34122130.0,40377440.0,43782270.0,43362320.0,34516000.0,31981370.0,13092960.0,9792230.0,132654000.0,156737000.0,169894000.0,168313000.0,133989000.0,124205000.0,50936000.0,38218000.0
20220921,6711540.0,37550320.0,39749960.0,38295320.0,42807220.0,28624060.0,25262060.0,14185250.0,10835710.0,144749000.0,153162000.0,147545000.0,164836000.0,110110000.0,97193000.0,54576000.0,41787000.0
20220922,5596720.0,31564380.0,36935330.0,39424790.0,39650560.0,35683500.0,32524880.0,15545110.0,13107010.0,119833000.0,139769000.0,149266000.0,150085000.0,135069000.0,123250000.0,58557000.0,49620000.0
20220923,-1750390.0,32541620.0,32719050.0,36325500.0,34397690.0,24314630.0,24526680.0,7081910.0,8620250.0,123513000.0,123873000.0,137501000.0,130127000.0,91935000.0,92981000.0,26902000.0,32870000.0
20220926,-6178550.0,48726970.0,47938030.0,40048250.0,34658650.0,24325310.0,28500250.0,9241340.0,11244950.0,192884000.0,190008000.0,158944000.0,137524000.0,96414000.0,112837000.0,36592000.0,44464000.0
20220927,-24954750.0,61671730.0,49550940.0,69315460.0,56481490.0,39198880.0,45735540.0,9136070.0,27554160.0,255885000.0,204969000.0,287857000.0,234330000.0,162924000.0,190187000.0,38087000.0,115267000.0
20220928,-9011460.0,44166950.0,42086400.0,50479430.0,43548530.0,31034990.0,37565060.0,11383840.0,13865230.0,187739000.0,178552000.0,214397000.0,184355000.0,131078000.0,159728000.0,48469000.0,59047000.0
20220929,-4044730.0,34123520.0,32893500.0,35246100.0,32431380.0,20737930.0,21278340.0,9074110.0,12578430.0,147040000.0,141392000.0,151788000.0,139638000.0,89165000.0,91612000.0,39013000.0,54365000.0
20220930,-6725660.0,40358150.0,34253220.0,39183740.0,38563000.0,19497970.0,24649480.0,13868840.0,15442990.0,178119000.0,151068000.0,173085000.0,170495000.0,86091000.0,108790000.0,61042000.0,67984000.0
20221010,-2620140.0,33727560.0,33268220.0,35947040.0,33786240.0,26891180.0,23962770.0,10007430.0,15555980.0,145324000.0,143158000.0,154803000.0,145358000.0,115623000.0,103176000.0,43144000.0,67202000.0
20221011,1771650.0,24643430.0,30977530.0,28757930.0,24195470.0,15869780.0,12453760.0,5299620.0,6943990.0,108608000.0,136190000.0,126505000.0,106378000.0,69847000.0,54871000.0,23281000.0,30802000.0
20221012,2636650.0,31084830.0,32755470.0,29346050.0,30312060.0,19848520.0,21511790.0,10296770.0,5996850.0,136690000.0,143628000.0,128673000.0,132773000.0,86900000.0,94521000.0,45052000.0,26394000.0
20221013,6725490.0,38089330.0,40349430.0,43788970.0,48254360.0,34330500.0,27449660.0,11704440.0,11859790.0,163516000.0,172997000.0,187766000.0,206617000.0,146907000.0,117760000.0,50072000.0,50887000.0
20221014,9160830.0,30346620.0,43021870.0,49639620.0,46125210.0,41628050.0,31543030.0,17614420.0,18538610.0,129701000.0,183627000.0,211903000.0,196593000.0,177489000.0,134398000.0,74955000.0,79430000.0
20221017,3791820.0,32930850.0,33669570.0,40690560.0,43743670.0,23905830.0,23102610.0,10987800.0,7999200.0,137992000.0,141020000.0,170429000.0,183194000.0,100124000.0,96779000.0,45953000.0,33505000.0
20221018,-8382460.0,27084750.0,21681880.0,36858920.0,33879340.0,23516580.0,26770550.0,5408850.0,10537340.0,114565000.0,91599000.0,155904000.0,143200000.0,99488000.0,113223000.0,22799000.0,44734000.0
20221019,12967030.0,37852530.0,48329460.0,62817040.0,65307150.0,52170400.0,47085350.0,18898130.0,11016150.0,153812000.0,195971000.0,255000000.0,265177000.0,212226000.0,191431000.0,76623000.0,45082000.0
20221020,-535140.0,41280020.0,43785590.0,62406970.0,59366260.0,39845820.0,40720860.0,14539460.0,14199560.0,166432000.0,176054000.0,251305000.0,239142000.0,160474000.0,163832000.0,58486000.0,57669000.0
20221021,5434100.0,31685980.0,39334160.0,50997080.0,48782990.0,43398150.0,41707280.0,15791000.0,12047770.0,122849000.0,152395000.0,197575000.0,188934000.0,168079000.0,161657000.0,61341000.0,46858000.0
20221024,-3940650.0,36785630.0,32242680.0,48389940.0,48992230.0,38399330.0,36489980.0,13620370.0,19470370.0,142744000.0,124833000.0,187572000.0,189770000.0,148629000.0,141399000.0,52631000.0,75574000.0
20221025,2588060.0,37232790.0,39512660.0,45968560.0,46276750.0,37120580.0,37354990.0,15537550.0,12715080.0,141973000.0,150077000.0,174782000.0,175905000.0,140931000.0,142040000.0,58821000.0,48486000.0
20221026,-1425090.0,27883280.0,26387880.0,34416460.0,34486760.0,25734600.0,24509080.0,9047830.0,11698440.0,104469000.0,98734000.0,128843000.0,129070000.0,96355000.0,91783000.0,33800000.0,43881000.0
20221027,-23352650.0,50291760.0,29647580.0,43734600.0,41026130.0,26266320.0,40879440.0,8513910.0,17253440.0,192419000.0,113296000.0,167265000.0,156792000.0,100400000.0,156381000.0,32596000.0,66212000.0
20221028,-9027080.0,28823970.0,20471620.0,31561810.0,30887090.0,23581940.0,24050530.0,6270080.0,14828570.0,111805000.0,79262000.0,122329000.0,119664000.0,91439000.0,93275000.0,24272000.0,57644000.0
20221031,741790.0,51475050.0,49041460.0,51974350.0,55149730.0,39206980.0,40723710.0,15715370.0,13456850.0,195077000.0,185364000.0,196944000.0,208645000.0,148760000.0,154488000.0,59456000.0,51740000.0
20221101,-3933720.0,37507010.0,33952180.0,37869390.0,37490500.0,28815850.0,29814960.0,10135730.0,13070340.0,142618000.0,129086000.0,143963000.0,142470000.0,109481000.0,113303000.0,38492000.0,49695000.0
20221102,-11995870.0,41775790.0,37669740.0,57734470.0,49844650.0,45898100.0,53791060.0,17938810.0,22041720.0,155452000.0,139695000.0,214406000.0,185016000.0,170294000.0,199927000.0,66699000.0,82213000.0
20221103,-8525590.0,31636420.0,27243390.0,37615240.0,33482690.0,23491110.0,30052480.0,7995680.0,9959900.0,118760000.0,102123000.0,141149000.0,125624000.0,88126000.0,112879000.0,30022000.0,37430000.0
20221104,7059590.0,26443700.0,31651360.0,34570940.0,36422880.0,26136410.0,26074900.0,15767900.0,8769820.0,97747000.0,116805000.0,127769000.0,134525000.0,96479000.0,96278000.0,58124000.0,32511000.0
20221107,-9482870.0,37776300.0,33124980.0,34770170.0,29938620.0,22875870.0,28280270.0,5567460.0,9645930.0,141259000.0,123868000.0,129864000.0,111800000.0,85401000.0,105626000.0,20771000.0,36000000.0
20221108,-8684620.0,30220620.0,21476410.0,25739600.0,25799170.0,16565490.0,23698520.0,4263240.0,5814830.0,115225000.0,81788000.0,98105000.0,98297000.0,63103000.0,90384000.0,16238000.0,22202000.0
20221109,-5442310.0,26747920.0,24834600.0,35443330.0,31914330.0,28419580.0,32361120.0,6170640.0,7671410.0,102343000.0,94929000.0,135332000.0,121807000.0,108557000.0,123650000.0,23489000.0,29335000.0
20221110,-22603770.0,50911860.0,33370090.0,47711590.0,42649590.0,31723400.0,38615170.0,10208940.0,25920940.0,203649000.0,133470000.0,190946000.0,170589000.0,126839000.0,154335000.0,40781000.0,103821000.0
20221111,-476920.0,38899740.0,41225380.0,46837080.0,44034510.0,28494290.0,32426230.0,15364270.0,11909250.0,154623000.0,163453000.0,185819000.0,174701000.0,112872000.0,128579000.0,60769000.0,47350000.0
20221114,-10788960.0,35729080.0,31484260.0,39357110.0,32812970.0,30755210.0,39088870.0,12944260.0,15399560.0,143544000.0,126361000.0,157924000.0,131607000.0,123435000.0,156834000.0,51887000.0,61988000.0
20221115,12890.0,29208340.0,28583400.0,32204270.0,32842100.0,25946250.0,27436940.0,15625290.0,14121710.0,116975000.0,114292000.0,128907000.0,131361000.0,103774000.0,109788000.0,62437000.0,56652000.0
20221116,7095850.0,25371550.0,33763980.0,35467070.0,34170490.0,28670530.0,23976210.0,10570070.0,8168540.0,99740000.0,132573000.0,139389000.0,134225000.0,112641000.0,94281000.0,41455000.0,32145000.0
20221117,-4907850.0,30850590.0,28756270.0,32787830.0,29974310.0,20334760.0,19229770.0,3807640.0,9820480.0,123313000.0,114716000.0,130782000.0,119645000.0,81119000.0,76865000.0,15143000.0,39131000.0
20221118,-3334370.0,26356590.0,24148660.0,25265030.0,24138590.0,19945390.0,19311900.0,7075080.0,11042940.0,104555000.0,95461000.0,100115000.0,95577000.0,78931000.0,76559000.0,28118000.0,44122000.0
20221121,-3351780.0,26089210.0,22068780.0,24155940.0,24824590.0,12315450.0,15231880.0,2688080.0,3123430.0,104947000.0,88639000.0,97176000.0,99934000.0,49565000.0,61286000.0,10782000.0,12610000.0
20221122,16246130.0,49790840.0,59858730.0,58765800.0,64944040.0,53799470.0,47619620.0,25194140.0,15127860.0,191528000.0,230205000.0,225892000.0,249715000.0,206948000.0,183119000.0,96903000.0,58231000.0
20221123,2904850.0,36065430.0,38700480.0,36877350.0,37147150.0,31747300.0,29466340.0,13950730.0,13326840.0,138916000.0,148894000.0,141962000.0,142940000.0,122131000.0,113485000.0,53693000.0,51383000.0
20221124,-2944660.0,32065180.0,31446240.0,30974010.0,28648280.0,23014760.0,23418360.0,7301440.0,9842500.0,122704000.0,120251000.0,118437000.0,109512000.0,87944000.0,89511000.0,27856000.0,37666000.0
20221125,-2560360.0,29599070.0,24135650.0,24792420.0,27695480.0,18080590.0,20026650.0,5076590.0,5690890.0,114214000.0,93058000.0,95620000.0,106829000.0,69681000.0,77227000.0,19547000.0,21948000.0
20221128,2116310.0,34547100.0,36460190.0,36455260.0,36658480.0,27697980.0,24906350.0,10360570.0,11035890.0,133421000.0,140582000.0,140613000.0,141387000.0,106904000.0,96158000.0,39770000.0,42581000.0
20221129,-13326180.0,42970470.0,32457920.0,39840830.0,37027200.0,24833080.0,33195470.0,9236360.0,14200150.0,169238000.0,127825000.0,156926000.0,145810000.0,97811000.0,130776000.0,36356000.0,55920000.0
20221130,-13266680.0,42105080.0,28592780.0,38363680.0,38609290.0,20526000.0,27877390.0,6853670.0,12768960.0,169340000.0,114889000.0,154297000.0,155255000.0,82515000.0,112133000.0,27505000.0,51379000.0
20221201,-2326780.0,33763260.0,27935780.0,30111840.0,33612550.0,20566430.0,18780940.0,7188890.0,11301160.0,135609000.0,112117000.0,120885000.0,134961000.0,82550000.0,75409000.0,28833000.0,45390000.0
20221202,-34152020.0,70602890.0,40617640.0,61279280.0,57112500.0,35962930.0,48866630.0,9680190.0,30928510.0,292960000.0,168163000.0,254179000.0,237025000.0,149545000.0,203155000.0,40090000.0,128430000.0
20221205,8368360.0,39850680.0,45792890.0,43093310.0,45519460.0,31400930.0,27156140.0,13097580.0,8974010.0,165957000.0,190337000.0,179337000.0,189327000.0,130454000.0,112987000.0,54196000.0,37293000.0
20221206,-3658570.0,36874880.0,30451170.0,34233160.0,36998290.0,18954120.0,20672690.0,7603340.0,9543340.0,153408000.0,126618000.0,142374000.0,153889000.0,78830000.0,85997000.0,31652000.0,39760000.0
20221207,-9508220.0,30916330.0,20655770.0,23762820.0,24515160.0,12987190.0,15562090.0,3531610.0,10464930.0,130067000.0,86848000.0,99906000.0,103079000.0,54620000.0,65422000.0,14803000.0,44046000.0
20221208,-9577030.0,32751860.0,25608570.0,29180850.0,26747110.0,15726220.0,18331540.0,3398870.0,10370580.0,139967000.0,109309000.0,124691000.0,114299000.0,67197000.0,78369000.0,14515000.0,44394000.0
20221209,154340.0,26344860.0,25069210.0,25369850.0,26799830.0,15068480.0,15801130.0,5049680.0,4162690.0,113328000.0,107736000.0,109046000.0,115196000.0,64776000.0,67935000.0,21670000.0,17951000.0
20221212,-7564310.0,30858710.0,22859970.0,30793020.0,31227450.0,20585100.0,27586810.0,6641790.0,7204390.0,134434000.0,99529000.0,134175000.0,136095000.0,89699000.0,120184000.0,28931000.0,31431000.0
20221213,-4880520.0,25602990.0,20124380.0,23045540.0,23643620.0,14031930.0,13113450.0,5118980.0,10917980.0,111505000.0,87523000.0,100353000.0,102885000.0,61187000.0,57160000.0,22432000.0,47909000.0
20221214,669080.0,22896450.0,23898760.0,21320740.0,20987500.0,14422370.0,12761010.0,4260640.0,5252920.0,99283000.0,103602000.0,92475000.0,91011000.0,62520000.0,55336000.0,18455000.0,22785000.0
20221215,816030.0,18540470.0,18179780.0,17771890.0,18948610.0,11469620.0,10286450.0,2623550.0,2990690.0,80941000.0,79275000.0,77509000.0,82652000.0,50037000.0,44905000.0,11420000.0,13075000.0
20221216,-1828250.0,28666520.0,25079560.0,24872840.0,26631560.0,16072990.0,17109430.0,4545520.0,5337330.0,126657000.0,110692000.0,109866000.0,117622000.0,70913000.0,75528000.0,20053000.0,23646000.0
20221219,-1694330.0,17762260.0,15150600.0,16968410.0,17885750.0,13114740.0,13257750.0,2205680.0,3757000.0,79000000.0,67341000.0,75468000.0,79551000.0,58309000.0,59028000.0,9827000.0,16685000.0
20221220,10059410.0,29554770.0,37054310.0,31603830.0,34163720.0,25411600.0,20719290.0,11620690.0,6253590.0,128366000.0,160877000.0,137311000.0,148387000.0,110341000.0,89992000.0,50395000.0,27157000.0
20221221,-5660260.0,29589700.0,27112600.0,27280620.0,24097450.0,17232210.0,21266310.0,4111400.0,5737560.0,131901000.0,120838000.0,121572000.0,107463000.0,76791000.0,94743000.0,18313000.0,25532000.0
20221222,-8312450.0,31872070.0,18406310.0,29289580.0,34442910.0,16180240.0,20405510.0,2940610.0,7027790.0,145496000.0,83872000.0,133665000.0,157196000.0,73857000.0,93204000.0,13413000.0,32159000.0
20221223,-4568330.0,18960000.0,12944900.0,13869860.0,15316620.0,8959570.0,10147620.0,3951070.0,7331350.0,87950000.0,60000000.0,64339000.0,71047000.0,41535000.0,47101000.0,18285000.0,33961000.0
20221226,1246830.0,20932870.0,23035590.0,18412460.0,17556570.0,10426340.0,12409910.0,5185000.0,1954600.0,95743000.0,105245000.0,84195000.0,80268000.0,47667000.0,56863000.0,23694000.0,8923000.0
20221227,1050490.0,19029270.0,22288050.0,17485930.0,15277640.0,7095020.0,7400370.0,2686460.0,1330620.0,86180000.0,100944000.0,79156000.0,69128000.0,32098000.0,33507000.0,12170000.0,6023000.0
20221228,1500420.0,20276250.0,19528320.0,18930060.0,21178410.0,13357490.0,13062170.0,5348140.0,4143040.0,91047000.0,87569000.0,84916000.0,95008000.0,59887000.0,58611000.0,23908000.0,18570000.0
20221229,3572800.0,18202300.0,21756110.0,20115490.0,20134470.0,13899810.0,12600980.0,5381220.0,3107250.0,80891000.0,96573000.0,89335000.0,89442000.0,61678000.0,55970000.0,23852000.0,13771000.0
20221230,652960.0,18965630.0,22359660.0,17093450.0,14352380.0,11410610.0,10061250.0,4209150.0,4905550.0,84595000.0,99701000.0,76211000.0,63975000.0,50855000.0,44860000.0,18833000.0,21957000.0
20230103,5911400.0,22063320.0,25358550.0,23212520.0,25828700.0,16795240.0,13764760.0,8485590.0,5604670.0,97228000.0,111544000.0,102256000.0,113742000.0,73947000.0,60615000.0,37199000.0,24729000.0
20230104,1369510.0,16649110.0,18608480.0,19179020.0,18589170.0,12997760.0,10993880.0,3693330.0,4327700.0,72835000.0,81337000.0,83871000.0,81264000.0,56823000.0,48099000.0,16117000.0,18946000.0
20230105,1201210.0,18122330.0,17427790.0,15401340.0,17297110.0,12210310.0,12176090.0,4492590.0,3325600.0,78686000.0,75668000.0,66874000.0,75109000.0,53031000.0,52866000.0,19490000.0,14438000.0
20230106,-6221240.0,30474390.0,18879800.0,26449300.0,31822630.0,15548090.0,20578970.0,4214640.0,5405000.0,133663000.0,82742000.0,115988000.0,139676000.0,68105000.0,90142000.0,18493000.0,23689000.0
20230109,-1501820.0,25404190.0,18362290.0,18348660.0,23888740.0,14307390.0,13472400.0,5331510.0,7668320.0,112879000.0,81586000.0,81523000.0,106169000.0,63570000.0,59834000.0,23682000.0,34065000.0
20230110,-6555670.0,27275110.0,18531910.0,21614410.0,23801960.0,11539070.0,14704970.0,4188060.0,7577830.0,123466000.0,83861000.0,97853000.0,107752000.0,52257000.0,66554000.0,18959000.0,34369000.0
20230111,1778690.0,21276920.0,22528640.0,19632190.0,20159160.0,11952470.0,9632450.0,3298300.0,3839630.0,95923000.0,101516000.0,88468000.0,90834000.0,53832000.0,43400000.0,14847000.0,17320000.0
20230112,-201950.0,15574900.0,14811650.0,12290390.0,12851690.0,8228580.0,8185150.0,2245830.0,2491210.0,70500000.0,67044000.0,55590000.0,58118000.0,37197000.0,37009000.0,10174000.0,11291000.0
20230113,858110.0,25810350.0,26028170.0,24337210.0,24977490.0,18393600.0,21321640.0,10824460.0,7038310.0,117223000.0,118083000.0,110283000.0,113193000.0,83352000.0,96784000.0,49174000.0,31973000.0
20230116,7596350.0,39101870.0,46691620.0,48328480.0,48335070.0,36709890.0,33656490.0,16617200.0,12074250.0,170921000.0,203804000.0,211126000.0,211073000.0,160208000.0,147047000.0,72427000.0,52758000.0
20230117,7798230.0,29124080.0,39912710.0,42877310.0,39886920.0,29719600.0,23942410.0,8033020.0,6011980.0,124378000.0,170308000.0,182914000.0,170155000.0,126788000.0,102244000.0,34327000.0,25700000.0
20230118,-1073780.0,23530670.0,19341740.0,21909510.0,25024660.0,18612730.0,16139090.0,2333190.0,5880610.0,99412000.0,81631000.0,92511000.0,105655000.0,78525000.0,68149000.0,9847000.0,24859000.0
20230119,-2244120.0,24111490.0,20008320.0,21493270.0,23352310.0,12800640.0,14041100.0,2252710.0,3256370.0,102980000.0,85384000.0,91786000.0,99695000.0,54626000.0,59973000.0,9611000.0,13951000.0
20230120,1769370.0,16733080.0,16936520.0,16653740.0,18219680.0,13504280.0,10371020.0,4279200.0,5643090.0,70876000.0,71723000.0,70522000.0,77170000.0,57180000.0,43910000.0,18110000.0,23885000.0
20230130,982560.0,30162300.0,28723600.0,31729280.0,34150540.0,22533780.0,22970730.0,8706820.0,7287310.0,127173000.0,121041000.0,133704000.0,143882000.0,94862000.0,96773000.0,36648000.0,30691000.0
20230131,-247710.0,18727910.0,19720900.0,20195370.0,18954660.0,12618450.0,12689420.0,3621370.0,3798110.0,79081000.0,83190000.0,85246000.0,79991000.0,53266000.0,53622000.0,15251000.0,16040000.0
20230201,828850.0,21436750.0,24412250.0,27336270.0,25189620.0,18621510.0,18542710.0,5535030.0,4784980.0,90101000.0,102577000.0,114885000.0,105855000.0,78249000.0,77942000.0,23252000.0,20113000.0
20230202,-7463750.0,24996180.0,19585200.0,25429150.0,23376380.0,16032800.0,20004190.0,4871650.0,8364010.0,105456000.0,82581000.0,107251000.0,98559000.0,67558000.0,84395000.0,20523000.0,35254000.0
20230203,3785090.0,26735550.0,26527550.0,27693120.0,31686220.0,20155530.0,20020840.0,7790390.0,4139990.0,113443000.0,112242000.0,117178000.0,133957000.0,85196000.0,84804000.0,32777000.0,17591000.0
20230206,-2398750.0,27886480.0,31239450.0,31491290.0,25739570.0,16647910.0,18552140.0,5057640.0,5552160.0,117104000.0,131091000.0,132092000.0,107846000.0,69733000.0,77820000.0,21136000.0,23307000.0
20230207,297030.0,16393200.0,13395410.0,15413850.0,18708670.0,9485540.0,10436650.0,3445470.0,2197330.0,69541000.0,56800000.0,65350000.0,79339000.0,40201000.0,44253000.0,14617000.0,9316000.0
20230208,-440020.0,21115790.0,20332140.0,21929080.0,22272710.0,12728610.0,13543460.0,3624860.0,3250030.0,89597000.0,86180000.0,92970000.0,94429000.0,53890000.0,57399000.0,15330000.0,13778000.0
20230209,19898680.0,38988360.0,56001650.0,54640720.0,57526110.0,48791080.0,36391960.0,18375910.0,10876350.0,161271000.0,231520000.0,226152000.0,238151000.0,201985000.0,150670000.0,75959000.0,45025000.0
20230210,-4782120.0,26110460.0,24500510.0,26779600.0,23607440.0,19519270.0,20328640.0,3412840.0,7385590.0,108544000.0,101869000.0,111317000.0,98142000.0,81131000.0,84466000.0,14201000.0,30717000.0
20230213,6712690.0,29104780.0,34544080.0,33936110.0,35209490.0,27773410.0,22781110.0,9147800.0,7427410.0,119542000.0,141788000.0,139379000.0,144562000.0,114012000.0,93573000.0,37533000.0,30544000.0
20230214,-5890610.0,25745260.0,23567370.0,26117990.0,22405270.0,14826970.0,18064510.0,4499900.0,7152970.0,106318000.0,97244000.0,107811000.0,92462000.0,61175000.0,74564000.0,18536000.0,29570000.0
20230215,-5974430.0,25898620.0,23428530.0,23274510.0,19770160.0,15233500.0,17279750.0,4090130.0,8018310.0,108286000.0,97917000.0,97299000.0,82596000.0,63643000.0,72207000.0,17091000.0,33599000.0
20230216,-16910240.0,35156200.0,22919110.0,35311810.0,30638650.0,21901370.0,30617360.0,7068490.0,15262740.0,149551000.0,97064000.0,150036000.0,130226000.0,93198000.0,130210000.0,29967000.0,65252000.0
20230217,223290.0,25149620.0,23877840.0,21194270.0,22689330.0,16790920.0,15978720.0,8169990.0,8758900.0,109116000.0,103550000.0,91931000.0,98403000.0,72800000.0,69338000.0,35484000.0,38039000.0
20230220,-1848620.0,19923790.0,18478810.0,19991780.0,19588150.0,11008640.0,11789780.0,3834450.0,4901930.0,86288000.0,80003000.0,86567000.0,84872000.0,47701000.0,51097000.0,16620000.0,21203000.0
20230221,-468490.0,16902580.0,17387760.0,18559810.0,17606140.0,15190920.0,13818560.0,3068640.0,4909490.0,72199000.0,74216000.0,79251000.0,75159000.0,64794000.0,58969000.0,13056000.0,20956000.0
20230222,-1445050.0,24790280.0,19303930.0,19856920.0,23898230.0,9891730.0,12399660.0,2504560.0,1441680.0,106183000.0,82630000.0,85052000.0,102411000.0,42360000.0,53124000.0,10749000.0,6180000.0
20230223,-5117620.0,22857820.0,16373370.0,18385140.0,19751990.0,11968690.0,14533520.0,3520830.0,6073620.0,98759000.0,70640000.0,79452000.0,85327000.0,51669000.0,62815000.0,15208000.0,26307000.0
20230224,29208080.0,47956930.0,65330860.0,61046320.0,72880460.0,54815930.0,43604470.0,33449210.0,15452590.0,199758000.0,271779000.0,253968000.0,303190000.0,227996000.0,181366000.0,138749000.0,64136000.0
20230227,5814690.0,33322400.0,38804320.0,39940620.0,40273380.0,36447600.0,31907250.0,14374980.0,13100640.0,138008000.0,160625000.0,165389000.0,166617000.0,150798000.0,132107000.0,59376000.0,54223000.0
20230228,-6734640.0,37313550.0,36390190.0,41112610.0,35301330.0,29806250.0,31441850.0,11796270.0,16895310.0,156484000.0,152455000.0,172355000.0,147888000.0,124883000.0,131930000.0,49356000.0,70804000.0
20230301,6433400.0,26992320.0,33471570.0,37490470.0,37444630.0,31183360.0,26936710.0,14843350.0,12656600.0,112632000.0,139280000.0,156255000.0,155841000.0,129729000.0,112194000.0,61577000.0,52879000.0
20230302,12851100.0,45594980.0,51595360.0,54139530.0,60990250.0,61657510.0,52907890.0,22093810.0,17992330.0,182876000.0,206751000.0,217114000.0,244465000.0,247158000.0,212136000.0,88415000.0,72212000.0
20230303,35415330.0,61928700.0,82969910.0,84958500.0,99332630.0,92399930.0,82696540.0,61117630.0,35405690.0,240299000.0,321613000.0,329623000.0,385074000.0,358252000.0,320904000.0,236864000.0,137448000.0
20230306,-8415440.0,92283180.0,71380130.0,114543920.0,127031530.0,105726060.0,110168740.0,45927850.0,49900610.0,343444000.0,264988000.0,425578000.0,471582000.0,391836000.0,408967000.0,169850000.0,185171000.0
20230307,-9779520.0,60412150.0,54810420.0,78802600.0,74624820.0,59151500.0,68859410.0,34353760.0,34425370.0,229042000.0,207348000.0,298409000.0,282378000.0,223787000.0,260928000.0,129994000.0,130578000.0
20230308,3585880.0,42372450.0,44250300.0,52225950.0,53933970.0,43642120.0,41731020.0,16935340.0,15260560.0,162046000.0,169036000.0,199773000.0,206176000.0,166851000.0,159640000.0,64538000.0,58357000.0
20230309,-9091540.0,42227700.0,30044220.0,37827750.0,40919680.0,32610260.0,38699700.0,17329920.0,20332020.0,161171000.0,114530000.0,144199000.0,155908000.0,124125000.0,147431000.0,65973000.0,77598000.0
20230310,-17073900.0,37287580.0,24243950.0,41122930.0,37092660.0,25274810.0,35917790.0,7166630.0,13597550.0,145288000.0,94311000.0,160181000.0,144447000.0,98503000.0,140020000.0,27929000.0,53123000.0
20230313,-2794360.0,30890690.0,35358940.0,43185260.0,35922650.0,26410290.0,24564210.0,10890170.0,15530610.0,120717000.0,138002000.0,168671000.0,140218000.0,103095000.0,95881000.0,42466000.0,60847000.0
20230314,1877300.0,40348620.0,47584340.0,50662670.0,45304250.0,40162660.0,37945410.0,14893580.0,15233530.0,156676000.0,184445000.0,196405000.0,175598000.0,155596000.0,147165000.0,57636000.0,59104000.0
20230315,2136650.0,27689870.0,30128300.0,33413080.0,33111300.0,29496940.0,28153290.0,11501920.0,10708920.0,107530000.0,116796000.0,129617000.0,128366000.0,114336000.0,109219000.0,44538000.0,41640000.0
20230316,-12519790.0,49106060.0,34836130.0,48884220.0,50634350.0,27427790.0,35614640.0,8722100.0,13055040.0,195406000.0,138483000.0,194396000.0,201365000.0,109062000.0,141761000.0,34624000.0,51879000.0
20230317,-3449960.0,26447590.0,25302720.0,31193080.0,28887990.0,21965110.0,26497620.0,8411830.0,7329280.0,105142000.0,100512000.0,123935000.0,114765000.0,87233000.0,105317000.0,33416000.0,29132000.0
20230320,-3150280.0,36438840.0,35478020.0,38941960.0,36752490.0,31078090.0,32851630.0,8878350.0,10255090.0,145615000.0,141239000.0,155214000.0,146460000.0,123702000.0,131211000.0,35303000.0,40922000.0
20230321,1427290.0,43444480.0,42753540.0,47835610.0,49953830.0,45861240.0,44341990.0,15498700.0,15590660.0,171083000.0,168272000.0,188312000.0,196567000.0,180109000.0,174423000.0,60928000.0,61170000.0
20230322,1714450.0,35240120.0,34954700.0,37444600.0,39444470.0,33021140.0,29568460.0,10667090.0,12405320.0,140849000.0,139339000.0,149341000.0,157241000.0,131413000.0,117928000.0,42450000.0,49545000.0
20230323,1934370.0,27153140.0,27443150.0,30622090.0,32266430.0,24010710.0,21230480.0,5607980.0,6453840.0,109536000.0,110649000.0,123491000.0,130123000.0,96811000.0,85634000.0,22609000.0,26040000.0
20230324,-8891890.0,39162990.0,30756460.0,41871880.0,41386530.0,24188510.0,31758390.0,10404940.0,11726950.0,161204000.0,126591000.0,172340000.0,170333000.0,99483000.0,130641000.0,42825000.0,48288000.0
20230327,-2983950.0,28298110.0,23969530.0,28508430.0,29853050.0,19236190.0,21964540.0,7088820.0,7344420.0,118106000.0,100023000.0,118967000.0,124540000.0,80246000.0,91622000.0,29536000.0,30670000.0
20230328,-2295020.0,26997880.0,26022150.0,29139490.0,27820210.0,18392990.0,19459470.0,7822330.0,9050870.0,112270000.0,108078000.0,121037000.0,115519000.0,76388000.0,80935000.0,32510000.0,37673000.0
20230329,-16306490.0,43809230.0,27266850.0,43104010.0,43339900.0,24929090.0,32830780.0,7530470.0,15935270.0,187652000.0,116717000.0,184619000.0,185524000.0,106806000.0,140697000.0,32293000.0,68432000.0
20230330,-1583980.0,22327590.0,20680980.0,27311350.0,27373980.0,22407870.0,23609640.0,2629360.0,3011570.0,95703000.0,88601000.0,117010000.0,117284000.0,95964000.0,101153000.0,11271000.0,12909000.0
20230331,-2883940.0,22811640.0,17415700.0,21432000.0,23944000.0,15664310.0,19010520.0,4310330.0,3848060.0,97555000.0,74465000.0,91665000.0,102413000.0,66976000.0,81279000.0,18407000.0,16445000.0
20230403,-9479180.0,38181780.0,26495320.0,37482760.0,39690050.0,29213570.0,33264240.0,8284490.0,13713000.0,164320000.0,113979000.0,161226000.0,170750000.0,125589000.0,143033000.0,35574000.0,58948000.0
20230404,-12151240.0,42728930.0,35529980.0,55034220.0,50081930.0,42072770.0,53628690.0,12431320.0,13026640.0,184552000.0,153188000.0,237494000.0,216114000.0,181403000.0,231403000.0,53501000.0,56244000.0
20230406,-10651420.0,35614420.0,26325110.0,42484760.0,41122650.0,31426140.0,37814830.0,12664540.0,16927270.0,154544000.0,113845000.0,184093000.0,178062000.0,136004000.0,164052000.0,54803000.0,73484000.0
20230407,4105540.0,24797250.0,24553980.0,36656160.0,41004980.0,29224850.0,31624320.0,18056280.0,11551270.0,106079000.0,105043000.0,156790000.0,175417000.0,124985000.0,135254000.0,77264000.0,49403000.0
20230410,-52368660.0,90412450.0,57815400.0,102175340.0,82403740.0,82757100.0,88380070.0,44619120.0,91364810.0,366467000.0,234656000.0,414023000.0,334257000.0,335215000.0,358088000.0,180384000.0,369088000.0
20230411,1913090.0,52750660.0,46456700.0,60289200.0,68496260.0,44880510.0,46590130.0,20060120.0,16437410.0,221723000.0,195276000.0,253310000.0,287705000.0,188392000.0,195602000.0,84154000.0,68997000.0
20230412,-5113120.0,36019760.0,32136380.0,45683600.0,44453870.0,33040440.0,38039130.0,11605880.0,11720310.0,151633000.0,135214000.0,192226000.0,187074000.0,138973000.0,159998000.0,48795000.0,49341000.0
20230413,17042590.0,54513370.0,70861210.0,82631320.0,83326050.0,73202430.0,66828530.0,45508080.0,34839390.0,224188000.0,290957000.0,339650000.0,342371000.0,300478000.0,274537000.0,186392000.0,142843000.0
20230414,-19848500.0,45824690.0,32495470.0,54138340.0,47619040.0,36587070.0,46009500.0,12275590.0,22701660.0,187692000.0,133026000.0,221686000.0,194974000.0,149796000.0,188377000.0,50268000.0,93064000.0
20230417,1431220.0,39198570.0,41118960.0,54410630.0,53921470.0,55032220.0,59514410.0,40231470.0,34318060.0,158889000.0,166500000.0,220492000.0,218408000.0,222800000.0,240811000.0,162662000.0,139123000.0
20230418,-4963440.0,34606340.0,31540600.0,47156550.0,45258850.0,47096520.0,51090250.0,27027030.0,27996740.0,139850000.0,127312000.0,190408000.0,182696000.0,189911000.0,206149000.0,108956000.0,112967000.0
20230419,-23336280.0,47282120.0,30491860.0,53077730.0,46531700.0,40827200.0,49649110.0,22019020.0,36533390.0,193326000.0,124524000.0,216674000.0,189989000.0,166676000.0,202741000.0,89938000.0,149362000.0
20230420,-18170260.0,41044930.0,22720130.0,44017240.0,44171760.0,34746030.0,42442200.0,12847480.0,23321570.0,171711000.0,95000000.0,184130000.0,184666000.0,145336000.0,177510000.0,53684000.0,97686000.0
20230421,12531070.0,70022490.0,83631830.0,115492630.0,114414360.0,125095230.0,110296270.0,71556960.0,73824850.0,282762000.0,336959000.0,465876000.0,461425000.0,503945000.0,444955000.0,287536000.0,296780000.0
20230424,-1518900.0,77891330.0,72172440.0,114594650.0,118794640.0,116286240.0,135549980.0,71823500.0,54078660.0,312628000.0,288702000.0,459206000.0,475826000.0,465157000.0,542329000.0,286670000.0,216805000.0
20230425,-9988120.0,64563220.0,60368760.0,96031450.0,90237780.0,91207480.0,98594520.0,43427060.0,46028140.0,254241000.0,237205000.0,377872000.0,354873000.0,358652000.0,387568000.0,170610000.0,181729000.0
20230426,-16287530.0,58168520.0,51143790.0,89017600.0,79754790.0,84297580.0,91131900.0,36261710.0,45714920.0,228532000.0,200667000.0,349366000.0,313032000.0,330647000.0,357570000.0,142059000.0,179336000.0
20230427,4159290.0,80756110.0,90678140.0,132185090.0,126422360.0,138791810.0,127156290.0,90391560.0,97867790.0,311741000.0,348858000.0,509188000.0,486597000.0,533397000.0,489692000.0,345504000.0,374683000.0
20230428,-40469480.0,92603830.0,64802520.0,131002400.0,118334230.0,114664910.0,130730120.0,70780520.0,95184790.0,359439000.0,251036000.0,508436000.0,459058000.0,444772000.0,507404000.0,274753000.0,369902000.0
20230504,2623510.0,78578010.0,73190610.0,120397000.0,128407910.0,116187110.0,109915760.0,62654190.0,66302030.0,298690000.0,277473000.0,456767000.0,486950000.0,440425000.0,416829000.0,237032000.0,251662000.0
20230505,-26330490.0,80261420.0,56817860.0,97345570.0,94458640.0,82053920.0,91434750.0,32293130.0,49242790.0,314392000.0,221784000.0,380565000.0,369155000.0,319796000.0,356600000.0,125971000.0,193186000.0
20230508,96051480.0,52057370.0,100986610.0,105271640.0,152393880.0,164324160.0,149472740.0,216167210.0,134967150.0,193431000.0,374320000.0,391228000.0,564695000.0,611641000.0,553065000.0,792170000.0,496390000.0
20230509,-49678400.0,157508430.0,127241200.0,247487170.0,228076000.0,271294620.0,282431050.0,148577280.0,187119250.0,553909000.0,446765000.0,869414000.0,800701000.0,951526000.0,991489000.0,520274000.0,656169000.0
20230510,-15985500.0,94764170.0,81466400.0,128455870.0,125768140.0,123615680.0,125338740.0,53345020.0,67607460.0,345070000.0,295958000.0,466928000.0,456774000.0,448426000.0,454375000.0,193501000.0,246819000.0
20230511,-27740140.0,78544610.0,61396020.0,96771230.0,86179680.0,82560810.0,98403560.0,39421570.0,51318960.0,297171000.0,232125000.0,366044000.0,325829000.0,312179000.0,372118000.0,148846000.0,194168000.0
20230512,-9777320.0,66419090.0,54744540.0,79828860.0,81726090.0,74234540.0,78408580.0,28220940.0,33824220.0,252130000.0,207603000.0,302836000.0,309840000.0,281586000.0,297367000.0,107263000.0,129006000.0
20230515,24234780.0,74971560.0,92832980.0,120456090.0,126829430.0,128522240.0,134799490.0,123292670.0,92780640.0,280798000.0,342148000.0,448689000.0,467678000.0,477429000.0,498039000.0,446120000.0,345172000.0
20230516,-34702910.0,145357330.0,116242740.0,203313750.0,197725430.0,230423290.0,234717680.0,130426920.0,160835440.0,499855000.0,398615000.0,698152000.0,678525000.0,790945000.0,806003000.0,446568000.0,552377000.0
20230517,345020.0,133480330.0,133181940.0,204591780.0,205235190.0,198500000.0,222865860.0,127326640.0,102615760.0,452875000.0,451421000.0,693643000.0,695572000.0,672821000.0,754784000.0,429632000.0,347193000.0
20230518,-4812390.0,91388250.0,86531680.0,126649290.0,126693460.0,141842530.0,129064660.0,60247600.0,77837860.0,306526000.0,289882000.0,424574000.0,424511000.0,475357000.0,432497000.0,201641000.0,261209000.0
20230519,-26836840.0,87077150.0,63022630.0,108639990.0,105857670.0,98454850.0,109975460.0,48644940.0,63961170.0,297603000.0,215216000.0,371246000.0,361574000.0,336143000.0,375283000.0,165950000.0,218867000.0
20230522,-7267180.0,49475990.0,41173610.0,59972140.0,61007350.0,46736150.0,51356860.0,17734480.0,20380950.0,171860000.0,142907000.0,208242000.0,211753000.0,162263000.0,178274000.0,61513000.0,70944000.0
20230523,-13525400.0,71690810.0,52411120.0,86758440.0,92512710.0,76593030.0,84497170.0,46968300.0,52589560.0,254718000.0,186108000.0,308107000.0,328523000.0,271916000.0,300130000.0,166950000.0,186930000.0
20230524,-20567150.0,71454310.0,54411920.0,83713560.0,80188800.0,76689510.0,85733670.0,47473550.0,58996540.0,254655000.0,193455000.0,297997000.0,285278000.0,272848000.0,304789000.0,168725000.0,210703000.0
20230525,-6980450.0,63289770.0,55772100.0,84748240.0,85285450.0,72713150.0,74874270.0,32187330.0,37006660.0,227082000.0,199768000.0,303838000.0,305592000.0,260527000.0,268479000.0,115286000.0,132894000.0
20230526,-8440090.0,60446940.0,53208080.0,75320630.0,74119410.0,66265280.0,65410930.0,24931460.0,34225900.0,218787000.0,192140000.0,272461000.0,268090000.0,239779000.0,236761000.0,89951000.0,123987000.0
20230529,2255760.0,80952440.0,88157930.0,121799780.0,116850040.0,107832240.0,114680160.0,64003880.0,54900200.0,279682000.0,304145000.0,420566000.0,403246000.0,372374000.0,396467000.0,220946000.0,189710000.0
20230530,-2398060.0,69370060.0,64940100.0,92717300.0,94749200.0,83399270.0,86736440.0,44209530.0,43270420.0,238616000.0,223022000.0,318493000.0,325493000.0,286294000.0,297742000.0,151505000.0,148651000.0
20230531,-3645900.0,66796120.0,62782930.0,91195130.0,91562400.0,81907390.0,79532090.0,40560200.0,46581400.0,229668000.0,215447000.0,313215000.0,314355000.0,281010000.0,273007000.0,138840000.0,159924000.0
20230601,-19607630.0,70530860.0,66262160.0,112030390.0,96691460.0,101344690.0,105324680.0,51035640.0,66663280.0,246423000.0,230490000.0,390386000.0,336943000.0,353094000.0,367674000.0,178401000.0,233197000.0
20230602,-23518590.0,75630060.0,55157320.0,90773130.0,87727280.0,76429720.0,87995260.0,37312880.0,49265930.0,262174000.0,190409000.0,313774000.0,303090000.0,263771000.0,304086000.0,128384000.0,170518000.0
20230605,9105480.0,44434740.0,49400630.0,64672780.0,68812360.0,57100440.0,56842950.0,39521540.0,30673550.0,155526000.0,172474000.0,226151000.0,240396000.0,199424000.0,198582000.0,137734000.0,107382000.0
20230606,-12524470.0,59019560.0,45035140.0,72232460.0,73692400.0,57345350.0,65213710.0,26078210.0,30734320.0,208567000.0,158610000.0,254847000.0,259954000.0,202201000.0,230044000.0,91881000.0,108888000.0
20230607,-28790720.0,55128450.0,39523400.0,75800050.0,62614370.0,54061290.0,67710520.0,25288790.0,40430280.0,199034000.0,142531000.0,273618000.0,225852000.0,195018000.0,244384000.0,91307000.0,146211000.0
20230608,1195870.0,45934690.0,45033080.0,61122580.0,63220060.0,54927410.0,55382320.0,26512730.0,24861950.0,164886000.0,161489000.0,219230000.0,226681000.0,196680000.0,198455000.0,94808000.0,88978000.0
20230609,-6620670.0,44495110.0,35206540.0,48343320.0,51011210.0,36417540.0,42050030.0,16754940.0,17743120.0,161028000.0,127341000.0,174954000.0,184576000.0,131765000.0,152205000.0,60563000.0,64187000.0
20230612,2274950.0,36691440.0,36598540.0,48932920.0,51300770.0,47148990.0,42016550.0,20938960.0,23796450.0,131449000.0,131049000.0,175264000.0,183711000.0,168733000.0,150416000.0,74855000.0,85123000.0
20230613,-6789510.0,42543550.0,35179100.0,52286170.0,52861100.0,48046350.0,46951540.0,16899760.0,24784080.0,155120000.0,128125000.0,190580000.0,192614000.0,175004000.0,171150000.0,61558000.0,90373000.0
20230614,-1603660.0,47046100.0,44146500.0,64569210.0,65865160.0,56348980.0,50106070.0,24270910.0,32117480.0,168424000.0,157892000.0,231002000.0,235634000.0,201529000.0,179274000.0,86722000.0,114879000.0
20230615,-18627020.0,42113600.0,27142160.0,45028780.0,41373210.0,37278170.0,42175140.0,14154590.0,27884640.0,152889000.0,98436000.0,163411000.0,150071000.0,135264000.0,153099000.0,51372000.0,101330000.0
20230616,16830950.0,75251790.0,82856440.0,105950240.0,115176530.0,111950070.0,115595030.0,76569500.0,56093590.0,260718000.0,286504000.0,366782000.0,398153000.0,387185000.0,399794000.0,263912000.0,194146000.0
20230619,41785780.0,83614530.0,95712960.0,108492430.0,138179770.0,134485460.0,133332330.0,99034290.0,58401640.0,280560000.0,320873000.0,364215000.0,463388000.0,451704000.0,447410000.0,331358000.0,196166000.0
20230620,52195610.0,118585830.0,137388760.0,169506030.0,202898720.0,220490150.0,239689760.0,247556190.0,176160970.0,368359000.0,427509000.0,527903000.0,630373000.0,685958000.0,743001000.0,762180000.0,543517000.0
20230621,-31417350.0,130212610.0,95115460.0,157426670.0,161106470.0,186497920.0,185237040.0,99487310.0,132165540.0,396961000.0,289529000.0,479603000.0,490728000.0,567513000.0,563627000.0,302992000.0,403185000.0
20230626,-32940220.0,100227640.0,78852710.0,130766950.0,119201670.0,125799830.0,137722400.0,69482040.0,90499690.0,311548000.0,244803000.0,405785000.0,369799000.0,389719000.0,426512000.0,214983000.0,280920000.0
20230627,-13580010.0,126904060.0,127037950.0,182013960.0,168300070.0,175377710.0,176940340.0,78617500.0,90634880.0,390630000.0,390273000.0,560111000.0,517975000.0,539009000.0,543837000.0,241901000.0,279566000.0
20230628,-17567030.0,107008490.0,89462010.0,138003870.0,137983320.0,121862140.0,132658260.0,56286320.0,63057230.0,327108000.0,273094000.0,421573000.0,421233000.0,372016000.0,405001000.0,171531000.0,192901000.0
20230629,-1163880.0,73369000.0,70455070.0,98744440.0,100494500.0,88338710.0,93191490.0,38680910.0,34992010.0,225336000.0,216074000.0,303103000.0,308405000.0,271155000.0,286022000.0,118551000.0,107644000.0
20230630,8650010.0,63402620.0,68250440.0,80171330.0,83973520.0,73616300.0,79403530.0,54019570.0,39582330.0,194665000.0,209173000.0,245979000.0,257434000.0,225564000.0,243387000.0,165075000.0,121289000.0
20230703,-8722570.0,93286180.0,82710240.0,113481300.0,115334670.0,95642560.0,106985720.0,61943910.0,59323320.0,284151000.0,251607000.0,345450000.0,350797000.0,290822000.0,325359000.0,187782000.0,180442000.0
20230704,-44413950.0,115184330.0,74241870.0,132877380.0,129405880.0,136211350.0,129066400.0,55437970.0,106996870.0,359674000.0,231375000.0,415069000.0,404114000.0,426690000.0,403973000.0,174110000.0,336080000.0
20230705,-39802870.0,90806530.0,55520900.0,95594050.0,91076810.0,73069700.0,94008850.0,33993850.0,52857570.0,290211000.0,177264000.0,305318000.0,290886000.0,233361000.0,300243000.0,108397000.0,168894000.0
20230706,-4997340.0,53335860.0,48453520.0,62311920.0,62196920.0,45817820.0,50607660.0,14293650.0,14501150.0,171692000.0,155941000.0,200539000.0,200127000.0,147469000.0,162869000.0,45968000.0,46731000.0
20230707,10334790.0,50541920.0,61006450.0,61594260.0,61464520.0,56198700.0,48340990.0,22929880.0,20452800.0,162675000.0,196283000.0,198167000.0,197706000.0,180720000.0,155463000.0,73632000.0,65742000.0
20230710,-3557620.0,47669760.0,43553870.0,55566580.0,56124860.0,42291690.0,47812210.0,22199790.0,20236890.0,153931000.0,140449000.0,179257000.0,180976000.0,136365000.0,154235000.0,71484000.0,65376000.0
20230711,-7449450.0,48342550.0,39304030.0,58133880.0,59722950.0,46277880.0,39031080.0,12156100.0,26852350.0,155882000.0,126577000.0,187338000.0,192416000.0,149129000.0,125734000.0,39151000.0,86773000.0
20230712,-5464080.0,54175070.0,43783930.0,60610630.0,65537690.0,51334520.0,58575290.0,32546860.0,30770170.0,178017000.0,143728000.0,199112000.0,215246000.0,168589000.0,192401000.0,106932000.0,101274000.0
20230713,9257630.0,46083310.0,52412510.0,60436880.0,63365310.0,52499920.0,46706070.0,31967550.0,28503770.0,150474000.0,170882000.0,197337000.0,206747000.0,171262000.0,152605000.0,104169000.0,93008000.0
20230714,21465190.0,65602900.0,83278940.0,95282600.0,99071760.0,80491540.0,81759800.0,53003210.0,30269760.0,207816000.0,263638000.0,302051000.0,313807000.0,255488000.0,259146000.0,167413000.0,96178000.0
20230717,8843790.0,75389220.0,76409550.0,90279590.0,98103060.0,71129910.0,79047170.0,48821630.0,32060580.0,235092000.0,237650000.0,281576000.0,305569000.0,221824000.0,246729000.0,151634000.0,100177000.0
20230718,-15162730.0,56243140.0,47050080.0,60885500.0,54915820.0,39481550.0,44225190.0,21733110.0,32152200.0,175470000.0,146689000.0,189920000.0,171221000.0,123057000.0,137878000.0,67700000.0,100360000.0
20230719,-6052360.0,37134630.0,33874120.0,44255830.0,41463970.0,32234670.0,34690270.0,13488340.0,17085100.0,116703000.0,106383000.0,138980000.0,130174000.0,101244000.0,108956000.0,42346000.0,53760000.0
20230720,1693810.0,40464540.0,36714160.0,45750500.0,51194700.0,37311960.0,40386280.0,28642910.0,23874780.0,127989000.0,115930000.0,144631000.0,161807000.0,117899000.0,127641000.0,90385000.0,75526000.0
20230721,-22284520.0,49648750.0,33645230.0,53869320.0,47588320.0,35034630.0,46034020.0,13103450.0,24388580.0,160086000.0,108418000.0,173725000.0,153421000.0,112994000.0,148461000.0,42339000.0,78844000.0
20230724,25985890.0,56459390.0,73093890.0,80587770.0,89939160.0,73659130.0,66477990.0,46365130.0,27560380.0,176015000.0,227644000.0,251302000.0,280418000.0,229652000.0,207108000.0,144187000.0,85986000.0
20230725,-4031180.0,45205020.0,44296920.0,58161710.0,55038620.0,49380480.0,47251510.0,19784500.0,25944650.0,140182000.0,137320000.0,180365000.0,170650000.0,153120000.0,146505000.0,61307000.0,80498000.0
20230726,-17559120.0,54539980.0,39350190.0,56439360.0,54070030.0,46826520.0,47281190.0,18782700.0,35887150.0,170111000.0,122354000.0,175748000.0,168318000.0,145623000.0,147145000.0,58464000.0,112129000.0
20230727,32568200.0,74445740.0,95072990.0,103725770.0,115666720.0,105126240.0,92302910.0,55465970.0,35721100.0,226958000.0,289903000.0,316025000.0,352443000.0,320165000.0,280863000.0,168599000.0,108538000.0
20230728,-33707850.0,87433740.0,61615140.0,97374890.0,89485630.0,71858210.0,88092010.0,31271200.0,48745250.0,272375000.0,191479000.0,303150000.0,278378000.0,223604000.0,274429000.0,97006000.0,151848000.0
20230731,16026010.0,69371800.0,81121620.0,109155980.0,113432180.0,102813090.0,110908390.0,64872150.0,40750840.0,211543000.0,246774000.0,332394000.0,345323000.0,313123000.0,337644000.0,196831000.0,124150000.0
20230801,2420610.0,51479480.0,46077250.0,59900090.0,67722920.0,56243850.0,59744330.0,42954710.0,37033620.0,155278000.0,138858000.0,180484000.0,204050000.0,169385000.0,179997000.0,129302000.0,111544000.0
20230802,-18904540.0,57567520.0,38284650.0,57814450.0,58192790.0,45190220.0,58341920.0,39087450.0,44840290.0,176366000.0,117191000.0,176983000.0,178027000.0,138315000.0,178686000.0,119718000.0,137478000.0
20230803,-22283270.0,45961150.0,29441320.0,50415960.0,44652520.0,36063900.0,44608870.0,24694870.0,38433170.0,142853000.0,91408000.0,156642000.0,138694000.0,112075000.0,138645000.0,76832000.0,119655000.0
20230804,-61200460.0,114746270.0,64902540.0,115927540.0,104570810.0,92053970.0,105006780.0,57587110.0,105834760.0,366628000.0,207305000.0,370052000.0,333479000.0,293871000.0,335016000.0,184079000.0,338829000.0
20230807,-12048700.0,45805810.0,34113000.0,49879540.0,49523650.0,44917670.0,51137460.0,24658470.0,30487380.0,149172000.0,111018000.0,162419000.0,161205000.0,146290000.0,166596000.0,80206000.0,99269000.0
20230808,-41607910.0,93636310.0,57555830.0,105362390.0,99834960.0,75758900.0,100361650.0,45152730.0,62157890.0,317034000.0,195039000.0,356886000.0,338110000.0,256580000.0,339868000.0,153109000.0,210592000.0
20230809,-14654930.0,41348770.0,26228870.0,43407900.0,43872860.0,29176990.0,37274510.0,15613900.0,22171310.0,141652000.0,89800000.0,148653000.0,150215000.0,99946000.0,127675000.0,53496000.0,76056000.0
20230810,-5074560.0,33965930.0,31284400.0,45431570.0,43038540.0,28203160.0,32172370.0,14573710.0,15679060.0,115401000.0,106261000.0,154308000.0,146170000.0,95741000.0,109258000.0,49445000.0,53204000.0
20230811,-4579090.0,33198830.0,24543220.0,33391250.0,37467770.0,24155020.0,26989250.0,12379200.0,14124060.0,113765000.0,84036000.0,114342000.0,128281000.0,82663000.0,92452000.0,42487000.0,48488000.0
20230814,-900820.0,45560730.0,47386260.0,61071670.0,58345330.0,44462310.0,48565660.0,17404760.0,14202230.0,155011000.0,160928000.0,207677000.0,198343000.0,151061000.0,165251000.0,59069000.0,48296000.0
20230815,-4263620.0,31359220.0,26833850.0,35125110.0,35386870.0,26353500.0,29617410.0,8228430.0,9228140.0,106228000.0,90799000.0,118904000.0,119721000.0,89150000.0,100230000.0,27786000.0,31319000.0
20230816,-13355080.0,39578310.0,27669390.0,40004280.0,38558130.0,27380320.0,31971840.0,13512240.0,22275800.0,137072000.0,95791000.0,138528000.0,133440000.0,94775000.0,110724000.0,46741000.0,77160000.0
20230817,870710.0,36239010.0,32493570.0,47405310.0,52021450.0,42211170.0,42580900.0,14293390.0,13052950.0,125637000.0,112451000.0,164340000.0,180205000.0,146291000.0,147737000.0,49410000.0,45284000.0
20230818,-18750860.0,50294810.0,32277660.0,51086200.0,50352470.0,31451770.0,44517550.0,9691720.0,15376800.0,176591000.0,113339000.0,179201000.0,176538000.0,110149000.0,156160000.0,33949000.0,53853000.0
20230821,-8940640.0,33669970.0,25091970.0,31981470.0,31618820.0,24375380.0,27120940.0,7758300.0,13953380.0,119359000.0,88895000.0,113295000.0,112007000.0,86374000.0,96070000.0,27512000.0,49567000.0
20230822,13114630.0,46057580.0,56866750.0,60869970.0,63175410.0,52103930.0,41987840.0,20827830.0,17829290.0,160494000.0,198049000.0,212137000.0,220071000.0,181577000.0,146383000.0,72455000.0,62161000.0
20230823,-6814180.0,31587760.0,26808110.0,29955880.0,27921350.0,19005720.0,22205700.0,5132770.0,8746970.0,110659000.0,93896000.0,104867000.0,97745000.0,66520000.0,77735000.0,17986000.0,30656000.0
20230824,1839810.0,31412840.0,28497710.0,31692240.0,36447180.0,25981590.0,21640870.0,7235690.0,9736600.0,110766000.0,100392000.0,111702000.0,128435000.0,91522000.0,76295000.0,25516000.0,34384000.0
20230825,-1243310.0,30176830.0,26889990.0,29154690.0,31198220.0,22159610.0,23914330.0,7214180.0,6702770.0,107522000.0,95690000.0,103957000.0,111170000.0,79015000.0,85351000.0,25694000.0,23976000.0
20230828,-7333580.0,42668200.0,38664560.0,52799850.0,49469910.0,43426090.0,41787310.0,15823700.0,24796060.0,147987000.0,133810000.0,182698000.0,171118000.0,150012000.0,144585000.0,54519000.0,85702000.0
20230829,6224310.0,34643390.0,36515520.0,43142780.0,47494970.0,37595480.0,32869890.0,16128750.0,14630030.0,119991000.0,126303000.0,149322000.0,164397000.0,130054000.0,113859000.0,55760000.0,50569000.0
20230830,-3248710.0,31060170.0,26494990.0,38045270.0,39361740.0,26954550.0,27644040.0,11177450.0,13736670.0,107096000.0,91250000.0,131103000.0,135610000.0,92842000.0,95257000.0,38478000.0,47403000.0
20230831,-8221540.0,45569950.0,32773700.0,42323460.0,46898160.0,31687750.0,38789030.0,17699930.0,18820190.0,159833000.0,114963000.0,148399000.0,164455000.0,111067000.0,135978000.0,62077000.0,65980000.0
20230901,-2284000.0,20898790.0,19776830.0,23959290.0,22797230.0,20644210.0,20444220.0,6330580.0,8814570.0,73720000.0,69698000.0,84495000.0,80373000.0,72747000.0,72110000.0,22305000.0,31087000.0
20230904,2644020.0,27656760.0,32060810.0,39214530.0,37454490.0,32171950.0,29572340.0,13698450.0,13654040.0,96192000.0,111371000.0,136317000.0,130159000.0,111833000.0,102867000.0,47536000.0,47480000.0
20230905,-585800.0,21569400.0,17928890.0,22933150.0,25987870.0,16236540.0,16973470.0,7826240.0,7675110.0,74812000.0,62167000.0,79513000.0,90106000.0,56260000.0,58847000.0,27134000.0,26598000.0
20230906,-8256720.0,28736520.0,21228140.0,32762240.0,32013900.0,20417250.0,22081640.0,11277650.0,17869980.0,101177000.0,74709000.0,115318000.0,112678000.0,71861000.0,77744000.0,39714000.0,62939000.0
20230907,-31756050.0,67322440.0,40706870.0,74084420.0,68943930.0,51208150.0,71194220.0,27078490.0,38848470.0,244953000.0,148464000.0,269955000.0,250720000.0,186471000.0,259269000.0,98607000.0,141532000.0
20230908,-6468610.0,40092960.0,32320770.0,40578810.0,41882390.0,28299680.0,30424900.0,10977640.0,15321030.0,146821000.0,118223000.0,148695000.0,153355000.0,103517000.0,111362000.0,40120000.0,56212000.0
20230911,-3054320.0,34775790.0,31988290.0,35954100.0,35687270.0,29588390.0,29976410.0,23841160.0,26507460.0,125221000.0,115082000.0,129468000.0,128547000.0,106545000.0,107972000.0,85726000.0,95360000.0
20230912,-11795660.0,27454140.0,17805020.0,23633150.0,21486610.0,15045820.0,17844330.0,7236400.0,16233550.0,98790000.0,64028000.0,85004000.0,77273000.0,54129000.0,64197000.0,26052000.0,58476000.0
20230913,-1038310.0,21174260.0,17179830.0,19248310.0,22204430.0,13652480.0,13538450.0,6810630.0,7962970.0,77108000.0,62540000.0,70071000.0,80857000.0,49708000.0,49289000.0,24758000.0,28961000.0
20230914,232110.0,20435390.0,20981860.0,21511360.0,21197010.0,17455540.0,15610040.0,6512260.0,8125650.0,73992000.0,75957000.0,77889000.0,76710000.0,63174000.0,56494000.0,23545000.0,29439000.0
20230915,-2124240.0,30144350.0,28961090.0,31564500.0,30623510.0,25700820.0,23320780.0,11253580.0,15757860.0,109044000.0,104706000.0,113999000.0,110578000.0,92783000.0,84211000.0,40535000.0,56864000.0
20230918,894700.0,27308850.0,25982470.0,26095820.0,28316890.0,21145790.0,20706130.0,7435130.0,6980090.0,99206000.0,94147000.0,94670000.0,102678000.0,76640000.0,75245000.0,26902000.0,25348000.0
20230919,3995400.0,27153990.0,32419350.0,34365070.0,33095110.0,25153490.0,23276790.0,10720150.0,8601450.0,96934000.0,115614000.0,122653000.0,118083000.0,89732000.0,83068000.0,38205000.0,30760000.0
20230920,-2347660.0,18861170.0,15642600.0,16419800.0,17290720.0,11596670.0,12937720.0,5084870.0,6091480.0,67519000.0,55973000.0,58782000.0,61885000.0,41495000.0,46322000.0,18212000.0,21829000.0
20230921,4058190.0,26505960.0,29133800.0,28788910.0,30219260.0,24268900.0,20735860.0,7520190.0,6995040.0,94573000.0,103842000.0,102646000.0,107686000.0,86444000.0,73955000.0,26788000.0,24969000.0
20230922,-144640.0,31239510.0,28057960.0,28398110.0,31435030.0,23362070.0,22585690.0,14570670.0,15491690.0,111503000.0,100165000.0,101459000.0,112288000.0,83374000.0,80655000.0,51989000.0,55216000.0
20230925,4351450.0,31784190.0,33693330.0,39013560.0,41455870.0,37276470.0,33762040.0,36974950.0,36137930.0,112646000.0,119283000.0,138034000.0,146690000.0,131678000.0,119387000.0,130778000.0,127775000.0
20230926,-288680.0,30820560.0,32490060.0,38191030.0,36232850.0,37811420.0,32351800.0,26260380.0,32008680.0,108531000.0,114406000.0,134490000.0,127616000.0,133106000.0,113954000.0,92534000.0,112686000.0
20230927,-28318990.0,55803750.0,31680510.0,57098580.0,52902820.0,61498480.0,75436550.0,51065380.0,65446300.0,200689000.0,113734000.0,205083000.0,189967000.0,220214000.0,271023000.0,182753000.0,234015000.0
20230928,-9477470.0,38065160.0,28762000.0,39724350.0,39550040.0,34021630.0,39238300.0,19465780.0,23726580.0,136896000.0,103415000.0,142826000.0,142234000.0,122292000.0,141040000.0,69956000.0,85282000.0
20231009,7291150.0,33092270.0,38887030.0,42687020.0,44183410.0,33372410.0,32070150.0,15316170.0,9327280.0,117579000.0,137793000.0,151520000.0,156736000.0,118395000.0,113848000.0,54137000.0,33254000.0
20231010,-3371490.0,33058050.0,28791340.0,34785400.0,35680620.0,24423970.0,23758510.0,8955700.0,12992650.0,118740000.0,103511000.0,124925000.0,128082000.0,87678000.0,85325000.0,32177000.0,46603000.0
20231011,2150920.0,31579680.0,32189370.0,34039270.0,35580500.0,31851420.0,28275440.0,28237310.0,29662370.0,114867000.0,116905000.0,123750000.0,129268000.0,115596000.0,102709000.0,101747000.0,107079000.0
20231012,-7962270.0,22424090.0,25235090.0,34121650.0,23348380.0,27748050.0,21708860.0,17488760.0,31490220.0,81461000.0,91665000.0,123863000.0,84795000.0,100682000.0,78790000.0,63378000.0,114134000.0
20231013,-19530080.0,44556210.0,26156210.0,43532590.0,42402490.0,32151890.0,38298270.0,11017320.0,24401020.0,166176000.0,97536000.0,162361000.0,158054000.0,119851000.0,142808000.0,41141000.0,91132000.0
20231016,-5824070.0,23261490.0,20234320.0,31056320.0,28259420.0,24542230.0,23307130.0,10185810.0,17244980.0,86365000.0,75109000.0,115197000.0,104883000.0,90997000.0,86489000.0,37779000.0,63856000.0
20231017,-932170.0,18768730.0,17973670.0,19531150.0,19394040.0,16296000.0,14953660.0,6828440.0,9102950.0,69938000.0,66953000.0,72766000.0,72269000.0,60694000.0,55698000.0,25410000.0,33888000.0
20231018,-8657550.0,31060460.0,23411520.0,26860070.0,25851450.0,15812060.0,21443350.0,10036370.0,13062630.0,117713000.0,88677000.0,101760000.0,97923000.0,59871000.0,81222000.0,38040000.0,49562000.0
20231019,1530270.0,32909260.0,37240450.0,27938570.0,25137640.0,21482790.0,20899210.0,10329190.0,9382500.0,126927000.0,143657000.0,107737000.0,96899000.0,82804000.0,80547000.0,39816000.0,36181000.0
20231020,-928680.0,21060940.0,18633890.0,18355290.0,19853660.0,19455100.0,17806890.0,12317170.0,14894060.0,81494000.0,72103000.0,70989000.0,76788000.0,75232000.0,68836000.0,47493000.0,57481000.0
20231023,-2873220.0,24954360.0,21303960.0,21998990.0,22776180.0,18494300.0,20662250.0,10756830.0,11462100.0,98524000.0,83963000.0,86726000.0,89848000.0,72952000.0,81552000.0,42423000.0,45262000.0
20231024,-1321770.0,24862140.0,22902270.0,27952910.0,28591000.0,20019910.0,20747960.0,12797750.0,13391470.0,98652000.0,90859000.0,110884000.0,113447000.0,79431000.0,82303000.0,50727000.0,53084000.0
20231025,245350.0,25506180.0,25626720.0,26724640.0,26849460.0,19281250.0,17802570.0,7545830.0,8779160.0,101021000.0,101503000.0,105733000.0,106201000.0,76236000.0,70418000.0,29838000.0,34706000.0
20231026,-847790.0,26868110.0,27089610.0,31925090.0,30855790.0,29426210.0,26287810.0,24358050.0,28344240.0,106314000.0,107154000.0,126359000.0,122189000.0,116424000.0,104037000.0,96272000.0,111989000.0
20231027,7153380.0,25811020.0,29898810.0,26131080.0,29196660.0,20797590.0,19100460.0,9071370.0,3615120.0,100430000.0,116221000.0,101643000.0,113516000.0,80839000.0,74308000.0,35165000.0,14031000.0
20231030,-1315990.0,26627330.0,23434320.0,26347280.0,28224290.0,21252530.0,21813210.0,11751850.0,12507160.0,103495000.0,90961000.0,102408000.0,109643000.0,82514000.0,84772000.0,45494000.0,48535000.0
20231031,-5673030.0,33230020.0,27028440.0,34060030.0,34588590.0,25774670.0,27556650.0,6865930.0,10756980.0,129266000.0,105057000.0,132472000.0,134473000.0,100176000.0,107118000.0,26632000.0,41898000.0
20231101,-6247860.0,25982980.0,22229690.0,25253240.0,22758670.0,16521780.0,17935560.0,4254600.0,9088680.0,100029000.0,85555000.0,97206000.0,87591000.0,63610000.0,69060000.0,16357000.0,34997000.0
20231102,-5019750.0,22305320.0,18738650.0,20576870.0,19123790.0,13738240.0,15391220.0,5651100.0,9017870.0,86247000.0,72405000.0,79428000.0,73879000.0,53014000.0,59446000.0,21865000.0,34824000.0
20231103,-5598890.0,25620960.0,20496750.0,22345640.0,21870960.0,20362160.0,21491170.0,13649560.0,18119440.0,98807000.0,79054000.0,86183000.0,84374000.0,78477000.0,82846000.0,52551000.0,69744000.0
20231106,187600.0,28139990.0,25300480.0,28851060.0,31878170.0,25416530.0,24831090.0,13992920.0,14390760.0,108028000.0,97082000.0,110773000.0,122396000.0,97575000.0,95344000.0,53693000.0,55247000.0
20231107,-2296740.0,21767090.0,16456470.0,17227200.0,20241090.0,14624190.0,17543170.0,8000680.0,7378440.0,83607000.0,63189000.0,66168000.0,77736000.0,56169000.0,67390000.0,30725000.0,28355000.0
20231108,-4957330.0,24183330.0,18341540.0,18165590.0,19050070.0,13936500.0,17919850.0,8850720.0,9824700.0,93251000.0,70708000.0,70033000.0,73430000.0,53727000.0,69072000.0,34092000.0,37893000.0
20231109,-7581690.0,27468700.0,22737470.0,26869770.0,24019320.0,25169410.0,26104160.0,11689610.0,18336550.0,106029000.0,87704000.0,103524000.0,92591000.0,96762000.0,100421000.0,44797000.0,70397000.0
20231110,-3879540.0,27356640.0,22983800.0,27119210.0,27612500.0,18002950.0,24575650.0,8479420.0,5786260.0,107528000.0,90323000.0,106592000.0,108529000.0,70775000.0,96640000.0,33369000.0,22772000.0
20231113,-3096510.0,29076980.0,31549790.0,35141250.0,29571920.0,28371960.0,24916860.0,11737350.0,18288960.0,114404000.0,124078000.0,138137000.0,116325000.0,111446000.0,97895000.0,45922000.0,71611000.0
20231114,-1666500.0,34371780.0,29166570.0,34154560.0,37693270.0,29328310.0,28926410.0,18677710.0,20746110.0,132112000.0,112071000.0,131301000.0,144908000.0,112659000.0,111144000.0,71636000.0,79586000.0
20231115,-30910.0,21013880.0,22235120.0,21822340.0,20570180.0,15477730.0,15209030.0,10889280.0,11188890.0,80746000.0,85420000.0,83840000.0,79025000.0,59432000.0,58409000.0,41743000.0,42906000.0
20231116,-3665380.0,18594930.0,17032900.0,20214390.0,18111050.0,14767290.0,16055850.0,7624950.0,10001770.0,71417000.0,65385000.0,77615000.0,69490000.0,56662000.0,61617000.0,29237000.0,38439000.0
20231117,653780.0,18249030.0,18223720.0,16601600.0,17280700.0,15205760.0,12390220.0,6514440.0,8676200.0,71105000.0,71008000.0,64692000.0,67320000.0,59254000.0,48268000.0,25385000.0,33839000.0
20231120,-907070.0,42441810.0,44410780.0,50004900.0,47128860.0,41895680.0,42936880.0,26114750.0,25980620.0,161321000.0,168723000.0,190209000.0,179090000.0,159366000.0,163318000.0,99261000.0,99027000.0
20231121,-10704690.0,33791400.0,24497660.0,29370660.0,27959710.0,22594420.0,24717700.0,10080820.0,18662230.0,127194000.0,92207000.0,110541000.0,105218000.0,85016000.0,93033000.0,37848000.0,70141000.0
20231122,1384440.0,20574220.0,21137230.0,20356280.0,21177710.0,16360960.0,12442420.0,7917620.0,10451720.0,78347000.0,80471000.0,77469000.0,80593000.0,62304000.0,47382000.0,30173000.0,39847000.0
20231123,203550.0,19860470.0,21251800.0,20612020.0,19424240.0,20970420.0,18177110.0,14082960.0,16672720.0,75729000.0,81031000.0,78591000.0,74061000.0,79897000.0,69276000.0,53572000.0,63420000.0
20231124,-8277790.0,28063850.0,21612950.0,26615000.0,24788120.0,16599330.0,23885330.0,9457140.0,10448930.0,108700000.0,83708000.0,103022000.0,95992000.0,64286000.0,92520000.0,36709000.0,40498000.0
20231127,4472750.0,24694240.0,29721970.0,28505780.0,27950780.0,20680520.0,16458980.0,11162300.0,10911090.0,95687000.0,115037000.0,110378000.0,108230000.0,79996000.0,63766000.0,43200000.0,42229000.0
20231128,1130040.0,21956050.0,23508600.0,25837380.0,25414870.0,19735540.0,20679840.0,10155490.0,8081150.0,83914000.0,89779000.0,98800000.0,97072000.0,75345000.0,79053000.0,38743000.0,30899000.0
20231129,-6771180.0,45698020.0,34589570.0,33323700.0,37660980.0,23594970.0,29120180.0,10654570.0,11900540.0,172081000.0,130288000.0,125600000.0,141916000.0,88953000.0,109711000.0,40096000.0,44815000.0
20231130,9287120.0,62901410.0,66262040.0,76059410.0,81985910.0,64449580.0,62906850.0,31298760.0,23554370.0,227869000.0,240098000.0,275703000.0,297131000.0,233585000.0,227886000.0,113092000.0,85134000.0
20231201,-5026050.0,35453280.0,34096660.0,37577520.0,33908100.0,24600160.0,25656180.0,11817740.0,15787770.0,128980000.0,123997000.0,136719000.0,123313000.0,89519000.0,93326000.0,42988000.0,57569000.0
20231204,108650.0,39364660.0,42169560.0,49066820.0,46370570.0,41945370.0,36773100.0,13482260.0,18545880.0,140614000.0,150572000.0,175289000.0,165584000.0,149756000.0,131350000.0,48175000.0,66328000.0
20231205,-9350950.0,44709900.0,35450070.0,39631100.0,39540000.0,22726660.0,24373900.0,5548470.0,13252180.0,161076000.0,127680000.0,142751000.0,142348000.0,81824000.0,87735000.0,19939000.0,47826000.0
20231206,8240760.0,31245970.0,39978890.0,46130490.0,45638320.0,35212580.0,30868770.0,16123740.0,12226790.0,112155000.0,143340000.0,165570000.0,163809000.0,126301000.0,110758000.0,57751000.0,43870000.0
20231207,-2912490.0,34577760.0,32403760.0,38433810.0,37695330.0,33791250.0,30567570.0,8546990.0,14683160.0,124025000.0,116080000.0,137782000.0,135093000.0,121062000.0,109645000.0,30619000.0,52669000.0
20231208,6325750.0,35103570.0,38048120.0,48735420.0,52116620.0,45097240.0,36506990.0,23575860.0,25840360.0,126309000.0,136756000.0,175201000.0,187408000.0,162080000.0,131244000.0,85083000.0,93264000.0
20231211,2855750.0,35018410.0,34640620.0,36181980.0,39415520.0,32818910.0,27671300.0,15585530.0,17877390.0,127724000.0,125939000.0,131911000.0,143447000.0,119452000.0,100833000.0,56753000.0,65621000.0
20231212,10315160.0,45403250.0,52150390.0,62380250.0,65948270.0,63845550.0,56640360.0,26342810.0,23232840.0,158407000.0,181903000.0,217629000.0,230126000.0,222771000.0,197643000.0,91866000.0,81000000.0
20231213,-1070120.0,37527100.0,37750050.0,45089700.0,43796630.0,40136620.0,37775690.0,14454990.0,17886040.0,130351000.0,131056000.0,156579000.0,152057000.0,139356000.0,131135000.0,50040000.0,62077000.0
20231214,1514610.0,28645040.0,30698520.0,33246840.0,32707960.0,23209200.0,25809710.0,12545620.0,8430500.0,99348000.0,106376000.0,115258000.0,113321000.0,80382000.0,89435000.0,43326000.0,29181000.0
20231215,8592770.0,29867970.0,34999130.0,29498810.0,32960420.0,29082930.0,22913080.0,9769040.0,7346120.0,103812000.0,121482000.0,102504000.0,114455000.0,100886000.0,79594000.0,33835000.0,25507000.0
20231218,8812550.0,32933720.0,38631380.0,37976370.0,41091250.0,31245020.0,27584350.0,16100300.0,10948420.0,113670000.0,133096000.0,130997000.0,141660000.0,107789000.0,95215000.0,55269000.0,37753000.0
20231219,7118740.0,40466470.0,46825530.0,44177010.0,44936690.0,40275420.0,40759320.0,24268550.0,16665910.0,137179000.0,158617000.0,149873000.0,152340000.0,136586000.0,138148000.0,82008000.0,56540000.0
20231220,-6157510.0,43870720.0,34758060.0,38349720.0,41304880.0,31598160.0,33650910.0,8801440.0,12906200.0,149406000.0,118229000.0,130479000.0,140477000.0,107398000.0,114463000.0,29941000.0,44053000.0
20231221,-5329500.0,37811980.0,30806490.0,33991760.0,35667740.0,26650700.0,29784500.0,14088790.0,16284490.0,130130000.0,105972000.0,116940000.0,122730000.0,91705000.0,102466000.0,48349000.0,55955000.0
20231222,-16305350.0,39191600.0,27426990.0,42217410.0,37676670.0,28096470.0,36820420.0,13023930.0,20605330.0,134037000.0,93750000.0,144314000.0,128777000.0,95933000.0,125792000.0,44384000.0,70350000.0
20231225,-16738890.0,44177940.0,27975260.0,40371380.0,39835180.0,28816570.0,33379130.0,7333850.0,19510180.0,153035000.0,96815000.0,139681000.0,137808000.0,99732000.0,115655000.0,25424000.0,67593000.0
20231226,998830.0,26125450.0,24517460.0,24693390.0,27300200.0,19541820.0,20181680.0,9416500.0,7777810.0,90801000.0,85147000.0,85823000.0,94854000.0,67895000.0,70154000.0,32681000.0,27045000.0
20231227,1743760.0,28914350.0,31989490.0,30081670.0,28750280.0,25465480.0,26458320.0,12515800.0,9779200.0,99318000.0,109838000.0,103340000.0,98774000.0,87462000.0,90953000.0,43011000.0,33565000.0
20231228,-12378770.0,39433550.0,33238520.0,44003880.0,37820150.0,32973860.0,37173370.0,10076900.0,18256160.0,136111000.0,114601000.0,151834000.0,130441000.0,113829000.0,128411000.0,34795000.0,63115000.0
20231229,4402360.0,32951670.0,35856970.0,33762960.0,35260030.0,27662730.0,28271680.0,15518480.0,10507170.0,112518000.0,122409000.0,115369000.0,120440000.0,94536000.0,96596000.0,52952000.0,35929000.0
20240102,9463860.0,41986770.0,56820580.0,58982140.0,53612190.0,48565890.0,43381650.0,17744880.0,13465260.0,139913000.0,189212000.0,196436000.0,178594000.0,161728000.0,144377000.0,58899000.0,44792000.0
20240103,5075800.0,32531050.0,38504330.0,42255660.0,41358180.0,38681110.0,33213550.0,13808190.0,14199950.0,108351000.0,128103000.0,140726000.0,137677000.0,128731000.0,110615000.0,45940000.0,47353000.0
20240104,-10743400.0,36383120.0,29213280.0,35041570.0,31468000.0,30223710.0,30008190.0,13638860.0,24597780.0,122405000.0,98262000.0,117930000.0,105840000.0,101602000.0,100828000.0,46003000.0,83011000.0
20240105,-749210.0,27082180.0,25906990.0,29117030.0,29543010.0,21334180.0,23094770.0,15343680.0,14332300.0,91260000.0,87221000.0,98105000.0,99507000.0,71835000.0,77811000.0,51721000.0,48381000.0
20240108,1353180.0,25080780.0,24654540.0,26214020.0,27993440.0,21008860.0,21669070.0,14565200.0,12551810.0,84953000.0,83484000.0,88737000.0,94751000.0,71100000.0,73324000.0,49184000.0,42414000.0
20240109,-8698400.0,34324900.0,27945130.0,32790640.0,30472010.0,26268930.0,28819790.0,11371440.0,17518980.0,118290000.0,96266000.0,113001000.0,105005000.0,90534000.0,99310000.0,39218000.0,60462000.0
20240110,1160740.0,25088180.0,25344820.0,25666500.0,26570600.0,18882760.0,18980790.0,13034690.0,11775920.0,86130000.0,86915000.0,88155000.0,91216000.0,64721000.0,65144000.0,44735000.0,40466000.0
20240111,-4205430.0,26715190.0,25265760.0,28178590.0,25422590.0,17099630.0,19141460.0,3643580.0,5807180.0,90590000.0,85680000.0,95592000.0,86236000.0,57987000.0,64906000.0,12347000.0,19695000.0
20240112,1042760.0,21094780.0,22588960.0,22025110.0,21573670.0,18649970.0,16661050.0,4725930.0,5672090.0,71130000.0,76142000.0,74243000.0,72707000.0,62839000.0,56140000.0,15927000.0,19150000.0
20240115,-70040.0,21686570.0,20298340.0,20897940.0,22216130.0,12305340.0,13806550.0,5053850.0,3622680.0,73327000.0,68605000.0,70661000.0,75150000.0,41633000.0,46694000.0,17083000.0,12254000.0
20240116,-952500.0,30494010.0,29505950.0,22530450.0,22566030.0,21441640.0,18433260.0,15447060.0,19407940.0,104068000.0,100684000.0,76867000.0,76935000.0,73114000.0,62847000.0,52634000.0,66218000.0
20240117,-7545810.0,23876110.0,16574900.0,17447090.0,17202490.0,10962950.0,16225460.0,4231280.0,6514580.0,81679000.0,56697000.0,59731000.0,58893000.0,37594000.0,55562000.0,14527000.0,22378000.0
20240118,-12245980.0,58380730.0,48644830.0,47577970.0,45067900.0,44415960.0,59107560.0,42559960.0,40114340.0,207204000.0,172714000.0,168744000.0,159918000.0,157337000.0,209239000.0,150728000.0,142141000.0
20240119,-9261730.0,35274540.0,24899850.0,22829980.0,23942940.0,13953500.0,18826410.0,2675750.0,7064570.0,122675000.0,86600000.0,79398000.0,83266000.0,48556000.0,65488000.0,9305000.0,24580000.0
20240122,-5878890.0,43335320.0,30186810.0,26847880.0,34117500.0,25220200.0,28313720.0,24754400.0,27539770.0,152903000.0,106471000.0,94830000.0,120431000.0,89072000.0,99991000.0,87295000.0,97207000.0
20240123,2635130.0,29652830.0,30134600.0,25650490.0,27803840.0,15387800.0,14213900.0,11386270.0,9925040.0,106044000.0,107633000.0,91715000.0,99405000.0,54948000.0,50832000.0,40613000.0,35450000.0
20240124,9394690.0,35464880.0,43602770.0,34457640.0,35714440.0,32240630.0,25743600.0,16864920.0,13967260.0,123921000.0,151961000.0,120201000.0,124418000.0,112226000.0,89757000.0,58496000.0,48708000.0
20240125,11860860.0,55631030.0,67579260.0,69480600.0,69393220.0,66123450.0,57308420.0,31825730.0,28779900.0,183549000.0,222783000.0,229259000.0,228982000.0,217886000.0,189100000.0,104930000.0,94759000.0
20240126,-8720500.0,46768130.0,38887780.0,43187950.0,42347800.0,27926100.0,32713730.0,7391670.0,11324540.0,152749000.0,126986000.0,141062000.0,138325000.0,91238000.0,106870000.0,24147000.0,37016000.0
20240129,-5645970.0,41341890.0,39506260.0,50746090.0,46935740.0,47624210.0,43576810.0,17447880.0,27141250.0,133397000.0,127316000.0,163653000.0,151302000.0,153381000.0,140478000.0,56253000.0,87586000.0
20240130,-8719580.0,65083100.0,63752620.0,83471430.0,76082340.0,64708910.0,67776760.0,27445440.0,33097170.0,207351000.0,202893000.0,266163000.0,242273000.0,206284000.0,216302000.0,87649000.0,105979000.0
20240131,-5178460.0,49417340.0,45166730.0,55014560.0,54086710.0,40788160.0,46275980.0,23076010.0,22766650.0,160743000.0,146802000.0,178889000.0,175876000.0,132550000.0,150443000.0,74957000.0,74019000.0
20240201,-4305910.0,42139510.0,41440870.0,44087220.0,40479950.0,24789200.0,30528480.0,11698790.0,10265420.0,137788000.0,135357000.0,144147000.0,132371000.0,81094000.0,99964000.0,38314000.0,33649000.0
20240202,-16103530.0,61737540.0,48114730.0,63165830.0,60685110.0,41420830.0,52641110.0,14714420.0,19597670.0,201778000.0,156788000.0,206302000.0,197991000.0,135136000.0,172094000.0,47893000.0,64236000.0
20240205,-11980340.0,62077020.0,51397860.0,59009070.0,57707900.0,41197020.0,45979740.0,14760610.0,21958230.0,204327000.0,168765000.0,193930000.0,189629000.0,135232000.0,151372000.0,48420000.0,72143000.0
20240206,-7302230.0,61524360.0,54347850.0,67335740.0,67210020.0,52619430.0,52682510.0,18092440.0,25331590.0,204219000.0,180243000.0,223542000.0,223107000.0,174643000.0,175030000.0,59933000.0,83956000.0
20240207,9100510.0,60869660.0,65339090.0,65377850.0,70008930.0,53411870.0,47101930.0,22950810.0,20160240.0,195384000.0,209610000.0,209921000.0,224666000.0,171215000.0,151052000.0,73353000.0,64545000.0
20240208,-4763310.0,57430580.0,52184490.0,59759640.0,60242440.0,44653330.0,46856330.0,18671610.0,21231920.0,182113000.0,165255000.0,189259000.0,190735000.0,141287000.0,148388000.0,59038000.0,67319000.0
20240219,18860340.0,55542120.0,69010590.0,70379250.0,75771110.0,63641050.0,56755680.0,31961890.0,19986920.0,171420000.0,212841000.0,217326000.0,233876000.0,196718000.0,175353000.0,98463000.0,61856000.0
20240220,-2764000.0,47224820.0,44268760.0,54710910.0,54902970.0,41624560.0,42629920.0,17308220.0,19066860.0,144013000.0,134885000.0,166687000.0,167248000.0,126736000.0,129878000.0,52683000.0,58109000.0
20240221,7580300.0,51188110.0,55000320.0,70001270.0,73769350.0,71509990.0,65536130.0,39055590.0,37449150.0,153571000.0,164791000.0,210001000.0,221148000.0,214442000.0,196551000.0,117029000.0,112553000.0
20240222,288030.0,45120060.0,46268630.0,55463590.0,54603050.0,45894180.0,48266780.0,24681770.0,22021140.0,136241000.0,139499000.0,167411000.0,164725000.0,138441000.0,145591000.0,74164000.0,66442000.0
20240223,-9542990.0,50715470.0,42530930.0,49579290.0,48220840.0,37138660.0,40865750.0,12592390.0,18408290.0,152296000.0,127582000.0,148671000.0,144574000.0,111318000.0,122591000.0,37786000.0,55324000.0
20240226,-11376530.0,58429150.0,48497210.0,52901160.0,51456570.0,42622570.0,45976270.0,14517040.0,22539870.0,176443000.0,146267000.0,159545000.0,155139000.0,128534000.0,138769000.0,43761000.0,68108000.0
20240227,7536870.0,41320440.0,43827380.0,45288360.0,50318290.0,38273760.0,37533750.0,30445930.0,23649070.0,124610000.0,131976000.0,136476000.0,151576000.0,115250000.0,113065000.0,91403000.0,71123000.0
20240228,-6740570.0,63525380.0,59615770.0,77321420.0,74490470.0,64558540.0,66201760.0,26906590.0,32003940.0,187333000.0,175332000.0,227624000.0,219262000.0,189920000.0,195049000.0,79150000.0,94385000.0
20240229,24629480.0,58400990.0,72227490.0,74174820.0,84977800.0,72671720.0,67436980.0,66991850.0,47597110.0,170409000.0,209835000.0,216117000.0,247422000.0,211126000.0,196205000.0,193792000.0,137981000.0
20240301,-3653620.0,46135800.0,48490960.0,56387010.0,50378220.0,48953260.0,46540900.0,21854450.0,27920430.0,130144000.0,136728000.0,159024000.0,142017000.0,138019000.0,131243000.0,61584000.0,78783000.0
20240304,4848540.0,70556650.0,81274750.0,100149410.0,94279840.0,84582490.0,78941610.0,32353730.0,33146070.0,191499000.0,220550000.0,271924000.0,256131000.0,229731000.0,214362000.0,87939000.0,90052000.0
20240305,4295230.0,58404250.0,58771750.0,73488200.0,77415920.0,63439650.0,60971250.0,27449070.0,25622240.0,157391000.0,158208000.0,198010000.0,208411000.0,170676000.0,164142000.0,73781000.0,69097000.0
20240306,-12783510.0,53474360.0,47184000.0,60970120.0,54476980.0,48547250.0,53222180.0,18164160.0,26272740.0,143645000.0,126644000.0,163735000.0,146266000.0,130273000.0,142970000.0,48793000.0,70567000.0
20240307,-22788510.0,65082210.0,45700130.0,72919300.0,69512870.0,56265330.0,61651650.0,29701480.0,47103670.0,175408000.0,122939000.0,196398000.0,187132000.0,151407000.0,166100000.0,80074000.0,127115000.0
20240308,-725030.0,49508220.0,46152040.0,53124920.0,55756070.0,45585770.0,48864450.0,33655610.0,31101960.0,133911000.0,124566000.0,143497000.0,150470000.0,123028000.0,131981000.0,90706000.0,84126000.0
20240311,-12624450.0,54440330.0,39751950.0,57078140.0,59142070.0,42529390.0,45759380.0,16846790.0,26241250.0,147497000.0,107620000.0,154535000.0,160154000.0,115080000.0,123875000.0,45627000.0,71089000.0
20240312,-52822570.0,137139170.0,86604480.0,140875090.0,138587210.0,123515360.0,136954480.0,50764410.0,90147860.0,386828000.0,244639000.0,397248000.0,390775000.0,348571000.0,386513000.0,143077000.0,253796000.0
20240313,-16403840.0,94448320.0,69338420.0,97922770.0,106628840.0,77361750.0,95546610.0,50385890.0,48604870.0,276032000.0,202538000.0,286227000.0,311573000.0,226162000.0,279345000.0,147200000.0,142164000.0
20240314,-6477740.0,51178780.0,42669810.0,55167920.0,57199150.0,47696560.0,45242360.0,20681480.0,29613420.0,148778000.0,123956000.0,160266000.0,166107000.0,138439000.0,131367000.0,59967000.0,86020000.0
20240315,-8475010.0,44659280.0,35770000.0,46911400.0,47325670.0,37788820.0,35552860.0,15547170.0,26258140.0,130716000.0,104600000.0,137257000.0,138428000.0,110503000.0,104061000.0,45472000.0,76859000.0
20240318,2112840.0,57801950.0,61741770.0,68994180.0,67167190.0,62372430.0,57416100.0,24734820.0,27578310.0,165116000.0,176297000.0,197126000.0,191929000.0,178155000.0,164018000.0,70599000.0,78752000.0
20240319,-7460110.0,41451030.0,38308350.0,44701050.0,40383600.0,30932620.0,33090340.0,12989110.0,18291500.0,118372000.0,109333000.0,127588000.0,115282000.0,88286000.0,94484000.0,37090000.0,52236000.0
20240320,-747460.0,38315790.0,39355430.0,42222240.0,40435150.0,34679720.0,33366410.0,14826250.0,16887020.0,109663000.0,112503000.0,120742000.0,115598000.0,99151000.0,95410000.0,42358000.0,48403000.0
20240321,-187500.0,37331700.0,37402300.0,44346550.0,44088450.0,37247940.0,36777480.0,15068420.0,15726380.0,106261000.0,106365000.0,126152000.0,125380000.0,105916000.0,104635000.0,42837000.0,44787000.0
20240322,-8359080.0,45759350.0,39711560.0,46431110.0,44119810.0,31681230.0,37846140.0,12808220.0,15002390.0,131688000.0,114188000.0,133573000.0,126891000.0,91071000.0,108858000.0,36818000.0,43213000.0
20240325,-3777410.0,43279640.0,43137710.0,48013500.0,44378030.0,34004250.0,34938340.0,12829210.0,15672530.0,124055000.0,123503000.0,137588000.0,127181000.0,97396000.0,100089000.0,36665000.0,44930000.0
20240326,1320470.0,35601090.0,34976040.0,35880660.0,37826180.0,32529220.0,30706010.0,12863440.0,13366180.0,101799000.0,99970000.0,102503000.0,108089000.0,92850000.0,87677000.0,36730000.0,38145000.0
20240327,404720.0,37253960.0,38392820.0,40373170.0,39639030.0,30461800.0,31284100.0,12550570.0,11323550.0,107063000.0,110246000.0,116065000.0,113906000.0,87549000.0,89965000.0,36051000.0,32612000.0
20240328,59670.0,46220840.0,40134680.0,49923760.0,56069590.0,40693320.0,38672860.0,18269700.0,20230490.0,133825000.0,116091000.0,144585000.0,162333000.0,117775000.0,111969000.0,52760000.0,58553000.0
20240329,34381660.0,59121950.0,88529020.0,95121480.0,100096070.0,94755490.0,78216510.0,53874380.0,36031700.0,162784000.0,243825000.0,262060000.0,275982000.0,260954000.0,215491000.0,148752000.0,99252000.0
20240401,4431240.0,47519230.0,55827210.0,67850890.0,63974140.0,55041990.0,53781470.0,31169310.0,27998590.0,127954000.0,150025000.0,182531000.0,172084000.0,148097000.0,144817000.0,83631000.0,75288000.0
20240402,4787170.0,43134300.0,44711170.0,51067130.0,54277430.0,50001020.0,45581710.0,21898040.0,21530180.0,115140000.0,119269000.0,136262000.0,144748000.0,133332000.0,121579000.0,58311000.0,57449000.0
20240403,9702640.0,49249830.0,53585810.0,63751030.0,69117690.0,59629520.0,52766410.0,29165840.0,26326310.0,129941000.0,141189000.0,167980000.0,182142000.0,157016000.0,139043000.0,76753000.0,69316000.0
20240408,8874270.0,56811610.0,61376190.0,66316440.0,70626120.0,58421490.0,56899250.0,37212510.0,29860480.0,148114000.0,159588000.0,172726000.0,183808000.0,152033000.0,148241000.0,96522000.0,77758000.0
20240409,-24995020.0,59424650.0,49718940.0,74802710.0,59513390.0,42763500.0,54184830.0,14921850.0,28495540.0,157232000.0,131499000.0,197894000.0,157441000.0,113220000.0,143356000.0,39448000.0,75496000.0
20240410,-12775400.0,46143600.0,35425070.0,50796510.0,48739640.0,42721750.0,43519660.0,16836800.0,28814290.0,123754000.0,94894000.0,136183000.0,130616000.0,114476000.0,116664000.0,45010000.0,77248000.0
20240411,11587700.0,41225770.0,49198430.0,46921730.0,50536780.0,40915540.0,38259290.0,24859610.0,15928160.0,109329000.0,130344000.0,124405000.0,133989000.0,108414000.0,101424000.0,65859000.0,42251000.0
20240412,-10039620.0,44162240.0,42031030.0,49053530.0,41145120.0,34647640.0,35395420.0,11300270.0,20592110.0,117207000.0,111355000.0,130109000.0,109049000.0,91855000.0,93899000.0,29937000.0,54806000.0
20240415,13154860.0,70078080.0,79314490.0,86042870.0,89961320.0,74120020.0,68675330.0,31080910.0,23370740.0,180031000.0,203870000.0,221473000.0,231506000.0,190814000.0,176724000.0,79775000.0,59993000.0
20240416,-11602050.0,66498430.0,58483220.0,76912530.0,73325680.0,62784440.0,59771210.0,19660620.0,34275900.0,169820000.0,149120000.0,196307000.0,186949000.0,160258000.0,152561000.0,50229000.0,87986000.0
20240417,2615320.0,48997020.0,52994230.0,58096940.0,56715040.0,53122070.0,44908830.0,19941430.0,25539350.0,126045000.0,136069000.0,149509000.0,145999000.0,136678000.0,115652000.0,51179000.0,65691000.0
20240418,-20482470.0,65452260.0,49493240.0,73284020.0,68760570.0,63239420.0,68597510.0,26370910.0,41495290.0,169494000.0,127797000.0,189684000.0,177748000.0,163647000.0,177565000.0,68255000.0,107971000.0
20240419,264480.0,56642510.0,56154060.0,62303550.0,63056480.0,52949880.0,53742650.0,26031150.0,24973900.0,144120000.0,142647000.0,158338000.0,160178000.0,134460000.0,136602000.0,65976000.0,63468000.0
20240422,-26800020.0,79097760.0,50810120.0,76795010.0,78282630.0,57456790.0,64697210.0,18569840.0,38129440.0,206956000.0,132772000.0,200525000.0,204523000.0,150012000.0,169034000.0,48678000.0,99841000.0
20240423,-23599000.0,73699260.0,47331170.0,67488900.0,70257980.0,50534040.0,68034600.0,27235820.0,33334260.0,200915000.0,128915000.0,184060000.0,191534000.0,137839000.0,185656000.0,74272000.0,90981000.0
20240424,-5312990.0,41104020.0,32510940.0,36005890.0,39285980.0,28041600.0,30934650.0,11710810.0,14130750.0,111691000.0,88298000.0,97826000.0,106718000.0,76173000.0,84083000.0,31812000.0,38402000.0
20240425,1368520.0,37703610.0,38704140.0,34225040.0,34593030.0,27047700.0,26438930.0,12385770.0,11626020.0,102098000.0,104772000.0,92641000.0,93629000.0,73205000.0,71565000.0,33462000.0,31439000.0
20240426,3125260.0,46996300.0,51508730.0,53588230.0,52201070.0,41969290.0,35359730.0,13939490.0,17423790.0,126244000.0,138250000.0,143875000.0,140114000.0,112615000.0,94948000.0,37388000.0,46809000.0
20240429,-22541130.0,94750480.0,75160200.0,94674240.0,91723380.0,68263840.0,79933840.0,31375960.0,42247090.0,260020000.0,205964000.0,259528000.0,251346000.0,187103000.0,219469000.0,86001000.0,115873000.0
20240430,-8520690.0,59971420.0,52964940.0,61536850.0,60022640.0,50370550.0,50560900.0,11908960.0,20239300.0,164058000.0,144688000.0,168010000.0,163804000.0,137548000.0,138175000.0,32525000.0,55474000.0
20240506,11483520.0,61017200.0,70522590.0,75592310.0,77570460.0,55718860.0,52368390.0,26016660.0,17883610.0,165327000.0,190920000.0,204871000.0,210178000.0,151022000.0,142017000.0,70455000.0,48560000.0
20240507,17533640.0,63842600.0,68034600.0,75755230.0,89096860.0,63965330.0,54754380.0,28212320.0,19889630.0,169846000.0,180866000.0,201452000.0,236943000.0,170019000.0,145521000.0,74889000.0,52876000.0
20240508,-3382820.0,40553970.0,39785560.0,41714820.0,39100410.0,29135860.0,28112150.0,8063670.0,12470200.0,108995000.0,106882000.0,112069000.0,105053000.0,78250000.0,75525000.0,21653000.0,33507000.0
20240509,15843240.0,50503200.0,68351310.0,70805400.0,68800530.0,60983860.0,52849190.0,31736630.0,24028060.0,133419000.0,180458000.0,187004000.0,181652000.0,161014000.0,139539000.0,83655000.0,63443000.0
20240510,-6406120.0,53707270.0,47959800.0,57223000.0,56564350.0,37330990.0,40203880.0,17406700.0,20939930.0,141282000.0,126066000.0,150387000.0,148587000.0,98032000.0,105622000.0,45589000.0,55014000.0
20240513,-3558800.0,59882570.0,57307900.0,65684050.0,64699930.0,52747220.0,48642990.0,15916330.0,23579360.0,156764000.0,149912000.0,172108000.0,169383000.0,138120000.0,127544000.0,41618000.0,61773000.0
20240514,358110.0,45521610.0,43504160.0,51315950.0,53691500.0,41331690.0,39103020.0,13659300.0,15529860.0,118076000.0,112694000.0,132932000.0,139098000.0,106955000.0,101294000.0,35341000.0,40218000.0
20240515,-31526400.0,67668220.0,40654710.0,68918200.0,64405310.0,51843540.0,60928430.0,14431770.0,36873280.0,179807000.0,107923000.0,183256000.0,171171000.0,137810000.0,161932000.0,38409000.0,98257000.0
20240516,-32464600.0,63766230.0,39589240.0,65105540.0,56817930.0,49789400.0,61783980.0,17711700.0,38181720.0,174694000.0,108417000.0,178338000.0,155589000.0,136389000.0,169245000.0,48513000.0,104683000.0
20240517,-18144220.0,75370380.0,55796490.0,72522530.0,73952190.0,59770570.0,68808970.0,28671330.0,37777150.0,211163000.0,156387000.0,203129000.0,207116000.0,167440000.0,192674000.0,80388000.0,105942000.0
20240520,-14013270.0,60471860.0,45539290.0,50697290.0,51616590.0,39815850.0,45229640.0,15241200.0,23840680.0,166837000.0,125620000.0,139891000.0,142441000.0,109844000.0,124837000.0,42041000.0,65716000.0
20240521,-13194880.0,49268730.0,37527240.0,42503870.0,41050470.0,30401210.0,36066270.0,10293180.0,17823000.0,135422000.0,103088000.0,116828000.0,112799000.0,83567000.0,99174000.0,28328000.0,49082000.0
20240522,-14057910.0,45083150.0,30135370.0,41808550.0,42698430.0,26664840.0,33469800.0,7228490.0,14481440.0,125751000.0,84012000.0,116590000.0,119044000.0,74355000.0,93360000.0,20133000.0,40413000.0
20240523,-6372170.0,42711670.0,33435940.0,46034950.0,48938510.0,32954200.0,37119890.0,12154650.0,14361130.0,119690000.0,93568000.0,128834000.0,136985000.0,92258000.0,103945000.0,33994000.0,40278000.0
20240524,-11184160.0,48022230.0,33664730.0,37380690.0,40554020.0,29830970.0,40731110.0,16688500.0,16972520.0,135275000.0,94730000.0,105277000.0,114171000.0,84031000.0,114766000.0,46949000.0,47865000.0
20240527,-248730.0,41642220.0,44742680.0,52546510.0,49197320.0,41517840.0,43652510.0,21930580.0,20044640.0,116283000.0,124854000.0,146768000.0,137364000.0,115898000.0,121936000.0,61117000.0,55913000.0
20240528,-2050020.0,34929720.0,29719520.0,34776390.0,37936570.0,26928490.0,33193090.0,12523740.0,8309160.0,97322000.0,82753000.0,96877000.0,105667000.0,74996000.0,92483000.0,34840000.0,23132000.0
20240529,-5106850.0,30954460.0,25807260.0,27816900.0,27857240.0,20412520.0,22718760.0,6679850.0,9480460.0,86589000.0,72150000.0,77762000.0,77869000.0,57056000.0,63541000.0,18692000.0,26539000.0
20240530,31181590.0,72448400.0,98381150.0,103131880.0,108380730.0,91494420.0,73702950.0,45887120.0,32497000.0,195638000.0,266088000.0,278629000.0,292911000.0,247732000.0,199305000.0,124138000.0,87833000.0
20240531,-8119440.0,41637140.0,35843770.0,41211990.0,38885930.0,31464650.0,31049490.0,9341600.0,17876200.0,111532000.0,95991000.0,110347000.0,104112000.0,84280000.0,83143000.0,25045000.0,47959000.0
20240603,2968110.0,50729980.0,54896730.0,63954920.0,62756280.0,53867510.0,49820180.0,20755730.0,21834950.0,133901000.0,144786000.0,168816000.0,165569000.0,142092000.0,131447000.0,54692000.0,57698000.0
20240604,503720.0,47280340.0,40110880.0,37003140.0,44676330.0,30275020.0,29495170.0,8655820.0,8931950.0,125252000.0,106197000.0,97952000.0,118254000.0,80119000.0,78066000.0,22857000.0,23663000.0
20240605,-8908830.0,48835420.0,38526590.0,40887250.0,42287250.0,28475930.0,39185200.0,14654190.0,12853750.0,128822000.0,101533000.0,107733000.0,111423000.0,74998000.0,103300000.0,38621000.0,33918000.0
20240606,-1174950.0,60972470.0,57607760.0,60831170.0,63020930.0,48786780.0,52065820.0,23949240.0,21845150.0,159233000.0,150379000.0,158876000.0,164587000.0,127459000.0,136024000.0,62455000.0,57033000.0
20240607,1989150.0,48397300.0,49139210.0,47583880.0,48831130.0,37045910.0,38835400.0,19715920.0,15937280.0,125724000.0,127564000.0,123597000.0,126728000.0,96168000.0,100835000.0,51069000.0,41431000.0
20240611,-11494460.0,73679010.0,58435640.0,71960650.0,75709570.0,61006080.0,59882650.0,29255000.0,41872890.0,196316000.0,155350000.0,191138000.0,201059000.0,161833000.0,159124000.0,77923000.0,111677000.0
20240612,2938290.0,39309910.0,39372980.0,34687500.0,37562710.0,29598850.0,28439020.0,11109970.0,9331510.0,104598000.0,104721000.0,92351000.0,99967000.0,78695000.0,75679000.0,29507000.0,24784000.0
20240613,18309030.0,54694180.0,64055290.0,56604730.0,65552640.0,52860700.0,47958420.0,28975860.0,15569110.0,141446000.0,165525000.0,146354000.0,169506000.0,136613000.0,123931000.0,74783000.0,40233000.0
20240614,-6604590.0,50116490.0,47176630.0,50664430.0,46999700.0,33797760.0,37810980.0,13309600.0,15900970.0,131013000.0,123281000.0,132353000.0,122749000.0,88267000.0,98751000.0,34810000.0,41662000.0
20240617,-2897210.0,34994920.0,27272250.0,27042070.0,31867530.0,19034400.0,23829020.0,7868630.0,5971220.0,91198000.0,71051000.0,70462000.0,83024000.0,49573000.0,62099000.0,20503000.0,15562000.0
20240618,6607360.0,39344100.0,47363460.0,45574700.0,44162700.0,34844150.0,32555730.0,19861520.0,15542580.0,101838000.0,122419000.0,117885000.0,114181000.0,90058000.0,84172000.0,51170000.0,40179000.0
20240619,-19343000.0,52342380.0,36396640.0,52339620.0,48942360.0,37322100.0,44328640.0,11383340.0,23719800.0,137460000.0,95426000.0,137475000.0,128550000.0,98040000.0,116465000.0,29939000.0,62474000.0
20240620,6056160.0,48659730.0,47043930.0,49223990.0,56895950.0,42499260.0,47697920.0,25243960.0,13989140.0,126327000.0,121965000.0,127746000.0,147515000.0,110089000.0,123672000.0,65252000.0,36262000.0
20240621,-5532140.0,43935300.0,42774310.0,38116360.0,33745210.0,24882690.0,25175090.0,5793940.0,11033680.0,115571000.0,112337000.0,100241000.0,88696000.0,65388000.0,66265000.0,15198000.0,29100000.0
20240624,-11992000.0,42047670.0,30841120.0,31771510.0,30986060.0,23357600.0,27493190.0,5597840.0,13454250.0,110961000.0,81346000.0,83809000.0,81713000.0,61598000.0,72532000.0,14754000.0,35532000.0
20240625,-14918830.0,52166210.0,38715540.0,48643040.0,47174870.0,36923610.0,44319110.0,18610320.0,26133650.0,140531000.0,104256000.0,130995000.0,127071000.0,99509000.0,119349000.0,50252000.0,70611000.0
20240626,-13256920.0,40132260.0,31878480.0,38274430.0,33271290.0,25081690.0,34266750.0,13091150.0,17163010.0,108427000.0,85960000.0,103341000.0,89821000.0,67670000.0,92568000.0,35242000.0,46331000.0
20240627,5465970.0,36778380.0,42522280.0,41049980.0,40772040.0,35676210.0,31331930.0,16522630.0,15400940.0,97946000.0,113157000.0,109473000.0,108615000.0,94909000.0,83423000.0,43839000.0,40972000.0
20240628,13080760.0,78627170.0,93993200.0,129789850.0,127504590.0,116027740.0,110591520.0,53791020.0,46146480.0,197941000.0,237326000.0,326797000.0,320784000.0,292116000.0,277961000.0,135207000.0,115990000.0
20240701,3506450.0,47993740.0,53472560.0,67850050.0,65877670.0,52858430.0,51581520.0,27891740.0,25662200.0,117337000.0,130603000.0,165810000.0,160959000.0,129166000.0,126069000.0,68138000.0,62820000.0
20240702,-5452290.0,40604680.0,37600050.0,46523040.0,44075390.0,35010270.0,39200930.0,14136810.0,15398440.0,98934000.0,91580000.0,113320000.0,107299000.0,85250000.0,95462000.0,34394000.0,37557000.0
20240703,-13777600.0,41370290.0,32823510.0,49977500.0,44746680.0,35017240.0,39644890.0,11042900.0,20192850.0,102369000.0,81182000.0,123588000.0,110577000.0,86559000.0,98002000.0,27283000.0,50037000.0
20240704,454420.0,33529240.0,29248760.0,30196740.0,34931640.0,21572530.0,24930730.0,15864770.0,12052150.0,82692000.0,72133000.0,74457000.0,86121000.0,53184000.0,61462000.0,39110000.0,29727000.0
20240705,-4362450.0,43776160.0,41401920.0,42143590.0,40155390.0,31265510.0,34002100.0,19126950.0,20752810.0,109835000.0,103812000.0,105670000.0,100649000.0,78381000.0,85277000.0,47906000.0,52054000.0
20240708,3818280.0,38259510.0,39012180.0,35907980.0,38973590.0,30999460.0,29068320.0,11332100.0,9444960.0,95195000.0,96974000.0,89318000.0,96856000.0,77055000.0,72331000.0,28136000.0,23543000.0
20240709,-2150920.0,59358720.0,59497200.0,73511820.0,71222410.0,52118920.0,57836460.0,22278880.0,18712260.0,145506000.0,145794000.0,180309000.0,174716000.0,127740000.0,141886000.0,54690000.0,45849000.0
20240710,-15861870.0,45974180.0,38000960.0,59339320.0,51450680.0,43234770.0,44170290.0,14062820.0,28989170.0,111853000.0,92397000.0,144283000.0,125017000.0,105071000.0,107374000.0,34146000.0,70566000.0
20240711,6109710.0,41704620.0,50040120.0,60574110.0,58348320.0,50199190.0,44885390.0,17206390.0,16410480.0,99576000.0,119404000.0,144598000.0,139246000.0,119758000.0,107111000.0,40977000.0,39149000.0
20240712,-5058870.0,33553030.0,31064950.0,40091480.0,37520690.0,26245560.0,26883350.0,6832220.0,11253300.0,80341000.0,74373000.0,95994000.0,89818000.0,62830000.0,64358000.0,16343000.0,26959000.0
20240715,-553120.0,52430950.0,47208730.0,62418260.0,67087370.0,54189490.0,52095630.0,17489540.0,20136520.0,125001000.0,112479000.0,148980000.0,160067000.0,129271000.0,124331000.0,41620000.0,47995000.0
20240716,-6007030.0,36979130.0,30718340.0,35632710.0,35886480.0,26044160.0,28112870.0,6556640.0,10494960.0,88823000.0,73769000.0,85625000.0,86195000.0,62573000.0,67564000.0,15739000.0,25231000.0
20240717,-10017310.0,45127250.0,36156090.0,43889180.0,42843030.0,31249790.0,34533250.0,5900270.0,12634120.0,108797000.0,87038000.0,105570000.0,103025000.0,75095000.0,83064000.0,14181000.0,30517000.0
20240718,5941430.0,51467950.0,48587840.0,52317560.0,61139110.0,45834680.0,49702510.0,25215500.0,15406240.0,124106000.0,116940000.0,125952000.0,147107000.0,110099000.0,119527000.0,60499000.0,37082000.0
20240719,-5108080.0,59468330.0,54587470.0,59938780.0,59711580.0,46295410.0,52509590.0,23618280.0,22512180.0,139614000.0,128127000.0,140741000.0,140083000.0,108593000.0,123162000.0,55294000.0,52870000.0
20240722,-560640.0,49753610.0,47512190.0,57217710.0,58898490.0,46875830.0,43885300.0,12218110.0,15769280.0,115719000.0,110470000.0,133016000.0,136819000.0,108846000.0,101965000.0,28346000.0,36672000.0
20240723,-13355440.0,48020190.0,37456740.0,56281570.0,53489580.0,38879770.0,41872590.0,14111330.0,24473950.0,113944000.0,88814000.0,133557000.0,126888000.0,92298000.0,99418000.0,33533000.0,58211000.0
20240724,-1258440.0,47139570.0,38847540.0,53072280.0,60105860.0,46485720.0,48013370.0,17909310.0,17640100.0,111469000.0,91780000.0,125524000.0,142071000.0,109880000.0,113558000.0,42397000.0,41860000.0
20240725,-34609130.0,79980440.0,52717040.0,94106600.0,86760870.0,70313700.0,78727090.0,24468760.0,50664500.0,197435000.0,130101000.0,232184000.0,213966000.0,173467000.0,194077000.0,60680000.0,125621000.0
20240726,-3563640.0,50135320.0,43272930.0,52659640.0,55958400.0,42124690.0,42976570.0,14044820.0,16756580.0,124325000.0,107251000.0,130611000.0,138724000.0,104455000.0,106604000.0,34820000.0,41632000.0
20240729,-325170.0,48627600.0,46268770.0,58390330.0,60424000.0,47618920.0,51449950.0,22108770.0,18602910.0,116776000.0,111047000.0,140174000.0,145031000.0,114283000.0,123498000.0,52920000.0,44577000.0
20240730,-794640.0,44232070.0,35095900.0,34182990.0,42524530.0,21957370.0,23184540.0,6258610.0,5826080.0,107739000.0,85470000.0,83314000.0,103587000.0,53478000.0,56517000.0,15244000.0,14200000.0
20240731,-26186800.0,55326710.0,40727890.0,63870750.0,52282770.0,42163540.0,51266620.0,11526820.0,28610540.0,135779000.0,99768000.0,156794000.0,128254000.0,103451000.0,125914000.0,28279000.0,70367000.0
20240801,-3532320.0,37915150.0,38323710.0,59575970.0,55635100.0,48801360.0,51605770.0,13613210.0,14341120.0,91335000.0,92209000.0,143464000.0,133898000.0,117514000.0,124358000.0,32741000.0,34590000.0
20240802,-9563850.0,36436840.0,36500620.0,53415150.0,43787520.0,34264010.0,38177020.0,7761980.0,13412820.0,88159000.0,88234000.0,129082000.0,105791000.0,82778000.0,92279000.0,18742000.0,32457000.0
20240805,-26819980.0,60471250.0,42993090.0,63807950.0,54466120.0,48156930.0,61055340.0,21124290.0,35045860.0,150962000.0,107261000.0,159079000.0,135728000.0,120028000.0,152207000.0,52730000.0,87604000.0
20240806,-17773580.0,49453660.0,36270340.0,45597220.0,41006940.0,40213200.0,46838470.0,13726980.0,24875290.0,125400000.0,91886000.0,115455000.0,103806000.0,101793000.0,118678000.0,34743000.0,63022000.0
20240807,-2217630.0,33875670.0,33524260.0,32696780.0,30830570.0,25517500.0,27029900.0,7733830.0,8439060.0,85432000.0,84488000.0,82404000.0,77679000.0,64322000.0,68195000.0,19493000.0,21290000.0
20240808,-17248570.0,44716450.0,33393220.0,41783010.0,35857670.0,29052710.0,39297480.0,12292340.0,19296140.0,114738000.0,85636000.0,107175000.0,91970000.0,74552000.0,100870000.0,31564000.0,49554000.0
20240809,-17228160.0,42396880.0,24800010.0,31764180.0,32132890.0,22375000.0,31234400.0,8481450.0,16850210.0,110581000.0,64617000.0,82783000.0,83719000.0,58304000.0,81440000.0,22137000.0,44029000.0
20240812,-2893870.0,33648480.0,28275150.0,28011330.0,30490780.0,21536410.0,22679560.0,7458720.0,9209440.0,88315000.0,74148000.0,73521000.0,80018000.0,56476000.0,59523000.0,19516000.0,24139000.0
20240813,7528980.0,49134510.0,55584680.0,53011100.0,54089910.0,40963840.0,39137370.0,19531200.0,13828690.0,125801000.0,142327000.0,135834000.0,138561000.0,105001000.0,100264000.0,49897000.0,35381000.0
20240814,-2609810.0,33012770.0,31581080.0,31052780.0,29874660.0,19492480.0,20985050.0,5994500.0,7111740.0,84076000.0,80399000.0,79088000.0,76094000.0,49632000.0,53461000.0,15254000.0,18095000.0
20240815,-3335850.0,36658810.0,34065580.0,31113410.0,30370790.0,23706040.0,22284730.0,6384610.0,11141770.0,92968000.0,86370000.0,78858000.0,76988000.0,60048000.0,56497000.0,16151000.0,28171000.0
20240816,-6813920.0,32256310.0,26919750.0,24577070.0,23099720.0,16067300.0,18869680.0,3404970.0,7416510.0,82253000.0,68600000.0,62653000.0,58880000.0,40958000.0,48117000.0,8678000.0,18944000.0
20240819,-1843920.0,25561620.0,24443650.0,22842670.0,22116730.0,17863820.0,17206300.0,3749380.0,6250820.0,65039000.0,62133000.0,58118000.0,56249000.0,45422000.0,43798000.0,9531000.0,15932000.0
20240820,-5608870.0,36839280.0,29732050.0,27026830.0,28525180.0,15498180.0,18326650.0,3508100.0,6288500.0,95046000.0,76712000.0,69712000.0,73608000.0,39983000.0,47249000.0,9058000.0,16230000.0
20240821,142860.0,27866950.0,26236860.0,21503940.0,23276880.0,13298070.0,12699350.0,4748010.0,5203870.0,71891000.0,67642000.0,55457000.0,60044000.0,34293000.0,32769000.0,12242000.0,13429000.0
20240822,642030.0,31992330.0,32136590.0,22180450.0,22678210.0,15047170.0,13826040.0,2512460.0,3091560.0,82208000.0,82553000.0,57020000.0,58286000.0,38666000.0,35550000.0,6452000.0,7957000.0
20240823,21430.0,31650870.0,31526450.0,27827420.0,27973260.0,16523320.0,16211780.0,5736370.0,6026480.0,81637000.0,81265000.0,71711000.0,72072000.0,42529000.0,41777000.0,14800000.0,15563000.0
20240826,-943320.0,34732710.0,33775500.0,27422570.0,27436460.0,18901430.0,19105900.0,4199180.0,4938030.0,90013000.0,87416000.0,71085000.0,71135000.0,48968000.0,49557000.0,10850000.0,12808000.0
20240827,-5004990.0,27318330.0,21209330.0,20666770.0,21770780.0,11679980.0,15963390.0,5181880.0,5903460.0,71083000.0,55154000.0,53765000.0,56646000.0,30390000.0,41560000.0,13485000.0,15362000.0
20240828,6538000.0,43595360.0,45841700.0,42205580.0,46497240.0,35869530.0,31255190.0,14209150.0,12285490.0,111630000.0,117251000.0,107919000.0,118883000.0,91679000.0,79971000.0,36236000.0,31359000.0
20240829,365420.0,30220280.0,30599120.0,26546400.0,26532990.0,16540050.0,16121770.0,6910640.0,6963500.0,77927000.0,78825000.0,68461000.0,68426000.0,42619000.0,41591000.0,17773000.0,17938000.0
20240830,-5705930.0,46838920.0,44888140.0,51318300.0,47563160.0,39600870.0,38496360.0,22267210.0,29077650.0,120699000.0,115500000.0,132136000.0,122454000.0,101986000.0,99117000.0,57590000.0,75340000.0
20240902,-43784660.0,109319040.0,72423290.0,111406570.0,104517660.0,80245780.0,97661340.0,25108010.0,51477110.0,304603000.0,202048000.0,310139000.0,290879000.0,223613000.0,272191000.0,70100000.0,143337000.0
20240919,-66278310.0,118642830.0,71036890.0,134187560.0,115515180.0,102914900.0,113971830.0,52050630.0,107272010.0,330909000.0,198549000.0,374090000.0,322479000.0,286768000.0,317254000.0,144787000.0,298273000.0
20240920,-14704860.0,96486750.0,88530090.0,96124790.0,89376600.0,70753560.0,74501830.0,27566910.0,38523500.0,283010000.0,259888000.0,281861000.0,261792000.0,207504000.0,218376000.0,80804000.0,113123000.0
20240923,-12629970.0,50057940.0,42997030.0,67976690.0,62407610.0,60749780.0,72249150.0,26604860.0,27735460.0,147346000.0,126556000.0,200002000.0,183711000.0,178705000.0,212572000.0,78396000.0,81611000.0
20240924,-5346830.0,83209790.0,80288440.0,94416370.0,91990890.0,83336440.0,85748510.0,38617870.0,41552630.0,243125000.0,233772000.0,275766000.0,268485000.0,242827000.0,250831000.0,112581000.0,121210000.0
20240925,3441640.0,90988670.0,88650800.0,99836430.0,105615930.0,85656210.0,82635020.0,48952990.0,48532540.0,251392000.0,244655000.0,275859000.0,291663000.0,237017000.0,228335000.0,135109000.0,134725000.0
20240926,6589400.0,87454520.0,79648300.0,83632310.0,98027920.0,67149980.0,64223080.0,30851180.0,27188680.0,239586000.0,218033000.0,229059000.0,268195000.0,183786000.0,175867000.0,84100000.0,74436000.0
20240927,-12642930.0,53151500.0,45610870.0,68335620.0,63233340.0,58119370.0,59274050.0,27235840.0,38724090.0,141802000.0,121407000.0,182223000.0,168552000.0,154928000.0,158066000.0,72461000.0,103388000.0
20240930,27670.0,113803510.0,104204410.0,159357050.0,168983820.0,148715230.0,164864390.0,108780430.0,92603600.0,281407000.0,256825000.0,393335000.0,416478000.0,366417000.0,406304000.0,267134000.0,228687000.0
20241008,-41363960.0,125709780.0,90027650.0,206970780.0,201288940.0,204622410.0,213744780.0,125206700.0,157448290.0,288172000.0,206031000.0,472837000.0,460079000.0,466617000.0,487302000.0,284396000.0,358609000.0
20241009,-40811850.0,103367200.0,71578630.0,145926450.0,136903160.0,125418950.0,143693300.0,53845980.0,76383480.0,248340000.0,172048000.0,350555000.0,328947000.0,301577000.0,345329000.0,129525000.0,183674000.0
20241010,29302200.0,102186290.0,113264810.0,170139270.0,188362960.0,166087050.0,154256560.0,104495040.0,87023330.0,242527000.0,267411000.0,403085000.0,445598000.0,392283000.0,364913000.0,245261000.0,205233000.0
20241011,-7203080.0,84420910.0,79701860.0,126395090.0,123911060.0,101872930.0,93775500.0,42178490.0,57479000.0,206671000.0,195119000.0,309026000.0,302931000.0,249117000.0,229260000.0,103145000.0,140648000.0
20241014,-7160880.0,79781190.0,83066980.0,122077390.0,111630720.0,103364460.0,89716220.0,41731510.0,62540630.0,196732000.0,204586000.0,300664000.0,274568000.0,254295000.0,220677000.0,102592000.0,154453000.0
20241015,-15706920.0,84364900.0,67371880.0,83168760.0,84454860.0,67000180.0,69384420.0,22120300.0,35442980.0,211981000.0,169181000.0,208855000.0,212054000.0,168200000.0,174245000.0,55480000.0,89035000.0
20241016,-2381670.0,71956780.0,69625330.0,75552690.0,75502450.0,64517570.0,58823500.0,22053920.0,30129660.0,181897000.0,175895000.0,190896000.0,190753000.0,162974000.0,148712000.0,55845000.0,76252000.0
20241017,-45395520.0,99842990.0,66168480.0,92584340.0,80863320.0,69925830.0,77823830.0,33612930.0,71110450.0,257530000.0,170827000.0,238659000.0,208512000.0,180243000.0,200465000.0,86631000.0,183258000.0
20241018,16310370.0,82079890.0,88255200.0,100873000.0,111008050.0,89497380.0,90590390.0,53269840.0,35866460.0,212782000.0,228161000.0,261237000.0,287364000.0,231398000.0,234367000.0,137223000.0,92749000.0
20241021,-25689260.0,86997140.0,68177830.0,101812260.0,94942320.0,76148210.0,95627210.0,39473980.0,45684240.0,221635000.0,173497000.0,259207000.0,241700000.0,193797000.0,243635000.0,100434000.0,116241000.0
20241022,-11020530.0,59699240.0,50592420.0,68329740.0,66416030.0,56970390.0,58351350.0,30330570.0,39970140.0,153746000.0,130211000.0,175907000.0,170987000.0,146659000.0,150265000.0,78109000.0,102958000.0
20241023,-4422220.0,82139820.0,81656910.0,106323830.0,102384510.0,85108500.0,89795760.0,44546520.0,44281480.0,209291000.0,207912000.0,270729000.0,260693000.0,216548000.0,228642000.0,113229000.0,112551000.0
20241024,-29754160.0,77487790.0,48571180.0,78049160.0,77211620.0,47598640.0,67604500.0,30110090.0,39858390.0,201739000.0,126479000.0,203174000.0,200961000.0,123880000.0,175923000.0,78342000.0,103772000.0
20241025,-17761450.0,64426630.0,50769660.0,73143460.0,69038970.0,51742230.0,66444030.0,16845240.0,19904890.0,168124000.0,132328000.0,190745000.0,180004000.0,134835000.0,173312000.0,43888000.0,51948000.0
20241028,5095100.0,59397120.0,61221520.0,73901320.0,77172010.0,57224270.0,54938840.0,28291490.0,25481820.0,154151000.0,158629000.0,191704000.0,200206000.0,148358000.0,142635000.0,73355000.0,66099000.0
20241029,-13299910.0,66189460.0,54517920.0,64327410.0,62699050.0,51118370.0,54600320.0,25196890.0,35014850.0,171346000.0,140937000.0,166283000.0,162068000.0,131989000.0,141134000.0,64942000.0,90421000.0
20241030,5606370.0,56471460.0,56117570.0,63026300.0,68986560.0,63486610.0,54442240.0,30640220.0,34078220.0,147646000.0,146428000.0,164534000.0,180158000.0,165658000.0,142260000.0,79943000.0,88936000.0
20241031,-67809030.0,135340860.0,75967420.0,148238990.0,139803410.0,128063670.0,170507590.0,75713490.0,101078600.0,368631000.0,206864000.0,403941000.0,380860000.0,349045000.0,464566000.0,205238000.0,274564000.0
20241101,6057770.0,72186340.0,66607800.0,77821280.0,89457590.0,71061800.0,73943580.0,34537230.0,25597680.0,194829000.0,179301000.0,209889000.0,241125000.0,191445000.0,199393000.0,92625000.0,68969000.0
20241104,-15746390.0,62469770.0,45146930.0,62912200.0,64488660.0,46075250.0,45663050.0,15384930.0,31543520.0,169701000.0,122562000.0,170849000.0,175064000.0,125056000.0,123994000.0,41753000.0,85738000.0
20241105,8309850.0,77119410.0,83206970.0,101432000.0,103654280.0,97689260.0,90606500.0,54593930.0,53366840.0,205790000.0,221845000.0,270665000.0,276507000.0,260507000.0,241634000.0,145192000.0,142167000.0
20241106,-25251530.0,79016920.0,52265940.0,84123000.0,85622460.0,66711870.0,81340450.0,29172860.0,39795810.0,209054000.0,138175000.0,222470000.0,226458000.0,176360000.0,215097000.0,77076000.0,105229000.0
20241107,-8796110.0,65479120.0,53373870.0,70797520.0,74106660.0,63251420.0,65013970.0,29090240.0,36123800.0,173829000.0,141524000.0,187874000.0,196600000.0,167798000.0,172539000.0,77055000.0,95894000.0
20241108,-40398610.0,89984310.0,54875280.0,91465850.0,86176280.0,81943920.0,98683060.0,30899270.0,54558740.0,238045000.0,145227000.0,241763000.0,227970000.0,216636000.0,260902000.0,81576000.0,143923000.0
20241111,-8812980.0,80746030.0,67419970.0,83742700.0,88255790.0,73273720.0,70221230.0,24995080.0,36860550.0,216144000.0,180320000.0,224000000.0,236084000.0,195882000.0,187752000.0,66667000.0,98538000.0
20241112,-43464800.0,98745620.0,60079600.0,87448000.0,82649220.0,54894260.0,72913520.0,20896530.0,46342070.0,266350000.0,162027000.0,235663000.0,222718000.0,147823000.0,196426000.0,56235000.0,124899000.0
20241113,84422550.0,109023590.0,159113500.0,154221700.0,188554330.0,183430970.0,150893650.0,125010900.0,73125670.0,284797000.0,415537000.0,403045000.0,492855000.0,479254000.0,394222000.0,326387000.0,190868000.0
20241114,-23912170.0,90394410.0,72489080.0,97439020.0,91432170.0,77029660.0,82984240.0,35794710.0,53752300.0,236465000.0,189550000.0,254789000.0,239034000.0,201203000.0,216885000.0,93489000.0,140476000.0
20241115,-11193200.0,74607170.0,62780820.0,70856400.0,71489540.0,54156700.0,59102730.0,26502970.0,32750140.0,200147000.0,168306000.0,189783000.0,191455000.0,145032000.0,158367000.0,71147000.0,87981000.0
20241118,-4378520.0,57779090.0,55031270.0,65058320.0,63427620.0,50230410.0,49805290.0,22671090.0,27474730.0,156977000.0,149140000.0,176503000.0,171989000.0,136053000.0,135056000.0,61293000.0,74639000.0
20241119,-23958050.0,77475690.0,58162630.0,69907370.0,65262390.0,50102210.0,57853700.0,18986890.0,35193450.0,215207000.0,161520000.0,194073000.0,181141000.0,139026000.0,160588000.0,52679000.0,97736000.0
20241120,-5659190.0,44555850.0,36290960.0,43603370.0,46209070.0,31703360.0,35265240.0,14070590.0,16167900.0,123630000.0,100632000.0,120991000.0,128178000.0,87950000.0,97863000.0,38975000.0,44874000.0
20241121,-6320050.0,36721320.0,32348040.0,36767220.0,34820440.0,27723960.0,29387750.0,9623360.0,14279620.0,101259000.0,89155000.0,101336000.0,95950000.0,76399000.0,81001000.0,26514000.0,39401000.0
20241122,-25732570.0,60947540.0,40117110.0,51364300.0,46462150.0,36160730.0,43466230.0,14022850.0,32449920.0,170880000.0,112422000.0,143957000.0,130221000.0,101325000.0,121779000.0,39359000.0,91099000.0
20241125,434210.0,44396300.0,41013020.0,41527350.0,45344850.0,33027320.0,29811320.0,9402820.0,12184610.0,126276000.0,116493000.0,118029000.0,128851000.0,93808000.0,84733000.0,26670000.0,34706000.0
20241126,-1016650.0,31931750.0,29341580.0,29159980.0,30733500.0,22079440.0,20809320.0,5409260.0,7696030.0,90664000.0,83277000.0,82788000.0,87250000.0,62654000.0,59078000.0,15352000.0,21853000.0
20241127,4936530.0,42686740.0,44566290.0,48077210.0,51134190.0,37479930.0,35742330.0,13375500.0,10176570.0,120158000.0,125277000.0,135228000.0,143768000.0,105389000.0,100529000.0,37519000.0,28720000.0
20241128,-13667570.0,41812940.0,33115290.0,38659800.0,33689890.0,25699400.0,30207780.0,8814920.0,17974110.0,118116000.0,93566000.0,109202000.0,95166000.0,72613000.0,85327000.0,24894000.0,50765000.0
20241129,-7072490.0,39638320.0,33942670.0,45247450.0,43870610.0,34128750.0,39652310.0,15555920.0,17104850.0,112617000.0,96344000.0,128485000.0,124547000.0,96907000.0,112658000.0,44162000.0,48623000.0
20241202,24709350.0,48730420.0,63704180.0,62931570.0,72667160.0,61371830.0,52047390.0,34800340.0,19415430.0,135801000.0,177209000.0,175230000.0,202286000.0,170786000.0,144899000.0,96703000.0,54127000.0
20241203,-7562960.0,41285960.0,35029750.0,41673180.0,40366420.0,31922730.0,32462560.0,8135980.0,15159110.0,115174000.0,97698000.0,116208000.0,112575000.0,89035000.0,90532000.0,22681000.0,42295000.0
20241204,2443390.0,35727560.0,36738400.0,37378470.0,38811010.0,32575420.0,29987800.0,11944270.0,12088500.0,99919000.0,102570000.0,104472000.0,108421000.0,91010000.0,83846000.0,33286000.0,33849000.0
20241205,-11113920.0,34552180.0,25304960.0,35585720.0,33719010.0,23082130.0,29918960.0,9687790.0,13964880.0,97338000.0,71273000.0,100228000.0,94934000.0,64998000.0,84273000.0,27285000.0,39369000.0
20241206,-5014270.0,37816740.0,32689040.0,38441370.0,38554800.0,31421670.0,30926810.0,13504880.0,19014010.0,106386000.0,91966000.0,108177000.0,108452000.0,88405000.0,86981000.0,37938000.0,53507000.0
20241209,-869520.0,32934090.0,34994570.0,45117990.0,42187980.0,36929340.0,37645190.0,13956850.0,14110520.0,92955000.0,98612000.0,127205000.0,118965000.0,104133000.0,106220000.0,39328000.0,39822000.0
20241210,-2471720.0,49334230.0,45348230.0,52527920.0,54042210.0,46646000.0,46664120.0,27592230.0,30045830.0,137577000.0,126406000.0,146340000.0,150502000.0,129879000.0,129919000.0,76735000.0,83703000.0
20241211,-7716120.0,32677190.0,26360200.0,30485620.0,29086490.0,21207940.0,23890900.0,7386360.0,12419520.0,92198000.0,74363000.0,86014000.0,82057000.0,59836000.0,67404000.0,20831000.0,35055000.0
20241212,-127180.0,36743010.0,36445230.0,41597500.0,41768100.0,32301290.0,32211940.0,14719460.0,14935990.0,103290000.0,102390000.0,116951000.0,117418000.0,90785000.0,90561000.0,41351000.0,42009000.0
20241213,-27735630.0,69390840.0,45543670.0,56763980.0,52875510.0,41331640.0,50268000.0,9436100.0,28235370.0,198233000.0,130084000.0,162099000.0,151023000.0,118030000.0,143567000.0,26963000.0,80651000.0
20241216,-6937010.0,44831610.0,40727010.0,54707010.0,51874610.0,35982350.0,38436610.0,12887070.0,17369820.0,130045000.0,117920000.0,158499000.0,150296000.0,104265000.0,111430000.0,37277000.0,50441000.0
20241217,22380470.0,72461740.0,92326710.0,108428930.0,110944430.0,115461430.0,109035090.0,66310870.0,50356740.0,201704000.0,256894000.0,301762000.0,308805000.0,321284000.0,303398000.0,184412000.0,140065000.0
20241218,5786910.0,76220640.0,78246890.0,99449240.0,103209890.0,97478160.0,89873800.0,41896760.0,43714210.0,209261000.0,214467000.0,272545000.0,282800000.0,266621000.0,246198000.0,114611000.0,119573000.0
20241219,1937640.0,51753380.0,50684910.0,60938190.0,63944290.0,52677240.0,51591360.0,19902730.0,19050970.0,143127000.0,139998000.0,168549000.0,176744000.0,145545000.0,142726000.0,54972000.0,52724000.0
20241220,-18278710.0,51514660.0,37319140.0,48961970.0,44878770.0,35723070.0,39215170.0,12118190.0,26904800.0,143843000.0,104182000.0,136704000.0,125297000.0,99721000.0,109473000.0,33829000.0,75146000.0
20241223,8321380.0,47420710.0,52766110.0,64923010.0,67899000.0,52452960.0,51414050.0,26308220.0,19025750.0,131796000.0,146535000.0,180285000.0,188508000.0,145617000.0,142708000.0,72794000.0,52741000.0
20241224,-3921010.0,40549580.0,34001860.0,38570110.0,41196810.0,30200260.0,33323210.0,9639780.0,10437840.0,112615000.0,94406000.0,107101000.0,114393000.0,83845000.0,92535000.0,26754000.0,28981000.0
20241225,-7749500.0,39650250.0,34806810.0,43196870.0,40290810.0,31017360.0,37493420.0,11313980.0,12587420.0,110103000.0,96563000.0,119875000.0,111749000.0,86026000.0,104056000.0,31343000.0,34979000.0
20241226,-12759430.0,34340200.0,24262450.0,33441920.0,30760250.0,21631140.0,25209300.0,7145610.0,16326880.0,95810000.0,67673000.0,93295000.0,85803000.0,60334000.0,70331000.0,19914000.0,45546000.0
20241227,28249010.0,55743770.0,67270340.0,73938260.0,90660700.0,77067140.0,67483760.0,45648500.0,26982870.0,153024000.0,184579000.0,202975000.0,248838000.0,211471000.0,185317000.0,125278000.0,74015000.0
20241230,-3897600.0,41608750.0,39377030.0,51337330.0,49671450.0,40457210.0,39870140.0,15655920.0,20140590.0,114007000.0,107832000.0,140579000.0,135963000.0,110689000.0,109108000.0,42762000.0,55133000.0
20241231,-4340560.0,54418610.0,49230960.0,58037620.0,58884700.0,46851610.0,49902540.0,17216990.0,18506620.0,149997000.0,135512000.0,159758000.0,162015000.0,128928000.0,137442000.0,47280000.0,50993000.0
20250102,-34954020.0,72403960.0,43613260.0,68679290.0,62515970.0,47167210.0,63247610.0,25268290.0,44141910.0,206980000.0,124536000.0,196186000.0,178420000.0,134604000.0,180690000.0,72196000.0,126321000.0
20250103,-13467900.0,50873530.0,37154080.0,54445930.0,54697480.0,34730140.0,40996490.0,13400920.0,20602470.0,149380000.0,109071000.0,159800000.0,160570000.0,101911000.0,120324000.0,39322000.0,60449000.0
20250106,-15926710.0,45549880.0,29393770.0,51702510.0,51931900.0,34099960.0,37371610.0,12895060.0,25550120.0,136806000.0,88182000.0,155189000.0,155868000.0,102477000.0,112227000.0,38836000.0,77031000.0
20250107,6707750.0,31507010.0,30030980.0,32330900.0,40514670.0,29424040.0,23165520.0,4964230.0,4515000.0,95034000.0,90482000.0,97521000.0,122188000.0,88711000.0,69927000.0,14962000.0,13631000.0
20250108,-887540.0,48290210.0,45641240.0,54787550.0,56548990.0,41867610.0,43341330.0,20755790.0,20169610.0,142610000.0,134691000.0,161718000.0,166900000.0,123512000.0,127890000.0,61130000.0,59490000.0
20250109,-14653920.0,40342660.0,27214050.0,37832230.0,36306940.0,24494440.0,31890650.0,8584040.0,15841750.0,120217000.0,81097000.0,112730000.0,108146000.0,72955000.0,94992000.0,25555000.0,47223000.0
20250110,-15744520.0,42067330.0,28473360.0,42489210.0,40338660.0,26603850.0,33295520.0,11271660.0,20324510.0,127913000.0,86550000.0,129212000.0,122641000.0,80867000.0,101262000.0,34321000.0,61860000.0
20250113,-8835300.0,33948970.0,26989640.0,36315310.0,34439350.0,25760020.0,29204240.0,6441650.0,11832730.0,105924000.0,84164000.0,113276000.0,107407000.0,80322000.0,91124000.0,20093000.0,36920000.0
20250114,6463290.0,39648020.0,43630880.0,47072280.0,49552710.0,41022640.0,36084870.0,14087620.0,12562100.0,121073000.0,133209000.0,143862000.0,151390000.0,125279000.0,110252000.0,42959000.0,38322000.0
20250115,-21884650.0,49252430.0,30634310.0,48065990.0,44799470.0,31785510.0,46706760.0,9554130.0,16517530.0,152131000.0,94547000.0,148470000.0,138412000.0,98187000.0,144359000.0,29491000.0,50961000.0
20250116,13495380.0,44380270.0,50621940.0,56512930.0,63766640.0,55498290.0,50085720.0,25160030.0,17077220.0,136982000.0,155815000.0,174115000.0,196340000.0,170547000.0,154074000.0,77245000.0,52659000.0
20250117,-7025090.0,30051080.0,24462180.0,34058180.0,32622000.0,26617480.0,30235210.0,5819980.0,9227340.0,91926000.0,74793000.0,104118000.0,99725000.0,81352000.0,92461000.0,17793000.0,28209000.0
20250120,5764130.0,37035030.0,40078250.0,40940590.0,43661490.0,38642940.0,35147720.0,15159270.0,12890360.0,111869000.0,120955000.0,123598000.0,131793000.0,116642000.0,106177000.0,45744000.0,38928000.0
20250121,-4259840.0,26815480.0,22844480.0,27589800.0,27300950.0,17690330.0,19533670.0,6331300.0,8747800.0,81795000.0,69663000.0,84128000.0,83228000.0,53920000.0,59562000.0,19281000.0,26672000.0
20250122,551070.0,29682990.0,27389740.0,29935120.0,32779440.0,30269690.0,29876260.0,8094960.0,7937320.0,90943000.0,83779000.0,91588000.0,100278000.0,92636000.0,91537000.0,24788000.0,24361000.0
20250123,5127330.0,32769530.0,33742500.0,33701590.0,37855940.0,30528500.0,29003010.0,17751710.0,14149870.0,98636000.0,101537000.0,101444000.0,113924000.0,91886000.0,87287000.0,53387000.0,42605000.0
20250124,7105410.0,53027080.0,58836860.0,64404230.0,65699860.0,52314260.0,46833770.0,23888110.0,22263190.0,157204000.0,174512000.0,190932000.0,194882000.0,155296000.0,138927000.0,70830000.0,65941000.0
20250127,3156340.0,34825000.0,36327300.0,34502970.0,36157000.0,26877280.0,28912480.0,16020400.0,10828860.0,102880000.0,107304000.0,101853000.0,106731000.0,79276000.0,85297000.0,47235000.0,31912000.0
20250205,1200840.0,28899660.0,29776020.0,28664520.0,28989010.0,22918130.0,22500120.0,14811610.0,14028780.0,86646000.0,89232000.0,85933000.0,86879000.0,68684000.0,67496000.0,44455000.0,42110000.0
20250206,3478600.0,27672010.0,29859240.0,30776510.0,32067880.0,27392470.0,23070720.0,9183680.0,10026830.0,82188000.0,88621000.0,91391000.0,95214000.0,81324000.0,68526000.0,27205000.0,29747000.0
20250207,-7424100.0,41751120.0,37236410.0,49442060.0,46532670.0,33209520.0,34391100.0,7112720.0,13355240.0,123671000.0,110261000.0,146414000.0,137796000.0,98318000.0,101842000.0,21051000.0,39556000.0
20250210,-6104120.0,30867840.0,24359410.0,35746080.0,36150380.0,27563510.0,29394010.0,8564140.0,12837760.0,91903000.0,72517000.0,106413000.0,107606000.0,82052000.0,87488000.0,25488000.0,38246000.0
20250211,-9035690.0,36197050.0,28919710.0,32977830.0,31219480.0,24028330.0,27769880.0,5526510.0,10820650.0,109005000.0,87108000.0,99292000.0,94004000.0,72363000.0,83603000.0,16651000.0,32595000.0
20250212,-232080.0,26342520.0,25853000.0,28288550.0,28545980.0,23036080.0,21945180.0,7761320.0,9084300.0,79229000.0,77706000.0,85034000.0,85789000.0,69213000.0,65973000.0,23294000.0,27303000.0
20250213,9684640.0,31663060.0,37319880.0,40313070.0,44340890.0,34314540.0,29471870.0,14820720.0,9978750.0,94582000.0,111384000.0,120353000.0,132373000.0,102372000.0,87946000.0,44181000.0,29786000.0
20250214,296930.0,32395720.0,33125580.0,39371400.0,38938480.0,29888900.0,29064180.0,8780120.0,9307910.0,96918000.0,98987000.0,117661000.0,116347000.0,89229000.0,86853000.0,26197000.0,27817000.0
20250217,-5085660.0,41583470.0,35045710.0,50887610.0,52339720.0,37400180.0,38657630.0,13908470.0,17736680.0,124888000.0,105217000.0,152707000.0,157039000.0,112140000.0,115977000.0,41722000.0,53225000.0
20250218,-25368480.0,64192350.0,41165800.0,66170800.0,63828860.0,40452440.0,51099600.0,9937940.0,24659260.0,196912000.0,126295000.0,202973000.0,195809000.0,124124000.0,156778000.0,30499000.0,75626000.0
20250219,6456630.0,44871350.0,45710370.0,53752040.0,59369650.0,45955850.0,43363260.0,18470690.0,14606650.0,137930000.0,140209000.0,165066000.0,182268000.0,140979000.0,133260000.0,56678000.0,44915000.0
20250220,-51889650.0,89225590.0,44805950.0,85159620.0,77689610.0,57283510.0,89322280.0,17401510.0,37252390.0,281358000.0,141397000.0,268599000.0,244995000.0,180706000.0,281758000.0,54860000.0,117374000.0
20250221,-849900.0,50661930.0,43789780.0,52756470.0,58778710.0,45922190.0,43737570.0,15637520.0,18672040.0,159966000.0,138129000.0,166569000.0,185529000.0,144872000.0,138068000.0,49372000.0,59053000.0
20250224,-6437050.0,45391160.0,36635960.0,51814490.0,54132630.0,45094690.0,49295710.0,14593920.0,16829950.0,143995000.0,116057000.0,164234000.0,171615000.0,142780000.0,156207000.0,46228000.0,53358000.0
20250225,-11657770.0,40895350.0,30837990.0,41909000.0,40308590.0,29063170.0,36389530.0,10521280.0,14852690.0,130998000.0,98747000.0,134212000.0,129097000.0,93063000.0,116543000.0,33715000.0,47601000.0
20250226,-11608880.0,43601900.0,33215460.0,48492870.0,47270430.0,37114710.0,42285240.0,17324230.0,23762580.0,140938000.0,107317000.0,156711000.0,152772000.0,119939000.0,136677000.0,55982000.0,76804000.0
20250227,2532820.0,38306500.0,38424440.0,46582080.0,48996960.0,38865530.0,37057130.0,15228030.0,14503610.0,123094000.0,123423000.0,149644000.0,157358000.0,124807000.0,119060000.0,48878000.0,46582000.0
20250228,4955660.0,50394640.0,49154400.0,61125530.0,67321440.0,46819390.0,45487220.0,30249110.0,26625620.0,161713000.0,157416000.0,195888000.0,215746000.0,149958000.0,145790000.0,96835000.0,85442000.0
20250303,-19069750.0,46518690.0,31175060.0,51366200.0,47640080.0,39833310.0,52747180.0,13723810.0,19879690.0,151975000.0,101835000.0,167718000.0,155553000.0,130029000.0,172227000.0,44797000.0,64905000.0
20250304,9253000.0,39495090.0,47952140.0,57857560.0,58653510.0,47538340.0,46528250.0,27181800.0,18938890.0,128301000.0,155597000.0,187774000.0,190342000.0,154198000.0,151021000.0,88199000.0,61512000.0
20250305,-21029960.0,50318050.0,32956320.0,48854510.0,45186280.0,38758550.0,46257380.0,15018240.0,28549370.0,165102000.0,108105000.0,160292000.0,148210000.0,127196000.0,151870000.0,49281000.0,93687000.0
20250306,-3614220.0,46623080.0,37440080.0,45628560.0,51197340.0,38769540.0,40550040.0,18332850.0,20166570.0,152906000.0,122700000.0,149714000.0,167855000.0,127144000.0,133093000.0,60150000.0,66266000.0
20250307,12326060.0,58616870.0,66490280.0,74116650.0,78569310.0,72415130.0,64125590.0,33327260.0,29290740.0,189079000.0,214127000.0,238831000.0,253157000.0,233218000.0,206646000.0,107199000.0,94397000.0
20250310,2543660.0,40794440.0,46153470.0,49543800.0,46728440.0,40014640.0,38252910.0,18147330.0,17365400.0,130580000.0,147651000.0,158536000.0,149477000.0,128010000.0,122397000.0,58022000.0,55622000.0
20250311,1493970.0,33823970.0,33977770.0,38078860.0,39419020.0,31660440.0,31609210.0,13520650.0,12077910.0,108820000.0,109237000.0,122480000.0,126736000.0,101758000.0,101642000.0,43425000.0,38867000.0
20250312,-15214810.0,40062130.0,31122920.0,44250200.0,37974600.0,31177850.0,36295920.0,10760750.0,20857490.0,129234000.0,100366000.0,142700000.0,122433000.0,100515000.0,117028000.0,34736000.0,67358000.0
20250313,12623890.0,43663150.0,51409020.0,55835980.0,60714010.0,54587340.0,49346880.0,26477010.0,19093580.0,140897000.0,165401000.0,179715000.0,195207000.0,175202000.0,158581000.0,84741000.0,61367000.0
20250314,6065320.0,60713910.0,64281730.0,76441410.0,78938910.0,62916190.0,58609630.0,29827960.0,28069200.0,192004000.0,203055000.0,241670000.0,249411000.0,198802000.0,185300000.0,94061000.0,88771000.0
20250317,-6613650.0,78730430.0,72787550.0,91999560.0,91328790.0,73204510.0,71701010.0,25073360.0,33190510.0,244272000.0,225656000.0,285155000.0,283094000.0,226866000.0,222089000.0,77542000.0,102997000.0
20250318,-7117920.0,46491620.0,35759230.0,53664080.0,57278560.0,37771420.0,42369080.0,18526630.0,21046890.0,146941000.0,113013000.0,169591000.0,181031000.0,119328000.0,133880000.0,58580000.0,66516000.0
20250319,-11744390.0,32124730.0,22507840.0,32811100.0,30683600.0,20665560.0,28043030.0,9413590.0,13780510.0,102255000.0,71621000.0,104434000.0,97644000.0,65766000.0,89253000.0,29960000.0,43896000.0
20250320,3732790.0,40257910.0,41127110.0,47495250.0,50358840.0,39331980.0,40195180.0,21309600.0,16713610.0,127439000.0,130125000.0,150325000.0,159353000.0,124415000.0,127186000.0,67374000.0,52890000.0
20250321,42688260.0,82729290.0,115690610.0,127233120.0,136960050.0,128377040.0,109236210.0,68174980.0,44627550.0,255394000.0,357068000.0,392817000.0,422783000.0,396329000.0,337290000.0,210347000.0,137746000.0
20250324,-24605980.0,69616630.0,51677240.0,84634550.0,77967960.0,57482600.0,62472990.0,21295250.0,40910840.0,217880000.0,161696000.0,264724000.0,243858000.0,179634000.0,195379000.0,66548000.0,127853000.0
20250325,-10249560.0,42791210.0,38254620.0,53314990.0,47602030.0,32833310.0,36242430.0,13898640.0,20739080.0,134762000.0,120372000.0,167824000.0,149763000.0,103334000.0,114081000.0,43719000.0,65423000.0
20250326,475130.0,29897580.0,28811220.0,31942180.0,33503660.0,24118120.0,23810750.0,9090660.0,8922900.0,94529000.0,91071000.0,100990000.0,105918000.0,76243000.0,75291000.0,28753000.0,28235000.0
20250327,-15929870.0,42284300.0,28705890.0,42481790.0,40130330.0,24871570.0,34383170.0,9165350.0,15583620.0,135357000.0,91844000.0,135981000.0,128428000.0,79572000.0,110072000.0,29295000.0,49861000.0
20250328,-21582140.0,42570140.0,23646290.0,39674280.0,37016000.0,25698430.0,38481600.0,11130160.0,19929130.0,137836000.0,76575000.0,128460000.0,119864000.0,83207000.0,124598000.0,36029000.0,64494000.0
20250331,-8056710.0,30294780.0,24117570.0,27397130.0,25517630.0,17672680.0,20716570.0,6007920.0,11020740.0,99084000.0,78883000.0,89576000.0,83439000.0,57772000.0,67734000.0,19656000.0,36033000.0
20250401,-3707020.0,24053760.0,21511560.0,24703240.0,23538420.0,19969490.0,21412490.0,8190530.0,10454550.0,78396000.0,70088000.0,80499000.0,76687000.0,65066000.0,69779000.0,26686000.0,34093000.0
20250402,-1282750.0,21539970.0,17669540.0,20090570.0,22678240.0,14929710.0,17241220.0,6795140.0,5766380.0,70336000.0,57691000.0,65605000.0,74054000.0,48746000.0,56305000.0,22184000.0,18821000.0
20250403,-12281720.0,28591620.0,20619680.0,27923520.0,23613730.0,15734290.0,21869940.0,4524670.0,10670740.0,93889000.0,67680000.0,91699000.0,77526000.0,51674000.0,71830000.0,14865000.0,35090000.0
20250407,-44099050.0,72267400.0,35200410.0,65256270.0,58224210.0,44534820.0,58474110.0,24650050.0,54809810.0,260096000.0,126369000.0,234209000.0,208670000.0,159961000.0,210009000.0,88750000.0,197968000.0
20250408,-13655990.0,82366970.0,68018150.0,82737390.0,83430220.0,53861170.0,64571210.0,23815250.0,26761200.0,297162000.0,243745000.0,298317000.0,300355000.0,193623000.0,233309000.0,85329000.0,97022000.0
20250409,-6218500.0,67278920.0,61068490.0,81856530.0,81848460.0,61012080.0,69870190.0,31549480.0,28909870.0,230713000.0,209111000.0,281145000.0,280955000.0,209795000.0,240409000.0,108078000.0,99256000.0
20250410,-6696370.0,52689130.0,46647440.0,61967760.0,61313080.0,48516580.0,54460960.0,21108050.0,21860040.0,179332000.0,158717000.0,210851000.0,208588000.0,165048000.0,185276000.0,71769000.0,74419000.0
20250411,-3067160.0,34945850.0,31346120.0,38519770.0,39052340.0,30159000.0,31035990.0,9469220.0,11659390.0,120092000.0,107668000.0,132330000.0,134145000.0,103552000.0,106607000.0,32534000.0,40088000.0
20250414,-3424120.0,27507940.0,23864000.0,30400300.0,30620110.0,23991450.0,25371760.0,7902190.0,9946000.0,94143000.0,81667000.0,104032000.0,104773000.0,82089000.0,86828000.0,27046000.0,34042000.0
20250415,-8971610.0,28664300.0,19114660.0,24475290.0,25053320.0,16238890.0,23349170.0,9704930.0,11566260.0,99438000.0,66299000.0,84909000.0,86897000.0,56336000.0,80995000.0,33635000.0,40127000.0
20250416,-11135190.0,34296130.0,22826720.0,31845750.0,32179960.0,17539620.0,25044090.0,7827800.0,11458520.0,119522000.0,79492000.0,110895000.0,112046000.0,61031000.0,87206000.0,27222000.0,39927000.0
20250417,21231090.0,34677500.0,48255450.0,44360530.0,52013680.0,37836990.0,38319130.0,31584120.0,9870890.0,118912000.0,165164000.0,152012000.0,178022000.0,129522000.0,131106000.0,107657000.0,33811000.0
20250418,-1690050.0,27997100.0,26510180.0,26521640.0,26318510.0,16379610.0,18460140.0,5092980.0,4702500.0,96637000.0,91508000.0,91535000.0,90841000.0,56523000.0,63694000.0,17590000.0,16242000.0
20250421,-284720.0,20202990.0,18822900.0,21175890.0,22271270.0,16782160.0,15495310.0,5742930.0,7314500.0,69757000.0,64974000.0,73147000.0,76935000.0,57972000.0,53520000.0,19838000.0,25285000.0
20250422,1784640.0,20075960.0,22880720.0,24727450.0,23707340.0,18602820.0,17289520.0,4969620.0,4498280.0,68918000.0,78521000.0,84859000.0,81345000.0,63826000.0,59331000.0,17033000.0,15438000.0
20250423,2640970.0,18567870.0,20354960.0,21583080.0,22436970.0,19926860.0,17839900.0,6235860.0,5681850.0,63877000.0,70007000.0,74237000.0,77165000.0,68546000.0,61363000.0,21413000.0,19537000.0
20250424,-3502210.0,19343320.0,15189070.0,19208930.0,19860960.0,12999280.0,14389470.0,3454250.0,5566270.0,66907000.0,52521000.0,66436000.0,68684000.0,44955000.0,49776000.0,11939000.0,19256000.0
20250425,9011360.0,27017870.0,30804250.0,30003210.0,35228180.0,25123510.0,21966460.0,10447330.0,4593020.0,92608000.0,105568000.0,102869000.0,120758000.0,86151000.0,75292000.0,35787000.0,15797000.0
20250428,-4126400.0,19548220.0,17964940.0,20122110.0,17579000.0,12498610.0,15938280.0,4108400.0,4795130.0,67233000.0,61796000.0,69186000.0,60436000.0,42979000.0,54794000.0,14136000.0,16508000.0
20250429,5019650.0,35795830.0,35029140.0,30265760.0,36052090.0,27442420.0,25304480.0,9506590.0,6624880.0,121979000.0,119381000.0,103193000.0,122908000.0,93533000.0,86270000.0,32429000.0,22575000.0
20250430,-2030440.0,27227170.0,26700550.0,29222030.0,27718220.0,21880280.0,22431750.0,7785210.0,9264180.0,92755000.0,90996000.0,99524000.0,94402000.0,74545000.0,76386000.0,26531000.0,31571000.0
20250506,-724870.0,26519450.0,25572030.0,27395850.0,27618410.0,21937100.0,22193010.0,8027200.0,8496160.0,89757000.0,86544000.0,92729000.0,93479000.0,74237000.0,75106000.0,27161000.0,28755000.0
20250507,6720510.0,53458260.0,54736090.0,57911900.0,63354570.0,44859670.0,44426410.0,24942720.0,18655470.0,178382000.0,182645000.0,193324000.0,211469000.0,149867000.0,148425000.0,83291000.0,62325000.0
20250508,-3564490.0,35324890.0,35259210.0,37402170.0,33903360.0,26579120.0,28299170.0,12813870.0,14658310.0,117775000.0,117510000.0,124652000.0,112998000.0,88543000.0,94285000.0,42651000.0,48827000.0
20250509,2167060.0,61099260.0,61796490.0,55106950.0,56576770.0,37001910.0,38707540.0,21370910.0,17498220.0,201094000.0,203455000.0,181292000.0,186182000.0,121762000.0,127340000.0,70354000.0,57526000.0
20250512,1830790.0,192358800.0,190100120.0,189038540.0,193128010.0,127971650.0,124262080.0,51724760.0,53603540.0,592666000.0,586130000.0,582444000.0,595233000.0,394230000.0,382478000.0,159118000.0,164618000.0
20250513,-2748180.0,121283150.0,117646250.0,112221080.0,113109810.0,80067880.0,75142800.0,31697300.0,39370560.0,380169000.0,369065000.0,351613000.0,354569000.0,250798000.0,235276000.0,99126000.0,122797000.0
20250514,-108210.0,57602610.0,56087120.0,51079390.0,52486680.0,31547910.0,32841490.0,12644450.0,11459080.0,182094000.0,177318000.0,161481000.0,165912000.0,99736000.0,103807000.0,39938000.0,36213000.0
20250515,-2585610.0,41106720.0,37297350.0,45007790.0,46231550.0,36599670.0,38630960.0,15305600.0,15859920.0,130056000.0,117927000.0,142298000.0,146168000.0,115691000.0,122122000.0,48343000.0,50171000.0
20250516,2066490.0,36156570.0,36164200.0,33250880.0,35309730.0,22633250.0,21897760.0,7866120.0,6535120.0,115308000.0,115362000.0,106004000.0,112553000.0,72162000.0,69804000.0,25119000.0,20874000.0
20250519,450050.0,28034310.0,28258350.0,28242220.0,28468240.0,21765260.0,20607930.0,5544300.0,6251580.0,89216000.0,89941000.0,89880000.0,90599000.0,69261000.0,65574000.0,17647000.0,19889000.0
20250520,666930.0,34265480.0,34329240.0,32971850.0,33575020.0,19595980.0,21124450.0,8418390.0,6222990.0,109194000.0,109401000.0,105059000.0,106961000.0,62440000.0,67298000.0,26790000.0,19823000.0
20250521,-2053800.0,45983130.0,45927000.0,46893620.0,44895950.0,28751980.0,31560240.0,9840590.0,9086130.0,144765000.0,144573000.0,147649000.0,141340000.0,90511000.0,99372000.0,30988000.0,28627000.0
20250522,1327650.0,32827890.0,33277050.0,31098080.0,31976560.0,19651760.0,16585560.0,4255160.0,5993710.0,104271000.0,105699000.0,98741000.0,101550000.0,62376000.0,52625000.0,13513000.0,19027000.0
20250523,-1805890.0,31088940.0,27145260.0,25809690.0,27947480.0,15718260.0,17376650.0,5134480.0,5281980.0,99522000.0,86921000.0,82612000.0,89449000.0,50308000.0,55618000.0,16444000.0,16898000.0
20250526,-4003100.0,26223360.0,22430860.0,21475730.0,21265130.0,15110510.0,16920110.0,2792980.0,4986480.0,84547000.0,72326000.0,69231000.0,68559000.0,48708000.0,54537000.0,9011000.0,16074000.0
20250527,-209990.0,21954030.0,22656320.0,19160570.0,18248300.0,11350950.0,11099310.0,2706350.0,3167980.0,71168000.0,73448000.0,62108000.0,59149000.0,36793000.0,35974000.0,8768000.0,10266000.0
20250528,-926470.0,24478710.0,23587840.0,18870010.0,18834400.0,12452170.0,12780070.0,3319880.0,3918450.0,79766000.0,76860000.0,61478000.0,61361000.0,40575000.0,41636000.0,10812000.0,12774000.0
20250529,-2470120.0,26196280.0,23432860.0,19797200.0,20090490.0,11321310.0,12468360.0,2349270.0,3672340.0,85289000.0,76294000.0,64453000.0,65406000.0,36855000.0,40588000.0,7649000.0,11957000.0
20250530,2989720.0,31862310.0,35627500.0,26286450.0,25510990.0,16341480.0,13284120.0,5582600.0,5650240.0,103795000.0,116068000.0,85634000.0,83094000.0,53227000.0,43256000.0,18178000.0,18416000.0
20250603,1491030.0,24853300.0,24203840.0,25988440.0,28128940.0,13574570.0,13568100.0,5891080.0,4406520.0,80686000.0,78575000.0,84368000.0,91319000.0,44075000.0,44050000.0,19127000.0,14312000.0
20250604,-102400.0,24070930.0,23955190.0,21387300.0,21400630.0,12969660.0,13937710.0,4489830.0,3624180.0,77940000.0,77568000.0,69249000.0,69294000.0,42003000.0,45147000.0,14563000.0,11745000.0
20250605,63410.0,28330970.0,28006800.0,25509460.0,25897040.0,15077560.0,15546780.0,7669190.0,7136560.0,92329000.0,91280000.0,83140000.0,84390000.0,49140000.0,50659000.0,24985000.0,23265000.0
20250606,-1165010.0,24221230.0,22418760.0,20942710.0,21580160.0,12440550.0,11720760.0,3390250.0,5275050.0,78788000.0,72928000.0,68103000.0,70183000.0,40461000.0,38112000.0,11031000.0,17160000.0
20250609,706290.0,28769090.0,29044590.0,30206100.0,30636900.0,18866750.0,17792640.0,4342460.0,4710280.0,93037000.0,93935000.0,97700000.0,99084000.0,61021000.0,57547000.0,14044000.0,15237000.0
20250610,-3201830.0,42438280.0,40997230.0,36332740.0,34571970.0,21048810.0,22496180.0,8496160.0,10250620.0,139185000.0,134413000.0,119128000.0,113343000.0,68983000.0,73762000.0,27900000.0,33678000.0
20250611,-288340.0,32969920.0,31121270.0,26478380.0,28038690.0,15291280.0,15352900.0,4130000.0,4356720.0,107724000.0,101683000.0,86521000.0,91627000.0,49973000.0,50167000.0,13498000.0,14240000.0
20250612,-2307970.0,23186020.0,21688150.0,16973060.0,16162960.0,11538440.0,10265930.0,1812900.0,5393380.0,76164000.0,71247000.0,55758000.0,53092000.0,37900000.0,33716000.0,5952000.0,17719000.0
20250613,-3001870.0,41554670.0,41287050.0,33830260.0,31096020.0,17441000.0,19258120.0,3081320.0,4266070.0,135062000.0,134209000.0,109966000.0,101077000.0,56707000.0,62600000.0,10014000.0,13862000.0
20250616,-192730.0,32555890.0,32955920.0,28573940.0,27981180.0,16838040.0,17248570.0,4746180.0,4528380.0,105343000.0,106623000.0,92476000.0,90550000.0,54480000.0,55827000.0,15361000.0,14659000.0
20250617,-989980.0,26937930.0,25899390.0,23089310.0,23137870.0,14721900.0,14946060.0,3274990.0,4040810.0,86990000.0,83648000.0,74558000.0,74719000.0,47546000.0,48271000.0,10581000.0,13037000.0
20250618,2685490.0,37251760.0,38978490.0,38989270.0,39948030.0,26525350.0,26385740.0,11824650.0,9278770.0,119212000.0,124745000.0,124788000.0,127857000.0,84894000.0,84441000.0,37807000.0,29656000.0
20250619,2389320.0,41558730.0,42568020.0,35777110.0,37157130.0,23733940.0,22161300.0,11033060.0,10216380.0,135126000.0,138393000.0,116307000.0,120779000.0,77134000.0,72009000.0,35809000.0,33195000.0
20250620,-1158950.0,29253880.0,28092080.0,27308640.0,27311500.0,15181170.0,15879540.0,3942550.0,4403130.0,94701000.0,90929000.0,88416000.0,88410000.0,49148000.0,51419000.0,12761000.0,14269000.0
20250623,-1827920.0,35691340.0,33177070.0,28878470.0,29564830.0,20449170.0,20420920.0,5244890.0,7101060.0,115614000.0,107490000.0,93570000.0,95774000.0,66169000.0,66101000.0,17035000.0,23023000.0
20250624,-2468560.0,35875530.0,34343880.0,32840850.0,31903940.0,21908800.0,19731490.0,4832580.0,9478450.0,116042000.0,111101000.0,106240000.0,103217000.0,70880000.0,63828000.0,15630000.0,30646000.0
20250625,4759620.0,53190610.0,53664500.0,50373270.0,54659010.0,34011130.0,33498650.0,14687160.0,10440020.0,169606000.0,171113000.0,160632000.0,174296000.0,108465000.0,106827000.0,46820000.0,33288000.0
20250626,9124500.0,77468640.0,80991830.0,71917770.0,77519070.0,55980550.0,48213440.0,19345350.0,17987960.0,241897000.0,252843000.0,224709000.0,242184000.0,174852000.0,150555000.0,60327000.0,56202000.0
20250627,-3980440.0,47018780.0,43530040.0,42901890.0,42410200.0,28573870.0,27375110.0,10289550.0,15468750.0,147742000.0,136793000.0,134835000.0,133267000.0,89804000.0,86024000.0,32314000.0,48611000.0
20250630,3398220.0,72000460.0,71791610.0,63130220.0,66737300.0,42901490.0,42606040.0,19311310.0,16208540.0,221599000.0,220983000.0,194327000.0,205442000.0,132096000.0,131148000.0,59445000.0,49894000.0
20250701,-646190.0,95232820.0,96476820.0,91719950.0,89829760.0,60904280.0,58608030.0,17853800.0,20796240.0,288037000.0,291821000.0,277458000.0,271788000.0,184191000.0,177199000.0,53960000.0,62839000.0
20250702,5289270.0,87344060.0,89600070.0,79142580.0,82175850.0,53086450.0,53429900.0,28194720.0,22562000.0,262776000.0,269530000.0,237966000.0,247096000.0,159666000.0,160602000.0,84777000.0,67957000.0
20250703,-3539160.0,70841660.0,67077730.0,60501190.0,60725970.0,36601580.0,35652680.0,12357630.0,16845690.0,214350000.0,202965000.0,183022000.0,183649000.0,110750000.0,107844000.0,37351000.0,51015000.0
20250704,-1697990.0,56672160.0,54552410.0,47616460.0,48038210.0,30205660.0,30457450.0,12389210.0,13835410.0,172109000.0,165658000.0,144585000.0,145874000.0,91784000.0,92516000.0,37670000.0,42100000.0
20250707,-568960.0,74524930.0,74505870.0,67589440.0,67039550.0,45064950.0,46470210.0,18120200.0,17283900.0,224030000.0,224110000.0,203156000.0,201567000.0,135533000.0,139679000.0,54528000.0,51891000.0
20250708,-4590.0,52799590.0,51506450.0,46754150.0,48042700.0,32358400.0,33035420.0,11949080.0,11276650.0,160665000.0,156751000.0,142272000.0,146184000.0,98461000.0,100498000.0,36367000.0,34331000.0
20250709,2477650.0,52076590.0,53090670.0,42227080.0,43690640.0,31479740.0,28859020.0,12225770.0,12368840.0,159099000.0,162166000.0,128983000.0,133438000.0,96143000.0,88179000.0,37379000.0,37821000.0
20250710,1740990.0,43713380.0,41677680.0,38243560.0,42020270.0,24545370.0,22839380.0,7983440.0,7948440.0,134735000.0,128460000.0,117889000.0,129521000.0,75659000.0,70407000.0,24618000.0,24514000.0
20250711,-25816710.0,221896900.0,207126880.0,208951300.0,197904610.0,143001600.0,139859550.0,41352940.0,70311700.0,641612000.0,599526000.0,604995000.0,573300000.0,414611000.0,405055000.0,120593000.0,203929000.0
20250714,1226290.0,111143540.0,110000960.0,90499980.0,92868850.0,53655950.0,51836780.0,24887620.0,25480500.0,327066000.0,323753000.0,266185000.0,273153000.0,157771000.0,152348000.0,73054000.0,74823000.0
20250715,7421110.0,68289140.0,72371660.0,56593620.0,59932200.0,35572110.0,32380320.0,11659970.0,7430650.0,201333000.0,213347000.0,166789000.0,176632000.0,104836000.0,95411000.0,34292000.0,21860000.0
20250716,-851440.0,43697190.0,42981510.0,36196180.0,36060420.0,20659970.0,20502630.0,11259020.0,12267800.0,129093000.0,126997000.0,106892000.0,106496000.0,61020000.0,60556000.0,33274000.0,36231000.0
20250717,6051450.0,53902150.0,55039950.0,48406720.0,53320360.0,30884330.0,26333760.0,13638970.0,12138090.0,159748000.0,163093000.0,143412000.0,157971000.0,91488000.0,78017000.0,40409000.0,35975000.0
20250718,-498280.0,50851570.0,50810650.0,45251540.0,44794190.0,29142930.0,30336150.0,13776370.0,13081430.0,149480000.0,149370000.0,133021000.0,131682000.0,85679000.0,89169000.0,40493000.0,38450000.0
20250721,6749640.0,98049040.0,103982370.0,97121640.0,97937960.0,68711900.0,61205310.0,25911090.0,26668040.0,282272000.0,299402000.0,279543000.0,281981000.0,197793000.0,176145000.0,74564000.0,76642000.0
20250722,160850.0,68259850.0,66858650.0,57697550.0,59259620.0,41476420.0,42987770.0,21071100.0,19398900.0,196968000.0,192935000.0,166489000.0,170987000.0,119673000.0,124007000.0,60813000.0,56014000.0
20250723,-1431680.0,60005480.0,55918680.0,52939380.0,55594500.0,43742240.0,44763190.0,18447740.0,18858470.0,173031000.0,161240000.0,152634000.0,160283000.0,126139000.0,129075000.0,53198000.0,54404000.0
20250724,-2182030.0,56931450.0,56317490.0,54689550.0,53121480.0,34676260.0,34456300.0,13587680.0,15989670.0,163718000.0,161949000.0,157259000.0,152764000.0,99738000.0,99112000.0,39096000.0,45987000.0
20250725,9942020.0,71329440.0,78324680.0,68421420.0,71368200.0,50819490.0,44620930.0,19576360.0,15832900.0,203755000.0,223754000.0,195445000.0,203891000.0,145274000.0,127527000.0,56001000.0,45302000.0
20250728,5534100.0,60059750.0,63870730.0,53443670.0,55166790.0,42241050.0,38517830.0,14042870.0,12231990.0,172053000.0,182948000.0,153086000.0,158001000.0,120980000.0,110331000.0,40226000.0,35065000.0
20250729,1902250.0,48791560.0,48477760.0,42156260.0,44372330.0,29393000.0,28231260.0,12457330.0,11716820.0,139512000.0,138620000.0,120545000.0,126883000.0,84040000.0,80716000.0,35614000.0,33491000.0
20250730,1008640.0,60366770.0,61057610.0,58166470.0,58484280.0,41690290.0,38641150.0,14694890.0,16735390.0,172443000.0,174396000.0,166191000.0,167064000.0,119081000.0,110358000.0,42004000.0,47900000.0
20250731,7129190.0,60565500.0,63698940.0,59669340.0,63665090.0,41496190.0,41015460.0,26569090.0,19920630.0,175911000.0,184978000.0,173225000.0,184813000.0,120488000.0,119100000.0,77118000.0,57852000.0
20250801,-2136860.0,53792700.0,53214050.0,48614190.0,47055970.0,29593760.0,26997230.0,8527950.0,13261340.0,158235000.0,156559000.0,142972000.0,138379000.0,87053000.0,79392000.0,25124000.0,39054000.0
20250804,-4336070.0,45728830.0,41093610.0,46589690.0,46888840.0,29337670.0,33173860.0,9302940.0,9802820.0,134747000.0,121090000.0,137286000.0,138174000.0,86456000.0,97735000.0,27412000.0,28902000.0
20250805,-9316960.0,123046750.0,115816370.0,115606150.0,113519570.0,70262550.0,75758730.0,27012240.0,30833020.0,352849000.0,332150000.0,331509000.0,325531000.0,201465000.0,217172000.0,77291000.0,88262000.0
20250806,-10823440.0,255070790.0,248757760.0,270618100.0,266107690.0,187793930.0,205614200.0,132192310.0,125195480.0,676165000.0,659371000.0,717497000.0,705508000.0,498034000.0,544619000.0,349354000.0,331552000.0
20250807,-44609830.0,322513410.0,291060350.0,317754270.0,304597490.0,207589570.0,220437850.0,96061620.0,127823170.0,827524000.0,747282000.0,814563000.0,781618000.0,532029000.0,564858000.0,245802000.0,326160000.0
20250808,-6421120.0,189859280.0,188824340.0,206508320.0,201122140.0,131800370.0,139495800.0,71665050.0,70390740.0,484334000.0,481723000.0,526907000.0,513112000.0,336316000.0,355875000.0,182692000.0,179538000.0
20250811,-13160460.0,207196460.0,197592280.0,184564360.0,181008090.0,112366500.0,122400020.0,60822680.0,63949620.0,544269000.0,519126000.0,484571000.0,475346000.0,294821000.0,321288000.0,159627000.0,167528000.0
20250812,-23926970.0,206156800.0,191002720.0,189208500.0,180435600.0,143441450.0,141077240.0,67560440.0,93851620.0,538940000.0,499220000.0,494527000.0,471488000.0,374493000.0,368561000.0,175968000.0,244658000.0
20250819,-52931340.0,343685620.0,299229030.0,330987050.0,322512310.0,205509460.0,239212400.0,95723290.0,114951690.0,873407000.0,760662000.0,838598000.0,818492000.0,520127000.0,605859000.0,242196000.0,289314000.0
20250820,-23013260.0,200513000.0,179958170.0,188399810.0,185941380.0,127196130.0,139046890.0,48733710.0,59896210.0,542877000.0,487238000.0,510131000.0,503442000.0,344464000.0,376559000.0,132071000.0,162304000.0
20250821,-6591860.0,127392220.0,122500340.0,120348400.0,118648420.0,80806540.0,85331000.0,22486910.0,24554310.0,346151000.0,332900000.0,326900000.0,322311000.0,219448000.0,231700000.0,61113000.0,66700000.0
20250822,-12054190.0,139702610.0,128013340.0,132258970.0,131894060.0,92701080.0,98415240.0,36478540.0,42818570.0,381289000.0,349360000.0,360928000.0,359824000.0,253018000.0,268555000.0,99384000.0,116880000.0
20250825,-17790310.0,168257810.0,156691090.0,160383960.0,154160370.0,117457130.0,139175500.0,54077300.0,50149240.0,448220000.0,417393000.0,427391000.0,410768000.0,313017000.0,370955000.0,144141000.0,133654000.0
20250826,-23510740.0,126147980.0,111955740.0,119700910.0,110382400.0,85997690.0,103376480.0,48664310.0,54796260.0,340871000.0,302544000.0,323425000.0,298263000.0,232397000.0,279278000.0,131596000.0,148203000.0
20250827,3303910.0,125749870.0,121861310.0,117537410.0,124729880.0,77194100.0,82789280.0,42390800.0,33491710.0,340821000.0,330229000.0,318459000.0,337882000.0,209097000.0,224272000.0,114813000.0,90806000.0
20250828,-6101550.0,128208200.0,120458320.0,106532350.0,108180690.0,65273620.0,66660080.0,27145030.0,31860120.0,352419000.0,331146000.0,292829000.0,297380000.0,179446000.0,183287000.0,74716000.0,87597000.0
20250829,-5765210.0,138936160.0,137343060.0,146844580.0,142672470.0,100127580.0,99817270.0,45386100.0,51461620.0,373349000.0,369088000.0,394650000.0,383458000.0,269040000.0,268164000.0,121820000.0,138147000.0
20250901,5199530.0,199449100.0,202875340.0,201189590.0,202962880.0,138620900.0,145850190.0,86539810.0,74110990.0,523322000.0,532374000.0,528274000.0,533065000.0,363945000.0,382990000.0,227048000.0,194161000.0
20250902,6436300.0,129027390.0,133318130.0,135518420.0,137663970.0,92970810.0,85504440.0,38110940.0,39141010.0,336183000.0,347446000.0,353069000.0,358697000.0,242264000.0,222771000.0,99424000.0,102026000.0
20250903,11856270.0,135836640.0,139390250.0,138414820.0,146717480.0,122919210.0,113021070.0,47661230.0,45703100.0,358040000.0,367302000.0,364400000.0,386272000.0,323376000.0,297489000.0,125730000.0,120482000.0
20250904,40154130.0,157586050.0,167311020.0,166830920.0,197260080.0,146949900.0,147633480.0,103073840.0,62236130.0,411948000.0,437223000.0,436084000.0,515521000.0,384010000.0,385793000.0,268965000.0,162469000.0
20250905,20681950.0,175899320.0,181768590.0,185513660.0,200326340.0,160457970.0,160915030.0,83847630.0,62708620.0,450315000.0,465343000.0,475249000.0,513023000.0,411173000.0,412523000.0,214394000.0,160242000.0
20250908,-626990.0,131777200.0,125545240.0,127286630.0,132891600.0,89609530.0,89228220.0,45709310.0,46717610.0,342033000.0,325948000.0,330353000.0,344891000.0,232540000.0,231445000.0,118586000.0,121228000.0
20250909,-4002340.0,92397720.0,87239250.0,84397530.0,85553660.0,54600200.0,51862050.0,20565190.0,27305680.0,242876000.0,229348000.0,221791000.0,224834000.0,143533000.0,136277000.0,54053000.0,71796000.0
20250910,-4149810.0,93063280.0,89460950.0,82331250.0,81783770.0,54956010.0,53426450.0,18228630.0,23908000.0,246706000.0,237103000.0,218251000.0,216783000.0,145711000.0,141597000.0,48290000.0,63475000.0
20250911,-11663570.0,90714400.0,82517660.0,86747770.0,83280940.0,51195150.0,60267310.0,24912650.0,27504060.0,241068000.0,219258000.0,230464000.0,221247000.0,136020000.0,160113000.0,66180000.0,73114000.0
20250912,-196540.0,83908290.0,84531190.0,83438940.0,82619500.0,54209810.0,53794430.0,21260950.0,21872870.0,219804000.0,221438000.0,218566000.0,216387000.0,141941000.0,140846000.0,55735000.0,57375000.0
20250915,3808740.0,106392220.0,107777750.0,107338770.0,109761980.0,72361700.0,69208700.0,33407580.0,32751840.0,278900000.0,282465000.0,281402000.0,287875000.0,189724000.0,181522000.0,87603000.0,85768000.0
20250916,-12014500.0,214309360.0,204290420.0,174965620.0,172970060.0,104559660.0,114672520.0,47116240.0,49017880.0,574464000.0,547674000.0,468935000.0,463555000.0,280060000.0,307072000.0,126255000.0,131413000.0
20250917,-11460620.0,187399100.0,167543070.0,157211380.0,165606800.0,92422600.0,103920710.0,54870290.0,54832800.0,516905000.0,462191000.0,433528000.0,456755000.0,254819000.0,286442000.0,151336000.0,151200000.0
20250918,-34643590.0,213829700.0,188347860.0,183441530.0,174279790.0,129092790.0,139177320.0,53377470.0,77936530.0,598629000.0,527546000.0,513040000.0,487700000.0,360873000.0,388955000.0,149275000.0,217617000.0
20250919,-5754490.0,89872730.0,83361800.0,79312590.0,80069020.0,49129840.0,52217540.0,19987460.0,22654250.0,254825000.0,236374000.0,224854000.0,226990000.0,139299000.0,148046000.0,56714000.0,64281000.0
20250922,-4253230.0,130553250.0,127036990.0,119133060.0,118396080.0,77422820.0,75393340.0,22214240.0,28496950.0,371660000.0,361601000.0,339198000.0,337221000.0,220380000.0,214672000.0,63336000.0,81080000.0
20250923,-8829070.0,98152750.0,91312310.0,88469000.0,86480370.0,55485720.0,60571120.0,19935900.0,23679570.0,279149000.0,259743000.0,251484000.0,245809000.0,157669000.0,172112000.0,56606000.0,67243000.0
20250924,-1272150.0,64193770.0,61278010.0,60218830.0,61862450.0,44768660.0,45408360.0,25458540.0,26090990.0,182757000.0,174438000.0,171453000.0,176120000.0,127462000.0,129265000.0,72447000.0,74296000.0
20250925,-5446660.0,74285630.0,69858830.0,69977090.0,68957230.0,42411450.0,46647810.0,22066210.0,23276510.0,212810000.0,200141000.0,200455000.0,197526000.0,121500000.0,133633000.0,63233000.0,66700000.0
20250926,-2959290.0,77310440.0,75051300.0,71968570.0,71268430.0,44670800.0,43022620.0,15904860.0,20512330.0,220343000.0,213875000.0,205112000.0,203079000.0,127324000.0,122636000.0,45340000.0,58530000.0
20250929,-16510010.0,98404010.0,87126170.0,94540330.0,89308160.0,70067750.0,74114270.0,29080000.0,41543490.0,283332000.0,250918000.0,272175000.0,257155000.0,201748000.0,213341000.0,83899000.0,119739000.0
20250930,-20674130.0,101105010.0,83506230.0,95667760.0,92592410.0,69326600.0,74837250.0,33404140.0,48567620.0,292212000.0,241356000.0,276468000.0,267588000.0,200347000.0,216282000.0,96562000.0,140363000.0
20251009,-21492670.0,133787320.0,119818740.0,118364360.0,110840260.0,76292430.0,82919150.0,30026310.0,44892260.0,384711000.0,344491000.0,340453000.0,318880000.0,219606000.0,238609000.0,86397000.0,129186000.0
20251010,12635200.0,105749700.0,112456570.0,96275190.0,102203530.0,65362590.0,63488280.0,34701760.0,23940870.0,301946000.0,321096000.0,274779000.0,291667000.0,186496000.0,181174000.0,99008000.0,68292000.0
20251013,-3091690.0,99655020.0,95641370.0,94857740.0,95779700.0,65098430.0,58679440.0,18548300.0,28058980.0,289551000.0,277729000.0,275774000.0,278419000.0,189245000.0,170717000.0,54010000.0,81715000.0
20251014,4270700.0,153984240.0,155012110.0,135395130.0,138637960.0,88265310.0,90798860.0,36847270.0,30043020.0,435766000.0,438698000.0,383116000.0,392269000.0,249672000.0,256827000.0,104285000.0,85046000.0
20251015,-2659850.0,101942960.0,104880400.0,94256980.0,88659680.0,55317470.0,52952000.0,21899210.0,26924530.0,290743000.0,299139000.0,268693000.0,252807000.0,157760000.0,151003000.0,62461000.0,76708000.0
20251016,-3855410.0,87205720.0,81669580.0,80142760.0,81823480.0,51348420.0,51603740.0,16433140.0,20033230.0,246602000.0,230938000.0,226584000.0,231357000.0,145189000.0,145894000.0,46460000.0,56645000.0
20251017,-3304460.0,98700090.0,92455710.0,93623220.0,96563130.0,62716090.0,65717370.0,22668410.0,22971590.0,280859000.0,262933000.0,266162000.0,274570000.0,178274000.0,186797000.0,64282000.0,65277000.0
20251020,-7336110.0,72456950.0,64436300.0,62933220.0,63617770.0,46318140.0,39577150.0,11678100.0,25755200.0,207077000.0,184151000.0,179847000.0,181782000.0,132370000.0,113068000.0,33379000.0,73673000.0
20251021,-7907900.0,210570690.0,203549450.0,177940320.0,177053660.0,105164960.0,115845610.0,47363240.0,44590490.0,582429000.0,563144000.0,492422000.0,489990000.0,291445000.0,320840000.0,131138000.0,123460000.0
20251022,-56550.0,109383980.0,108542080.0,88812070.0,89597430.0,55911710.0,52565080.0,22123170.0,25526350.0,305726000.0,303395000.0,248133000.0,250323000.0,156188000.0,146818000.0,61834000.0,71346000.0
20251023,-1638610.0,78174940.0,74498820.0,58400070.0,60437580.0,38017280.0,37198480.0,11719560.0,14176970.0,221690000.0,211271000.0,165573000.0,171371000.0,107759000.0,105420000.0,33267000.0,40227000.0
20251024,-679190.0,84469350.0,85953930.0,80748060.0,78584300.0,52314540.0,50638160.0,22240820.0,24596390.0,235736000.0,239895000.0,225412000.0,219344000.0,146021000.0,141319000.0,62102000.0,68713000.0
20251027,-15589150.0,173911750.0,165657360.0,159802460.0,152467710.0,99724180.0,107923470.0,34294140.0,41684000.0,474938000.0,452474000.0,436463000.0,416506000.0,272524000.0,294843000.0,93862000.0,113964000.0
20251028,-6037680.0,110076620.0,105836510.0,111182630.0,109385060.0,75455760.0,79226170.0,31619930.0,33887200.0,301156000.0,289515000.0,304123000.0,299173000.0,206408000.0,216715000.0,86461000.0,92744000.0
20251029,-12182950.0,86006920.0,81862410.0,98590940.0,90552510.0,72765410.0,71260810.0,33402930.0,47090480.0,235089000.0,223764000.0,269494000.0,247515000.0,198938000.0,194805000.0,91312000.0,128750000.0
20251030,-9125180.0,111640890.0,110611370.0,104301060.0,96205400.0,67075780.0,67088410.0,26007390.0,35119940.0,307462000.0,304598000.0,287130000.0,264893000.0,184689000.0,184681000.0,71551000.0,96661000.0
20251031,1560670.0,110602160.0,112214070.0,96024350.0,95973110.0,62011540.0,63650410.0,31840540.0,28641000.0,305664000.0,310119000.0,265139000.0,264968000.0,171106000.0,175661000.0,87893000.0,79055000.0
20251103,3332840.0,98709460.0,99167870.0,86755930.0,89630350.0,53770120.0,57498780.0,35832600.0,28771100.0,272886000.0,274217000.0,239827000.0,247826000.0,148692000.0,159011000.0,99169000.0,79519000.0
20251104,6195180.0,87058020.0,92294040.0,80203690.0,81162840.0,58286600.0,52274540.0,26073880.0,25890760.0,240978000.0,255475000.0,221892000.0,224554000.0,161240000.0,144581000.0,72125000.0,71624000.0
20251105,-5557940.0,81345090.0,79312240.0,72627420.0,69102320.0,44964720.0,45155130.0,14270580.0,19638110.0,225939000.0,220269000.0,201628000.0,191842000.0,124807000.0,125368000.0,39578000.0,54473000.0
20251106,1890570.0,74500860.0,74735520.0,70710280.0,72366200.0,51140750.0,50424200.0,20560160.0,19386140.0,206907000.0,207593000.0,196337000.0,200952000.0,141995000.0,139974000.0,57044000.0,53764000.0
20251107,2556490.0,159235320.0,159095040.0,151447450.0,154144230.0,112614820.0,114435540.0,43224950.0,38847740.0,439245000.0,438669000.0,417322000.0,424757000.0,310221000.0,315394000.0,119215000.0,107183000.0
20251110,-11761140.0,124874590.0,113920530.0,105210950.0,104403860.0,71415100.0,75920870.0,28661430.0,35916800.0,354658000.0,323662000.0,298747000.0,296509000.0,202786000.0,215479000.0,81393000.0,101933000.0
20251111,-4885010.0,98750180.0,92372530.0,82170290.0,83662930.0,51395800.0,52389450.0,15943590.0,19834950.0,281794000.0,263559000.0,234311000.0,238535000.0,146486000.0,149400000.0,45506000.0,56602000.0
20251112,-7720130.0,78310130.0,74287300.0,66478110.0,62780810.0,42530030.0,40009680.0,16106830.0,26347310.0,226978000.0,215331000.0,192673000.0,181932000.0,123220000.0,115885000.0,46688000.0,76410000.0
20251113,-3029620.0,55455850.0,53789850.0,53589800.0,52226180.0,33061330.0,34079350.0,17598740.0,19610340.0,160673000.0,155853000.0,155265000.0,151315000.0,95788000.0,98728000.0,50976000.0,56805000.0
20251114,-741520.0,47088920.0,46430570.0,39743750.0,39660580.0,25862950.0,23809500.0,10314080.0,13109050.0,136737000.0,134818000.0,115391000.0,115141000.0,75094000.0,69129000.0,29929000.0,38063000.0
20251117,1795780.0,94282180.0,96238720.0,90477270.0,90316500.0,62399860.0,64740490.0,27355940.0,23219530.0,270349000.0,275980000.0,259335000.0,258871000.0,178762000.0,185434000.0,78327000.0,66487000.0
20251118,-7315200.0,81488430.0,73550760.0,59732390.0,60354860.0,35677660.0,40604860.0,13582130.0,15970130.0,238827000.0,215560000.0,175031000.0,176821000.0,104532000.0,118931000.0,39736000.0,46815000.0
20251119,1911700.0,138213740.0,140755860.0,132926130.0,132295700.0,81966740.0,84168120.0,30402400.0,26289320.0,398556000.0,405796000.0,383386000.0,381601000.0,236382000.0,242840000.0,87816000.0,75902000.0
20251120,-3054240.0,74721130.0,68285000.0,66862490.0,70244380.0,47196180.0,48088720.0,13961500.0,16123200.0,216058000.0,197479000.0,193365000.0,203125000.0,136484000.0,139068000.0,40385000.0,46621000.0
20251121,-11848110.0,102717160.0,98577590.0,103055640.0,95347090.0,60031640.0,63444360.0,23539380.0,31974770.0,298830000.0,286719000.0,299633000.0,277197000.0,174488000.0,184419000.0,68328000.0,92943000.0
20251124,-9097020.0,181216070.0,172434480.0,165799000.0,165483580.0,111127810.0,112982090.0,44144610.0,51387350.0,514132000.0,489187000.0,470740000.0,469744000.0,315574000.0,320915000.0,125173000.0,145773000.0
20251125,1632390.0,120258730.0,122887180.0,113444300.0,112448240.0,79904490.0,79916650.0,34416460.0,32771910.0,343497000.0,351040000.0,323977000.0,321138000.0,228201000.0,228188000.0,98209000.0,93518000.0
20251126,1005110.0,101433570.0,103416290.0,86403310.0,85425710.0,53818320.0,57538610.0,26474650.0,21749250.0,295628000.0,301489000.0,251822000.0,248971000.0,156883000.0,167687000.0,77228000.0,63414000.0
20251127,-1202310.0,48306620.0,46877580.0,44945520.0,45172250.0,30396950.0,35247230.0,17453470.0,13805500.0,141275000.0,137107000.0,131440000.0,132101000.0,88902000.0,103078000.0,51056000.0,40387000.0
20251128,3664830.0,51460230.0,53523900.0,53513160.0,55114330.0,38003930.0,36166480.0,17970920.0,16143540.0,150109000.0,156101000.0,156027000.0,160711000.0,110787000.0,105463000.0,52350000.0,46998000.0
20251201,-531920.0,55613330.0,49683920.0,44486170.0,49883660.0,33018810.0,31069840.0,15722840.0,18203730.0,162156000.0,144880000.0,129735000.0,145455000.0,96289000.0,90594000.0,45886000.0,53137000.0
20251202,408840.0,62372670.0,60882850.0,60008320.0,61906980.0,44138690.0,40790540.0,12787190.0,15726500.0,181070000.0,176736000.0,174201000.0,179710000.0,128102000.0,118376000.0,37091000.0,45641000.0
20251203,-5039280.0,74490250.0,70105140.0,63438160.0,62783970.0,43038170.0,44727640.0,20321080.0,23670890.0,219141000.0,206225000.0,186592000.0,184655000.0,126556000.0,131534000.0,59782000.0,69657000.0
20251204,-6379270.0,64963230.0,58619570.0,56084890.0,56049290.0,35221840.0,37975350.0,10596220.0,14221980.0,193749000.0,174847000.0,167302000.0,167203000.0,105097000.0,113315000.0,31631000.0,42415000.0
20251205,-5271350.0,47665390.0,44220650.0,46267810.0,44441200.0,32463860.0,33777420.0,7650900.0,11608690.0,141462000.0,131235000.0,137300000.0,131882000.0,96293000.0,100196000.0,22684000.0,34425000.0
20251208,-3722740.0,61160000.0,57352080.0,54007440.0,54092620.0,37291950.0,34983330.0,8343780.0,14375140.0,179904000.0,168721000.0,158803000.0,159064000.0,109674000.0,102856000.0,24516000.0,42255000.0
20251209,17293860.0,157948730.0,163848620.0,147964350.0,159358320.0,123099120.0,116469120.0,55395370.0,44731510.0,452007000.0,468900000.0,423177000.0,455807000.0,351984000.0,333037000.0,158462000.0,127887000.0
20251210,7022030.0,71374410.0,70588710.0,58484860.0,66292590.0,42446590.0,39749740.0,13854260.0,9529080.0,206463000.0,204218000.0,169178000.0,191766000.0,122801000.0,114994000.0,40125000.0,27588000.0
20251211,-1404930.0,62412190.0,60494280.0,58494840.0,59007830.0,32494330.0,30400230.0,9428490.0,12927520.0,181882000.0,176294000.0,170428000.0,171902000.0,94680000.0,88569000.0,27437000.0,37663000.0
20251212,-1778020.0,67754320.0,66781810.0,60165500.0,59359980.0,39766210.0,38668360.0,7238280.0,10114150.0,197509000.0,194679000.0,175411000.0,173068000.0,115955000.0,112743000.0,21100000.0,29485000.0
20251215,294690.0,61772900.0,57352560.0,48060850.0,52775870.0,29607960.0,30683850.0,8093310.0,6722730.0,181878000.0,168888000.0,141486000.0,155350000.0,87156000.0,90322000.0,23855000.0,19815000.0
20251216,3016890.0,96553420.0,95368570.0,69610340.0,73812090.0,43717010.0,44424480.0,16569340.0,12844980.0,292376000.0,288779000.0,210722000.0,223416000.0,132415000.0,134441000.0,50027000.0,38905000.0
20251217,-2285780.0,67706680.0,58892180.0,47834830.0,54363540.0,29258030.0,30395830.0,8260920.0,9408900.0,206967000.0,180048000.0,146265000.0,166221000.0,89433000.0,92865000.0,25247000.0,28778000.0
20251218,-3027110.0,45842050.0,40667860.0,39290870.0,41437950.0,23181700.0,24491580.0,7025440.0,8742670.0,140015000.0,124223000.0,120003000.0,126558000.0,70813000.0,74805000.0,21474000.0,26718000.0
20251219,2247790.0,48862650.0,47178030.0,37075210.0,41007620.0,26861060.0,29692830.0,32985110.0,27905550.0,148627000.0,143407000.0,112793000.0,124659000.0,81735000.0,90240000.0,99539000.0,84387000.0
20251222,-1938220.0,50942460.0,49308680.0,39383310.0,39078870.0,26994860.0,28171710.0,6307720.0,7069090.0,153343000.0,148432000.0,118551000.0,117640000.0,81274000.0,84803000.0,18992000.0,21285000.0
20251223,-4371860.0,55200900.0,49297990.0,44799600.0,46330630.0,29595100.0,34864190.0,10578530.0,9681300.0,166326000.0,148552000.0,134955000.0,139599000.0,89209000.0,105057000.0,31891000.0,29173000.0
20251224,-5636780.0,46634060.0,38587220.0,34656970.0,37067030.0,23690660.0,25154830.0,7228140.0,11400750.0,139953000.0,115813000.0,104012000.0,111243000.0,71106000.0,75499000.0,21693000.0,34209000.0
20251225,-7710090.0,66777210.0,58752790.0,52553790.0,52868130.0,33803800.0,36751900.0,12188780.0,16950770.0,198092000.0,174282000.0,155992000.0,156905000.0,100301000.0,109109000.0,36179000.0,50269000.0
20251226,-7585490.0,57526040.0,51014680.0,53624800.0,52550670.0,31470760.0,31905700.0,8814990.0,15965540.0,170623000.0,151319000.0,159041000.0,155862000.0,93339000.0,94614000.0,26132000.0,47341000.0
20251229,258200.0,48242760.0,46049840.0,38505970.0,40957080.0,25915800.0,21985400.0,4860130.0,8532330.0,143334000.0,136828000.0,114388000.0,121671000.0,76979000.0,65291000.0,14434000.0,25345000.0
20251230,859620.0,51848660.0,48582730.0,41200320.0,45325880.0,25343460.0,24397220.0,7189550.0,7276170.0,155237000.0,145474000.0,123350000.0,135702000.0,75868000.0,73017000.0,21524000.0,21788000.0
20251231,-1155620.0,46472130.0,43425480.0,41524140.0,43415160.0,33705550.0,32083190.0,9006810.0,11784790.0,139443000.0,130309000.0,124599000.0,130254000.0,101172000.0,96296000.0,27024000.0,35379000.0
20260105,-13163370.0,143740230.0,133637680.0,119213910.0,116153100.0,69811210.0,73142530.0,30042940.0,39874990.0,420204000.0,390745000.0,348837000.0,339973000.0,204469000.0,214160000.0,88061000.0,116694000.0
20260106,-18534680.0,140314280.0,122759480.0,106282310.0,105302430.0,65144470.0,67858900.0,27088300.0,42908550.0,402778000.0,352350000.0,305282000.0,302392000.0,187123000.0,194868000.0,77904000.0,123477000.0
20260107,-40160.0,93363760.0,91262670.0,73169110.0,75230030.0,49873650.0,46017880.0,22229520.0,26125450.0,269148000.0,263084000.0,210896000.0,216808000.0,143726000.0,132575000.0,64025000.0,75328000.0
20260108,-4337840.0,197480360.0,196589720.0,171875870.0,168428670.0,111881370.0,119734150.0,57044510.0,53529570.0,553363000.0,551084000.0,481964000.0,472445000.0,313855000.0,335715000.0,159974000.0,149910000.0
20260109,-10283240.0,129938610.0,121734330.0,111734140.0,109655190.0,76532140.0,76059930.0,37649490.0,48404940.0,362581000.0,339662000.0,311633000.0,305898000.0,213410000.0,212153000.0,105039000.0,134951000.0
20260112,4253570.0,115621330.0,120552760.0,109590820.0,108912960.0,75553870.0,76714130.0,48728760.0,43314930.0,320114000.0,333776000.0,303418000.0,301540000.0,209180000.0,212354000.0,134900000.0,119941000.0
20260113,-5002640.0,117676900.0,116383510.0,108630740.0,104921480.0,72192830.0,70502270.0,27760690.0,34453890.0,327798000.0,324252000.0,302593000.0,292261000.0,201093000.0,196351000.0,77252000.0,95873000.0
20260114,-3616480.0,131464950.0,126380960.0,120290800.0,121758300.0,88368080.0,86435410.0,31205620.0,36754770.0,365147000.0,351111000.0,334061000.0,338170000.0,245404000.0,240000000.0,86671000.0,102003000.0
20260115,5294260.0,96949780.0,101076460.0,88240000.0,89407580.0,58942640.0,54174020.0,30781600.0,30255960.0,269567000.0,281082000.0,245406000.0,248645000.0,163942000.0,150642000.0,85670000.0,84216000.0
20260116,8621110.0,100576190.0,113957420.0,92490470.0,87730330.0,52802050.0,46151410.0,24412780.0,22442310.0,282962000.0,320726000.0,260094000.0,246620000.0,148454000.0,129714000.0,68714000.0,63163000.0
20260119,2661370.0,93341310.0,97438510.0,83806120.0,82370270.0,56317420.0,55421040.0,24171610.0,22406620.0,261985000.0,273389000.0,235204000.0,231118000.0,158006000.0,155483000.0,67773000.0,62978000.0
20260120,3625520.0,70532430.0,77200950.0,66439970.0,63396970.0,42162040.0,39162980.0,20549620.0,19923160.0,198179000.0,216956000.0,186649000.0,178072000.0,118381000.0,109985000.0,57720000.0,55914000.0
20260121,16895120.0,104831760.0,118213100.0,91249280.0,94763080.0,62966950.0,51326830.0,24258500.0,19003500.0,295497000.0,333407000.0,257129000.0,267040000.0,177287000.0,144343000.0,68251000.0,53373000.0
20260122,8940960.0,146087580.0,160086020.0,147417610.0,142360140.0,109371210.0,109835520.0,56205840.0,46800570.0,405163000.0,444042000.0,408849000.0,394804000.0,303233000.0,304486000.0,155856000.0,129771000.0
20260123,15799720.0,151819540.0,166455130.0,137150870.0,138314990.0,95433860.0,80450540.0,37248760.0,36432360.0,423400000.0,464502000.0,382174000.0,385520000.0,265693000.0,223752000.0,103947000.0,101439000.0
20260126,13300370.0,113199650.0,125531870.0,115048000.0,116016150.0,79142920.0,64594080.0,41115320.0,42363790.0,318932000.0,353697000.0,323931000.0,326535000.0,222600000.0,181595000.0,115728000.0,119364000.0
20260127,10738450.0,89978630.0,100759590.0,74967930.0,74925420.0,48473860.0,44266920.0,26740940.0,20209430.0,256861000.0,287699000.0,214040000.0,213909000.0,138417000.0,126366000.0,76378000.0,57721000.0
20260128,27059410.0,118227050.0,136016200.0,105116280.0,114386550.0,75159230.0,58889540.0,35020980.0,24231260.0,338272000.0,389262000.0,300411000.0,326849000.0,214552000.0,168039000.0,100137000.0,69222000.0
20260129,9200480.0,124843260.0,127393460.0,107296260.0,113946540.0,72588810.0,66810670.0,37062590.0,33640250.0,364110000.0,371589000.0,312833000.0,332235000.0,211692000.0,194739000.0,107966000.0,98039000.0
20260130,-1440890.0,140884560.0,136839050.0,113802290.0,116406910.0,70816780.0,66855300.0,32079680.0,37482050.0,417450000.0,405612000.0,337041000.0,344837000.0,209721000.0,197870000.0,94861000.0,110754000.0
20260202,11620290.0,129752980.0,137489130.0,104250820.0,108134950.0,76393630.0,65161770.0,28682790.0,28294360.0,385781000.0,408914000.0,309648000.0,321194000.0,226733000.0,192973000.0,85063000.0,84144000.0
20260203,-6881010.0,168850050.0,164880220.0,150693990.0,147782800.0,108785340.0,108574990.0,34515680.0,41607040.0,494013000.0,482697000.0,441463000.0,432990000.0,319066000.0,318159000.0,101114000.0,121811000.0
20260204,-3669760.0,129205590.0,132444030.0,128317400.0,121409210.0,90506970.0,91170910.0,40867110.0,43872930.0,367036000.0,376230000.0,364505000.0,344826000.0,257081000.0,258855000.0,115968000.0,124680000.0
20260205,5220590.0,75420750.0,79880560.0,61696140.0,62456920.0,44503440.0,38329840.0,14588470.0,15541480.0,217184000.0,230084000.0,177667000.0,179862000.0,128179000.0,110368000.0,42045000.0,44762000.0
20260206,7003230.0,86844430.0,90620410.0,70685600.0,73912850.0,46893180.0,43412500.0,13856100.0,10333550.0,254926000.0,266028000.0,207478000.0,216966000.0,137652000.0,127450000.0,40696000.0,30309000.0
20260209,6123930.0,52457310.0,60159980.0,46746780.0,45168050.0,35159030.0,31715460.0,12449400.0,9769040.0,154008000.0,176621000.0,137236000.0,132577000.0,103205000.0,93085000.0,36517000.0,28684000.0
20260210,1337890.0,95563470.0,97446900.0,98765930.0,98220380.0,68840330.0,70028350.0,38904520.0,36378610.0,276893000.0,282262000.0,286403000.0,284776000.0,199667000.0,203105000.0,112811000.0,105631000.0
20260211,5317870.0,94855600.0,98224150.0,96780860.0,98730170.0,65574550.0,70986980.0,43634400.0,32904100.0,270260000.0,279855000.0,275805000.0,281368000.0,186805000.0,202248000.0,124315000.0,93713000.0
20260212,5405990.0,172595030.0,176214450.0,158858810.0,160645370.0,123941500.0,118730300.0,65532210.0,65337420.0,481623000.0,491644000.0,443514000.0,448481000.0,346229000.0,331716000.0,183270000.0,182794000.0
20260213,-6365740.0,165840610.0,158184120.0,148741170.0,150031920.0,100981250.0,104177440.0,43197940.0,46367490.0,455397000.0,434333000.0,408451000.0,411979000.0,277288000.0,286061000.0,118622000.0,127385000.0
20260224,4951340.0,156518160.0,159977170.0,153251310.0,154743640.0,120259870.0,117792120.0,73115540.0,70631950.0,420987000.0,430309000.0,412412000.0,416371000.0,323751000.0,317092000.0,196758000.0,190136000.0
20260225,-14242920.0,194533240.0,187627140.0,178647580.0,171310760.0,129060000.0,131738280.0,71120930.0,82685570.0,513034000.0,494809000.0,471229000.0,451881000.0,340620000.0,347582000.0,187935000.0,218547000.0
20260226,-7139750.0,111867200.0,103003730.0,98152980.0,99876690.0,79601300.0,81788560.0,39660250.0,44612740.0,294587000.0,271268000.0,258464000.0,263032000.0,209653000.0,215378000.0,104456000.0,117483000.0
20260227,-5881480.0,107572420.0,103538170.0,104304430.0,102457190.0,77285360.0,77717370.0,43396240.0,48845710.0,284268000.0,273554000.0,275503000.0,270606000.0,204134000.0,205255000.0,114710000.0,129198000.0
20260302,-9084910.0,146156960.0,146257810.0,155460710.0,146274960.0,97353670.0,104400640.0,51573760.0,53611700.0,384666000.0,384948000.0,409128000.0,384955000.0,256273000.0,274746000.0,135695000.0,141113000.0
20260303,-17629030.0,156126300.0,151258750.0,169827590.0,157066110.0,115426900.0,114995570.0,60464710.0,78525070.0,410041000.0,397053000.0,445909000.0,412408000.0,302900000.0,301846000.0,159216000.0,206760000.0
20260304,-4168120.0,175726380.0,185858000.0,193663570.0,179363830.0,141604980.0,138178080.0,65066080.0,72661100.0,460259000.0,486405000.0,507639000.0,470074000.0,370897000.0,362087000.0,170253000.0,190482000.0
20260305,11778580.0,130618520.0,139451650.0,129045190.0,131990640.0,92806160.0,91450010.0,59445600.0,49023170.0,336439000.0,359226000.0,332314000.0,339908000.0,238897000.0,235409000.0,153093000.0,126200000.0
20260306,-3121450.0,138008720.0,134955320.0,117662570.0,117594510.0,89217800.0,91488420.0,39127950.0,39978780.0,353531000.0,345688000.0,301353000.0,301245000.0,228456000.0,234288000.0,100294000.0,102414000.0
20260309,-9631880.0,166684670.0,153991980.0,138142580.0,141203370.0,94554490.0,93433790.0,62370770.0,73123350.0,441941000.0,408306000.0,365760000.0,373943000.0,250390000.0,247294000.0,165490000.0,194038000.0
20260310,-11124270.0,113776350.0,105650390.0,96889120.0,93890790.0,59027680.0,64706580.0,30351680.0,35797050.0,304793000.0,282978000.0,259416000.0,251290000.0,157961000.0,173163000.0,81138000.0,95877000.0
20260311,-14734830.0,108741760.0,100191910.0,96332610.0,90147620.0,65612520.0,68494510.0,24330970.0,36183810.0,296622000.0,273317000.0,262688000.0,245821000.0,178909000.0,186644000.0,66393000.0,98830000.0
20260312,2904300.0,99804120.0,104349020.0,76942890.0,75302280.0,55266710.0,63269760.0,49705830.0,38798480.0,276500000.0,289079000.0,213040000.0,208496000.0,153026000.0,175140000.0,137623000.0,107473000.0
20260313,-8881800.0,105123580.0,100300330.0,86527710.0,82469150.0,59258510.0,63801650.0,30038910.0,34377570.0,295735000.0,282219000.0,243402000.0,232087000.0,166671000.0,179405000.0,84572000.0,96670000.0
20260316,-1335240.0,108281940.0,104742260.0,82957170.0,85161610.0,58538350.0,65363470.0,33526980.0,28037100.0,309882000.0,299883000.0,237240000.0,243578000.0,167404000.0,186853000.0,95943000.0,80154000.0
20260317,2605730.0,103544260.0,101988070.0,79461470.0,83623390.0,56942390.0,59880500.0,38897100.0,33353260.0,297670000.0,293202000.0,228345000.0,240361000.0,163499000.0,171918000.0,111751000.0,95783000.0
20260318,-38050.0,92183320.0,94287980.0,74523150.0,72380430.0,50594010.0,44580820.0,25700250.0,31751490.0,268730000.0,274895000.0,217137000.0,210913000.0,147375000.0,129832000.0,74779000.0,92380000.0
20260319,17564820.0,88208370.0,94857730.0,80185240.0,91100700.0,82769890.0,63796720.0,24210060.0,25618410.0,256992000.0,276349000.0,233512000.0,265256000.0,240946000.0,185753000.0,70503000.0,74595000.0
20260320,655700.0,108869000.0,109419510.0,84755290.0,84860480.0,57188340.0,58948610.0,75628010.0,73212040.0,323117000.0,324708000.0,251518000.0,251831000.0,169738000.0,174822000.0,226350000.0,219364000.0
20260323,-11278740.0,160883720.0,154585000.0,135392700.0,130412690.0,96687670.0,100594840.0,43344340.0,50715910.0,510562000.0,491010000.0,429409000.0,413732000.0,306743000.0,318575000.0,137447000.0,160844000.0
20260324,-8347470.0,89984910.0,83667110.0,76918700.0,74889050.0,50029070.0,53109220.0,26353250.0,31620570.0,286319000.0,266239000.0,244758000.0,238284000.0,159146000.0,168985000.0,83861000.0,100576000.0
20260325,-6621830.0,80100290.0,72970820.0,73834880.0,74342520.0,53375740.0,60868250.0,20132500.0,19261820.0,251759000.0,229354000.0,232040000.0,233619000.0,167727000.0,191288000.0,63300000.0,60564000.0
20260326,-18096340.0,102198130.0,88189290.0,83609050.0,79521550.0,55586880.0,58392160.0,17360230.0,32651290.0,328980000.0,283889000.0,268899000.0,255759000.0,178892000.0,187928000.0,55918000.0,105112000.0
20260327,-10427390.0,58480860.0,53342130.0,53148460.0,47859790.0,36961180.0,37735710.0,14001190.0,23654050.0,190302000.0,173515000.0,173065000.0,155837000.0,120303000.0,122882000.0,45571000.0,77008000.0
20260330,-5836680.0,65695620.0,60414380.0,55766190.0,55210750.0,41512590.0,45826520.0,9560180.0,11082930.0,215942000.0,198568000.0,183327000.0,181484000.0,136465000.0,150659000.0,31420000.0,36444000.0
20260331,4901920.0,87906660.0,89811270.0,78494090.0,81491390.0,69092400.0,64738040.0,21745970.0,21198410.0,282250000.0,288362000.0,252016000.0,261625000.0,221804000.0,207856000.0,69811000.0,68039000.0
20260401,4999930.0,58891480.0,63817060.0,55691090.0,55765440.0,46220890.0,38690640.0,17754240.0,20284560.0,189338000.0,205174000.0,178951000.0,179151000.0,148543000.0,124321000.0,57065000.0,65252000.0
20260402,-4323500.0,55809590.0,53408740.0,48871890.0,46949250.0,30166750.0,31885170.0,13391920.0,15997000.0,180554000.0,172798000.0,158006000.0,151785000.0,97569000.0,103089000.0,43297000.0,51755000.0
20260403,-5372030.0,45737690.0,43919220.0,37050310.0,33496750.0,21241960.0,21826120.0,7550070.0,12337940.0,149479000.0,143539000.0,121052000.0,109405000.0,69364000.0,71278000.0,24689000.0,40361000.0
20260407,462030.0,125329060.0,125248430.0,115041040.0,115583710.0,86248020.0,83632190.0,30095790.0,32249590.0,395243000.0,395010000.0,363164000.0,364958000.0,272131000.0,263840000.0,94881000.0,101612000.0
20260408,7681580.0,106010250.0,115323910.0,102592350.0,100960260.0,77823140.0,75372990.0,41300780.0,36069350.0,329692000.0,358584000.0,319206000.0,314086000.0,242101000.0,234425000.0,128300000.0,112203000.0
20260409,-2053540.0,66714110.0,63988240.0,55518640.0,56190980.0,37105250.0,38952710.0,18211160.0,18417240.0,207650000.0,199176000.0,172860000.0,174939000.0,115537000.0,121266000.0,56697000.0,57364000.0
20260410,-777300.0,69310250.0,67570520.0,57418360.0,58380790.0,49323470.0,49059750.0,20355600.0,21396620.0,211880000.0,206583000.0,175517000.0,178481000.0,150814000.0,149949000.0,62227000.0,65427000.0
20260413,7001370.0,55228280.0,59498410.0,52305950.0,55037190.0,46287570.0,39800540.0,15456970.0,14942630.0,170031000.0,183150000.0,161047000.0,169434000.0,142468000.0,122476000.0,47505000.0,45991000.0
20260414,23440.0,70240290.0,65744070.0,57699810.0,62219460.0,41595410.0,41414920.0,21717250.0,21874300.0,213524000.0,199831000.0,175354000.0,189082000.0,126377000.0,125816000.0,65927000.0,66452000.0
20260415,-1747890.0,61896390.0,59130020.0,51185900.0,52204390.0,34428650.0,39498590.0,19265350.0,15943300.0,188938000.0,180514000.0,156156000.0,159282000.0,104997000.0,120481000.0,58818000.0,48632000.0
20260416,5731690.0,59094090.0,63247330.0,57545900.0,59124350.0,37975940.0,34999000.0,24491240.0,21736490.0,180160000.0,192815000.0,175400000.0,180277000.0,115705000.0,106605000.0,74674000.0,66241000.0
20260417,2980500.0,73809630.0,76929510.0,65306100.0,65166730.0,44886110.0,44249520.0,23669540.0,21325630.0,225951000.0,235349000.0,199866000.0,199429000.0,137284000.0,135412000.0,72251000.0,65163000.0
20260420,-6096620.0,204494790.0,211266430.0,200814330.0,187946070.0,151582000.0,139735860.0,62973060.0,80915820.0,591480000.0,611089000.0,582007000.0,544885000.0,439918000.0,405607000.0,183196000.0,235021000.0
20260421,-7390040.0,203376310.0,196048560.0,165864970.0,165802690.0,110592590.0,116993830.0,59056860.0,60045660.0,564102000.0,543633000.0,459769000.0,459665000.0,306321000.0,324384000.0,163896000.0,166406000.0
20260422,-10700690.0,128117370.0,124094790.0,104007390.0,97329290.0,71970640.0,71367200.0,26406990.0,37711120.0,352291000.0,341225000.0,285948000.0,267634000.0,197974000.0,196256000.0,72587000.0,103684000.0
20260423,-7539650.0,285420870.0,293769140.0,293722570.0,277834660.0,231899370.0,208681850.0,105327780.0,136084950.0,753580000.0,775506000.0,775888000.0,733938000.0,612497000.0,551005000.0,277586000.0,359104000.0
20260424,-1838320.0,200142810.0,202903700.0,194391280.0,189792080.0,142432860.0,153660050.0,81981440.0,72592570.0,517838000.0,524891000.0,503381000.0,491289000.0,368838000.0,397902000.0,211543000.0,187517000.0
20260427,-15116390.0,153591180.0,144272690.0,139690500.0,133892610.0,88214270.0,95778520.0,36078520.0,43630660.0,399373000.0,375133000.0,362959000.0,347851000.0,229130000.0,248831000.0,93794000.0,113442000.0
20260428,6108560.0,270017330.0,267478600.0,338515910.0,347163190.0,293549550.0,294230410.0,180099040.0,173309620.0,654595000.0,649451000.0,821227000.0,843092000.0,713328000.0,714649000.0,439746000.0,421704000.0
20260429,3567000.0,143896330.0,140306780.0,161418260.0,168574800.0,104172260.0,110270850.0,51659890.0,41994300.0,350320000.0,341584000.0,392941000.0,410377000.0,253599000.0,268422000.0,125741000.0,102218000.0
20260430,-71559010.0,279601500.0,241155750.0,345786190.0,312672930.0,295389600.0,276667020.0,151112830.0,241394420.0,662054000.0,570727000.0,818158000.0,739795000.0,698018000.0,654656000.0,355545000.0,568597000.0
20260506,-21112640.0,270095890.0,255356710.0,310800960.0,304427500.0,225855200.0,218435060.0,102299510.0,130832290.0,667684000.0,630718000.0,767437000.0,751749000.0,558503000.0,540550000.0,251963000.0,322570000.0
20260507,-1402200.0,181374730.0,179919430.0,172795750.0,172848840.0,120717590.0,108220840.0,37414620.0,51313570.0,444266000.0,440682000.0,422636000.0,422810000.0,295232000.0,264549000.0,91623000.0,125715000.0
20260508,3923410.0,169564790.0,178476850.0,179423580.0,174434920.0,143887310.0,125811970.0,55682030.0,69833960.0,414227000.0,435707000.0,438579000.0,426245000.0,351649000.0,307465000.0,136361000.0,171400000.0
20260511,19345520.0,148571190.0,160814710.0,162384420.0,169486430.0,110521820.0,90267700.0,47707420.0,48616020.0,362586000.0,392416000.0,396398000.0,413676000.0,269765000.0,220377000.0,116436000.0,118716000.0
20260512,991610.0,146393840.0,139943960.0,142236640.0,149678130.0,126405830.0,119821270.0,43635280.0,49228230.0,360152000.0,344073000.0,349615000.0,367931000.0,310896000.0,294662000.0,107538000.0,121535000.0
20260513,8674240.0,175834760.0,192462090.0,206448630.0,198495540.0,169744960.0,143889590.0,65875710.0,83056840.0,422227000.0,462292000.0,495762000.0,476723000.0,407503000.0,345361000.0,158048000.0,199164000.0
20260514,-1677550.0,124650830.0,123394490.0,140490350.0,140069150.0,103346120.0,105237660.0,44509140.0,44295150.0,304079000.0,301038000.0,342593000.0,341584000.0,252205000.0,256723000.0,108611000.0,108144000.0
20260515,10691800.0,119258740.0,124598160.0,130754270.0,136106640.0,107416800.0,98948060.0,52909570.0,50686510.0,292097000.0,305327000.0,319800000.0,333007000.0,263057000.0,242137000.0,129523000.0,124006000.0
20260518,-12301830.0,232873370.0,214391070.0,180670570.0,186851050.0,135562920.0,130986230.0,53214890.0,70093410.0,599394000.0,551554000.0,463792000.0,479937000.0,348516000.0,336757000.0,136446000.0,179898000.0
20260519,2176000.0,135629090.0,123390160.0,108412200.0,122827130.0,82713100.0,72798660.0,24260490.0,31998930.0,360515000.0,327941000.0,287918000.0,326249000.0,219636000.0,193273000.0,64348000.0,84954000.0
20260520,7355040.0,146603350.0,152583220.0,132480490.0,133855650.0,100714680.0,96285380.0,28280710.0,25354970.0,381527000.0,396968000.0,345195000.0,348766000.0,262007000.0,250723000.0,73769000.0,66041000.0
20260521,3699570.0,176636120.0,184619400.0,156789340.0,152505610.0,100176710.0,99525890.0,47005370.0,43956620.0,448076000.0,468167000.0,397200000.0,386297000.0,253792000.0,251942000.0,118505000.0,111167000.0
20260522,22114260.0,136538530.0,144934690.0,116103120.0,129821220.0,98767640.0,81050650.0,26825620.0,22428350.0,354223000.0,375911000.0,300904000.0,336436000.0,256055000.0,210062000.0,69528000.0,58301000.0
20260525,5130070.0,126581900.0,127031890.0,92812710.0,97492780.0,52965810.0,49157170.0,30644430.0,29323000.0,333649000.0,334827000.0,244441000.0,256868000.0,139535000.0,129421000.0,80654000.0,77163000.0
20260526,1335570.0,140371100.0,140379020.0,121122990.0,122450640.0,75749670.0,70749020.0,39507830.0,43172910.0,368953000.0,368914000.0,318277000.0,321794000.0,198781000.0,185868000.0,103370000.0,112804000.0
20260527,20865750.0,153299670.0,167217240.0,143140400.0,150088570.0,119790780.0,102613390.0,45825910.0,42137550.0,399006000.0,435257000.0,371296000.0,390038000.0,310853000.0,266105000.0,119078000.0,108832000.0
20260528,2480580.0,124623540.0,130605110.0,115222400.0,111721410.0,74428920.0,71254270.0,30377920.0,31071990.0,329837000.0,345528000.0,304760000.0,295548000.0,196912000.0,188533000.0,80261000.0,82161000.0
20260529,9187510.0,122966570.0,126580710.0,92529980.0,98103350.0,55747590.0,53152890.0,33923620.0,27330810.0,326987000.0,336688000.0,245757000.0,260531000.0,147984000.0,141077000.0,90103000.0,72535000.0
20260601,5254700.0,105955260.0,108945570.0,83351870.0,85616270.0,57264380.0,62485010.0,34955450.0,24480120.0,285788000.0,293909000.0,224695000.0,230752000.0,154299000.0,168360000.0,94284000.0,66045000.0
20260602,-4350820.0,100659900.0,95159480.0,88478910.0,89628510.0,55142340.0,58182260.0,27239950.0,28550850.0,277160000.0,262036000.0,243629000.0,246817000.0,151860000.0,160281000.0,75109000.0,78625000.0
20260603,4067610.0,87738980.0,89925340.0,73098190.0,74979440.0,45825540.0,44565730.0,19134680.0,16326880.0,240534000.0,246575000.0,200254000.0,205419000.0,125571000.0,122072000.0,52468000.0,44762000.0
20260604,7729070.0,106629140.0,115025630.0,101765270.0,101097850.0,73017490.0,72734590.0,36046970.0,28600800.0,288450000.0,311207000.0,275208000.0,273427000.0,197378000.0,196567000.0,97473000.0,77307000.0
20260605,4731600.0,125644670.0,127781990.0,104595240.0,107189520.0,62704930.0,66244340.0,31899750.0,23628740.0,345006000.0,351028000.0,286740000.0,293910000.0,171980000.0,181670000.0,87580000.0,64699000.0
20260608,6270.0,112075100.0,112010010.0,96409680.0,96481050.0,69037590.0,62928880.0,22908790.0,29011230.0,317857000.0,317554000.0,273115000.0,273345000.0,195741000.0,178302000.0,64953000.0,82466000.0
20260609,-6320.0,110423690.0,104941100.0,95080360.0,100556630.0,51392710.0,60948790.0,39581760.0,30032000.0,319737000.0,303899000.0,275229000.0,291103000.0,148788000.0,176447000.0,114913000.0,87217000.0
20260610,3072340.0,112481050.0,114910370.0,94424280.0,95067300.0,59630450.0,57810330.0,31598570.0,30346350.0,324487000.0,331330000.0,272326000.0,274121000.0,171866000.0,166741000.0,90977000.0,87464000.0
20260611,2115700.0,84344800.0,85788370.0,56526310.0,57198440.0,46803240.0,45916220.0,23881330.0,22652650.0,245064000.0,249257000.0,164195000.0,166126000.0,135963000.0,133393000.0,69407000.0,65853000.0
20260612,1141710.0,121997320.0,124754720.0,119423190.0,117807490.0,81712200.0,80033500.0,38678200.0,39215190.0,347565000.0,355426000.0,340181000.0,335586000.0,232642000.0,227864000.0,110091000.0,111602000.0
20260615,14377720.0,142198590.0,149147020.0,121976940.0,129406240.0,105981100.0,87726570.0,49626870.0,53503680.0,396618000.0,416046000.0,340245000.0,361038000.0,295798000.0,244710000.0,138377000.0,149244000.0
20260616,2897080.0,104943980.0,104706350.0,90335260.0,93469970.0,58147490.0,55281550.0,30378750.0,30347610.0,291609000.0,290875000.0,251016000.0,259720000.0,161550000.0,153599000.0,84442000.0,84423000.0
20260617,14390490.0,141366160.0,154803180.0,130409190.0,131362650.0,98736100.0,90811860.0,44834180.0,38367930.0,385350000.0,421983000.0,355524000.0,358112000.0,269208000.0,247543000.0,122051000.0,104494000.0
20260618,5983420.0,153889990.0,160618130.0,133633880.0,132889160.0,94329370.0,100042620.0,49494290.0,37797620.0,421878000.0,440364000.0,366133000.0,363850000.0,258612000.0,274250000.0,135569000.0,103727000.0
20260622,4745980.0,166093410.0,166552920.0,152149920.0,156436410.0,109313490.0,100718520.0,43100410.0,46949400.0,452782000.0,453921000.0,415082000.0,426799000.0,298629000.0,275160000.0,117924000.0,128538000.0
20260623,20395930.0,170880050.0,183167690.0,137185720.0,145294020.0,101201850.0,96798350.0,47904130.0,31911700.0,467396000.0,500948000.0,374581000.0,396847000.0,276375000.0,263982000.0,130678000.0,87255000.0
20260624,3017860.0,117547310.0,121812350.0,93894880.0,92647710.0,67954790.0,63568720.0,25160650.0,26528860.0,329280000.0,341243000.0,262938000.0,259418000.0,190216000.0,177928000.0,70339000.0,74184000.0
20260625,-276640.0,129672900.0,131819360.0,105231790.0,102808700.0,68613080.0,66512360.0,22190250.0,24567610.0,366912000.0,372983000.0,297763000.0,290838000.0,194064000.0,188159000.0,62819000.0,69577000.0
20260626,-6548360.0,152322980.0,141449210.0,123886950.0,128212360.0,83126780.0,88548620.0,54160820.0,55287340.0,449386000.0,417320000.0,365429000.0,378098000.0,245235000.0,261229000.0,160492000.0,163894000.0
20260629,-9003490.0,113542860.0,110202110.0,97406420.0,91743690.0,61981160.0,65138630.0,28624390.0,34470410.0,340927000.0,330689000.0,292232000.0,275301000.0,185880000.0,195453000.0,85808000.0,103404000.0
20260630,2024230.0,102253570.0,105846260.0,88861950.0,87293490.0,72190590.0,72403270.0,34630310.0,32393400.0,304962000.0,315633000.0,264896000.0,260223000.0,214875000.0,215698000.0,103488000.0,96668000.0
20260701,21150430.0,152757090.0,164042360.0,139448150.0,149313310.0,114140650.0,109749670.0,71913070.0,55153620.0,436937000.0,469277000.0,399178000.0,427354000.0,326757000.0,313888000.0,205335000.0,157688000.0
20260702,12454670.0,135513800.0,146377300.0,116063360.0,117654530.0,89304620.0,85160600.0,52994490.0,44683840.0,387533000.0,418535000.0,331237000.0,335521000.0,254495000.0,242958000.0,151178000.0,127429000.0
20260703,14927700.0,222407450.0,232599630.0,213375240.0,218110770.0,163863310.0,163882850.0,83966830.0,69019590.0,612018000.0,640073000.0,587649000.0,600756000.0,451019000.0,450833000.0,230828000.0,189853000.0
20260706,-8844030.0,189705080.0,185765580.0,185472720.0,180568190.0,134174630.0,140341900.0,64269140.0,66945900.0,503078000.0,492643000.0,491796000.0,478769000.0,355785000.0,372065000.0,170556000.0,177738000.0
20260707,5688550.0,130662430.0,131829620.0,114366770.0,118888150.0,85531070.0,77284760.0,33928250.0,36486010.0,349761000.0,352918000.0,305930000.0,318039000.0,228797000.0,206661000.0,90777000.0,97648000.0
20260708,788090.0,174526810.0,174381910.0,157163020.0,158096010.0,110012620.0,108954390.0,59955580.0,60225720.0,480311000.0,479913000.0,432730000.0,435387000.0,303149000.0,300134000.0,165408000.0,166164000.0
20260709,-7689280.0,154599350.0,145503300.0,132245130.0,133651900.0,81460730.0,88268630.0,39931480.0,40812860.0,434651000.0,408961000.0,371490000.0,375404000.0,228768000.0,247917000.0,112189000.0,114815000.0
20260710,12146520.0,230353430.0,235895350.0,226366640.0,232971240.0,177828880.0,168266710.0,90310320.0,87725970.0,618305000.0,633354000.0,608236000.0,625930000.0,477847000.0,451921000.0,242519000.0,235701000.0
20260713,26320790.0,283400690.0,294873210.0,231066980.0,245915260.0,161710390.0,144431420.0,71802670.0,62760850.0,822073000.0,856845000.0,668575000.0,711919000.0,468122000.0,417064000.0,207580000.0,180522000.0
20260714,-15037200.0,185915680.0,171022360.0,158491010.0,158347140.0,114682910.0,117908860.0,50924590.0,62735840.0,550478000.0,506538000.0,468412000.0,468036000.0,338968000.0,348374000.0,150634000.0,185545000.0
20260715,-1905090.0,129809550.0,125967500.0,102965030.0,104901990.0,74034100.0,73630090.0,32077610.0,34386710.0,381160000.0,369842000.0,302484000.0,308131000.0,217508000.0,216318000.0,94305000.0,101167000.0
20260716,9916180.0,161841650.0,169338190.0,122222310.0,124641940.0,77661450.0,81395090.0,45492770.0,31842950.0,485837000.0,508502000.0,366598000.0,373774000.0,232972000.0,244211000.0,136523000.0,95445000.0
20260717,-6195740.0,127759730.0,121902070.0,93771300.0,93433220.0,57344140.0,60042900.0,26215670.0,29712650.0,393561000.0,375599000.0,288838000.0,287775000.0,176645000.0,184918000.0,80839000.0,91592000.0
20260720,-7863040.0,123627410.0,119814230.0,112302670.0,108252810.0,67067030.0,68560780.0,24406940.0,30776230.0,377136000.0,365551000.0,342769000.0,330361000.0,204730000.0,209262000.0,74491000.0,93952000.0
20260721,4213520.0,113294770.0,116853290.0,97453240.0,98108250.0,64300540.0,67287440.0,32269670.0,25069250.0,344035000.0,354893000.0,295913000.0,297808000.0,195263000.0,204190000.0,97882000.0,76202000.0
20260722,967950.0,125917680.0,126322430.0,122979320.0,123542520.0,74703930.0,77049280.0,36886220.0,33572920.0,378387000.0,379550000.0,369868000.0,371614000.0,224665000.0,231698000.0,110935000.0,100993000.0
20260723,4256860.0,126048830.0,125629210.0,114551930.0,119228410.0,79265910.0,78889400.0,36229460.0,32349110.0,377879000.0,376757000.0,343286000.0,357366000.0,237596000.0,236426000.0,108501000.0,96714000.0
20260724,2525930.0,90316650.0,92687330.0,88193940.0,88349200.0,57369100.0,56859260.0,29461290.0,27445200.0,270537000.0,277706000.0,264208000.0,264589000.0,171850000.0,170288000.0,88355000.0,82368000.0
20260727,23230.0,79551490.0,79655480.0,68362360.0,68281610.0,43179730.0,42544400.0,16039790.0,16651890.0,238806000.0,239107000.0,205193000.0,204949000.0,129618000.0,127712000.0,48140000.0,49990000.0
20260728,4705910.0,98219350.0,103613420.0,91523800.0,90835640.0,59361190.0,60091030.0,34290490.0,28854740.0,294990000.0,311225000.0,274638000.0,272587000.0,178104000.0,180255000.0,102820000.0,86485000.0
20260729,-940010.0,166480780.0,169234410.0,153987920.0,150294280.0,102157210.0,104196220.0,47663570.0,46564570.0,483966000.0,492053000.0,447820000.0,437248000.0,297462000.0,303290000.0,138934000.0,135592000.0
20260730,3361580.0,101986700.0,99759810.0,83790810.0,89379270.0,53486200.0,57864220.0,30084780.0,22345180.0,295578000.0,289138000.0,242847000.0,259021000.0,155049000.0,167712000.0,87163000.0,64767000.0
20260731,3425890.0,113275380.0,116099250.0,116700170.0,117302200.0,76337390.0,77252400.0,37243910.0,32903010.0,324271000.0,332333000.0,334263000.0,335961000.0,218586000.0,221259000.0,106635000.0,94203000.0
20260803,-17555400.0,59816930.0,58732050.0,77705120.0,61234600.0,55223190.0,62381560.0,33411530.0,43808560.0,171609000.0,168322000.0,222778000.0,175503000.0,158278000.0,178828000.0,95718000.0,125729000.0
20260804,-41286610.0,75653510.0,47107480.0,78777650.0,66037070.0,67068340.0,81687860.0,39968240.0,66635330.0,218778000.0,136179000.0,227766000.0,190943000.0,193869000.0,236145000.0,115558000.0,192705000.0
20260805,28006790.0,73050530.0,81112970.0,87411530.0,107355880.0,101799080.0,97622110.0,84902240.0,61072420.0,209293000.0,232075000.0,250563000.0,307404000.0,291678000.0,279794000.0,242865000.0,175126000.0
20260806,-29326560.0,65039760.0,45234510.0,71784210.0,62262910.0,59100740.0,64387980.0,40146180.0,64185500.0,186950000.0,129960000.0,206296000.0,178904000.0,169804000.0,185011000.0,115340000.0,184515000.0
20260807,-16038060.0,78419050.0,64862750.0,93271370.0,90789600.0,92955580.0,114580730.0,69626270.0,64039180.0,224592000.0,185406000.0,266919000.0,259646000.0,265753000.0,327866000.0,198871000.0,183218000.0
20260810,-31853390.0,70210780.0,46955880.0,86450470.0,77851970.0,79395700.0,86744530.0,49724550.0,74229110.0,201326000.0,134470000.0,247824000.0,223079000.0,227408000.0,248575000.0,142446000.0,212880000.0
20260811,-60753400.0,97675430.0,54248870.0,104453630.0,87126790.0,86050550.0,111671430.0,56688740.0,91821260.0,284100000.0,157479000.0,303548000.0,252877000.0,249647000.0,324106000.0,164406000.0,267239000.0
20260812,-15155510.0,60378680.0,44233060.0,58733970.0,59724080.0,54411560.0,58919150.0,35211740.0,45859660.0,178978000.0,131042000.0,174109000.0,176968000.0,161278000.0,174680000.0,104312000.0,135988000.0
20260813,-4496010.0,56024680.0,50163190.0,64088970.0,65454460.0,60289360.0,67517030.0,42232650.0,39500990.0,164977000.0,147605000.0,188707000.0,192654000.0,177413000.0,198711000.0,124197000.0,116322000.0
20260814,-20508440.0,62785300.0,53568920.0,73768550.0,62476470.0,60747850.0,73357570.0,44657890.0,52556610.0,186869000.0,159092000.0,219343000.0,185523000.0,180388000.0,218091000.0,132647000.0,156541000.0
20260817,-6701310.0,51222630.0,37686720.0,50179180.0,57013780.0,52929740.0,55565750.0,37728030.0,41793330.0,153018000.0,112413000.0,149900000.0,170198000.0,158044000.0,166049000.0,112582000.0,124886000.0
20260818,-8875400.0,50502100.0,41357270.0,45690220.0,45959660.0,40064540.0,43697450.0,30457610.0,35700100.0,151090000.0,123695000.0,136635000.0,137400000.0,119759000.0,130658000.0,91045000.0,106777000.0
20260819,-32962310.0,70791550.0,45238740.0,65556590.0,58147100.0,48583820.0,59415630.0,27709650.0,49840150.0,213887000.0,136634000.0,198027000.0,175542000.0,146698000.0,179436000.0,83674000.0,150673000.0
20260820,1884130.0,51040300.0,53527180.0,58438340.0,57835580.0,52519460.0,48014100.0,29604790.0,32226020.0,153738000.0,161101000.0,175895000.0,173884000.0,157915000.0,144388000.0,88830000.0,97005000.0
