trade_date,main_net_in,buy_sm_amount,sell_sm_amount,buy_md_amount,sell_md_amount,buy_lg_amount,sell_lg_amount,buy_elg_amount,sell_elg_amount,buy_sm_vol,sell_sm_vol,buy_md_vol,sell_md_vol,buy_lg_vol,sell_lg_vol,buy_elg_vol,sell_elg_vol
20190102,-708750.0,4206320.0,4026480.0,4209630.0,3697460.0,3254000.0,3656310.0,305510.0,611950.0,50837000.0,48641000.0,50823000.0,44619000.0,39257000.0,44159000.0,3674000.0,7393000.0
20190103,668020.0,7058190.0,6964830.0,8328940.0,9395310.0,6051430.0,4669360.0,911910.0,1625960.0,87723000.0,86492000.0,103372000.0,116373000.0,75010000.0,57866000.0,11207000.0,20412000.0
20190104,-2074750.0,6537120.0,4672520.0,5912660.0,5669790.0,4560270.0,5669000.0,972530.0,1938550.0,81828000.0,58372000.0,73967000.0,70960000.0,56751000.0,70740000.0,12076000.0,24173000.0
20190107,462060.0,6497730.0,6395050.0,8376950.0,8983090.0,8737110.0,9688200.0,2079980.0,666830.0,78012000.0,76436000.0,100314000.0,107549000.0,104393000.0,116142000.0,24938000.0,8017000.0
20190108,-1321660.0,6950490.0,5333280.0,6032380.0,6245510.0,3646730.0,3879290.0,0.0,1089100.0,82408000.0,63174000.0,71503000.0,73969000.0,43144000.0,45990000.0,0.0,12954000.0
20190109,-913930.0,5859360.0,5703770.0,9370660.0,8131360.0,6817920.0,8576210.0,2162930.0,1318570.0,70032000.0,67974000.0,111985000.0,97033000.0,81318000.0,102507000.0,25745000.0,15799000.0
20190110,-5032720.0,14374280.0,10765800.0,20089400.0,18742360.0,21655280.0,22450460.0,7723800.0,11961340.0,161708000.0,121299000.0,226518000.0,211051000.0,243969000.0,252526000.0,86625000.0,134945000.0
20190111,-1966840.0,7389490.0,6010520.0,8495510.0,7907640.0,5925280.0,7723080.0,1127760.0,1296800.0,83661000.0,68076000.0,96235000.0,89532000.0,67185000.0,87530000.0,12763000.0,14705000.0
20190114,-275720.0,6216450.0,6815240.0,7101880.0,6227380.0,5232910.0,4338650.0,391100.0,1561080.0,70988000.0,77729000.0,81015000.0,70956000.0,59667000.0,49574000.0,4504000.0,17914000.0
20190115,3096440.0,5920780.0,7629420.0,10556360.0,11944150.0,15018410.0,13070790.0,3471590.0,2322770.0,66250000.0,85241000.0,117890000.0,133259000.0,167298000.0,145295000.0,38518000.0,26162000.0
20190116,-244060.0,5144330.0,5263620.0,8257920.0,7894580.0,5789870.0,7976160.0,2746410.0,804180.0,56479000.0,57702000.0,90587000.0,86549000.0,63470000.0,87446000.0,29949000.0,8788000.0
20190117,1297610.0,7391060.0,6764150.0,9854390.0,11778900.0,11275240.0,11837960.0,4591780.0,2731450.0,79240000.0,72395000.0,105419000.0,126105000.0,120807000.0,126830000.0,49163000.0,29299000.0
20190118,1601240.0,9673540.0,9938240.0,14977970.0,16314520.0,13902030.0,16297210.0,6083310.0,2086890.0,101242000.0,103628000.0,156208000.0,170444000.0,144987000.0,170209000.0,63489000.0,21646000.0
20190121,1365520.0,7791310.0,6770320.0,10076810.0,12463310.0,11433700.0,8537550.0,1625030.0,3155660.0,80927000.0,70203000.0,104623000.0,129379000.0,118652000.0,88639000.0,16842000.0,32823000.0
20190122,-3958470.0,7045310.0,4330830.0,11145480.0,9901500.0,7558710.0,10745330.0,1301040.0,2072890.0,75353000.0,46306000.0,119213000.0,105897000.0,80870000.0,115003000.0,13910000.0,22141000.0
20190123,186520.0,5359140.0,4793650.0,7611360.0,8363380.0,8382150.0,9391680.0,1886890.0,690840.0,57236000.0,51057000.0,81303000.0,89137000.0,89132000.0,100088000.0,20012000.0,7401000.0
20190124,5829660.0,13792250.0,14312120.0,20393290.0,25703080.0,23779700.0,36074120.0,45364640.0,27240560.0,136281000.0,141475000.0,202076000.0,254383000.0,235766000.0,355717000.0,443017000.0,265564000.0
20190125,-7318430.0,13515390.0,8243180.0,15290880.0,13244660.0,12100600.0,15709550.0,5145320.0,8854800.0,132424000.0,80758000.0,149942000.0,129730000.0,118563000.0,153901000.0,50472000.0,87011000.0
20190128,-1868720.0,10661970.0,6571480.0,11123720.0,13345490.0,12951510.0,10054500.0,6843660.0,11609390.0,105779000.0,64957000.0,110037000.0,132062000.0,128196000.0,99558000.0,67352000.0,114787000.0
20190129,2189020.0,7517740.0,7155590.0,10472670.0,13023830.0,15999320.0,13244860.0,6769650.0,7335090.0,74720000.0,70883000.0,103733000.0,129088000.0,158025000.0,130894000.0,66865000.0,72477000.0
20190130,-11601400.0,11989970.0,8624250.0,21221670.0,12986000.0,12158700.0,18839100.0,7785800.0,12706800.0,115643000.0,83006000.0,204164000.0,124999000.0,117080000.0,181191000.0,74694000.0,122386000.0
20190131,-5554580.0,7443000.0,5684980.0,12377850.0,8581310.0,6619280.0,10805380.0,2106990.0,3475470.0,72079000.0,55054000.0,119954000.0,83158000.0,64210000.0,104736000.0,20413000.0,33707000.0
20190201,-2768580.0,10268160.0,10181740.0,17437260.0,14755100.0,16211430.0,17998800.0,10481060.0,11462270.0,95027000.0,94382000.0,161547000.0,136816000.0,150663000.0,167020000.0,97678000.0,106697000.0
20190211,-4775560.0,12814080.0,9322700.0,11436820.0,10152640.0,8737950.0,11264170.0,1799670.0,4049010.0,117819000.0,85583000.0,105144000.0,93274000.0,80261000.0,103505000.0,16485000.0,37348000.0
20190212,-3610490.0,8888900.0,7720680.0,13422760.0,10980470.0,9122030.0,11703940.0,2717140.0,3745720.0,82732000.0,71688000.0,124750000.0,102178000.0,84948000.0,108757000.0,25121000.0,34928000.0
20190213,2723040.0,6303920.0,8321010.0,10393810.0,11099760.0,12146410.0,13348190.0,9631650.0,5706830.0,57865000.0,76249000.0,95231000.0,101694000.0,111528000.0,122393000.0,88121000.0,52409000.0
20190214,1712310.0,6515800.0,7531090.0,12323070.0,13020090.0,18192100.0,17822850.0,9444260.0,8101200.0,58031000.0,66991000.0,109533000.0,115762000.0,161772000.0,158353000.0,83992000.0,72221000.0
20190215,-9669000.0,9034830.0,7953350.0,22021710.0,13434180.0,18322590.0,22270080.0,7023540.0,12745050.0,78942000.0,69451000.0,192133000.0,117414000.0,160024000.0,194217000.0,61404000.0,111420000.0
20190218,-9682900.0,9335820.0,8840330.0,23507910.0,14320500.0,22008250.0,26970970.0,14625570.0,19345750.0,77323000.0,73167000.0,195548000.0,118708000.0,182683000.0,223423000.0,120540000.0,160795000.0
20190219,-13550520.0,21746820.0,11297920.0,30972440.0,27870820.0,35250760.0,44069130.0,11089230.0,15821380.0,174295000.0,90172000.0,246578000.0,223032000.0,280631000.0,351471000.0,88761000.0,125590000.0
20190220,945980.0,7282000.0,7309380.0,9806490.0,10725080.0,13508810.0,10884930.0,4339470.0,6017370.0,59342000.0,59316000.0,79791000.0,87147000.0,109665000.0,88424000.0,35122000.0,49033000.0
20190221,-2891510.0,15825290.0,11858710.0,17664740.0,18739810.0,20922030.0,20581240.0,9752040.0,12984340.0,123507000.0,92834000.0,138382000.0,146994000.0,164184000.0,160870000.0,76152000.0,101526000.0
20190222,1399140.0,10724270.0,10254240.0,16447390.0,18316550.0,23882770.0,30784900.0,20189570.0,11888300.0,82376000.0,78670000.0,126240000.0,140389000.0,183144000.0,235916000.0,154085000.0,90869000.0
20190225,-5688370.0,17473380.0,12032090.0,26542260.0,26295180.0,44494550.0,42632040.0,19440290.0,26991170.0,130861000.0,89576000.0,198567000.0,195885000.0,330776000.0,317625000.0,144455000.0,201573000.0
20190226,-17462360.0,20684550.0,13076690.0,33589690.0,23735180.0,29739360.0,35140110.0,14266200.0,26327810.0,157752000.0,99461000.0,256123000.0,180805000.0,226600000.0,268399000.0,109419000.0,201230000.0
20190227,-3535570.0,24661590.0,13103430.0,35014670.0,43037250.0,50691110.0,39183050.0,30107370.0,45151000.0,204619000.0,107863000.0,289522000.0,354852000.0,418829000.0,323333000.0,248019000.0,374941000.0
20190228,2954840.0,13892990.0,18948370.0,23502270.0,21401730.0,22574180.0,19676520.0,11796410.0,11739230.0,117248000.0,159699000.0,198194000.0,180921000.0,190595000.0,166187000.0,99646000.0,98877000.0
20190301,4152580.0,11317220.0,10500880.0,16832640.0,21801550.0,21135360.0,17489760.0,12269740.0,11762760.0,94738000.0,87691000.0,140794000.0,182263000.0,176717000.0,146299000.0,102256000.0,98253000.0
20190304,-13553550.0,22349440.0,11625790.0,30703090.0,27873190.0,35047570.0,41921830.0,20849920.0,27529210.0,187042000.0,97034000.0,256681000.0,232832000.0,293024000.0,350427000.0,174084000.0,230538000.0
20190305,9435470.0,15199360.0,16254120.0,20081400.0,28462100.0,23409190.0,17933520.0,13550620.0,9590820.0,128203000.0,136790000.0,169303000.0,239876000.0,197047000.0,150959000.0,114069000.0,80997000.0
20190306,-4408920.0,15050430.0,11958850.0,18216300.0,16898950.0,22077850.0,21687040.0,15761830.0,20561560.0,127192000.0,100689000.0,153601000.0,142256000.0,185820000.0,182722000.0,132443000.0,173389000.0
20190307,-3557680.0,16954790.0,11918160.0,18427420.0,19906370.0,24076530.0,23878230.0,11318600.0,15074580.0,146897000.0,103192000.0,159564000.0,172409000.0,208569000.0,206712000.0,98146000.0,130864000.0
20190308,-9495420.0,14787240.0,10975860.0,21779120.0,16095080.0,16509890.0,18220560.0,8643590.0,16428340.0,128279000.0,94922000.0,188650000.0,139375000.0,142778000.0,157708000.0,74922000.0,142624000.0
20190311,15393520.0,18344840.0,28013280.0,30515810.0,36240890.0,35229410.0,37088680.0,47615350.0,30362560.0,151597000.0,231294000.0,252412000.0,298984000.0,290171000.0,304926000.0,388680000.0,247655000.0
20190312,-13992100.0,25949170.0,18899520.0,32944740.0,26002290.0,29609700.0,37527900.0,13090970.0,19164870.0,205297000.0,149210000.0,260581000.0,205457000.0,233973000.0,296987000.0,103418000.0,151616000.0
20190313,73000.0,15211710.0,13781720.0,17370010.0,18873000.0,18287770.0,18319500.0,7414360.0,7309630.0,122445000.0,110711000.0,139563000.0,151666000.0,146986000.0,147302000.0,59614000.0,58928000.0
20190314,495170.0,16757780.0,24791060.0,34473060.0,26934950.0,21002350.0,22305010.0,10994680.0,9196850.0,132568000.0,195773000.0,272096000.0,212423000.0,165232000.0,175524000.0,86286000.0,72462000.0
20190315,-3299130.0,13900480.0,12624730.0,23228350.0,21204970.0,23062590.0,25578220.0,14656290.0,15439790.0,108554000.0,98491000.0,181299000.0,165485000.0,179958000.0,199632000.0,114258000.0,120461000.0
20190318,-3556570.0,14125080.0,8909640.0,18170790.0,19829670.0,16612320.0,18919320.0,5927130.0,7176700.0,113627000.0,71605000.0,146120000.0,159414000.0,133578000.0,152080000.0,47660000.0,57886000.0
20190319,370170.0,8395340.0,7689560.0,10661050.0,11737020.0,12826150.0,10750850.0,7697940.0,9403070.0,67884000.0,62049000.0,86121000.0,94705000.0,103482000.0,86715000.0,61988000.0,76007000.0
20190320,-4585920.0,9695370.0,7737250.0,13740300.0,11112500.0,8162520.0,11275320.0,7140030.0,8613150.0,79119000.0,62958000.0,111873000.0,90514000.0,66505000.0,91986000.0,58240000.0,70279000.0
20190321,241320.0,8527120.0,8381830.0,8773290.0,9159900.0,9286190.0,8472060.0,4396240.0,4969050.0,69497000.0,68239000.0,71427000.0,74546000.0,75611000.0,69003000.0,35848000.0,40595000.0
20190322,-13501210.0,16040570.0,7002200.0,16478410.0,12015570.0,16971000.0,26305830.0,11201770.0,15368150.0,135604000.0,58888000.0,139383000.0,101456000.0,143622000.0,222719000.0,94235000.0,129780000.0
20190325,-12263260.0,14940910.0,5990720.0,14708050.0,11394990.0,11069030.0,17443370.0,5085360.0,10974280.0,127712000.0,51014000.0,125536000.0,97117000.0,94632000.0,149151000.0,43382000.0,93981000.0
20190326,-2690890.0,8514540.0,6103600.0,10848790.0,10568840.0,10317350.0,10831320.0,2793440.0,4970360.0,74530000.0,53393000.0,94923000.0,92356000.0,90437000.0,94792000.0,24513000.0,43862000.0
20190327,66790.0,7337260.0,7803960.0,9008230.0,8608320.0,6377930.0,6207410.0,2440210.0,2543940.0,64904000.0,68965000.0,79670000.0,76111000.0,56323000.0,54864000.0,21532000.0,22489000.0
20190328,3380400.0,5854430.0,8025070.0,9851770.0,11061530.0,11529840.0,8822700.0,4668240.0,3994980.0,50829000.0,69573000.0,85400000.0,95836000.0,99805000.0,76444000.0,40350000.0,34530000.0
20190329,2559410.0,14931460.0,14450260.0,13628640.0,16669250.0,18428700.0,20212570.0,13406340.0,9063060.0,124792000.0,120880000.0,114121000.0,139603000.0,154520000.0,168962000.0,111674000.0,75661000.0
20190401,8184740.0,16141410.0,22585120.0,27183470.0,28924500.0,25832380.0,33647300.0,36230450.0,20230790.0,124961000.0,173803000.0,210121000.0,222387000.0,199181000.0,259873000.0,275715000.0,153915000.0
20190402,-8693600.0,20780960.0,18583620.0,37895200.0,31398940.0,32006160.0,30828200.0,17061820.0,26933380.0,150048000.0,134085000.0,273759000.0,226509000.0,231005000.0,222234000.0,122951000.0,194935000.0
20190403,-8649280.0,11734300.0,8248430.0,17565120.0,12401730.0,11004600.0,18794140.0,9936110.0,10795850.0,85408000.0,60029000.0,127826000.0,90231000.0,80079000.0,136725000.0,72351000.0,78678000.0
20190404,-8107950.0,14677970.0,14223300.0,22036770.0,14383490.0,17381410.0,21297740.0,7766540.0,11958160.0,108946000.0,105347000.0,163297000.0,106503000.0,128695000.0,157872000.0,57512000.0,88728000.0
20190408,-6629430.0,12656100.0,9311330.0,19098780.0,15814130.0,11649510.0,18237710.0,9617850.0,9659080.0,94619000.0,69470000.0,142588000.0,117794000.0,86816000.0,136210000.0,71474000.0,72022000.0
20190409,-3151950.0,9461750.0,7540650.0,13824320.0,12593470.0,11173050.0,12517100.0,4452170.0,6260070.0,72295000.0,57484000.0,105375000.0,96043000.0,85432000.0,95677000.0,34092000.0,47989000.0
20190410,2073760.0,11964780.0,10219550.0,10421820.0,14240820.0,13765070.0,14083000.0,8133500.0,5741810.0,90892000.0,77373000.0,79076000.0,108012000.0,104185000.0,106869000.0,61592000.0,43489000.0
20190411,-12300210.0,17841920.0,12440830.0,26812940.0,19913810.0,25341770.0,23390600.0,9153750.0,23405130.0,140728000.0,97409000.0,210721000.0,156352000.0,199401000.0,184710000.0,72319000.0,184697000.0
20190412,-4191690.0,11819990.0,9797460.0,14903400.0,12734240.0,10737380.0,11226180.0,4247540.0,7950430.0,93747000.0,77515000.0,118022000.0,100860000.0,85084000.0,88932000.0,33669000.0,63215000.0
20190415,195860.0,11271290.0,12953750.0,13302970.0,11816370.0,12841330.0,13412840.0,7854950.0,7087580.0,87882000.0,100838000.0,103672000.0,92002000.0,99857000.0,104581000.0,61225000.0,55215000.0
20190416,312090.0,10129610.0,8464900.0,9486220.0,11463030.0,8391550.0,9914110.0,5323900.0,3489250.0,80321000.0,66960000.0,75183000.0,90612000.0,66086000.0,78472000.0,42182000.0,27728000.0
20190417,10210380.0,12085050.0,17420130.0,18657710.0,23533010.0,31234680.0,22883980.0,14192860.0,12333180.0,88774000.0,128135000.0,137381000.0,173430000.0,230103000.0,168342000.0,104495000.0,90847000.0
20190418,-496490.0,17542590.0,16376200.0,22406790.0,23076680.0,29888510.0,31306640.0,29701300.0,28779660.0,121880000.0,113996000.0,156176000.0,160815000.0,208275000.0,218454000.0,207902000.0,200968000.0
20190419,6079910.0,12131610.0,14316370.0,15530060.0,19425210.0,19983660.0,17535970.0,15331270.0,11699050.0,84128000.0,98846000.0,107543000.0,134310000.0,138033000.0,121073000.0,105195000.0,80671000.0
20190422,-11971250.0,21531910.0,13715560.0,25771000.0,21616100.0,17813150.0,29261000.0,12082800.0,12606200.0,141423000.0,90048000.0,169120000.0,142034000.0,117469000.0,191742000.0,78757000.0,82945000.0
20190423,-10542890.0,17457650.0,11172580.0,28192720.0,23934890.0,18273130.0,24447880.0,6458490.0,10826630.0,118195000.0,75498000.0,190993000.0,161786000.0,123466000.0,165801000.0,43858000.0,73428000.0
20190424,-7060170.0,14687430.0,10825770.0,19885190.0,16686680.0,15208400.0,17220780.0,4490890.0,9538680.0,99864000.0,73410000.0,134968000.0,113348000.0,103014000.0,116785000.0,30341000.0,64644000.0
20190425,-2609950.0,14530160.0,11154690.0,19020320.0,19785830.0,16006420.0,16512830.0,5517360.0,7620900.0,98920000.0,75834000.0,129434000.0,134571000.0,108829000.0,112476000.0,37647000.0,51950000.0
20190426,-6036790.0,13100870.0,10609620.0,20127420.0,16581870.0,10609790.0,11667930.0,3979000.0,8957650.0,90648000.0,73328000.0,139335000.0,114611000.0,73460000.0,80883000.0,27636000.0,62258000.0
20190429,-2726500.0,18175560.0,13944390.0,20637050.0,22141720.0,18641860.0,20450960.0,8428870.0,9346270.0,124750000.0,95813000.0,142014000.0,151994000.0,128026000.0,140553000.0,57803000.0,64233000.0
20190430,2631630.0,9907830.0,13015450.0,19370280.0,18894290.0,17569540.0,14189120.0,4145660.0,4894450.0,69666000.0,91458000.0,136123000.0,132877000.0,123679000.0,99855000.0,29276000.0,34553000.0
20190506,1366920.0,14560740.0,14424260.0,19524700.0,21028100.0,23466880.0,21161510.0,11657470.0,12595920.0,105756000.0,104689000.0,141721000.0,152645000.0,169952000.0,153199000.0,84555000.0,91451000.0
20190507,2855260.0,14503670.0,18132940.0,23390020.0,22616020.0,22106280.0,23750740.0,12093520.0,7593800.0,99675000.0,125059000.0,161289000.0,155766000.0,152234000.0,163120000.0,83121000.0,52375000.0
20190508,7218060.0,10735220.0,14674620.0,16110580.0,19389230.0,23253690.0,16843790.0,7663500.0,6855340.0,74208000.0,101227000.0,111372000.0,134092000.0,160580000.0,116374000.0,53144000.0,47610000.0
20190509,590910.0,9139320.0,9926970.0,19183870.0,18987120.0,18137880.0,16757120.0,4166290.0,4956140.0,63928000.0,69383000.0,134240000.0,133061000.0,126891000.0,117149000.0,29121000.0,34587000.0
20190510,3185530.0,14338800.0,17154320.0,26385770.0,26755780.0,28069660.0,30600120.0,17440430.0,11724440.0,96350000.0,114655000.0,176696000.0,179178000.0,188259000.0,205213000.0,116065000.0,78323000.0
20190513,-4012060.0,8485410.0,6868080.0,13113390.0,10718660.0,15362300.0,13556040.0,2728300.0,8546620.0,57734000.0,46595000.0,89132000.0,72816000.0,104556000.0,92193000.0,18509000.0,58327000.0
20190514,7440570.0,9991380.0,14009880.0,16679620.0,20101690.0,23897790.0,18400610.0,7802270.0,5858880.0,66076000.0,92511000.0,110153000.0,132627000.0,157971000.0,121661000.0,51317000.0,38718000.0
20190515,4670300.0,16663940.0,16687410.0,33839920.0,38486750.0,43163100.0,42675190.0,25034080.0,20851690.0,103370000.0,103969000.0,209798000.0,238513000.0,269742000.0,265825000.0,155764000.0,130367000.0
20190516,-11648010.0,19098470.0,13120400.0,24945900.0,19275960.0,26223750.0,32383880.0,9335050.0,14822930.0,117763000.0,80786000.0,153534000.0,118705000.0,161177000.0,198895000.0,57160000.0,91248000.0
20190517,-175740.0,11419700.0,11399640.0,18673160.0,18517490.0,19880570.0,16776130.0,5109370.0,8389550.0,71834000.0,71427000.0,117034000.0,116050000.0,124298000.0,105271000.0,32244000.0,52662000.0
20190520,-1414870.0,8889380.0,9566500.0,15060980.0,12968990.0,18480270.0,18786720.0,10463340.0,11571760.0,59014000.0,63075000.0,100095000.0,85951000.0,122457000.0,125234000.0,69666000.0,76972000.0
20190521,1033600.0,12406880.0,17640730.0,18732660.0,14532410.0,16276330.0,12933800.0,4885500.0,7194430.0,81625000.0,115855000.0,123277000.0,95446000.0,106959000.0,85014000.0,32002000.0,47549000.0
20190522,2713660.0,12267770.0,17534630.0,15950390.0,13397190.0,14105300.0,13220830.0,8104740.0,6275550.0,80460000.0,114560000.0,104472000.0,87671000.0,92027000.0,86472000.0,52748000.0,41004000.0
20190523,-1975180.0,10355770.0,12188770.0,14250100.0,10441930.0,10179970.0,11033280.0,5808480.0,6930350.0,70239000.0,82662000.0,96599000.0,70709000.0,69138000.0,74859000.0,39579000.0,47325000.0
20190524,1238630.0,9592620.0,11302790.0,11268080.0,10796540.0,10764680.0,9428370.0,3055320.0,3153000.0,66117000.0,77914000.0,77795000.0,74442000.0,74287000.0,65119000.0,21079000.0,21803000.0
20190527,14189790.0,11661170.0,22646100.0,16807190.0,20012050.0,23293810.0,12989960.0,7546410.0,3660470.0,77007000.0,149528000.0,110956000.0,131971000.0,153666000.0,85577000.0,49646000.0,24199000.0
20190528,2858870.0,13177400.0,17693240.0,16737170.0,15080200.0,14306710.0,13358260.0,6143050.0,4232630.0,86006000.0,115288000.0,109299000.0,98248000.0,93167000.0,87098000.0,39801000.0,27640000.0
20190529,-1153340.0,10754640.0,11141420.0,12344450.0,10804320.0,10220910.0,8211430.0,1804200.0,4967020.0,70707000.0,73213000.0,81185000.0,71039000.0,67198000.0,53985000.0,11878000.0,32731000.0
20190530,2690900.0,10315130.0,15244890.0,15701060.0,13462190.0,11634670.0,9529310.0,5765540.0,5180000.0,68711000.0,101394000.0,104643000.0,89585000.0,77244000.0,63309000.0,38225000.0,34535000.0
20190531,8292630.0,14219160.0,18610510.0,21258570.0,25159840.0,22072730.0,18682420.0,10747830.0,5845510.0,91798000.0,119812000.0,137095000.0,162016000.0,142113000.0,120480000.0,69116000.0,37815000.0
20190603,-5360160.0,16130900.0,9756890.0,16370700.0,17384560.0,15050960.0,14499820.0,6038770.0,11950070.0,107190000.0,64865000.0,108676000.0,115456000.0,99876000.0,96354000.0,40153000.0,79220000.0
20190604,-4831480.0,12016350.0,7976760.0,13501710.0,12709810.0,9188430.0,12870460.0,2192080.0,3341530.0,81219000.0,53775000.0,91065000.0,85805000.0,61877000.0,86777000.0,14712000.0,22517000.0
20190605,-3031560.0,10910370.0,8131880.0,11261990.0,11008910.0,9677580.0,9264160.0,3291510.0,6736490.0,74677000.0,55545000.0,76991000.0,75178000.0,66168000.0,63345000.0,22569000.0,46338000.0
20190606,-3160040.0,10177330.0,7779370.0,11568600.0,10806510.0,12409150.0,16311160.0,4752410.0,4010440.0,72007000.0,55041000.0,81858000.0,76475000.0,87878000.0,115399000.0,33597000.0,28424000.0
20190610,711410.0,8706490.0,7412910.0,10139200.0,12144190.0,9529020.0,11344930.0,3350670.0,823350.0,61062000.0,51969000.0,71284000.0,85135000.0,66931000.0,79734000.0,23312000.0,5751000.0
20190611,5125820.0,9174450.0,10623820.0,11636170.0,15312630.0,15292670.0,11595680.0,5507120.0,4078290.0,62195000.0,71849000.0,78805000.0,103457000.0,103358000.0,78613000.0,37042000.0,27481000.0
20190612,-6005960.0,12652730.0,6055970.0,10690330.0,11281130.0,8459570.0,11897700.0,1973220.0,4541050.0,86761000.0,41469000.0,73245000.0,77268000.0,58048000.0,81692000.0,13639000.0,31265000.0
20190613,614560.0,9275110.0,9349520.0,10294210.0,10834380.0,9978010.0,10529470.0,2832350.0,1666330.0,64947000.0,65393000.0,71922000.0,75544000.0,69448000.0,73407000.0,19713000.0,11687000.0
20190614,2903030.0,8394970.0,7544320.0,8820870.0,12574540.0,10713870.0,7384420.0,909810.0,1336230.0,58991000.0,52874000.0,61845000.0,88115000.0,74957000.0,51745000.0,6353000.0,9413000.0
20190617,-4287260.0,15425800.0,11786650.0,17449220.0,16801120.0,20103090.0,24253620.0,9946590.0,10083320.0,114324000.0,87299000.0,129198000.0,124319000.0,149085000.0,180004000.0,73469000.0,74455000.0
20190618,-3668840.0,11595010.0,8981810.0,11649790.0,10594150.0,9051380.0,11007010.0,1788330.0,3501540.0,83811000.0,64976000.0,84286000.0,76652000.0,65672000.0,79742000.0,12944000.0,25342000.0
20190619,-3657900.0,13718520.0,10205660.0,17861640.0,17716600.0,19676780.0,20671640.0,7120760.0,9783800.0,95032000.0,70456000.0,123624000.0,122392000.0,136048000.0,143326000.0,49179000.0,67709000.0
20190620,7148770.0,12361850.0,14375870.0,13657390.0,18792140.0,17843750.0,16164580.0,10997620.0,5528020.0,84665000.0,98370000.0,93173000.0,128350000.0,121745000.0,110069000.0,74681000.0,37475000.0
20190621,-1839520.0,11639140.0,14784470.0,23744280.0,18759420.0,13050470.0,14960180.0,4323130.0,4252940.0,79732000.0,101406000.0,162894000.0,128665000.0,89359000.0,102364000.0,29620000.0,29171000.0
20190624,2482040.0,7051870.0,9531780.0,12787430.0,12789550.0,12640350.0,11701780.0,4140900.0,2597430.0,48418000.0,65184000.0,87505000.0,87474000.0,86500000.0,80118000.0,28144000.0,17791000.0
20190625,-3873660.0,15774810.0,13948660.0,20008470.0,17960970.0,13849810.0,17997840.0,4169780.0,3895410.0,111069000.0,98061000.0,140857000.0,126443000.0,97420000.0,126857000.0,29463000.0,27447000.0
20190626,-10703180.0,17516240.0,8822830.0,20835200.0,18825420.0,17686690.0,27431060.0,4911400.0,5870210.0,126676000.0,63553000.0,151022000.0,136004000.0,128653000.0,199666000.0,35652000.0,42780000.0
20190627,-128190.0,11678220.0,8728960.0,11593470.0,14414560.0,10577680.0,10971870.0,4477700.0,4211700.0,82031000.0,61279000.0,81421000.0,101215000.0,74278000.0,77038000.0,31410000.0,29608000.0
20190628,-580270.0,7015670.0,7314690.0,9340190.0,8460900.0,6200600.0,5906640.0,1398240.0,2272470.0,49716000.0,51740000.0,66126000.0,59958000.0,43882000.0,41829000.0,9903000.0,16100000.0
20190701,6432990.0,7621940.0,11031090.0,12345670.0,15369520.0,15013900.0,13251130.0,10900030.0,6229810.0,52272000.0,75615000.0,84636000.0,105220000.0,102847000.0,90783000.0,74360000.0,42496000.0
20190702,4010420.0,17436530.0,17244150.0,30787190.0,34989980.0,31050530.0,31362550.0,16759510.0,12437070.0,124842000.0,123084000.0,220492000.0,250709000.0,221987000.0,224598000.0,120046000.0,88976000.0
20190703,9671710.0,10408830.0,14390070.0,12330770.0,18021240.0,11576750.0,7104490.0,8123800.0,2924350.0,74647000.0,103182000.0,88385000.0,129190000.0,83017000.0,50950000.0,58265000.0,20992000.0
20190704,852380.0,6399710.0,7457300.0,7996910.0,7791710.0,9775480.0,9156130.0,2328940.0,2095910.0,46217000.0,53782000.0,57708000.0,56191000.0,70518000.0,66095000.0,16802000.0,15177000.0
20190705,-5500030.0,13405150.0,10147550.0,17241800.0,14999380.0,12435690.0,17617850.0,3739340.0,4057210.0,95460000.0,72120000.0,122595000.0,106501000.0,87974000.0,124844000.0,26304000.0,28868000.0
20190708,-3537900.0,10882360.0,7780960.0,12578090.0,12141580.0,7096160.0,9469790.0,3154930.0,4319200.0,79847000.0,57093000.0,92295000.0,89132000.0,52024000.0,69413000.0,23163000.0,31692000.0
20190709,-2614660.0,10586790.0,9275180.0,12416800.0,11113740.0,12283130.0,11885960.0,2990160.0,6001990.0,79466000.0,69552000.0,93235000.0,83359000.0,92330000.0,89318000.0,22478000.0,45279000.0
20190710,-3548810.0,6433540.0,5020130.0,9417180.0,7281770.0,3470450.0,6562660.0,774070.0,1230670.0,48140000.0,37518000.0,70393000.0,54425000.0,25987000.0,49139000.0,5796000.0,9234000.0
20190711,-1883020.0,18438460.0,16338860.0,21168110.0,21384680.0,18118380.0,16585900.0,10630780.0,14046280.0,144142000.0,127541000.0,165569000.0,167049000.0,141933000.0,129755000.0,83031000.0,110331000.0
20190712,3272970.0,15253780.0,16927740.0,20202300.0,21801320.0,17202010.0,19144420.0,9397140.0,4181760.0,113203000.0,125671000.0,150150000.0,161951000.0,127746000.0,142209000.0,69843000.0,31112000.0
20190715,791400.0,10311990.0,12275880.0,13154070.0,11981570.0,14200100.0,13729160.0,3316360.0,2995900.0,76392000.0,90747000.0,97400000.0,88636000.0,105064000.0,101796000.0,24496000.0,22174000.0
20190716,-472790.0,7786840.0,5734290.0,9259100.0,10838860.0,6812320.0,5939180.0,1448720.0,2794650.0,58071000.0,42756000.0,69037000.0,80820000.0,50810000.0,44307000.0,10815000.0,20850000.0
20190717,2170720.0,6128020.0,6824140.0,8247250.0,9721850.0,5516280.0,6056730.0,3561770.0,850600.0,45487000.0,50577000.0,61167000.0,72074000.0,40915000.0,44947000.0,26311000.0,6282000.0
20190718,8474870.0,7598430.0,11177440.0,14554680.0,19450540.0,20268400.0,14422300.0,10481220.0,7852450.0,55264000.0,81216000.0,105712000.0,141372000.0,147282000.0,104827000.0,76279000.0,57121000.0
20190719,278810.0,9048350.0,8501410.0,10134070.0,10959830.0,10945120.0,10735340.0,2333990.0,2264960.0,66044000.0,61816000.0,73774000.0,79737000.0,79420000.0,78138000.0,16928000.0,16477000.0
20190722,-84780.0,5157530.0,5404780.0,6461100.0,6129070.0,3246370.0,3592600.0,1345790.0,1084340.0,38242000.0,40040000.0,47889000.0,45412000.0,24061000.0,26653000.0,9969000.0,8056000.0
20190723,4683880.0,11032890.0,13081940.0,14767040.0,17401870.0,16227300.0,16391050.0,9314430.0,4466800.0,79150000.0,93916000.0,105847000.0,124753000.0,116269000.0,117309000.0,66814000.0,32102000.0
20190724,3820450.0,8079970.0,14760270.0,14234770.0,11374930.0,11044980.0,7281680.0,2238140.0,2180990.0,57402000.0,104842000.0,101107000.0,80703000.0,78402000.0,51707000.0,15843000.0,15502000.0
20190725,-942340.0,8348920.0,10598710.0,18455230.0,15263120.0,14139980.0,16574290.0,8952720.0,7460750.0,58971000.0,74780000.0,130153000.0,107641000.0,99721000.0,116758000.0,62865000.0,52531000.0
20190726,-4128860.0,9395800.0,6584350.0,13146340.0,11828940.0,12373150.0,16905130.0,6800860.0,6397740.0,66124000.0,46194000.0,92411000.0,83069000.0,86961000.0,118970000.0,47865000.0,45127000.0
20190729,3583890.0,12249240.0,11630800.0,14939050.0,19141380.0,16253380.0,16882880.0,9498300.0,5284910.0,83369000.0,79253000.0,101949000.0,130554000.0,111137000.0,115154000.0,64756000.0,36251000.0
20190730,-2405480.0,10358400.0,7554210.0,11701280.0,12100000.0,10502560.0,11454530.0,2974050.0,4427560.0,70465000.0,51313000.0,79512000.0,82194000.0,71261000.0,77819000.0,20186000.0,30099000.0
20190731,-1757460.0,9224380.0,6639220.0,7816890.0,8644600.0,6058830.0,5757710.0,900000.0,2958580.0,63129000.0,45333000.0,53486000.0,59090000.0,41395000.0,39407000.0,6135000.0,20315000.0
20190801,-4337760.0,12098460.0,6574260.0,10011300.0,11197740.0,6642810.0,9443510.0,2670780.0,4207840.0,83859000.0,45485000.0,69390000.0,77536000.0,45989000.0,65480000.0,18469000.0,29206000.0
20190802,-1698980.0,8016800.0,6321850.0,9117850.0,9113810.0,7443030.0,8274850.0,1928530.0,2795690.0,56790000.0,44735000.0,64595000.0,64531000.0,52717000.0,58654000.0,13705000.0,19889000.0
20190805,-4401260.0,9003650.0,5969050.0,8608140.0,7241480.0,6063180.0,6877390.0,3209860.0,6796910.0,64033000.0,42351000.0,61219000.0,51454000.0,43140000.0,48871000.0,23090000.0,48806000.0
20190806,-7177340.0,12747750.0,7003120.0,12443260.0,11010540.0,12029960.0,16080710.0,3363910.0,6490500.0,95508000.0,52430000.0,93268000.0,82488000.0,90115000.0,120324000.0,25268000.0,48918000.0
20190807,-667860.0,8593570.0,7337600.0,7973500.0,8561620.0,8229480.0,10847080.0,4068030.0,2118290.0,64241000.0,54874000.0,59576000.0,63899000.0,61494000.0,80998000.0,30277000.0,15816000.0
20190808,-2757010.0,10958210.0,8176940.0,12014920.0,12039170.0,10605340.0,10255860.0,1485610.0,4592100.0,83127000.0,61812000.0,90956000.0,91146000.0,80327000.0,77795000.0,11290000.0,34946000.0
20190809,2418840.0,8246770.0,9603580.0,10387340.0,11449370.0,7889630.0,8260640.0,3820840.0,1030990.0,62366000.0,72551000.0,78490000.0,86454000.0,59538000.0,62380000.0,28749000.0,7758000.0
20190812,-9496090.0,12208870.0,8140380.0,14754890.0,9327290.0,12285220.0,9700600.0,5322200.0,17402910.0,93141000.0,61718000.0,112544000.0,70902000.0,93719000.0,73987000.0,40676000.0,133472000.0
20190813,-4868580.0,12732970.0,7294910.0,11470550.0,12040020.0,9971040.0,8927790.0,3868340.0,9780170.0,98878000.0,56623000.0,88953000.0,93419000.0,77336000.0,69115000.0,30038000.0,76048000.0
20190814,-239690.0,11826910.0,13007420.0,15112760.0,13692550.0,14970660.0,13719910.0,3306560.0,4797000.0,92901000.0,101938000.0,118576000.0,107332000.0,117248000.0,107743000.0,25951000.0,37662000.0
20190815,4082490.0,12659330.0,14413940.0,15535410.0,17863280.0,18302540.0,16024410.0,8600810.0,6796450.0,99330000.0,112959000.0,121849000.0,139505000.0,142864000.0,125131000.0,66361000.0,52809000.0
20190816,-8444230.0,17813630.0,10208180.0,13498210.0,12659440.0,11031880.0,13250470.0,4291700.0,10517340.0,137137000.0,78346000.0,103924000.0,97220000.0,84801000.0,101932000.0,32971000.0,81334000.0
20190819,1851550.0,14166460.0,14289230.0,16861470.0,18590260.0,19556550.0,13388820.0,7352700.0,11668880.0,108027000.0,108679000.0,128297000.0,141503000.0,148602000.0,101834000.0,55624000.0,88533000.0
20190820,8476590.0,9068430.0,17832610.0,20413570.0,20125990.0,19430570.0,14434450.0,8643410.0,5162940.0,67076000.0,131795000.0,150839000.0,148634000.0,143573000.0,106692000.0,63658000.0,38025000.0
20190821,22367290.0,15461530.0,26831730.0,29680250.0,40677330.0,52737450.0,50886070.0,63246060.0,42730150.0,105121000.0,182664000.0,202596000.0,277198000.0,359438000.0,345812000.0,424989000.0,286471000.0
20190822,-8409220.0,18080750.0,15122830.0,26154360.0,20703060.0,26923200.0,27074290.0,19737940.0,27996070.0,120458000.0,100609000.0,174172000.0,137588000.0,178837000.0,179954000.0,130944000.0,186260000.0
20190823,663010.0,10077100.0,11489790.0,13893560.0,13143880.0,12977510.0,12905500.0,4698840.0,4107840.0,67758000.0,77310000.0,93517000.0,88373000.0,87362000.0,86875000.0,31602000.0,27680000.0
20190826,-1751530.0,9027210.0,9960560.0,15395460.0,12710570.0,14900190.0,13563620.0,6098690.0,9186790.0,62064000.0,68342000.0,105765000.0,87268000.0,102345000.0,93277000.0,41928000.0,63216000.0
20190827,3780040.0,10689960.0,14818690.0,20205300.0,19856600.0,18335990.0,16814360.0,7663210.0,5404800.0,72359000.0,100069000.0,136557000.0,134259000.0,123700000.0,113540000.0,51621000.0,36369000.0
20190828,-2721430.0,12949490.0,13912450.0,25055380.0,21370980.0,31234080.0,31089880.0,17115280.0,19980910.0,85500000.0,91938000.0,165638000.0,141145000.0,206122000.0,205010000.0,112446000.0,131615000.0
20190829,-4499670.0,11833730.0,8501040.0,18137170.0,16970190.0,13436590.0,19354880.0,6324070.0,4905450.0,77701000.0,55635000.0,118893000.0,111177000.0,87944000.0,126855000.0,41289000.0,32159000.0
20190830,-6132960.0,13093460.0,8095990.0,17014050.0,15878570.0,10750050.0,13445940.0,4528870.0,7965940.0,87961000.0,54327000.0,114382000.0,106590000.0,72279000.0,90497000.0,30585000.0,53794000.0
20190902,5886960.0,13292280.0,15758470.0,20008360.0,23429120.0,24072980.0,23888690.0,13192450.0,7489780.0,87828000.0,103624000.0,131726000.0,154339000.0,158302000.0,157051000.0,86480000.0,49322000.0
20190903,3405870.0,10457220.0,11214840.0,15568160.0,18216410.0,19296140.0,13826640.0,4317280.0,6380910.0,68042000.0,72800000.0,101117000.0,118174000.0,124929000.0,89634000.0,28000000.0,41479000.0
20190904,-9033410.0,13064170.0,6057960.0,12798050.0,10770850.0,10673650.0,15778390.0,3301510.0,7230180.0,86180000.0,39885000.0,84412000.0,70972000.0,70167000.0,103866000.0,21792000.0,47826000.0
20190905,-1935300.0,10891680.0,10151730.0,14292650.0,13097310.0,15087240.0,15705770.0,4942590.0,6259360.0,71802000.0,66764000.0,94146000.0,86171000.0,99258000.0,103424000.0,32426000.0,41272000.0
20190906,-4168780.0,12331250.0,6630880.0,11907180.0,13438770.0,15378710.0,16559580.0,5778670.0,8766580.0,82717000.0,44431000.0,79891000.0,90161000.0,103155000.0,111089000.0,38733000.0,58816000.0
20190909,-6177810.0,13166660.0,7503780.0,12990300.0,12475380.0,11053640.0,14152250.0,6579180.0,9658380.0,88657000.0,50454000.0,87454000.0,83917000.0,74432000.0,95249000.0,44218000.0,65141000.0
20190910,-3783080.0,10105070.0,8855020.0,10840240.0,8307210.0,8105920.0,9460380.0,3700290.0,6128910.0,68446000.0,59912000.0,73383000.0,56185000.0,54863000.0,64122000.0,25123000.0,41595000.0
20190911,-1942340.0,10830810.0,9199330.0,10572220.0,10261360.0,10477860.0,11476720.0,3673710.0,4617190.0,74452000.0,63194000.0,72663000.0,70542000.0,72059000.0,78913000.0,25279000.0,31805000.0
20190912,8953010.0,13057550.0,20711240.0,22959810.0,24259130.0,28834500.0,23702550.0,11137940.0,7316880.0,87047000.0,138047000.0,153071000.0,161623000.0,192176000.0,157926000.0,73988000.0,48686000.0
20190916,-1410620.0,10214460.0,7509630.0,11309020.0,12603240.0,12079580.0,11779660.0,6504360.0,8214900.0,68311000.0,50143000.0,75568000.0,84207000.0,80742000.0,78668000.0,43383000.0,54986000.0
20190917,-6167900.0,14133320.0,10021740.0,16450760.0,14394440.0,14051770.0,14572230.0,7892990.0,13540430.0,98187000.0,69656000.0,114420000.0,99886000.0,97682000.0,101129000.0,54671000.0,94289000.0
20190918,-540330.0,6314320.0,6337360.0,8412660.0,7849300.0,7270580.0,6545810.0,2925830.0,4190930.0,44235000.0,44326000.0,58892000.0,54912000.0,50861000.0,45843000.0,20493000.0,29399000.0
20190919,-3386560.0,10440860.0,7020870.0,12032280.0,12065720.0,8917840.0,9282920.0,3420010.0,6441490.0,73143000.0,49001000.0,84128000.0,84337000.0,62249000.0,64830000.0,23913000.0,45265000.0
20190920,28650.0,10874150.0,7461510.0,12072200.0,15513480.0,10750790.0,11029500.0,5727110.0,5419750.0,76773000.0,52509000.0,85224000.0,109343000.0,75749000.0,77721000.0,39978000.0,38151000.0
20190923,-182520.0,11122750.0,10413570.0,17273280.0,17799950.0,18017070.0,17640350.0,6602620.0,7161860.0,79792000.0,74628000.0,123991000.0,127728000.0,129214000.0,126419000.0,47307000.0,51529000.0
20190924,-838390.0,10478390.0,8339160.0,13091040.0,14391880.0,14795230.0,16081920.0,4713290.0,4264990.0,75257000.0,59743000.0,94008000.0,103085000.0,105926000.0,115243000.0,33478000.0,30598000.0
20190925,-11230940.0,17023150.0,9734750.0,21350730.0,17408190.0,13370420.0,18453230.0,2126500.0,8274630.0,126734000.0,72259000.0,158899000.0,129562000.0,99455000.0,137467000.0,15884000.0,61685000.0
20190926,-4690080.0,12972810.0,8049510.0,12927340.0,13160570.0,12858430.0,13066370.0,5043190.0,9525330.0,98844000.0,61469000.0,98462000.0,100230000.0,98174000.0,99501000.0,38429000.0,72710000.0
20190927,-6007550.0,12053490.0,8655030.0,12430470.0,9821380.0,11543220.0,12107810.0,2686940.0,8129900.0,94356000.0,67532000.0,97277000.0,76736000.0,90415000.0,94916000.0,20915000.0,63779000.0
20190930,-1723080.0,6468140.0,5614690.0,7029000.0,6159380.0,6034850.0,5561490.0,1322790.0,3519230.0,50537000.0,43849000.0,54952000.0,48146000.0,47265000.0,43510000.0,10354000.0,27603000.0
20191008,2218630.0,7258680.0,7880740.0,8765500.0,10362080.0,9107520.0,6351570.0,2476160.0,3013480.0,56812000.0,61589000.0,68600000.0,81028000.0,71216000.0,49714000.0,19287000.0,23585000.0
20191009,1070230.0,6120890.0,8502690.0,9710230.0,8398650.0,8032010.0,7289290.0,1604090.0,1276580.0,47295000.0,65657000.0,74935000.0,64827000.0,62002000.0,56237000.0,12341000.0,9853000.0
20191010,-1706910.0,8160530.0,6037470.0,9219650.0,9635790.0,5942510.0,6659910.0,2547190.0,3536700.0,62905000.0,46415000.0,71024000.0,74168000.0,45725000.0,51305000.0,19585000.0,27352000.0
20191011,-1711640.0,13856300.0,9326360.0,12557210.0,15375510.0,10786240.0,10455910.0,3740790.0,5782760.0,109510000.0,73671000.0,99256000.0,121592000.0,85281000.0,82597000.0,29584000.0,45772000.0
20191014,-644000.0,15012910.0,11381780.0,13621640.0,16608760.0,12456390.0,18784040.0,11631740.0,5948090.0,115696000.0,87650000.0,105103000.0,128006000.0,96078000.0,144810000.0,89355000.0,45766000.0
20191015,1604840.0,11995910.0,10333340.0,11100780.0,14368190.0,8662430.0,6703170.0,2048660.0,2403080.0,94721000.0,81468000.0,87543000.0,113574000.0,68320000.0,52754000.0,16140000.0,18928000.0
20191016,-1622290.0,25038040.0,23525740.0,28462330.0,28352340.0,31148710.0,31991140.0,14646230.0,15426090.0,209517000.0,196642000.0,238176000.0,237084000.0,260857000.0,267501000.0,122244000.0,129567000.0
20191017,-1398100.0,16251450.0,12375760.0,15587260.0,18064870.0,11137140.0,12355720.0,2883890.0,3063410.0,130610000.0,99472000.0,125392000.0,145153000.0,89495000.0,99456000.0,23117000.0,24532000.0
20191018,-2232630.0,10955910.0,10622210.0,10535360.0,8636430.0,10061130.0,8796950.0,1776590.0,5273400.0,89857000.0,86959000.0,86359000.0,70668000.0,82529000.0,72291000.0,14723000.0,43549000.0
20191021,-166030.0,9080240.0,8855230.0,7207920.0,7266900.0,4653220.0,5078360.0,696770.0,437660.0,75397000.0,73493000.0,59879000.0,60388000.0,38717000.0,42304000.0,5829000.0,3637000.0
20191022,1311090.0,11429850.0,12834100.0,12801890.0,12708730.0,9930220.0,9144050.0,2612600.0,2087680.0,93472000.0,104404000.0,104383000.0,103476000.0,80584000.0,74637000.0,21045000.0,16968000.0
20191023,3733100.0,8440010.0,11882060.0,10831030.0,11122080.0,13657570.0,7432160.0,2598740.0,5091050.0,66734000.0,93734000.0,85527000.0,87743000.0,107687000.0,58670000.0,20452000.0,40253000.0
20191024,-1594130.0,7787490.0,7215340.0,7001840.0,5979870.0,4251850.0,5626050.0,1553040.0,1772970.0,63030000.0,58437000.0,56771000.0,48407000.0,34416000.0,45571000.0,12528000.0,14330000.0
20191025,3100640.0,11775850.0,16475930.0,18833300.0,17233860.0,16294800.0,13729370.0,7187550.0,6652340.0,93282000.0,130116000.0,148727000.0,136093000.0,128391000.0,108247000.0,56812000.0,52756000.0
20191028,2218220.0,8328270.0,12614180.0,12315910.0,10248230.0,13045580.0,10794250.0,2566770.0,2599880.0,64545000.0,97725000.0,95414000.0,79389000.0,101027000.0,83546000.0,19850000.0,20177000.0
20191029,531550.0,11194900.0,11951580.0,11775880.0,11550770.0,9388810.0,10331320.0,2591210.0,1117150.0,85019000.0,90674000.0,89368000.0,87648000.0,71206000.0,78436000.0,19633000.0,8467000.0
20191030,-2738150.0,9007740.0,6711690.0,8543760.0,8101660.0,5803690.0,6930040.0,923870.0,2535670.0,69160000.0,51521000.0,65621000.0,62207000.0,44599000.0,53247000.0,7116000.0,19520000.0
20191031,-4687150.0,10192260.0,7649750.0,11050900.0,8906260.0,4656810.0,7224940.0,1252110.0,3371130.0,79761000.0,59745000.0,86419000.0,69711000.0,36404000.0,56582000.0,9810000.0,26356000.0
20191101,-3131170.0,8278120.0,6148590.0,8710240.0,7708610.0,5238240.0,7438070.0,1201520.0,2132860.0,66035000.0,48981000.0,69515000.0,61473000.0,41805000.0,59426000.0,9600000.0,17075000.0
20191104,719160.0,6099130.0,5220270.0,4845220.0,6443250.0,5801020.0,4164160.0,719680.0,1637380.0,48391000.0,41371000.0,38426000.0,51084000.0,45995000.0,33055000.0,5712000.0,13014000.0
20191105,961820.0,7096290.0,8445360.0,8518570.0,8131330.0,6874990.0,7500650.0,3963390.0,2375910.0,55319000.0,65739000.0,66464000.0,63313000.0,53516000.0,58455000.0,30752000.0,18544000.0
20191106,2479210.0,7101530.0,9046790.0,8741520.0,9275470.0,9520340.0,7249720.0,3485900.0,3277310.0,54628000.0,69285000.0,67097000.0,71053000.0,72829000.0,55616000.0,26652000.0,25253000.0
20191107,-168980.0,5311910.0,7041810.0,9311910.0,7413030.0,8979730.0,8407840.0,1544830.0,2285700.0,40730000.0,53890000.0,71305000.0,56701000.0,68586000.0,64234000.0,11751000.0,17548000.0
20191108,-1775670.0,5125430.0,4317070.0,5938770.0,4971450.0,3853090.0,4860670.0,2541300.0,3309390.0,39314000.0,33089000.0,45511000.0,38036000.0,29475000.0,37185000.0,19349000.0,25338000.0
20191111,-1477850.0,6008340.0,4530410.0,6463040.0,6463110.0,6486740.0,5217090.0,1211710.0,3959210.0,47630000.0,35858000.0,51203000.0,51263000.0,51427000.0,41316000.0,9613000.0,31435000.0
20191112,-2102860.0,7452280.0,5161620.0,5536880.0,5724680.0,3434550.0,4414030.0,1669700.0,2793080.0,60260000.0,41733000.0,44758000.0,46210000.0,27726000.0,35668000.0,13568000.0,22701000.0
20191113,-4045960.0,11647380.0,6963610.0,9527950.0,10165760.0,6819390.0,9146530.0,2248050.0,3966870.0,96272000.0,57541000.0,78857000.0,84191000.0,56488000.0,75656000.0,18688000.0,32917000.0
20191114,-2219360.0,12138290.0,9153940.0,9277310.0,10042300.0,6913390.0,6608610.0,1467270.0,3991410.0,102650000.0,77379000.0,78445000.0,84919000.0,58459000.0,55864000.0,12400000.0,33793000.0
20191115,-4513250.0,12098960.0,10934300.0,9630370.0,6281790.0,7912280.0,9027930.0,4069360.0,7466960.0,104569000.0,94381000.0,83231000.0,54268000.0,68291000.0,78045000.0,35140000.0,64537000.0
20191118,-510500.0,12451510.0,11424300.0,14240970.0,14757690.0,11186720.0,11738360.0,1828650.0,1787510.0,107515000.0,98587000.0,123044000.0,127338000.0,96552000.0,101649000.0,15848000.0,15385000.0
20191119,2600110.0,11014470.0,12454090.0,15940990.0,17101490.0,17410290.0,15775100.0,3528110.0,2563190.0,90222000.0,102058000.0,130373000.0,140045000.0,142699000.0,129108000.0,28882000.0,20965000.0
20191120,-2528520.0,9280400.0,10305830.0,15144870.0,11590920.0,9707890.0,11659280.0,1850680.0,2427810.0,74359000.0,82385000.0,120949000.0,92603000.0,77452000.0,93098000.0,14773000.0,19447000.0
20191121,-7530.0,5903770.0,5785400.0,4730090.0,4840920.0,2670970.0,3551110.0,1193070.0,320460.0,47608000.0,46624000.0,38142000.0,39009000.0,21507000.0,28630000.0,9591000.0,2585000.0
20191122,1101480.0,8074100.0,12098190.0,16929450.0,14006840.0,10981560.0,10453280.0,4343640.0,3770440.0,63921000.0,95621000.0,134007000.0,110747000.0,86762000.0,82667000.0,34231000.0,29887000.0
20191125,-2804960.0,8830560.0,6218260.0,6294170.0,6101510.0,6980370.0,8753380.0,1715230.0,2747180.0,70476000.0,49571000.0,50161000.0,48614000.0,55547000.0,69790000.0,13693000.0,21902000.0
20191126,28680.0,7552830.0,6302700.0,8195490.0,9474310.0,6824810.0,7330040.0,6107800.0,5573890.0,60735000.0,50566000.0,65833000.0,76090000.0,54654000.0,58705000.0,48594000.0,44454000.0
20191127,-6365640.0,7088550.0,5493390.0,12379920.0,7609440.0,6235420.0,10003770.0,1607740.0,4205030.0,57641000.0,44547000.0,100727000.0,61815000.0,50586000.0,81408000.0,13155000.0,34340000.0
20191128,-4798460.0,13548460.0,10674670.0,15094490.0,13169820.0,8829250.0,12316720.0,3452340.0,4763330.0,106555000.0,83981000.0,118809000.0,103640000.0,69562000.0,96968000.0,27121000.0,37458000.0
20191129,3849790.0,12262680.0,13883780.0,17397740.0,19626430.0,19291460.0,13850110.0,6759370.0,8350930.0,93879000.0,106259000.0,133184000.0,150218000.0,147589000.0,105797000.0,51578000.0,63955000.0
20191202,-3005960.0,17160580.0,13323750.0,21603910.0,22434790.0,23094990.0,20461650.0,6244370.0,11883670.0,127941000.0,99001000.0,160668000.0,166789000.0,171635000.0,152286000.0,46505000.0,88672000.0
20191203,1567680.0,12999110.0,14233130.0,17448040.0,17781710.0,17531210.0,16684090.0,8546550.0,7825990.0,95531000.0,104430000.0,128288000.0,130454000.0,128781000.0,122593000.0,62646000.0,57769000.0
20191204,-3270680.0,9121430.0,7390990.0,11739790.0,10199570.0,9198580.0,11016570.0,1786280.0,3238970.0,67120000.0,54325000.0,86361000.0,74967000.0,67632000.0,81100000.0,13170000.0,23891000.0
20191205,479540.0,8866400.0,8854030.0,11668810.0,12160720.0,13806840.0,13485070.0,5081510.0,4923740.0,64953000.0,64728000.0,85446000.0,88883000.0,100905000.0,98732000.0,37123000.0,36085000.0
20191206,2963920.0,8151950.0,9279530.0,12622740.0,14459070.0,14268680.0,10917360.0,2609770.0,2997170.0,59706000.0,67661000.0,92291000.0,105453000.0,104039000.0,79901000.0,18987000.0,22008000.0
20191209,-1105180.0,9201020.0,7512610.0,9758510.0,10341750.0,7635760.0,8832250.0,1797910.0,1706600.0,67714000.0,55253000.0,71790000.0,76074000.0,56123000.0,64975000.0,13266000.0,12591000.0
20191210,-5299730.0,10476730.0,7147780.0,12577470.0,10606710.0,8608010.0,12863300.0,4084370.0,5128810.0,78527000.0,53560000.0,94261000.0,79483000.0,64510000.0,96382000.0,30603000.0,38475000.0
20191211,-3150450.0,9650170.0,7814340.0,9455510.0,8140890.0,8263840.0,8389820.0,2356640.0,5381110.0,73501000.0,59539000.0,72035000.0,62015000.0,63054000.0,63958000.0,17982000.0,41060000.0
20191212,-3131030.0,8145240.0,7358570.0,9431050.0,7086680.0,8036590.0,9432480.0,2066570.0,3801710.0,62514000.0,56374000.0,72340000.0,54371000.0,61756000.0,72487000.0,15891000.0,29270000.0
20191213,2080920.0,11234490.0,13818660.0,11960920.0,11457680.0,11287880.0,10080130.0,3188300.0,2315130.0,85964000.0,105610000.0,91480000.0,87589000.0,86238000.0,77084000.0,24307000.0,17706000.0
20191216,6639590.0,6630840.0,10515260.0,11029350.0,13784520.0,13256720.0,10377540.0,7376570.0,3616160.0,49233000.0,78005000.0,81795000.0,102322000.0,98336000.0,76934000.0,54690000.0,26793000.0
20191217,-3581620.0,8828320.0,9144400.0,13352860.0,9455150.0,9889730.0,10331920.0,1532540.0,4671970.0,65353000.0,67612000.0,98804000.0,69932000.0,73228000.0,76449000.0,11306000.0,34699000.0
20191218,-3141330.0,8545400.0,6478510.0,7606340.0,6531900.0,8585150.0,9066260.0,2032780.0,4693000.0,64050000.0,48539000.0,56992000.0,48909000.0,64292000.0,67917000.0,15250000.0,35219000.0
20191219,-3095380.0,5568320.0,4741780.0,8673410.0,6404570.0,6673110.0,8014960.0,2059850.0,3813380.0,41928000.0,35652000.0,65315000.0,48146000.0,50182000.0,60320000.0,15495000.0,28801000.0
20191220,-3311190.0,7163490.0,5502510.0,6501650.0,4851440.0,5086630.0,7923390.0,3051810.0,3526240.0,54572000.0,41914000.0,49528000.0,36964000.0,38751000.0,60368000.0,23295000.0,26901000.0
20191223,-3940230.0,8345140.0,3474790.0,6943100.0,7873220.0,7822250.0,9471720.0,1573640.0,3864400.0,64799000.0,26972000.0,53876000.0,61070000.0,60737000.0,73506000.0,12224000.0,30087000.0
20191224,-2000490.0,6842810.0,4870970.0,8062950.0,8034300.0,8483770.0,7436710.0,3526720.0,6574270.0,53850000.0,38270000.0,63485000.0,63200000.0,66694000.0,58520000.0,27688000.0,51728000.0
20191225,1143310.0,6616030.0,8654420.0,9874730.0,8979670.0,14407750.0,14114180.0,6071310.0,5221570.0,50560000.0,66087000.0,75602000.0,68584000.0,109859000.0,107630000.0,46091000.0,39811000.0
20191226,-1861520.0,4960680.0,5678350.0,10247800.0,7668610.0,7743570.0,8765310.0,760040.0,1599820.0,38026000.0,43477000.0,78500000.0,58734000.0,59311000.0,67168000.0,5824000.0,12283000.0
20191227,-3308630.0,6709700.0,5372600.0,10708440.0,8736910.0,5825590.0,8112520.0,3466260.0,4487960.0,51618000.0,41272000.0,82242000.0,67126000.0,44800000.0,62358000.0,26659000.0,34564000.0
20191230,-2078550.0,6048120.0,6662640.0,10022350.0,7329270.0,7834310.0,9212400.0,2440290.0,3140750.0,46735000.0,51256000.0,77300000.0,56452000.0,60497000.0,71230000.0,18812000.0,24405000.0
20191231,1261860.0,4830740.0,4597470.0,8510210.0,10005330.0,8562070.0,7863620.0,2791000.0,2227590.0,36951000.0,35127000.0,65048000.0,76573000.0,65548000.0,60110000.0,21368000.0,17106000.0
20200102,16478460.0,17902030.0,25914040.0,26459400.0,34925840.0,35308270.0,27067890.0,26281880.0,18043800.0,128771000.0,186642000.0,190776000.0,251947000.0,254647000.0,194688000.0,188899000.0,129816000.0
20200103,11633240.0,12462440.0,20685970.0,19781380.0,23191090.0,29016330.0,20175340.0,12036150.0,9243900.0,86939000.0,144090000.0,137887000.0,161353000.0,201930000.0,140464000.0,83473000.0,64322000.0
20200106,6881060.0,16257430.0,17389610.0,23312200.0,29061080.0,30983640.0,30211420.0,25296070.0,19187230.0,108906000.0,116453000.0,156232000.0,194855000.0,207530000.0,202061000.0,168966000.0,128264000.0
20200107,5241070.0,15465240.0,17977690.0,20117610.0,22846220.0,24566460.0,21030580.0,8129530.0,6424340.0,102069000.0,118561000.0,132701000.0,150582000.0,161958000.0,138774000.0,53605000.0,42416000.0
20200108,-5187390.0,20683070.0,20249810.0,30028950.0,25274820.0,21801900.0,24718540.0,10468250.0,12739000.0,136512000.0,133509000.0,197854000.0,166032000.0,142835000.0,162330000.0,68039000.0,83370000.0
20200109,-7746040.0,17868770.0,11123920.0,25182740.0,24181540.0,18438520.0,24106600.0,9660610.0,11738570.0,119099000.0,73878000.0,167566000.0,160811000.0,122432000.0,160566000.0,64146000.0,77990000.0
20200110,-3406260.0,19442920.0,9793060.0,19851600.0,26095210.0,13714220.0,16413430.0,6311190.0,7018240.0,132879000.0,66867000.0,135542000.0,178215000.0,93609000.0,111990000.0,42919000.0,47878000.0
20200113,-16104560.0,17466880.0,8126230.0,20984380.0,14220470.0,21200030.0,34238950.0,7117510.0,10183150.0,121931000.0,56672000.0,146464000.0,99226000.0,148030000.0,239027000.0,49730000.0,71230000.0
20200114,8769600.0,17955550.0,20287050.0,26368810.0,32806910.0,26494450.0,20223480.0,7346270.0,4847640.0,124089000.0,140084000.0,182189000.0,226654000.0,182842000.0,139657000.0,50676000.0,33402000.0
20200115,-904380.0,13411060.0,9108680.0,15770560.0,19168560.0,16133170.0,11031240.0,5013280.0,11019590.0,94534000.0,64150000.0,111039000.0,135005000.0,113628000.0,77631000.0,35275000.0,77690000.0
20200116,4758270.0,8601100.0,8942110.0,12348120.0,16765390.0,16942510.0,12442270.0,8195970.0,7937940.0,60789000.0,63159000.0,87234000.0,118384000.0,119647000.0,87880000.0,57872000.0,56119000.0
20200117,-2066740.0,14497870.0,14102290.0,18309650.0,16638500.0,22198400.0,20456740.0,7591460.0,11399860.0,102710000.0,99787000.0,129440000.0,117541000.0,156953000.0,144595000.0,53506000.0,80686000.0
20200120,-6394210.0,11220360.0,8464330.0,15535170.0,11896980.0,13542130.0,16948470.0,2942360.0,5930230.0,80143000.0,60406000.0,110992000.0,84918000.0,96686000.0,120995000.0,20971000.0,42472000.0
20200121,3771900.0,15435250.0,16338230.0,17880340.0,20749270.0,20693120.0,18756030.0,7994280.0,6159470.0,108937000.0,115139000.0,126152000.0,146298000.0,145853000.0,132290000.0,56265000.0,43480000.0
20200122,668330.0,12417330.0,15325690.0,17367710.0,15127690.0,21250690.0,16133040.0,4420990.0,8870310.0,89717000.0,110604000.0,125335000.0,108913000.0,153082000.0,116452000.0,31897000.0,64063000.0
20200123,1546340.0,12332600.0,12358920.0,17151380.0,18671400.0,20615040.0,17044460.0,7221100.0,9245340.0,89413000.0,89293000.0,124053000.0,134663000.0,148824000.0,123510000.0,52476000.0,67300000.0
20200203,-1298080.0,10105790.0,8060580.0,13541090.0,14288220.0,17793810.0,18548860.0,20827500.0,21370530.0,82624000.0,65865000.0,110702000.0,116840000.0,145518000.0,151698000.0,170607000.0,175048000.0
20200204,4301870.0,13923770.0,17475320.0,18745180.0,19495500.0,21105270.0,20811030.0,13114300.0,9106670.0,109554000.0,137132000.0,146854000.0,152715000.0,165723000.0,163088000.0,101785000.0,70981000.0
20200205,168830.0,12513620.0,13671080.0,14266990.0,13278360.0,17522910.0,15025650.0,4304410.0,6632840.0,94691000.0,103288000.0,107889000.0,100338000.0,132402000.0,113635000.0,32454000.0,50175000.0
20200206,3951850.0,14510250.0,14570190.0,20083490.0,23975410.0,32078750.0,23301190.0,9603460.0,14429170.0,103614000.0,104203000.0,143646000.0,171360000.0,229372000.0,166626000.0,68449000.0,102892000.0
20200207,11930880.0,16942970.0,20821080.0,20065890.0,28118650.0,28700510.0,21334690.0,18108700.0,13543640.0,117285000.0,143944000.0,139037000.0,194332000.0,198191000.0,147389000.0,124406000.0,93254000.0
20200210,-1948850.0,12882200.0,16760820.0,28503660.0,22676180.0,28989370.0,32029520.0,14102240.0,13010940.0,86599000.0,112382000.0,191224000.0,152063000.0,194470000.0,214812000.0,94124000.0,87161000.0
20200211,-105910.0,12282510.0,11869100.0,12591990.0,12899500.0,12737020.0,17391370.0,10894630.0,6346190.0,82450000.0,79583000.0,84530000.0,86481000.0,85509000.0,116659000.0,72953000.0,42718000.0
20200212,8375210.0,24750.0,3927630.0,131450.0,4603790.0,427120.0,4450050.0,31505440.0,19107300.0,151000.0,23964000.0,802000.0,28089000.0,2606000.0,27151000.0,192224000.0,116579000.0
20200213,-20880940.0,26796050.0,15468360.0,41917800.0,32364550.0,48452900.0,54814770.0,240441390.0,254960460.0,148643000.0,85813000.0,232523000.0,179552000.0,268770000.0,304069000.0,1333761000.0,1414263000.0
20200214,-19134480.0,39527340.0,33497370.0,64172750.0,51068240.0,70931320.0,77899100.0,98554710.0,110721410.0,223647000.0,188908000.0,362479000.0,288277000.0,401495000.0,440387000.0,557991000.0,628039000.0
20200217,18728540.0,44205170.0,52078810.0,71683810.0,82538710.0,110818280.0,92900930.0,78259080.0,77447890.0,238074000.0,280329000.0,385944000.0,443753000.0,596887000.0,499568000.0,421226000.0,418481000.0
20200218,12273980.0,39685400.0,47484990.0,65424120.0,69898510.0,97254260.0,90457060.0,57098810.0,51622030.0,204849000.0,244245000.0,337264000.0,360100000.0,499650000.0,465971000.0,293436000.0,264885000.0
20200219,-7163310.0,38843500.0,31098040.0,52686160.0,53268290.0,54840060.0,57396910.0,40869370.0,45475830.0,200976000.0,160715000.0,272285000.0,275278000.0,283461000.0,296223000.0,210707000.0,235211000.0
20200220,5686620.0,31189770.0,30229420.0,42675600.0,49322570.0,56735450.0,51703910.0,36146060.0,35490980.0,162366000.0,156691000.0,221852000.0,256247000.0,294424000.0,268347000.0,187204000.0,184562000.0
20200221,-16732860.0,38294440.0,31290890.0,51182640.0,41453330.0,60303220.0,51699050.0,40288590.0,65625620.0,199827000.0,162695000.0,266745000.0,215627000.0,314203000.0,269418000.0,209670000.0,342705000.0
20200224,-3566170.0,31434810.0,27829500.0,46670270.0,46709410.0,47523700.0,47842750.0,29393950.0,32641070.0,165983000.0,146630000.0,246297000.0,246258000.0,250795000.0,252338000.0,154676000.0,172525000.0
20200225,-6612790.0,40442060.0,33433390.0,55078270.0,55474160.0,69304440.0,72600460.0,36710100.0,40026870.0,215465000.0,177771000.0,292957000.0,294857000.0,368723000.0,386177000.0,195876000.0,214214000.0
20200226,-3384390.0,16663340.0,15249030.0,25097220.0,23127140.0,23973710.0,21891190.0,7725130.0,13192040.0,90764000.0,82950000.0,136806000.0,125969000.0,130355000.0,119024000.0,41991000.0,71973000.0
20200227,8592000.0,19119300.0,23267620.0,24726010.0,29169690.0,30729120.0,32662590.0,26016080.0,15490610.0,104302000.0,126496000.0,134678000.0,158698000.0,166973000.0,177594000.0,141202000.0,84367000.0
20200228,-7368160.0,29436250.0,20796120.0,46750080.0,48022050.0,41407520.0,45887120.0,24796080.0,27684640.0,169296000.0,119460000.0,268779000.0,276133000.0,237956000.0,263863000.0,142613000.0,159188000.0
20200302,-11229350.0,32054170.0,19903000.0,33877380.0,34799190.0,33742080.0,39985910.0,18507790.0,23493310.0,185567000.0,115039000.0,196257000.0,201322000.0,195483000.0,231666000.0,107199000.0,136480000.0
20200303,62290.0,28991480.0,28323800.0,45335410.0,46065370.0,54536750.0,55055670.0,25558570.0,24977360.0,161998000.0,157753000.0,252794000.0,256726000.0,304339000.0,306596000.0,141793000.0,139849000.0
20200304,-21824520.0,32474440.0,16372790.0,38605460.0,32882580.0,44755530.0,45876440.0,15312520.0,36016130.0,192904000.0,97251000.0,229251000.0,195184000.0,265752000.0,272376000.0,90853000.0,213949000.0
20200305,-4018820.0,24567220.0,21050480.0,34293710.0,33791630.0,25529610.0,26505520.0,12026220.0,15069130.0,143785000.0,123032000.0,200757000.0,197821000.0,149363000.0,155066000.0,70028000.0,88013000.0
20200306,-1047260.0,18088660.0,11750500.0,22817860.0,28108760.0,18985960.0,18410420.0,8744240.0,10367040.0,106914000.0,69383000.0,134835000.0,165987000.0,112128000.0,108780000.0,51585000.0,61313000.0
20200309,-34105660.0,48122480.0,30760100.0,64447070.0,47703790.0,66765090.0,79255850.0,27602410.0,49217310.0,308274000.0,196572000.0,412728000.0,304820000.0,428580000.0,507502000.0,176620000.0,317309000.0
20200310,594740.0,31568250.0,30416290.0,51767220.0,53513920.0,57873860.0,60304700.0,21666610.0,18641030.0,205076000.0,196080000.0,334562000.0,345776000.0,373198000.0,389864000.0,140443000.0,121559000.0
20200311,-6283050.0,30964160.0,23114430.0,44032670.0,45599340.0,44987600.0,53405620.0,24764960.0,22629990.0,193156000.0,143440000.0,273255000.0,283000000.0,279041000.0,331564000.0,153433000.0,140881000.0
20200312,-7054730.0,25202420.0,19665310.0,39475680.0,37958070.0,39537040.0,36777620.0,16205360.0,26019510.0,166366000.0,129765000.0,260320000.0,250350000.0,260887000.0,242611000.0,107122000.0,171968000.0
20200313,-8255420.0,31016650.0,20397790.0,43399910.0,45763330.0,39902920.0,44940140.0,26968990.0,30187190.0,214337000.0,140486000.0,298867000.0,315445000.0,275664000.0,310063000.0,186505000.0,209379000.0
20200316,-10432660.0,44163290.0,31516160.0,53744190.0,55958660.0,52494000.0,52630410.0,21802440.0,32098690.0,316612000.0,226531000.0,385058000.0,401485000.0,375712000.0,376261000.0,156358000.0,229463000.0
20200317,-5695470.0,30655300.0,23925890.0,38533390.0,39567330.0,34431070.0,35619910.0,20117940.0,24624570.0,231749000.0,180299000.0,290475000.0,298492000.0,259249000.0,268224000.0,151844000.0,186302000.0
20200318,2443800.0,28455890.0,28418920.0,38086280.0,40567060.0,37901140.0,39411640.0,29559020.0,25604720.0,209589000.0,208573000.0,279882000.0,297948000.0,278181000.0,289716000.0,216986000.0,188400000.0
20200319,11425100.0,31099990.0,31968460.0,39580800.0,50137420.0,42907970.0,36085310.0,22794320.0,18191880.0,235898000.0,241504000.0,299716000.0,379232000.0,323612000.0,272509000.0,171590000.0,137572000.0
20200320,-19008260.0,38954930.0,27136460.0,44595550.0,37405760.0,38558980.0,45011670.0,13678360.0,26233930.0,292392000.0,203339000.0,333050000.0,280188000.0,288816000.0,336719000.0,102440000.0,196452000.0
20200323,-26017380.0,43112670.0,21562490.0,43176520.0,38709320.0,42843840.0,52353790.0,16681110.0,33188540.0,354973000.0,177707000.0,355160000.0,318620000.0,352093000.0,429787000.0,137689000.0,273802000.0
20200324,454130.0,50751440.0,46938340.0,62410690.0,66677920.0,69176340.0,69808730.0,35529910.0,34443390.0,435780000.0,403114000.0,535423000.0,570214000.0,592866000.0,598246000.0,302125000.0,294620000.0
20200325,-8094350.0,43344800.0,44084190.0,66689480.0,57855720.0,83948140.0,100966380.0,69708710.0,60784820.0,353208000.0,357978000.0,542753000.0,470098000.0,681951000.0,821499000.0,564944000.0,493282000.0
20200326,-46216380.0,56175020.0,24751770.0,62478100.0,47684970.0,67449060.0,105462260.0,39761090.0,47964270.0,482361000.0,212580000.0,535842000.0,409040000.0,578585000.0,903571000.0,340081000.0,411677000.0
20200327,5553610.0,55499340.0,57684420.0,70677790.0,74046320.0,86710430.0,87213630.0,58519340.0,52462530.0,465827000.0,481887000.0,591037000.0,619962000.0,725228000.0,729751000.0,488360000.0,438853000.0
20200330,-15027540.0,39633970.0,31332470.0,53866740.0,47140720.0,48039550.0,62646930.0,41114190.0,41534350.0,343084000.0,270089000.0,465223000.0,406776000.0,414910000.0,541210000.0,354814000.0,359957000.0
20200331,-12140000.0,35930190.0,25218250.0,42082720.0,40654660.0,47554650.0,44709940.0,28739110.0,43723820.0,310076000.0,217085000.0,362684000.0,350126000.0,409045000.0,384182000.0,245949000.0,376362000.0
20200401,5572280.0,45494710.0,51271630.0,65061330.0,64856700.0,78134850.0,74628990.0,61392950.0,59326530.0,379302000.0,425990000.0,542297000.0,539390000.0,651060000.0,622102000.0,509095000.0,494270000.0
20200402,21634480.0,40676450.0,53088160.0,62333170.0,71555940.0,74863600.0,67385150.0,67211850.0,53055820.0,331996000.0,432094000.0,508527000.0,582843000.0,610334000.0,549320000.0,546778000.0,433377000.0
20200403,-32498810.0,48309970.0,30621040.0,54809210.0,39999330.0,49944890.0,52247480.0,24092750.0,54288970.0,392331000.0,248636000.0,444991000.0,324371000.0,405043000.0,423829000.0,195561000.0,441090000.0
20200407,11261490.0,37678310.0,41219280.0,48245420.0,55965940.0,56466250.0,54190100.0,47598720.0,38613380.0,297386000.0,325371000.0,381325000.0,442082000.0,446404000.0,428512000.0,376495000.0,305646000.0
20200408,-19236900.0,33884200.0,21353040.0,40812610.0,34106870.0,38313070.0,45454900.0,25798940.0,37894010.0,270934000.0,170606000.0,326256000.0,272509000.0,306062000.0,363119000.0,206064000.0,303082000.0
20200409,-7389730.0,38427890.0,21225640.0,41550620.0,51363140.0,41665910.0,37841230.0,22598520.0,33812930.0,312499000.0,172417000.0,337739000.0,417660000.0,338651000.0,307346000.0,183570000.0,275035000.0
20200410,-32630750.0,42852380.0,20239360.0,44567660.0,34549940.0,37404170.0,46387950.0,19357940.0,43004910.0,359003000.0,168925000.0,373535000.0,289064000.0,312904000.0,388212000.0,162106000.0,361348000.0
20200413,-18216740.0,33455240.0,17969270.0,31213870.0,28483100.0,27049670.0,32693950.0,17374920.0,29947380.0,294690000.0,158297000.0,274998000.0,250808000.0,238389000.0,287786000.0,152984000.0,264169000.0
20200414,10188130.0,20259430.0,30053670.0,32283180.0,32677060.0,35000280.0,34144950.0,23073460.0,13740660.0,174045000.0,257304000.0,276841000.0,280225000.0,299679000.0,292850000.0,197749000.0,117935000.0
20200415,-3602650.0,33062740.0,27951570.0,36784230.0,38292750.0,36086510.0,38546560.0,21785960.0,22928560.0,276473000.0,233208000.0,307419000.0,319723000.0,301482000.0,322107000.0,181470000.0,191807000.0
20200416,13822880.0,20365300.0,26941040.0,26384370.0,33631500.0,36812680.0,36650120.0,30707480.0,17047160.0,169716000.0,223686000.0,219739000.0,279506000.0,306307000.0,304503000.0,254241000.0,142308000.0
20200417,25799360.0,46141290.0,67487740.0,76826130.0,81279040.0,102525510.0,90235380.0,79619420.0,66110190.0,358925000.0,524464000.0,597092000.0,632440000.0,798186000.0,702037000.0,621076000.0,516338000.0
20200420,-20053640.0,50372420.0,36361590.0,59881930.0,53839110.0,54645030.0,64484060.0,42785680.0,53000290.0,405410000.0,290288000.0,480600000.0,430847000.0,437849000.0,517864000.0,341908000.0,426769000.0
20200421,-8376950.0,41647050.0,36450240.0,46324660.0,43144520.0,45103420.0,58558190.0,50130430.0,45052610.0,336751000.0,293823000.0,374074000.0,347647000.0,364004000.0,472476000.0,403434000.0,364316000.0
20200422,23350020.0,43920380.0,59564320.0,61730710.0,69436780.0,73846840.0,64246760.0,53049230.0,39299290.0,339882000.0,460831000.0,477518000.0,537858000.0,572829000.0,497711000.0,409146000.0,302974000.0
20200423,7841680.0,44271290.0,42516880.0,44547850.0,54143940.0,45885360.0,57255260.0,54698310.0,35486730.0,336617000.0,322259000.0,338310000.0,410656000.0,348037000.0,434090000.0,413710000.0,269669000.0
20200424,-11143770.0,35337710.0,22656700.0,33876510.0,35413770.0,29788380.0,35381960.0,19400270.0,24950460.0,273640000.0,175158000.0,262319000.0,273990000.0,230822000.0,273889000.0,149616000.0,193360000.0
20200427,20163530.0,29259550.0,29142800.0,34835030.0,55115310.0,32934050.0,44024010.0,55207140.0,23953650.0,225807000.0,224478000.0,268646000.0,424358000.0,253934000.0,339725000.0,425001000.0,184826000.0
20200428,37523020.0,35214580.0,55471910.0,57039280.0,74304960.0,68752060.0,68855870.0,78808800.0,41181970.0,263587000.0,411358000.0,423880000.0,551282000.0,509112000.0,510250000.0,580982000.0,304672000.0
20200429,8227140.0,45296620.0,43798960.0,54531200.0,64256000.0,67687500.0,73962750.0,51090060.0,36587670.0,320298000.0,309853000.0,386231000.0,454954000.0,479611000.0,523503000.0,360822000.0,258653000.0
20200430,27133910.0,32933610.0,43460350.0,48869580.0,65476740.0,65813000.0,66190380.0,60250960.0,32739670.0,220084000.0,290763000.0,327112000.0,438307000.0,441213000.0,442979000.0,403086000.0,219447000.0
20200506,-3806030.0,36272730.0,35804950.0,48763880.0,45425620.0,49413990.0,44958400.0,34811100.0,43072720.0,242806000.0,239197000.0,326256000.0,303342000.0,330023000.0,300502000.0,232119000.0,288164000.0
20200507,-3543130.0,35849340.0,35430350.0,51363930.0,48239780.0,56880440.0,48707700.0,15426140.0,27142010.0,235927000.0,232495000.0,337691000.0,317156000.0,373445000.0,320141000.0,101419000.0,178690000.0
20200508,-18631260.0,40565820.0,28094860.0,53324900.0,47164600.0,46520260.0,57241460.0,34249830.0,42159890.0,274101000.0,189704000.0,360071000.0,318374000.0,313948000.0,386552000.0,231530000.0,285020000.0
20200511,-24833580.0,40389990.0,25843540.0,49099240.0,38812100.0,44255130.0,53885380.0,23524590.0,38727920.0,280690000.0,179293000.0,340993000.0,269449000.0,307262000.0,374250000.0,163175000.0,269127000.0
20200512,17340780.0,36001250.0,47511670.0,52447610.0,58277970.0,61213350.0,64376700.0,52343010.0,31838880.0,246095000.0,323928000.0,358093000.0,398016000.0,417622000.0,439711000.0,356766000.0,216920000.0
20200513,-9870690.0,34040690.0,23439640.0,40837400.0,41567770.0,41310940.0,37900810.0,16255340.0,29536160.0,231060000.0,158907000.0,277047000.0,281901000.0,280223000.0,256993000.0,110125000.0,200655000.0
20200514,-21401190.0,41424430.0,21298880.0,43239370.0,41963730.0,38547290.0,49988440.0,20662340.0,30622380.0,290925000.0,149331000.0,303163000.0,294239000.0,270385000.0,350630000.0,144989000.0,215262000.0
20200515,-9997770.0,26892520.0,23256730.0,37768750.0,31406760.0,38920910.0,47383150.0,26588230.0,28123760.0,190949000.0,164171000.0,267614000.0,222210000.0,275236000.0,335342000.0,187688000.0,199763000.0
20200518,-691060.0,32509830.0,35760600.0,49297810.0,45355990.0,49957600.0,59629900.0,38342250.0,29361010.0,225532000.0,247476000.0,341883000.0,314224000.0,346256000.0,412886000.0,264465000.0,203549000.0
20200519,3555290.0,29164840.0,31070770.0,43145930.0,44795280.0,49737830.0,56697540.0,45947360.0,35432360.0,197202000.0,209679000.0,291454000.0,302549000.0,336011000.0,382639000.0,309675000.0,239475000.0
20200520,-2482090.0,21756310.0,19763210.0,28637680.0,28148690.0,30819600.0,34236320.0,19400470.0,18465840.0,148563000.0,134538000.0,195326000.0,191778000.0,210186000.0,233212000.0,131972000.0,126518000.0
20200521,-27474880.0,42845600.0,22248830.0,49400550.0,42522440.0,49284350.0,49925410.0,20072150.0,46905970.0,308157000.0,160141000.0,355218000.0,305672000.0,354759000.0,359395000.0,144164000.0,337090000.0
20200522,-6693770.0,26780150.0,20096950.0,31239620.0,31229050.0,32767730.0,32893380.0,14124720.0,20692840.0,199702000.0,149762000.0,232775000.0,232623000.0,244496000.0,245387000.0,104941000.0,154143000.0
20200525,-3646390.0,19119350.0,15970150.0,23571150.0,23073970.0,29775030.0,26646150.0,7403340.0,14178610.0,146140000.0,121729000.0,180005000.0,176157000.0,227390000.0,203382000.0,56569000.0,108837000.0
20200526,10069290.0,11595150.0,17985240.0,17846320.0,21525510.0,26330860.0,24715140.0,18728460.0,10274890.0,87344000.0,135311000.0,134391000.0,161952000.0,198286000.0,185964000.0,140640000.0,77435000.0
20200527,871370.0,13648680.0,14469980.0,20542840.0,20592910.0,19819640.0,18820240.0,6116920.0,6244950.0,103161000.0,108959000.0,154889000.0,155363000.0,149567000.0,142087000.0,45947000.0,47154000.0
20200528,-7386030.0,15562990.0,12799820.0,19204890.0,14582020.0,17054310.0,19276040.0,5348900.0,10513200.0,118805000.0,97550000.0,146605000.0,111194000.0,130028000.0,147036000.0,40741000.0,80399000.0
20200529,14110000.0,19738980.0,27646840.0,29412950.0,35615090.0,36080370.0,41439840.0,41950880.0,22481410.0,144965000.0,203243000.0,216185000.0,261946000.0,264789000.0,304168000.0,308285000.0,164867000.0
20200601,14175790.0,17087910.0,26574550.0,28926620.0,33615760.0,30526820.0,36292040.0,39098920.0,19157910.0,121893000.0,188608000.0,206081000.0,238997000.0,217597000.0,258631000.0,277122000.0,136456000.0
20200602,-1339110.0,18018990.0,15368930.0,22227540.0,23538500.0,22811210.0,24052610.0,10391770.0,10489480.0,126613000.0,107878000.0,156054000.0,165141000.0,160039000.0,168831000.0,72827000.0,73683000.0
20200603,-1486920.0,16096700.0,15474010.0,20946360.0,20082130.0,18144080.0,22367520.0,14670790.0,11934270.0,114193000.0,109587000.0,148468000.0,142246000.0,128582000.0,158419000.0,103715000.0,84705000.0
20200604,-3839670.0,11697610.0,10555460.0,18171520.0,15474000.0,15082350.0,17266040.0,5654630.0,7310610.0,83271000.0,75059000.0,129279000.0,110097000.0,107315000.0,122895000.0,40231000.0,52045000.0
20200605,674340.0,13461550.0,11050140.0,14776120.0,17861860.0,23526340.0,18195540.0,4613490.0,9269950.0,96879000.0,79436000.0,106328000.0,128435000.0,169239000.0,130933000.0,33221000.0,66864000.0
20200608,20601760.0,20694520.0,35328340.0,37017170.0,42985110.0,49268870.0,44476880.0,42392880.0,26583110.0,142355000.0,242571000.0,254852000.0,295213000.0,338538000.0,305655000.0,290236000.0,182541000.0
20200609,2936330.0,17422280.0,17074550.0,20026070.0,23310140.0,23909190.0,30941000.0,19936820.0,9968680.0,117852000.0,115431000.0,135475000.0,157624000.0,161725000.0,209318000.0,134712000.0,67390000.0
20200610,3851200.0,14628570.0,19153070.0,24217000.0,23543700.0,31508150.0,28736710.0,15642660.0,14562900.0,98657000.0,128920000.0,163278000.0,158583000.0,212335000.0,193657000.0,105102000.0,98212000.0
20200611,8844530.0,23463580.0,29359610.0,38388680.0,41337190.0,52985450.0,46876380.0,27656140.0,24920680.0,153774000.0,192116000.0,251621000.0,270653000.0,347343000.0,307101000.0,180662000.0,163530000.0
20200612,-7307090.0,19348790.0,15958210.0,28638230.0,24721730.0,29062260.0,32292890.0,15400540.0,19477000.0,130865000.0,107838000.0,193596000.0,167047000.0,196464000.0,218207000.0,104177000.0,132010000.0
20200615,421460.0,16875150.0,17813950.0,27270780.0,26753450.0,26353180.0,31965570.0,22413510.0,16379660.0,115760000.0,121691000.0,186856000.0,183083000.0,180750000.0,219240000.0,152638000.0,111991000.0
20200616,8334560.0,15044500.0,17977000.0,21602400.0,27004470.0,35209250.0,26641300.0,9421590.0,9654980.0,100059000.0,119328000.0,143616000.0,179419000.0,233834000.0,177066000.0,62597000.0,64293000.0
20200617,-3126960.0,15599540.0,11715860.0,19367600.0,20124340.0,23711150.0,24369800.0,9209050.0,11677360.0,105238000.0,79003000.0,130575000.0,135697000.0,160029000.0,164327000.0,62117000.0,78932000.0
20200618,1215260.0,11982190.0,10885690.0,15842380.0,18154120.0,19042470.0,18912090.0,7275150.0,6190270.0,80954000.0,73275000.0,106948000.0,122233000.0,128239000.0,127775000.0,48945000.0,41802000.0
20200619,-1414770.0,13262460.0,12451230.0,20598230.0,19994700.0,25548890.0,27928490.0,11739920.0,10775090.0,88821000.0,83251000.0,137861000.0,133767000.0,170907000.0,186899000.0,78646000.0,72319000.0
20200622,19584120.0,20278050.0,31408010.0,30451470.0,38905640.0,47789140.0,39956130.0,33512610.0,21761500.0,130575000.0,202254000.0,196454000.0,250680000.0,308355000.0,257780000.0,215653000.0,140323000.0
20200623,11267940.0,25275410.0,31155300.0,39971520.0,45359570.0,54096730.0,55544490.0,35318740.0,22603040.0,155659000.0,191902000.0,246630000.0,279888000.0,333188000.0,341938000.0,216763000.0,138513000.0
20200624,13318540.0,29066460.0,35949760.0,47893920.0,54329150.0,81102300.0,75417880.0,35367170.0,27733050.0,168634000.0,208556000.0,277834000.0,315462000.0,470571000.0,437382000.0,205398000.0,161037000.0
20200629,-18267350.0,34714800.0,27660490.0,60194540.0,48981480.0,66994270.0,89910430.0,31464320.0,26815510.0,197038000.0,156365000.0,341127000.0,276876000.0,379072000.0,509610000.0,178106000.0,152492000.0
20200630,8080090.0,24681280.0,36792740.0,43392340.0,39360970.0,53858280.0,46809420.0,32031520.0,31000290.0,141858000.0,210929000.0,249088000.0,225560000.0,308630000.0,267811000.0,182598000.0,177874000.0
20200701,18486620.0,20402710.0,29765500.0,34964770.0,44088580.0,58506530.0,59126820.0,50418690.0,31311780.0,114476000.0,166531000.0,196297000.0,246961000.0,328151000.0,331531000.0,281529000.0,175431000.0
20200702,2319090.0,34176320.0,37313600.0,62226200.0,61408000.0,70682640.0,77849720.0,50304440.0,40818270.0,177887000.0,194254000.0,324084000.0,319729000.0,368170000.0,404947000.0,261750000.0,212960000.0
20200703,1011820.0,29182480.0,26040030.0,38762120.0,42916380.0,40986220.0,40491170.0,20255310.0,19738540.0,153566000.0,136723000.0,203517000.0,225004000.0,214788000.0,212297000.0,106118000.0,103965000.0
20200706,8301450.0,26238490.0,29312610.0,43794390.0,49021730.0,54672400.0,56540180.0,44085530.0,33916300.0,133770000.0,149286000.0,223315000.0,249848000.0,278901000.0,287824000.0,223705000.0,172733000.0
20200707,956870.0,27306300.0,24018580.0,32548930.0,36793520.0,42809490.0,46979940.0,47251360.0,42124040.0,135582000.0,118749000.0,161546000.0,182147000.0,212105000.0,232521000.0,232503000.0,208319000.0
20200708,-4655790.0,26201450.0,19017420.0,30752910.0,33281150.0,32643230.0,41761870.0,25407990.0,20945140.0,133212000.0,96563000.0,156384000.0,169208000.0,165964000.0,212238000.0,129210000.0,106761000.0
20200709,-857260.0,22083740.0,20767520.0,36230740.0,36689700.0,36543660.0,41303830.0,30448760.0,26545850.0,108923000.0,101977000.0,178350000.0,180213000.0,179474000.0,203099000.0,149126000.0,130584000.0
20200710,-7326550.0,22011610.0,16479960.0,28211220.0,26416320.0,26505620.0,35173410.0,15312750.0,13971510.0,110433000.0,82552000.0,141479000.0,132389000.0,132859000.0,176312000.0,76762000.0,70280000.0
20200713,2586130.0,19695900.0,20783500.0,27319350.0,28817870.0,33230120.0,32991560.0,28512270.0,26164700.0,97317000.0,102481000.0,135058000.0,142301000.0,163981000.0,162841000.0,140314000.0,129047000.0
20200714,-9960050.0,35374080.0,23546500.0,48063680.0,49931220.0,61840590.0,64928290.0,47774730.0,54647080.0,174838000.0,115394000.0,236712000.0,245253000.0,304430000.0,318376000.0,234055000.0,271012000.0
20200715,10225670.0,29661210.0,34421750.0,53718700.0,59183830.0,72570750.0,74665800.0,60248140.0,47927420.0,144201000.0,166279000.0,261745000.0,286632000.0,351349000.0,362977000.0,289658000.0,231065000.0
20200716,-870830.0,30776970.0,28023580.0,51182750.0,53065300.0,48264000.0,52669630.0,47287470.0,43752670.0,152548000.0,138521000.0,253209000.0,262013000.0,239205000.0,260966000.0,234337000.0,217800000.0
20200717,-702040.0,25766690.0,22387330.0,38802670.0,41479990.0,37394570.0,40060880.0,20774570.0,18810300.0,130234000.0,112897000.0,195922000.0,209215000.0,188616000.0,201747000.0,104110000.0,95023000.0
20200720,22981580.0,25772700.0,34332120.0,48726160.0,63148320.0,72442610.0,78844680.0,90859500.0,61475850.0,120346000.0,159443000.0,227198000.0,293649000.0,336649000.0,366282000.0,419259000.0,284078000.0
20200721,-6152750.0,35500840.0,30614780.0,62090520.0,60823830.0,96354440.0,116918440.0,170085650.0,155674400.0,153773000.0,131582000.0,268247000.0,260790000.0,414489000.0,502419000.0,719446000.0,661164000.0
20200722,3349520.0,32197780.0,29569520.0,54259290.0,60237050.0,85639470.0,91111570.0,69932220.0,61110600.0,142402000.0,130365000.0,239712000.0,266189000.0,378397000.0,402594000.0,310101000.0,271464000.0
20200723,615930.0,34352600.0,38881580.0,64108780.0,60195740.0,104616790.0,103228000.0,95404990.0,96177850.0,141766000.0,160854000.0,265281000.0,249051000.0,433852000.0,426548000.0,393824000.0,398270000.0
20200724,-7194310.0,30927870.0,28393600.0,48778860.0,44118840.0,70898020.0,69727690.0,48308560.0,56673200.0,128024000.0,117353000.0,202072000.0,182371000.0,293489000.0,288661000.0,199835000.0,235036000.0
20200727,-6408210.0,33877210.0,29317480.0,60074390.0,58225920.0,93551230.0,86569920.0,76532950.0,89922470.0,136270000.0,116860000.0,241033000.0,232675000.0,374130000.0,346412000.0,304134000.0,359621000.0
20200728,-23182890.0,35433890.0,19391970.0,48355900.0,41214920.0,52988250.0,60811000.0,33998470.0,49358610.0,148425000.0,80996000.0,202607000.0,172257000.0,222391000.0,254803000.0,143200000.0,208568000.0
20200729,-8219330.0,30110710.0,31595300.0,55315900.0,45611990.0,66990180.0,72450850.0,59836150.0,62594810.0,125498000.0,130625000.0,229998000.0,189888000.0,277967000.0,301690000.0,246199000.0,257459000.0
20200730,4756470.0,29366870.0,38317460.0,55084670.0,50890560.0,85339310.0,79322440.0,82875330.0,84135730.0,114974000.0,148493000.0,215256000.0,197498000.0,332582000.0,308212000.0,318369000.0,326977000.0
20200731,-5234740.0,37336330.0,34231130.0,51783860.0,49654320.0,72633450.0,68492970.0,64727320.0,74102540.0,136534000.0,125022000.0,188930000.0,181338000.0,264490000.0,249976000.0,235976000.0,269595000.0
20200803,-15476960.0,33823190.0,26469550.0,45707920.0,37584590.0,59576440.0,55446920.0,19778840.0,39385320.0,123484000.0,96288000.0,166633000.0,136903000.0,216634000.0,201893000.0,71813000.0,143480000.0
20200804,-26175680.0,54565690.0,22815370.0,56470430.0,62045080.0,59350890.0,79578620.0,39692140.0,45640090.0,207141000.0,86470000.0,214108000.0,235507000.0,225410000.0,302212000.0,150565000.0,173035000.0
20200805,-12736150.0,33634380.0,25803610.0,46879090.0,41973710.0,45808130.0,55513430.0,24026570.0,27057420.0,129436000.0,99090000.0,180433000.0,161514000.0,176293000.0,213597000.0,92376000.0,104338000.0
20200806,-51491210.0,59647720.0,21687310.0,61643380.0,48112580.0,53305790.0,85629920.0,42648020.0,61815100.0,238521000.0,86542000.0,246393000.0,192405000.0,212865000.0,341787000.0,170343000.0,247387000.0
20200807,-4262220.0,41232190.0,36939820.0,64733180.0,64763330.0,80823610.0,91771230.0,63562720.0,56877320.0,165325000.0,146787000.0,258282000.0,258416000.0,321882000.0,366023000.0,252383000.0,226647000.0
20200810,26594970.0,37446820.0,48895070.0,58339880.0,73486620.0,77898560.0,83498630.0,81700440.0,49505400.0,143174000.0,186077000.0,222480000.0,279969000.0,296768000.0,318233000.0,310512000.0,188654000.0
20200811,-37637130.0,65863050.0,28390530.0,67599580.0,67434970.0,72421870.0,88959400.0,51980350.0,73079950.0,261386000.0,111861000.0,267351000.0,266828000.0,285324000.0,351524000.0,205615000.0,289463000.0
20200812,-28881650.0,54769630.0,31473780.0,66636430.0,61050620.0,77709260.0,106932310.0,47296880.0,46955480.0,236007000.0,135472000.0,287302000.0,262487000.0,334893000.0,460705000.0,203815000.0,203355000.0
20200813,-5025400.0,33006840.0,25162080.0,36314840.0,39134180.0,41384670.0,58232400.0,38809580.0,26987250.0,139363000.0,105990000.0,153188000.0,164904000.0,174369000.0,245486000.0,163236000.0,113776000.0
20200814,-15247680.0,27222440.0,20377610.0,36726570.0,28323720.0,28659900.0,38476820.0,10949510.0,16380270.0,116823000.0,87271000.0,157484000.0,121370000.0,122877000.0,165049000.0,46960000.0,70454000.0
20200817,-37306250.0,50576200.0,29515000.0,63293670.0,47048620.0,54264480.0,80678440.0,33629690.0,44521980.0,219962000.0,127952000.0,275321000.0,204200000.0,236151000.0,351122000.0,146351000.0,194512000.0
20200818,-13821150.0,41153920.0,31709120.0,50748750.0,46372390.0,50602290.0,55903230.0,27306670.0,35826880.0,177101000.0,136108000.0,218200000.0,199227000.0,217414000.0,240186000.0,117169000.0,154364000.0
20200819,-18250780.0,34671750.0,23201950.0,38627280.0,31846300.0,30377600.0,39573790.0,14684080.0,23738670.0,152629000.0,101934000.0,169894000.0,140059000.0,133549000.0,174279000.0,64695000.0,104496000.0
20200820,-12777250.0,28269360.0,24191910.0,35434220.0,26734410.0,26748960.0,35482050.0,15906310.0,19950470.0,126830000.0,108315000.0,158800000.0,119681000.0,119649000.0,158978000.0,71064000.0,89369000.0
20200821,12422200.0,31592170.0,41611910.0,47053360.0,49455830.0,52072850.0,44777530.0,24508430.0,19381550.0,138343000.0,182053000.0,205957000.0,216389000.0,227950000.0,195946000.0,107025000.0,84888000.0
20200824,23377480.0,32505990.0,50875570.0,48583660.0,53591560.0,63268770.0,54369220.0,50208340.0,35730410.0,137629000.0,215413000.0,206003000.0,227244000.0,268484000.0,230717000.0,213187000.0,151928000.0
20200825,-5437230.0,36528030.0,24147660.0,37267150.0,44210290.0,43724720.0,49919910.0,20128750.0,19370790.0,154972000.0,102456000.0,158034000.0,187537000.0,185550000.0,211682000.0,85353000.0,82235000.0
20200826,-29989990.0,52410760.0,33569980.0,58197000.0,47047790.0,59699660.0,71633810.0,35014130.0,53069970.0,236203000.0,151540000.0,262700000.0,211683000.0,270194000.0,323869000.0,158219000.0,240224000.0
20200827,29299300.0,26094480.0,56185120.0,48343450.0,47552110.0,63726290.0,49033490.0,35350440.0,20743940.0,114648000.0,245645000.0,212287000.0,208446000.0,279044000.0,215532000.0,154634000.0,90991000.0
20200828,9688570.0,23774020.0,31307410.0,36039750.0,38194920.0,35271020.0,35094010.0,22138120.0,12626560.0,101395000.0,133270000.0,153624000.0,162662000.0,150226000.0,149538000.0,93922000.0,53695000.0
20200831,21028850.0,27478410.0,36455440.0,37891170.0,49942980.0,51889430.0,48552560.0,39292990.0,21601010.0,112387000.0,148843000.0,155037000.0,204153000.0,212051000.0,198180000.0,160100000.0,88399000.0
20200901,17428370.0,31355010.0,40501950.0,43503660.0,51785100.0,51310470.0,54492350.0,43844290.0,23234040.0,126616000.0,162054000.0,175375000.0,208209000.0,206478000.0,219490000.0,175452000.0,94170000.0
20200902,-368330.0,26592000.0,24503090.0,32987070.0,34707660.0,40875590.0,38014880.0,14790160.0,18019200.0,105664000.0,97245000.0,130951000.0,137688000.0,162316000.0,150924000.0,58698000.0,71771000.0
20200903,-3737400.0,23650030.0,18629740.0,24710170.0,25993070.0,24923260.0,27237920.0,17696170.0,19118910.0,97097000.0,76591000.0,101481000.0,106672000.0,102341000.0,111774000.0,72805000.0,78686000.0
20200904,-3223560.0,23742980.0,15071860.0,25538200.0,30985750.0,33043810.0,38270770.0,21602820.0,19599420.0,100597000.0,63759000.0,108152000.0,131154000.0,139952000.0,162032000.0,91389000.0,83145000.0
20200907,-3046910.0,20819590.0,18188340.0,28078750.0,27663080.0,23874160.0,27379100.0,16852140.0,16394110.0,88957000.0,77579000.0,119910000.0,118041000.0,101883000.0,116853000.0,71975000.0,70251000.0
20200908,11054780.0,20102140.0,30522290.0,37827570.0,38462200.0,39476060.0,35035520.0,30344690.0,23730450.0,84634000.0,128290000.0,159020000.0,161510000.0,165883000.0,147482000.0,127307000.0,99563000.0
20200909,-4683080.0,25770420.0,18065930.0,27371600.0,30393010.0,30959630.0,36188100.0,21227900.0,20682510.0,112088000.0,78397000.0,118905000.0,132156000.0,134606000.0,157319000.0,92394000.0,90120000.0
20200910,5685540.0,22936350.0,18775920.0,27422630.0,37268600.0,33655040.0,24863840.0,13128580.0,16234240.0,100024000.0,81550000.0,119184000.0,161689000.0,145803000.0,108278000.0,57067000.0,70562000.0
20200911,35225540.0,29012620.0,47125890.0,49489760.0,66602030.0,71490280.0,68855780.0,90762410.0,58171370.0,125284000.0,198902000.0,212422000.0,282435000.0,303427000.0,292048000.0,375854000.0,243603000.0
20200914,-10880060.0,42278160.0,38685440.0,73129010.0,65841680.0,114902530.0,95243980.0,85988480.0,116527090.0,165623000.0,151034000.0,286207000.0,257199000.0,446820000.0,371080000.0,335124000.0,454461000.0
20200915,1961250.0,23152470.0,23731020.0,37021630.0,38404330.0,38818870.0,39631900.0,22500640.0,19726360.0,92836000.0,94926000.0,148290000.0,153830000.0,155567000.0,159000000.0,90164000.0,79102000.0
20200916,-5942900.0,34508340.0,32472270.0,48412580.0,44505740.0,64278790.0,68003350.0,44701560.0,46919900.0,135772000.0,126698000.0,189876000.0,174014000.0,251536000.0,266508000.0,174797000.0,184761000.0
20200917,4701540.0,24152410.0,29083190.0,35856110.0,35626870.0,47241580.0,39768590.0,24501060.0,27272510.0,96383000.0,115771000.0,142963000.0,141952000.0,187965000.0,158421000.0,97672000.0,108838000.0
20200918,-16379230.0,35662360.0,24568080.0,38140480.0,32855520.0,37802270.0,46629140.0,26091180.0,33643540.0,145587000.0,100035000.0,155501000.0,133828000.0,154032000.0,190022000.0,106236000.0,137471000.0
20200921,1549710.0,19188110.0,16953360.0,20352820.0,24137280.0,28192580.0,23641350.0,10528200.0,13529720.0,78179000.0,69012000.0,82783000.0,98282000.0,114821000.0,96207000.0,42919000.0,55201000.0
20200922,-5155310.0,18030990.0,14304550.0,20663130.0,19234250.0,24462540.0,22735430.0,8814150.0,15696570.0,73993000.0,58562000.0,84716000.0,78771000.0,100420000.0,93128000.0,36136000.0,64805000.0
20200923,16424350.0,29921720.0,42734020.0,49193790.0,52805830.0,68720660.0,60399620.0,39634670.0,31531360.0,119464000.0,169755000.0,195442000.0,209956000.0,272596000.0,239746000.0,157089000.0,125134000.0
20200924,-16247770.0,39013680.0,23954230.0,40206620.0,39018300.0,46967170.0,48725250.0,23864690.0,38354380.0,157090000.0,96136000.0,161718000.0,156749000.0,188758000.0,196158000.0,95960000.0,154483000.0
20200925,12374070.0,22958570.0,25708820.0,28775850.0,38399670.0,35296700.0,35948690.0,34717960.0,21691900.0,91960000.0,102773000.0,115098000.0,153562000.0,141169000.0,143839000.0,138729000.0,86782000.0
20200928,17829290.0,45224300.0,52759610.0,62628190.0,72922160.0,79141820.0,80912980.0,93484230.0,73883780.0,169633000.0,198017000.0,235144000.0,273421000.0,297619000.0,303809000.0,349230000.0,276379000.0
20200929,-2573440.0,31564130.0,30601990.0,44370490.0,42759180.0,53161810.0,52793620.0,39723310.0,42664940.0,118397000.0,114481000.0,166201000.0,159923000.0,198930000.0,197815000.0,148584000.0,159892000.0
20200930,-6912480.0,36210680.0,29764580.0,47137380.0,46670990.0,49405370.0,60116760.0,33814410.0,30015500.0,134446000.0,110168000.0,174828000.0,172800000.0,182891000.0,222765000.0,124836000.0,111269000.0
20201009,43914630.0,15081390.0,35407570.0,29985680.0,53574120.0,46970220.0,64291240.0,171451030.0,110215380.0,52139000.0,121947000.0,103597000.0,184518000.0,162252000.0,221655000.0,589348000.0,379217000.0
20201012,-20674280.0,41662360.0,30315830.0,56953430.0,47625680.0,71458110.0,70009500.0,56301860.0,78424750.0,140842000.0,102269000.0,192640000.0,160771000.0,241931000.0,236846000.0,190463000.0,265990000.0
20201013,14033690.0,38171250.0,45066640.0,57014110.0,64152420.0,75589150.0,65878970.0,44740160.0,40416650.0,125796000.0,147971000.0,187463000.0,210818000.0,248287000.0,216689000.0,146151000.0,132219000.0
20201014,6649650.0,44819890.0,49480380.0,73815930.0,75805090.0,99451700.0,101761820.0,74718890.0,65759120.0,141187000.0,155572000.0,232019000.0,238457000.0,312941000.0,319790000.0,234279000.0,206607000.0
20201015,-26837900.0,61849770.0,38682120.0,76503220.0,72832970.0,96983170.0,107371210.0,106667200.0,123117060.0,206942000.0,129013000.0,255713000.0,243381000.0,323927000.0,358734000.0,357032000.0,412485000.0
20201016,-22161280.0,48776640.0,27003290.0,55476090.0,55088160.0,66488180.0,67249940.0,55166060.0,76565580.0,169243000.0,93503000.0,192162000.0,190843000.0,230041000.0,233113000.0,191319000.0,265306000.0
20201019,-19274290.0,54952290.0,32286670.0,62900150.0,66291480.0,77256080.0,85426080.0,62857690.0,73961980.0,198112000.0,116152000.0,226776000.0,238533000.0,278398000.0,307348000.0,226087000.0,267340000.0
20201020,2450610.0,45293890.0,41672400.0,61444340.0,67516450.0,73146290.0,66948820.0,32078670.0,35825530.0,162916000.0,149712000.0,220861000.0,242639000.0,262914000.0,240623000.0,115236000.0,128952000.0
20201021,-15894420.0,33822320.0,23718140.0,38504710.0,32714480.0,40818130.0,46044540.0,26476970.0,37144980.0,121502000.0,85037000.0,138205000.0,117258000.0,146145000.0,164851000.0,94515000.0,133221000.0
20201022,-6577060.0,26451270.0,19393260.0,33161780.0,33642730.0,35639690.0,46026620.0,18162400.0,14352530.0,95875000.0,70207000.0,120149000.0,121863000.0,129079000.0,166796000.0,65840000.0,52076000.0
20201023,-2528010.0,39708380.0,33371660.0,43694790.0,47503500.0,52387500.0,63790130.0,49082900.0,40208280.0,142114000.0,118805000.0,156382000.0,169647000.0,187586000.0,228767000.0,175703000.0,144566000.0
20201026,27891770.0,37327440.0,49923350.0,52241960.0,67537810.0,90912150.0,69678750.0,56886840.0,50228470.0,129368000.0,172358000.0,180863000.0,233459000.0,314790000.0,241811000.0,196942000.0,174336000.0
20201027,10796910.0,33970000.0,47497500.0,46389080.0,43658490.0,65114060.0,48726490.0,30319480.0,35910140.0,114975000.0,160349000.0,156781000.0,147534000.0,220476000.0,164887000.0,101913000.0,121375000.0
20201028,14877230.0,35510780.0,45044560.0,49469150.0,54812590.0,61671240.0,59044840.0,42567380.0,30316550.0,114221000.0,144712000.0,159260000.0,176036000.0,197878000.0,189227000.0,135817000.0,97202000.0
20201029,-1674890.0,39713830.0,31217770.0,47819530.0,54640700.0,56961710.0,55276430.0,30072690.0,33432860.0,128018000.0,100450000.0,153927000.0,175921000.0,183121000.0,177796000.0,96742000.0,107641000.0
20201030,2915630.0,44639580.0,41152880.0,49535160.0,55937490.0,66578030.0,63690420.0,40346870.0,40318850.0,145563000.0,133403000.0,161201000.0,181587000.0,216292000.0,206927000.0,130389000.0,131527000.0
20201102,7792520.0,59512550.0,69051480.0,88657190.0,86910780.0,139759430.0,142568450.0,82021660.0,71420120.0,187030000.0,216214000.0,278013000.0,271923000.0,435085000.0,444943000.0,255872000.0,222921000.0
20201103,-9625100.0,48297740.0,36017830.0,56479180.0,59133980.0,63269130.0,59883510.0,34115560.0,47126280.0,152150000.0,113183000.0,177846000.0,186006000.0,199110000.0,188189000.0,107148000.0,148875000.0
20201104,-33161070.0,65620280.0,31766120.0,70913440.0,71606540.0,84471090.0,109754900.0,73494940.0,81372200.0,214918000.0,103399000.0,231854000.0,234007000.0,277634000.0,360916000.0,242820000.0,268906000.0
20201105,12352080.0,43824120.0,52803880.0,66742950.0,70115280.0,98360620.0,96112460.0,71116520.0,61012600.0,139235000.0,167263000.0,212099000.0,222589000.0,312711000.0,305486000.0,225325000.0,194033000.0
20201106,-39290960.0,83637280.0,50027800.0,85696240.0,80014750.0,102818120.0,107000540.0,63162110.0,98270650.0,272502000.0,162380000.0,278545000.0,259517000.0,334132000.0,348026000.0,205079000.0,320336000.0
20201109,33913570.0,48614530.0,68168270.0,73679330.0,88039160.0,95552380.0,90397430.0,103612720.0,74854100.0,155576000.0,216126000.0,234974000.0,280028000.0,303854000.0,287485000.0,328023000.0,238787000.0
20201110,344130.0,54529090.0,57361670.0,83031630.0,80543180.0,99039530.0,117375080.0,67796090.0,49116410.0,165875000.0,173732000.0,252131000.0,244678000.0,301041000.0,356667000.0,204732000.0,148702000.0
20201111,-13910660.0,55120120.0,43183660.0,65056790.0,63082580.0,64325710.0,69155710.0,41044560.0,50125220.0,164451000.0,128301000.0,193572000.0,187517000.0,191426000.0,206209000.0,121549000.0,148971000.0
20201112,-13496050.0,45396020.0,35142490.0,56777480.0,53534960.0,58432560.0,66442030.0,34924840.0,40411420.0,140130000.0,108391000.0,175017000.0,164922000.0,179942000.0,204715000.0,107556000.0,124616000.0
20201113,-42400740.0,71291620.0,33163380.0,72779630.0,68507120.0,84744320.0,102716510.0,59819600.0,84248150.0,230384000.0,106688000.0,234922000.0,220862000.0,273373000.0,331719000.0,193764000.0,273174000.0
20201116,297350.0,42905890.0,40721510.0,51705240.0,54186970.0,50499340.0,54865210.0,30892500.0,26229280.0,139235000.0,131668000.0,167503000.0,175666000.0,163607000.0,177869000.0,100432000.0,85574000.0
20201117,-34763400.0,68656780.0,33869650.0,76298710.0,76322440.0,77136780.0,91880030.0,35282350.0,55302500.0,230685000.0,113593000.0,256469000.0,256507000.0,259631000.0,309297000.0,118553000.0,185941000.0
20201118,-21138320.0,55517800.0,42966640.0,73979470.0,65392320.0,65791420.0,72896770.0,32127780.0,46160750.0,187576000.0,144748000.0,249564000.0,220509000.0,221545000.0,245965000.0,108093000.0,155555000.0
20201119,33782950.0,38246630.0,65575030.0,68407690.0,74862230.0,93914910.0,69187370.0,54543920.0,45488510.0,125728000.0,214851000.0,224390000.0,245381000.0,308308000.0,226827000.0,177504000.0,148871000.0
20201120,-8220.0,50651750.0,48158040.0,63480700.0,65966190.0,63763350.0,70185720.0,49754310.0,43340160.0,159967000.0,152012000.0,200652000.0,208567000.0,201676000.0,221553000.0,156843000.0,137007000.0
20201123,7028930.0,41979410.0,50144420.0,64498350.0,63362270.0,68104050.0,67865170.0,45543710.0,38753660.0,129049000.0,153654000.0,197798000.0,194472000.0,209109000.0,208173000.0,139253000.0,118909000.0
20201124,-13725950.0,32615460.0,25185480.0,42148910.0,35852930.0,32877830.0,38028700.0,17004420.0,25579500.0,101725000.0,78417000.0,131323000.0,111741000.0,102423000.0,118525000.0,53014000.0,79802000.0
20201125,-5480190.0,31971730.0,28517350.0,40359160.0,38333350.0,42596190.0,43088380.0,22116460.0,27104460.0,99075000.0,88043000.0,124900000.0,118452000.0,131711000.0,133320000.0,67988000.0,83860000.0
20201126,-6796960.0,41806540.0,31993880.0,50699900.0,53715610.0,55049000.0,55396770.0,22622670.0,29071860.0,134888000.0,102864000.0,163260000.0,172820000.0,177006000.0,178665000.0,72995000.0,93799000.0
20201127,-24599060.0,45316570.0,23320650.0,46848910.0,44245770.0,44014840.0,50905570.0,14162510.0,31870840.0,144888000.0,74425000.0,149663000.0,141460000.0,140763000.0,162670000.0,45312000.0,102071000.0
20201130,-30973220.0,47185800.0,27374990.0,60834700.0,49672290.0,56143250.0,71269990.0,24081880.0,39928360.0,153945000.0,88904000.0,197910000.0,161530000.0,182657000.0,232290000.0,78359000.0,130147000.0
20201201,-10842010.0,34952210.0,35055490.0,56248650.0,45303370.0,52073400.0,51565430.0,27515190.0,38865170.0,110627000.0,110922000.0,178065000.0,143396000.0,164710000.0,162946000.0,86706000.0,122843000.0
20201202,-24389940.0,78099100.0,55486340.0,77886590.0,76109410.0,83247070.0,83782980.0,41220070.0,65074100.0,256244000.0,181905000.0,255313000.0,249418000.0,272911000.0,274663000.0,135455000.0,213937000.0
20201203,-18727970.0,43604100.0,29322790.0,50412930.0,45966270.0,42634610.0,48324030.0,28985440.0,42023990.0,145170000.0,97561000.0,167797000.0,152940000.0,141948000.0,160869000.0,96469000.0,140014000.0
20201204,-42624960.0,66636100.0,34973000.0,74106910.0,63145050.0,66493220.0,87765590.0,24379100.0,45731690.0,227373000.0,119161000.0,252720000.0,215175000.0,226830000.0,299343000.0,83085000.0,156329000.0
20201207,402030.0,51038260.0,44113280.0,58946830.0,66273840.0,68507190.0,71842970.0,37166640.0,33428830.0,173242000.0,149277000.0,199729000.0,224530000.0,232101000.0,243289000.0,125677000.0,113652000.0
20201208,-23713680.0,48413760.0,29824780.0,54701200.0,49576500.0,49098590.0,55661920.0,21557880.0,38708230.0,165178000.0,101555000.0,186401000.0,168913000.0,167219000.0,189710000.0,73463000.0,132084000.0
20201209,-26227500.0,63227510.0,35146300.0,61636560.0,63490270.0,70653410.0,78299520.0,56115960.0,74697350.0,221264000.0,122921000.0,215647000.0,222171000.0,247083000.0,273933000.0,196811000.0,261779000.0
20201210,49146180.0,66834690.0,96771970.0,102653610.0,121862490.0,163525410.0,130028040.0,120301230.0,104652420.0,222027000.0,320350000.0,341144000.0,404280000.0,542655000.0,431498000.0,398202000.0,347901000.0
20201211,-11949270.0,68433810.0,60540250.0,91537810.0,87482110.0,99464850.0,99973550.0,60140860.0,71581430.0,221146000.0,195620000.0,295547000.0,282255000.0,320830000.0,322404000.0,193717000.0,230961000.0
20201214,2063340.0,64268360.0,65163010.0,93505480.0,94674180.0,101919240.0,104754030.0,67640610.0,62742480.0,205493000.0,207362000.0,298437000.0,301702000.0,324877000.0,334273000.0,214865000.0,200335000.0
20201215,4311340.0,54681940.0,52176190.0,69637330.0,76454420.0,80561650.0,81730690.0,59303680.0,53823300.0,174743000.0,166026000.0,222182000.0,243631000.0,256402000.0,260232000.0,188232000.0,171669000.0
20201216,22184730.0,55708980.0,67414020.0,82400890.0,92880570.0,104572600.0,99555810.0,81248020.0,64080080.0,171446000.0,207054000.0,253274000.0,285350000.0,321404000.0,305895000.0,249350000.0,197175000.0
20201217,-9079150.0,52887590.0,37370040.0,68039950.0,74478350.0,71163640.0,80790270.0,47036540.0,46489060.0,166972000.0,117741000.0,214691000.0,234723000.0,224315000.0,254829000.0,148063000.0,146749000.0
20201218,46623020.0,46697570.0,72630030.0,75795280.0,96485840.0,120021880.0,100237490.0,121192280.0,94353650.0,142225000.0,220324000.0,230507000.0,292860000.0,364446000.0,304632000.0,366576000.0,285938000.0
20201221,-27721220.0,84137560.0,71778510.0,120471610.0,105109440.0,168337880.0,144243210.0,139795430.0,191611320.0,238952000.0,203311000.0,342198000.0,297930000.0,478116000.0,409169000.0,397030000.0,545886000.0
20201222,-52922640.0,97952160.0,58184480.0,108101560.0,94946600.0,126566920.0,141779720.0,81572700.0,119282540.0,275313000.0,163361000.0,303388000.0,266689000.0,355181000.0,397788000.0,228805000.0,334850000.0
20201223,47897910.0,70667350.0,98908890.0,110721330.0,130377710.0,159099800.0,156457630.0,178268600.0,133012860.0,191331000.0,267006000.0,299994000.0,352624000.0,430234000.0,423170000.0,481084000.0,359844000.0
20201224,-40745060.0,84024020.0,58391360.0,106560780.0,91448380.0,124422850.0,136837540.0,79311630.0,107642000.0,220972000.0,153342000.0,279777000.0,240340000.0,326624000.0,359498000.0,207922000.0,282116000.0
20201225,-24416820.0,76279010.0,65028700.0,101219280.0,88052760.0,124901780.0,112352380.0,90675030.0,127641250.0,196948000.0,167162000.0,260292000.0,226144000.0,320627000.0,288129000.0,232726000.0,329159000.0
20201228,-22531400.0,68882910.0,49395260.0,95886130.0,92842380.0,115381490.0,105915590.0,79377990.0,111375290.0,172224000.0,123289000.0,239281000.0,231687000.0,287830000.0,264356000.0,197941000.0,277945000.0
20201229,-62484760.0,132865950.0,68650600.0,134589360.0,136319950.0,182566500.0,189073060.0,153061320.0,209039520.0,350020000.0,181049000.0,354515000.0,359320000.0,481543000.0,497876000.0,404867000.0,552700000.0
20201230,-10530630.0,66295680.0,59656650.0,87273840.0,83382220.0,100805980.0,96482300.0,83444410.0,98298720.0,174798000.0,156977000.0,229966000.0,219569000.0,265521000.0,254117000.0,219407000.0,259029000.0
20201231,-48944250.0,83569070.0,54672290.0,98417320.0,78369860.0,115876770.0,93977210.0,90115110.0,160958920.0,216507000.0,141267000.0,254722000.0,202401000.0,299289000.0,242557000.0,232754000.0,417046000.0
20210104,12976250.0,76487700.0,81245900.0,126773110.0,134991150.0,171457810.0,156780560.0,145708490.0,147409490.0,188820000.0,200102000.0,312282000.0,332384000.0,423070000.0,385870000.0,358601000.0,364416000.0
20210105,-45310100.0,74755450.0,60946300.0,140378570.0,108877610.0,166750420.0,146115050.0,87101870.0,153047340.0,176343000.0,143644000.0,330923000.0,256764000.0,393174000.0,344039000.0,204902000.0,360894000.0
20210106,-43124930.0,89086070.0,54602650.0,117258440.0,108616940.0,141099700.0,137463890.0,74511970.0,121272710.0,212214000.0,129578000.0,278680000.0,257971000.0,335435000.0,326736000.0,176928000.0,288972000.0
20210107,-7141870.0,78920240.0,72395080.0,126261990.0,125645290.0,169614640.0,179344340.0,115714110.0,113126280.0,181921000.0,166527000.0,290937000.0,289331000.0,390733000.0,413079000.0,265959000.0,260613000.0
20210108,-103150110.0,129315730.0,57807110.0,158441850.0,126800360.0,191464260.0,207355850.0,110337620.0,197596140.0,306121000.0,136370000.0,374096000.0,298872000.0,451938000.0,488755000.0,259061000.0,467219000.0
20210111,-74050620.0,143112190.0,83732390.0,163526850.0,148856020.0,192754240.0,194335690.0,117224810.0,189693980.0,358752000.0,209548000.0,408916000.0,372101000.0,481515000.0,486081000.0,292380000.0,473832000.0
20210112,-20482890.0,87449940.0,69851960.0,115190610.0,112305690.0,135682310.0,155493800.0,80629790.0,81301190.0,219749000.0,174970000.0,288925000.0,281462000.0,339696000.0,389706000.0,201829000.0,204061000.0
20210113,-73237350.0,122176370.0,60217470.0,125532600.0,114254150.0,131961830.0,148315760.0,58125680.0,115009100.0,307386000.0,150589000.0,313796000.0,285672000.0,330044000.0,370967000.0,145186000.0,289183000.0
20210114,-10599950.0,91082780.0,71045220.0,96848110.0,106285730.0,107176280.0,109835440.0,72908570.0,80849360.0,238927000.0,186198000.0,254128000.0,279100000.0,281343000.0,288120000.0,191912000.0,212891000.0
20210115,16402390.0,66175750.0,69594430.0,79701840.0,92685560.0,99833720.0,89557470.0,59054260.0,52928120.0,174481000.0,182774000.0,209871000.0,244020000.0,262585000.0,235778000.0,154981000.0,139346000.0
20210118,-33726920.0,74401670.0,53503420.0,91244950.0,78416280.0,94533130.0,95901330.0,45337010.0,77695730.0,195748000.0,140258000.0,239745000.0,205852000.0,248150000.0,251939000.0,118978000.0,204571000.0
20210119,-50676730.0,105196250.0,62070270.0,98553810.0,91003050.0,99439000.0,105781990.0,55879560.0,100213300.0,277907000.0,163172000.0,259230000.0,239321000.0,261441000.0,277977000.0,146674000.0,264782000.0
20210120,11885600.0,67415370.0,71215390.0,88447220.0,96532790.0,110469240.0,114532950.0,77886470.0,61937160.0,177798000.0,187374000.0,233191000.0,254392000.0,291281000.0,302098000.0,204949000.0,163356000.0
20210121,76348070.0,91983100.0,130403560.0,145290470.0,183218080.0,202106960.0,212066200.0,214921160.0,128613850.0,227251000.0,321316000.0,358627000.0,451622000.0,497800000.0,522560000.0,529637000.0,317817000.0
20210122,59472840.0,95256760.0,115294710.0,155115140.0,194550030.0,229143230.0,228704570.0,201816730.0,142782550.0,217065000.0,262136000.0,353368000.0,442616000.0,521479000.0,520732000.0,459237000.0,325665000.0
20210125,-6816970.0,132679660.0,110685100.0,195644220.0,210821800.0,255122660.0,261133600.0,183915480.0,184721510.0,290933000.0,242073000.0,428563000.0,461370000.0,558890000.0,571570000.0,401676000.0,405049000.0
20210126,2317830.0,95252230.0,93966460.0,166403930.0,170007550.0,225971700.0,211595640.0,150262120.0,162320350.0,209318000.0,206061000.0,365518000.0,372902000.0,495891000.0,464412000.0,329330000.0,356682000.0
20210127,63611070.0,97042500.0,123720750.0,161398180.0,198331010.0,251794560.0,263753730.0,278074040.0,202503800.0,208037000.0,261400000.0,345493000.0,420464000.0,536071000.0,559524000.0,579560000.0,427773000.0
20210128,-46642070.0,132093560.0,103856150.0,198993030.0,180588380.0,263003510.0,261131650.0,245590580.0,294104510.0,266543000.0,209414000.0,401009000.0,363871000.0,530260000.0,526387000.0,494784000.0,592924000.0
20210129,-91465430.0,145343090.0,88815170.0,222900640.0,187963130.0,301278740.0,291195160.0,214620770.0,316169780.0,311973000.0,190195000.0,477662000.0,403056000.0,645782000.0,623650000.0,458077000.0,676591000.0
20210201,-32939430.0,115002960.0,76414040.0,155521480.0,161170970.0,198569200.0,197065370.0,151526470.0,185969730.0,263352000.0,174800000.0,355986000.0,368962000.0,454399000.0,450979000.0,346916000.0,425911000.0
20210202,-26486650.0,115013980.0,93671330.0,151173060.0,146029060.0,194539740.0,185083600.0,134263440.0,170206230.0,257053000.0,208805000.0,338464000.0,326290000.0,435569000.0,414184000.0,300426000.0,382234000.0
20210203,-14602510.0,92381090.0,79478990.0,161545250.0,159844840.0,217338370.0,236592430.0,158247230.0,153595680.0,198745000.0,170631000.0,347439000.0,343354000.0,467174000.0,508396000.0,339441000.0,330419000.0
20210204,-40582310.0,98389000.0,62730410.0,138169220.0,133245490.0,173025770.0,168337910.0,85391480.0,130661650.0,218877000.0,139042000.0,307090000.0,295603000.0,384321000.0,373662000.0,189653000.0,291633000.0
20210205,8907750.0,81440240.0,86239630.0,144007420.0,148115780.0,185631590.0,196872640.0,130591120.0,110442320.0,176072000.0,185846000.0,311088000.0,319717000.0,400362000.0,424664000.0,281110000.0,238404000.0
20210208,-4548700.0,79599450.0,78093570.0,144543790.0,141500970.0,166064480.0,165325580.0,107712560.0,113000160.0,177143000.0,172153000.0,320698000.0,313750000.0,368200000.0,367580000.0,239570000.0,252129000.0
20210209,93443250.0,76056240.0,123580730.0,127389950.0,173308710.0,179115740.0,189040350.0,259999820.0,156631960.0,154335000.0,250054000.0,258059000.0,351038000.0,363487000.0,382431000.0,524141000.0,316498000.0
20210210,6021720.0,101560860.0,100378090.0,158229710.0,165434210.0,214571540.0,215935040.0,231299920.0,223914700.0,191600000.0,189643000.0,299289000.0,312832000.0,405720000.0,407700000.0,437404000.0,423840000.0
20210218,-67260490.0,106189490.0,74638140.0,166144130.0,130435000.0,157774190.0,166372210.0,101876150.0,160538620.0,197951000.0,138972000.0,309480000.0,242949000.0,293665000.0,309663000.0,189254000.0,298766000.0
20210219,-86110360.0,134351500.0,65758850.0,159730980.0,142213270.0,169029890.0,193031960.0,109565520.0,171673810.0,263873000.0,128987000.0,313573000.0,279073000.0,331804000.0,378950000.0,214765000.0,337005000.0
20210222,-22737580.0,104919940.0,87683910.0,148521310.0,143019760.0,168965550.0,171648650.0,130523040.0,150577520.0,205492000.0,170885000.0,290066000.0,279067000.0,329399000.0,335010000.0,254528000.0,294523000.0
20210223,-22776080.0,75500420.0,62328330.0,112700930.0,103096950.0,129178480.0,124435410.0,67999210.0,95518360.0,151354000.0,124417000.0,225454000.0,206048000.0,258109000.0,248875000.0,135883000.0,191460000.0
20210224,-58859310.0,115418640.0,68155760.0,148472330.0,136875900.0,174731840.0,191115060.0,92608000.0,135084090.0,240452000.0,141628000.0,309419000.0,284878000.0,364414000.0,398495000.0,193384000.0,282668000.0
20210225,1613640.0,64735820.0,66536380.0,103297250.0,103110340.0,128016990.0,123190170.0,72431330.0,75644510.0,134934000.0,138266000.0,215185000.0,214575000.0,266570000.0,256437000.0,150219000.0,157630000.0
20210226,-5372310.0,71961570.0,57132270.0,97951530.0,107408540.0,117191860.0,116510850.0,74614580.0,80667900.0,155585000.0,122989000.0,211576000.0,231612000.0,253104000.0,251664000.0,161337000.0,175337000.0
20210301,-6211210.0,96347410.0,74948360.0,129556530.0,144744380.0,162414740.0,172916320.0,85615770.0,81325400.0,200717000.0,155430000.0,269730000.0,300783000.0,337638000.0,359793000.0,177461000.0,169539000.0
20210302,-34539230.0,95490540.0,64734410.0,115296690.0,111513580.0,117216620.0,142000510.0,70109180.0,79864520.0,203486000.0,137340000.0,245223000.0,236725000.0,248539000.0,301571000.0,148586000.0,170198000.0
20210303,-215378310.0,251783980.0,96093470.0,271139740.0,211451930.0,276538980.0,315364230.0,168064250.0,344617310.0,584968000.0,222332000.0,628850000.0,488564000.0,639957000.0,729326000.0,389758000.0,803311000.0
20210304,-144199600.0,187525640.0,72058030.0,157860080.0,129128080.0,161048370.0,206072280.0,146859070.0,246034760.0,477800000.0,183137000.0,401130000.0,327698000.0,408178000.0,523428000.0,373426000.0,626272000.0
20210305,-5536010.0,130412600.0,115127440.0,154950390.0,164699530.0,176229770.0,192551130.0,127804120.0,117018770.0,349076000.0,308499000.0,415079000.0,442503000.0,473235000.0,516090000.0,345691000.0,315989000.0
20210308,-64917930.0,166039410.0,117281270.0,193146140.0,176986350.0,238582880.0,211304970.0,228478790.0,320674630.0,471292000.0,332267000.0,547580000.0,500083000.0,673466000.0,596527000.0,647177000.0,910638000.0
20210309,-33079930.0,120536240.0,93039960.0,139889010.0,134305360.0,161920120.0,177426550.0,102247360.0,119820860.0,363636000.0,280623000.0,421476000.0,405125000.0,488132000.0,534785000.0,308206000.0,360916000.0
20210310,11686660.0,83969810.0,84329010.0,107053220.0,118380680.0,138883560.0,139487080.0,153578210.0,141288030.0,253569000.0,253920000.0,322806000.0,356610000.0,418550000.0,420491000.0,462622000.0,426526000.0
20210311,25850350.0,91179430.0,99542810.0,109803150.0,127290110.0,127406820.0,133531580.0,119466440.0,87491330.0,266587000.0,290854000.0,321288000.0,372026000.0,372675000.0,390638000.0,349220000.0,256253000.0
20210312,-40700450.0,125017540.0,72040400.0,133438360.0,145715050.0,148874430.0,175705320.0,124546400.0,138415960.0,369695000.0,211733000.0,394150000.0,429594000.0,438810000.0,518836000.0,366737000.0,409228000.0
20210315,-64246120.0,132747150.0,76847210.0,142958780.0,134612610.0,157937100.0,165724880.0,94593620.0,151051960.0,420791000.0,243540000.0,453384000.0,427440000.0,501734000.0,525606000.0,300374000.0,479696000.0
20210316,-40288020.0,83102330.0,54603500.0,95832620.0,84043440.0,96341200.0,122770300.0,77890070.0,91748990.0,266527000.0,174415000.0,307009000.0,268872000.0,308401000.0,393434000.0,249212000.0,294427000.0
20210317,22592060.0,63894160.0,73488190.0,79105450.0,92103480.0,107216950.0,91086200.0,78809720.0,72348410.0,202409000.0,232262000.0,250456000.0,291438000.0,338811000.0,287947000.0,248907000.0,228936000.0
20210318,8467070.0,79737930.0,78343820.0,92263560.0,102124740.0,100569640.0,106137970.0,78311440.0,64276040.0,249110000.0,243903000.0,287866000.0,318291000.0,313256000.0,330728000.0,243809000.0,201119000.0
20210319,-58759890.0,113886510.0,55845300.0,97250560.0,96531880.0,84427850.0,110339410.0,60450040.0,93298370.0,367732000.0,180473000.0,313731000.0,311230000.0,272544000.0,355990000.0,195243000.0,301558000.0
20210322,27929260.0,47876660.0,64594960.0,63833530.0,75044480.0,76979780.0,71914160.0,62275630.0,39411990.0,153171000.0,206088000.0,204025000.0,239666000.0,245806000.0,229767000.0,198671000.0,126150000.0
20210323,-25490230.0,66542120.0,45128720.0,65136230.0,61059400.0,66723830.0,66870650.0,37451410.0,62794820.0,216808000.0,146643000.0,211927000.0,198496000.0,216989000.0,217489000.0,121619000.0,204716000.0
20210324,-12500860.0,65686530.0,47921180.0,60633400.0,65897890.0,58287490.0,67406510.0,36763160.0,40145000.0,215902000.0,157091000.0,199051000.0,216103000.0,191264000.0,221252000.0,120477000.0,132249000.0
20210325,20612480.0,46870790.0,64997590.0,64863800.0,67349500.0,75245300.0,59596350.0,33517890.0,28554360.0,154875000.0,214008000.0,214139000.0,222109000.0,248188000.0,196641000.0,110357000.0,94802000.0
20210326,25403060.0,71770700.0,97246620.0,101406290.0,101333430.0,131588210.0,113269520.0,84888870.0,77804500.0,225451000.0,305213000.0,318206000.0,318217000.0,412624000.0,355239000.0,266148000.0,243760000.0
20210329,-47696600.0,83372580.0,44822600.0,84406010.0,75259400.0,91697390.0,117741450.0,37471030.0,59123570.0,264976000.0,142142000.0,268022000.0,238889000.0,290987000.0,373930000.0,118839000.0,187862000.0
20210330,34853970.0,85661250.0,124353460.0,137003770.0,133165550.0,155345800.0,130854080.0,97064500.0,86702250.0,262524000.0,381026000.0,419642000.0,408374000.0,475671000.0,400921000.0,296923000.0,264439000.0
20210331,-9779880.0,68043110.0,62191310.0,85771360.0,81843280.0,80027830.0,80232810.0,39344260.0,48919160.0,207401000.0,189380000.0,261207000.0,249242000.0,243607000.0,244264000.0,119807000.0,149136000.0
20210401,-7968790.0,76221550.0,68894130.0,88044410.0,87403040.0,85685850.0,93103420.0,49046180.0,49597400.0,227857000.0,205513000.0,262890000.0,260947000.0,255745000.0,277761000.0,145945000.0,148217000.0
20210402,10078470.0,55409460.0,60951610.0,61057030.0,65593340.0,60368170.0,52611570.0,33477810.0,31155940.0,168057000.0,184242000.0,184874000.0,198623000.0,182611000.0,159488000.0,101124000.0,94313000.0
20210406,-5957740.0,74813370.0,68860130.0,81435530.0,81431020.0,82350360.0,90423250.0,69136170.0,67021020.0,218228000.0,200599000.0,237338000.0,237338000.0,240017000.0,263686000.0,201605000.0,195565000.0
20210407,-23873430.0,80405970.0,49567220.0,65939610.0,72904930.0,62196770.0,71427900.0,29861800.0,44504100.0,244243000.0,150493000.0,200232000.0,221381000.0,188920000.0,216895000.0,90660000.0,135287000.0
20210408,-3265350.0,46572180.0,37382130.0,47130560.0,53055260.0,48700100.0,43812350.0,20433760.0,28586860.0,142143000.0,113941000.0,143834000.0,161796000.0,148619000.0,133808000.0,62181000.0,87232000.0
20210409,-12647600.0,51825060.0,34855610.0,47812490.0,52134350.0,44081740.0,41234120.0,15372260.0,30867480.0,160295000.0,107662000.0,147650000.0,161004000.0,135992000.0,127265000.0,47329000.0,95335000.0
20210412,-21450250.0,57722440.0,35238150.0,53355680.0,54389710.0,51700090.0,61535700.0,17252720.0,28867360.0,183412000.0,111694000.0,169370000.0,172550000.0,163914000.0,195494000.0,54716000.0,91674000.0
20210413,-8529310.0,49050650.0,38070200.0,60589860.0,63041010.0,58895820.0,60058990.0,27902170.0,35268310.0,158383000.0,122628000.0,195443000.0,202959000.0,189885000.0,193753000.0,90109000.0,114480000.0
20210414,6402840.0,46310610.0,50960760.0,59056150.0,60808830.0,59952680.0,59038070.0,27779270.0,22291040.0,145767000.0,160301000.0,185807000.0,191344000.0,188546000.0,185705000.0,87384000.0,70154000.0
20210415,5235450.0,40668200.0,41936490.0,45215820.0,49182980.0,46263060.0,45371340.0,20688650.0,16344920.0,126717000.0,130513000.0,140842000.0,153223000.0,144065000.0,141222000.0,64244000.0,50909000.0
20210416,-24167360.0,69059120.0,42179530.0,66092060.0,68804300.0,43573040.0,57097340.0,18217980.0,28861040.0,220228000.0,134146000.0,210583000.0,219224000.0,138694000.0,181965000.0,58026000.0,92196000.0
20210419,44582870.0,62356550.0,98226020.0,83370460.0,92083860.0,90169150.0,80172350.0,66802020.0,32215950.0,189102000.0,297590000.0,253211000.0,278886000.0,273276000.0,243080000.0,201628000.0,97662000.0
20210420,13412570.0,88510410.0,93126800.0,111417650.0,120213840.0,116565920.0,111736330.0,77815300.0,69232320.0,257930000.0,271053000.0,324891000.0,350373000.0,339542000.0,325664000.0,226201000.0,201475000.0
20210421,-11220660.0,74359180.0,60563970.0,84371080.0,86945620.0,70174650.0,77242800.0,34643000.0,38795510.0,219203000.0,178345000.0,248560000.0,256141000.0,206488000.0,227415000.0,101926000.0,114276000.0
20210422,-2391020.0,66136720.0,62513100.0,76508670.0,77741260.0,64924210.0,68081860.0,29253360.0,28486730.0,196581000.0,184912000.0,226892000.0,230541000.0,192182000.0,201972000.0,86199000.0,84428000.0
20210423,33979490.0,68430920.0,92700850.0,96857540.0,106567110.0,101600230.0,93282080.0,81722260.0,56060920.0,194492000.0,263246000.0,275213000.0,302810000.0,288570000.0,265045000.0,231874000.0,159048000.0
20210426,-12714620.0,85332390.0,65544940.0,83439860.0,90512690.0,79474370.0,93723660.0,69039410.0,67504740.0,242206000.0,185673000.0,236355000.0,256404000.0,224907000.0,265308000.0,195451000.0,191535000.0
20210427,-9027330.0,55743720.0,40499240.0,50261490.0,56478630.0,49477620.0,55979240.0,24030800.0,26556510.0,163656000.0,118768000.0,147484000.0,165649000.0,145138000.0,164264000.0,70484000.0,78082000.0
20210428,-15482240.0,50965720.0,38918910.0,52695180.0,49259750.0,48641150.0,62046760.0,26701780.0,28778410.0,148996000.0,113491000.0,153847000.0,143752000.0,141936000.0,181256000.0,77767000.0,84048000.0
20210429,-26491710.0,60679950.0,43155600.0,64843390.0,55876040.0,46975830.0,53262570.0,24691630.0,44896600.0,179295000.0,127292000.0,191414000.0,164820000.0,138672000.0,157255000.0,72738000.0,132752000.0
20210430,12698170.0,66496410.0,90108090.0,107577990.0,96664480.0,126631490.0,107202150.0,68448210.0,75179380.0,189784000.0,256687000.0,306653000.0,275598000.0,360849000.0,305721000.0,194929000.0,214208000.0
20210506,23574900.0,76860740.0,96800030.0,115552060.0,119187660.0,124086840.0,108301580.0,80533870.0,72744230.0,211559000.0,265849000.0,317863000.0,327921000.0,341381000.0,298067000.0,221860000.0,200825000.0
20210507,-1881170.0,83170490.0,83348080.0,116700990.0,114642220.0,104466010.0,99037390.0,58115760.0,65425550.0,226054000.0,226061000.0,316585000.0,311048000.0,283107000.0,268342000.0,156969000.0,177265000.0
20210510,63479250.0,74267140.0,122059190.0,120666530.0,136353730.0,157046780.0,129511940.0,107067990.0,71123580.0,194890000.0,320186000.0,317496000.0,358414000.0,412179000.0,340476000.0,281024000.0,186512000.0
20210511,-18583080.0,100489320.0,86294890.0,112747100.0,108358460.0,101784250.0,110151150.0,49000780.0,59216960.0,267415000.0,228520000.0,299386000.0,287859000.0,270531000.0,293260000.0,130132000.0,157825000.0
20210512,6027250.0,56928000.0,62380420.0,73049350.0,73624170.0,74432490.0,66944310.0,36264190.0,37725120.0,147930000.0,161775000.0,189770000.0,191136000.0,193041000.0,173872000.0,94004000.0,97963000.0
20210513,-11202330.0,63206250.0,43889010.0,63456360.0,71571260.0,59696780.0,74501330.0,34618700.0,31016480.0,167030000.0,115739000.0,167581000.0,188871000.0,157526000.0,196648000.0,91197000.0,82075000.0
20210514,-12671430.0,62141450.0,50177820.0,67000720.0,66292930.0,57760920.0,60643870.0,36053720.0,45842200.0,168049000.0,135366000.0,180937000.0,179064000.0,156043000.0,163898000.0,97756000.0,124458000.0
20210517,16945550.0,66137600.0,94675600.0,109190240.0,97597780.0,118822120.0,93061010.0,66801890.0,75617450.0,168544000.0,241142000.0,278394000.0,248855000.0,302264000.0,237326000.0,170188000.0,192067000.0
20210518,-8271100.0,49648690.0,40711440.0,48401190.0,49067320.0,44751970.0,44501900.0,24848810.0,33369980.0,125797000.0,103043000.0,122558000.0,124225000.0,113217000.0,112698000.0,62891000.0,84497000.0
20210519,12459660.0,46661830.0,54986340.0,73747160.0,77882320.0,87517630.0,76801340.0,59137060.0,57393690.0,115543000.0,135923000.0,182464000.0,192598000.0,216522000.0,189879000.0,145939000.0,142068000.0
20210520,-33552080.0,75570710.0,48788120.0,74006290.0,67236790.0,62376180.0,72940000.0,34352320.0,57340580.0,189083000.0,121886000.0,184792000.0,167791000.0,155637000.0,182025000.0,85374000.0,143185000.0
20210521,2025170.0,65802310.0,55767240.0,68197850.0,80258090.0,61938020.0,70258090.0,50081190.0,39735950.0,167408000.0,141485000.0,172964000.0,203602000.0,156600000.0,177911000.0,126766000.0,100739000.0
20210524,-125510.0,70214370.0,66296110.0,78367080.0,82159830.0,79352830.0,74813670.0,52254810.0,56919480.0,181306000.0,170117000.0,201422000.0,211208000.0,204169000.0,192655000.0,133711000.0,146627000.0
20210525,-13910100.0,65614690.0,53303180.0,68410780.0,66812190.0,61544650.0,70095210.0,40165310.0,45524850.0,165006000.0,133902000.0,171907000.0,167900000.0,154572000.0,176145000.0,100916000.0,114454000.0
20210526,-27473510.0,76310820.0,42854360.0,58730260.0,64713220.0,53642340.0,72116320.0,46250380.0,55249910.0,195252000.0,109558000.0,150126000.0,165432000.0,137066000.0,184372000.0,118310000.0,141392000.0
20210527,-28688800.0,65978370.0,44323060.0,65634650.0,58601160.0,49948830.0,60228150.0,34171640.0,52581120.0,169775000.0,113654000.0,168565000.0,150426000.0,128241000.0,154648000.0,87854000.0,135708000.0
20210528,-9615820.0,68447410.0,62862610.0,76871350.0,72840330.0,72265910.0,84572740.0,63207130.0,60516120.0,176654000.0,161471000.0,198079000.0,187515000.0,185904000.0,218039000.0,162272000.0,155884000.0
20210531,33651820.0,75025320.0,98760070.0,105474680.0,115391750.0,108582920.0,93381130.0,66847060.0,48397030.0,191831000.0,251070000.0,268672000.0,293859000.0,276501000.0,238048000.0,169280000.0,123307000.0
20210601,-29404910.0,79623110.0,60198320.0,84719970.0,74739840.0,50374210.0,65403020.0,19313270.0,33689370.0,201442000.0,152239000.0,214381000.0,189034000.0,127262000.0,165412000.0,48748000.0,85150000.0
20210602,-33076860.0,97328990.0,57821010.0,77244040.0,83675150.0,55486580.0,70400620.0,27452240.0,45615060.0,250610000.0,148879000.0,198520000.0,215110000.0,142250000.0,180778000.0,70500000.0,117115000.0
20210603,-26304750.0,129415750.0,79570100.0,117449850.0,140990760.0,92641360.0,122572120.0,76292710.0,72666700.0,355186000.0,218447000.0,322308000.0,387033000.0,254240000.0,335993000.0,209020000.0,199281000.0
20210604,-5746050.0,70962390.0,52169280.0,66777670.0,79824740.0,55265720.0,77197050.0,62482030.0,46296750.0,198413000.0,145744000.0,186760000.0,223100000.0,154571000.0,216037000.0,174692000.0,129556000.0
20210607,-15933440.0,91230820.0,58146330.0,104166110.0,121317160.0,105120660.0,110413880.0,39003410.0,49643630.0,262770000.0,167312000.0,300060000.0,349397000.0,302687000.0,318268000.0,112558000.0,143096000.0
20210608,-29920110.0,90687960.0,54539770.0,87787670.0,94015750.0,83499740.0,107766490.0,45257700.0,50911060.0,258974000.0,155469000.0,250576000.0,267745000.0,238324000.0,307102000.0,128511000.0,146070000.0
20210609,-14878550.0,69621270.0,51439790.0,80001090.0,83304020.0,79543850.0,85682400.0,33769410.0,42509410.0,203272000.0,149909000.0,233473000.0,242933000.0,232093000.0,250130000.0,98612000.0,124478000.0
20210610,27964490.0,102100240.0,113403130.0,127018840.0,143680450.0,124110970.0,113703630.0,64676670.0,47119520.0,286247000.0,317926000.0,356403000.0,402955000.0,348171000.0,319017000.0,181412000.0,132335000.0
20210611,908520.0,103451200.0,106237140.0,140554780.0,138677370.0,132449930.0,139565890.0,94874890.0,86850410.0,287153000.0,293823000.0,389498000.0,384032000.0,366538000.0,386848000.0,261840000.0,240327000.0
20210615,-7745660.0,98522150.0,84053070.0,110884170.0,117607600.0,109541930.0,107203900.0,51855880.0,61939570.0,271743000.0,231104000.0,304516000.0,323299000.0,300577000.0,294402000.0,142214000.0,170245000.0
20210616,-43800830.0,108384870.0,57564950.0,88888710.0,95907810.0,84069690.0,91685850.0,40714370.0,76899040.0,317245000.0,168406000.0,259927000.0,280475000.0,245974000.0,267777000.0,118676000.0,225164000.0
20210617,6195640.0,50104750.0,55582060.0,64809830.0,65528170.0,49790070.0,51470180.0,25317610.0,17441860.0,146218000.0,161985000.0,189067000.0,191146000.0,145211000.0,150236000.0,73803000.0,50932000.0
20210618,7179350.0,59664700.0,69030330.0,73171810.0,70985530.0,80753310.0,72045220.0,41846290.0,43375030.0,170388000.0,196569000.0,208597000.0,202277000.0,230005000.0,205365000.0,119305000.0,124083000.0
20210621,4086570.0,58643080.0,55594300.0,71467380.0,78602720.0,59635070.0,63425040.0,34823130.0,26946590.0,165775000.0,156737000.0,201854000.0,221797000.0,168455000.0,179064000.0,97874000.0,76360000.0
20210622,-5289850.0,59734670.0,54296740.0,64964540.0,65112620.0,68874980.0,65894180.0,39579870.0,47850520.0,167089000.0,151546000.0,181512000.0,181852000.0,192387000.0,184182000.0,110219000.0,133628000.0
20210623,570460.0,63637450.0,65375120.0,81101140.0,79933930.0,91692530.0,86931870.0,64071800.0,68262000.0,176882000.0,181424000.0,225255000.0,221921000.0,254512000.0,241419000.0,177650000.0,189535000.0
20210624,83826350.0,116109330.0,182117420.0,174516300.0,192334560.0,203000950.0,174470790.0,212151170.0,156854980.0,305955000.0,476957000.0,459827000.0,505575000.0,534669000.0,459422000.0,554750000.0,413246000.0
20210625,-21002610.0,121401680.0,100420470.0,139262380.0,139240970.0,134846080.0,121907180.0,79632600.0,113574110.0,310795000.0,256846000.0,356432000.0,356171000.0,344968000.0,311837000.0,203584000.0,290926000.0
20210628,20631660.0,103798220.0,118148850.0,165648140.0,171929170.0,202238880.0,182123100.0,146846040.0,146330160.0,255889000.0,290987000.0,407503000.0,422955000.0,497476000.0,447978000.0,360602000.0,359552000.0
20210629,35537230.0,111933300.0,119755210.0,166344200.0,194059510.0,195885480.0,194713250.0,165132020.0,130767020.0,262278000.0,279953000.0,389765000.0,453996000.0,458556000.0,455553000.0,385628000.0,306726000.0
20210630,-3982100.0,84237260.0,79811820.0,125751280.0,126194630.0,142448260.0,155849740.0,110224480.0,100805100.0,195575000.0,185048000.0,291819000.0,292868000.0,330071000.0,361537000.0,255326000.0,233337000.0
20210701,5549380.0,104499870.0,99666040.0,160993100.0,171376310.0,183712340.0,192415690.0,150793870.0,136541140.0,236243000.0,224598000.0,363397000.0,386486000.0,414372000.0,433821000.0,338483000.0,307590000.0
20210702,-75352270.0,142729860.0,112320660.0,216051600.0,171108530.0,193424850.0,204735100.0,97120060.0,161162080.0,331845000.0,260604000.0,501724000.0,397134000.0,449092000.0,475493000.0,225564000.0,374995000.0
20210705,-25529310.0,86228760.0,73840130.0,138797490.0,125656820.0,151327000.0,136018130.0,78636440.0,119474620.0,203581000.0,174144000.0,327199000.0,296262000.0,356497000.0,320590000.0,185161000.0,281441000.0
20210706,-78435170.0,125322250.0,74906260.0,179829260.0,151810070.0,159358810.0,173487570.0,76405310.0,140711720.0,306034000.0,182644000.0,439544000.0,371135000.0,389341000.0,424462000.0,186707000.0,343385000.0
20210707,-12564690.0,98345270.0,87251290.0,145184980.0,143714260.0,148001260.0,143731770.0,100473620.0,117307800.0,236036000.0,209425000.0,348301000.0,344489000.0,354331000.0,344568000.0,240345000.0,280531000.0
20210708,-54567480.0,104365100.0,75646050.0,145211700.0,119363280.0,145921270.0,140217120.0,80548700.0,140820330.0,250606000.0,181170000.0,348147000.0,286053000.0,349568000.0,335729000.0,192732000.0,338102000.0
20210709,-26159780.0,94602590.0,80465450.0,139787770.0,127765140.0,127692420.0,130804630.0,53246890.0,76294460.0,233404000.0,197365000.0,344158000.0,313668000.0,313777000.0,321890000.0,130578000.0,188994000.0
20210712,-20810830.0,110927580.0,81850400.0,152059730.0,160326070.0,149668010.0,160586570.0,87854750.0,97747020.0,269858000.0,198613000.0,369280000.0,389302000.0,362964000.0,389614000.0,212878000.0,237451000.0
20210713,32488990.0,97806550.0,121034530.0,171796760.0,181057770.0,211982240.0,177071190.0,136697710.0,139119770.0,232778000.0,287573000.0,408629000.0,430218000.0,503563000.0,420645000.0,323553000.0,330086000.0
20210714,-56366560.0,133661790.0,87164980.0,178055690.0,168185950.0,166698080.0,176233130.0,71139520.0,117971030.0,328246000.0,213810000.0,436611000.0,412168000.0,408217000.0,431494000.0,174309000.0,289910000.0
20210715,-32668690.0,122745740.0,103374880.0,154003040.0,140705190.0,141571630.0,152688950.0,67976260.0,89527630.0,309131000.0,259153000.0,386293000.0,352649000.0,355039000.0,383453000.0,170196000.0,225403000.0
20210716,-84908770.0,141945690.0,67962220.0,118911810.0,107986500.0,98581720.0,127656580.0,45943350.0,101777260.0,360911000.0,172477000.0,301801000.0,274023000.0,250132000.0,324158000.0,116554000.0,258739000.0
20210719,14024810.0,71393980.0,74908370.0,85916260.0,96426680.0,87697130.0,81400410.0,41844750.0,34116660.0,180753000.0,189374000.0,217316000.0,243866000.0,221861000.0,205902000.0,105697000.0,86485000.0
20210720,3005520.0,63076040.0,65629520.0,75056600.0,75508650.0,62152960.0,65043410.0,35058880.0,29162910.0,159370000.0,165589000.0,189521000.0,190692000.0,156820000.0,164203000.0,88413000.0,73641000.0
20210721,124566930.0,78693330.0,156620080.0,174699950.0,221340140.0,240017090.0,224488750.0,284395220.0,175356630.0,187575000.0,370806000.0,416762000.0,524564000.0,571308000.0,531890000.0,667145000.0,415530000.0
20210722,-41587400.0,130681440.0,127720350.0,249303940.0,210677620.0,292929680.0,285140600.0,197225330.0,246601810.0,296109000.0,288974000.0,564727000.0,476338000.0,661515000.0,644769000.0,443842000.0,556113000.0
20210723,-31070750.0,107812370.0,82953960.0,155731520.0,149519180.0,159059780.0,158345090.0,68332270.0,100117710.0,245829000.0,188816000.0,354662000.0,340424000.0,362164000.0,360433000.0,155208000.0,228190000.0
20210726,-21064020.0,110652750.0,91784270.0,167833120.0,165637570.0,182475750.0,177903670.0,81836760.0,107472860.0,255598000.0,211663000.0,387584000.0,382103000.0,420923000.0,409724000.0,188097000.0,248713000.0
20210727,24327320.0,115178960.0,116944820.0,184614140.0,207175600.0,222483200.0,201571590.0,124941130.0,121525420.0,262302000.0,264210000.0,418957000.0,468735000.0,502992000.0,456476000.0,281471000.0,276302000.0
20210728,-5411860.0,84708170.0,74410140.0,128185240.0,133071400.0,130546700.0,130654350.0,82889500.0,88193710.0,204858000.0,179552000.0,309874000.0,321382000.0,315204000.0,315726000.0,200206000.0,213482000.0
20210729,49224770.0,91160390.0,108932190.0,163298650.0,194751620.0,182357850.0,171896510.0,116372620.0,77609190.0,214031000.0,254523000.0,382847000.0,455734000.0,426883000.0,402856000.0,271325000.0,181973000.0
20210730,-29524130.0,109469820.0,95221170.0,183168750.0,167893270.0,174526210.0,170014580.0,64898030.0,98933790.0,250922000.0,217491000.0,419098000.0,383864000.0,398789000.0,388759000.0,148208000.0,226904000.0
20210802,72443490.0,112330420.0,136432750.0,200601330.0,248942490.0,248070340.0,229259080.0,185963920.0,132331690.0,247583000.0,300044000.0,441563000.0,547716000.0,545401000.0,504146000.0,408066000.0,290706000.0
20210803,19687790.0,100189950.0,96487040.0,156768550.0,180159250.0,169280920.0,161987230.0,92791800.0,80397700.0,220890000.0,211969000.0,344982000.0,395957000.0,372166000.0,356260000.0,203139000.0,176992000.0
20210804,168336200.0,74854880.0,156087570.0,170843750.0,257947270.0,276795240.0,281822020.0,374530170.0,201167190.0,153539000.0,318056000.0,350634000.0,525693000.0,567385000.0,575366000.0,755389000.0,407832000.0
20210805,-46285490.0,117752110.0,107705170.0,238167370.0,201928820.0,282993150.0,256194890.0,225398670.0,298482420.0,230285000.0,210412000.0,465934000.0,394591000.0,553671000.0,500696000.0,442344000.0,586536000.0
20210806,-35449370.0,108727330.0,81942680.0,159586630.0,150921910.0,161116030.0,168470800.0,88648140.0,116742740.0,213666000.0,160562000.0,313020000.0,295905000.0,315755000.0,330473000.0,173311000.0,228811000.0
20210809,-23965340.0,104110640.0,82761780.0,150788140.0,148171670.0,151464920.0,170703590.0,80274890.0,85001560.0,212734000.0,168571000.0,307987000.0,302096000.0,309442000.0,349049000.0,163813000.0,174260000.0
20210810,-53583210.0,105663950.0,69998370.0,154717790.0,136800170.0,132887160.0,164157820.0,75626440.0,97938990.0,214737000.0,141635000.0,313912000.0,277298000.0,269500000.0,332899000.0,152889000.0,199206000.0
20210811,-121931900.0,148301880.0,71701760.0,198397570.0,153065780.0,188980350.0,243602980.0,83049390.0,150358660.0,311371000.0,149945000.0,416113000.0,320513000.0,396505000.0,511444000.0,174347000.0,316433000.0
20210812,-38463610.0,119989340.0,90184900.0,159359810.0,150700650.0,159286410.0,176888000.0,106788740.0,127650760.0,257912000.0,192883000.0,342008000.0,323055000.0,341528000.0,379563000.0,229001000.0,274948000.0
20210813,-63673100.0,103509260.0,65608790.0,130267650.0,104495020.0,111304980.0,128574970.0,45446020.0,91849130.0,222955000.0,141008000.0,280353000.0,224778000.0,239406000.0,276664000.0,97526000.0,197789000.0
20210816,48628400.0,82157940.0,98611150.0,128669160.0,160844350.0,150669760.0,128068290.0,85623300.0,59596370.0,174819000.0,209430000.0,273770000.0,341943000.0,320276000.0,272634000.0,182008000.0,126865000.0
20210817,17869280.0,103434670.0,115609540.0,164594800.0,170289210.0,173698770.0,171791600.0,99883090.0,83920980.0,214044000.0,238706000.0,340418000.0,351900000.0,359238000.0,355199000.0,206110000.0,174005000.0
20210818,-35773750.0,127976050.0,101969860.0,186283680.0,176516110.0,171744600.0,174542550.0,63926080.0,96901880.0,265783000.0,210656000.0,385651000.0,365726000.0,354756000.0,361171000.0,132229000.0,200866000.0
20210819,-9835760.0,111644430.0,108096150.0,163030980.0,156743500.0,135477170.0,144336980.0,63374600.0,64350550.0,230535000.0,222540000.0,336588000.0,323345000.0,279703000.0,297934000.0,130060000.0,133068000.0
20210820,-7048980.0,99879340.0,85293660.0,130801110.0,138337810.0,108353850.0,114013200.0,46257410.0,47647040.0,207082000.0,176464000.0,270878000.0,286442000.0,224412000.0,236238000.0,95585000.0,98814000.0
20210823,26851880.0,102890680.0,108404560.0,156456740.0,177794730.0,189437590.0,162198930.0,82403940.0,82790720.0,209832000.0,219640000.0,318436000.0,361147000.0,384764000.0,330090000.0,166352000.0,168508000.0
20210824,6653990.0,109445400.0,116010300.0,179174900.0,179263990.0,151450630.0,161911540.0,108930520.0,91815620.0,212120000.0,224247000.0,346875000.0,346803000.0,293068000.0,313177000.0,209877000.0,177713000.0
20210825,67744860.0,102565940.0,148519750.0,211282230.0,233073290.0,289670070.0,237072360.0,205395340.0,190248190.0,194703000.0,280503000.0,400220000.0,441169000.0,546306000.0,446861000.0,384398000.0,357093000.0
20210826,-6264250.0,94742390.0,93700570.0,156229450.0,151007030.0,170780800.0,165709060.0,98521930.0,109857920.0,173710000.0,171523000.0,286190000.0,276493000.0,312503000.0,303400000.0,180140000.0,201127000.0
20210827,24955310.0,99432710.0,124187760.0,197073280.0,197273540.0,256398970.0,238104910.0,220155450.0,213494200.0,174929000.0,218580000.0,346645000.0,347076000.0,451241000.0,418304000.0,385791000.0,374645000.0
20210830,13073830.0,117866470.0,121852250.0,216890100.0,225978150.0,294786890.0,289984480.0,280252140.0,271980720.0,195958000.0,202231000.0,360638000.0,375620000.0,489928000.0,482273000.0,465317000.0,451717000.0
20210831,-13603120.0,101382700.0,103397540.0,191759460.0,176141490.0,208647600.0,190611800.0,128762820.0,160401740.0,168523000.0,171490000.0,318622000.0,292356000.0,346440000.0,316539000.0,213497000.0,266697000.0
20210901,-38907200.0,150131610.0,115321370.0,233936660.0,229839700.0,265133700.0,272134870.0,199873470.0,231779500.0,263462000.0,201526000.0,409995000.0,402106000.0,464302000.0,476332000.0,350158000.0,407954000.0
20210902,59301820.0,101015170.0,129901030.0,172717970.0,203133910.0,231787920.0,227787350.0,227532900.0,172231650.0,169641000.0,217376000.0,290075000.0,340398000.0,389379000.0,381990000.0,379264000.0,288597000.0
20210903,4097580.0,123499360.0,119876860.0,205232220.0,212952300.0,230006220.0,205386290.0,161455630.0,181977980.0,207357000.0,200515000.0,344570000.0,357503000.0,386194000.0,345103000.0,271403000.0,306404000.0
20210906,-14286240.0,134417280.0,85039040.0,189585500.0,224677490.0,203991650.0,219191830.0,112657240.0,111743300.0,244153000.0,153776000.0,344064000.0,407715000.0,370128000.0,397877000.0,204004000.0,202980000.0
20210907,-3107760.0,83988170.0,84381540.0,123568640.0,120067520.0,122596060.0,124568250.0,95456780.0,96592350.0,149027000.0,149312000.0,219293000.0,212795000.0,217554000.0,220967000.0,168801000.0,171601000.0
20210908,-54494430.0,114839210.0,63776030.0,139310310.0,135879060.0,120645200.0,135883970.0,64929600.0,104185260.0,206549000.0,114314000.0,250278000.0,243798000.0,216452000.0,244083000.0,116563000.0,187648000.0
20210909,8319830.0,83725880.0,86218870.0,120810210.0,126637050.0,107325480.0,108897570.0,65020800.0,55128880.0,150327000.0,154279000.0,216746000.0,227017000.0,192226000.0,195121000.0,116097000.0,98980000.0
20210910,5855760.0,106990220.0,105194810.0,151282770.0,158933950.0,149898770.0,143835330.0,85308740.0,85516420.0,186907000.0,183463000.0,264398000.0,277188000.0,261347000.0,250991000.0,148031000.0,149040000.0
20210913,-98270950.0,136600700.0,71113200.0,164255550.0,131472110.0,128337500.0,167923150.0,88268430.0,146953730.0,242690000.0,125715000.0,291099000.0,232604000.0,227609000.0,298268000.0,156663000.0,261473000.0
20210914,-129579500.0,184678040.0,87788310.0,248668340.0,215978570.0,213250860.0,278045890.0,113210090.0,177994560.0,351793000.0,166833000.0,473470000.0,411092000.0,406600000.0,530128000.0,215716000.0,339525000.0
20210915,-663020.0,95942290.0,93393380.0,129833190.0,131719090.0,108261610.0,119446400.0,71562630.0,61040860.0,181622000.0,176609000.0,245815000.0,249231000.0,204847000.0,226165000.0,135413000.0,115693000.0
20210916,-99164160.0,153450340.0,74901050.0,193229520.0,172614650.0,170988500.0,196482760.0,97295060.0,170964960.0,302203000.0,147346000.0,380487000.0,339635000.0,336665000.0,386603000.0,192126000.0,337896000.0
20210917,-45541200.0,123480680.0,81412110.0,156262140.0,152789520.0,151390520.0,174290740.0,83261240.0,105902220.0,252763000.0,166047000.0,320096000.0,312490000.0,309787000.0,357291000.0,170732000.0,217550000.0
20210922,9079710.0,74530990.0,75298650.0,96725730.0,105037780.0,75603160.0,77814860.0,46066360.0,34774950.0,150780000.0,152014000.0,195545000.0,212092000.0,152775000.0,157389000.0,92886000.0,70491000.0
20210923,1465650.0,94431470.0,84983040.0,117952390.0,128866470.0,108421430.0,110853950.0,54600020.0,50701850.0,188674000.0,169524000.0,235336000.0,256867000.0,215769000.0,220742000.0,108597000.0,101242000.0
20210924,39949770.0,93706840.0,108344570.0,135847740.0,161159770.0,150179220.0,136875470.0,126361750.0,99715730.0,185960000.0,213831000.0,269325000.0,318232000.0,296923000.0,270654000.0,247290000.0,196780000.0
20210927,-30364100.0,93820580.0,78438500.0,137653200.0,122671180.0,134124710.0,132526240.0,59144240.0,91106810.0,187902000.0,156615000.0,275195000.0,245056000.0,268095000.0,264987000.0,117964000.0,182498000.0
20210928,3993580.0,65827850.0,67839360.0,82749530.0,84731610.0,71877720.0,64730820.0,38984800.0,42138120.0,132081000.0,135793000.0,165792000.0,169658000.0,143888000.0,129728000.0,78034000.0,84616000.0
20210929,23972320.0,63300990.0,76247020.0,100666460.0,111692760.0,94375260.0,85875420.0,60143490.0,44671010.0,126254000.0,151845000.0,200669000.0,222542000.0,188160000.0,171412000.0,119832000.0,89116000.0
20210930,17973780.0,78484300.0,93917900.0,108477250.0,111017440.0,83232210.0,74998350.0,39840950.0,30101030.0,154615000.0,184751000.0,213653000.0,218535000.0,163967000.0,147858000.0,78438000.0,59531000.0
20211008,13292860.0,65889270.0,59992090.0,99092990.0,118283040.0,90567630.0,93970740.0,73615040.0,56919070.0,130624000.0,118623000.0,195957000.0,234069000.0,178805000.0,185637000.0,144883000.0,111941000.0
20211011,9896050.0,70862120.0,76066570.0,107775130.0,112466730.0,87667140.0,83910460.0,54514580.0,48375210.0,137672000.0,147402000.0,209172000.0,218219000.0,170177000.0,163017000.0,105855000.0,94239000.0
20211012,32731400.0,70103840.0,88369380.0,108689210.0,123155060.0,99282230.0,83535100.0,58436120.0,41451850.0,135060000.0,170117000.0,209296000.0,237036000.0,191002000.0,160775000.0,112251000.0,79681000.0
20211013,44268230.0,82392790.0,104563150.0,124487620.0,146585490.0,121139820.0,111907540.0,87949710.0,52913760.0,151575000.0,192430000.0,229255000.0,269713000.0,223249000.0,206146000.0,161549000.0,97339000.0
20211014,-7974100.0,87672080.0,79506570.0,120277320.0,120468740.0,105168760.0,107724890.0,52202770.0,57620740.0,159753000.0,144591000.0,219039000.0,219226000.0,191407000.0,196119000.0,94799000.0,105062000.0
20211015,18283070.0,75080160.0,82201740.0,103613810.0,114775300.0,96868950.0,87379870.0,54941240.0,46147250.0,135271000.0,147918000.0,186670000.0,206639000.0,174400000.0,157323000.0,98769000.0,83230000.0
20211018,-8697960.0,81567530.0,74294700.0,109196080.0,107770940.0,92006910.0,95423690.0,54519800.0,59800980.0,147481000.0,134163000.0,197246000.0,194636000.0,166194000.0,172346000.0,98326000.0,108102000.0
20211019,-37916830.0,102772950.0,61762040.0,101730850.0,104824940.0,81862940.0,109167770.0,62846280.0,73458280.0,189136000.0,113602000.0,187144000.0,192822000.0,150588000.0,200767000.0,115741000.0,135418000.0
20211020,-22952960.0,93594720.0,78574590.0,115970040.0,108037220.0,99837640.0,105009930.0,63844050.0,81624720.0,169928000.0,142490000.0,210449000.0,195944000.0,180994000.0,190515000.0,115706000.0,148128000.0
20211021,-6980600.0,68221090.0,51874390.0,70727260.0,80093350.0,53380630.0,66247010.0,47592140.0,41706360.0,126523000.0,96104000.0,131106000.0,148475000.0,98912000.0,122748000.0,88140000.0,77355000.0
20211022,6674530.0,59515790.0,64655330.0,80931500.0,82466480.0,67836200.0,67654660.0,35885940.0,29392950.0,108855000.0,118065000.0,147949000.0,150682000.0,123899000.0,123771000.0,65615000.0,53799000.0
20211025,27961050.0,80422470.0,102154670.0,127717120.0,133945980.0,145943360.0,118843060.0,114210790.0,113350040.0,141892000.0,180241000.0,225589000.0,236351000.0,258034000.0,209754000.0,201694000.0,200863000.0
20211026,-28390280.0,95621100.0,78966110.0,118708760.0,106973470.0,90484370.0,99896760.0,42390180.0,61368070.0,170887000.0,141052000.0,212013000.0,191098000.0,161550000.0,178334000.0,75681000.0,109649000.0
20211027,2853790.0,83880990.0,90092160.0,105662640.0,102305270.0,97108810.0,83906210.0,62674640.0,73023450.0,148291000.0,159053000.0,186721000.0,180610000.0,171545000.0,148197000.0,110654000.0,129351000.0
20211028,-30972890.0,82668930.0,63881590.0,102207690.0,90022130.0,90962310.0,97738130.0,47306210.0,71503280.0,148599000.0,114709000.0,183562000.0,161723000.0,163195000.0,175531000.0,84879000.0,128272000.0
20211029,-1859770.0,107617810.0,110861050.0,163304910.0,158201900.0,153535430.0,164825750.0,100487590.0,91057040.0,194825000.0,198858000.0,293718000.0,284322000.0,275390000.0,296421000.0,179470000.0,163802000.0
20211101,-49643990.0,116953210.0,83850890.0,162880060.0,146338380.0,131962930.0,160455450.0,91516050.0,112667520.0,209976000.0,150003000.0,291749000.0,262076000.0,236421000.0,287896000.0,164454000.0,202626000.0
20211102,-116124970.0,160309750.0,73882500.0,176917060.0,147219340.0,139599030.0,178036990.0,80199200.0,157886210.0,303333000.0,139538000.0,334988000.0,278719000.0,264263000.0,336784000.0,151483000.0,299026000.0
20211103,191000.0,76269700.0,64482210.0,97673340.0,109651830.0,96879790.0,98867870.0,88638660.0,86459580.0,148432000.0,125270000.0,189868000.0,213008000.0,188290000.0,192183000.0,172171000.0,168301000.0
20211104,27144790.0,69454570.0,77258970.0,100302140.0,119642540.0,112488200.0,116318690.0,93428650.0,62453370.0,132183000.0,146712000.0,190788000.0,227401000.0,213582000.0,221000000.0,176962000.0,118401000.0
20211105,-67750350.0,109494880.0,58405210.0,127089470.0,110428790.0,106878310.0,133129100.0,82200940.0,123700500.0,216092000.0,115057000.0,250695000.0,217666000.0,210882000.0,262565000.0,162047000.0,244427000.0
20211108,-2889480.0,57522850.0,47488730.0,65020250.0,72164890.0,59209120.0,63702710.0,40779620.0,39175510.0,114354000.0,94278000.0,129163000.0,143292000.0,117592000.0,126614000.0,80963000.0,77887000.0
20211109,-8086420.0,63355100.0,57443860.0,86022180.0,83846990.0,69236350.0,79177740.0,37902180.0,36047210.0,124509000.0,112620000.0,168798000.0,164451000.0,135766000.0,155451000.0,74170000.0,70720000.0
20211110,-64220600.0,126922920.0,64320860.0,136412520.0,134793960.0,116485700.0,134960520.0,56844650.0,102590430.0,260509000.0,131846000.0,280013000.0,276754000.0,238976000.0,276714000.0,116783000.0,210969000.0
20211111,-12705070.0,71253740.0,60123620.0,78399580.0,76824630.0,64656580.0,72187270.0,22877520.0,28051900.0,145416000.0,122588000.0,159922000.0,156712000.0,131944000.0,147348000.0,46654000.0,57289000.0
20211112,13720750.0,55300130.0,63349930.0,68022720.0,73693660.0,60117750.0,51943170.0,25553050.0,20006880.0,111700000.0,127896000.0,137377000.0,148778000.0,121346000.0,104876000.0,51569000.0,40443000.0
20211115,-17001030.0,63907940.0,52136150.0,72422230.0,67192990.0,45735060.0,51806440.0,17987440.0,28917090.0,131907000.0,107543000.0,149383000.0,138634000.0,94358000.0,106878000.0,37134000.0,59726000.0
20211116,12477030.0,37815680.0,49736240.0,52143960.0,52700430.0,41165830.0,37967610.0,21302990.0,12024180.0,78164000.0,102693000.0,107737000.0,108838000.0,85010000.0,78444000.0,43918000.0,24853000.0
20211117,34056490.0,58737590.0,85957430.0,87415170.0,94251820.0,87796340.0,81199090.0,52794160.0,25334920.0,118852000.0,173635000.0,176681000.0,190241000.0,177285000.0,164091000.0,106344000.0,51195000.0
20211118,-11171370.0,55644530.0,46046130.0,60079540.0,58506580.0,43031480.0,49324660.0,16722310.0,21600500.0,112803000.0,93257000.0,121760000.0,118499000.0,87147000.0,99981000.0,33812000.0,43785000.0
20211119,-18790250.0,76355160.0,57146880.0,86885220.0,87303240.0,74459280.0,74029790.0,27638390.0,46858130.0,156940000.0,117220000.0,178374000.0,179125000.0,152803000.0,152033000.0,56736000.0,96473000.0
20211122,-37611010.0,95392760.0,62828450.0,101072640.0,96025940.0,81845790.0,95033580.0,41064970.0,65488190.0,195738000.0,128635000.0,207358000.0,196909000.0,167721000.0,194917000.0,84122000.0,134479000.0
20211123,-11113590.0,73422110.0,53822640.0,75681670.0,84167550.0,75280190.0,75472580.0,42596270.0,53517470.0,151253000.0,110846000.0,155843000.0,173399000.0,154952000.0,155444000.0,87817000.0,110178000.0
20211124,-95813370.0,142003910.0,65700950.0,152757010.0,133246600.0,109647030.0,139129680.0,62116660.0,128447380.0,303370000.0,140376000.0,326398000.0,284848000.0,234441000.0,297421000.0,132739000.0,274304000.0
20211125,-94679930.0,128352070.0,58345340.0,141845600.0,117172400.0,111009270.0,140807910.0,36317470.0,101198760.0,282792000.0,128220000.0,312430000.0,257736000.0,244237000.0,310195000.0,80024000.0,223333000.0
20211126,-54259360.0,86230560.0,56414450.0,101272860.0,76829610.0,78232930.0,104277280.0,27317420.0,55532430.0,191930000.0,125510000.0,225304000.0,170826000.0,174033000.0,232044000.0,60739000.0,123626000.0
20211129,-33591630.0,89005030.0,57901980.0,86189370.0,83700790.0,73981080.0,94349570.0,38924930.0,52148070.0,201066000.0,130697000.0,194678000.0,189005000.0,167038000.0,213154000.0,87953000.0,117879000.0
20211130,1214190.0,77367190.0,74401490.0,98212800.0,102392700.0,77962190.0,77393190.0,45070450.0,44425260.0,172234000.0,165448000.0,218485000.0,227711000.0,173456000.0,172241000.0,100342000.0,99118000.0
20211201,30809780.0,61940840.0,87167030.0,113094070.0,118677660.0,115624290.0,97481800.0,63734840.0,51067550.0,136241000.0,191555000.0,249096000.0,260977000.0,254131000.0,214465000.0,139974000.0,112446000.0
20211202,-30576050.0,65179920.0,57246160.0,95001550.0,72359270.0,61134650.0,74961810.0,18413710.0,35162600.0,142485000.0,124970000.0,207587000.0,158017000.0,133425000.0,163782000.0,40177000.0,76904000.0
20211203,-50916300.0,133684230.0,73353690.0,146089840.0,155504070.0,105985020.0,113613850.0,39325930.0,82613400.0,304082000.0,166681000.0,332297000.0,353836000.0,241112000.0,258329000.0,89494000.0,188139000.0
20211206,-22704050.0,78811010.0,73868560.0,136951170.0,119189570.0,95703660.0,79308550.0,45279150.0,84378310.0,175415000.0,164211000.0,304399000.0,265055000.0,212499000.0,176258000.0,100612000.0,187401000.0
20211207,-5859830.0,59193290.0,56602770.0,66331570.0,63062270.0,46818330.0,57151980.0,34343890.0,29870070.0,132746000.0,126795000.0,148573000.0,141221000.0,104792000.0,128044000.0,76807000.0,66859000.0
20211208,56886400.0,85040570.0,115419620.0,129104760.0,155612110.0,134027360.0,109015460.0,79609340.0,47734840.0,184859000.0,250345000.0,280237000.0,337558000.0,290386000.0,236471000.0,172949000.0,104057000.0
20211209,-14793520.0,75076950.0,72626610.0,106066500.0,93723320.0,69256160.0,75837630.0,26202430.0,34414480.0,161169000.0,155843000.0,227698000.0,201145000.0,148702000.0,162789000.0,56191000.0,73983000.0
20211210,48202360.0,87993620.0,117149280.0,146463340.0,165510050.0,140845730.0,120541270.0,76166380.0,48268480.0,182692000.0,243210000.0,304120000.0,343461000.0,292041000.0,250181000.0,158229000.0,100230000.0
20211213,-8175780.0,76535980.0,85477520.0,115693530.0,98576210.0,73227730.0,72672000.0,33197370.0,41928880.0,159039000.0,177380000.0,240236000.0,204679000.0,152176000.0,150998000.0,68911000.0,87304000.0
20211214,-33692730.0,81698840.0,50525600.0,84880590.0,82361120.0,51826790.0,70977760.0,18571150.0,33112910.0,173276000.0,107048000.0,179919000.0,174581000.0,109860000.0,150500000.0,39316000.0,70243000.0
20211215,12598020.0,58897540.0,68649290.0,83484910.0,86331180.0,73210420.0,69604790.0,34044640.0,25052250.0,123239000.0,143290000.0,174360000.0,180178000.0,152802000.0,145268000.0,70672000.0,52338000.0
20211216,-10759850.0,47302980.0,38842510.0,51520090.0,49220710.0,33199380.0,40421710.0,10695640.0,14233160.0,99960000.0,81988000.0,108858000.0,103949000.0,70124000.0,85463000.0,22546000.0,30087000.0
20211217,-42971740.0,89317780.0,56369450.0,88366480.0,78343060.0,55181780.0,69907090.0,21115730.0,49362160.0,195613000.0,123506000.0,193546000.0,171588000.0,120819000.0,153121000.0,46324000.0,108088000.0
20211220,-13128090.0,65228890.0,48779550.0,63039220.0,66360460.0,40433020.0,44538600.0,11325280.0,20347790.0,146586000.0,109499000.0,141570000.0,149020000.0,90666000.0,100047000.0,25342000.0,45598000.0
20211221,1801270.0,36282040.0,39114710.0,46419920.0,45388520.0,32296730.0,32161890.0,9004980.0,7338550.0,81610000.0,87880000.0,104310000.0,101986000.0,72543000.0,72324000.0,20236000.0,16508000.0
20211222,2808410.0,30283260.0,29201070.0,34385700.0,38276310.0,26485560.0,22214510.0,6368160.0,7830800.0,67780000.0,65340000.0,76945000.0,85646000.0,59236000.0,49687000.0,14230000.0,17517000.0
20211223,-10642250.0,47926350.0,41763970.0,52898990.0,48419130.0,31139430.0,35272400.0,11257850.0,17767130.0,108546000.0,94563000.0,119748000.0,109591000.0,70464000.0,79818000.0,25503000.0,40288000.0
20211224,-72975030.0,116784640.0,57005070.0,116371510.0,103176050.0,84713420.0,99421530.0,36723150.0,94990070.0,278192000.0,135490000.0,277305000.0,245809000.0,201915000.0,236757000.0,87574000.0,226929000.0
20211227,-68056540.0,113328320.0,54721760.0,100227400.0,90777420.0,69569650.0,87427110.0,25024580.0,75223660.0,282963000.0,136515000.0,249979000.0,226362000.0,173376000.0,218277000.0,62483000.0,187648000.0
20211228,7121760.0,68145760.0,69105800.0,80911720.0,87073440.0,65266620.0,61941890.0,23225440.0,19428410.0,168416000.0,170332000.0,199677000.0,214575000.0,160680000.0,152892000.0,57029000.0,48002000.0
20211229,19168680.0,65277640.0,81529140.0,97824710.0,100741880.0,91182780.0,68028140.0,25973240.0,29959200.0,156270000.0,194610000.0,234101000.0,240706000.0,217183000.0,162363000.0,61724000.0,71599000.0
20211230,-37131470.0,70064270.0,57278840.0,95879890.0,71533840.0,65378200.0,81053950.0,18648520.0,40104240.0,164684000.0,134486000.0,225258000.0,168016000.0,153656000.0,190472000.0,43841000.0,94466000.0
20211231,61218020.0,93391710.0,116825200.0,118031940.0,155816470.0,134508290.0,129328280.0,126817170.0,70779160.0,207305000.0,259525000.0,262633000.0,346498000.0,299721000.0,287819000.0,281284000.0,157101000.0
20220104,-28967880.0,111839410.0,92968580.0,138535940.0,128438890.0,89727820.0,107571280.0,26479260.0,37603680.0,261192000.0,217226000.0,323199000.0,299726000.0,209105000.0,250922000.0,61832000.0,87454000.0
20220105,-10093460.0,70292530.0,62898710.0,75234200.0,72534570.0,49880290.0,50458440.0,15607950.0,25123260.0,167618000.0,149833000.0,179235000.0,172646000.0,118739000.0,120216000.0,37151000.0,60048000.0
20220106,15757570.0,53142970.0,58148740.0,69748590.0,80500380.0,66015550.0,50179430.0,19112120.0,19190670.0,128836000.0,140466000.0,168700000.0,194473000.0,159041000.0,121214000.0,46085000.0,46509000.0
20220107,15021160.0,70761210.0,79703530.0,86093400.0,92172250.0,66369800.0,55352220.0,24633030.0,20629450.0,168110000.0,189377000.0,204382000.0,218984000.0,157506000.0,131184000.0,58405000.0,48858000.0
20220110,-13517360.0,51650380.0,50141750.0,66949700.0,54940980.0,36911610.0,38847630.0,9468950.0,21050290.0,123753000.0,119899000.0,160315000.0,131458000.0,88328000.0,93076000.0,22681000.0,50645000.0
20220111,-24428910.0,61063910.0,39093150.0,52948910.0,50490750.0,35283750.0,43328250.0,7985240.0,24369650.0,148388000.0,94830000.0,128758000.0,122645000.0,85803000.0,105404000.0,19464000.0,59533000.0
20220112,21097210.0,60011970.0,74039710.0,77223750.0,84293210.0,63894890.0,59011340.0,40017470.0,23803810.0,144238000.0,177359000.0,185454000.0,202243000.0,153030000.0,141514000.0,95398000.0,57003000.0
20220113,2556220.0,50486890.0,54475950.0,55904750.0,54471910.0,38950110.0,37375640.0,16505580.0,15523830.0,121303000.0,130712000.0,134177000.0,130734000.0,93457000.0,89750000.0,39538000.0,37278000.0
20220114,-4889410.0,41439400.0,40424270.0,49037720.0,45163440.0,29230940.0,34516500.0,8306170.0,7910020.0,99856000.0,97358000.0,118129000.0,108821000.0,70438000.0,83174000.0,19993000.0,19064000.0
20220117,516740.0,44832180.0,44438700.0,54131570.0,55041800.0,41507090.0,39040080.0,16565280.0,18515550.0,107010000.0,105807000.0,129039000.0,131138000.0,98908000.0,93048000.0,39378000.0,44339000.0
20220118,-2433160.0,44507960.0,36739900.0,42664130.0,47999040.0,27937790.0,32243900.0,14433230.0,12560280.0,108021000.0,89109000.0,103482000.0,116431000.0,67760000.0,78286000.0,35076000.0,30513000.0
20220119,-7015980.0,41241810.0,31526350.0,42603220.0,45302700.0,32320550.0,35021590.0,8249840.0,12564780.0,101380000.0,77462000.0,104720000.0,111343000.0,79489000.0,86147000.0,20301000.0,30938000.0
20220120,-17411880.0,52106730.0,31720810.0,40550040.0,43524080.0,25935150.0,34553890.0,8817130.0,17610270.0,129882000.0,78980000.0,101006000.0,108397000.0,64585000.0,86127000.0,22011000.0,43980000.0
20220121,-4325590.0,44625990.0,40106230.0,41507980.0,41702150.0,26875170.0,28523940.0,9877020.0,12553840.0,111227000.0,99781000.0,103150000.0,103801000.0,66836000.0,70969000.0,24495000.0,31156000.0
20220124,8852080.0,37226340.0,39955090.0,41922120.0,48045460.0,35625920.0,32253120.0,16981030.0,11501750.0,92293000.0,98858000.0,103634000.0,118677000.0,87960000.0,79763000.0,41810000.0,28400000.0
20220125,-8117320.0,62221480.0,43420400.0,47623740.0,58307500.0,34529970.0,39795690.0,15463280.0,18314880.0,157084000.0,109515000.0,120010000.0,147100000.0,87083000.0,100450000.0,39133000.0,46246000.0
20220126,-2468350.0,44036440.0,46594640.0,46948290.0,41921740.0,34674010.0,31065330.0,12754880.0,18831910.0,111073000.0,117275000.0,118260000.0,105468000.0,87202000.0,78218000.0,32048000.0,47621000.0
20220127,-309400.0,48964710.0,46599900.0,37594170.0,39649590.0,24591420.0,25010060.0,12532730.0,12423490.0,124969000.0,118873000.0,95858000.0,101238000.0,62762000.0,63834000.0,32074000.0,31719000.0
20220128,-4634260.0,59103060.0,47012380.0,49984770.0,57441190.0,40666950.0,42614280.0,15324120.0,18011050.0,156740000.0,124596000.0,132784000.0,152327000.0,108067000.0,113090000.0,40501000.0,48080000.0
20220207,8421320.0,55449200.0,68677960.0,73193240.0,68385800.0,58940260.0,53103420.0,22283770.0,19699290.0,140220000.0,173613000.0,185060000.0,172804000.0,148838000.0,134088000.0,56152000.0,49766000.0
20220208,-1167230.0,61893820.0,58645750.0,53825300.0,55906130.0,39717060.0,35894600.0,10309920.0,15299610.0,160760000.0,152301000.0,139809000.0,145187000.0,103136000.0,93281000.0,26807000.0,39743000.0
20220209,12886660.0,47874150.0,52898950.0,49112520.0,56974380.0,30989120.0,26765670.0,17849820.0,9186610.0,123767000.0,136492000.0,126848000.0,147310000.0,79960000.0,69084000.0,45995000.0,23684000.0
20220210,-7355000.0,54720760.0,51282450.0,52904510.0,48987820.0,30548980.0,32945510.0,10887020.0,15845490.0,141473000.0,132299000.0,136576000.0,126454000.0,78729000.0,85101000.0,28006000.0,40931000.0
20220211,-11394790.0,44555980.0,33457300.0,36674400.0,36378290.0,20888150.0,29647990.0,9975520.0,12610470.0,116748000.0,87498000.0,96059000.0,95211000.0,54724000.0,77761000.0,26163000.0,33223000.0
20220214,-774220.0,57819200.0,48014600.0,46246500.0,55276870.0,38024640.0,44064980.0,14580540.0,9314420.0,155362000.0,128832000.0,124231000.0,148471000.0,102246000.0,118620000.0,39184000.0,25100000.0
20220215,7076980.0,58394940.0,67948780.0,61641860.0,59165000.0,39780450.0,37770200.0,14683900.0,9617170.0,152496000.0,177310000.0,160956000.0,154436000.0,103736000.0,98609000.0,38306000.0,25138000.0
20220216,-2205030.0,43556120.0,41345620.0,34403310.0,34408780.0,25644750.0,22683570.0,5144460.0,10310670.0,112600000.0,106759000.0,88878000.0,88865000.0,66142000.0,58575000.0,13265000.0,26686000.0
20220217,21709790.0,57256830.0,76320610.0,63883410.0,66529410.0,53377370.0,42345960.0,23464000.0,12785620.0,145479000.0,193735000.0,162341000.0,168946000.0,135432000.0,107483000.0,59368000.0,32455000.0
20220218,5818560.0,50193820.0,46097370.0,39646880.0,49561880.0,29043750.0,26605090.0,10990320.0,7610420.0,128428000.0,117910000.0,101408000.0,126874000.0,74314000.0,68030000.0,28139000.0,19475000.0
20220221,7898190.0,34941510.0,43179030.0,36005910.0,35666570.0,31563770.0,24400900.0,10398760.0,9663440.0,89028000.0,109936000.0,91710000.0,90844000.0,80308000.0,62108000.0,26501000.0,24658000.0
20220222,43760400.0,69140050.0,104172880.0,120705420.0,129432980.0,107206700.0,99955570.0,71362100.0,34852830.0,168391000.0,253504000.0,293614000.0,315004000.0,261387000.0,243482000.0,173418000.0,84819000.0
20220223,13284830.0,75669820.0,84235240.0,101900000.0,106619420.0,90113910.0,81576250.0,43929540.0,39182370.0,177592000.0,197480000.0,239024000.0,249975000.0,211522000.0,191436000.0,102953000.0,92199000.0
20220224,-13415610.0,87116370.0,77722390.0,108518660.0,104497040.0,90659410.0,94087180.0,42052270.0,52040110.0,204423000.0,181748000.0,254468000.0,244696000.0,212092000.0,220298000.0,98116000.0,122359000.0
20220225,2981970.0,63344360.0,56187620.0,70944390.0,81083090.0,59490780.0,61842070.0,34274110.0,28940850.0,148843000.0,131742000.0,166458000.0,189992000.0,138896000.0,144607000.0,79839000.0,67695000.0
20220228,11706800.0,45093740.0,53305960.0,58134820.0,61629390.0,51089060.0,46887490.0,21398940.0,13893710.0,105626000.0,124791000.0,136150000.0,144262000.0,119528000.0,109731000.0,50012000.0,32534000.0
20220301,3365550.0,75143040.0,70940880.0,91134110.0,98701810.0,89971200.0,89153780.0,57696880.0,55148750.0,171413000.0,161296000.0,207468000.0,224074000.0,204148000.0,202541000.0,130172000.0,125289000.0
20220302,7932200.0,58521720.0,67528960.0,76702100.0,75627050.0,62569480.0,52754060.0,34345020.0,36228240.0,134967000.0,155311000.0,176426000.0,173967000.0,143729000.0,121321000.0,78753000.0,83276000.0
20220303,-3610850.0,46044500.0,43531460.0,59233580.0,58135770.0,46822850.0,42300620.0,20702810.0,28835890.0,105735000.0,99886000.0,135914000.0,133430000.0,107423000.0,97002000.0,47447000.0,66201000.0
20220304,-11580900.0,43608320.0,36186800.0,50780530.0,46621150.0,32670860.0,38705920.0,8843990.0,14389830.0,101479000.0,84090000.0,118117000.0,108447000.0,76012000.0,90054000.0,20569000.0,33586000.0
20220307,-9826590.0,48899280.0,47028080.0,58110610.0,50155230.0,41963900.0,42460570.0,12723860.0,22053780.0,115529000.0,110957000.0,137214000.0,118346000.0,99052000.0,100353000.0,30163000.0,52301000.0
20220308,21989740.0,47402600.0,61302840.0,76147000.0,84236500.0,65816880.0,56509820.0,36576980.0,23894300.0,110574000.0,142823000.0,177555000.0,196332000.0,153374000.0,131761000.0,85042000.0,55628000.0
20220309,-1606400.0,73942140.0,74128120.0,110349810.0,108557420.0,93787780.0,80856220.0,40416920.0,54954880.0,172069000.0,172063000.0,256472000.0,252330000.0,217598000.0,188027000.0,93706000.0,127425000.0
20220310,24409970.0,100657420.0,106139530.0,156780510.0,175708380.0,176525190.0,159226980.0,84887250.0,77775490.0,221901000.0,233291000.0,345040000.0,386274000.0,387693000.0,350196000.0,186022000.0,170895000.0
20220311,13828880.0,77007590.0,86637100.0,107642690.0,111842050.0,83555200.0,85100150.0,52112430.0,36738600.0,171554000.0,192626000.0,239603000.0,248813000.0,185751000.0,189318000.0,115649000.0,81800000.0
20220314,-10878280.0,58298160.0,53617940.0,79610330.0,73412270.0,56924320.0,53924000.0,18921570.0,32800170.0,130198000.0,119600000.0,177511000.0,163705000.0,126915000.0,120311000.0,42351000.0,73358000.0
20220315,-8292220.0,69914180.0,72324290.0,111144950.0,100442630.0,86777820.0,96601700.0,49834140.0,48302480.0,157967000.0,162908000.0,250891000.0,226594000.0,195766000.0,218008000.0,112232000.0,109346000.0
20220316,16724760.0,67433050.0,83442560.0,116690710.0,117405960.0,98293890.0,95015800.0,60264950.0,46818280.0,152267000.0,187209000.0,262623000.0,263632000.0,220817000.0,213815000.0,134667000.0,105719000.0
20220317,-20928330.0,83820250.0,68696890.0,112570290.0,106765320.0,99876070.0,105717900.0,49044670.0,64131170.0,185528000.0,151601000.0,248783000.0,235627000.0,220268000.0,233236000.0,107647000.0,141761000.0
20220318,790770.0,45125930.0,47976260.0,51328460.0,49268900.0,39892830.0,35453990.0,18040360.0,21688430.0,102559000.0,108852000.0,116595000.0,111835000.0,90546000.0,80551000.0,40889000.0,49352000.0
20220321,12312030.0,41142140.0,46732020.0,57498700.0,64220850.0,51247000.0,45126990.0,24972500.0,18780480.0,92119000.0,104517000.0,128663000.0,143652000.0,114553000.0,100954000.0,55804000.0,42016000.0
20220322,-2665380.0,49104870.0,45410180.0,71213540.0,72242840.0,77423700.0,72402990.0,40319360.0,48005450.0,109413000.0,100968000.0,158642000.0,160713000.0,172382000.0,161371000.0,89733000.0,107118000.0
20220323,-5160320.0,44581360.0,38114880.0,56015880.0,57322040.0,41589650.0,42361600.0,14646320.0,19034690.0,100252000.0,85464000.0,125796000.0,128640000.0,93343000.0,95180000.0,32800000.0,42905000.0
20220324,-24113270.0,64998210.0,38432230.0,77480520.0,79933240.0,60343350.0,77307950.0,25130300.0,32278970.0,152758000.0,90332000.0,182165000.0,187978000.0,141840000.0,181680000.0,59090000.0,75864000.0
20220325,-19131060.0,56145940.0,34137150.0,54231330.0,57109050.0,34223970.0,45868510.0,11763910.0,19250430.0,133862000.0,81333000.0,129322000.0,136188000.0,81603000.0,109314000.0,28049000.0,46003000.0
20220328,5809390.0,71992810.0,79196580.0,95522900.0,94128500.0,80434160.0,75831260.0,32040010.0,30833520.0,167422000.0,184155000.0,222376000.0,219036000.0,187285000.0,176598000.0,74609000.0,71902000.0
20220329,-9356190.0,61275720.0,56639310.0,75989290.0,71269520.0,63126520.0,65685650.0,20769860.0,27566920.0,139799000.0,129060000.0,173145000.0,162238000.0,143730000.0,149647000.0,47213000.0,62944000.0
20220330,23646820.0,55066540.0,69050590.0,67722930.0,77385700.0,57632800.0,55076010.0,39632980.0,18542950.0,124938000.0,156477000.0,153605000.0,175338000.0,130567000.0,124788000.0,89493000.0,42001000.0
20220331,-21540580.0,64679550.0,54333930.0,75087980.0,63893030.0,52799830.0,57896650.0,16821680.0,33265440.0,149706000.0,125722000.0,173727000.0,147815000.0,122196000.0,133945000.0,39005000.0,77153000.0
20220401,482210.0,54065910.0,53348350.0,59466030.0,60665800.0,47832720.0,46469940.0,25626980.0,26507550.0,124890000.0,123044000.0,137243000.0,139982000.0,110366000.0,107272000.0,59017000.0,61218000.0
20220406,-11672400.0,65898140.0,56291130.0,76448760.0,74383370.0,62785370.0,63655540.0,32542470.0,43344700.0,158841000.0,135618000.0,184189000.0,179172000.0,151292000.0,153415000.0,78469000.0,104586000.0
20220407,-3105060.0,42172410.0,34280280.0,39306710.0,44093790.0,27299990.0,29100810.0,10488200.0,11792440.0,101447000.0,82382000.0,94504000.0,106005000.0,65620000.0,70013000.0,25209000.0,28380000.0
20220408,-19176900.0,48647880.0,31543600.0,47149950.0,45077330.0,32944300.0,40010060.0,14342080.0,26453220.0,119638000.0,77506000.0,115995000.0,110851000.0,81004000.0,98425000.0,35388000.0,65244000.0
20220411,-21071930.0,64375430.0,37401990.0,39801360.0,45702880.0,29152520.0,40478470.0,19248640.0,28994620.0,163338000.0,94835000.0,100893000.0,115861000.0,73869000.0,102691000.0,48744000.0,73457000.0
20220412,-12436960.0,50201660.0,36421200.0,32631010.0,33974510.0,23332980.0,29590680.0,10557030.0,16736290.0,127585000.0,92413000.0,82826000.0,86222000.0,59231000.0,75173000.0,26869000.0,42703000.0
20220413,-429150.0,40698810.0,42047670.0,31865540.0,30087530.0,22777710.0,22226590.0,12602080.0,13582350.0,102685000.0,105929000.0,80326000.0,75831000.0,57419000.0,56094000.0,31715000.0,34290000.0
20220414,-6943050.0,42608550.0,35191740.0,38537680.0,39011440.0,22760370.0,31766890.0,10925330.0,8861860.0,108391000.0,89356000.0,97902000.0,99172000.0,57832000.0,80780000.0,27755000.0,22572000.0
20220415,-4970590.0,40602800.0,37052130.0,36919720.0,35499800.0,23792730.0,26478530.0,9765710.0,12050500.0,104255000.0,94802000.0,94466000.0,90958000.0,60833000.0,67852000.0,24945000.0,30887000.0
20220418,2105950.0,41621140.0,42581200.0,41810520.0,42956410.0,28589940.0,28863900.0,11500890.0,9120980.0,104095000.0,106459000.0,104479000.0,107270000.0,71325000.0,72082000.0,28722000.0,22809000.0
20220419,-6464960.0,38942520.0,36438430.0,42667010.0,38706150.0,22847350.0,31727850.0,17127200.0,14711660.0,96734000.0,90457000.0,105912000.0,96091000.0,56739000.0,78849000.0,42602000.0,36590000.0
20220420,-8854300.0,40460630.0,28479080.0,26676280.0,29803520.0,19526820.0,25796700.0,8057860.0,10642280.0,102949000.0,72425000.0,67866000.0,75797000.0,49660000.0,65655000.0,20496000.0,27094000.0
20220421,-22894740.0,77221040.0,48465360.0,50071260.0,55932210.0,31848280.0,42319470.0,17314120.0,29737670.0,203598000.0,127490000.0,132033000.0,147565000.0,84132000.0,111700000.0,45508000.0,78515000.0
20220422,-9156410.0,46567860.0,32450180.0,40033480.0,44994750.0,20711700.0,25366050.0,4639590.0,9141650.0,125457000.0,87315000.0,107799000.0,121154000.0,55749000.0,68360000.0,12515000.0,24692000.0
20220425,-24173190.0,67248620.0,45596650.0,53941360.0,51420140.0,31882430.0,41678450.0,12519140.0,26896310.0,187682000.0,127262000.0,150545000.0,143555000.0,89145000.0,116475000.0,35100000.0,75182000.0
20220426,-7097930.0,74869790.0,74760090.0,73943710.0,66955480.0,60259320.0,61108660.0,27217630.0,33466220.0,203367000.0,202930000.0,201004000.0,181973000.0,163796000.0,166140000.0,73893000.0,91017000.0
20220427,25964280.0,72619230.0,92809990.0,78966220.0,84739750.0,67771400.0,61700890.0,50302860.0,30409090.0,190243000.0,241675000.0,206276000.0,221318000.0,176257000.0,160862000.0,130472000.0,79393000.0
20220428,-9747010.0,66847050.0,68284320.0,81068120.0,69883830.0,54841530.0,62075020.0,27863060.0,30376580.0,167392000.0,170901000.0,202613000.0,174693000.0,137142000.0,155247000.0,69642000.0,75949000.0
20220429,8516290.0,62181100.0,67209380.0,72624570.0,76112570.0,70127340.0,61475740.0,30550410.0,30685720.0,153348000.0,165641000.0,178933000.0,187440000.0,172676000.0,151276000.0,75122000.0,75722000.0
20220505,-13503490.0,59360070.0,45520740.0,61598400.0,61934240.0,43600410.0,47132120.0,14283560.0,24255340.0,144801000.0,110941000.0,150128000.0,150996000.0,106224000.0,114897000.0,34820000.0,59139000.0
20220506,-8712710.0,46391170.0,35423010.0,33619860.0,35875300.0,21007310.0,25370990.0,11459110.0,15808140.0,116815000.0,89132000.0,84625000.0,90292000.0,52859000.0,63861000.0,28808000.0,39823000.0
20220509,-15265650.0,42077470.0,31608000.0,35776150.0,30979990.0,20227640.0,26511260.0,8662180.0,17644210.0,106204000.0,79545000.0,90031000.0,77984000.0,50912000.0,66887000.0,21801000.0,44532000.0
20220510,230090.0,51544790.0,54668050.0,55052880.0,52159710.0,40270550.0,38126550.0,15007200.0,16921110.0,128853000.0,136547000.0,137488000.0,130260000.0,100567000.0,95317000.0,37429000.0,42212000.0
20220511,12473330.0,51245870.0,58938460.0,66892150.0,71672890.0,58508860.0,54567050.0,29853560.0,21322040.0,125716000.0,144403000.0,164005000.0,175630000.0,143248000.0,133710000.0,72991000.0,52217000.0
20220512,-10894230.0,40660610.0,31236720.0,41962840.0,40492490.0,29424040.0,30209840.0,9825990.0,19934420.0,100823000.0,77372000.0,104008000.0,100294000.0,72867000.0,74871000.0,24299000.0,49460000.0
20220513,-4610770.0,39592450.0,36239230.0,49469720.0,48212180.0,36196240.0,37364060.0,12220020.0,15662970.0,97953000.0,89527000.0,122235000.0,119058000.0,89348000.0,92289000.0,30152000.0,38814000.0
20220516,-3230480.0,46877570.0,40469450.0,42890480.0,46068130.0,32703450.0,31852840.0,8461280.0,12542370.0,117225000.0,101104000.0,107040000.0,114821000.0,81415000.0,79533000.0,21083000.0,31305000.0
20220517,22699860.0,62890500.0,78314320.0,89902310.0,97178350.0,96522180.0,90976900.0,54175170.0,37020590.0,150894000.0,187913000.0,216058000.0,233317000.0,232211000.0,218748000.0,130033000.0,89218000.0
20220518,-1988170.0,53005090.0,57849390.0,64516610.0,57684140.0,48190350.0,44600290.0,14523050.0,20101280.0,126816000.0,138335000.0,154313000.0,137883000.0,115283000.0,106670000.0,34636000.0,48161000.0
20220519,61134110.0,90991300.0,116492430.0,132824780.0,168457780.0,162672500.0,140102410.0,114501690.0,75937670.0,206548000.0,264382000.0,302187000.0,381709000.0,368904000.0,317939000.0,258456000.0,172064000.0
20220520,4803070.0,72775000.0,83613330.0,111257760.0,105222510.0,97739680.0,95542910.0,70363030.0,67756730.0,159484000.0,183108000.0,243753000.0,230383000.0,214226000.0,209255000.0,153828000.0,148546000.0
20220523,-19545180.0,75702730.0,56283260.0,74271160.0,74145450.0,57997490.0,66620840.0,22371450.0,33293280.0,166916000.0,123877000.0,163622000.0,163300000.0,127772000.0,146868000.0,49254000.0,73518000.0
20220524,-16116870.0,71476490.0,54924480.0,87527340.0,87962490.0,68941900.0,73407930.0,25671760.0,37322600.0,156933000.0,120370000.0,192021000.0,192965000.0,151235000.0,161056000.0,56249000.0,82045000.0
20220525,1044030.0,49720550.0,49827060.0,59576660.0,60514170.0,51424510.0,51341460.0,24704930.0,23743950.0,110799000.0,110891000.0,132632000.0,134672000.0,114389000.0,114247000.0,54910000.0,52921000.0
20220526,-2530520.0,52143830.0,50384510.0,59953910.0,59182710.0,46782100.0,46199210.0,16580260.0,19693670.0,115912000.0,111910000.0,133143000.0,131353000.0,103793000.0,102539000.0,36746000.0,43791000.0
20220527,-18780100.0,57606210.0,42296690.0,63133910.0,59663320.0,47731760.0,52637090.0,17672770.0,31547540.0,128384000.0,94160000.0,140680000.0,132864000.0,106275000.0,117249000.0,39311000.0,70376000.0
20220530,-2871270.0,40326420.0,36350660.0,50235640.0,51340130.0,45173350.0,44722790.0,15573250.0,18895080.0,91987000.0,82863000.0,114561000.0,117060000.0,103018000.0,102000000.0,35473000.0,43117000.0
20220531,16547670.0,63931590.0,77300420.0,97103290.0,100282130.0,92769940.0,91573730.0,58121470.0,42770010.0,142538000.0,172034000.0,216289000.0,223102000.0,206457000.0,203974000.0,128995000.0,95168000.0
20220601,-4996890.0,50375330.0,48851220.0,73552650.0,70079870.0,67081670.0,59380790.0,30333010.0,43030780.0,112335000.0,108546000.0,163661000.0,155742000.0,148869000.0,132078000.0,67166000.0,95664000.0
20220602,41735620.0,50599570.0,81579440.0,88584810.0,99340560.0,93120750.0,84254090.0,72296270.0,39427310.0,108875000.0,175135000.0,190458000.0,213220000.0,199967000.0,180840000.0,154790000.0,84896000.0
20220606,15167350.0,92260600.0,101192680.0,121697480.0,127932760.0,119780750.0,117063930.0,80390780.0,67940250.0,189097000.0,207587000.0,250079000.0,262205000.0,245524000.0,239868000.0,164219000.0,139258000.0
20220607,-42005820.0,102805800.0,91059220.0,189101320.0,158842070.0,179334250.0,180655550.0,94709010.0,135393530.0,203216000.0,179342000.0,372622000.0,312703000.0,352425000.0,355650000.0,185753000.0,266321000.0
20220608,10192850.0,71741890.0,70532020.0,90104140.0,101506870.0,97658780.0,95356310.0,75696420.0,67806040.0,143705000.0,141003000.0,180412000.0,203000000.0,195341000.0,190808000.0,151052000.0,135699000.0
20220609,11150670.0,52106270.0,62482030.0,92782430.0,93557350.0,120338550.0,121498980.0,59798600.0,47487500.0,102270000.0,122518000.0,182066000.0,183533000.0,236146000.0,238430000.0,117153000.0,93156000.0
20220610,65994900.0,82166990.0,117419130.0,135496620.0,166239370.0,164712580.0,133849210.0,117159520.0,82027990.0,156622000.0,223336000.0,258117000.0,316581000.0,314566000.0,255157000.0,222217000.0,156449000.0
20220613,-24226010.0,96024960.0,81761670.0,137322090.0,127359370.0,163258900.0,174151960.0,105862940.0,119195890.0,178418000.0,151381000.0,254542000.0,235970000.0,301933000.0,322460000.0,195692000.0,220774000.0
20220614,-12726160.0,104004490.0,88436350.0,141601580.0,144443560.0,147846940.0,154363760.0,81936760.0,88146100.0,199026000.0,168672000.0,270627000.0,275737000.0,282158000.0,294932000.0,155994000.0,168464000.0
20220615,-8018350.0,82539010.0,74447220.0,116319530.0,116392970.0,97800320.0,103315190.0,59816510.0,62319990.0,155905000.0,140450000.0,219500000.0,219388000.0,184230000.0,194867000.0,112763000.0,117694000.0
20220616,12626460.0,69808260.0,77822010.0,109416720.0,114029430.0,109979210.0,103546840.0,74513850.0,68319760.0,130010000.0,144738000.0,203747000.0,212215000.0,204524000.0,192671000.0,138277000.0,126934000.0
20220617,-4677600.0,73562000.0,63068250.0,106354930.0,112171080.0,125007370.0,120215660.0,158085950.0,167555260.0,135621000.0,116119000.0,195924000.0,206589000.0,230127000.0,221292000.0,290366000.0,308038000.0
20220620,-18456060.0,84026170.0,74913640.0,144961890.0,135618360.0,148786900.0,134869920.0,80084000.0,112457040.0,154131000.0,137315000.0,265901000.0,248756000.0,272722000.0,247310000.0,146329000.0,205703000.0
20220621,-55163400.0,102295200.0,66675820.0,148338370.0,128794350.0,153204440.0,156638490.0,89556510.0,141285860.0,192120000.0,124844000.0,278550000.0,241643000.0,287583000.0,294227000.0,167994000.0,265533000.0
20220622,44484440.0,72170300.0,92403030.0,105397970.0,129649680.0,117882410.0,102652130.0,93938440.0,64684280.0,132451000.0,169341000.0,193423000.0,237497000.0,216024000.0,188038000.0,171612000.0,118634000.0
20220623,4967750.0,62916970.0,76462170.0,104690750.0,96113290.0,89415790.0,83099580.0,57052260.0,58400720.0,115635000.0,140081000.0,192226000.0,176238000.0,163865000.0,152375000.0,104066000.0,107099000.0
20220624,43091480.0,83644080.0,105639480.0,136662180.0,157758250.0,182812250.0,160460970.0,123548860.0,102808660.0,146918000.0,185124000.0,239751000.0,276288000.0,320142000.0,281009000.0,215732000.0,180124000.0
20220627,-31276950.0,82010910.0,72258090.0,122395050.0,100870930.0,87009150.0,102304710.0,45462710.0,61444100.0,142764000.0,125699000.0,212964000.0,175466000.0,151387000.0,178056000.0,79081000.0,106975000.0
20220628,14433400.0,61634320.0,72038710.0,96505000.0,100534010.0,95213510.0,94056040.0,60951090.0,47675160.0,105482000.0,123191000.0,165087000.0,171896000.0,162824000.0,160783000.0,103929000.0,81452000.0
20220629,-53570960.0,94038400.0,56705940.0,134677010.0,118438510.0,110422040.0,134216670.0,75423670.0,105200000.0,163127000.0,98268000.0,233626000.0,205425000.0,191524000.0,232839000.0,131021000.0,182766000.0
20220630,41824300.0,73674240.0,94956270.0,127973470.0,148515750.0,146548640.0,142042770.0,139997440.0,102679010.0,124054000.0,159870000.0,215440000.0,249919000.0,246638000.0,238798000.0,235017000.0,172563000.0
20220701,-12897830.0,72221940.0,71372980.0,113345320.0,101296460.0,96933630.0,105007860.0,58287560.0,63111160.0,120996000.0,119324000.0,189788000.0,169415000.0,162177000.0,175726000.0,97277000.0,105774000.0
20220704,73625600.0,109454720.0,135115340.0,178312550.0,226277540.0,222787970.0,261222580.0,357267610.0,245207400.0,171600000.0,210753000.0,279507000.0,353092000.0,349065000.0,408805000.0,554976000.0,382498000.0
20220705,-29543610.0,143125290.0,129562400.0,227419920.0,211439190.0,268628290.0,283606650.0,230471570.0,245036820.0,215996000.0,195221000.0,342984000.0,318633000.0,405038000.0,427104000.0,346281000.0,369342000.0
20220706,-35960600.0,119793620.0,93700670.0,147603680.0,137736030.0,152935610.0,181003790.0,110180870.0,118073290.0,182613000.0,142683000.0,224982000.0,209749000.0,232968000.0,275765000.0,167659000.0,180026000.0
20220707,-26776530.0,110064210.0,84825800.0,154102330.0,152564210.0,174644820.0,154633000.0,79783700.0,126572050.0,170088000.0,130909000.0,238034000.0,235540000.0,269668000.0,238838000.0,123211000.0,195714000.0
20220708,-38098450.0,101187300.0,69577320.0,126846020.0,120357540.0,130698890.0,149111970.0,69063850.0,88749220.0,157346000.0,108043000.0,196991000.0,186792000.0,202493000.0,231276000.0,106757000.0,137475000.0
20220711,-66507580.0,137593420.0,85385300.0,219910390.0,205610920.0,190389440.0,208365220.0,99160380.0,147692180.0,225772000.0,139808000.0,361033000.0,337334000.0,311976000.0,341744000.0,162463000.0,242358000.0
20220712,-51183280.0,107056840.0,73557770.0,139382240.0,121698030.0,128450850.0,137557960.0,108202790.0,150278960.0,176097000.0,120414000.0,229112000.0,199541000.0,210706000.0,225688000.0,177256000.0,247527000.0
20220713,-19074510.0,115731550.0,81941130.0,156884440.0,171600370.0,169730210.0,180023750.0,102084040.0,110865010.0,195686000.0,138196000.0,265219000.0,289482000.0,286668000.0,304135000.0,172337000.0,188097000.0
20220714,-17571780.0,97158380.0,75762390.0,141248330.0,145072540.0,148032490.0,173852380.0,90392980.0,82144870.0,161875000.0,125968000.0,235246000.0,241567000.0,246265000.0,289086000.0,150131000.0,136895000.0
20220715,214980.0,96872930.0,89322110.0,146943170.0,154708970.0,142098470.0,140663290.0,73409280.0,74629480.0,159716000.0,147041000.0,242017000.0,254783000.0,234061000.0,231755000.0,120800000.0,123015000.0
20220718,-20175150.0,102558550.0,78906570.0,144562210.0,148039040.0,146481360.0,150226790.0,74322550.0,90752270.0,176085000.0,135275000.0,248118000.0,253981000.0,251471000.0,257912000.0,127370000.0,155878000.0
20220719,-13290920.0,82691550.0,66747100.0,98447280.0,101100820.0,89041800.0,79727720.0,41403840.0,64008840.0,142207000.0,114658000.0,169229000.0,173747000.0,152991000.0,137017000.0,71064000.0,110070000.0
20220720,-23864830.0,82345970.0,56147640.0,105478630.0,107812130.0,100746520.0,117433560.0,47888030.0,55065820.0,142906000.0,97324000.0,182764000.0,186984000.0,174853000.0,203665000.0,83092000.0,95642000.0
20220721,-43934640.0,121838470.0,73287550.0,130961950.0,135578220.0,128484610.0,140873650.0,74343320.0,105888920.0,215889000.0,129747000.0,232118000.0,240204000.0,227966000.0,249737000.0,131914000.0,188198000.0
20220722,8915690.0,94279900.0,87767000.0,120430480.0,135859070.0,123212440.0,118859010.0,75041060.0,70478800.0,169271000.0,157248000.0,216188000.0,243803000.0,221041000.0,213265000.0,134470000.0,126654000.0
20220725,-35326670.0,103854870.0,74652880.0,125616450.0,119491760.0,120141220.0,123712990.0,52493670.0,84248570.0,191727000.0,137843000.0,231873000.0,220500000.0,221622000.0,228120000.0,96699000.0,155458000.0
20220726,8245990.0,88580600.0,81458150.0,106583830.0,121952270.0,100731720.0,110345820.0,65871800.0,48011710.0,161710000.0,148357000.0,194457000.0,222345000.0,183687000.0,201264000.0,119761000.0,87648000.0
20220727,43577480.0,74457480.0,90780820.0,112687310.0,139941450.0,137024850.0,126350990.0,86308690.0,53405070.0,136018000.0,165384000.0,205565000.0,255148000.0,249679000.0,230338000.0,157011000.0,97401000.0
20220728,-34783010.0,111600740.0,78310830.0,151377290.0,149884190.0,153379210.0,157184170.0,95871270.0,126849320.0,204408000.0,143017000.0,276960000.0,273997000.0,280387000.0,287403000.0,175022000.0,232360000.0
20220729,-4361150.0,73952190.0,67466640.0,90873060.0,92997450.0,69062480.0,76300990.0,39851600.0,36974240.0,136398000.0,124227000.0,167404000.0,171240000.0,127195000.0,140614000.0,73219000.0,68135000.0
20220801,-51260980.0,106976220.0,71182010.0,125139750.0,109672990.0,113910300.0,115468840.0,51304350.0,101006790.0,202076000.0,133948000.0,236070000.0,206726000.0,215052000.0,218227000.0,96790000.0,191086000.0
20220802,-70407110.0,117008190.0,61688100.0,137036330.0,121949320.0,102910810.0,122039550.0,57407210.0,108685580.0,226687000.0,119373000.0,265449000.0,236189000.0,199281000.0,236460000.0,111223000.0,210617000.0
20220803,-31954070.0,103336710.0,69421720.0,122736120.0,124697030.0,98203820.0,113090860.0,64277380.0,81344410.0,204209000.0,136911000.0,242186000.0,246154000.0,193871000.0,223200000.0,126784000.0,160785000.0
20220804,-13545310.0,74660210.0,60651670.0,96126370.0,96589590.0,75991740.0,93180810.0,44269070.0,40625310.0,148676000.0,120659000.0,191073000.0,191976000.0,151070000.0,185349000.0,87871000.0,80705000.0
20220805,12839290.0,67331550.0,69629130.0,93639130.0,104180850.0,95916990.0,102882960.0,75885220.0,56079960.0,134105000.0,138274000.0,185999000.0,206824000.0,190393000.0,204196000.0,150086000.0,111290000.0
20220808,-792960.0,65204750.0,52028520.0,82176870.0,94560130.0,69593340.0,78526220.0,54340810.0,46200890.0,129629000.0,103370000.0,163348000.0,187889000.0,138274000.0,156035000.0,107869000.0,91826000.0
20220809,15140970.0,108756970.0,114723610.0,164678790.0,173853120.0,170445060.0,185009940.0,138812450.0,109106600.0,209566000.0,220924000.0,317444000.0,334897000.0,328592000.0,356986000.0,267994000.0,210789000.0
20220810,-13455240.0,88270050.0,71892720.0,112470130.0,115392230.0,95451650.0,99949090.0,58706170.0,67663970.0,171724000.0,139801000.0,218773000.0,224347000.0,185514000.0,194319000.0,113997000.0,131540000.0
20220811,14112040.0,92138160.0,87314830.0,130443180.0,149378570.0,134332070.0,135968610.0,91790760.0,76042180.0,180466000.0,170428000.0,255024000.0,291910000.0,262382000.0,265951000.0,179179000.0,148761000.0
20220812,-9608300.0,66349560.0,63438200.0,82613000.0,75916060.0,71194030.0,71139780.0,37720690.0,47383240.0,129319000.0,123577000.0,160991000.0,147905000.0,138726000.0,138636000.0,73500000.0,92420000.0
20220815,30707070.0,96034070.0,113479450.0,163028240.0,176289920.0,189681830.0,159085050.0,107067040.0,106956750.0,181914000.0,214648000.0,308646000.0,333651000.0,359071000.0,301224000.0,202189000.0,202296000.0
20220816,-50464640.0,125295660.0,109717120.0,198021250.0,163135140.0,157477600.0,177296910.0,100685200.0,131330530.0,234777000.0,205453000.0,370684000.0,305393000.0,294782000.0,331732000.0,188304000.0,245969000.0
20220817,38588680.0,102865140.0,127409890.0,161274200.0,175318140.0,157600150.0,142609990.0,108297980.0,84699460.0,188087000.0,232893000.0,294860000.0,320592000.0,288088000.0,260636000.0,197790000.0,154705000.0
20220818,18897250.0,137954410.0,154408190.0,217511240.0,219954720.0,218929950.0,202135780.0,133716580.0,131613500.0,244432000.0,273235000.0,385479000.0,389398000.0,387707000.0,358133000.0,236515000.0,233368000.0
20220819,133422240.0,167415600.0,232938290.0,311727250.0,379626780.0,347294430.0,337582390.0,360093970.0,236383770.0,281958000.0,391747000.0,525267000.0,638090000.0,584178000.0,567344000.0,603393000.0,397616000.0
20220822,44046000.0,172266900.0,199783300.0,284827420.0,301357030.0,300164440.0,275536490.0,268335410.0,248917360.0,278955000.0,322875000.0,461274000.0,487423000.0,486073000.0,446055000.0,433557000.0,403507000.0
20220823,-72559060.0,200061140.0,146706790.0,288435550.0,269230860.0,282670260.0,280233980.0,173615530.0,248610870.0,332563000.0,243166000.0,479108000.0,446724000.0,469069000.0,464567000.0,288394000.0,414676000.0
20220824,-25932060.0,123834070.0,95242600.0,191223350.0,193882760.0,195192410.0,223395340.0,140355460.0,138084590.0,210338000.0,161573000.0,324630000.0,329169000.0,331335000.0,379032000.0,237829000.0,234359000.0
20220825,-52846210.0,119388350.0,79941270.0,168486790.0,155087660.0,167664900.0,194925860.0,96028300.0,121613550.0,209166000.0,139823000.0,294906000.0,271424000.0,293566000.0,341423000.0,168211000.0,213177000.0
20220826,-54203000.0,98415830.0,64195100.0,133123720.0,113141450.0,109400100.0,120799500.0,70657520.0,113461120.0,172362000.0,112129000.0,232769000.0,197718000.0,191201000.0,211263000.0,123522000.0,198743000.0
20220829,-22274740.0,75509310.0,61742370.0,107055460.0,98547670.0,97681670.0,106948660.0,57586050.0,70593800.0,133505000.0,109053000.0,189289000.0,174232000.0,172668000.0,189215000.0,101843000.0,124804000.0
20220830,-36129420.0,81615640.0,50181380.0,86237570.0,81542420.0,71233570.0,77596370.0,31649320.0,61415940.0,146429000.0,89899000.0,154627000.0,146177000.0,127706000.0,139159000.0,56779000.0,110305000.0
20220831,-47962260.0,117417080.0,89463660.0,149311910.0,129303070.0,123237490.0,141553230.0,96047890.0,125694410.0,219640000.0,167331000.0,279022000.0,241577000.0,230417000.0,264529000.0,179741000.0,235383000.0
20220901,-3531360.0,70199200.0,62754220.0,83616670.0,87530280.0,69917560.0,74594600.0,39503030.0,38357350.0,132750000.0,118542000.0,158084000.0,165443000.0,132122000.0,141014000.0,74585000.0,72541000.0
20220902,-11707020.0,61521200.0,53739020.0,80577710.0,76652880.0,69041800.0,71276530.0,40985120.0,50457410.0,117551000.0,102448000.0,153849000.0,146255000.0,131723000.0,136128000.0,78087000.0,96379000.0
20220905,-5271640.0,63368400.0,58514280.0,84631570.0,84214070.0,69495310.0,69404780.0,31082920.0,36445090.0,120422000.0,111111000.0,160728000.0,159917000.0,131870000.0,131786000.0,58972000.0,69179000.0
20220906,55991640.0,110366120.0,145021310.0,178826010.0,200162470.0,190318890.0,191337330.0,179529320.0,122519240.0,201765000.0,264265000.0,327061000.0,365483000.0,347617000.0,349519000.0,326667000.0,223843000.0
20220907,4046170.0,106031720.0,117081310.0,169397560.0,162394150.0,156980290.0,149008870.0,91488130.0,95413380.0,186177000.0,205380000.0,297273000.0,284985000.0,275351000.0,261472000.0,160402000.0,167366000.0
20220908,-2330480.0,77625470.0,78611660.0,113153860.0,109837190.0,106563830.0,105102490.0,58697850.0,62489670.0,136237000.0,137696000.0,198367000.0,192450000.0,186643000.0,184189000.0,102690000.0,109601000.0
20220909,-42930690.0,115894620.0,74823540.0,136339900.0,134480280.0,112406200.0,132216950.0,61006510.0,84126450.0,212568000.0,137203000.0,250054000.0,246647000.0,206040000.0,242375000.0,111815000.0,154252000.0
20220913,-12788140.0,81534210.0,70257570.0,99138150.0,97626640.0,87196100.0,83198410.0,42921400.0,59707230.0,148738000.0,128031000.0,180730000.0,178117000.0,158878000.0,151718000.0,78077000.0,108557000.0
20220914,-16502460.0,71193230.0,56213860.0,81857990.0,80334900.0,65735320.0,79637090.0,28873160.0,31473850.0,132116000.0,104261000.0,151921000.0,149029000.0,121988000.0,147828000.0,53530000.0,58437000.0
20220915,-47793320.0,102278550.0,64370760.0,133111570.0,123226050.0,110625050.0,141142960.0,79338280.0,96613690.0,197449000.0,124149000.0,256957000.0,237587000.0,213385000.0,272474000.0,152844000.0,186424000.0
20220916,-39932220.0,87032050.0,55223360.0,105787050.0,97663530.0,79228530.0,77223370.0,42409790.0,84347170.0,172390000.0,109314000.0,209455000.0,193113000.0,156926000.0,152984000.0,84212000.0,167571000.0
20220919,-4395690.0,62381980.0,58536670.0,74117600.0,73567220.0,59583060.0,58011430.0,23054990.0,29022310.0,124977000.0,117272000.0,148471000.0,147349000.0,119302000.0,116129000.0,46179000.0,58178000.0
20220920,-920230.0,69000460.0,73236460.0,101760180.0,96603950.0,85876790.0,87713990.0,55326080.0,54409110.0,135782000.0,143990000.0,200268000.0,189921000.0,169005000.0,172478000.0,108674000.0,107339000.0
20220921,8482240.0,44552500.0,51708790.0,65823350.0,67149300.0,55704950.0,50575820.0,23664300.0,20311190.0,88995000.0,103184000.0,131396000.0,134054000.0,111266000.0,101038000.0,47205000.0,40586000.0
20220922,-25169720.0,69855650.0,48523130.0,89923210.0,86086030.0,70989000.0,79253130.0,23938870.0,40844460.0,142060000.0,98619000.0,182850000.0,175054000.0,144403000.0,161178000.0,48673000.0,83136000.0
20220923,-3957330.0,68198540.0,69178320.0,104793930.0,99856830.0,85477420.0,85941220.0,29997150.0,33490680.0,137798000.0,139703000.0,211532000.0,201511000.0,172359000.0,173392000.0,60419000.0,67502000.0
20220926,-9921570.0,67035870.0,57593520.0,88110240.0,87631010.0,73285160.0,79685920.0,30027670.0,33548480.0,136473000.0,117168000.0,179323000.0,178369000.0,149198000.0,162128000.0,61090000.0,68420000.0
20220927,3000760.0,61348410.0,59916480.0,76454940.0,80887620.0,71040160.0,66696890.0,39743390.0,41085900.0,125945000.0,122789000.0,156753000.0,165689000.0,145528000.0,136564000.0,81303000.0,84487000.0
20220928,-31592680.0,75965140.0,53744080.0,98673780.0,89302150.0,79503060.0,87526630.0,44790410.0,68359520.0,158148000.0,111390000.0,205134000.0,185433000.0,165008000.0,181839000.0,92551000.0,142177000.0
20220929,-19551980.0,75543120.0,59297730.0,92983740.0,89677150.0,79163050.0,95286730.0,34209220.0,37637520.0,157532000.0,123544000.0,193991000.0,186977000.0,165118000.0,198779000.0,71275000.0,78617000.0
20220930,-15138170.0,52974000.0,42324070.0,67751270.0,63263040.0,54658850.0,55612220.0,22274680.0,36459480.0,112311000.0,89653000.0,143619000.0,134025000.0,115888000.0,117906000.0,47180000.0,77415000.0
20221010,-1619010.0,64899720.0,69973340.0,87548900.0,80856270.0,69473610.0,65726610.0,28826290.0,34192300.0,137528000.0,148178000.0,185301000.0,170999000.0,146865000.0,138975000.0,60749000.0,72291000.0
20221011,8969500.0,61681120.0,62387800.0,83832570.0,92095390.0,71654980.0,71633350.0,31144710.0,22196840.0,130105000.0,131498000.0,176787000.0,194158000.0,151035000.0,151037000.0,65582000.0,46815000.0
20221012,4317060.0,73379380.0,78539800.0,113323340.0,112479980.0,99149310.0,92294310.0,49623030.0,52160970.0,156331000.0,166725000.0,240512000.0,238297000.0,209995000.0,195476000.0,104596000.0,110935000.0
20221013,4486310.0,74254010.0,75431230.0,104333470.0,107642570.0,95540100.0,77828160.0,28866840.0,42092470.0,155100000.0,157464000.0,217812000.0,224630000.0,199342000.0,162400000.0,60173000.0,87932000.0
20221014,44479280.0,93951190.0,115044750.0,167522520.0,190908240.0,180044110.0,181272310.0,135152130.0,89444650.0,189932000.0,232650000.0,338630000.0,385523000.0,363890000.0,366070000.0,271380000.0,179588000.0
20221017,-13995790.0,76298500.0,76050820.0,109037760.0,95289650.0,99348270.0,95583840.0,37444530.0,55204750.0,155109000.0,154294000.0,221500000.0,193580000.0,202027000.0,194518000.0,76080000.0,112324000.0
20221018,-4301130.0,54241600.0,49317350.0,75011120.0,75634240.0,69648490.0,65527110.0,26501060.0,34923570.0,109142000.0,99149000.0,150848000.0,152050000.0,139985000.0,131753000.0,53219000.0,70243000.0
20221019,-7027030.0,65959010.0,58403410.0,80886350.0,81414920.0,74389770.0,70160750.0,21935350.0,33191400.0,134482000.0,118974000.0,164712000.0,165697000.0,151532000.0,142891000.0,44600000.0,67765000.0
20221020,-15629910.0,68458540.0,50037590.0,86011500.0,88802550.0,75851720.0,78053020.0,22312690.0,35741300.0,144008000.0,105189000.0,180881000.0,186736000.0,159504000.0,164127000.0,46891000.0,75233000.0
20221021,-645670.0,52261750.0,50070870.0,67851500.0,69396710.0,62323860.0,58838570.0,19920630.0,24051590.0,110249000.0,105533000.0,143081000.0,146337000.0,131335000.0,124034000.0,41994000.0,50754000.0
20221024,-19413360.0,73933440.0,52259610.0,93359320.0,95619790.0,68094290.0,73039170.0,19064890.0,33533370.0,159330000.0,112413000.0,200834000.0,205829000.0,146490000.0,157112000.0,41001000.0,72300000.0
20221025,7158270.0,61871360.0,65776840.0,93923100.0,97175880.0,76843620.0,78279480.0,35358170.0,26764040.0,132423000.0,140546000.0,200921000.0,207766000.0,164257000.0,167417000.0,75401000.0,57273000.0
20221026,-4660920.0,75533000.0,71114650.0,99766060.0,99523490.0,87152290.0,85732340.0,35092600.0,41173470.0,158449000.0,148912000.0,209187000.0,208544000.0,182545000.0,179651000.0,73398000.0,86473000.0
20221027,-8459620.0,75638870.0,66270220.0,104218840.0,105127880.0,85324370.0,84471420.0,22581770.0,31894340.0,157739000.0,137928000.0,217087000.0,219024000.0,177602000.0,175888000.0,47004000.0,66593000.0
20221028,-32580840.0,77354210.0,53523750.0,86902590.0,78152210.0,69824950.0,76745390.0,22881490.0,48541890.0,169003000.0,116848000.0,189860000.0,170759000.0,152624000.0,167785000.0,50041000.0,106136000.0
20221031,-34978750.0,83100480.0,57296970.0,104441350.0,95266110.0,79789360.0,95832150.0,29887120.0,48823080.0,189320000.0,130445000.0,237925000.0,216899000.0,181790000.0,218451000.0,68168000.0,111408000.0
20221101,270430.0,72180280.0,69970150.0,105410170.0,107890730.0,100655760.0,99391700.0,40948970.0,41942600.0,162687000.0,157358000.0,237362000.0,242895000.0,226406000.0,223667000.0,91887000.0,94422000.0
20221102,2198840.0,71070060.0,62981300.0,91989340.0,102276930.0,78656790.0,71176710.0,28928370.0,34209610.0,156959000.0,139043000.0,203161000.0,225788000.0,173679000.0,157249000.0,63889000.0,75608000.0
20221103,-10952720.0,58735230.0,46478040.0,85144590.0,86449060.0,84944280.0,74780380.0,25153550.0,46270170.0,129349000.0,102296000.0,187366000.0,190288000.0,186666000.0,164371000.0,55312000.0,101738000.0
20221104,49654980.0,82690350.0,99288340.0,126795160.0,159852160.0,140490230.0,135924740.0,88603800.0,43514310.0,175954000.0,211257000.0,270030000.0,340236000.0,299353000.0,289202000.0,187955000.0,92596000.0
20221107,-19570540.0,75904320.0,56866270.0,90819010.0,90286520.0,75933260.0,88978150.0,25326940.0,31852590.0,159690000.0,119524000.0,190975000.0,189839000.0,159589000.0,187098000.0,53189000.0,66983000.0
20221108,-23649930.0,68388280.0,53793620.0,80912540.0,71857270.0,63490890.0,70453640.0,20000470.0,36687650.0,146028000.0,114767000.0,172603000.0,153261000.0,135356000.0,150277000.0,42686000.0,78368000.0
20221109,-27394290.0,65486860.0,42056340.0,72512630.0,68548850.0,61243830.0,68119880.0,23807580.0,44325820.0,142544000.0,91537000.0,157828000.0,149212000.0,133300000.0,148228000.0,51826000.0,96521000.0
20221110,-20499830.0,52145220.0,39996300.0,64131870.0,55780950.0,46557530.0,54722270.0,16001980.0,28337070.0,116001000.0,88911000.0,142626000.0,123976000.0,103477000.0,121686000.0,35557000.0,63088000.0
20221111,7037240.0,52941560.0,53899480.0,74443600.0,80522920.0,72383880.0,67957820.0,29932550.0,27321370.0,115358000.0,117362000.0,162104000.0,175315000.0,157545000.0,147956000.0,65087000.0,59460000.0
20221114,-23335960.0,65165320.0,46535070.0,86678960.0,81973250.0,65869990.0,78289490.0,17545210.0,28461670.0,143526000.0,102308000.0,190639000.0,180258000.0,144454000.0,171988000.0,38556000.0,62620000.0
20221115,17864920.0,53807440.0,65948720.0,76608600.0,82332240.0,69193670.0,65942880.0,47339940.0,32725810.0,118492000.0,145223000.0,168633000.0,181025000.0,152172000.0,144998000.0,103789000.0,71840000.0
20221116,-19126080.0,54199870.0,44831850.0,67363700.0,57605640.0,51905260.0,54418230.0,16531360.0,33144470.0,119900000.0,99192000.0,148962000.0,127309000.0,114741000.0,120256000.0,36507000.0,73353000.0
20221117,-31504200.0,73401710.0,49171110.0,84620630.0,77347030.0,62931370.0,81664870.0,21800810.0,34571510.0,166950000.0,111831000.0,192386000.0,175860000.0,143056000.0,185700000.0,49619000.0,78620000.0
20221118,-5988260.0,51496280.0,45453970.0,67250870.0,67304910.0,55033290.0,57242680.0,16841980.0,20620850.0,116278000.0,102562000.0,151722000.0,151814000.0,124164000.0,129177000.0,38080000.0,46691000.0
20221121,-12265600.0,46042840.0,36287140.0,51470070.0,48960170.0,42506600.0,51279090.0,13096140.0,16589250.0,104972000.0,82646000.0,117307000.0,111569000.0,96865000.0,116869000.0,29841000.0,37901000.0
20221122,-20622130.0,62560120.0,51230060.0,67203170.0,57911090.0,45899380.0,50528360.0,12335050.0,28328200.0,144507000.0,118248000.0,155169000.0,133725000.0,106025000.0,116712000.0,28550000.0,65565000.0
20221123,-403620.0,61634450.0,62870460.0,83996910.0,82357280.0,63539490.0,69787910.0,27698950.0,21854150.0,140875000.0,143654000.0,191971000.0,188203000.0,145056000.0,159304000.0,63197000.0,49939000.0
20221124,-12677550.0,38713300.0,29064210.0,47798380.0,44769910.0,35814850.0,41007570.0,12532510.0,20017340.0,87858000.0,65926000.0,108442000.0,101533000.0,81234000.0,93020000.0,28389000.0,45444000.0
20221125,-29983510.0,48096530.0,33473500.0,61890830.0,46530350.0,34251800.0,50749740.0,10148290.0,23633860.0,111520000.0,77551000.0,143440000.0,107853000.0,79417000.0,117677000.0,23523000.0,54819000.0
20221128,-14722100.0,49383900.0,36604280.0,52979300.0,51036830.0,33383290.0,41957170.0,11253360.0,17401580.0,116573000.0,86318000.0,125162000.0,120489000.0,78891000.0,99240000.0,26612000.0,41191000.0
20221129,-2495320.0,49644840.0,44401020.0,53657190.0,56405690.0,36536310.0,40892200.0,15963890.0,14103320.0,114967000.0,102794000.0,124251000.0,130582000.0,84587000.0,94684000.0,36935000.0,32678000.0
20221130,-11282890.0,42941210.0,33027570.0,49719380.0,48350130.0,38822390.0,46915610.0,18754720.0,21944390.0,99614000.0,76566000.0,115302000.0,112092000.0,90006000.0,108801000.0,43417000.0,50880000.0
20221201,9427840.0,55160020.0,58150910.0,71057470.0,77494430.0,66436490.0,63832900.0,30229250.0,23405000.0,125283000.0,131970000.0,161295000.0,175851000.0,150759000.0,144882000.0,68567000.0,53201000.0
20221202,-30395630.0,73015210.0,46528940.0,86056930.0,82147590.0,65613640.0,84848970.0,21053370.0,32213670.0,167809000.0,106654000.0,197724000.0,188568000.0,150617000.0,195034000.0,48280000.0,74174000.0
20221205,-38099550.0,78410370.0,44245870.0,93311310.0,89376280.0,70320110.0,80039100.0,26031090.0,54411650.0,186157000.0,104998000.0,221502000.0,212107000.0,166871000.0,189935000.0,61726000.0,129216000.0
20221206,-16164170.0,72166210.0,55246450.0,89161760.0,89917340.0,72033350.0,80790800.0,19155330.0,26562050.0,172627000.0,131873000.0,213183000.0,215012000.0,172200000.0,193291000.0,45850000.0,63683000.0
20221207,7033130.0,57780780.0,55327780.0,66988740.0,76474870.0,57858390.0,57947070.0,28058720.0,20936910.0,136186000.0,130353000.0,157941000.0,180242000.0,136388000.0,136587000.0,66024000.0,49356000.0
20221208,685370.0,53224240.0,49205240.0,70662030.0,75366410.0,60074890.0,57011320.0,22011010.0,24389210.0,125148000.0,115483000.0,166010000.0,176843000.0,140869000.0,133909000.0,51586000.0,57378000.0
20221209,-17941020.0,53806210.0,41658970.0,60369970.0,54576190.0,48325810.0,56954640.0,11545830.0,20858020.0,128491000.0,99457000.0,144140000.0,130270000.0,115374000.0,136003000.0,27556000.0,49831000.0
20221212,-10014760.0,41870810.0,33942750.0,42352040.0,40265350.0,31770270.0,33467830.0,6899980.0,15217180.0,100887000.0,81774000.0,102041000.0,96994000.0,76537000.0,80634000.0,16620000.0,36682000.0
20221213,-37074010.0,57698800.0,31358190.0,62626110.0,51892710.0,45343020.0,67249810.0,14288320.0,29455540.0,140139000.0,76015000.0,152050000.0,125929000.0,110053000.0,163418000.0,34787000.0,71666000.0
20221214,375740.0,48952860.0,36285390.0,51429820.0,64473040.0,36101310.0,34354000.0,11832770.0,13204340.0,120068000.0,88976000.0,126151000.0,158141000.0,88520000.0,84236000.0,28997000.0,32383000.0
20221215,11848310.0,40482300.0,42022580.0,51654380.0,61962410.0,49194500.0,45927290.0,22503330.0,13922230.0,98877000.0,102422000.0,126024000.0,151123000.0,119921000.0,112080000.0,54734000.0,33932000.0
20221216,-20529360.0,48347020.0,32170670.0,52299640.0,47946630.0,42441540.0,50354280.0,24882710.0,37499330.0,119356000.0,79399000.0,129080000.0,118362000.0,104827000.0,124326000.0,61425000.0,92601000.0
20221219,1726390.0,33189880.0,32508610.0,38947220.0,41354890.0,29498480.0,32239530.0,18463680.0,13996240.0,81853000.0,80099000.0,96033000.0,101933000.0,72696000.0,79479000.0,45440000.0,34510000.0
20221220,-12891820.0,50880450.0,36418200.0,41498540.0,43068980.0,28997210.0,37663340.0,7007950.0,11233640.0,127778000.0,91395000.0,104182000.0,108071000.0,72801000.0,94657000.0,17602000.0,28241000.0
20221221,-26176250.0,54385350.0,34291980.0,44524780.0,38441900.0,26990060.0,35659790.0,7358570.0,24865090.0,138385000.0,87256000.0,113309000.0,97781000.0,68636000.0,90703000.0,18728000.0,63317000.0
20221222,-30463230.0,78139640.0,50266130.0,75953100.0,73363380.0,49998530.0,63038170.0,14682710.0,32106300.0,202368000.0,129971000.0,196590000.0,189865000.0,129338000.0,163078000.0,38016000.0,83397000.0
20221223,-18623750.0,52144120.0,29209130.0,35926260.0,40237500.0,22290120.0,29923240.0,10845540.0,21836170.0,137475000.0,76974000.0,94707000.0,106048000.0,58755000.0,78876000.0,28613000.0,57651000.0
20221226,12426300.0,65697570.0,64689250.0,62374580.0,75809200.0,48072460.0,40509540.0,17510510.0,12647130.0,170989000.0,167815000.0,162185000.0,197133000.0,124926000.0,105501000.0,45267000.0,32917000.0
20221227,3230410.0,60777560.0,61353720.0,64289750.0,66943990.0,50315590.0,50995780.0,24075230.0,20164630.0,152899000.0,154265000.0,161625000.0,168279000.0,126473000.0,128165000.0,60397000.0,50685000.0
20221228,-17044580.0,56212650.0,47887630.0,61575900.0,52856340.0,40131680.0,50562960.0,9606380.0,16219680.0,141760000.0,120642000.0,155204000.0,133166000.0,101155000.0,127523000.0,24194000.0,40982000.0
20221229,-18548330.0,49316680.0,31975800.0,42249210.0,41041770.0,27623240.0,32697320.0,6264760.0,19739010.0,126046000.0,81731000.0,107998000.0,104917000.0,70653000.0,83602000.0,16050000.0,50498000.0
20221230,-11971300.0,54072020.0,52193550.0,49822370.0,39729550.0,31685140.0,36150050.0,8600590.0,16106980.0,139001000.0,134109000.0,128115000.0,102111000.0,81412000.0,92931000.0,22088000.0,41465000.0
20230103,-10456990.0,71832830.0,67828590.0,58775160.0,52322410.0,34436030.0,38842440.0,12817390.0,18867970.0,187737000.0,176930000.0,153606000.0,136696000.0,89919000.0,101653000.0,33411000.0,49393000.0
20230104,-29729880.0,80347390.0,52926350.0,62424880.0,60116030.0,41520480.0,47799000.0,10095470.0,33546830.0,212675000.0,139980000.0,165133000.0,159078000.0,109932000.0,126527000.0,26801000.0,88958000.0
20230105,14250460.0,68134950.0,77511150.0,72022000.0,76896260.0,55230240.0,47475290.0,20988710.0,14493200.0,178451000.0,202655000.0,188463000.0,201311000.0,144461000.0,124139000.0,54787000.0,38057000.0
20230106,39663130.0,81639050.0,103423820.0,134362550.0,152240920.0,132550070.0,128902970.0,80459480.0,44443450.0,202000000.0,255877000.0,332418000.0,376432000.0,328183000.0,318902000.0,198502000.0,109892000.0
20230109,-9877660.0,64065700.0,62762090.0,80675620.0,72101570.0,64233610.0,58702520.0,16878150.0,32286900.0,159640000.0,156309000.0,200921000.0,179600000.0,160029000.0,146227000.0,42032000.0,80485000.0
20230110,-10007870.0,55743450.0,51020040.0,58508230.0,53223760.0,49772230.0,47782070.0,16234270.0,28232300.0,139348000.0,127447000.0,146074000.0,132821000.0,124257000.0,119298000.0,40512000.0,70625000.0
20230111,-7825370.0,52416840.0,46898610.0,43558410.0,41251270.0,32944950.0,31982760.0,12017800.0,20805360.0,132013000.0,118006000.0,109621000.0,103786000.0,82918000.0,80497000.0,30218000.0,52481000.0
20230112,3608010.0,49154780.0,46728370.0,49573310.0,55607740.0,42959410.0,45168120.0,21141690.0,15324970.0,123671000.0,117461000.0,124649000.0,139770000.0,107967000.0,113591000.0,53091000.0,38557000.0
20230113,-3330300.0,51578120.0,46316250.0,42071660.0,44003230.0,38941490.0,39139120.0,10425210.0,13557880.0,130650000.0,117266000.0,106524000.0,111446000.0,98642000.0,99154000.0,26385000.0,34336000.0
20230116,15328810.0,65439890.0,76512160.0,87138650.0,91395170.0,82139440.0,74449480.0,32242460.0,24603610.0,161678000.0,188951000.0,215081000.0,225587000.0,202731000.0,183720000.0,79465000.0,60697000.0
20230117,2712390.0,40676010.0,42634170.0,51324200.0,52078430.0,43029320.0,45927200.0,23198710.0,17588440.0,99914000.0,104683000.0,125991000.0,127860000.0,105587000.0,112732000.0,56925000.0,43142000.0
20230118,-2603450.0,41565570.0,41493240.0,56637020.0,54105890.0,43220810.0,46820290.0,18408880.0,17412850.0,101464000.0,101234000.0,138250000.0,132035000.0,105428000.0,114246000.0,44905000.0,42532000.0
20230119,-764460.0,42820180.0,47458150.0,56059380.0,50656940.0,38797450.0,37543830.0,11940230.0,13958310.0,105280000.0,116579000.0,137751000.0,124434000.0,95316000.0,92304000.0,29356000.0,34385000.0
20230120,18989020.0,66192740.0,75689790.0,96556590.0,106048550.0,87090780.0,78925950.0,43622380.0,32798190.0,158943000.0,181543000.0,231864000.0,254528000.0,209065000.0,189548000.0,104489000.0,78741000.0
20230130,-4209280.0,80484740.0,83371580.0,114494370.0,107398260.0,103009090.0,99969730.0,39277760.0,46526400.0,191100000.0,197902000.0,271548000.0,254565000.0,243902000.0,236921000.0,92933000.0,110096000.0
20230131,-328600.0,68099630.0,72623270.0,94519050.0,89666810.0,69394560.0,70850140.0,29696410.0,28569430.0,160993000.0,171652000.0,223476000.0,211963000.0,164083000.0,167525000.0,70173000.0,67585000.0
20230201,-2087130.0,67261940.0,73038530.0,92665030.0,84801310.0,77608420.0,70667960.0,45648350.0,54675940.0,159988000.0,173527000.0,220257000.0,201353000.0,184360000.0,167908000.0,108162000.0,129978000.0
20230202,-27858830.0,77941080.0,66249080.0,103939740.0,87772910.0,83871470.0,94500040.0,37778440.0,55008700.0,185155000.0,157202000.0,246817000.0,208387000.0,199126000.0,224537000.0,89630000.0,130601000.0
20230203,-28577500.0,73564550.0,49942270.0,86763010.0,81807780.0,68399750.0,78357440.0,27571910.0,46191720.0,179905000.0,122124000.0,212179000.0,199962000.0,167302000.0,191767000.0,67533000.0,113066000.0
20230206,-2468100.0,40568400.0,38031760.0,49166260.0,49234780.0,36945480.0,35872260.0,11610900.0,15152220.0,99784000.0,93530000.0,120917000.0,121080000.0,90857000.0,88221000.0,28540000.0,37268000.0
20230207,-8681250.0,37324630.0,34466180.0,51378740.0,45555940.0,38253230.0,41932080.0,10705250.0,15707650.0,91491000.0,84462000.0,125934000.0,111655000.0,93764000.0,102801000.0,26248000.0,38520000.0
20230208,-1487620.0,33703470.0,36249750.0,49501880.0,45468000.0,40127670.0,41219060.0,16885450.0,17281680.0,82543000.0,88760000.0,121221000.0,111321000.0,98240000.0,100929000.0,41332000.0,42327000.0
20230209,7234510.0,41490860.0,46916870.0,61801070.0,63609560.0,53015090.0,47303730.0,19524270.0,18001120.0,101392000.0,114566000.0,150982000.0,155406000.0,129490000.0,115553000.0,47615000.0,43952000.0
20230210,-15120190.0,42738670.0,31998410.0,57230400.0,52850460.0,39702610.0,48247610.0,11892000.0,18467190.0,104939000.0,78567000.0,140478000.0,129733000.0,97460000.0,118410000.0,29141000.0,45307000.0
20230213,803360.0,45235430.0,45455220.0,58394480.0,58978050.0,50100190.0,46596820.0,17277150.0,19977160.0,111921000.0,112448000.0,144464000.0,145911000.0,123947000.0,115270000.0,42733000.0,49436000.0
20230214,-9052810.0,51168920.0,50797770.0,67553890.0,58872240.0,50315160.0,62945240.0,24489870.0,20912600.0,126757000.0,125760000.0,167191000.0,145678000.0,124498000.0,155852000.0,60535000.0,51692000.0
20230215,-8250730.0,54144990.0,50086680.0,81396510.0,77204100.0,76250720.0,82005950.0,24041560.0,26537060.0,133076000.0,122954000.0,199846000.0,189456000.0,187038000.0,201261000.0,58907000.0,65196000.0
20230216,-30572150.0,77265760.0,52055430.0,87982610.0,82620790.0,65565310.0,77921940.0,27325970.0,45541490.0,192818000.0,129668000.0,219034000.0,205709000.0,163343000.0,194223000.0,68152000.0,113747000.0
20230217,-30470640.0,72069170.0,38159520.0,55198010.0,58637030.0,38891310.0,56516170.0,20081710.0,32927490.0,184133000.0,97496000.0,140950000.0,149735000.0,99249000.0,144254000.0,51326000.0,84174000.0
20230220,4619270.0,53864260.0,57749230.0,57068630.0,57802930.0,38425180.0,40986270.0,23645880.0,16465520.0,137296000.0,146858000.0,145239000.0,147204000.0,97778000.0,104456000.0,60165000.0,41960000.0
20230221,69680580.0,81076550.0,120166110.0,149664280.0,180255290.0,178791480.0,148966540.0,105541930.0,65686290.0,196292000.0,290584000.0,361939000.0,435396000.0,431397000.0,359989000.0,254471000.0,158130000.0
20230222,-8186180.0,62698470.0,51514830.0,80515950.0,83513410.0,65589360.0,62681870.0,25084350.0,36178020.0,150444000.0,123593000.0,193165000.0,200323000.0,157281000.0,150337000.0,60138000.0,86776000.0
20230223,37797280.0,68466620.0,85111270.0,103055610.0,124208240.0,104261150.0,104620510.0,82114820.0,43958180.0,162219000.0,201544000.0,244102000.0,294173000.0,246828000.0,247703000.0,194183000.0,103911000.0
20230224,-20336710.0,53847120.0,39453200.0,72522400.0,66579600.0,59825310.0,61223530.0,36388280.0,55326770.0,128940000.0,94489000.0,173673000.0,159461000.0,143297000.0,146578000.0,87208000.0,132591000.0
20230227,-15329670.0,45427260.0,37174620.0,60995820.0,53918800.0,42585500.0,44613080.0,14858810.0,28160900.0,109907000.0,89858000.0,147530000.0,130353000.0,102988000.0,107900000.0,35895000.0,68209000.0
20230228,33383360.0,48314480.0,67749700.0,78713340.0,92661480.0,94486090.0,69986930.0,54131290.0,45247090.0,116324000.0,162506000.0,189090000.0,222321000.0,226334000.0,167779000.0,129095000.0,108237000.0
20230301,-11589650.0,48225860.0,42719340.0,65496710.0,59413570.0,48485130.0,50127180.0,16125130.0,26072730.0,115212000.0,102029000.0,156427000.0,141881000.0,115771000.0,119727000.0,38499000.0,62272000.0
20230302,-21187990.0,49608070.0,33734670.0,61019950.0,55705370.0,46913530.0,46561280.0,16392650.0,37932890.0,119402000.0,81117000.0,146800000.0,133984000.0,112702000.0,111962000.0,39385000.0,91226000.0
20230303,-2108320.0,34610840.0,30400450.0,43775240.0,45877310.0,33051870.0,32889890.0,11889480.0,14159780.0,84018000.0,73772000.0,106254000.0,111351000.0,80207000.0,79807000.0,28847000.0,34395000.0
20230306,25837250.0,65432940.0,74594730.0,93762950.0,110438400.0,94318100.0,83359350.0,48177520.0,33299020.0,157127000.0,178860000.0,225098000.0,264742000.0,225962000.0,199938000.0,115229000.0,79877000.0
20230307,-32982840.0,74008770.0,42628900.0,87355140.0,85752160.0,68474500.0,78561520.0,28654880.0,51550700.0,179477000.0,103379000.0,211820000.0,207961000.0,166029000.0,190476000.0,69579000.0,125089000.0
20230308,-14069210.0,48389710.0,35241680.0,66817910.0,65896740.0,45569210.0,47542750.0,13122350.0,25218020.0,119704000.0,87128000.0,165216000.0,162906000.0,112664000.0,117559000.0,32490000.0,62480000.0
20230309,-10051240.0,36893390.0,28039060.0,41871140.0,40674220.0,28983780.0,31440530.0,8977300.0,16571790.0,92075000.0,69957000.0,104456000.0,101468000.0,72316000.0,78451000.0,22420000.0,41391000.0
20230310,-12571040.0,50813490.0,31691280.0,38874520.0,45425690.0,29121410.0,33622470.0,8829980.0,16899960.0,129253000.0,80593000.0,98878000.0,115529000.0,74059000.0,85506000.0,22433000.0,42994000.0
20230313,3402990.0,38955710.0,39828630.0,46033520.0,48563600.0,41338070.0,41365850.0,20760530.0,17329760.0,97819000.0,99938000.0,115506000.0,121824000.0,103697000.0,103770000.0,52048000.0,43538000.0
20230314,-33585700.0,67751270.0,40058010.0,58583640.0,52691190.0,43487240.0,53932210.0,17766900.0,40907630.0,174061000.0,102800000.0,150438000.0,135290000.0,111677000.0,138457000.0,45548000.0,105177000.0
20230315,-696460.0,44811610.0,42610290.0,41421930.0,42926800.0,32333940.0,36693020.0,16230860.0,12568240.0,113409000.0,107755000.0,104784000.0,108554000.0,81719000.0,92762000.0,40958000.0,31799000.0
20230316,-33484850.0,77044790.0,44984760.0,63630790.0,62205960.0,36269740.0,56989150.0,12766100.0,25531540.0,201199000.0,117363000.0,166107000.0,162428000.0,94658000.0,148808000.0,33306000.0,66670000.0
20230317,-15908350.0,52556860.0,38999020.0,48427570.0,46077060.0,31283090.0,37963620.0,11213440.0,20441260.0,138351000.0,102550000.0,127411000.0,121208000.0,82316000.0,99915000.0,29509000.0,53914000.0
20230320,2515530.0,44233820.0,45093460.0,43308850.0,44964730.0,35804080.0,34758620.0,10150620.0,8680550.0,115687000.0,117798000.0,113299000.0,117583000.0,93637000.0,90986000.0,26476000.0,22733000.0
20230321,2624520.0,34923830.0,42704810.0,43418160.0,38261710.0,28272720.0,25336870.0,7445730.0,7757060.0,91077000.0,111169000.0,113139000.0,99683000.0,73608000.0,66062000.0,19368000.0,20277000.0
20230322,-1218940.0,37884660.0,35856960.0,39593310.0,40402070.0,32377990.0,31385390.0,8307240.0,10518780.0,97501000.0,92208000.0,101836000.0,103944000.0,83225000.0,80686000.0,21348000.0,27071000.0
20230323,-10000350.0,40106540.0,34011200.0,38303110.0,34398100.0,25818710.0,28139390.0,9949820.0,17629490.0,104291000.0,88409000.0,99579000.0,89427000.0,67104000.0,73140000.0,25855000.0,45851000.0
20230324,3571360.0,42981880.0,44091790.0,47968590.0,50430040.0,37096040.0,40636520.0,19690660.0,12578820.0,110249000.0,113035000.0,123060000.0,129327000.0,95145000.0,104241000.0,50452000.0,32302000.0
20230327,-4199120.0,45447180.0,39839400.0,42806900.0,44215560.0,29394130.0,31521490.0,10977820.0,13049580.0,116365000.0,101856000.0,109511000.0,113070000.0,75139000.0,80644000.0,28014000.0,33458000.0
20230328,-8009290.0,34348200.0,27349940.0,30070920.0,29059900.0,20184220.0,23919940.0,5477470.0,9751040.0,88490000.0,70436000.0,77445000.0,74842000.0,51987000.0,61603000.0,14104000.0,25145000.0
20230329,-4470760.0,33301610.0,29213740.0,34515330.0,34132430.0,25501900.0,26302120.0,8092440.0,11762980.0,85682000.0,75076000.0,88749000.0,87768000.0,65539000.0,67629000.0,20782000.0,30278000.0
20230330,-10625420.0,39009610.0,31524700.0,40878370.0,37737850.0,26148150.0,29169170.0,7901910.0,15506310.0,101371000.0,81806000.0,106231000.0,98034000.0,67921000.0,75841000.0,20513000.0,40354000.0
20230331,-2854590.0,36889190.0,34306620.0,35620290.0,35348260.0,26435190.0,28468260.0,9702160.0,10523680.0,94717000.0,88026000.0,91418000.0,90701000.0,67808000.0,73069000.0,24868000.0,27016000.0
20230403,7342250.0,61243090.0,62775140.0,64748260.0,70558450.0,56590040.0,48977740.0,21732340.0,22002390.0,157238000.0,160723000.0,166129000.0,181080000.0,145010000.0,125683000.0,55529000.0,56419000.0
20230404,-11172140.0,50090030.0,37387840.0,47003190.0,48533240.0,32120340.0,37549630.0,11714390.0,17457240.0,128927000.0,96207000.0,120950000.0,124877000.0,82674000.0,96624000.0,30132000.0,44975000.0
20230406,-5636380.0,39883160.0,30271600.0,34638350.0,38613540.0,24494690.0,26841070.0,8970160.0,12260160.0,103054000.0,78155000.0,89464000.0,99737000.0,63246000.0,69322000.0,23165000.0,31713000.0
20230407,-4513310.0,31677040.0,29889090.0,35574150.0,32848790.0,22170860.0,24184220.0,7453570.0,9953520.0,81306000.0,76688000.0,91290000.0,84284000.0,56891000.0,62063000.0,19121000.0,25574000.0
20230410,33575750.0,63899550.0,80044430.0,108631230.0,126062120.0,105237350.0,100218230.0,67808980.0,39252350.0,157621000.0,197382000.0,267915000.0,310846000.0,259480000.0,247114000.0,167173000.0,96848000.0
20230411,-735770.0,46385710.0,42962180.0,68459390.0,71147160.0,58618050.0,56612280.0,23826710.0,26568250.0,114640000.0,106116000.0,169183000.0,175734000.0,144813000.0,139876000.0,58820000.0,65728000.0
20230412,-18255180.0,59236510.0,43693960.0,63325610.0,60612970.0,49230500.0,51903090.0,13003520.0,28586110.0,148453000.0,109461000.0,158527000.0,151768000.0,123289000.0,129929000.0,32596000.0,71707000.0
20230413,994320.0,36152460.0,37463350.0,46445570.0,46129000.0,40368030.0,35939910.0,11791700.0,15225500.0,90491000.0,93732000.0,116187000.0,115348000.0,100915000.0,89881000.0,29476000.0,38108000.0
20230414,11671110.0,34046840.0,39116130.0,48509980.0,55111790.0,43479460.0,39445160.0,18003950.0,10367140.0,84933000.0,97488000.0,120910000.0,137313000.0,108341000.0,98281000.0,44782000.0,25885000.0
20230417,13421760.0,33877110.0,39113800.0,51649530.0,59834600.0,50592630.0,48113590.0,29467110.0,18524390.0,83766000.0,96691000.0,127704000.0,147915000.0,125035000.0,118943000.0,72830000.0,45785000.0
20230418,6595700.0,38112010.0,37870100.0,57224960.0,64062570.0,50484220.0,44634300.0,18478660.0,17732880.0,93719000.0,93105000.0,140695000.0,157490000.0,124098000.0,109718000.0,45411000.0,43609000.0
20230419,-14945890.0,51215880.0,35818280.0,57941530.0,58393230.0,36546220.0,41017440.0,12026580.0,22501250.0,128058000.0,89561000.0,144758000.0,145913000.0,91267000.0,102440000.0,30050000.0,56217000.0
20230420,-3056450.0,40809660.0,32826720.0,39953170.0,44879650.0,34642770.0,42026150.0,17533530.0,13206600.0,102717000.0,82598000.0,100532000.0,112936000.0,87210000.0,105801000.0,44160000.0,33284000.0
20230421,-3309210.0,55027400.0,42802100.0,58697480.0,67613580.0,49475530.0,58455030.0,21825160.0,16154870.0,139445000.0,108305000.0,148447000.0,171035000.0,125053000.0,147755000.0,55156000.0,41006000.0
20230424,-2099270.0,40923840.0,33418840.0,39359330.0,44765050.0,41240400.0,38025040.0,13278560.0,18593190.0,105626000.0,86215000.0,101556000.0,115518000.0,106460000.0,98165000.0,34361000.0,48105000.0
20230425,-24602000.0,81108890.0,56359740.0,74153820.0,74300970.0,52616050.0,65564940.0,20276410.0,31929520.0,211251000.0,146734000.0,192697000.0,193112000.0,136740000.0,170229000.0,52565000.0,83180000.0
20230426,50638290.0,79211030.0,112857940.0,123656490.0,140647870.0,118260010.0,105165080.0,79426810.0,41883450.0,199517000.0,283909000.0,310932000.0,353472000.0,297206000.0,263987000.0,198434000.0,104719000.0
20230427,-17249910.0,63598710.0,51171800.0,62712820.0,57889820.0,46619050.0,53379140.0,17936030.0,28425850.0,160182000.0,128812000.0,157837000.0,145707000.0,117313000.0,134357000.0,45148000.0,71604000.0
20230428,-5748260.0,45268950.0,39673500.0,47671540.0,47518730.0,34748680.0,36701610.0,13784310.0,17579640.0,114154000.0,99949000.0,120121000.0,119690000.0,87520000.0,92490000.0,34681000.0,44348000.0
20230504,-14443120.0,56399130.0,45634090.0,52451900.0,48773820.0,36217910.0,38412820.0,11191700.0,23439910.0,143574000.0,116118000.0,133415000.0,124054000.0,92134000.0,97712000.0,28455000.0,59693000.0
20230505,-16575160.0,57818260.0,40621040.0,53032340.0,53654420.0,36306980.0,44898140.0,11059490.0,19043490.0,151246000.0,106140000.0,138672000.0,140240000.0,94931000.0,117434000.0,28902000.0,49938000.0
20230508,2059310.0,39791900.0,42307580.0,41761070.0,41304700.0,35829610.0,32037410.0,13942490.0,15675380.0,103437000.0,109828000.0,108509000.0,107291000.0,93018000.0,83274000.0,36206000.0,40775000.0
20230509,-7898760.0,39785900.0,33608500.0,40311240.0,38589880.0,28407730.0,31982330.0,9605820.0,13929980.0,103715000.0,87526000.0,105070000.0,100554000.0,74012000.0,83365000.0,25035000.0,36386000.0
20230510,10521270.0,45020390.0,48518520.0,46663320.0,53686450.0,38471510.0,36463810.0,21423650.0,12910080.0,116774000.0,125593000.0,120984000.0,139187000.0,99625000.0,94539000.0,55355000.0,33420000.0
20230511,-3695470.0,36643330.0,32828580.0,37534250.0,37653510.0,32825610.0,37731130.0,15082000.0,13871950.0,94502000.0,84539000.0,96721000.0,97000000.0,84522000.0,97217000.0,38818000.0,35806000.0
20230512,-9553500.0,30555390.0,21320800.0,30302510.0,29983600.0,18520340.0,27080050.0,9093360.0,10087150.0,79731000.0,55628000.0,79059000.0,78217000.0,48311000.0,70656000.0,23704000.0,26306000.0
20230515,12560630.0,46283720.0,51388380.0,49993100.0,57449060.0,42682250.0,43880210.0,28044390.0,14285800.0,118871000.0,131890000.0,128389000.0,147521000.0,109595000.0,112688000.0,71907000.0,36663000.0
20230516,-8591140.0,44635070.0,38143120.0,49252960.0,47153760.0,37693290.0,42896910.0,14919670.0,18307190.0,113967000.0,97233000.0,125703000.0,120316000.0,96145000.0,109547000.0,38052000.0,46770000.0
20230517,-13129060.0,37478770.0,26186690.0,35978910.0,34141930.0,26895820.0,35355710.0,7267350.0,11936520.0,96588000.0,67453000.0,92670000.0,87930000.0,69245000.0,91063000.0,18726000.0,30783000.0
20230518,-9113240.0,40416000.0,29902030.0,36074970.0,37475700.0,23452330.0,32254910.0,11365750.0,11676410.0,105253000.0,77879000.0,93928000.0,97567000.0,61041000.0,83933000.0,29560000.0,30402000.0
20230519,-4430610.0,27475370.0,22227800.0,24660110.0,25477070.0,18525990.0,22513400.0,3740620.0,4183820.0,71956000.0,58191000.0,64580000.0,66717000.0,48511000.0,58959000.0,9780000.0,10962000.0
20230522,-1589310.0,23881850.0,21460260.0,23058010.0,23890280.0,17987120.0,18591620.0,8733630.0,9718440.0,62123000.0,55793000.0,59975000.0,62123000.0,46755000.0,48358000.0,22697000.0,25276000.0
20230523,3723280.0,25891710.0,26879060.0,27356910.0,30092840.0,20427280.0,21940460.0,14121330.0,8884870.0,67170000.0,69703000.0,70946000.0,78035000.0,52955000.0,56905000.0,36614000.0,23043000.0
20230524,3615260.0,40140000.0,40383800.0,44942190.0,48313650.0,41269380.0,40510860.0,22495110.0,19638370.0,103843000.0,104326000.0,116188000.0,124874000.0,106645000.0,104758000.0,57993000.0,50711000.0
20230525,4647280.0,44411250.0,48492040.0,56799580.0,57366080.0,56671460.0,53839070.0,29302010.0,27487120.0,114040000.0,124377000.0,145771000.0,147202000.0,145356000.0,138142000.0,75129000.0,70575000.0
20230526,-22539910.0,49226090.0,32428070.0,45036040.0,39294160.0,27626660.0,34741700.0,10512250.0,25937120.0,128147000.0,84395000.0,117225000.0,102253000.0,71895000.0,90396000.0,27350000.0,67573000.0
20230529,-30270250.0,62825220.0,35781950.0,56595520.0,53368550.0,31039060.0,43196830.0,7729250.0,25841730.0,166234000.0,94701000.0,149733000.0,141283000.0,82145000.0,114169000.0,20419000.0,68378000.0
20230530,-26908350.0,74688950.0,49700820.0,67896040.0,65975810.0,46297020.0,58075040.0,12825510.0,27955840.0,202365000.0,134758000.0,183980000.0,178715000.0,125499000.0,157376000.0,34944000.0,75941000.0
20230531,-4276470.0,39076340.0,28879700.0,37134550.0,43054720.0,28422010.0,33239330.0,13317550.0,12776700.0,114831000.0,84835000.0,109128000.0,126503000.0,83511000.0,97676000.0,39041000.0,37496000.0
20230601,-12491680.0,36127060.0,23116800.0,30846080.0,31364660.0,18162990.0,24757170.0,3888280.0,9785780.0,106199000.0,67894000.0,90676000.0,92169000.0,53386000.0,72763000.0,11407000.0,28843000.0
20230602,-2410650.0,31399240.0,27796990.0,28518930.0,29710530.0,21768260.0,22278880.0,5934670.0,7834700.0,92542000.0,81894000.0,84053000.0,87558000.0,64165000.0,65686000.0,17475000.0,23097000.0
20230605,-18672950.0,39950960.0,22980320.0,33422700.0,31720400.0,19188080.0,27989420.0,4167830.0,14039440.0,119590000.0,68773000.0,100009000.0,94902000.0,57407000.0,83731000.0,12482000.0,42082000.0
20230606,-19030210.0,56516260.0,37322610.0,52137620.0,52301050.0,38512340.0,46224500.0,11978020.0,23296070.0,174720000.0,115357000.0,161173000.0,161600000.0,119080000.0,142868000.0,37050000.0,72199000.0
20230607,-16181700.0,45155230.0,27145090.0,40793460.0,42621890.0,26318490.0,33963980.0,8300430.0,16836640.0,142461000.0,85611000.0,128703000.0,134424000.0,83012000.0,107111000.0,26159000.0,53189000.0
20230608,-3384740.0,30467010.0,23942280.0,29772420.0,32912410.0,22820160.0,23996230.0,6153950.0,8362620.0,96512000.0,75802000.0,94297000.0,104227000.0,72274000.0,76013000.0,19500000.0,26541000.0
20230609,-1463850.0,35652800.0,32763730.0,37221690.0,38646910.0,36004280.0,36196290.0,14618600.0,15890440.0,113370000.0,104026000.0,118331000.0,122802000.0,114364000.0,115087000.0,46269000.0,50419000.0
20230612,1354060.0,37074110.0,31847780.0,36032200.0,42612600.0,27050880.0,27968280.0,11330390.0,9058930.0,116881000.0,100135000.0,113543000.0,134360000.0,85158000.0,88110000.0,35492000.0,28468000.0
20230613,-9072380.0,29020560.0,19996510.0,24036250.0,23987930.0,18268390.0,21507820.0,2381590.0,8214540.0,91568000.0,63039000.0,75843000.0,75656000.0,57678000.0,67914000.0,7511000.0,25990000.0
20230614,-3114440.0,26906180.0,25373110.0,28200760.0,26619390.0,20034340.0,22580720.0,5888510.0,6456570.0,84385000.0,79526000.0,88391000.0,83422000.0,62777000.0,70799000.0,18463000.0,20268000.0
20230615,15257920.0,69301930.0,75476300.0,70685660.0,79769210.0,61698730.0,59364160.0,30279160.0,17355810.0,211302000.0,230100000.0,215822000.0,243354000.0,188382000.0,181147000.0,92001000.0,52905000.0
20230616,26131080.0,51925790.0,64091690.0,64385790.0,78350970.0,66253780.0,59165970.0,43814970.0,24771700.0,153791000.0,189270000.0,190603000.0,231632000.0,196011000.0,175091000.0,128775000.0,73187000.0
20230619,-6201690.0,43524620.0,36607820.0,40354540.0,41069630.0,24565940.0,32549610.0,14168720.0,12386740.0,127076000.0,106832000.0,117824000.0,119860000.0,71677000.0,94997000.0,41233000.0,36121000.0
20230620,-5653780.0,35686030.0,30146040.0,36762870.0,36649090.0,23732670.0,27991110.0,10623920.0,12019260.0,103057000.0,86997000.0,106097000.0,105778000.0,68477000.0,80828000.0,30678000.0,34708000.0
20230621,-11469730.0,50147200.0,41314780.0,51127720.0,48490410.0,30722810.0,42045490.0,12248440.0,12395490.0,144230000.0,118588000.0,146750000.0,139258000.0,88067000.0,120668000.0,35153000.0,35687000.0
20230626,-6949970.0,38349560.0,29323340.0,33451190.0,35527440.0,22863060.0,27789410.0,10014150.0,12037770.0,112765000.0,86109000.0,98235000.0,104376000.0,67160000.0,81672000.0,29418000.0,35420000.0
20230627,-3667030.0,30420800.0,28754180.0,30223140.0,28222720.0,19392370.0,21255170.0,6641090.0,8445320.0,88524000.0,83641000.0,87914000.0,82074000.0,56380000.0,61811000.0,19288000.0,24579000.0
20230628,-88790.0,30313130.0,33335090.0,33932490.0,30821730.0,26644650.0,25544750.0,10679620.0,11868310.0,88020000.0,96750000.0,98455000.0,89433000.0,77313000.0,74116000.0,30966000.0,34455000.0
20230629,-7395080.0,30082170.0,23445190.0,26316010.0,25557920.0,15834210.0,22134920.0,6233920.0,7328290.0,87860000.0,68449000.0,76812000.0,74581000.0,46187000.0,64557000.0,18168000.0,21440000.0
20230630,-5105270.0,30357370.0,23608110.0,24954200.0,26598190.0,19957430.0,23643800.0,7903890.0,9322790.0,88528000.0,68822000.0,72787000.0,77581000.0,58190000.0,68934000.0,23004000.0,27172000.0
20230703,-3495870.0,33986110.0,29357280.0,32962960.0,34095930.0,23750700.0,26417330.0,7105370.0,7934610.0,98963000.0,85492000.0,95951000.0,99267000.0,69120000.0,76872000.0,20689000.0,23092000.0
20230704,-19866580.0,52225700.0,35899180.0,38741050.0,35201000.0,19774890.0,33449510.0,6653780.0,12845740.0,155194000.0,106723000.0,115094000.0,104570000.0,58766000.0,99378000.0,19772000.0,38155000.0
20230705,-11077290.0,48182140.0,30935070.0,38654930.0,44824710.0,23545750.0,29165650.0,8555720.0,14013110.0,146311000.0,93902000.0,117384000.0,136154000.0,71501000.0,88581000.0,26019000.0,42580000.0
20230706,-2625710.0,25548410.0,21475950.0,20493820.0,21940560.0,12072680.0,14341250.0,4645090.0,5002230.0,78199000.0,65729000.0,62725000.0,67110000.0,36957000.0,43922000.0,14229000.0,15349000.0
20230707,-1091150.0,22844550.0,19840550.0,17542540.0,19455370.0,11265320.0,11343170.0,5196390.0,6209690.0,70717000.0,61413000.0,54299000.0,60229000.0,34877000.0,35110000.0,16077000.0,19218000.0
20230710,26140430.0,78059900.0,98956190.0,101813750.0,107057880.0,88857840.0,69403190.0,40973320.0,34287540.0,228719000.0,290201000.0,298512000.0,313917000.0,260619000.0,203623000.0,120108000.0,100217000.0
20230711,-9551490.0,43283100.0,30661020.0,34974870.0,38045460.0,21841390.0,27837410.0,5200860.0,8756330.0,126511000.0,89582000.0,102213000.0,111165000.0,63806000.0,81363000.0,15188000.0,25609000.0
20230712,13630140.0,52035300.0,66808090.0,62385660.0,61242990.0,53734410.0,51685620.0,24750000.0,13168650.0,150091000.0,192393000.0,179761000.0,176393000.0,154698000.0,148986000.0,71241000.0,38019000.0
20230713,3441930.0,35124750.0,35640550.0,35054070.0,37980190.0,29266850.0,27100690.0,10123420.0,8847650.0,101014000.0,102461000.0,100798000.0,109207000.0,84160000.0,77954000.0,29127000.0,25478000.0
20230714,-4388390.0,32865820.0,28798560.0,26912520.0,26591390.0,18753210.0,20216120.0,3865230.0,6790710.0,95640000.0,83809000.0,78291000.0,77362000.0,54538000.0,58789000.0,11249000.0,19758000.0
20230717,-2787810.0,24866490.0,22633460.0,21751570.0,21196780.0,12198940.0,11834710.0,2360190.0,5512230.0,73098000.0,66468000.0,63858000.0,62230000.0,35790000.0,34777000.0,6936000.0,16209000.0
20230718,1109600.0,19630760.0,21424110.0,18281660.0,17597910.0,11777360.0,11444900.0,4054600.0,3277460.0,57865000.0,63087000.0,53841000.0,51844000.0,34689000.0,33713000.0,11909000.0,9659000.0
20230719,-1379430.0,20203700.0,19416570.0,15563930.0,14971630.0,8671930.0,9220940.0,2254890.0,3085310.0,59820000.0,57475000.0,46062000.0,44296000.0,25656000.0,27306000.0,6670000.0,9131000.0
20230720,3720590.0,28014430.0,34336930.0,31044510.0,28442590.0,20942450.0,20182940.0,9913580.0,6952500.0,82141000.0,100575000.0,90940000.0,83282000.0,61297000.0,59101000.0,29015000.0,20436000.0
20230721,-2709570.0,27185000.0,24297780.0,22352930.0,22530580.0,13840360.0,14627240.0,3964010.0,5886700.0,81040000.0,72366000.0,66640000.0,67160000.0,41225000.0,43618000.0,11810000.0,17571000.0
20230724,-1660580.0,20226240.0,18185960.0,16783960.0,17163660.0,11020240.0,11252580.0,2336640.0,3764880.0,60704000.0,54570000.0,50368000.0,51520000.0,33079000.0,33769000.0,7014000.0,11306000.0
20230725,5988310.0,34603880.0,40187020.0,37136960.0,37542130.0,30714770.0,25483550.0,12355620.0,11598530.0,101160000.0,117503000.0,108602000.0,109788000.0,89834000.0,74527000.0,36105000.0,33883000.0
20230726,315880.0,28372250.0,29399950.0,26780700.0,26068880.0,19528960.0,19345230.0,5709620.0,5577470.0,82180000.0,85058000.0,77482000.0,75420000.0,56430000.0,55954000.0,16488000.0,16148000.0
20230727,-931210.0,22331080.0,21264570.0,17530580.0,17665880.0,10346740.0,13920050.0,9183410.0,6541310.0,65240000.0,62127000.0,51210000.0,51589000.0,30205000.0,40663000.0,26829000.0,19107000.0
20230728,1208160.0,36923290.0,36244320.0,31256270.0,33143400.0,22951080.0,22495150.0,13461660.0,12709430.0,107534000.0,105486000.0,91023000.0,96508000.0,66782000.0,65484000.0,39115000.0,36976000.0
20230731,-7068000.0,48526870.0,40410650.0,41328200.0,42376430.0,30777980.0,34111160.0,13301680.0,17036500.0,138594000.0,115344000.0,117995000.0,120966000.0,87813000.0,97373000.0,37932000.0,48651000.0
20230801,-7882380.0,30792390.0,22538370.0,22248220.0,22619870.0,12839640.0,18246960.0,5843080.0,8318140.0,88986000.0,65115000.0,64282000.0,65329000.0,37082000.0,52737000.0,16885000.0,24054000.0
20230802,-1715620.0,21048850.0,18877410.0,15504570.0,15960410.0,12249330.0,11992070.0,7203260.0,9176140.0,61088000.0,54788000.0,44959000.0,46277000.0,35500000.0,34775000.0,20889000.0,26595000.0
20230803,19781380.0,44204670.0,57691260.0,53465750.0,59760550.0,51046070.0,46346270.0,35630310.0,20548730.0,125371000.0,163501000.0,151617000.0,169432000.0,144711000.0,131386000.0,100884000.0,58263000.0
20230804,-4934890.0,52944210.0,41643420.0,44111760.0,50477650.0,33468640.0,41511550.0,16942670.0,13834650.0,148850000.0,116919000.0,123843000.0,141763000.0,93914000.0,116634000.0,47576000.0,38866000.0
20230807,-3343450.0,27482200.0,20820530.0,18113940.0,21432160.0,12367510.0,14389090.0,8584140.0,9906010.0,78012000.0,59088000.0,51417000.0,60822000.0,35086000.0,40835000.0,24361000.0,28131000.0
20230808,-3016450.0,23542580.0,21877000.0,18866690.0,17515820.0,11426930.0,13366410.0,4013340.0,5090310.0,67017000.0,62271000.0,53695000.0,49845000.0,32512000.0,38028000.0,11434000.0,14513000.0
20230809,-1037050.0,21213680.0,18017230.0,13620950.0,15780350.0,7990740.0,9163780.0,2550660.0,2414670.0,60586000.0,51444000.0,38901000.0,45065000.0,22826000.0,26184000.0,7286000.0,6906000.0
20230810,577970.0,18105610.0,19700410.0,20025860.0,19009030.0,12318660.0,12883260.0,5806960.0,4664390.0,51441000.0,55968000.0,56890000.0,54002000.0,34993000.0,36619000.0,16516000.0,13251000.0
20230811,-4692050.0,23984050.0,24345650.0,29406880.0,24353220.0,10136660.0,13852060.0,5770230.0,6746880.0,68695000.0,69722000.0,84211000.0,69749000.0,29040000.0,39672000.0,16544000.0,19347000.0
20230814,-4686380.0,25512760.0,21872360.0,23442200.0,22396220.0,11187580.0,13814160.0,3136160.0,5195960.0,74261000.0,63658000.0,68225000.0,65175000.0,32556000.0,40206000.0,9126000.0,15128000.0
20230815,-13534030.0,54457870.0,44512980.0,52202160.0,48613020.0,31839850.0,37963730.0,13068230.0,20478380.0,163565000.0,133790000.0,156818000.0,145977000.0,95733000.0,113966000.0,39327000.0,61710000.0
20230816,3900940.0,36076010.0,46645940.0,35683210.0,29014210.0,19942860.0,13978810.0,3126440.0,5189550.0,109220000.0,141126000.0,107904000.0,87721000.0,60358000.0,42333000.0,9469000.0,15771000.0
20230817,-359870.0,30059700.0,33320190.0,29040510.0,25420150.0,16464000.0,14585830.0,2597500.0,4835540.0,92208000.0,102191000.0,89086000.0,77962000.0,50482000.0,44756000.0,7944000.0,14812000.0
20230818,764090.0,22741780.0,22707880.0,17647720.0,18445720.0,12496940.0,13539220.0,5296470.0,3490100.0,69477000.0,69372000.0,53901000.0,56344000.0,38179000.0,41367000.0,16195000.0,10669000.0
20230821,-1632430.0,32533900.0,25442590.0,27060780.0,32519660.0,16624130.0,15514720.0,5203540.0,7945380.0,101876000.0,79653000.0,84752000.0,101845000.0,52083000.0,48576000.0,16289000.0,24924000.0
20230822,-2543790.0,45292180.0,37432440.0,39831300.0,45147260.0,26415030.0,25695230.0,7846830.0,11110420.0,144983000.0,119704000.0,127483000.0,144504000.0,84452000.0,82229000.0,25177000.0,35659000.0
20230823,-5992000.0,30396750.0,25559100.0,28770350.0,27615990.0,16221060.0,15887030.0,3987960.0,10313990.0,98286000.0,82606000.0,92979000.0,89270000.0,52471000.0,51360000.0,12936000.0,33436000.0
20230824,3904600.0,28374830.0,29021640.0,29027460.0,32285250.0,18954060.0,14844900.0,5587630.0,5792190.0,91135000.0,93130000.0,93223000.0,103646000.0,60847000.0,47696000.0,17863000.0,18596000.0
20230825,4682370.0,28352330.0,30625270.0,28080740.0,30490180.0,21905640.0,17478570.0,5217570.0,4962270.0,89934000.0,97104000.0,89115000.0,96743000.0,69462000.0,55453000.0,16564000.0,15774000.0
20230828,6814510.0,44902910.0,48426430.0,50257310.0,53548310.0,39510730.0,41120030.0,21350540.0,12926730.0,136755000.0,147262000.0,152722000.0,162663000.0,120020000.0,124802000.0,64395000.0,39166000.0
20230829,-2674050.0,32652520.0,29360280.0,28090010.0,28708210.0,22954210.0,23174170.0,9013930.0,11468020.0,99911000.0,89806000.0,85930000.0,87827000.0,70193000.0,70852000.0,27525000.0,35073000.0
20230830,-2038100.0,21249370.0,19119760.0,19721640.0,19813150.0,15318710.0,16844610.0,6191550.0,6703750.0,65096000.0,58541000.0,60396000.0,60657000.0,46882000.0,51559000.0,18944000.0,20561000.0
20230831,-4669240.0,24927620.0,18759300.0,21327740.0,22826810.0,16300350.0,17130450.0,3885450.0,7724590.0,77145000.0,58037000.0,65956000.0,70622000.0,50437000.0,52972000.0,12048000.0,23955000.0
20230901,285990.0,16367740.0,17200910.0,14671740.0,14124550.0,8382950.0,8597610.0,3650760.0,3150110.0,50856000.0,53428000.0,45567000.0,43869000.0,26042000.0,26687000.0,11300000.0,9780000.0
20230904,4022090.0,23415730.0,25195970.0,24770450.0,27012300.0,21067410.0,20994840.0,7109610.0,3160090.0,72746000.0,78193000.0,76967000.0,83898000.0,65407000.0,65246000.0,22041000.0,9824000.0
20230905,3243150.0,30705960.0,33606680.0,31696990.0,32039430.0,24771680.0,21861460.0,7787410.0,7454480.0,94783000.0,103609000.0,97729000.0,98772000.0,76304000.0,67411000.0,24006000.0,23030000.0
20230906,-6641710.0,27676790.0,21600210.0,24532490.0,23967350.0,14153290.0,18225000.0,2989820.0,5559820.0,86532000.0,67482000.0,76672000.0,74910000.0,44213000.0,56970000.0,9357000.0,17413000.0
20230907,-907750.0,25137880.0,22570280.0,21680160.0,23340010.0,14214380.0,14930180.0,4309650.0,4501600.0,79571000.0,71456000.0,68606000.0,73844000.0,45004000.0,47258000.0,13646000.0,14269000.0
20230908,-1535700.0,16993290.0,15375970.0,13208710.0,13290330.0,7582900.0,7879420.0,1550280.0,2789460.0,54618000.0,49413000.0,42453000.0,42698000.0,24374000.0,25330000.0,4976000.0,8980000.0
20230911,3948530.0,18000390.0,20965450.0,17694440.0,18677910.0,14286100.0,11258130.0,3001040.0,2080480.0,57354000.0,66782000.0,56361000.0,59480000.0,45491000.0,35845000.0,9529000.0,6629000.0
20230912,-1312770.0,15766160.0,14749700.0,16166270.0,15869960.0,10879130.0,10633730.0,1388680.0,2946850.0,49855000.0,46619000.0,51117000.0,50179000.0,34381000.0,33627000.0,4398000.0,9326000.0
20230913,-410790.0,17945670.0,18512480.0,15218900.0,14241300.0,10908140.0,11308200.0,2409450.0,2420180.0,57338000.0,59144000.0,48595000.0,45446000.0,34784000.0,36089000.0,7703000.0,7741000.0
20230914,-2581150.0,16062940.0,13747860.0,15281850.0,15015780.0,8007980.0,9748040.0,3509600.0,4350690.0,51651000.0,44207000.0,49132000.0,48266000.0,25733000.0,31337000.0,11264000.0,13970000.0
20230915,-2215380.0,20665660.0,18218560.0,22842190.0,23073900.0,16256030.0,14309370.0,29758820.0,33920860.0,66576000.0,58625000.0,73583000.0,74298000.0,52428000.0,46128000.0,96502000.0,110038000.0
20230918,4179880.0,23419950.0,23115530.0,22126640.0,26610940.0,16510050.0,13881480.0,5762340.0,4211030.0,76195000.0,75121000.0,71945000.0,86511000.0,53641000.0,45150000.0,18666000.0,13666000.0
20230919,-856240.0,19487480.0,19432740.0,20628150.0,19826650.0,10617230.0,10359750.0,2002420.0,3116140.0,63711000.0,63507000.0,67442000.0,64819000.0,34697000.0,33872000.0,6552000.0,10203000.0
20230920,-2758480.0,17470750.0,14945280.0,13730010.0,13496990.0,7477640.0,9491960.0,2113990.0,2858150.0,57598000.0,49254000.0,45249000.0,44483000.0,24647000.0,31293000.0,6968000.0,9431000.0
20230921,-7401050.0,26939890.0,19385530.0,24958310.0,25111630.0,13798940.0,17609400.0,3839380.0,7429970.0,89898000.0,64677000.0,83307000.0,83788000.0,46051000.0,58771000.0,12821000.0,24840000.0
20230922,-5950530.0,29526920.0,25320920.0,27949800.0,26205260.0,14729090.0,16898990.0,3966220.0,7746850.0,97823000.0,83887000.0,92735000.0,86942000.0,48809000.0,56062000.0,13157000.0,25633000.0
20230925,8033480.0,24272460.0,27821530.0,23461530.0,27945930.0,18554430.0,17329150.0,11792060.0,4983860.0,79278000.0,90761000.0,76598000.0,91182000.0,60402000.0,56450000.0,38306000.0,16191000.0
20230926,3010440.0,19279970.0,21733930.0,18569790.0,19126260.0,14033670.0,12265800.0,5808900.0,4566330.0,62164000.0,70038000.0,59872000.0,61652000.0,45220000.0,39529000.0,18695000.0,14733000.0
20230927,8758610.0,47620580.0,52643370.0,49128710.0,52864520.0,45183100.0,42996710.0,18557890.0,11985670.0,148549000.0,164324000.0,153462000.0,165015000.0,141090000.0,134218000.0,57910000.0,37454000.0
20230928,-3632180.0,30651370.0,25989860.0,24035450.0,25064770.0,15652310.0,18324450.0,6966290.0,7926330.0,95216000.0,80728000.0,74645000.0,77850000.0,48604000.0,56910000.0,21627000.0,24606000.0
20231009,505540.0,20801990.0,21905720.0,19228690.0,18630490.0,14275320.0,12422080.0,4421740.0,5769440.0,65179000.0,68633000.0,60248000.0,58361000.0,44727000.0,38919000.0,13853000.0,18094000.0
20231010,-2907020.0,20827020.0,16472920.0,15048090.0,16495180.0,8960490.0,10567800.0,1367990.0,2667700.0,65503000.0,51794000.0,47303000.0,51835000.0,28177000.0,33250000.0,4301000.0,8405000.0
20231011,-268880.0,18983080.0,17956830.0,16846160.0,17603530.0,10190310.0,10314670.0,3819420.0,3963940.0,59778000.0,56520000.0,53013000.0,55367000.0,32038000.0,32456000.0,11984000.0,12470000.0
20231012,3943360.0,19280740.0,22471890.0,20046910.0,20799130.0,14023940.0,10286490.0,4117670.0,3911760.0,60572000.0,70579000.0,62957000.0,65296000.0,44017000.0,32314000.0,12914000.0,12271000.0
20231013,-7811700.0,26026550.0,17812490.0,19877630.0,20279980.0,11268690.0,12689980.0,2058100.0,8448510.0,83182000.0,56931000.0,63512000.0,64783000.0,35999000.0,40543000.0,6573000.0,27009000.0
20231016,-1970870.0,25882440.0,23257090.0,18421410.0,19075890.0,10026590.0,11424860.0,3093720.0,3666320.0,84122000.0,75575000.0,59835000.0,61944000.0,32532000.0,37121000.0,10075000.0,11924000.0
20231017,1760550.0,17100750.0,17681270.0,17458520.0,18638540.0,10535560.0,7798770.0,3213980.0,4190220.0,55392000.0,57186000.0,56532000.0,60376000.0,34117000.0,25240000.0,10385000.0,13625000.0
20231018,-3235420.0,21079280.0,16333320.0,15129090.0,16639640.0,7658790.0,9574320.0,6328900.0,7648790.0,69102000.0,53541000.0,49553000.0,54502000.0,25093000.0,31362000.0,20753000.0,25096000.0
20231019,-2180840.0,26185640.0,26892440.0,21632110.0,18744480.0,10661840.0,11416690.0,4625790.0,6051780.0,87298000.0,89651000.0,72110000.0,62473000.0,35555000.0,38046000.0,15395000.0,20188000.0
20231020,633780.0,23098610.0,24274900.0,18620930.0,18078430.0,9637940.0,8976940.0,4240990.0,4268210.0,77339000.0,81267000.0,62340000.0,60510000.0,32253000.0,30044000.0,14191000.0,14302000.0
20231023,-11064510.0,34231160.0,27134820.0,29336420.0,25368250.0,15837610.0,21410600.0,4180370.0,9671890.0,118706000.0,94103000.0,101688000.0,87874000.0,55054000.0,74351000.0,14548000.0,33668000.0
20231024,-983480.0,20754840.0,17409560.0,17792370.0,20154160.0,10827910.0,12354370.0,4023220.0,3480240.0,71953000.0,60344000.0,61676000.0,69864000.0,37538000.0,42831000.0,13942000.0,12070000.0
20231025,2448870.0,20762990.0,22403050.0,17458260.0,18267080.0,11549320.0,11391350.0,4122750.0,1831850.0,71225000.0,76821000.0,59851000.0,62587000.0,39576000.0,39057000.0,14108000.0,6295000.0
20231026,-16113190.0,52609990.0,38304920.0,56153060.0,54344940.0,41962630.0,50860420.0,11566730.0,18782130.0,193347000.0,140775000.0,206308000.0,199607000.0,154065000.0,186774000.0,42476000.0,69040000.0
20231027,6529970.0,43272870.0,47442660.0,44530070.0,46890260.0,30826820.0,26513950.0,10886640.0,8669540.0,158560000.0,173421000.0,163049000.0,171615000.0,112726000.0,97100000.0,39561000.0,31760000.0
20231030,-5425160.0,34246280.0,27898140.0,32496500.0,33419490.0,21046490.0,22044620.0,5660040.0,10087070.0,123809000.0,100792000.0,117499000.0,120804000.0,76108000.0,79773000.0,20434000.0,36481000.0
20231031,-11727260.0,32009850.0,21625420.0,28125110.0,26782290.0,19904730.0,25514780.0,7179880.0,13297090.0,117039000.0,78984000.0,102817000.0,97818000.0,72810000.0,93349000.0,26304000.0,48819000.0
20231101,-3069460.0,31437820.0,30478980.0,26506630.0,24396020.0,16258420.0,17456600.0,6054400.0,7925680.0,116785000.0,113158000.0,98414000.0,90562000.0,60371000.0,64873000.0,22518000.0,29494000.0
20231102,-23236170.0,44779450.0,27614120.0,40025280.0,33954440.0,19780540.0,33633060.0,6351450.0,15735100.0,170191000.0,104947000.0,152162000.0,128965000.0,75206000.0,127844000.0,24191000.0,59993000.0
20231103,-1299310.0,30281230.0,26496800.0,25185650.0,27670780.0,16967290.0,20534940.0,10804410.0,8536070.0,114779000.0,100392000.0,95455000.0,104841000.0,64266000.0,77826000.0,40914000.0,32356000.0
20231106,2331800.0,36984600.0,37692370.0,38233770.0,39857810.0,30196660.0,26949660.0,8908830.0,9824030.0,136922000.0,139448000.0,141533000.0,147528000.0,111746000.0,99784000.0,32963000.0,36404000.0
20231107,1337150.0,21447790.0,20368250.0,19793430.0,22210130.0,13636060.0,12870940.0,4013050.0,3441020.0,79512000.0,75467000.0,73360000.0,82303000.0,50499000.0,47695000.0,14845000.0,12752000.0
20231108,-3458430.0,25146370.0,24325410.0,26464700.0,23827230.0,17669340.0,18355170.0,4905150.0,7677750.0,92668000.0,89593000.0,97457000.0,87735000.0,65077000.0,67619000.0,18043000.0,28298000.0
20231109,19485240.0,47013240.0,62626870.0,58453010.0,62324620.0,49390060.0,45064550.0,28614420.0,13454690.0,168781000.0,224631000.0,209964000.0,223715000.0,177341000.0,161784000.0,102418000.0,48373000.0
20231110,-7009670.0,35193980.0,31505300.0,31325030.0,28004040.0,20331760.0,21092750.0,5952150.0,12200830.0,128779000.0,115318000.0,114597000.0,102432000.0,74402000.0,77128000.0,21781000.0,44680000.0
20231113,-2563530.0,23246970.0,19031450.0,17734070.0,19386050.0,11581190.0,12466820.0,1701060.0,3378960.0,84915000.0,69488000.0,64741000.0,70776000.0,42262000.0,45510000.0,6203000.0,12346000.0
20231114,-3475520.0,24896270.0,22201410.0,20129700.0,19349020.0,13717100.0,13369150.0,2809620.0,6633090.0,91059000.0,81178000.0,73571000.0,70732000.0,50098000.0,48835000.0,10247000.0,24229000.0
20231115,-118140.0,31794880.0,30769760.0,32623710.0,33530690.0,23330680.0,25041090.0,8283410.0,6691140.0,114581000.0,110816000.0,117542000.0,120790000.0,84020000.0,90224000.0,29794000.0,24106000.0
20231116,-5387930.0,28259560.0,20918020.0,22893190.0,24846790.0,14930950.0,16362710.0,4664350.0,8620520.0,103467000.0,76571000.0,83748000.0,90899000.0,54590000.0,59836000.0,17065000.0,31564000.0
20231117,-464420.0,21705930.0,18957450.0,14895990.0,17180060.0,9367150.0,9690530.0,3539750.0,3680790.0,79892000.0,69758000.0,54816000.0,63210000.0,34459000.0,35648000.0,13005000.0,13557000.0
20231120,-1917460.0,21019470.0,19051520.0,15733270.0,15783760.0,11096020.0,11213130.0,1859870.0,3660220.0,77415000.0,70137000.0,57940000.0,58124000.0,40854000.0,41310000.0,6857000.0,13495000.0
20231121,-2686540.0,22098470.0,18815090.0,17834380.0,18431210.0,12359990.0,12859100.0,1494770.0,3682200.0,81182000.0,69115000.0,65492000.0,67668000.0,45389000.0,47222000.0,5492000.0,13550000.0
20231122,-7171720.0,23152320.0,16942930.0,18146370.0,17184060.0,11504760.0,13640480.0,3147870.0,8183870.0,86772000.0,63513000.0,67988000.0,64376000.0,43105000.0,51103000.0,11757000.0,30629000.0
20231123,-4254480.0,18673650.0,15537230.0,15462800.0,14344760.0,10599730.0,13172430.0,1878550.0,3560330.0,70426000.0,58579000.0,58309000.0,54096000.0,39976000.0,49690000.0,7079000.0,13426000.0
20231124,-2835030.0,19268440.0,16188250.0,13705630.0,13950800.0,7583990.0,9500080.0,1845730.0,2764670.0,73055000.0,61370000.0,51956000.0,52877000.0,28751000.0,36025000.0,7006000.0,10496000.0
20231127,-11157670.0,34941250.0,27599940.0,31843000.0,28026630.0,16430710.0,21278300.0,7964670.0,14274750.0,136150000.0,107524000.0,124034000.0,109143000.0,64004000.0,82903000.0,31005000.0,55623000.0
20231128,-3695520.0,19862760.0,14779270.0,13521640.0,14909600.0,6681460.0,9076160.0,1928790.0,3229610.0,77598000.0,57724000.0,52824000.0,58251000.0,26109000.0,35471000.0,7533000.0,12618000.0
20231129,-16359370.0,34314930.0,19163900.0,25057810.0,23849470.0,15212240.0,24322720.0,2748640.0,9997530.0,136595000.0,76253000.0,99772000.0,94942000.0,60562000.0,96854000.0,10941000.0,39821000.0
20231130,-15365320.0,33657420.0,19290680.0,26392910.0,25394320.0,17292020.0,29856850.0,9535350.0,12335840.0,136640000.0,78215000.0,107131000.0,103030000.0,70222000.0,121372000.0,38859000.0,50236000.0
20231201,-8703130.0,36097140.0,26248050.0,28080610.0,29226590.0,14009050.0,20539120.0,6106160.0,8279220.0,149484000.0,108629000.0,116296000.0,120977000.0,58003000.0,85093000.0,25278000.0,34362000.0
20231204,-5318340.0,22584870.0,19023230.0,18504190.0,16747490.0,10611050.0,12954500.0,1263700.0,4238590.0,93038000.0,78338000.0,76240000.0,68962000.0,43732000.0,53437000.0,5201000.0,17475000.0
20231205,-5796830.0,27559440.0,24022660.0,26057590.0,23797550.0,15928000.0,15871450.0,6199970.0,12053350.0,115703000.0,100800000.0,109348000.0,99808000.0,66874000.0,66723000.0,26033000.0,50627000.0
20231206,168780.0,30400480.0,28038100.0,26327930.0,28859090.0,18828660.0,19435390.0,7944290.0,7168780.0,127401000.0,117514000.0,110393000.0,120958000.0,78897000.0,81437000.0,33216000.0,29998000.0
20231207,-8205360.0,27163680.0,20222350.0,21305950.0,20041920.0,9908650.0,14205590.0,2266110.0,6174530.0,115710000.0,86095000.0,90745000.0,85321000.0,42190000.0,60519000.0,9643000.0,26354000.0
20231208,2072940.0,26647430.0,26272900.0,21523140.0,23970620.0,15645420.0,14182850.0,8650910.0,8040540.0,112826000.0,111224000.0,91109000.0,101486000.0,66253000.0,60047000.0,36600000.0,34031000.0
20231211,-367190.0,35871450.0,33785350.0,28940190.0,30659090.0,16499260.0,18518850.0,8300750.0,6648350.0,154772000.0,145624000.0,124856000.0,132193000.0,71117000.0,80003000.0,35895000.0,28820000.0
20231212,725350.0,18801680.0,19675690.0,15316330.0,15167660.0,10236760.0,9091420.0,2261470.0,2681460.0,79774000.0,83480000.0,64961000.0,64318000.0,43424000.0,38563000.0,9587000.0,11384000.0
20231213,-3433730.0,25986740.0,23418780.0,20761430.0,19895650.0,10916800.0,15246300.0,4637800.0,3742030.0,112789000.0,101602000.0,90100000.0,86299000.0,47375000.0,66232000.0,20093000.0,16225000.0
20231214,-2366160.0,22108910.0,18742100.0,15738510.0,16739170.0,9380200.0,10968750.0,1563960.0,2341570.0,96111000.0,81496000.0,68386000.0,72681000.0,40711000.0,47621000.0,6783000.0,10194000.0
20231215,3427400.0,28322860.0,29259360.0,24488610.0,26979500.0,15360010.0,13647150.0,12270250.0,10555710.0,122962000.0,126871000.0,106195000.0,116952000.0,66526000.0,59186000.0,53546000.0,46219000.0
20231218,-3598900.0,20135760.0,17323910.0,18070760.0,17283690.0,8905120.0,10796050.0,1501880.0,3209850.0,89269000.0,76727000.0,80043000.0,76592000.0,39479000.0,47864000.0,6637000.0,14245000.0
20231219,2126310.0,21117810.0,21458170.0,17271140.0,19057090.0,11642820.0,10652690.0,2636970.0,1500790.0,93284000.0,94727000.0,76250000.0,84075000.0,51359000.0,47031000.0,11572000.0,6631000.0
20231220,2929500.0,14330880.0,16534930.0,10726150.0,11451610.0,7172170.0,5050280.0,1892980.0,1085370.0,63268000.0,72991000.0,47348000.0,50539000.0,31648000.0,22290000.0,8351000.0,4797000.0
20231221,9021430.0,47760320.0,51119060.0,42508770.0,48171450.0,29652200.0,25505570.0,11718140.0,6843340.0,206223000.0,220662000.0,183561000.0,207997000.0,127944000.0,110075000.0,50499000.0,29493000.0
20231222,-2163590.0,40306660.0,35266710.0,33206570.0,36082930.0,21566070.0,22314320.0,6079390.0,7494730.0,171269000.0,149854000.0,140959000.0,153334000.0,91555000.0,94589000.0,25735000.0,31741000.0
20231225,-1853160.0,21229120.0,20204860.0,17441750.0,16612830.0,9538110.0,10201640.0,2176490.0,3366120.0,89761000.0,85400000.0,73730000.0,70202000.0,40294000.0,43127000.0,9178000.0,14233000.0
20231226,-1613650.0,17555700.0,15503650.0,13981880.0,14420280.0,7273260.0,8972600.0,1805110.0,1719420.0,74236000.0,65555000.0,59118000.0,60970000.0,30747000.0,37933000.0,7625000.0,7268000.0
20231227,-4884780.0,21791650.0,20454310.0,22056090.0,18508660.0,10961100.0,13396900.0,2395030.0,4844010.0,92818000.0,87095000.0,93966000.0,78815000.0,46671000.0,57073000.0,10202000.0,20673000.0
20231228,15327270.0,67247660.0,74971370.0,68542180.0,76145740.0,55861820.0,54528080.0,28845450.0,14851920.0,270027000.0,301363000.0,275763000.0,306185000.0,224679000.0,219204000.0,115736000.0,59453000.0
20231229,-6408230.0,40322910.0,36129700.0,40764530.0,38549510.0,28359880.0,28672040.0,9268340.0,15364410.0,160642000.0,143903000.0,162367000.0,153493000.0,112885000.0,114193000.0,36945000.0,61250000.0
20240102,-4679060.0,26290170.0,23908300.0,25514320.0,23217110.0,14596220.0,16867200.0,2379520.0,4787600.0,106110000.0,96461000.0,102976000.0,93672000.0,58919000.0,68121000.0,9622000.0,19374000.0
20240103,2216440.0,23929220.0,28353050.0,27504230.0,25296840.0,13979430.0,12673810.0,3450790.0,2539970.0,96305000.0,114092000.0,110681000.0,101747000.0,56211000.0,51003000.0,13871000.0,10226000.0
20240104,-1466310.0,28663770.0,29587770.0,21819800.0,19429480.0,13047690.0,13272900.0,6515260.0,7756360.0,117396000.0,121250000.0,89314000.0,79519000.0,53424000.0,54294000.0,26664000.0,31735000.0
20240105,1266910.0,25866670.0,26095070.0,21134310.0,22172820.0,14500690.0,12967840.0,3884590.0,4150530.0,106541000.0,107339000.0,86975000.0,91139000.0,59682000.0,53517000.0,15948000.0,17151000.0
20240108,389940.0,24304440.0,25094860.0,22615630.0,22215150.0,13725890.0,15723530.0,6348850.0,3961270.0,100797000.0,104085000.0,93769000.0,92096000.0,56903000.0,65204000.0,26369000.0,16453000.0
20240109,8956480.0,35186550.0,41856730.0,38363650.0,40649940.0,30211550.0,23469010.0,9144730.0,6930790.0,143784000.0,170796000.0,156732000.0,165947000.0,122998000.0,95740000.0,37258000.0,28290000.0
20240110,7579440.0,31389900.0,40206370.0,37452990.0,36215960.0,29704750.0,25030860.0,11692070.0,8786520.0,126049000.0,161307000.0,150410000.0,145365000.0,119159000.0,100432000.0,46819000.0,35332000.0
20240111,-5883260.0,38194540.0,33169510.0,36495710.0,35637470.0,23111930.0,28613800.0,6791640.0,7173030.0,152395000.0,132289000.0,145564000.0,142146000.0,92237000.0,114169000.0,26992000.0,28584000.0
20240112,11798580.0,48327860.0,59747040.0,61660180.0,62039580.0,53065430.0,51012340.0,24215640.0,14470150.0,186253000.0,230120000.0,237729000.0,238996000.0,204458000.0,196327000.0,92863000.0,55860000.0
20240115,-2831800.0,34327170.0,33813920.0,39459740.0,37141190.0,25992000.0,26011540.0,7562490.0,10374750.0,132355000.0,130236000.0,151865000.0,142981000.0,100125000.0,100201000.0,29112000.0,40039000.0
20240116,-1939250.0,38208100.0,36755670.0,34114480.0,33627670.0,20646790.0,21341910.0,6355550.0,7599680.0,147861000.0,142080000.0,131955000.0,130014000.0,79795000.0,82575000.0,24515000.0,29457000.0
20240117,-7362650.0,32096930.0,26841760.0,22821490.0,20714010.0,13864370.0,17007630.0,4465530.0,8684920.0,125585000.0,104988000.0,89272000.0,81028000.0,54245000.0,66547000.0,17512000.0,34052000.0
20240118,15600630.0,67295620.0,79643190.0,70758850.0,74011900.0,55370500.0,54695210.0,32688270.0,17762930.0,257950000.0,305108000.0,271358000.0,283798000.0,212118000.0,209452000.0,124801000.0,67868000.0
20240119,-9034600.0,52054890.0,46921650.0,48867600.0,44966240.0,28540390.0,32170030.0,8709200.0,14114160.0,197448000.0,177827000.0,184874000.0,170103000.0,107951000.0,121712000.0,32926000.0,53557000.0
20240122,-5817420.0,60529180.0,51909210.0,47919010.0,50721550.0,28289730.0,31024620.0,10105730.0,13188260.0,232040000.0,198735000.0,183786000.0,194497000.0,108409000.0,119066000.0,38679000.0,50617000.0
20240123,1292410.0,47577060.0,47083250.0,47824440.0,49610660.0,32919220.0,30399790.0,9582890.0,10809910.0,180353000.0,178292000.0,181107000.0,187827000.0,124569000.0,115074000.0,36074000.0,40910000.0
20240124,3046060.0,51797690.0,54739020.0,46073210.0,46177950.0,29504240.0,29657990.0,10686990.0,7487180.0,200695000.0,212223000.0,178428000.0,178814000.0,114248000.0,114874000.0,41507000.0,28967000.0
20240125,11338300.0,47178310.0,64145060.0,50721610.0,45093160.0,37581610.0,30003920.0,12828670.0,9068060.0,182682000.0,247884000.0,196169000.0,174474000.0,145194000.0,116042000.0,49475000.0,35120000.0
20240126,2436870.0,33452160.0,34758240.0,30989120.0,32119910.0,22889830.0,21932290.0,7400050.0,5920720.0,128125000.0,133022000.0,118632000.0,122913000.0,87558000.0,83974000.0,28314000.0,22720000.0
20240129,-11130710.0,51623930.0,40866810.0,51690210.0,51316630.0,37910230.0,40677210.0,10259910.0,18623640.0,207686000.0,164677000.0,207961000.0,206368000.0,152651000.0,163557000.0,41403000.0,75100000.0
20240130,-1603700.0,38208840.0,38487800.0,31717410.0,29834740.0,17119050.0,17261860.0,5311060.0,6771950.0,157397000.0,158554000.0,130680000.0,122864000.0,70595000.0,71165000.0,21913000.0,28002000.0
20240131,-3721740.0,35897000.0,32245040.0,30495260.0,30425480.0,20025410.0,20309750.0,2741310.0,6178710.0,151895000.0,136340000.0,128920000.0,128574000.0,84821000.0,86091000.0,11643000.0,26275000.0
20240201,1605630.0,58440940.0,53343420.0,51601370.0,58304520.0,45982570.0,49319730.0,18716900.0,13774110.0,235376000.0,214907000.0,208017000.0,235117000.0,185474000.0,198904000.0,75611000.0,55550000.0
20240202,-1229860.0,47407520.0,43960510.0,36714500.0,38931650.0,21067970.0,23120490.0,8223270.0,7400610.0,196579000.0,182103000.0,152051000.0,161279000.0,87317000.0,95920000.0,34092000.0,30737000.0
20240205,-3911680.0,46759380.0,40555440.0,33017940.0,35310200.0,15704080.0,19130460.0,4232640.0,4717940.0,196526000.0,170206000.0,138588000.0,148234000.0,65900000.0,80387000.0,17733000.0,19919000.0
20240206,1200380.0,47825520.0,45364050.0,39955170.0,43617030.0,31906760.0,29856130.0,9896130.0,10746380.0,192994000.0,183212000.0,161657000.0,176411000.0,128934000.0,120567000.0,39865000.0,43259000.0
20240207,-2557500.0,48941420.0,46746150.0,48788870.0,48426650.0,26974400.0,29468790.0,9317790.0,9380900.0,192134000.0,183370000.0,191669000.0,190254000.0,105856000.0,115711000.0,36469000.0,36792000.0
20240208,-4056680.0,40432940.0,38425260.0,38396230.0,36347230.0,23619670.0,26598460.0,9443010.0,10520900.0,155823000.0,148058000.0,147974000.0,140070000.0,91001000.0,102502000.0,36350000.0,40518000.0
20240219,-2420040.0,28583370.0,26496070.0,26978350.0,26645610.0,15522030.0,18149910.0,6504730.0,6296890.0,110241000.0,102153000.0,103994000.0,102743000.0,59834000.0,69981000.0,25056000.0,24247000.0
20240220,-4809660.0,24182130.0,23544930.0,28316430.0,24143960.0,13484480.0,18021340.0,2695980.0,2968780.0,94713000.0,92188000.0,110893000.0,94540000.0,52793000.0,70573000.0,10540000.0,11639000.0
20240221,-1653080.0,36249480.0,36029260.0,34979470.0,33546610.0,24140100.0,25342840.0,7245330.0,7695670.0,139411000.0,138584000.0,134636000.0,129027000.0,92702000.0,97258000.0,27702000.0,29581000.0
20240222,-3949760.0,26660020.0,23773580.0,29113290.0,28049980.0,17835230.0,20265030.0,6192500.0,7712460.0,101560000.0,90483000.0,110814000.0,106719000.0,67842000.0,77166000.0,23591000.0,29439000.0
20240223,-1591140.0,27957580.0,27998220.0,30567020.0,28935250.0,21723940.0,25392920.0,8122720.0,6044880.0,106021000.0,106077000.0,115732000.0,109555000.0,82188000.0,96160000.0,30726000.0,22874000.0
20240226,-3271920.0,29320500.0,26506640.0,27374640.0,26916590.0,15160440.0,16311620.0,5485770.0,7606510.0,112444000.0,101622000.0,104966000.0,103163000.0,58125000.0,62516000.0,20983000.0,29217000.0
20240227,4673900.0,25513270.0,26603700.0,24615390.0,28198860.0,18413520.0,18545430.0,11121770.0,6315960.0,98161000.0,102277000.0,94662000.0,108366000.0,70732000.0,71254000.0,42641000.0,24300000.0
20240228,-663300.0,45309320.0,44056470.0,46784490.0,47374040.0,36105700.0,38618320.0,12032530.0,10183210.0,170315000.0,165263000.0,175429000.0,177594000.0,135293000.0,144767000.0,44915000.0,38328000.0
20240229,552920.0,31783870.0,29744430.0,30128630.0,32721000.0,23330930.0,23911990.0,9749430.0,8615450.0,120979000.0,113127000.0,114694000.0,124501000.0,88727000.0,90961000.0,36991000.0,32803000.0
20240301,-2615320.0,33150580.0,32669630.0,36029790.0,33895430.0,25846390.0,27584900.0,12055200.0,12932010.0,124703000.0,122789000.0,135518000.0,127483000.0,97148000.0,103743000.0,45261000.0,48614000.0
20240304,3289860.0,45905450.0,50092480.0,54122450.0,53225290.0,44427590.0,43617260.0,21625860.0,19146330.0,168896000.0,184101000.0,199088000.0,195642000.0,163410000.0,160347000.0,79151000.0,70455000.0
20240305,-3507550.0,43120810.0,35471160.0,42478990.0,46621080.0,26704720.0,27407620.0,6852420.0,9657070.0,159590000.0,131288000.0,157180000.0,172500000.0,98801000.0,101390000.0,25344000.0,35737000.0
20240306,13672430.0,41494640.0,41987730.0,48255010.0,61434340.0,37417400.0,29466020.0,18135790.0,12414740.0,151588000.0,153287000.0,176048000.0,224049000.0,136302000.0,107455000.0,65839000.0,44985000.0
20240307,-7628050.0,41237250.0,30840640.0,43124340.0,45892900.0,30360390.0,28493310.0,9036580.0,18531710.0,153188000.0,114771000.0,160187000.0,170431000.0,112801000.0,105770000.0,33553000.0,68758000.0
20240308,1711650.0,34252480.0,30846040.0,42991590.0,48109690.0,32485590.0,26807800.0,9468650.0,13434790.0,126808000.0,114024000.0,158940000.0,177695000.0,119989000.0,99101000.0,34926000.0,49843000.0
20240311,15398530.0,43618700.0,51057970.0,62907570.0,70866830.0,49950910.0,43807290.0,27769470.0,18514560.0,159513000.0,186316000.0,229758000.0,258551000.0,182072000.0,159866000.0,100983000.0,67594000.0
20240312,7370350.0,38208560.0,41998850.0,49608080.0,53188140.0,42462430.0,40210190.0,19594120.0,14476010.0,137336000.0,150715000.0,178186000.0,190991000.0,152404000.0,144430000.0,70206000.0,51996000.0
20240313,-8091140.0,32235890.0,25080150.0,30156870.0,29221480.0,23031360.0,23121940.0,4838480.0,12839040.0,116657000.0,90746000.0,109102000.0,105690000.0,83309000.0,83647000.0,17476000.0,46462000.0
20240314,-12700090.0,46139220.0,38598030.0,44319500.0,39160600.0,29024480.0,31876770.0,8465820.0,18313620.0,170844000.0,143074000.0,164040000.0,144987000.0,107472000.0,117969000.0,31312000.0,67638000.0
20240315,-5455630.0,29011760.0,22871530.0,26598390.0,27282990.0,15777910.0,18631470.0,4049210.0,6651280.0,109943000.0,86671000.0,100769000.0,103348000.0,59746000.0,70585000.0,15339000.0,25192000.0
20240318,-6243580.0,26188340.0,22299290.0,31510820.0,29156290.0,22643310.0,23129640.0,5811400.0,11568650.0,98233000.0,83618000.0,118171000.0,109320000.0,84875000.0,86745000.0,21789000.0,43385000.0
20240319,-8174450.0,29579100.0,24506660.0,29656610.0,26554610.0,20861760.0,23743750.0,5847600.0,11140060.0,111266000.0,92175000.0,111374000.0,99762000.0,78303000.0,89114000.0,21995000.0,41887000.0
20240320,-2589580.0,21882660.0,20089060.0,19096280.0,18300290.0,13196860.0,13986240.0,3863190.0,5663390.0,82935000.0,76109000.0,72359000.0,69335000.0,50009000.0,53017000.0,14635000.0,21476000.0
20240321,-5162160.0,23880720.0,19362780.0,22555000.0,21910780.0,11248490.0,14749530.0,3009660.0,4670780.0,91313000.0,74052000.0,86258000.0,83785000.0,43002000.0,56375000.0,11511000.0,17872000.0
20240322,-9927760.0,29966850.0,21188700.0,25052700.0,23903100.0,15024860.0,18845410.0,2777470.0,8884680.0,117035000.0,82778000.0,97824000.0,93328000.0,58630000.0,73561000.0,10841000.0,34663000.0
20240325,-577040.0,17625800.0,16786050.0,15838760.0,16101460.0,9421620.0,10346930.0,2677610.0,2329340.0,69152000.0,65830000.0,62118000.0,63152000.0,36936000.0,40582000.0,10499000.0,9141000.0
20240326,-1517630.0,21092570.0,18712890.0,20074800.0,20936850.0,14443240.0,16850180.0,3895850.0,3006540.0,83273000.0,73804000.0,79200000.0,82640000.0,56946000.0,66476000.0,15372000.0,11871000.0
20240327,-7505340.0,24917960.0,19136970.0,22275060.0,20550720.0,12819340.0,19611680.0,3980140.0,4693140.0,100043000.0,76833000.0,89412000.0,82476000.0,51431000.0,78728000.0,15988000.0,18837000.0
20240328,-463130.0,19903960.0,19319780.0,17548210.0,17669260.0,10535730.0,10570740.0,3837340.0,4265460.0,80328000.0,77974000.0,70832000.0,71289000.0,42495000.0,42649000.0,15456000.0,17200000.0
20240329,5582290.0,14626570.0,19888960.0,16229600.0,16549500.0,12635350.0,9156370.0,4863510.0,2760200.0,58840000.0,80026000.0,65284000.0,66560000.0,50829000.0,36820000.0,19550000.0,11097000.0
20240401,-1165420.0,26949470.0,24833550.0,30306620.0,31257120.0,22582890.0,24119030.0,5964000.0,5593280.0,107148000.0,98743000.0,120482000.0,124258000.0,89778000.0,95877000.0,23729000.0,22258000.0
20240402,-2726130.0,21514310.0,17882070.0,20910180.0,21816290.0,15914150.0,18196470.0,5657530.0,6101340.0,85456000.0,71012000.0,83066000.0,86660000.0,63214000.0,72315000.0,22494000.0,24244000.0
20240403,105680.0,16718610.0,17541420.0,23270950.0,22553820.0,17429880.0,17455620.0,3538960.0,3407540.0,66295000.0,69515000.0,92241000.0,89414000.0,69102000.0,69204000.0,14036000.0,13542000.0
20240408,-18680750.0,40708130.0,26623990.0,39232280.0,34635680.0,23045890.0,35847290.0,7925610.0,13804960.0,166691000.0,109000000.0,160442000.0,141658000.0,94244000.0,146680000.0,32478000.0,56515000.0
20240409,-8246870.0,23086840.0,17312260.0,21610540.0,19138250.0,16430760.0,19952170.0,4618160.0,9343620.0,94911000.0,71111000.0,88851000.0,78678000.0,67511000.0,82060000.0,19001000.0,38424000.0
20240410,-3676430.0,20366720.0,16656320.0,16581240.0,16615210.0,10729990.0,12284630.0,2405240.0,4527030.0,84654000.0,69224000.0,68926000.0,69051000.0,44622000.0,51066000.0,10009000.0,18870000.0
20240411,-831310.0,17009550.0,15339830.0,12909050.0,13747460.0,7958850.0,7304440.0,1521530.0,3007250.0,71320000.0,64278000.0,54125000.0,57638000.0,33382000.0,30669000.0,6370000.0,12612000.0
20240412,-7291360.0,23580190.0,19432110.0,20957440.0,17814160.0,13511320.0,15940550.0,3572670.0,8434800.0,100716000.0,83021000.0,89504000.0,76089000.0,57710000.0,68095000.0,15303000.0,36028000.0
20240415,-467410.0,23265340.0,20485120.0,17941390.0,20254180.0,10182540.0,10358430.0,1255950.0,1547470.0,98690000.0,86875000.0,76115000.0,85904000.0,43164000.0,43944000.0,5324000.0,6571000.0
20240416,-2267350.0,21285860.0,20510350.0,15997360.0,14505530.0,7305100.0,8496570.0,1400080.0,2475960.0,91135000.0,87809000.0,68513000.0,62119000.0,31287000.0,36409000.0,6008000.0,10606000.0
20240417,3763970.0,22401560.0,23573310.0,19003540.0,21595760.0,13470960.0,10095660.0,3129000.0,2740330.0,94366000.0,99327000.0,80067000.0,90985000.0,56746000.0,42513000.0,13166000.0,11520000.0
20240418,-4550280.0,21867660.0,17005240.0,17593270.0,17905420.0,11440540.0,15271610.0,2179030.0,2898240.0,91626000.0,71257000.0,73765000.0,75040000.0,47969000.0,64015000.0,9110000.0,12158000.0
20240419,-10234570.0,29481800.0,23725760.0,25293690.0,20815170.0,15034400.0,14951010.0,2594450.0,12912410.0,127084000.0,102241000.0,108998000.0,89643000.0,64824000.0,64405000.0,11171000.0,55788000.0
20240422,-465430.0,20571990.0,20793490.0,20801940.0,20115000.0,13016600.0,14326720.0,4009740.0,3165050.0,87734000.0,88656000.0,88675000.0,85687000.0,55440000.0,61063000.0,17092000.0,13535000.0
20240423,-8472550.0,26116350.0,18321970.0,18797430.0,18119270.0,9891810.0,12830530.0,2753480.0,8287310.0,113401000.0,79500000.0,81652000.0,78620000.0,42964000.0,55792000.0,12009000.0,36114000.0
20240424,-22206310.0,44712700.0,27665370.0,42767170.0,37608190.0,24654080.0,33413340.0,6677790.0,20124840.0,203942000.0,126108000.0,195023000.0,171434000.0,112536000.0,152560000.0,30519000.0,91918000.0
20240425,-19786640.0,41333790.0,26495330.0,40845380.0,35897190.0,23123430.0,29132540.0,5961700.0,19739230.0,192621000.0,123357000.0,190292000.0,167268000.0,107763000.0,135704000.0,27842000.0,92189000.0
20240426,-9031240.0,35325150.0,28582100.0,35001640.0,32713440.0,24313830.0,26047000.0,7296330.0,14594400.0,163783000.0,132580000.0,162494000.0,151884000.0,112808000.0,120967000.0,33881000.0,67536000.0
20240429,-2301190.0,38629480.0,36026670.0,31283520.0,31585140.0,22721150.0,21426680.0,9926930.0,13522590.0,173640000.0,161690000.0,140627000.0,141996000.0,102052000.0,96362000.0,44604000.0,60876000.0
20240430,-3913230.0,48694790.0,43024100.0,54446260.0,56203730.0,44338130.0,49160240.0,26338320.0,25429440.0,224231000.0,197897000.0,250155000.0,258286000.0,203633000.0,225742000.0,120984000.0,117078000.0
20240506,2168070.0,32823290.0,35363210.0,33523770.0,33151920.0,28806870.0,33613260.0,17372900.0,10398440.0,148802000.0,160405000.0,151965000.0,150298000.0,130607000.0,152389000.0,78820000.0,47104000.0
20240507,9991090.0,25974900.0,32107410.0,29574550.0,33433120.0,23896670.0,17171740.0,7544210.0,4278050.0,116850000.0,144353000.0,133000000.0,150298000.0,107437000.0,77249000.0,33840000.0,19227000.0
20240508,-2364470.0,21344860.0,21371800.0,23201560.0,20810150.0,13753020.0,14871130.0,5976180.0,7222540.0,95633000.0,95734000.0,103979000.0,93224000.0,61617000.0,66636000.0,26757000.0,32391000.0
20240509,2502810.0,34676750.0,36693440.0,37039380.0,37525500.0,24851200.0,26233870.0,13029250.0,9143770.0,151954000.0,160771000.0,162329000.0,164425000.0,108910000.0,114891000.0,56884000.0,39990000.0
20240510,-2128820.0,20280100.0,19976370.0,21415230.0,19590160.0,12459280.0,13258730.0,4133770.0,5463140.0,90114000.0,88771000.0,95152000.0,87047000.0,55364000.0,58902000.0,18362000.0,24273000.0
20240513,716810.0,29708440.0,33243190.0,35558680.0,32740740.0,21712780.0,20312760.0,5179200.0,5862410.0,130108000.0,145542000.0,155727000.0,143332000.0,95022000.0,88947000.0,22647000.0,25684000.0
20240514,-2199500.0,21838290.0,20909480.0,20380440.0,19109740.0,12533050.0,12786960.0,3545190.0,5490780.0,96549000.0,92443000.0,90079000.0,84454000.0,55385000.0,56487000.0,15680000.0,24309000.0
20240515,-2399980.0,17771910.0,16893230.0,19717870.0,18196570.0,11647230.0,12676980.0,4053440.0,5423670.0,79567000.0,75618000.0,88298000.0,81497000.0,52158000.0,56772000.0,18184000.0,24320000.0
20240516,33850.0,15814540.0,18795730.0,21030220.0,18082900.0,10620490.0,10076810.0,2502650.0,3012480.0,71000000.0,84367000.0,94418000.0,81182000.0,47660000.0,45246000.0,11252000.0,13536000.0
20240517,-9535620.0,29903470.0,22255630.0,28435100.0,26547310.0,20051630.0,27317960.0,6967510.0,9236800.0,137202000.0,102126000.0,130437000.0,121779000.0,92016000.0,125391000.0,31982000.0,42341000.0
20240520,-7118350.0,23215920.0,20196270.0,21420980.0,17322270.0,12151180.0,17273500.0,1855890.0,3851920.0,106015000.0,92222000.0,97780000.0,79043000.0,55437000.0,78849000.0,8463000.0,17581000.0
20240521,-3035360.0,21239900.0,16060000.0,19846590.0,21991130.0,11692780.0,13444000.0,2368310.0,3652450.0,98967000.0,74828000.0,92484000.0,102486000.0,54500000.0,62644000.0,11037000.0,17030000.0
20240522,38513190.0,63432160.0,91373090.0,92349340.0,102921610.0,84575190.0,83805590.0,84402060.0,46658470.0,278852000.0,400951000.0,406281000.0,451331000.0,372038000.0,367636000.0,364268000.0,201521000.0
20240523,-15010710.0,52616030.0,43020230.0,65439920.0,60025000.0,55223180.0,57711430.0,18275510.0,30797970.0,229782000.0,187587000.0,285554000.0,261861000.0,241025000.0,252053000.0,79691000.0,134550000.0
20240524,-815950.0,31925460.0,31651890.0,35121760.0,34579370.0,22320460.0,24447160.0,9010980.0,7700230.0,138966000.0,137776000.0,152821000.0,150465000.0,97049000.0,106194000.0,39159000.0,33559000.0
20240527,-7783670.0,32457350.0,29218170.0,30427790.0,25883300.0,15719480.0,20746970.0,4308240.0,7064420.0,146486000.0,131876000.0,137163000.0,116626000.0,70915000.0,93656000.0,19472000.0,31879000.0
20240528,-1825740.0,23579250.0,23798010.0,24626670.0,22582180.0,15039430.0,14646740.0,4740960.0,6959390.0,107003000.0,107931000.0,111696000.0,102420000.0,68205000.0,66445000.0,21572000.0,31680000.0
20240529,7611220.0,51219090.0,56066770.0,62616840.0,65380380.0,55056250.0,53915450.0,23382810.0,16912390.0,220653000.0,241490000.0,269703000.0,281523000.0,236923000.0,232080000.0,100734000.0,72920000.0
20240530,15745590.0,37749130.0,48161430.0,49554070.0,54887360.0,50496970.0,48016820.0,27980120.0,14714680.0,160352000.0,204304000.0,210241000.0,232756000.0,214009000.0,203624000.0,118463000.0,62381000.0
20240531,-6378030.0,29636320.0,25735210.0,31225990.0,28749070.0,20105670.0,20300370.0,8425230.0,14608560.0,127459000.0,110604000.0,134248000.0,123579000.0,86346000.0,87218000.0,36397000.0,63049000.0
20240603,4192770.0,26407880.0,28752140.0,26963110.0,28811620.0,20185480.0,18325890.0,6138050.0,3804870.0,114907000.0,125021000.0,117305000.0,125311000.0,87750000.0,79771000.0,26711000.0,16570000.0
20240604,3694740.0,20915210.0,24371950.0,22723240.0,22961250.0,16436060.0,14627900.0,7071620.0,5185040.0,91050000.0,106033000.0,98874000.0,99856000.0,71478000.0,63623000.0,30652000.0,22541000.0
20240605,-2793860.0,16811970.0,17257750.0,18652260.0,15412620.0,12019440.0,12940920.0,2237530.0,4109910.0,73395000.0,75285000.0,81403000.0,67254000.0,52467000.0,56525000.0,9766000.0,17966000.0
20240606,-7296780.0,30323900.0,25034490.0,31322670.0,29315310.0,24610640.0,27579000.0,8370040.0,12698460.0,135052000.0,111206000.0,139595000.0,130330000.0,109581000.0,123071000.0,37389000.0,57011000.0
20240607,-4061910.0,29080290.0,25181680.0,25518690.0,25355400.0,13507780.0,16578750.0,2672530.0,3663470.0,133239000.0,115411000.0,116907000.0,116161000.0,61861000.0,75947000.0,12259000.0,16747000.0
20240611,1724470.0,17396000.0,19577620.0,15561460.0,15104320.0,8834270.0,9152750.0,3058110.0,1015160.0,79712000.0,89632000.0,71245000.0,69157000.0,40425000.0,41915000.0,13976000.0,4655000.0
20240612,-975990.0,15667270.0,15969980.0,15495980.0,14217280.0,9327400.0,9168620.0,1156400.0,2291170.0,71798000.0,73164000.0,70995000.0,65147000.0,42731000.0,42017000.0,5290000.0,10486000.0
20240613,-2206180.0,19262550.0,17230910.0,18072460.0,17897930.0,8571540.0,10095750.0,1179270.0,1861240.0,88920000.0,79531000.0,83430000.0,82622000.0,39570000.0,46621000.0,5454000.0,8600000.0
20240614,-698290.0,20889800.0,20368430.0,19981410.0,19804480.0,10812250.0,12296920.0,3951510.0,3165130.0,100543000.0,97967000.0,96146000.0,95252000.0,52013000.0,59159000.0,18907000.0,15230000.0
20240617,-3698620.0,16852030.0,14407270.0,16604660.0,15350800.0,6661910.0,9111110.0,1152840.0,2402260.0,81279000.0,69415000.0,80030000.0,74001000.0,32145000.0,43976000.0,5551000.0,11614000.0
20240618,-2129170.0,15385960.0,14809320.0,16746670.0,15194140.0,7393090.0,8113990.0,1359380.0,2767650.0,73790000.0,70995000.0,80310000.0,72830000.0,35416000.0,38890000.0,6503000.0,13304000.0
20240619,-5209270.0,19316610.0,17789120.0,22138650.0,18456870.0,7399550.0,12421000.0,1497810.0,1685630.0,94394000.0,86926000.0,108125000.0,90158000.0,36161000.0,60671000.0,7322000.0,8248000.0
20240620,-6631610.0,16488910.0,15189790.0,22226300.0,16893800.0,8432280.0,12565170.0,1194380.0,3693100.0,81514000.0,75045000.0,109881000.0,83484000.0,41649000.0,62117000.0,5889000.0,18288000.0
20240621,5890350.0,29527150.0,38428220.0,41410250.0,38399530.0,25112760.0,23293470.0,18360890.0,14289830.0,140657000.0,182998000.0,197351000.0,182938000.0,119629000.0,110953000.0,87475000.0,68223000.0
20240624,-5791510.0,25127980.0,23247660.0,24041250.0,20130070.0,8868150.0,12451360.0,1508690.0,3716990.0,122651000.0,113488000.0,117384000.0,98232000.0,43272000.0,60793000.0,7362000.0,18156000.0
20240625,-4447770.0,25704950.0,21369950.0,21319890.0,21207130.0,10665450.0,15083580.0,3588330.0,3617970.0,129289000.0,107390000.0,107298000.0,106723000.0,53606000.0,75882000.0,18018000.0,18216000.0
20240626,-134950.0,16681420.0,15908030.0,14542730.0,15181170.0,7173290.0,7473500.0,1252350.0,1087090.0,85194000.0,81174000.0,74285000.0,77580000.0,36656000.0,38269000.0,6443000.0,5555000.0
20240627,-1888730.0,15422050.0,14416580.0,11426790.0,10543520.0,5019760.0,6318410.0,956640.0,1546720.0,79117000.0,73951000.0,58599000.0,54068000.0,25752000.0,32414000.0,4907000.0,7941000.0
20240628,-4793590.0,19046920.0,15120400.0,16635950.0,15768870.0,7679180.0,9427370.0,385010.0,3430410.0,98578000.0,78259000.0,86174000.0,81586000.0,39689000.0,48823000.0,1993000.0,17765000.0
20240701,-6235690.0,19095100.0,14967270.0,15603440.0,13495580.0,6765550.0,11553240.0,1718390.0,3166390.0,101434000.0,79378000.0,82853000.0,71610000.0,35917000.0,61432000.0,9102000.0,16885000.0
20240702,-5207790.0,18969060.0,15663460.0,18521170.0,16618990.0,9526050.0,10626810.0,1402630.0,5509660.0,102441000.0,84579000.0,100100000.0,89833000.0,51512000.0,57429000.0,7623000.0,29835000.0
20240703,-7628810.0,22756730.0,16440710.0,21770480.0,20457680.0,10088850.0,13817540.0,2060390.0,5960510.0,127089000.0,91768000.0,121580000.0,114171000.0,56320000.0,77164000.0,11503000.0,33388000.0
20240704,-2530170.0,24141110.0,21098770.0,20844630.0,21356790.0,10895280.0,13660420.0,6025990.0,5791020.0,138259000.0,120895000.0,119376000.0,122295000.0,62466000.0,78231000.0,34569000.0,33249000.0
20240705,1632290.0,23126070.0,23099090.0,17265680.0,18924960.0,9455950.0,11898030.0,6667780.0,2593410.0,131210000.0,130995000.0,98020000.0,107478000.0,53747000.0,67633000.0,37823000.0,14695000.0
20240708,-6994460.0,29856930.0,22283450.0,20687750.0,21266770.0,10059670.0,14935390.0,3808570.0,5927310.0,176328000.0,131692000.0,122002000.0,125321000.0,59304000.0,88118000.0,22416000.0,34919000.0
20240709,-4235300.0,30021810.0,25259510.0,22773750.0,23300740.0,11231510.0,14652820.0,4407620.0,5221610.0,182663000.0,153700000.0,138496000.0,141687000.0,68285000.0,89127000.0,26789000.0,31719000.0
20240710,-1001680.0,33991630.0,30878220.0,31744170.0,33855900.0,19426610.0,19073340.0,3194750.0,4549700.0,203449000.0,184550000.0,190089000.0,202842000.0,116293000.0,114347000.0,19101000.0,27194000.0
20240711,1859670.0,27057560.0,27935850.0,21996780.0,22978170.0,12506240.0,10357040.0,3139210.0,3428740.0,155880000.0,160813000.0,126721000.0,132382000.0,72022000.0,59719000.0,18075000.0,19784000.0
20240712,-1540320.0,21414450.0,17811930.0,14164230.0,16226430.0,8166330.0,9641030.0,1748770.0,1814390.0,123047000.0,102313000.0,81363000.0,93207000.0,46863000.0,55351000.0,10022000.0,10425000.0
20240715,-982030.0,20633350.0,17580440.0,11436530.0,13507400.0,4478850.0,6235110.0,1330010.0,555780.0,118218000.0,100701000.0,65529000.0,77380000.0,25654000.0,35748000.0,7610000.0,3182000.0
20240716,4644040.0,23980480.0,26744730.0,18506810.0,20386600.0,14713490.0,9382300.0,2415940.0,3103090.0,134622000.0,149974000.0,103666000.0,114270000.0,82406000.0,52617000.0,13450000.0,17282000.0
20240717,-3291900.0,28920290.0,24270970.0,18643800.0,20001210.0,8097210.0,9231390.0,3234050.0,5391770.0,158650000.0,133051000.0,102138000.0,109593000.0,44277000.0,50584000.0,17697000.0,29535000.0
20240718,-2747650.0,23506930.0,18770050.0,12651150.0,14640370.0,5711360.0,6981790.0,491580.0,1968800.0,131421000.0,104846000.0,70730000.0,81871000.0,31972000.0,39083000.0,2726000.0,11048000.0
20240719,-3486980.0,25479760.0,20851700.0,12358720.0,13499810.0,5706230.0,7603590.0,647300.0,2236920.0,140639000.0,115008000.0,68083000.0,74342000.0,31384000.0,41935000.0,3555000.0,12375000.0
20240722,-2006060.0,15931630.0,15495110.0,12352230.0,10782690.0,4829140.0,6619190.0,1334470.0,1550480.0,86539000.0,84130000.0,67093000.0,58559000.0,26198000.0,35943000.0,7236000.0,8434000.0
20240723,-3081680.0,16278120.0,12457540.0,9539850.0,10278740.0,4787410.0,6773370.0,1555670.0,2651390.0,89105000.0,68168000.0,52177000.0,56222000.0,26229000.0,37118000.0,8552000.0,14555000.0
20240724,-2921750.0,19157170.0,15494460.0,11990840.0,12731790.0,5285070.0,7077350.0,1167780.0,2297250.0,108479000.0,87725000.0,67905000.0,72067000.0,29931000.0,40112000.0,6645000.0,13056000.0
20240725,-1083870.0,20906260.0,21511330.0,15458370.0,13769450.0,6318120.0,6186030.0,315160.0,1531120.0,117583000.0,120975000.0,86884000.0,77340000.0,35443000.0,34722000.0,1752000.0,8625000.0
20240726,373290.0,13695790.0,13952320.0,7617110.0,7733870.0,3717690.0,3531100.0,823740.0,637040.0,77159000.0,78580000.0,42920000.0,43568000.0,20916000.0,19894000.0,4629000.0,3581000.0
20240729,-959050.0,12561930.0,12293650.0,8249270.0,7558510.0,2755030.0,3415650.0,336940.0,635370.0,71117000.0,69604000.0,46705000.0,42793000.0,15615000.0,19352000.0,1913000.0,3602000.0
20240730,-1566850.0,12812000.0,11619210.0,7117970.0,6743910.0,1473980.0,2750670.0,564760.0,854920.0,73059000.0,66279000.0,40612000.0,38466000.0,8397000.0,15677000.0,3218000.0,4865000.0
20240731,693010.0,22338410.0,21655000.0,16557510.0,17933930.0,9531440.0,9573790.0,2475150.0,1739790.0,124739000.0,121126000.0,92455000.0,100078000.0,53107000.0,53137000.0,13699000.0,9659000.0
20240801,-2590490.0,13063230.0,13278470.0,10626730.0,7820980.0,3981380.0,5130510.0,495460.0,1936820.0,72652000.0,73841000.0,59115000.0,43467000.0,22132000.0,28537000.0,2751000.0,10805000.0
20240802,-1851000.0,16092230.0,13305800.0,7880790.0,8816220.0,2052900.0,3586740.0,416290.0,733450.0,89907000.0,74344000.0,44037000.0,49256000.0,11465000.0,20043000.0,2329000.0,4095000.0
20240805,1182620.0,29832830.0,32629460.0,28774980.0,27160960.0,14616170.0,15479660.0,4833440.0,2787330.0,161354000.0,176306000.0,155569000.0,146802000.0,78879000.0,83634000.0,26026000.0,15086000.0
20240806,4057080.0,27515560.0,30673000.0,22384340.0,23283980.0,15707010.0,14230000.0,7086280.0,4506210.0,146348000.0,162970000.0,118927000.0,123575000.0,83314000.0,75619000.0,37489000.0,23914000.0
20240807,4531440.0,19052400.0,21939660.0,17258930.0,18903100.0,12771210.0,9589900.0,2354940.0,1004810.0,101092000.0,116142000.0,91323000.0,99991000.0,67311000.0,50666000.0,12368000.0,5294000.0
20240808,-948860.0,15181480.0,15739580.0,11721760.0,10214800.0,4195050.0,5013500.0,1098510.0,1228920.0,80083000.0,83015000.0,61822000.0,53848000.0,22117000.0,26459000.0,5784000.0,6484000.0
20240809,-1574960.0,16015360.0,13481870.0,7511050.0,8469580.0,2499770.0,3700890.0,573640.0,947480.0,85358000.0,71860000.0,40034000.0,45132000.0,13323000.0,19728000.0,3062000.0,5057000.0
20240812,-488000.0,11864260.0,11786760.0,6664500.0,6253990.0,2444700.0,2509740.0,250230.0,673190.0,63340000.0,62891000.0,35521000.0,33351000.0,13039000.0,13394000.0,1338000.0,3602000.0
20240813,-691870.0,11823140.0,11211260.0,7417900.0,7337930.0,2917520.0,3617010.0,650200.0,642580.0,63699000.0,60373000.0,39961000.0,39536000.0,15722000.0,19514000.0,3494000.0,3454000.0
20240814,1495410.0,36098070.0,36082660.0,30630490.0,32141310.0,16146050.0,16540250.0,5828810.0,3939200.0,191510000.0,191166000.0,161841000.0,169758000.0,84962000.0,87235000.0,30698000.0,20852000.0
20240815,10157620.0,38082540.0,45778340.0,37323650.0,39785470.0,21989700.0,19139570.0,11408080.0,4100590.0,195708000.0,235033000.0,191882000.0,204489000.0,112761000.0,97941000.0,57991000.0,20879000.0
20240816,-2383570.0,33970730.0,33063920.0,23172080.0,21695320.0,14478210.0,13649630.0,2902190.0,6114340.0,174846000.0,170186000.0,119031000.0,111448000.0,74377000.0,70151000.0,14864000.0,31334000.0
20240819,1585050.0,17321400.0,20767690.0,15737090.0,13875870.0,6921890.0,6022450.0,2847220.0,2161610.0,91453000.0,109678000.0,83085000.0,73260000.0,36551000.0,31784000.0,15026000.0,11392000.0
20240820,562820.0,21325110.0,17990840.0,15002520.0,18899620.0,6373860.0,5701910.0,1695740.0,1804870.0,114195000.0,96197000.0,80318000.0,101295000.0,34083000.0,30515000.0,9036000.0,9625000.0
20240821,840080.0,15349510.0,16831260.0,13880380.0,13238730.0,6066240.0,4697900.0,782390.0,1310650.0,81888000.0,89720000.0,73952000.0,70544000.0,32311000.0,25062000.0,4173000.0,6997000.0
20240822,-1897870.0,18202170.0,14887320.0,8371330.0,9788310.0,4107630.0,5900640.0,1547050.0,1651910.0,98763000.0,80739000.0,45423000.0,53093000.0,22290000.0,32065000.0,8403000.0,8982000.0
20240823,837560.0,11302480.0,10306610.0,5679780.0,7513200.0,2979060.0,2983010.0,1465080.0,623570.0,61702000.0,56252000.0,31003000.0,41008000.0,16263000.0,16282000.0,7970000.0,3396000.0
20240826,-616560.0,15835930.0,15593140.0,11659350.0,11285580.0,4262760.0,4708290.0,638260.0,809290.0,86331000.0,84897000.0,63387000.0,61349000.0,23064000.0,25620000.0,3483000.0,4398000.0
20240827,-197360.0,16212970.0,15302980.0,13578450.0,14291090.0,6781750.0,6747280.0,3421400.0,3653230.0,89681000.0,84432000.0,74876000.0,78851000.0,37389000.0,37253000.0,18762000.0,20172000.0
20240828,-30420.0,12709900.0,10005800.0,7864960.0,10538640.0,4017310.0,3954650.0,146700.0,239780.0,70508000.0,55502000.0,43641000.0,58475000.0,22298000.0,21953000.0,812000.0,1328000.0
20240829,2927440.0,25456450.0,23086250.0,18032670.0,23330310.0,13989900.0,10367870.0,1079000.0,1773590.0,137230000.0,124330000.0,97105000.0,125728000.0,75098000.0,55649000.0,5850000.0,9576000.0
20240830,-1075240.0,26459630.0,23658440.0,18251980.0,19977940.0,12261020.0,15067170.0,5153600.0,3422690.0,138904000.0,124137000.0,95988000.0,104949000.0,64377000.0,79248000.0,27126000.0,18062000.0
20240902,-1685530.0,18381740.0,18577070.0,14370120.0,12489280.0,7166750.0,7422320.0,1679030.0,3108990.0,98984000.0,100034000.0,77396000.0,67186000.0,38623000.0,40027000.0,9022000.0,16777000.0
20240903,1970280.0,27633480.0,26835920.0,20118930.0,22886760.0,15902350.0,12473690.0,3943800.0,5402180.0,146877000.0,142617000.0,107014000.0,121661000.0,84472000.0,66236000.0,20895000.0,28744000.0
20240904,1295500.0,19619670.0,21849490.0,19465090.0,18530790.0,10523880.0,9373910.0,2631470.0,2485940.0,101904000.0,113347000.0,100985000.0,96107000.0,54574000.0,48697000.0,13597000.0,12910000.0
20240905,175680.0,20104800.0,16142930.0,10834480.0,14972030.0,6958410.0,7878080.0,3437090.0,2341740.0,104219000.0,83654000.0,56207000.0,77633000.0,36049000.0,40859000.0,17823000.0,12152000.0
20240906,-1994230.0,13699730.0,10057990.0,6291120.0,7938630.0,3382830.0,4040790.0,191570.0,1527840.0,71530000.0,52526000.0,32875000.0,41459000.0,17675000.0,21113000.0,1003000.0,7985000.0
20240909,-351040.0,15230440.0,14211060.0,8898650.0,9566990.0,4728470.0,4416850.0,545800.0,1208460.0,80028000.0,74646000.0,46724000.0,50231000.0,24797000.0,23190000.0,2866000.0,6348000.0
20240910,133220.0,16184750.0,15520040.0,9697190.0,10495120.0,6150980.0,5606760.0,508980.0,919980.0,86064000.0,82533000.0,51543000.0,55758000.0,32643000.0,29779000.0,2711000.0,4890000.0
20240911,1835430.0,14338700.0,16224030.0,11503900.0,11454000.0,6552440.0,5281290.0,1895330.0,1331050.0,75589000.0,85565000.0,60683000.0,60387000.0,34500000.0,27822000.0,9996000.0,6994000.0
20240912,1856750.0,16984080.0,19412190.0,16390670.0,15819320.0,11262300.0,9434850.0,4660700.0,4631400.0,88245000.0,100847000.0,85088000.0,82109000.0,58410000.0,49001000.0,24281000.0,24067000.0
20240913,523020.0,17272710.0,16086260.0,8024010.0,9733480.0,5545870.0,4871320.0,700830.0,852360.0,92382000.0,86045000.0,42896000.0,52055000.0,29686000.0,26053000.0,3760000.0,4571000.0
20240918,-587400.0,12567760.0,11491020.0,7559640.0,8048980.0,3434220.0,3356780.0,589030.0,1253870.0,68245000.0,62435000.0,41069000.0,43692000.0,18654000.0,18225000.0,3197000.0,6814000.0
20240919,-107130.0,20841640.0,20015460.0,13113010.0,13832060.0,7569850.0,7009720.0,3056100.0,3723360.0,111832000.0,107391000.0,70506000.0,74180000.0,40552000.0,37577000.0,16300000.0,20042000.0
20240920,-11620820.0,35738140.0,22362630.0,23971960.0,25726660.0,11282280.0,18970370.0,5646090.0,9578820.0,200986000.0,125781000.0,134632000.0,144525000.0,63462000.0,106531000.0,31703000.0,53946000.0
20240923,-1989750.0,14748210.0,13259190.0,11983010.0,11482280.0,4400370.0,5723150.0,1190970.0,1857940.0,84044000.0,75520000.0,68275000.0,65436000.0,25074000.0,32626000.0,6775000.0,10586000.0
20240924,-712750.0,29324010.0,25242500.0,23041060.0,26409810.0,15254220.0,16226590.0,4510360.0,4250740.0,164303000.0,141353000.0,129174000.0,148096000.0,85269000.0,90721000.0,25135000.0,23711000.0
20240925,-3436210.0,30666220.0,25295460.0,22744900.0,24679450.0,14942030.0,17518160.0,3190100.0,4050180.0,164077000.0,135300000.0,121718000.0,132006000.0,79952000.0,93762000.0,17085000.0,21763000.0
20240926,-1115100.0,37280980.0,32103510.0,24640380.0,28702760.0,15540630.0,17294610.0,8004880.0,7366000.0,197352000.0,169642000.0,130436000.0,151971000.0,82096000.0,91762000.0,42262000.0,38771000.0
20240927,3615560.0,23622280.0,25720460.0,24472680.0,25990060.0,21451330.0,18676340.0,9240540.0,8399970.0,116139000.0,126385000.0,120422000.0,127836000.0,105514000.0,91866000.0,45395000.0,41383000.0
20240930,-6573070.0,71769470.0,61922050.0,61856860.0,65131210.0,49096020.0,58481810.0,30167960.0,27355240.0,320775000.0,276600000.0,276580000.0,291237000.0,219695000.0,261610000.0,134873000.0,122476000.0
20241008,-19436740.0,83347860.0,66686260.0,91672120.0,88896990.0,64027370.0,73778710.0,36387890.0,46073290.0,342426000.0,274009000.0,375911000.0,364463000.0,262223000.0,302199000.0,148459000.0,188348000.0
20241009,-15958510.0,70320620.0,53850500.0,59982530.0,60494140.0,36965270.0,43509520.0,14324320.0,23738580.0,310881000.0,238056000.0,264925000.0,267326000.0,163276000.0,192329000.0,63178000.0,104550000.0
20241010,-4858170.0,43491320.0,36919870.0,36222650.0,37935930.0,22610650.0,26948950.0,9701490.0,10221360.0,200005000.0,169654000.0,166400000.0,174226000.0,103889000.0,123777000.0,44470000.0,47106000.0
20241011,-5466200.0,33304310.0,29042950.0,24228100.0,23023270.0,14455830.0,17386860.0,4230780.0,6765950.0,159484000.0,138912000.0,115936000.0,110104000.0,69243000.0,83401000.0,20283000.0,32530000.0
20241014,7346340.0,27886070.0,36032470.0,25354290.0,24554230.0,19700170.0,16407820.0,8965170.0,4911180.0,134116000.0,173204000.0,121847000.0,117965000.0,94627000.0,78876000.0,43107000.0,23652000.0
20241015,5667000.0,25145810.0,28763570.0,24679940.0,26729180.0,13125340.0,18242420.0,24251750.0,13467670.0,120339000.0,137493000.0,118027000.0,127829000.0,62805000.0,87253000.0,115738000.0,64335000.0
20241016,2081610.0,21601950.0,25600880.0,21539800.0,19622480.0,10740290.0,13396570.0,9422900.0,4685010.0,104649000.0,123992000.0,104272000.0,95041000.0,51990000.0,64948000.0,45701000.0,22631000.0
20241017,1602300.0,30725740.0,31619440.0,27146950.0,27855560.0,16518470.0,16424510.0,6302560.0,4794220.0,150485000.0,154910000.0,132884000.0,136311000.0,80852000.0,80325000.0,30889000.0,23564000.0
20241018,4105370.0,41091330.0,39018040.0,34705920.0,40884570.0,22579250.0,19841050.0,5649250.0,4282080.0,203206000.0,192945000.0,171821000.0,202219000.0,111462000.0,97964000.0,27608000.0,20967000.0
20241021,16134760.0,47047360.0,56383000.0,51673600.0,58472710.0,51217120.0,44762490.0,27638150.0,17958020.0,217458000.0,260270000.0,238943000.0,270353000.0,236673000.0,207049000.0,127826000.0,83229000.0
20241022,5573940.0,41030880.0,46996340.0,50653640.0,50262100.0,43525510.0,40348660.0,16135140.0,13738050.0,189003000.0,215362000.0,232198000.0,230337000.0,199065000.0,184662000.0,73649000.0,63554000.0
20241023,85205090.0,37600790.0,78152890.0,57961660.0,102614650.0,83292450.0,93094170.0,183236630.0,88229820.0,163025000.0,328995000.0,248263000.0,430697000.0,349518000.0,388969000.0,751095000.0,363239000.0
20241024,-3315240.0,102427110.0,110505160.0,158631980.0,147238690.0,191106540.0,169561920.0,130069060.0,154928920.0,402579000.0,433139000.0,623769000.0,577897000.0,751162000.0,666605000.0,511025000.0,610894000.0
20241025,95915230.0,21097460.0,62922820.0,41446430.0,95536290.0,83086600.0,99614110.0,229275770.0,116833030.0,77191000.0,229569000.0,152000000.0,348651000.0,304329000.0,363269000.0,833382000.0,425414000.0
20241028,-10955940.0,143130560.0,128286180.0,196059220.0,199947670.0,219930490.0,219849460.0,187354980.0,198391950.0,500145000.0,447659000.0,683844000.0,697162000.0,765696000.0,765432000.0,650740000.0,690173000.0
20241029,10547290.0,127173710.0,121730540.0,169254340.0,185244800.0,198655490.0,208715990.0,180546320.0,159938530.0,424486000.0,403982000.0,564305000.0,613792000.0,658636000.0,690060000.0,589562000.0,529154000.0
20241030,-14956900.0,112185750.0,100937610.0,133492210.0,129783440.0,126219630.0,133016740.0,65635940.0,73795730.0,383772000.0,343975000.0,456015000.0,442914000.0,430811000.0,454579000.0,224576000.0,253708000.0
20241031,29613350.0,102264010.0,116269910.0,126468100.0,142075560.0,143413420.0,137198410.0,107516250.0,84117910.0,337526000.0,382896000.0,417383000.0,468697000.0,473586000.0,452982000.0,354517000.0,278437000.0
20241101,-15473120.0,76936220.0,71943410.0,99359010.0,88878710.0,86473010.0,87063540.0,35174930.0,50057520.0,257280000.0,240277000.0,332071000.0,296977000.0,289032000.0,291184000.0,117635000.0,167580000.0
20241104,7672680.0,63730910.0,66675920.0,68182410.0,72910070.0,67700130.0,63655830.0,33681960.0,30053580.0,209996000.0,219145000.0,224358000.0,239836000.0,222279000.0,209377000.0,110304000.0,98581000.0
20241105,-1648760.0,79535190.0,77287110.0,103120410.0,103719730.0,87859330.0,107349900.0,84041040.0,66199230.0,263424000.0,254508000.0,340855000.0,342534000.0,290289000.0,355263000.0,276232000.0,218495000.0
20241106,-23520810.0,99346360.0,77857150.0,102233390.0,100201790.0,83023270.0,99524320.0,62287340.0,69307100.0,323781000.0,252450000.0,332167000.0,325263000.0,269358000.0,323643000.0,202430000.0,226380000.0
20241107,-37667660.0,91693020.0,58386980.0,92803560.0,88441950.0,70059010.0,83292550.0,42682340.0,67116460.0,317091000.0,201483000.0,321243000.0,305814000.0,243412000.0,289200000.0,148343000.0,233592000.0
20241108,1802380.0,70218610.0,68181660.0,77364810.0,81204130.0,72715540.0,69157900.0,26915580.0,28670840.0,231502000.0,224641000.0,254845000.0,267481000.0,239701000.0,227958000.0,88715000.0,94682000.0
20241111,-15633320.0,57357770.0,45592380.0,62792600.0,58924670.0,51623070.0,55165490.0,22829800.0,34920700.0,189526000.0,150480000.0,207341000.0,194546000.0,170469000.0,182283000.0,75405000.0,115433000.0
20241112,-18669970.0,59616780.0,44250240.0,54623990.0,51320570.0,36176860.0,45361200.0,28004340.0,37489970.0,198631000.0,147192000.0,181556000.0,170698000.0,120312000.0,150845000.0,93490000.0,125255000.0
20241113,-8425570.0,54587780.0,47213150.0,58248820.0,57197880.0,50860710.0,44756590.0,18089570.0,32619260.0,185580000.0,160204000.0,197806000.0,194351000.0,172859000.0,152208000.0,61471000.0,110952000.0
20241114,2482710.0,50840030.0,46995340.0,43700000.0,50027410.0,38630760.0,39510850.0,15785190.0,12422390.0,173966000.0,160799000.0,149614000.0,171423000.0,132327000.0,135430000.0,54252000.0,42507000.0
20241115,-20368770.0,104852470.0,78130660.0,89830000.0,96183030.0,70576260.0,80019910.0,24103080.0,35028200.0,380095000.0,283081000.0,326129000.0,348866000.0,256373000.0,291470000.0,87572000.0,126752000.0
20241118,5863830.0,61750670.0,66047870.0,58309520.0,59876140.0,45118790.0,36607430.0,11142940.0,13790470.0,229990000.0,245588000.0,216865000.0,222930000.0,167751000.0,136217000.0,41561000.0,51431000.0
20241119,6878850.0,40813280.0,45081600.0,38981370.0,41591900.0,31813880.0,24553910.0,10121180.0,10502300.0,150181000.0,165750000.0,143151000.0,152827000.0,116718000.0,90152000.0,37152000.0,38473000.0
20241120,-1256220.0,40455040.0,35661180.0,30268680.0,33806320.0,18779850.0,19393800.0,7735020.0,8377290.0,150034000.0,132257000.0,112195000.0,125333000.0,69600000.0,71889000.0,28699000.0,31048000.0
20241121,9837510.0,60274410.0,68022490.0,60353860.0,62443300.0,60846830.0,57367870.0,32174200.0,25815650.0,221133000.0,249180000.0,220996000.0,228518000.0,222122000.0,209532000.0,116865000.0,93887000.0
20241122,-2492710.0,53163890.0,47336610.0,39120370.0,42454930.0,32963160.0,28397030.0,9875210.0,16934050.0,200784000.0,178784000.0,147774000.0,160365000.0,124706000.0,107165000.0,37343000.0,64292000.0
20241125,-633220.0,34976510.0,40146860.0,38071190.0,32267620.0,28075720.0,21264810.0,13012310.0,20456440.0,133481000.0,153116000.0,145255000.0,123113000.0,107203000.0,81177000.0,49867000.0,78399000.0
20241126,4640050.0,38520020.0,44165830.0,45134970.0,44129210.0,34985230.0,32656480.0,14353180.0,12041880.0,143652000.0,164537000.0,167612000.0,163842000.0,129660000.0,121234000.0,53294000.0,44604000.0
20241127,6195940.0,36037810.0,45264710.0,37185290.0,34154330.0,27885140.0,20839470.0,6760390.0,7610120.0,136397000.0,170908000.0,140197000.0,128807000.0,105018000.0,78529000.0,25316000.0,28684000.0
20241128,5891650.0,32031960.0,41486180.0,33698010.0,30135430.0,27916560.0,21897850.0,10444180.0,10571240.0,117998000.0,152720000.0,123932000.0,110753000.0,102421000.0,80430000.0,38331000.0,38779000.0
20241129,3458020.0,37717660.0,46345850.0,41456380.0,36286210.0,24949000.0,23810700.0,10147540.0,7827820.0,137327000.0,168684000.0,150940000.0,132096000.0,90734000.0,86631000.0,36865000.0,28454000.0
20241202,-1655030.0,40096620.0,35465740.0,31101360.0,34077220.0,23629780.0,25272210.0,9434860.0,9447460.0,146973000.0,129913000.0,114195000.0,124953000.0,86898000.0,92952000.0,34726000.0,34974000.0
20241203,12639590.0,31926070.0,41917440.0,34852300.0,37500520.0,37377040.0,28634900.0,20936330.0,17038880.0,114743000.0,150561000.0,125169000.0,134640000.0,134225000.0,102792000.0,75094000.0,61238000.0
20241204,-1097990.0,53361960.0,54648050.0,48791610.0,46407520.0,34462190.0,37860220.0,20280570.0,17980530.0,197057000.0,201573000.0,179683000.0,170973000.0,126479000.0,139253000.0,74628000.0,66047000.0
20241205,-3042970.0,32001990.0,26631480.0,25459260.0,27786790.0,20518540.0,22620350.0,4608770.0,5549930.0,118716000.0,98747000.0,94441000.0,103079000.0,76122000.0,83930000.0,17079000.0,20602000.0
20241206,-14631310.0,76163060.0,53195490.0,66164590.0,74500850.0,54712690.0,61028850.0,22847190.0,31162340.0,294146000.0,205364000.0,255415000.0,287637000.0,211496000.0,235839000.0,88504000.0,120721000.0
20241209,276370.0,38480820.0,35899710.0,28915420.0,31772890.0,20061110.0,17867600.0,6212850.0,8129990.0,149351000.0,139314000.0,112259000.0,123286000.0,77872000.0,69399000.0,24128000.0,31611000.0
20241210,-18200680.0,53328440.0,38356810.0,44981850.0,41752800.0,30400920.0,37207580.0,11570100.0,22964120.0,208132000.0,149532000.0,175353000.0,162767000.0,118357000.0,145004000.0,44969000.0,89507000.0
20241211,-3503570.0,35116750.0,29049110.0,23631450.0,26195520.0,16133390.0,19332250.0,9823630.0,10128340.0,139313000.0,115123000.0,93762000.0,103879000.0,64027000.0,76749000.0,38915000.0,40267000.0
20241212,-4906610.0,31351660.0,28223740.0,30837290.0,29058600.0,18921570.0,24573710.0,6896690.0,6151160.0,123983000.0,111549000.0,121864000.0,114874000.0,74763000.0,97124000.0,27285000.0,24348000.0
20241213,-27383500.0,70175290.0,40450000.0,44940480.0,47282260.0,27525040.0,43295000.0,7828050.0,19441590.0,287588000.0,165573000.0,184013000.0,193439000.0,112619000.0,177619000.0,32035000.0,79623000.0
20241216,-5894250.0,42167800.0,32629410.0,31102980.0,34747120.0,18781750.0,22512170.0,3816690.0,5980520.0,179072000.0,138548000.0,131987000.0,147539000.0,79677000.0,95480000.0,16213000.0,25382000.0
20241217,-2647200.0,26932530.0,23437120.0,18512460.0,19360660.0,10775750.0,14882370.0,4130070.0,2670650.0,114054000.0,99221000.0,78347000.0,81932000.0,45595000.0,63001000.0,17485000.0,11327000.0
20241218,-231930.0,20657900.0,22226670.0,15476970.0,13676260.0,8132030.0,8716580.0,3597020.0,3244400.0,87760000.0,94373000.0,65718000.0,58081000.0,34541000.0,37034000.0,15291000.0,13823000.0
20241219,-3459320.0,32604010.0,26612180.0,24635910.0,27168430.0,16369350.0,19485930.0,5620010.0,5962750.0,141179000.0,115139000.0,106635000.0,117610000.0,70818000.0,84336000.0,24305000.0,25852000.0
20241220,-18938290.0,42979050.0,28851260.0,35717470.0,30906970.0,23084640.0,29989460.0,11194970.0,23228440.0,189477000.0,127106000.0,157468000.0,136179000.0,101823000.0,132194000.0,49444000.0,102734000.0
20241223,4157990.0,44613890.0,50080210.0,43810260.0,42501920.0,33673370.0,34932570.0,15631240.0,10214050.0,193114000.0,216492000.0,189221000.0,183701000.0,145629000.0,151076000.0,67386000.0,44080000.0
20241224,16797830.0,47952250.0,63511140.0,54510170.0,55749130.0,52430620.0,44656900.0,21456990.0,12432880.0,201323000.0,266440000.0,228673000.0,233557000.0,219484000.0,187113000.0,89783000.0,52154000.0
20241225,1473540.0,38875760.0,45793570.0,43741670.0,38297390.0,35178550.0,33247080.0,13603830.0,14061760.0,163039000.0,191861000.0,183179000.0,160312000.0,147098000.0,139242000.0,56990000.0,58891000.0
20241226,-35258980.0,71065430.0,35659640.0,63652430.0,63799250.0,42824590.0,64674640.0,13699530.0,27108460.0,313448000.0,157087000.0,280447000.0,281123000.0,188530000.0,284842000.0,60454000.0,119827000.0
20241227,-13889730.0,49352190.0,34164960.0,37440720.0,38738210.0,26562380.0,35242930.0,5996200.0,11205380.0,222225000.0,153763000.0,168592000.0,174457000.0,119566000.0,158688000.0,26957000.0,50431000.0
20241230,10969950.0,45698030.0,53820500.0,49263530.0,52111000.0,34929530.0,32828140.0,20107040.0,11238480.0,205896000.0,241529000.0,221336000.0,234007000.0,156470000.0,147428000.0,89760000.0,50497000.0
20241231,-2098060.0,40306910.0,38972750.0,34722780.0,33958880.0,26756220.0,24879300.0,10535150.0,14510130.0,179114000.0,172888000.0,153948000.0,150514000.0,118476000.0,110238000.0,46636000.0,64533000.0
20250102,2171080.0,41386760.0,42644250.0,33668330.0,34581920.0,20967070.0,19345210.0,10428350.0,9879130.0,186715000.0,192182000.0,151791000.0,155768000.0,94495000.0,87246000.0,46840000.0,44645000.0
20250103,-992460.0,41140690.0,40034860.0,30001090.0,30114470.0,20508720.0,19370740.0,7979800.0,10110240.0,189120000.0,183619000.0,137457000.0,138119000.0,93826000.0,88948000.0,36503000.0,46221000.0
20250106,6731200.0,50922090.0,55809900.0,40928370.0,42771750.0,31517080.0,25443340.0,7099330.0,6441870.0,239453000.0,262272000.0,192044000.0,200840000.0,147890000.0,119332000.0,33236000.0,30179000.0
20250107,-2098910.0,28477800.0,25150120.0,20744840.0,21973610.0,12759640.0,13022270.0,2635030.0,4471310.0,134617000.0,118909000.0,98075000.0,103859000.0,60345000.0,61559000.0,12460000.0,21170000.0
20250108,2722760.0,30362350.0,31564090.0,22796340.0,24317360.0,15833160.0,17109160.0,8899740.0,4900980.0,144312000.0,149912000.0,108277000.0,115512000.0,75119000.0,81300000.0,42353000.0,23337000.0
20250109,670230.0,30878490.0,31501310.0,26199490.0,26246900.0,15251000.0,15400270.0,3870990.0,3051490.0,146774000.0,149609000.0,124159000.0,124230000.0,71990000.0,72937000.0,18310000.0,14457000.0
20250110,-4554130.0,37857300.0,28630440.0,21478830.0,26151560.0,10548290.0,12712450.0,2256420.0,4646390.0,185273000.0,140089000.0,105084000.0,127919000.0,51587000.0,62183000.0,11051000.0,22804000.0
20250113,-4468170.0,28978070.0,25470220.0,20811160.0,19850830.0,10448150.0,13110520.0,1982840.0,3788640.0,143485000.0,126094000.0,103081000.0,98302000.0,51737000.0,64935000.0,9803000.0,18775000.0
20250114,4121410.0,25962200.0,29361190.0,22400250.0,23122670.0,16333490.0,14055140.0,5461530.0,3618470.0,126497000.0,143076000.0,109163000.0,112671000.0,79565000.0,68504000.0,26624000.0,17597000.0
20250115,15812930.0,57285080.0,73308370.0,73477310.0,73266950.0,57263450.0,60253160.0,32753120.0,13950480.0,268424000.0,342929000.0,344315000.0,342937000.0,267438000.0,281313000.0,152164000.0,65162000.0
20250116,-5058720.0,45335150.0,39944050.0,36667430.0,36999820.0,29801210.0,26598510.0,14177420.0,22438840.0,209681000.0,184666000.0,169526000.0,170972000.0,137764000.0,123010000.0,65517000.0,103841000.0
20250117,1720910.0,28417060.0,29191580.0,27321160.0,28267540.0,18912820.0,17952730.0,7362770.0,6601950.0,131775000.0,135247000.0,126466000.0,130782000.0,87509000.0,83044000.0,33993000.0,30670000.0
20250120,-6478920.0,39387680.0,35039350.0,36522660.0,34392080.0,21380890.0,24492120.0,7138940.0,10506630.0,184559000.0,164215000.0,171027000.0,161018000.0,100019000.0,114438000.0,33342000.0,49276000.0
20250121,-10676620.0,47448400.0,44889100.0,47323240.0,39205920.0,26340160.0,33584930.0,7061910.0,10493760.0,232531000.0,220247000.0,232273000.0,192290000.0,129236000.0,164513000.0,34496000.0,51486000.0
20250122,-3408450.0,38225630.0,34653110.0,31328020.0,31492090.0,18355860.0,16997480.0,2377370.0,7144200.0,192899000.0,174731000.0,158041000.0,158805000.0,92452000.0,85800000.0,12008000.0,36065000.0
20250123,3655780.0,32702170.0,36293240.0,31358530.0,31423230.0,22990180.0,19906250.0,7351600.0,6779750.0,162899000.0,180666000.0,156007000.0,156079000.0,114056000.0,98918000.0,36407000.0,33705000.0
20250124,9282670.0,39859510.0,44875610.0,45226190.0,49492760.0,36418080.0,32591670.0,14968510.0,9512250.0,195837000.0,220183000.0,221808000.0,242756000.0,178373000.0,159702000.0,73374000.0,46751000.0
20250127,-2557460.0,28754040.0,28495480.0,23119250.0,20820340.0,14670820.0,15374920.0,4554220.0,6407580.0,139329000.0,138064000.0,112005000.0,100856000.0,71109000.0,74516000.0,22035000.0,31041000.0
20250205,3685770.0,30424570.0,33761100.0,28802770.0,29152000.0,17630050.0,18524830.0,6847640.0,2267090.0,147151000.0,163094000.0,139086000.0,140673000.0,85007000.0,89403000.0,32881000.0,10955000.0
20250206,-5024650.0,37432240.0,29670490.0,27667290.0,30404390.0,20199520.0,21619350.0,5203620.0,8808440.0,180635000.0,143076000.0,133676000.0,146802000.0,97531000.0,104336000.0,25045000.0,42672000.0
20250207,10464490.0,67682310.0,74589720.0,78344220.0,81901300.0,67811560.0,66493700.0,31864020.0,22717390.0,301940000.0,332493000.0,350124000.0,365553000.0,302837000.0,297150000.0,142078000.0,101782000.0
20250210,-7734940.0,64852650.0,58252220.0,55333010.0,54198500.0,34526710.0,38911300.0,11592980.0,14943330.0,294572000.0,264708000.0,251328000.0,246138000.0,156752000.0,176551000.0,52587000.0,67842000.0
20250211,-6999720.0,45800130.0,42260350.0,40865730.0,37405790.0,27667410.0,30648680.0,6043780.0,10062230.0,213554000.0,197267000.0,190505000.0,174405000.0,128946000.0,142632000.0,28200000.0,46901000.0
20250212,3570450.0,28172860.0,28536450.0,25662780.0,28869660.0,26370670.0,24215540.0,8535630.0,7120310.0,130944000.0,132584000.0,119226000.0,134138000.0,122509000.0,112503000.0,39623000.0,33077000.0
20250213,-2833110.0,27340340.0,26255280.0,25565250.0,23817200.0,14425880.0,17007470.0,7112210.0,7363730.0,126723000.0,121674000.0,118493000.0,110348000.0,66870000.0,78841000.0,32941000.0,34165000.0
20250214,-6270880.0,27642540.0,21586290.0,26009380.0,25794750.0,18345490.0,23343580.0,4789500.0,6062290.0,128479000.0,100252000.0,120814000.0,119799000.0,85219000.0,108492000.0,22202000.0,28171000.0
20250217,3352320.0,33016660.0,37508790.0,40262010.0,39122190.0,32304010.0,26928640.0,6758600.0,8781650.0,152892000.0,173472000.0,186403000.0,181066000.0,149316000.0,124698000.0,31292000.0,40667000.0
20250218,-4405720.0,39475660.0,36698710.0,40707770.0,39079010.0,26529210.0,26443820.0,5388050.0,9879160.0,185739000.0,172255000.0,191183000.0,183570000.0,124524000.0,124365000.0,25314000.0,46570000.0
20250219,-4112700.0,33921340.0,30425860.0,36221780.0,35604550.0,30423220.0,34462310.0,11582610.0,11656220.0,161286000.0,144455000.0,172044000.0,168917000.0,144427000.0,163543000.0,54885000.0,55727000.0
20250220,-12474560.0,38114200.0,32095880.0,37496000.0,31039760.0,23359540.0,28882100.0,5248500.0,12200500.0,185080000.0,155877000.0,182090000.0,150664000.0,113450000.0,140248000.0,25496000.0,59327000.0
20250221,-5519460.0,35464980.0,28511450.0,30298710.0,31732770.0,28394750.0,34120630.0,9642220.0,9435800.0,172583000.0,138742000.0,147407000.0,154392000.0,138117000.0,165932000.0,46856000.0,45897000.0
20250224,539120.0,34102480.0,37352810.0,35952120.0,33240920.0,29136480.0,24397530.0,6625640.0,10825470.0,163760000.0,179142000.0,172412000.0,159341000.0,139496000.0,116906000.0,31724000.0,52002000.0
20250225,12003670.0,62775120.0,68621000.0,59478940.0,65636740.0,47108060.0,48426020.0,27375930.0,14054300.0,294672000.0,321853000.0,278830000.0,307621000.0,220842000.0,226979000.0,127807000.0,65698000.0
20250226,5509380.0,54600110.0,56225730.0,57328410.0,61212170.0,47204300.0,51511730.0,25075990.0,15259180.0,251769000.0,258842000.0,263887000.0,281682000.0,217064000.0,236968000.0,114690000.0,69917000.0
20250227,-6593970.0,43119020.0,39180790.0,37138380.0,34482630.0,24435440.0,26676960.0,4646770.0,8999220.0,200377000.0,182211000.0,172487000.0,160143000.0,113436000.0,123806000.0,21578000.0,41718000.0
20250228,2219990.0,33808780.0,34906580.0,31468380.0,32590560.0,23418380.0,21633740.0,10736150.0,10300800.0,157777000.0,162723000.0,146728000.0,151910000.0,109206000.0,100961000.0,50059000.0,48177000.0
20250303,-351150.0,38836410.0,37256890.0,39046060.0,40274440.0,30402740.0,30277730.0,14079900.0,14556060.0,180178000.0,172889000.0,181230000.0,186770000.0,140901000.0,140405000.0,65169000.0,67414000.0
20250304,-1346270.0,27411770.0,28063140.0,26697770.0,24700140.0,19091080.0,16511370.0,7382480.0,11308460.0,130057000.0,132949000.0,126674000.0,117041000.0,90493000.0,78317000.0,35035000.0,53952000.0
20250305,-8694680.0,46995770.0,42632150.0,40623450.0,36292400.0,22140760.0,26464430.0,4730940.0,9101950.0,227813000.0,206767000.0,196923000.0,175896000.0,107325000.0,128167000.0,22924000.0,44156000.0
20250306,6715250.0,44890310.0,45817830.0,41096690.0,46884410.0,34691750.0,30620000.0,12044520.0,9401020.0,212165000.0,216448000.0,194000000.0,221038000.0,163445000.0,144319000.0,56583000.0,44386000.0
20250307,3062240.0,36540610.0,39939260.0,40194890.0,39858480.0,31930340.0,28306760.0,9461380.0,10022720.0,171757000.0,187204000.0,188461000.0,186675000.0,149259000.0,132648000.0,44075000.0,47026000.0
20250310,2502460.0,34496020.0,37948590.0,35539810.0,34589700.0,29812970.0,27025420.0,10461000.0,10746090.0,158913000.0,174782000.0,163623000.0,159186000.0,137165000.0,124339000.0,48059000.0,49453000.0
20250311,5211100.0,32107220.0,36025730.0,31879640.0,33172240.0,25356300.0,22770010.0,12509990.0,9885180.0,147866000.0,165650000.0,146682000.0,152517000.0,116521000.0,104741000.0,57283000.0,45445000.0
20250312,-1985540.0,34964750.0,39029400.0,36016810.0,29966620.0,24354040.0,23587930.0,8729500.0,11481150.0,161767000.0,180561000.0,166572000.0,138581000.0,112613000.0,109086000.0,40444000.0,53169000.0
20250313,-3526950.0,27346540.0,25598120.0,24212340.0,22433810.0,15403430.0,15980010.0,2349980.0,5300350.0,129217000.0,120951000.0,114365000.0,105982000.0,72842000.0,75504000.0,11104000.0,25090000.0
20250314,4142580.0,46972270.0,49928830.0,51803390.0,52989400.0,38877760.0,38270690.0,19780400.0,16244890.0,216502000.0,230155000.0,238950000.0,244355000.0,179189000.0,176341000.0,91019000.0,74808000.0
20250317,223290.0,31369860.0,31618240.0,27611510.0,27586410.0,18740500.0,17383850.0,7062880.0,8196240.0,143701000.0,144910000.0,126418000.0,126166000.0,85716000.0,79484000.0,32198000.0,37473000.0
20250318,640840.0,27971970.0,26820960.0,28668980.0,30460830.0,20070180.0,20286150.0,6066970.0,5210160.0,130064000.0,124719000.0,133304000.0,141644000.0,93329000.0,94343000.0,28212000.0,24204000.0
20250319,-4954990.0,30856160.0,27727140.0,31780240.0,29954270.0,21759180.0,25083790.0,6430510.0,8060890.0,145535000.0,130635000.0,149866000.0,141207000.0,102632000.0,118441000.0,30293000.0,38043000.0
20250320,1849940.0,22606740.0,25807290.0,23223330.0,21872720.0,15509690.0,14058770.0,4574310.0,4175290.0,107319000.0,122438000.0,110207000.0,103734000.0,73545000.0,66728000.0,21696000.0,19866000.0
20250321,4300250.0,26172950.0,32998850.0,26714250.0,24188610.0,20351840.0,16190470.0,5352910.0,5214030.0,125153000.0,157806000.0,127638000.0,115480000.0,97158000.0,77324000.0,25610000.0,24948000.0
20250324,-2263450.0,26350670.0,27328380.0,23237890.0,19996730.0,16751430.0,16858990.0,3516160.0,5672050.0,128655000.0,133421000.0,113447000.0,97578000.0,81743000.0,82280000.0,17144000.0,27709000.0
20250325,1788790.0,18835530.0,22425410.0,21392330.0,19591240.0,16298360.0,13236820.0,6318610.0,7591360.0,91712000.0,109146000.0,104108000.0,95295000.0,79285000.0,64398000.0,30766000.0,37033000.0
20250326,2433740.0,26506320.0,26589480.0,28932380.0,31282970.0,24734270.0,25803490.0,13167640.0,9664680.0,127670000.0,127979000.0,139325000.0,150609000.0,118978000.0,124152000.0,63211000.0,46443000.0
20250327,-5485930.0,27377180.0,24510890.0,25772640.0,23153000.0,17674840.0,19946680.0,5685920.0,8900010.0,134321000.0,120277000.0,126429000.0,113556000.0,86705000.0,97841000.0,27899000.0,43681000.0
20250328,-5753200.0,22984650.0,20425110.0,23136820.0,19943160.0,14995820.0,15045620.0,4295750.0,9999150.0,114079000.0,101264000.0,114746000.0,98853000.0,74362000.0,74610000.0,21285000.0,49744000.0
20250331,-17447530.0,41230590.0,27700700.0,34039110.0,30121470.0,19277570.0,25458620.0,4379720.0,15646200.0,213074000.0,143062000.0,175849000.0,155609000.0,99544000.0,131411000.0,22711000.0,81096000.0
20250401,-1924730.0,20873430.0,15980530.0,18002730.0,20970910.0,12410550.0,15296680.0,4582130.0,3620730.0,109022000.0,83395000.0,93988000.0,109481000.0,64784000.0,79877000.0,23865000.0,18907000.0
20250402,-3210320.0,20101120.0,15951240.0,17098220.0,18037790.0,10297650.0,11465810.0,793120.0,2835280.0,105790000.0,83920000.0,89972000.0,94934000.0,54193000.0,60324000.0,4178000.0,14955000.0
20250403,-1321570.0,20362120.0,20470580.0,19882430.0,18452410.0,12913610.0,12641260.0,2455110.0,4049030.0,108403000.0,108955000.0,105780000.0,98104000.0,68677000.0,67237000.0,13050000.0,21613000.0
20250407,-19500840.0,46866400.0,28674760.0,31436990.0,30127770.0,16827710.0,23612950.0,7761640.0,20477240.0,276668000.0,168865000.0,184968000.0,177079000.0,98988000.0,139078000.0,45883000.0,121485000.0
20250408,-13445170.0,52072550.0,37135770.0,27981660.0,29473270.0,12090430.0,21531170.0,4137240.0,8141670.0,309187000.0,220346000.0,165805000.0,174726000.0,71611000.0,127750000.0,24489000.0,48271000.0
20250409,5575500.0,37862010.0,40055360.0,29125490.0,32507650.0,18255990.0,16710680.0,8587760.0,4557570.0,225734000.0,238282000.0,173622000.0,193509000.0,108528000.0,99462000.0,50576000.0,27207000.0
20250410,-2857360.0,27619100.0,25516040.0,29021590.0,28267280.0,17914010.0,21877260.0,6888300.0,5782410.0,158123000.0,145923000.0,166064000.0,161595000.0,102363000.0,125098000.0,39167000.0,33100000.0
20250411,-594690.0,21136820.0,16934870.0,19317920.0,22925180.0,14261290.0,14382800.0,3466640.0,3939820.0,121721000.0,97514000.0,111249000.0,131986000.0,82108000.0,82824000.0,19954000.0,22708000.0
20250414,-2868160.0,30897360.0,26941550.0,30406670.0,31494320.0,17612530.0,17676440.0,4964890.0,7769140.0,175618000.0,152899000.0,172720000.0,178917000.0,100088000.0,100489000.0,28205000.0,44327000.0
20250415,91810.0,20627690.0,16142300.0,14499870.0,19077080.0,8078310.0,7602040.0,1814900.0,2199360.0,119427000.0,93397000.0,83954000.0,110504000.0,46741000.0,43975000.0,10500000.0,12746000.0
20250416,-2151240.0,27237530.0,22382350.0,14728920.0,17432880.0,7208090.0,10620030.0,3802780.0,2542080.0,159899000.0,131285000.0,86549000.0,102201000.0,42195000.0,62298000.0,22125000.0,14983000.0
20250417,-54530.0,15303310.0,16812840.0,12782770.0,11218700.0,7261600.0,7646860.0,2824390.0,2493660.0,88747000.0,97506000.0,74146000.0,65058000.0,42103000.0,44362000.0,16383000.0,14453000.0
20250418,-6076720.0,18545430.0,13319830.0,15601200.0,14750090.0,7545370.0,11589020.0,1484700.0,3517770.0,109268000.0,78463000.0,91923000.0,86898000.0,44489000.0,68335000.0,8745000.0,20729000.0
20250421,-4096790.0,16930340.0,11209790.0,11688260.0,13312010.0,5491800.0,8677150.0,1048600.0,1960040.0,100154000.0,66244000.0,69160000.0,78767000.0,32514000.0,51407000.0,6204000.0,11614000.0
20250422,122710.0,15403400.0,16366830.0,13709190.0,12868460.0,7478400.0,7239870.0,1065300.0,1181120.0,90919000.0,96562000.0,80858000.0,75898000.0,44094000.0,42733000.0,6293000.0,6971000.0
20250423,816280.0,14405440.0,15333210.0,14771200.0,14659730.0,8834460.0,8484900.0,1787470.0,1320750.0,84414000.0,89820000.0,86447000.0,85785000.0,51706000.0,49635000.0,10427000.0,7753000.0
20250424,697220.0,14233360.0,16174770.0,13761990.0,12517790.0,7386690.0,7471080.0,2147830.0,1366220.0,84289000.0,95757000.0,81457000.0,74045000.0,43667000.0,44199000.0,12680000.0,8091000.0
20250425,-3712700.0,19685260.0,14659970.0,17715090.0,19027690.0,11301960.0,15818720.0,3228420.0,2424360.0,117740000.0,87683000.0,105950000.0,113763000.0,67584000.0,94615000.0,19298000.0,14511000.0
20250428,-2092590.0,17136940.0,15444840.0,16089840.0,15689350.0,8585510.0,10668060.0,2584350.0,2594390.0,102875000.0,92680000.0,96566000.0,94141000.0,51553000.0,64124000.0,15519000.0,15568000.0
20250429,-6010740.0,20604150.0,14783860.0,17212360.0,17021900.0,7816110.0,11638360.0,1644670.0,3833160.0,125147000.0,89704000.0,104538000.0,103344000.0,47412000.0,70729000.0,9992000.0,23311000.0
20250430,-3823040.0,19957490.0,16283920.0,18866020.0,18716550.0,12392700.0,14818240.0,5104690.0,6502190.0,122414000.0,99831000.0,115715000.0,114804000.0,76026000.0,90958000.0,31303000.0,39866000.0
20250506,291920.0,21938250.0,20628130.0,16384130.0,17986180.0,11494610.0,11440250.0,4296910.0,4059350.0,132681000.0,124727000.0,99108000.0,108776000.0,69515000.0,69237000.0,25999000.0,24564000.0
20250507,520210.0,21434680.0,21779050.0,15703180.0,15879030.0,9043540.0,8684740.0,2224130.0,2062720.0,128746000.0,130849000.0,94197000.0,95225000.0,54228000.0,52080000.0,13361000.0,12380000.0
20250508,1042610.0,20473460.0,19018100.0,16235240.0,18733220.0,9718380.0,9482580.0,3118240.0,2311430.0,121674000.0,112973000.0,96503000.0,111302000.0,57716000.0,56363000.0,18478000.0,13733000.0
20250509,2188420.0,22483840.0,24629820.0,14179710.0,14222150.0,6893210.0,4890220.0,1214740.0,1029310.0,135372000.0,148358000.0,85335000.0,85512000.0,41460000.0,29404000.0,7321000.0,6213000.0
20250512,-1087680.0,38238280.0,36025060.0,25416140.0,26541680.0,11628630.0,12018670.0,3899400.0,4597040.0,226334000.0,213291000.0,150446000.0,157179000.0,68854000.0,71141000.0,23084000.0,27108000.0
20250513,34070710.0,94332880.0,109363360.0,79547450.0,98587680.0,58178340.0,66032010.0,65534700.0,23610320.0,512791000.0,593414000.0,432454000.0,534900000.0,316389000.0,358170000.0,352378000.0,127528000.0
20250514,-5193030.0,73624480.0,70240920.0,54076210.0,52266750.0,30336330.0,31574320.0,15847840.0,19802880.0,412722000.0,393878000.0,302948000.0,292883000.0,169789000.0,176821000.0,88621000.0,110499000.0
20250515,-3978190.0,38006790.0,31467030.0,27334110.0,29895690.0,14287710.0,18566370.0,10703420.0,10402950.0,219046000.0,181328000.0,157472000.0,172284000.0,82310000.0,106858000.0,61602000.0,59960000.0
20250516,-505230.0,28666890.0,28372240.0,19579630.0,19369060.0,9664540.0,9168500.0,1250460.0,2251730.0,166258000.0,164585000.0,113509000.0,112271000.0,56031000.0,53144000.0,7254000.0,13051000.0
20250519,888080.0,23301160.0,23328500.0,17862080.0,18722820.0,9341970.0,9739540.0,3153420.0,1867770.0,137435000.0,137610000.0,105340000.0,110435000.0,55115000.0,57452000.0,18630000.0,11023000.0
20250520,881050.0,23505190.0,25202840.0,19439930.0,18623330.0,7556800.0,7464510.0,1789100.0,1000340.0,138223000.0,148223000.0,114256000.0,109463000.0,44459000.0,43888000.0,10517000.0,5880000.0
20250521,-2372240.0,24764540.0,21298830.0,13266490.0,14359960.0,7270210.0,7627920.0,451030.0,2465560.0,144310000.0,124134000.0,77318000.0,83680000.0,42369000.0,44436000.0,2636000.0,14382000.0
20250522,-716710.0,16670850.0,15394640.0,9653340.0,10212830.0,4428840.0,4779050.0,900590.0,1267090.0,97885000.0,90399000.0,56704000.0,59988000.0,26021000.0,28075000.0,5298000.0,7445000.0
20250523,-361250.0,20670360.0,20266610.0,14825410.0,14867910.0,6593770.0,6281970.0,1145180.0,1818230.0,121344000.0,118981000.0,87008000.0,87207000.0,38693000.0,36840000.0,6715000.0,10732000.0
20250526,-516180.0,28404540.0,26988190.0,16383110.0,17283290.0,8200040.0,8488330.0,1267650.0,1495540.0,165626000.0,157392000.0,95508000.0,100754000.0,47775000.0,49420000.0,7375000.0,8719000.0
20250527,-1085440.0,17642100.0,15495210.0,9204220.0,10265670.0,3708560.0,4411440.0,676700.0,1059260.0,103918000.0,91291000.0,54219000.0,60466000.0,21845000.0,25977000.0,3987000.0,6235000.0
20250528,933100.0,14324310.0,14441510.0,7420860.0,8236780.0,4031940.0,3831060.0,1594830.0,862610.0,84738000.0,85445000.0,43897000.0,48717000.0,23856000.0,22656000.0,9438000.0,5110000.0
20250529,381300.0,18693920.0,17706020.0,8983560.0,10352770.0,5328850.0,5183620.0,1174150.0,938080.0,110082000.0,104280000.0,52914000.0,60970000.0,31389000.0,30525000.0,6919000.0,5529000.0
20250530,-1542670.0,44405990.0,44570950.0,29169770.0,27462150.0,12899760.0,13576350.0,6563260.0,7429340.0,269986000.0,270882000.0,177392000.0,167122000.0,78534000.0,82594000.0,40073000.0,45388000.0
20250603,-1156440.0,21067150.0,21097180.0,13809580.0,12623120.0,5644110.0,6367130.0,1628450.0,2061870.0,130239000.0,130428000.0,85370000.0,78033000.0,34882000.0,39357000.0,10074000.0,12746000.0
20250604,227130.0,17217140.0,17554020.0,11515310.0,11405570.0,6044490.0,6923250.0,1563110.0,457220.0,105839000.0,107927000.0,70795000.0,70119000.0,37167000.0,42560000.0,9617000.0,2812000.0
20250605,-3122070.0,16760070.0,15827550.0,13591200.0,11401650.0,7351120.0,7410300.0,862860.0,3925750.0,103408000.0,97677000.0,83862000.0,70340000.0,45360000.0,45711000.0,5327000.0,24228000.0
20250606,-4494250.0,23382360.0,23071060.0,20807200.0,16624240.0,9897720.0,13108960.0,3044300.0,4327310.0,145057000.0,143195000.0,129115000.0,103128000.0,61400000.0,81276000.0,18917000.0,26890000.0
20250609,-3106720.0,24340290.0,20626200.0,21138850.0,21746220.0,9666780.0,10429420.0,2492110.0,4836190.0,150265000.0,127318000.0,130448000.0,134226000.0,59644000.0,64376000.0,15365000.0,29802000.0
20250610,-1660830.0,26285990.0,26374910.0,23516580.0,21766830.0,9973470.0,10966450.0,2697880.0,3365730.0,163555000.0,164182000.0,146225000.0,135319000.0,61993000.0,68139000.0,16735000.0,20868000.0
20250611,2286300.0,28320580.0,30829350.0,27320260.0,27097810.0,12452030.0,9959140.0,3195770.0,3402360.0,174523000.0,190066000.0,168338000.0,166929000.0,76683000.0,61290000.0,19707000.0,20966000.0
20250612,6157620.0,27263280.0,32227960.0,21239210.0,22432160.0,10994290.0,7179270.0,3899550.0,1556950.0,170807000.0,201932000.0,132993000.0,140494000.0,68881000.0,44954000.0,24466000.0,9766000.0
20250613,8212500.0,34851470.0,43966210.0,30943440.0,30041210.0,11606840.0,10403220.0,11452490.0,4443610.0,221022000.0,278850000.0,196211000.0,190431000.0,73628000.0,65924000.0,72347000.0,28003000.0
20250616,4399280.0,33032170.0,34434030.0,27770000.0,30767420.0,12877710.0,9926720.0,4179680.0,2731390.0,210963000.0,219962000.0,177443000.0,196674000.0,82309000.0,63373000.0,26753000.0,17460000.0
20250617,805020.0,18842910.0,20435300.0,16624550.0,15837180.0,7511140.0,5756760.0,962560.0,1911920.0,120761000.0,130989000.0,106552000.0,101485000.0,48145000.0,36894000.0,6165000.0,12256000.0
20250618,-444290.0,19303070.0,20099640.0,17331120.0,16090260.0,8954320.0,9003890.0,2724450.0,3119170.0,124730000.0,129885000.0,111979000.0,103953000.0,57889000.0,58200000.0,17614000.0,20174000.0
20250619,152630.0,29069890.0,29712780.0,21677990.0,21187720.0,10681250.0,9751110.0,2210840.0,2988350.0,191760000.0,195951000.0,143061000.0,139770000.0,70527000.0,64334000.0,14549000.0,19843000.0
20250620,1449090.0,36609340.0,37101460.0,31948210.0,32905180.0,20054190.0,19205200.0,4579420.0,3979320.0,237571000.0,240846000.0,207106000.0,213275000.0,129800000.0,124248000.0,29657000.0,25766000.0
20250623,1022750.0,27689780.0,28557050.0,21395010.0,21550480.0,9637280.0,9775990.0,3778320.0,2616860.0,184324000.0,190135000.0,142400000.0,143457000.0,64158000.0,65050000.0,25179000.0,17420000.0
20250624,-2909100.0,37664970.0,33446500.0,25609330.0,26918690.0,12669170.0,16301480.0,4594240.0,3871030.0,245563000.0,218127000.0,167223000.0,175678000.0,82722000.0,106428000.0,30019000.0,25294000.0
20250625,184650.0,36125370.0,37186250.0,28032040.0,27155810.0,12861770.0,12717340.0,4924570.0,4884350.0,233059000.0,240061000.0,180851000.0,175036000.0,82968000.0,82007000.0,31689000.0,31465000.0
20250626,3763090.0,54805820.0,58870340.0,49126490.0,48825060.0,30211010.0,26413730.0,10207570.0,10241760.0,343492000.0,368994000.0,307610000.0,305730000.0,188762000.0,165104000.0,63843000.0,63879000.0
20250627,-858560.0,37330810.0,36040100.0,32984710.0,33416860.0,16430600.0,17862670.0,6474080.0,5900570.0,237825000.0,229653000.0,210022000.0,212883000.0,104554000.0,113533000.0,41214000.0,37547000.0
20250630,-1251400.0,107999750.0,106118860.0,90508790.0,91138270.0,49433140.0,48488730.0,20582550.0,22778360.0,654999000.0,643727000.0,548856000.0,553187000.0,300692000.0,294464000.0,125243000.0,138412000.0
20250701,-1277580.0,53904480.0,55425310.0,36181700.0,33383300.0,19772870.0,21419750.0,5625250.0,5255950.0,331700000.0,341106000.0,222526000.0,205324000.0,121510000.0,131639000.0,34598000.0,32264000.0
20250702,16159140.0,124434400.0,128408340.0,105358670.0,117543870.0,62409550.0,65371830.0,46865100.0,27743680.0,723483000.0,745266000.0,612035000.0,681576000.0,362766000.0,379006000.0,267511000.0,159946000.0
20250703,-7455710.0,145395580.0,140743230.0,126790000.0,123986660.0,73333420.0,75278300.0,38646360.0,44157190.0,807879000.0,781526000.0,705303000.0,689350000.0,407480000.0,418773000.0,214488000.0,245500000.0
20250704,4294820.0,95330590.0,97828620.0,79111620.0,80908400.0,49214320.0,50131750.0,21673620.0,16461370.0,525279000.0,538777000.0,435121000.0,445007000.0,270145000.0,275135000.0,118523000.0,90150000.0
20250707,5401670.0,46790600.0,49043990.0,38083840.0,41232130.0,31146470.0,25162430.0,10473530.0,11055900.0,256633000.0,269001000.0,208842000.0,226060000.0,170832000.0,138064000.0,57317000.0,60497000.0
20250708,17770600.0,83279430.0,92322900.0,80872440.0,89599570.0,54021830.0,61679890.0,62044910.0,36616250.0,433954000.0,479240000.0,421336000.0,464895000.0,281178000.0,319583000.0,315018000.0,187768000.0
20250709,-16034650.0,130303970.0,121077090.0,124934470.0,118126690.0,86602160.0,90240540.0,37313030.0,49709300.0,637994000.0,592695000.0,612018000.0,578491000.0,424498000.0,442271000.0,182862000.0,243914000.0
20250710,-9925080.0,148347050.0,140881720.0,145544050.0,143084310.0,87752460.0,94639380.0,34556940.0,37595100.0,711216000.0,675614000.0,697256000.0,686234000.0,420878000.0,453629000.0,165768000.0,179641000.0
20250711,4373590.0,98041180.0,100363880.0,82172070.0,84222970.0,50511550.0,49292430.0,26683400.0,23528930.0,478296000.0,489593000.0,400985000.0,410868000.0,246444000.0,240509000.0,130234000.0,114990000.0
20250714,-7400580.0,96798720.0,90319020.0,80967060.0,80046180.0,47690070.0,51761300.0,23450040.0,26779390.0,469126000.0,438089000.0,392470000.0,388085000.0,231199000.0,250604000.0,113594000.0,129613000.0
20250715,-11734650.0,102882380.0,91900370.0,71095360.0,70342720.0,48837240.0,53614670.0,16719000.0,23676220.0,507059000.0,452761000.0,349987000.0,346226000.0,240369000.0,264087000.0,82390000.0,116731000.0
20250716,-10780270.0,112735620.0,108028680.0,86428580.0,80355260.0,52427230.0,53108930.0,22127670.0,32226240.0,559877000.0,535799000.0,428940000.0,399492000.0,259980000.0,263894000.0,109255000.0,158867000.0
20250717,-5643770.0,101457350.0,96382220.0,87943000.0,87374350.0,58440830.0,60236990.0,22722870.0,26570480.0,494636000.0,470244000.0,428047000.0,425685000.0,284060000.0,292571000.0,110339000.0,128582000.0
20250718,9210130.0,71442320.0,73519910.0,62433900.0,69566430.0,45125590.0,41688860.0,19823810.0,14050410.0,346418000.0,356654000.0,302304000.0,337032000.0,218227000.0,201401000.0,95647000.0,67508000.0
20250721,-4966260.0,63174980.0,54166350.0,46673960.0,50716350.0,31664220.0,33953820.0,12413000.0,15089660.0,307464000.0,263679000.0,227098000.0,246835000.0,154172000.0,165191000.0,60422000.0,73453000.0
20250722,1639470.0,117176780.0,125287850.0,115074810.0,108603210.0,78350490.0,81829940.0,37738050.0,32619130.0,551513000.0,589870000.0,541825000.0,511272000.0,368561000.0,384611000.0,177189000.0,153334000.0
20250723,-13473000.0,144453550.0,141040240.0,130860950.0,120801260.0,89606610.0,90037510.0,41696850.0,54738950.0,661388000.0,645045000.0,598672000.0,552061000.0,409188000.0,411608000.0,190466000.0,250999000.0
20250724,2266610.0,104611640.0,104666700.0,92253520.0,94465070.0,67521810.0,67739370.0,29771950.0,27287780.0,491279000.0,491122000.0,432385000.0,442835000.0,316359000.0,317876000.0,139734000.0,127923000.0
20250725,5597420.0,81855560.0,89883170.0,57799300.0,55369100.0,36003430.0,32971070.0,17981320.0,15416260.0,383025000.0,420454000.0,270453000.0,259096000.0,168420000.0,154216000.0,84243000.0,72375000.0
20250728,-4193780.0,70764110.0,64544890.0,47676390.0,49701820.0,30705170.0,31504810.0,12051530.0,15445670.0,342073000.0,312010000.0,230456000.0,240283000.0,148422000.0,152191000.0,58221000.0,74688000.0
20250729,1658650.0,71212290.0,73743370.0,58706080.0,57833650.0,37691120.0,38393500.0,17137080.0,14776050.0,338910000.0,350988000.0,279424000.0,275152000.0,179513000.0,182795000.0,81494000.0,70406000.0
20250730,6352080.0,106695310.0,111397910.0,100459060.0,102108540.0,62861260.0,62645560.0,35142570.0,29006190.0,487293000.0,508729000.0,458941000.0,466522000.0,286963000.0,286278000.0,160962000.0,132628000.0
20250731,5988390.0,124591720.0,129681220.0,100703190.0,101602080.0,61460080.0,51298640.0,28418220.0,32591270.0,603833000.0,629050000.0,487362000.0,491870000.0,297464000.0,248021000.0,137439000.0,157157000.0
20250801,1308300.0,82903870.0,78756930.0,69500840.0,74956090.0,46973140.0,46542890.0,18872430.0,17994380.0,399661000.0,379548000.0,334871000.0,361317000.0,226409000.0,224185000.0,90875000.0,86766000.0
20250804,-2602170.0,66158290.0,63748230.0,48881670.0,48689570.0,31428110.0,31302510.0,11971410.0,14699180.0,333166000.0,321077000.0,246118000.0,245084000.0,158249000.0,157551000.0,60173000.0,73995000.0
20250805,-1419740.0,48337690.0,45760470.0,38502490.0,39659970.0,23900540.0,24531130.0,10800840.0,11589990.0,238788000.0,226077000.0,190268000.0,195945000.0,118138000.0,121207000.0,53219000.0,57184000.0
20250806,2062290.0,35363740.0,39149450.0,33342350.0,31618930.0,21348320.0,19879280.0,10123170.0,9529920.0,173108000.0,191668000.0,163211000.0,154762000.0,104468000.0,97262000.0,49526000.0,46620000.0
20250807,-5402480.0,47365540.0,42179110.0,36688550.0,36472490.0,22608910.0,22897420.0,10406090.0,15520060.0,234967000.0,209237000.0,181885000.0,180812000.0,111999000.0,113444000.0,51649000.0,77007000.0
20250808,269530.0,43733570.0,44106440.0,42887620.0,42784280.0,27969350.0,26752790.0,10496000.0,11443030.0,215736000.0,217674000.0,211436000.0,210943000.0,137910000.0,131809000.0,51642000.0,56298000.0
20250811,711020.0,66465650.0,66985620.0,57058710.0,57249770.0,36132930.0,34762280.0,11065890.0,11725520.0,322075000.0,324581000.0,276480000.0,277326000.0,175054000.0,168373000.0,53415000.0,56744000.0
20250812,7280100.0,58175330.0,63731710.0,44509970.0,46233700.0,30454790.0,25317670.0,9690880.0,7547900.0,286186000.0,313595000.0,218885000.0,227341000.0,149769000.0,124451000.0,47679000.0,37131000.0
20250813,2479490.0,48099320.0,49565350.0,39186490.0,40199960.0,25099720.0,23699090.0,9689710.0,8610850.0,238194000.0,245503000.0,194043000.0,199070000.0,124290000.0,117310000.0,48018000.0,42660000.0
20250814,-1915250.0,69389900.0,67267560.0,50222700.0,50429790.0,30810560.0,31458510.0,14005610.0,15272910.0,350790000.0,340053000.0,253689000.0,254760000.0,155530000.0,158865000.0,70673000.0,77004000.0
20250815,-16653200.0,136015110.0,121608930.0,100515130.0,98268110.0,60931630.0,64907820.0,14991390.0,27668400.0,662421000.0,592316000.0,489976000.0,479285000.0,297426000.0,316439000.0,72904000.0,134688000.0
20250818,-5239510.0,96279710.0,91892870.0,74341630.0,73488970.0,44774410.0,48559280.0,19482680.0,20937320.0,461114000.0,440201000.0,356105000.0,352076000.0,214487000.0,232567000.0,93369000.0,100232000.0
20250819,2849300.0,59998850.0,63313190.0,48573840.0,48108810.0,30302360.0,28733100.0,12393120.0,11113080.0,288633000.0,304702000.0,233596000.0,231313000.0,145752000.0,138123000.0,59572000.0,53415000.0
20250820,-1113200.0,92576370.0,95662330.0,71426310.0,67227140.0,42516760.0,44215740.0,19581930.0,18996150.0,448534000.0,463657000.0,345181000.0,324615000.0,205313000.0,213343000.0,94415000.0,91828000.0
20250821,-131820.0,81696660.0,82844440.0,67393750.0,66114150.0,39104170.0,40104460.0,13309750.0,12441280.0,392871000.0,398611000.0,323745000.0,317590000.0,187933000.0,192581000.0,63998000.0,59766000.0
20250822,-13593940.0,83952480.0,73526960.0,70398240.0,67229830.0,39468570.0,47454530.0,16529670.0,22137650.0,401291000.0,351522000.0,336707000.0,321394000.0,188685000.0,226861000.0,78922000.0,105828000.0
20250825,-2652270.0,128896880.0,119031490.0,89612420.0,96825540.0,62189490.0,58920580.0,24621210.0,30542390.0,595165000.0,549729000.0,413888000.0,447278000.0,287200000.0,272057000.0,113753000.0,140941000.0
20250826,-4739550.0,72587110.0,71053740.0,64632320.0,61426140.0,35124620.0,36372240.0,15632730.0,19124660.0,336436000.0,329419000.0,299369000.0,284466000.0,162686000.0,168505000.0,72490000.0,88590000.0
20250827,-3983400.0,73259570.0,76013580.0,71079340.0,64341920.0,38334180.0,40321870.0,16601860.0,18597570.0,342189000.0,355017000.0,331894000.0,300252000.0,178961000.0,188432000.0,77654000.0,86998000.0
20250828,-2715400.0,95418560.0,96158960.0,88560630.0,85104840.0,56949050.0,55934920.0,14681440.0,18410970.0,445788000.0,449323000.0,413215000.0,397185000.0,265539000.0,260823000.0,68553000.0,85763000.0
20250829,73770.0,102662530.0,102054160.0,92676190.0,93358330.0,62960290.0,66160910.0,31704050.0,28429660.0,469632000.0,466972000.0,424073000.0,427148000.0,288103000.0,302754000.0,144873000.0,129807000.0
20250901,14929590.0,112904410.0,132396950.0,105747790.0,101184840.0,82095030.0,67974680.0,31996320.0,31187080.0,519689000.0,609768000.0,485317000.0,464500000.0,375504000.0,310816000.0,146884000.0,142310000.0
20250902,4672380.0,138554180.0,143285200.0,104804920.0,104746280.0,70433660.0,63173400.0,28241620.0,30829500.0,620918000.0,643043000.0,467209000.0,467355000.0,314152000.0,281143000.0,126363000.0,137100000.0
20250903,7943280.0,88896510.0,92153200.0,78673790.0,83360370.0,51459390.0,49601060.0,27346110.0,21261160.0,405290000.0,420171000.0,358336000.0,379892000.0,234573000.0,226043000.0,124734000.0,96826000.0
20250904,4574270.0,155700500.0,157744350.0,166425120.0,168955530.0,122305720.0,117468990.0,54778010.0,55040470.0,676359000.0,685604000.0,723391000.0,734585000.0,531966000.0,510598000.0,237876000.0,238806000.0
20250905,1685320.0,151452480.0,150112980.0,164863520.0,167888340.0,135395650.0,124650960.0,59187190.0,68246560.0,632032000.0,626922000.0,688849000.0,701112000.0,565327000.0,519998000.0,247312000.0,285488000.0
20250908,-661240.0,126327140.0,118536400.0,130587790.0,137717290.0,90054260.0,93011120.0,40306440.0,38010820.0,530938000.0,498404000.0,548708000.0,578891000.0,378385000.0,390707000.0,169395000.0,159423000.0
20250909,109910.0,92734880.0,90775940.0,84586590.0,86655440.0,52210210.0,49422780.0,17489160.0,20166680.0,392065000.0,383817000.0,357411000.0,366198000.0,220567000.0,208798000.0,73963000.0,85191000.0
20250910,-16148110.0,112000430.0,100713180.0,103046170.0,98185310.0,62802280.0,71009760.0,25061400.0,33002030.0,498375000.0,448446000.0,458727000.0,437115000.0,279700000.0,315929000.0,111284000.0,146597000.0
20250911,-2179990.0,62301330.0,60575070.0,58585390.0,58131670.0,36468850.0,38326110.0,14955600.0,15278330.0,279628000.0,271859000.0,262947000.0,260916000.0,163674000.0,171945000.0,67070000.0,68598000.0
20250912,10395240.0,52893680.0,57956480.0,52908570.0,58241010.0,39028540.0,37201250.0,26957440.0,18389490.0,237462000.0,260252000.0,237446000.0,261383000.0,175169000.0,166868000.0,120961000.0,82535000.0
20250915,7272350.0,50889680.0,52689230.0,48804860.0,54277660.0,33930990.0,31629660.0,25496150.0,20525130.0,227745000.0,235893000.0,218308000.0,242834000.0,151926000.0,141416000.0,114145000.0,91980000.0
20250916,2277150.0,53098430.0,54689570.0,54262800.0,54948810.0,35076250.0,34712790.0,16854020.0,14940330.0,236022000.0,242984000.0,241106000.0,244025000.0,155660000.0,154172000.0,74860000.0,66468000.0
20250917,467530.0,93972950.0,93721300.0,87948240.0,88667420.0,58362550.0,55964640.0,24673710.0,26604090.0,409056000.0,408098000.0,382957000.0,386161000.0,254185000.0,243825000.0,107607000.0,115722000.0
20250918,5990990.0,91032240.0,92187190.0,74455880.0,79291920.0,51510180.0,50162450.0,19134990.0,14491730.0,407203000.0,412353000.0,332864000.0,354565000.0,230554000.0,224658000.0,85390000.0,64434000.0
20250919,-2171810.0,38384170.0,38126310.0,43132330.0,41218380.0,25959750.0,27209140.0,12675690.0,13598110.0,174705000.0,173546000.0,196283000.0,187543000.0,118171000.0,123802000.0,57805000.0,62073000.0
20250922,-6930210.0,52236730.0,46148800.0,45680540.0,44838260.0,26327620.0,29970650.0,8082360.0,11369540.0,245716000.0,217172000.0,214846000.0,210948000.0,123728000.0,140829000.0,38023000.0,53365000.0
20250923,-357150.0,59657120.0,58102620.0,45725960.0,46923310.0,30966890.0,30730670.0,9714200.0,10307570.0,287910000.0,280408000.0,220505000.0,226313000.0,149300000.0,147973000.0,46738000.0,49759000.0
20250924,-4517150.0,58151940.0,56354010.0,52178660.0,49459440.0,37151730.0,32474790.0,17028230.0,26222320.0,274110000.0,265592000.0,245596000.0,232994000.0,174570000.0,152758000.0,79150000.0,122081000.0
20250925,-6732470.0,71040260.0,64832190.0,59762110.0,59237710.0,43801850.0,47964800.0,13290760.0,15860280.0,320503000.0,292478000.0,269588000.0,267201000.0,197421000.0,216196000.0,59896000.0,71534000.0
20250926,-595660.0,41579500.0,40627010.0,28402270.0,28759100.0,16902440.0,17935830.0,8043080.0,7605350.0,190246000.0,185899000.0,129917000.0,131554000.0,77305000.0,82007000.0,36837000.0,34845000.0
20250929,5288430.0,47411900.0,46375230.0,34892630.0,41217740.0,22606070.0,22673240.0,20064920.0,14709320.0,216229000.0,211489000.0,159178000.0,188136000.0,103087000.0,103531000.0,91911000.0,67249000.0
20250930,-4513990.0,52599590.0,50627630.0,47589440.0,45047420.0,30516800.0,32837690.0,14138730.0,16331830.0,236963000.0,228045000.0,214325000.0,202921000.0,137465000.0,148068000.0,63995000.0,73713000.0
20251009,-639890.0,62012030.0,60723720.0,56549740.0,57198170.0,38929720.0,39220260.0,13083350.0,13432700.0,274893000.0,269196000.0,250734000.0,253681000.0,172474000.0,173856000.0,58261000.0,59629000.0
20251010,-170600.0,59699660.0,59789390.0,50253170.0,49992850.0,31557750.0,30818070.0,18265680.0,19175960.0,269096000.0,269453000.0,226435000.0,225089000.0,142255000.0,139035000.0,82450000.0,86659000.0
20251013,-14193510.0,71335370.0,55451830.0,48189000.0,49879030.0,26225590.0,37676320.0,13295100.0,16037880.0,332329000.0,258502000.0,224878000.0,232776000.0,122234000.0,175432000.0,62087000.0,74818000.0
20251014,-24573060.0,161816010.0,144695040.0,160176340.0,152724240.0,103916820.0,111531860.0,39155650.0,56113670.0,695448000.0,622070000.0,688300000.0,656299000.0,447114000.0,479394000.0,168153000.0,241253000.0
20251015,-19453980.0,144009920.0,133851150.0,144355470.0,135060260.0,94035910.0,104408140.0,47885000.0,56966750.0,596807000.0,554777000.0,599172000.0,560433000.0,390302000.0,432938000.0,198238000.0,236372000.0
20251016,-16290800.0,116472800.0,104986830.0,107091590.0,102286760.0,63885550.0,75272630.0,29479850.0,34383570.0,474014000.0,427300000.0,435736000.0,416096000.0,260187000.0,306157000.0,119839000.0,140223000.0
20251017,-8513110.0,100909980.0,92437150.0,87787170.0,87746890.0,58316200.0,59578660.0,29999100.0,37249750.0,418336000.0,383022000.0,363142000.0,363034000.0,241151000.0,246456000.0,123490000.0,153607000.0
20251020,6739600.0,71602140.0,76536660.0,46954650.0,48759720.0,29393240.0,29197300.0,17318050.0,10774390.0,309156000.0,330666000.0,202493000.0,210303000.0,126772000.0,125803000.0,74724000.0,46372000.0
20251021,3398130.0,59637630.0,61193970.0,48582150.0,50423940.0,31004010.0,31989430.0,17563390.0,13179840.0,258526000.0,265311000.0,210388000.0,218435000.0,134155000.0,138420000.0,76103000.0,57005000.0
20251022,3173790.0,47763540.0,49800640.0,33245860.0,34382550.0,23235440.0,22996520.0,11200200.0,8265330.0,211173000.0,220214000.0,146980000.0,152021000.0,102667000.0,101665000.0,49546000.0,36465000.0
20251023,2329200.0,65386840.0,67281940.0,50154780.0,50588880.0,36536530.0,32687440.0,18528910.0,20048800.0,291879000.0,300309000.0,223795000.0,225962000.0,162909000.0,145812000.0,82598000.0,89097000.0
20251024,6738180.0,92534930.0,92608320.0,63563550.0,70228340.0,54429410.0,57212500.0,38403570.0,28882300.0,413564000.0,413575000.0,284014000.0,313935000.0,243628000.0,256346000.0,171690000.0,129040000.0
20251027,-3205130.0,101830090.0,100682780.0,77492400.0,75434570.0,55921520.0,53276000.0,23009730.0,28860380.0,444026000.0,439045000.0,337705000.0,328756000.0,243809000.0,232119000.0,100437000.0,126057000.0
20251028,2492950.0,58947010.0,61180500.0,45475610.0,45735080.0,31247800.0,30188920.0,16727070.0,15293000.0,257838000.0,267644000.0,198489000.0,199626000.0,136557000.0,131874000.0,73292000.0,67032000.0
20251029,-9771440.0,147678770.0,145038440.0,142862630.0,135731510.0,105549960.0,101653640.0,44168640.0,57836400.0,616445000.0,604419000.0,595322000.0,564984000.0,438140000.0,422828000.0,182197000.0,239873000.0
20251030,-7650990.0,155007240.0,145250180.0,130050550.0,132156620.0,94227550.0,91632580.0,41038520.0,51284480.0,616746000.0,577582000.0,516910000.0,525365000.0,374268000.0,363978000.0,163358000.0,204357000.0
20251031,5038750.0,96204160.0,97516200.0,87955460.0,91682170.0,55493060.0,55448530.0,25995050.0,21000830.0,382474000.0,387624000.0,348960000.0,363797000.0,220180000.0,219683000.0,102869000.0,83380000.0
20251103,14911750.0,100149360.0,108150230.0,98792870.0,105703730.0,62101230.0,59243450.0,35336080.0,23282110.0,400907000.0,432845000.0,395470000.0,423153000.0,248351000.0,236946000.0,141311000.0,93095000.0
20251104,-7439540.0,85460360.0,79492300.0,65672410.0,64200930.0,41453900.0,47867790.0,21190410.0,22216060.0,348941000.0,324440000.0,267702000.0,261803000.0,168904000.0,195235000.0,86343000.0,90414000.0
20251105,6886150.0,99390890.0,105825930.0,92447120.0,92898220.0,53297990.0,48957770.0,20694390.0,18148460.0,409971000.0,436195000.0,381424000.0,382977000.0,219680000.0,201949000.0,85152000.0,75106000.0
20251106,5089870.0,108858540.0,116270890.0,105763190.0,103440710.0,70568200.0,70916180.0,29252050.0,23814200.0,439979000.0,469881000.0,427093000.0,417813000.0,284910000.0,286291000.0,118096000.0,96094000.0
20251107,35733240.0,217211550.0,231211080.0,218961550.0,240695260.0,172896530.0,204050380.0,209906460.0,143019370.0,815495000.0,867442000.0,822763000.0,902415000.0,649172000.0,763049000.0,774350000.0,528875000.0
20251110,2350300.0,164425080.0,167461830.0,191956850.0,191270410.0,162310750.0,156826400.0,107841700.0,110975750.0,605633000.0,616914000.0,706488000.0,704255000.0,597028000.0,576820000.0,396794000.0,407953000.0
20251111,-2354390.0,130827680.0,130145080.0,127267540.0,125595750.0,89041300.0,83766880.0,38927310.0,46556120.0,482066000.0,479502000.0,468349000.0,462234000.0,327793000.0,308075000.0,143598000.0,171994000.0
20251112,-12413070.0,206815100.0,189533180.0,180797220.0,185666070.0,122327360.0,132616210.0,61526720.0,63650940.0,830388000.0,761495000.0,725787000.0,744801000.0,491051000.0,531476000.0,247079000.0,256533000.0
20251113,-26493520.0,152344130.0,137668400.0,138005330.0,126187550.0,90982000.0,94642600.0,36056880.0,58889800.0,592998000.0,535805000.0,537443000.0,491559000.0,354254000.0,368651000.0,140527000.0,229207000.0
20251114,5964040.0,135517310.0,137647480.0,123482930.0,127316810.0,89094760.0,87190450.0,33547680.0,29487950.0,521786000.0,529792000.0,475157000.0,489838000.0,342423000.0,335243000.0,128700000.0,113193000.0
20251117,6775350.0,107634000.0,112039370.0,83951360.0,86321350.0,57941370.0,50308010.0,22304810.0,23162820.0,430390000.0,447741000.0,335468000.0,344919000.0,231350000.0,200979000.0,88970000.0,92539000.0
20251118,3739250.0,61993130.0,63505430.0,50208560.0,52435510.0,32890470.0,30501160.0,11007860.0,9657920.0,248522000.0,254542000.0,201045000.0,210022000.0,131664000.0,122108000.0,44091000.0,38651000.0
20251119,5685670.0,104173550.0,111408250.0,95642010.0,94092970.0,66090360.0,57921250.0,23118550.0,25601990.0,415140000.0,443766000.0,380636000.0,374481000.0,262461000.0,230387000.0,91606000.0,101209000.0
20251120,14229560.0,98004900.0,104733750.0,81288290.0,88789000.0,52870670.0,49113490.0,23083200.0,12610820.0,391805000.0,418607000.0,324537000.0,354549000.0,210923000.0,195925000.0,92171000.0,50355000.0
20251121,-2925730.0,79312620.0,71968300.0,63460280.0,67878880.0,37662440.0,40589340.0,21079150.0,21077980.0,337814000.0,306554000.0,270308000.0,289116000.0,160436000.0,172966000.0,89881000.0,89802000.0
20251124,307020.0,55015490.0,54947350.0,45172590.0,45547740.0,28459870.0,29324250.0,14507770.0,13336370.0,242848000.0,242498000.0,199323000.0,200973000.0,125477000.0,129319000.0,63996000.0,58854000.0
20251125,2440030.0,44121100.0,45504130.0,42523700.0,43580700.0,25991780.0,24752690.0,11563240.0,10362300.0,192621000.0,198746000.0,185625000.0,190247000.0,113484000.0,107996000.0,50459000.0,45200000.0
20251126,4646330.0,41754580.0,42964240.0,39879540.0,43316220.0,28774020.0,28022040.0,14525490.0,10631140.0,180945000.0,186117000.0,172558000.0,187456000.0,124445000.0,121058000.0,62576000.0,45894000.0
20251127,-3836280.0,56299170.0,53156290.0,50309260.0,49615860.0,33326710.0,31091210.0,11663940.0,17735720.0,242731000.0,229274000.0,217015000.0,214097000.0,143852000.0,134077000.0,50412000.0,76563000.0
20251128,2364300.0,38245930.0,39280480.0,32936910.0,34266660.0,23891370.0,23895560.0,9826830.0,7458340.0,167495000.0,172024000.0,144182000.0,150059000.0,104669000.0,104658000.0,43052000.0,32658000.0
20251201,2680500.0,53737040.0,56367830.0,55381030.0,55430740.0,37990880.0,37293480.0,15447500.0,13464400.0,231662000.0,243051000.0,238687000.0,238962000.0,163778000.0,160716000.0,66518000.0,57915000.0
20251202,-1789810.0,54796140.0,52842790.0,46981550.0,47145090.0,34347580.0,41184560.0,15523590.0,10476420.0,243167000.0,234548000.0,208383000.0,209086000.0,152300000.0,182626000.0,68821000.0,46411000.0
20251203,161350.0,40551170.0,39318580.0,36383610.0,37777550.0,22386300.0,21006840.0,4905790.0,6123900.0,184347000.0,178772000.0,165449000.0,171726000.0,101827000.0,95523000.0,22305000.0,27907000.0
20251204,2383560.0,33218350.0,32972160.0,24848660.0,27478400.0,16808930.0,14685680.0,4778440.0,4518130.0,152859000.0,151744000.0,114332000.0,126425000.0,77311000.0,67532000.0,21982000.0,20783000.0
20251205,5298190.0,31698820.0,34746450.0,25910410.0,28160980.0,20430160.0,17629450.0,7412420.0,4914940.0,145393000.0,159359000.0,118862000.0,129155000.0,93690000.0,80854000.0,33990000.0,22568000.0
20251208,3829470.0,39361760.0,42489370.0,36035240.0,36737090.0,22827900.0,20253330.0,8565990.0,7311090.0,180661000.0,194998000.0,165413000.0,168621000.0,104787000.0,92947000.0,39311000.0,33607000.0
20251209,13112890.0,89788270.0,103004830.0,86859660.0,86756000.0,67559260.0,57370240.0,20791320.0,17867450.0,407633000.0,467395000.0,393951000.0,393446000.0,305764000.0,259397000.0,93902000.0,81011000.0
20251210,-2846760.0,81289800.0,80363430.0,73351200.0,71430820.0,42657270.0,42877970.0,19230670.0,21856730.0,372055000.0,367989000.0,335559000.0,326971000.0,195055000.0,195973000.0,88033000.0,99770000.0
20251211,6114720.0,54509920.0,56558650.0,43300440.0,47366440.0,28574560.0,26598870.0,11611620.0,7472590.0,252073000.0,261499000.0,199994000.0,218748000.0,131924000.0,122721000.0,53452000.0,34476000.0
20251212,-768390.0,49702000.0,50403970.0,38265020.0,36794650.0,22663010.0,22390960.0,5799640.0,6840080.0,231970000.0,235219000.0,178722000.0,171796000.0,105837000.0,104489000.0,26998000.0,32023000.0
20251215,1828330.0,49066850.0,50350800.0,41874450.0,42418830.0,25105060.0,25460260.0,8332990.0,6149460.0,225554000.0,231552000.0,192532000.0,195033000.0,115424000.0,117003000.0,38296000.0,28219000.0
20251216,10685680.0,51013370.0,56309430.0,41485330.0,46874960.0,26602180.0,20511100.0,13782700.0,9188100.0,241615000.0,266600000.0,196189000.0,221649000.0,125859000.0,96860000.0,64784000.0,43339000.0
20251217,-768870.0,54853260.0,49751140.0,45515760.0,49849010.0,27154840.0,28202570.0,10580150.0,10301290.0,260334000.0,236174000.0,216076000.0,236621000.0,128917000.0,133832000.0,50198000.0,48897000.0
20251218,-239650.0,36240420.0,35385860.0,30399400.0,31014310.0,18162330.0,19411050.0,7519930.0,6510860.0,173128000.0,169073000.0,145219000.0,148162000.0,86776000.0,92751000.0,35921000.0,31058000.0
20251219,7513960.0,40072870.0,46243690.0,38837700.0,40180830.0,25356920.0,22003710.0,17729670.0,13568920.0,191196000.0,220652000.0,185311000.0,191633000.0,121082000.0,104955000.0,84586000.0,64935000.0
20251222,4447080.0,39466940.0,41257150.0,32939050.0,35595930.0,21170350.0,22108250.0,11779580.0,6394600.0,188990000.0,197645000.0,157731000.0,170429000.0,101385000.0,105894000.0,56470000.0,30607000.0
20251223,-1847810.0,52199570.0,49149390.0,44771490.0,45973860.0,28015620.0,29171080.0,7917410.0,8609760.0,251037000.0,236402000.0,215246000.0,221187000.0,134664000.0,140212000.0,38098000.0,41242000.0
20251224,-1285100.0,44400940.0,38780240.0,32991210.0,37326810.0,21437520.0,20962630.0,8155140.0,9915130.0,212580000.0,185745000.0,158127000.0,178877000.0,102790000.0,100450000.0,38984000.0,47409000.0
20251225,-3041190.0,51160260.0,48811850.0,40070220.0,39377430.0,26373310.0,26307490.0,8121210.0,11228220.0,241714000.0,230733000.0,189371000.0,186098000.0,124626000.0,124329000.0,38352000.0,52904000.0
20251226,6467840.0,82135260.0,85516720.0,71236150.0,74322540.0,50342180.0,47933870.0,23597990.0,19538460.0,374177000.0,389674000.0,324508000.0,338549000.0,229399000.0,218346000.0,107455000.0,88970000.0
20251229,5692060.0,48414110.0,51745710.0,41941750.0,44302210.0,29049370.0,29242180.0,15660510.0,9775640.0,223219000.0,238642000.0,193333000.0,204165000.0,133932000.0,134723000.0,72106000.0,45059000.0
20251230,5903370.0,49326800.0,55126570.0,40616000.0,40719600.0,28626270.0,29972250.0,16818060.0,9568710.0,234145000.0,261737000.0,192817000.0,193294000.0,135894000.0,142332000.0,79902000.0,45396000.0
20251231,2829390.0,43814160.0,45311240.0,32191840.0,33524160.0,24349310.0,20884340.0,11566310.0,12201890.0,211981000.0,219228000.0,155699000.0,162110000.0,117832000.0,101049000.0,55992000.0,59117000.0
20260105,-4214480.0,54548330.0,50744910.0,43179510.0,42768450.0,26810900.0,27548740.0,11269340.0,14745980.0,260416000.0,242301000.0,206289000.0,204290000.0,128128000.0,131684000.0,53840000.0,70397000.0
20260106,275530.0,58434900.0,55291040.0,44758820.0,48178210.0,38337380.0,32040040.0,11450150.0,17471960.0,272516000.0,257929000.0,208863000.0,224778000.0,178722000.0,149395000.0,53415000.0,81415000.0
20260107,2448370.0,51219870.0,52874280.0,42333410.0,43127380.0,26459250.0,30449590.0,20446190.0,14007480.0,237108000.0,244748000.0,195863000.0,199595000.0,122383000.0,140926000.0,94867000.0,64952000.0
20260108,-6369020.0,55545290.0,48989180.0,51082780.0,51269870.0,38374250.0,37266290.0,21551710.0,29028690.0,256530000.0,226331000.0,235937000.0,236878000.0,177262000.0,172218000.0,99661000.0,133963000.0
20260109,7532760.0,111917190.0,110045750.0,98368710.0,107772910.0,58583520.0,67481010.0,60207120.0,43776870.0,535313000.0,526455000.0,470264000.0,515237000.0,280052000.0,322610000.0,287796000.0,209122000.0
20260112,-3778120.0,95589650.0,94058040.0,84969700.0,82723190.0,60919430.0,53434890.0,16909270.0,28171930.0,450972000.0,443889000.0,401130000.0,390709000.0,287341000.0,252159000.0,79990000.0,132676000.0
20260113,5001020.0,101465710.0,110493100.0,82552890.0,78526520.0,47861270.0,46958930.0,18048350.0,13949670.0,491505000.0,535479000.0,399544000.0,380051000.0,231507000.0,227058000.0,87381000.0,67349000.0
20260114,-6564310.0,96582100.0,90033930.0,73688110.0,73671970.0,41513150.0,44984090.0,18156840.0,21250210.0,465776000.0,434568000.0,355278000.0,355299000.0,199933000.0,216565000.0,87660000.0,102215000.0
20260115,1623630.0,75867630.0,81982580.0,58821070.0,54329750.0,37310930.0,29875810.0,24215670.0,30027160.0,376089000.0,406344000.0,291467000.0,268965000.0,185042000.0,147898000.0,120461000.0,149852000.0
20260116,2095100.0,55154740.0,61941360.0,42864360.0,38172840.0,28438420.0,23408190.0,14515760.0,17450890.0,275374000.0,309328000.0,213964000.0,190512000.0,141944000.0,116830000.0,72509000.0,87119000.0
20260119,-8220800.0,82956740.0,77553260.0,62392080.0,59574760.0,31801560.0,32972180.0,13854520.0,20904700.0,431424000.0,403330000.0,324600000.0,309939000.0,165622000.0,171564000.0,72319000.0,109133000.0
20260120,-2869310.0,79430540.0,78252540.0,55796030.0,54104710.0,32251150.0,31886390.0,4744060.0,7978130.0,422283000.0,415925000.0,296352000.0,287183000.0,171255000.0,169576000.0,25149000.0,42355000.0
20260121,-1247380.0,44230820.0,46525110.0,34046640.0,30504980.0,15468150.0,16621170.0,4037360.0,4131720.0,238729000.0,251183000.0,183787000.0,164626000.0,83496000.0,89677000.0,21792000.0,22318000.0
20260122,1748380.0,61497740.0,64734690.0,48146100.0,46657520.0,26016040.0,24549780.0,9237550.0,8955430.0,326307000.0,343516000.0,255629000.0,247666000.0,138150000.0,130348000.0,48962000.0,47518000.0
20260123,-3108120.0,146737180.0,148073920.0,124070430.0,119625570.0,81719730.0,74034560.0,23275690.0,34068980.0,732404000.0,739671000.0,619290000.0,597452000.0,408432000.0,369505000.0,116225000.0,169724000.0
20260126,5997840.0,92601190.0,100259890.0,62709320.0,61048470.0,33679040.0,30782860.0,11666310.0,8564650.0,466996000.0,505936000.0,315582000.0,307212000.0,169471000.0,154737000.0,58786000.0,42949000.0
20260127,973720.0,82418400.0,84398650.0,53633970.0,52627430.0,31001990.0,30249430.0,11948850.0,11727690.0,428205000.0,438286000.0,278768000.0,273546000.0,161080000.0,157378000.0,61893000.0,60737000.0
20260128,-647710.0,83761570.0,83730390.0,51078760.0,50462230.0,25279830.0,26070560.0,9242830.0,9099810.0,438036000.0,437999000.0,266922000.0,263549000.0,132223000.0,136252000.0,48094000.0,47475000.0
20260129,2576380.0,63137500.0,66920440.0,46500180.0,45293610.0,22866380.0,20261370.0,7642810.0,7671440.0,330679000.0,350496000.0,243527000.0,237150000.0,119655000.0,106079000.0,39974000.0,40111000.0
20260130,1781170.0,80095110.0,78036250.0,52587370.0,56427400.0,30461410.0,31467600.0,9138180.0,6350820.0,436032000.0,424836000.0,286160000.0,307091000.0,165839000.0,171249000.0,49835000.0,34690000.0
20260202,1436200.0,51652360.0,53459120.0,30689240.0,30318690.0,12857340.0,13535330.0,7517400.0,5403210.0,283947000.0,293956000.0,168577000.0,166468000.0,70672000.0,74377000.0,41327000.0,29723000.0
20260203,-3983970.0,74048790.0,68209950.0,47211980.0,49066870.0,22762920.0,22537720.0,5282000.0,9491170.0,401777000.0,370210000.0,256413000.0,266432000.0,123572000.0,122325000.0,28647000.0,51441000.0
20260204,-7269540.0,99387870.0,94515350.0,84350390.0,81953370.0,45842610.0,47087120.0,16684800.0,22709830.0,517904000.0,492445000.0,439690000.0,427355000.0,239196000.0,245742000.0,86996000.0,118245000.0
20260205,1543050.0,87673000.0,87031120.0,60227010.0,62411940.0,36104810.0,36288830.0,12165220.0,10438150.0,470122000.0,467169000.0,321922000.0,333896000.0,192794000.0,193243000.0,65124000.0,55653000.0
20260206,-809700.0,50420850.0,49012960.0,36151330.0,36749520.0,18991440.0,20744400.0,5899400.0,4956140.0,272488000.0,264919000.0,195501000.0,198720000.0,102689000.0,112156000.0,31995000.0,26879000.0
20260209,-2819210.0,83127300.0,81155780.0,59772910.0,58925220.0,34558010.0,32674040.0,10014080.0,14717260.0,432309000.0,422206000.0,310599000.0,306378000.0,179450000.0,169671000.0,51952000.0,76055000.0
20260210,3767170.0,41006250.0,43396830.0,29769760.0,31146350.0,15399640.0,14071150.0,7231300.0,4792620.0,216809000.0,229526000.0,157315000.0,164574000.0,81439000.0,74360000.0,38076000.0,25178000.0
20260211,1928580.0,30482800.0,31398910.0,19262690.0,20275160.0,9669240.0,9064800.0,3732430.0,2408290.0,162629000.0,167554000.0,102737000.0,108126000.0,51586000.0,48351000.0,19928000.0,12849000.0
20260212,2408960.0,31237400.0,33471640.0,22301620.0,22476320.0,10997540.0,10688160.0,5010950.0,2911370.0,168796000.0,180882000.0,120515000.0,121439000.0,59440000.0,57767000.0,27050000.0,15712000.0
20260213,3311220.0,48086320.0,51380220.0,29325490.0,29342810.0,15470220.0,12774340.0,6060310.0,5444970.0,264992000.0,283201000.0,161616000.0,161738000.0,85259000.0,70373000.0,33401000.0,29956000.0
20260224,1957950.0,33949060.0,35648330.0,23058820.0,23317500.0,12028390.0,11334680.0,3643390.0,2379150.0,186184000.0,195527000.0,126496000.0,127924000.0,65967000.0,62148000.0,20024000.0,13072000.0
20260311,-21725620.0,130418070.0,122601790.0,101669310.0,87759970.0,52984010.0,57146950.0,20899740.0,38462420.0,692671000.0,651032000.0,539927000.0,466193000.0,281493000.0,303850000.0,111033000.0,204049000.0
20260312,15886030.0,151847900.0,161595530.0,118108410.0,124246810.0,67318600.0,52443180.0,17718630.0,16708020.0,807041000.0,858031000.0,625442000.0,657239000.0,354143000.0,276336000.0,92931000.0,87952000.0
20260313,1108940.0,90086310.0,89535980.0,71237900.0,72897170.0,39622630.0,40391010.0,14390660.0,12513340.0,464377000.0,461574000.0,367186000.0,375752000.0,204279000.0,208142000.0,74218000.0,64592000.0
20260316,-2299730.0,64078220.0,60906570.0,48416340.0,49288260.0,25101620.0,25936770.0,10547300.0,12011880.0,338232000.0,321519000.0,255368000.0,259956000.0,132537000.0,136912000.0,55773000.0,63523000.0
20260317,-2354170.0,58284670.0,55709110.0,47638620.0,47860020.0,26445620.0,29994700.0,11946980.0,10752070.0,309386000.0,295507000.0,252570000.0,253709000.0,140365000.0,159324000.0,63681000.0,57463000.0
20260318,-244500.0,41154630.0,40512380.0,31818680.0,32216430.0,13427920.0,14511730.0,5102680.0,4263370.0,225504000.0,221982000.0,174324000.0,176455000.0,73552000.0,79550000.0,27964000.0,23357000.0
20260319,-577170.0,40592730.0,40856440.0,30844440.0,30003560.0,18652800.0,19911170.0,3695630.0,3014430.0,223482000.0,224925000.0,169830000.0,165209000.0,102749000.0,109710000.0,20377000.0,16594000.0
20260320,3761320.0,65746410.0,67780840.0,56849490.0,58576370.0,28248120.0,25616060.0,10174100.0,9044840.0,356005000.0,366910000.0,307732000.0,317121000.0,153014000.0,138866000.0,55094000.0,48947000.0
20260323,-2575040.0,61400710.0,58904870.0,49850750.0,49771550.0,25093570.0,26790540.0,9909630.0,10787700.0,335884000.0,322238000.0,272181000.0,271840000.0,137107000.0,146287000.0,53939000.0,58746000.0
20260324,-9889140.0,68288100.0,62386090.0,55638670.0,51651530.0,28568850.0,36238920.0,4627860.0,6846930.0,392468000.0,358211000.0,319612000.0,296567000.0,164289000.0,208766000.0,26740000.0,39565000.0
20260325,436080.0,36684160.0,36481520.0,32086850.0,32725570.0,16458660.0,16200440.0,4177810.0,3999950.0,210706000.0,209534000.0,184308000.0,187960000.0,94536000.0,93093000.0,24005000.0,22967000.0
20260326,-2558110.0,49813060.0,46925130.0,39419890.0,39749710.0,15781930.0,18845030.0,5626860.0,5121870.0,292916000.0,275829000.0,231776000.0,233648000.0,92820000.0,110807000.0,33129000.0,30357000.0
20260327,602190.0,32034340.0,32480870.0,28026750.0,28182410.0,12841730.0,12263840.0,4836830.0,4812530.0,190464000.0,193001000.0,166716000.0,167629000.0,76277000.0,72979000.0,28790000.0,28637000.0
20260330,-162190.0,30522190.0,29666760.0,21652240.0,22345490.0,10316300.0,10313440.0,2521010.0,2686060.0,183272000.0,178131000.0,129940000.0,134096000.0,61931000.0,61933000.0,15120000.0,16103000.0
20260331,-478730.0,26649290.0,25465480.0,17604070.0,18309160.0,8396910.0,8552770.0,2799250.0,3122120.0,160088000.0,152991000.0,105680000.0,109920000.0,50408000.0,51355000.0,16851000.0,18761000.0
20260401,2172810.0,25169380.0,25813300.0,20315530.0,21844410.0,10928430.0,9714840.0,4038230.0,3079010.0,151047000.0,154919000.0,121945000.0,131129000.0,65641000.0,58316000.0,24261000.0,18530000.0
20260402,-2739980.0,37228750.0,35403290.0,27399590.0,26485060.0,11863200.0,13858650.0,8282430.0,9026960.0,227206000.0,216128000.0,166903000.0,161437000.0,72380000.0,84565000.0,50814000.0,55172000.0
20260403,-5113040.0,34128340.0,30596210.0,24346700.0,22765780.0,12274300.0,12776410.0,4331780.0,8942710.0,216249000.0,193811000.0,154197000.0,144145000.0,77777000.0,80991000.0,27472000.0,56748000.0
20260407,-3285510.0,19956610.0,17357520.0,12481430.0,11795010.0,7068980.0,6290140.0,2046310.0,6110660.0,127532000.0,110936000.0,79796000.0,75381000.0,45200000.0,40229000.0,13102000.0,39084000.0
20260408,-596250.0,40150190.0,39004010.0,28747000.0,29296930.0,15910790.0,15468280.0,3832820.0,4871580.0,248153000.0,241088000.0,178058000.0,181409000.0,98422000.0,95707000.0,23666000.0,30095000.0
20260409,1351760.0,24649960.0,24857430.0,16995330.0,18139630.0,8344250.0,9135550.0,3475670.0,1332610.0,153656000.0,154997000.0,105951000.0,113062000.0,52033000.0,56953000.0,21687000.0,8316000.0
20260410,-1414160.0,29218700.0,27605950.0,19383810.0,19582400.0,9254170.0,11131720.0,1808530.0,1345140.0,178902000.0,169040000.0,118731000.0,119924000.0,56663000.0,68167000.0,11049000.0,8215000.0
20260413,29749740.0,84022550.0,102081260.0,72040180.0,83731210.0,44027000.0,46916370.0,53872220.0,21233110.0,489507000.0,591565000.0,419622000.0,484154000.0,256048000.0,270711000.0,304793000.0,123539000.0
20260414,-6409410.0,78562170.0,71321820.0,54799680.0,55630620.0,27977790.0,34802700.0,14982830.0,14567330.0,447558000.0,406348000.0,312075000.0,316810000.0,159322000.0,198183000.0,85326000.0,82940000.0
20260415,761810.0,40853790.0,41788710.0,28006280.0,27833150.0,16312410.0,16045100.0,6022940.0,5528440.0,233609000.0,238957000.0,160125000.0,159073000.0,93200000.0,91649000.0,34406000.0,31660000.0
20260416,-48270.0,49564350.0,50384650.0,36987830.0,36119260.0,21114260.0,19876330.0,9604390.0,10890590.0,280828000.0,285511000.0,209498000.0,204576000.0,119633000.0,112625000.0,54508000.0,61755000.0
20260417,-1325670.0,36618090.0,34152450.0,24519180.0,25659150.0,13745880.0,15669140.0,3336020.0,2738430.0,209312000.0,195183000.0,140043000.0,146586000.0,78532000.0,89524000.0,19106000.0,15699000.0
20260420,8456070.0,76974450.0,86187880.0,61249690.0,60492340.0,39161410.0,30807570.0,9382950.0,9280720.0,424108000.0,474686000.0,337493000.0,333395000.0,215317000.0,169533000.0,51716000.0,51020000.0
20260421,4837990.0,56640330.0,58951680.0,42169640.0,44696290.0,26641810.0,23354200.0,9300410.0,7750030.0,307971000.0,320474000.0,229096000.0,242905000.0,144648000.0,126817000.0,50552000.0,42070000.0
20260422,-611930.0,54666770.0,54010070.0,41930690.0,41975470.0,23893030.0,23978490.0,4201290.0,4727760.0,298256000.0,294631000.0,228843000.0,228951000.0,130411000.0,130949000.0,22880000.0,25859000.0
20260423,2094230.0,59925540.0,62655720.0,49055340.0,48419400.0,26699220.0,25311730.0,8194380.0,7487640.0,325415000.0,340280000.0,266205000.0,262706000.0,144837000.0,137362000.0,44605000.0,40713000.0
20260424,-2821400.0,51300380.0,47244150.0,35201460.0,36436290.0,18131730.0,21169810.0,5923500.0,5706820.0,285614000.0,263012000.0,195942000.0,202848000.0,100985000.0,117878000.0,32946000.0,31749000.0
20260427,-4622240.0,40607990.0,36369150.0,28421410.0,28038010.0,13060860.0,12967470.0,1272070.0,5987700.0,229622000.0,205678000.0,160704000.0,158490000.0,73859000.0,73335000.0,7208000.0,33890000.0
20260428,-4295920.0,39839100.0,37684070.0,25785270.0,23644390.0,13140380.0,12042570.0,5241620.0,10635350.0,229503000.0,217003000.0,148472000.0,136117000.0,75803000.0,69392000.0,30370000.0,61636000.0
20260429,-3570800.0,42837900.0,39162110.0,30516910.0,30621900.0,15626890.0,18750420.0,2394670.0,2841940.0,248910000.0,227479000.0,177300000.0,177889000.0,90714000.0,108933000.0,13905000.0,16528000.0
20260430,-713460.0,47380810.0,46001840.0,36004000.0,36669500.0,15613340.0,14636260.0,3951360.0,5641900.0,271824000.0,263968000.0,206542000.0,210325000.0,89585000.0,84002000.0,22761000.0,32417000.0
20260506,-741490.0,45581280.0,46570430.0,31926940.0,30196300.0,15902390.0,15801820.0,4871070.0,5713130.0,262749000.0,268420000.0,184029000.0,174039000.0,91663000.0,91101000.0,28085000.0,32966000.0
20260507,4231070.0,62426560.0,68099450.0,53408120.0,51966300.0,26517550.0,22939280.0,4403340.0,3750540.0,354933000.0,387265000.0,303381000.0,295142000.0,150641000.0,130260000.0,24946000.0,21234000.0
20260508,-690800.0,51348960.0,49020430.0,34442200.0,36079930.0,13622010.0,15720700.0,5747870.0,4339980.0,298412000.0,284975000.0,200151000.0,209626000.0,79171000.0,91383000.0,33522000.0,25272000.0
20260511,-2872930.0,50512660.0,50197130.0,37821160.0,35263780.0,17299960.0,16204880.0,3552220.0,7520230.0,292189000.0,290476000.0,218797000.0,203954000.0,100075000.0,93696000.0,20505000.0,43440000.0
20260512,-1248120.0,60025210.0,60639780.0,39529270.0,37666580.0,20617390.0,19113430.0,3925760.0,6677840.0,352734000.0,356239000.0,232105000.0,221137000.0,121225000.0,112374000.0,23054000.0,39367000.0
20260513,-2042730.0,45397600.0,43819740.0,30447820.0,29982950.0,12085330.0,13992230.0,5051930.0,5187760.0,264854000.0,255649000.0,177673000.0,175006000.0,70526000.0,81633000.0,29522000.0,30287000.0
20260514,6753640.0,68513380.0,74326890.0,50340490.0,51280600.0,26448540.0,20329520.0,6511270.0,5876650.0,395009000.0,428546000.0,289530000.0,294860000.0,151801000.0,116684000.0,37562000.0,33813000.0
20260515,-1729780.0,70369150.0,69525570.0,45369630.0,44483430.0,18930370.0,21342910.0,5795800.0,5113040.0,431858000.0,426892000.0,278087000.0,272702000.0,116080000.0,130802000.0,35640000.0,31269000.0
20260518,571560.0,34318710.0,34634010.0,23046770.0,23303030.0,9826770.0,10751700.0,3386380.0,1889890.0,213880000.0,215895000.0,143615000.0,145189000.0,61267000.0,67021000.0,21123000.0,11781000.0
20260519,-162240.0,37882640.0,37700800.0,23593360.0,23612960.0,8706040.0,8690180.0,1777910.0,1956010.0,237316000.0,236194000.0,147705000.0,147805000.0,54498000.0,54356000.0,11098000.0,12262000.0
20260520,-477810.0,39332610.0,40455020.0,30863450.0,29263230.0,12898090.0,12947010.0,4153330.0,4582220.0,243923000.0,250786000.0,191167000.0,181253000.0,79732000.0,80074000.0,25565000.0,28274000.0
20260521,-2160720.0,43333810.0,41856380.0,28750930.0,28067640.0,10653310.0,11369600.0,1971150.0,3415580.0,271196000.0,262035000.0,179674000.0,175417000.0,66605000.0,71052000.0,12467000.0,21439000.0
20260522,2471280.0,36055270.0,35827920.0,23606300.0,26304920.0,9914870.0,11943990.0,9542690.0,5042290.0,230638000.0,228837000.0,151089000.0,167973000.0,63413000.0,76140000.0,59595000.0,31786000.0
20260525,1708700.0,42186820.0,45481760.0,27023180.0,25436940.0,12755120.0,11314930.0,3630920.0,3362410.0,271068000.0,292359000.0,173585000.0,163398000.0,81911000.0,72596000.0,23322000.0,21533000.0
20260526,-1063040.0,34205010.0,33739230.0,23750540.0,23153280.0,10478580.0,9970260.0,2483110.0,4054470.0,223503000.0,220487000.0,155161000.0,151236000.0,68517000.0,65166000.0,16186000.0,26478000.0
20260527,2205600.0,39313870.0,39452010.0,32038050.0,34105510.0,14975220.0,13977590.0,10029960.0,8821990.0,254386000.0,255220000.0,207323000.0,220712000.0,96826000.0,90244000.0,64909000.0,57269000.0
20260528,158290.0,36971670.0,36753620.0,21850160.0,22226500.0,10995960.0,10070480.0,2050890.0,2818080.0,245794000.0,244396000.0,145283000.0,147794000.0,73184000.0,66929000.0,13608000.0,18749000.0
20260529,332430.0,37652480.0,37295100.0,25016670.0,25706480.0,11359630.0,12132320.0,3152500.0,2047380.0,252765000.0,250365000.0,167838000.0,172432000.0,76222000.0,81385000.0,21162000.0,13806000.0
20260601,-843120.0,27555780.0,26260710.0,19264830.0,19716780.0,10504770.0,10006380.0,1886270.0,3227780.0,187788000.0,178982000.0,131207000.0,134339000.0,71594000.0,68191000.0,12832000.0,21908000.0
20260602,-1563040.0,35206450.0,33380020.0,22735500.0,22998890.0,9142280.0,9411670.0,4209460.0,5503110.0,248928000.0,235993000.0,160729000.0,162515000.0,64650000.0,66563000.0,29784000.0,39021000.0
20260603,-2001070.0,26610620.0,24909920.0,18220150.0,17919790.0,7505790.0,9277580.0,1737410.0,1966690.0,188618000.0,176618000.0,129145000.0,126981000.0,53223000.0,65738000.0,12301000.0,13952000.0
20260604,690900.0,28400070.0,28597840.0,21784150.0,22277270.0,10538510.0,9439110.0,2403290.0,2811790.0,203481000.0,204916000.0,156027000.0,159599000.0,75492000.0,67552000.0,17228000.0,20162000.0
20260605,-1521410.0,31645020.0,29151860.0,20621760.0,21593500.0,8929140.0,10651590.0,1725260.0,1524220.0,230903000.0,212752000.0,150515000.0,157603000.0,65092000.0,77645000.0,12657000.0,11167000.0
20260608,1533070.0,34330680.0,32663960.0,21243790.0,24443580.0,11190310.0,11146180.0,3803810.0,2314870.0,261577000.0,248764000.0,161780000.0,186315000.0,85246000.0,84957000.0,29071000.0,17638000.0
20260609,-3451770.0,32824070.0,29712430.0,18748500.0,18408350.0,6925920.0,9304360.0,1955750.0,3029080.0,252259000.0,228378000.0,144096000.0,141453000.0,53173000.0,71501000.0,15010000.0,23206000.0
20260610,-1699470.0,46145390.0,45625680.0,35159880.0,33980130.0,17423130.0,16163230.0,4957960.0,7917330.0,348631000.0,344652000.0,263685000.0,255573000.0,130098000.0,120932000.0,37274000.0,58531000.0
20260611,4285940.0,58269050.0,63985240.0,49544160.0,48113920.0,26839460.0,22131670.0,6375570.0,6797420.0,421220000.0,462646000.0,358020000.0,347768000.0,193793000.0,159867000.0,46032000.0,48782000.0
20260612,1400160.0,55358600.0,56745200.0,42721150.0,42734710.0,24560640.0,24499390.0,6434530.0,5095620.0,394321000.0,404304000.0,304234000.0,304309000.0,174984000.0,174505000.0,45677000.0,36099000.0
20260615,173440.0,31138310.0,31811230.0,25279810.0,24780320.0,12943120.0,12084460.0,3502060.0,4187280.0,229704000.0,234709000.0,186475000.0,182776000.0,95448000.0,89105000.0,25811000.0,30848000.0
20260616,-3683350.0,30734830.0,28142210.0,24363550.0,23272820.0,12320790.0,14731980.0,2623310.0,3895470.0,227337000.0,208150000.0,180261000.0,172129000.0,91119000.0,108945000.0,19426000.0,28919000.0
20260617,-1824290.0,33196280.0,31629880.0,19354850.0,19096970.0,10868420.0,11242760.0,1172070.0,2622020.0,251085000.0,239175000.0,146276000.0,144353000.0,82246000.0,85087000.0,8887000.0,19879000.0
20260618,-618360.0,33819330.0,32775350.0,19367730.0,19793360.0,10457210.0,9456080.0,1568160.0,3187650.0,261027000.0,252961000.0,149412000.0,152710000.0,80765000.0,73016000.0,12138000.0,24655000.0
20260622,-2848560.0,48308690.0,48832100.0,34794650.0,31422670.0,15832730.0,15857580.0,3026350.0,5850060.0,381258000.0,385598000.0,275012000.0,248231000.0,125114000.0,125155000.0,23855000.0,46255000.0
20260623,138740.0,41583640.0,41038090.0,22439760.0,23124060.0,11932720.0,11874600.0,1794400.0,1713780.0,327453000.0,323514000.0,176767000.0,182089000.0,94232000.0,93602000.0,14278000.0,13525000.0
20260624,-84060.0,34137830.0,35021630.0,19541430.0,18573590.0,10301340.0,10028070.0,1229330.0,1586660.0,279736000.0,287028000.0,160140000.0,152208000.0,84492000.0,82232000.0,10060000.0,12961000.0
20260625,477760.0,36464870.0,37684620.0,22975010.0,22233030.0,9978580.0,9459210.0,2081660.0,2123270.0,298121000.0,308187000.0,187687000.0,181610000.0,81645000.0,77318000.0,16996000.0,17335000.0
20260626,4677240.0,48951120.0,54041910.0,33302210.0,32888650.0,16264770.0,13147490.0,5011230.0,3451270.0,398757000.0,440961000.0,270590000.0,266941000.0,131946000.0,106550000.0,41118000.0,27959000.0
20260629,-3635570.0,38873490.0,36778930.0,24552240.0,23011240.0,12010240.0,11246320.0,3045770.0,7445260.0,324009000.0,306630000.0,205023000.0,192014000.0,100467000.0,93875000.0,25419000.0,62399000.0
20260630,-842220.0,32037020.0,31447620.0,21802060.0,21549240.0,11157100.0,11522900.0,2050290.0,2526710.0,263615000.0,258835000.0,179415000.0,177297000.0,91819000.0,94836000.0,16892000.0,20773000.0
20260701,3386000.0,50093450.0,51991690.0,32471710.0,33959470.0,16483180.0,14101310.0,6389880.0,5385750.0,408422000.0,422907000.0,263952000.0,276088000.0,133495000.0,114781000.0,51576000.0,43669000.0
20260702,-204130.0,38855930.0,38600450.0,25326070.0,25377420.0,9965950.0,10643920.0,3750480.0,3276640.0,315090000.0,313063000.0,205202000.0,205573000.0,80820000.0,86255000.0,30394000.0,26615000.0
20260703,1057100.0,38454860.0,38916400.0,25256660.0,25852220.0,11892240.0,11434330.0,2517060.0,1917870.0,323840000.0,327849000.0,212638000.0,217634000.0,100161000.0,96258000.0,21259000.0,16158000.0
20260706,-1105210.0,34310410.0,33347100.0,21684360.0,21542460.0,8310780.0,9233920.0,2282430.0,2464500.0,290867000.0,282905000.0,183698000.0,182431000.0,70536000.0,78185000.0,19403000.0,20983000.0
20260707,212820.0,25578470.0,25514040.0,16298680.0,16575920.0,7918870.0,7581180.0,1758670.0,1883540.0,221226000.0,220690000.0,140915000.0,143355000.0,68551000.0,65537000.0,15214000.0,16323000.0
20260708,-1554600.0,25710460.0,24024420.0,18582820.0,18714250.0,8234650.0,9871120.0,1758190.0,1676320.0,227997000.0,213012000.0,164752000.0,165845000.0,72936000.0,87654000.0,15687000.0,14862000.0
20260709,-3626720.0,28311220.0,24748940.0,18748180.0,18683730.0,8376730.0,9198410.0,1097290.0,3902330.0,256126000.0,223940000.0,169688000.0,169076000.0,75909000.0,83274000.0,9953000.0,35385000.0
20260710,-1098030.0,45922680.0,46973470.0,28627640.0,26478830.0,10072900.0,9978550.0,1235190.0,2427570.0,402558000.0,411779000.0,250973000.0,232192000.0,88416000.0,87581000.0,10787000.0,21182000.0
20260713,1736550.0,36495160.0,36996610.0,20492020.0,21727120.0,9098360.0,9851640.0,3117970.0,628140.0,335290000.0,339875000.0,187967000.0,199361000.0,83628000.0,90539000.0,28673000.0,5783000.0
20260714,-1222150.0,23379280.0,21922860.0,14331450.0,14565710.0,5369600.0,6086110.0,668260.0,1173900.0,220159000.0,206458000.0,134937000.0,137134000.0,50571000.0,57291000.0,6283000.0,11066000.0
20260715,-1547810.0,32177190.0,29541130.0,16248360.0,17336590.0,8566580.0,9469530.0,2483220.0,3128080.0,297038000.0,272636000.0,150092000.0,160111000.0,78912000.0,87349000.0,22860000.0,28806000.0
20260716,406710.0,20859620.0,20845800.0,13108350.0,13528870.0,6915430.0,6469700.0,1065660.0,1104680.0,193811000.0,193678000.0,121872000.0,125743000.0,64290000.0,60202000.0,9943000.0,10293000.0
20260717,875690.0,30353570.0,29092880.0,15986600.0,18122970.0,8029320.0,8739800.0,3521410.0,1935240.0,286685000.0,274721000.0,150870000.0,171204000.0,75772000.0,82495000.0,33271000.0,18178000.0
20260720,-865890.0,29047890.0,28527560.0,16491690.0,16146120.0,7398750.0,6410440.0,1159410.0,3013610.0,276378000.0,271498000.0,156907000.0,153543000.0,70359000.0,60946000.0,10998000.0,28655000.0
20260721,-55890.0,30030310.0,30360900.0,17722930.0,17336460.0,7813610.0,7724220.0,1978060.0,2123340.0,282614000.0,285787000.0,166769000.0,163142000.0,73531000.0,72659000.0,18621000.0,19948000.0
20260722,-4350160.0,40600630.0,36195040.0,22396470.0,22451910.0,10978060.0,13659650.0,2640970.0,4309540.0,369779000.0,329603000.0,204105000.0,204644000.0,99951000.0,124477000.0,24061000.0,39171000.0
20260723,-431220.0,42981820.0,41135920.0,23049100.0,24463790.0,10252750.0,12361360.0,4156220.0,2478830.0,378138000.0,361687000.0,202710000.0,215014000.0,90087000.0,108720000.0,36204000.0,21719000.0
20260724,2046130.0,24778410.0,25931380.0,12639400.0,13532560.0,6767890.0,5719480.0,2454020.0,1456300.0,218977000.0,229187000.0,111632000.0,119419000.0,59788000.0,50569000.0,21548000.0,12770000.0
20260727,-1080100.0,25375810.0,23831820.0,15161900.0,15625800.0,6527370.0,7649680.0,1070650.0,1028440.0,227453000.0,213642000.0,135952000.0,140079000.0,58505000.0,68570000.0,9586000.0,9205000.0
20260728,-1815830.0,22028550.0,20127400.0,10351350.0,10436670.0,4338600.0,5579740.0,571630.0,1146320.0,197182000.0,180177000.0,92594000.0,93368000.0,38795000.0,49900000.0,5106000.0,10232000.0
20260729,-2391430.0,37986330.0,36402330.0,24900040.0,24092620.0,8966200.0,10520130.0,2706940.0,3544440.0,330895000.0,317117000.0,217024000.0,210098000.0,78422000.0,91689000.0,23566000.0,31002000.0
20260730,-1644130.0,45567850.0,45571880.0,26938760.0,25290610.0,11991540.0,13479560.0,4031320.0,4187430.0,385792000.0,385643000.0,227821000.0,213814000.0,101385000.0,114035000.0,33977000.0,35483000.0
20260731,1911730.0,27561190.0,29959100.0,17735240.0,17249060.0,9055150.0,6409100.0,1542730.0,2277050.0,235439000.0,255917000.0,151534000.0,147368000.0,77390000.0,54747000.0,13204000.0,19535000.0
20260803,38001740.0,30654800.0,60363460.0,38770410.0,47063480.0,40003490.0,33789220.0,45511720.0,13724250.0,248237000.0,485216000.0,313970000.0,378791000.0,322392000.0,271829000.0,361266000.0,110028000.0
20260804,-2589540.0,48128130.0,43089050.0,42753350.0,45202890.0,31487590.0,34824290.0,14532250.0,13785090.0,374056000.0,334887000.0,332126000.0,351183000.0,244647000.0,270557000.0,112927000.0,107129000.0
20260805,1633130.0,36327400.0,39153110.0,31044510.0,29851930.0,24400200.0,24135510.0,8563630.0,7195190.0,285783000.0,307253000.0,243827000.0,234632000.0,191467000.0,189512000.0,67013000.0,56693000.0
20260806,-15718000.0,45171020.0,29934800.0,33096650.0,32614870.0,20916120.0,28697520.0,6191810.0,14128410.0,366004000.0,242901000.0,268145000.0,264192000.0,169500000.0,232082000.0,50011000.0,114485000.0
20260807,25802980.0,52569090.0,73662590.0,57690190.0,62399670.0,56104100.0,46184730.0,31719570.0,15835960.0,404078000.0,565404000.0,443025000.0,478966000.0,431137000.0,354994000.0,242800000.0,121676000.0
20260810,-10242600.0,44368040.0,34465290.0,35107550.0,34767710.0,24597730.0,31888670.0,11661910.0,14613570.0,347089000.0,269430000.0,274390000.0,271589000.0,192089000.0,249256000.0,91049000.0,114342000.0
20260811,4868250.0,29423370.0,30894260.0,27491350.0,30888720.0,22990290.0,21159760.0,10819900.0,7782180.0,230795000.0,241686000.0,215472000.0,241967000.0,179817000.0,165659000.0,84281000.0,61052000.0
20260812,34933390.0,39548240.0,64453930.0,49664660.0,59692370.0,51160920.0,33650800.0,32472080.0,15048810.0,299736000.0,486623000.0,375790000.0,451223000.0,386563000.0,254773000.0,244488000.0,113959000.0
20260813,-15932280.0,52027340.0,39928800.0,42146080.0,38312340.0,26539070.0,33319310.0,15582210.0,24734250.0,397423000.0,305235000.0,321748000.0,292367000.0,202508000.0,254211000.0,119351000.0,189217000.0
20260814,1449320.0,20031680.0,22599220.0,21083330.0,19965120.0,18539830.0,15890170.0,11070280.0,12270620.0,156697000.0,176670000.0,164792000.0,156071000.0,144856000.0,124221000.0,86603000.0,95986000.0
20260817,452680.0,23659830.0,26118460.0,27086130.0,25080190.0,21084610.0,22558650.0,11248070.0,9321350.0,181920000.0,200502000.0,207893000.0,192469000.0,161707000.0,173171000.0,86204000.0,71583000.0
20260818,-4607920.0,23280400.0,19638840.0,21521050.0,20554700.0,13726270.0,16448390.0,7908140.0,9793940.0,181917000.0,153258000.0,168028000.0,160441000.0,107104000.0,128486000.0,61844000.0,76708000.0
20260819,-7439060.0,25492350.0,15759940.0,18212330.0,20505680.0,12561260.0,16154480.0,4646460.0,8492300.0,205426000.0,126949000.0,146684000.0,165067000.0,101087000.0,130047000.0,37405000.0,68538000.0
20260820,73600.0,11676430.0,12096300.0,11913810.0,11567530.0,10261080.0,10144610.0,3297510.0,3340380.0,94821000.0,98218000.0,96700000.0,93904000.0,83316000.0,82344000.0,26787000.0,27158000.0
