trade_date,main_net_in,buy_sm_amount,sell_sm_amount,buy_md_amount,sell_md_amount,buy_lg_amount,sell_lg_amount,buy_elg_amount,sell_elg_amount,buy_sm_vol,sell_sm_vol,buy_md_vol,sell_md_vol,buy_lg_vol,sell_lg_vol,buy_elg_vol,sell_elg_vol
20190102,1111160.0,6383350.0,5670810.0,4163180.0,6011280.0,2130710.0,1566650.0,681830.0,134730.0,22973000.0,20387000.0,14967000.0,21608000.0,7635000.0,5621000.0,2438000.0,485000.0
20190103,1722650.0,6908860.0,10037650.0,11755300.0,10601730.0,8529110.0,7655420.0,1765660.0,916700.0,23780000.0,34495000.0,40395000.0,36417000.0,29252000.0,26320000.0,6058000.0,3143000.0
20190104,871770.0,6191810.0,6140830.0,5821020.0,6698610.0,3653230.0,3051910.0,270450.0,0.0,21241000.0,21045000.0,19947000.0,22965000.0,12509000.0,10460000.0,923000.0,0.0
20190107,3384060.0,9017040.0,10610370.0,10350520.0,12499430.0,8078090.0,8380320.0,4428880.0,742590.0,29703000.0,34940000.0,34158000.0,41241000.0,26661000.0,27647000.0,14590000.0,2466000.0
20190108,-1904220.0,7182740.0,8900580.0,12489590.0,8546250.0,2807850.0,4841530.0,517030.0,387570.0,23460000.0,28980000.0,40680000.0,27862000.0,9158000.0,15818000.0,1680000.0,1279000.0
20190109,-1691590.0,9059230.0,5630120.0,4625080.0,6296400.0,2844370.0,4546890.0,250400.0,239470.0,29442000.0,18293000.0,15035000.0,20464000.0,9246000.0,14785000.0,813000.0,779000.0
20190110,-6207940.0,11952490.0,7181830.0,8701060.0,7128560.0,3370020.0,8805320.0,0.0,772640.0,39258000.0,23500000.0,28471000.0,23341000.0,11052000.0,28959000.0,0.0,2548000.0
20190111,1518310.0,4642970.0,5590620.0,4875170.0,5445820.0,4299450.0,2672260.0,464690.0,573570.0,15082000.0,18146000.0,15828000.0,17669000.0,13941000.0,8668000.0,1499000.0,1868000.0
20190114,-43980.0,3809140.0,3342560.0,2443030.0,2865640.0,1473020.0,1563050.0,153500.0,107450.0,12426000.0,10900000.0,7969000.0,9349000.0,4811000.0,5106000.0,500000.0,350000.0
20190115,-325250.0,6774790.0,5200920.0,3489390.0,4738000.0,2776070.0,3271410.0,949020.0,778930.0,21891000.0,16782000.0,11256000.0,15284000.0,8946000.0,10554000.0,3048000.0,2522000.0
20190116,900820.0,5333540.0,5432340.0,4561670.0,5363690.0,2890080.0,2418040.0,823440.0,394660.0,16996000.0,17316000.0,14542000.0,17096000.0,9214000.0,7701000.0,2623000.0,1262000.0
20190117,-301000.0,4059340.0,3844270.0,3504970.0,3419040.0,995840.0,1296840.0,0.0,0.0,13055000.0,12358000.0,11251000.0,10985000.0,3201000.0,4164000.0,0.0,0.0
20190118,-939870.0,3316950.0,3263480.0,3304040.0,2417640.0,959520.0,1827140.0,246920.0,319170.0,10708000.0,10523000.0,10651000.0,7794000.0,3091000.0,5904000.0,799000.0,1029000.0
20190121,-428430.0,6853140.0,5762030.0,3502310.0,4165000.0,1460630.0,1403380.0,0.0,485680.0,21991000.0,18475000.0,11236000.0,13358000.0,4696000.0,4517000.0,0.0,1573000.0
20190122,-2889260.0,8563120.0,3875370.0,4013550.0,5812030.0,2248450.0,3635190.0,653090.0,2155610.0,28117000.0,12698000.0,13175000.0,19085000.0,7416000.0,11976000.0,2157000.0,7105000.0
20190123,-523840.0,6376680.0,4239480.0,3060060.0,4673430.0,1996340.0,2354290.0,121540.0,287430.0,20981000.0,13937000.0,10056000.0,15361000.0,6552000.0,7742000.0,400000.0,950000.0
20190124,3067270.0,5153510.0,5848660.0,3258000.0,5630120.0,5480720.0,4211810.0,2619880.0,821520.0,16555000.0,18786000.0,10462000.0,18039000.0,17531000.0,13470000.0,8377000.0,2631000.0
20190125,-2072550.0,5047000.0,3397410.0,3471490.0,3048520.0,2514440.0,3384670.0,264930.0,1467250.0,16257000.0,10944000.0,11188000.0,9818000.0,8100000.0,10905000.0,853000.0,4730000.0
20190128,352870.0,5611870.0,5792200.0,3859570.0,4032110.0,1861990.0,1361770.0,122150.0,269500.0,18303000.0,18908000.0,12579000.0,13133000.0,6066000.0,4423000.0,400000.0,884000.0
20190129,-2546970.0,6355430.0,3910780.0,3606050.0,3503720.0,1723360.0,3905330.0,0.0,365000.0,21347000.0,13071000.0,12131000.0,11758000.0,5816000.0,13219000.0,0.0,1245000.0
20190130,-586800.0,4533340.0,3333030.0,2693820.0,3307310.0,1453420.0,2227990.0,336270.0,148500.0,15107000.0,11085000.0,8970000.0,11017000.0,4839000.0,7430000.0,1115000.0,500000.0
20190131,220440.0,5249710.0,4282850.0,2660170.0,3847470.0,1560870.0,1490420.0,149990.0,0.0,17633000.0,14378000.0,8934000.0,12919000.0,5237000.0,5007000.0,500000.0,0.0
20190201,-233710.0,5289270.0,4610380.0,3099320.0,3544500.0,2128280.0,2499950.0,811890.0,673930.0,17689000.0,15432000.0,10391000.0,11860000.0,7105000.0,8340000.0,2712000.0,2265000.0
20190211,801730.0,4566980.0,4529330.0,4352700.0,5192090.0,3009380.0,2333340.0,523840.0,398150.0,14956000.0,14804000.0,14267000.0,17004000.0,9821000.0,7640000.0,1704000.0,1300000.0
20190212,1551240.0,4102620.0,5967710.0,5911330.0,5597480.0,4258900.0,2770790.0,374730.0,311600.0,13242000.0,19238000.0,19062000.0,18055000.0,13705000.0,8920000.0,1208000.0,1005000.0
20190213,5922320.0,6821320.0,9277210.0,9057050.0,12523470.0,13059280.0,7946710.0,3115720.0,2305970.0,21532000.0,29203000.0,28571000.0,39514000.0,41152000.0,25048000.0,9785000.0,7275000.0
20190214,3298030.0,5681490.0,10425740.0,10560780.0,9114560.0,8008180.0,4759250.0,835620.0,786520.0,17599000.0,32265000.0,32687000.0,28213000.0,24779000.0,14743000.0,2594000.0,2437000.0
20190215,-1766150.0,9963180.0,6949990.0,8567040.0,9814080.0,4297870.0,5524210.0,100460.0,640270.0,31388000.0,21912000.0,26995000.0,30895000.0,13562000.0,17436000.0,318000.0,2020000.0
20190218,7044060.0,8158180.0,12184540.0,10186180.0,13203880.0,11757310.0,8517130.0,5085250.0,1281370.0,24857000.0,37212000.0,31205000.0,40362000.0,35963000.0,26049000.0,15508000.0,3911000.0
20190219,-2211260.0,8661430.0,6882070.0,9363250.0,8931340.0,6520720.0,7725350.0,943660.0,1950290.0,26418000.0,20955000.0,28539000.0,27226000.0,19869000.0,23573000.0,2899000.0,5972000.0
20190220,-2052720.0,8368690.0,6483630.0,8192530.0,8024880.0,5419160.0,6932370.0,837480.0,1376990.0,25703000.0,19891000.0,25135000.0,24632000.0,16613000.0,21258000.0,2559000.0,4229000.0
20190221,2813240.0,11412610.0,9634510.0,11946950.0,16538310.0,9795250.0,8490360.0,4125860.0,2617510.0,34668000.0,29086000.0,36126000.0,50066000.0,29455000.0,25621000.0,12375000.0,7851000.0
20190222,-2753200.0,9426540.0,6010250.0,8252000.0,8915090.0,4628060.0,6803120.0,683750.0,1261890.0,29143000.0,18557000.0,25507000.0,27567000.0,14313000.0,21031000.0,2105000.0,3912000.0
20190225,7533580.0,9429130.0,14807120.0,18151820.0,20307410.0,18709130.0,13969300.0,7676040.0,4882290.0,28069000.0,43822000.0,54024000.0,60242000.0,55434000.0,41566000.0,22643000.0,14540000.0
20190226,-9750980.0,16519530.0,8749370.0,15219570.0,13238760.0,9220940.0,16144170.0,2079740.0,4907490.0,49282000.0,26073000.0,45375000.0,39437000.0,27473000.0,48181000.0,6190000.0,14630000.0
20190227,2601530.0,12277600.0,14372940.0,18313990.0,18820190.0,14836230.0,13996690.0,5578760.0,3816770.0,36423000.0,42357000.0,54170000.0,55533000.0,43679000.0,41446000.0,16409000.0,11345000.0
20190228,-2690850.0,10782820.0,8191540.0,11964940.0,11865360.0,10999110.0,12170520.0,3360000.0,4879440.0,31962000.0,24218000.0,35384000.0,35122000.0,32486000.0,35914000.0,9844000.0,14421000.0
20190301,-3295990.0,9533960.0,6492670.0,8150050.0,7895360.0,5879090.0,8026750.0,320150.0,1468480.0,28772000.0,19561000.0,24575000.0,23797000.0,17745000.0,24252000.0,969000.0,4450000.0
20190304,-2796170.0,11974600.0,10865560.0,15626520.0,13939380.0,14083780.0,15042510.0,3673650.0,5511090.0,35545000.0,32204000.0,46353000.0,41324000.0,41677000.0,44572000.0,10866000.0,16341000.0
20190305,-1875190.0,9926850.0,7893760.0,11151730.0,11309620.0,7980220.0,9649030.0,3732520.0,3938900.0,29685000.0,23544000.0,33315000.0,33754000.0,23799000.0,28820000.0,11097000.0,11779000.0
20190306,-5093150.0,12017590.0,9620530.0,15885420.0,13189330.0,10222090.0,13291080.0,2664430.0,4688590.0,35676000.0,28507000.0,47104000.0,39123000.0,30309000.0,39456000.0,7897000.0,13900000.0
20190307,-2909130.0,10676020.0,7630270.0,12665990.0,12802610.0,10222930.0,10755330.0,2398980.0,4775710.0,31920000.0,22782000.0,37845000.0,38253000.0,30533000.0,32147000.0,7166000.0,14283000.0
20190308,-5842430.0,14516270.0,8414590.0,13534480.0,13793720.0,9161080.0,11356320.0,1542930.0,5190120.0,44733000.0,25912000.0,41702000.0,42492000.0,28217000.0,34977000.0,4765000.0,16036000.0
20190311,-1379540.0,8311690.0,7236850.0,10220370.0,9915670.0,8532300.0,11018900.0,3611450.0,2504390.0,25779000.0,22398000.0,31669000.0,30722000.0,26408000.0,34140000.0,11163000.0,7759000.0
20190312,-684660.0,17487640.0,17026290.0,21700780.0,21477480.0,18161750.0,20197240.0,6075950.0,4725120.0,53385000.0,51543000.0,65906000.0,65151000.0,55046000.0,61516000.0,18293000.0,14420000.0
20190313,-4462170.0,15904960.0,13471690.0,20402700.0,18373810.0,14585070.0,19205430.0,5572340.0,5414150.0,47370000.0,39942000.0,60569000.0,54559000.0,43210000.0,57044000.0,16444000.0,16048000.0
20190314,-3500450.0,11790520.0,6836730.0,9938220.0,11391560.0,5738300.0,9635780.0,2332030.0,1935000.0,36637000.0,21227000.0,30860000.0,35358000.0,17807000.0,29935000.0,7223000.0,6008000.0
20190315,-2849440.0,9591950.0,8392230.0,10544280.0,8894560.0,5621330.0,6580860.0,914260.0,2804170.0,30047000.0,26263000.0,33005000.0,27837000.0,17586000.0,20600000.0,2863000.0,8800000.0
20190318,3715630.0,6648150.0,9623780.0,8740480.0,9480490.0,9189760.0,6114550.0,2504810.0,1864390.0,20487000.0,29637000.0,26953000.0,29216000.0,28344000.0,18875000.0,7690000.0,5745000.0
20190319,3850840.0,13696980.0,17581230.0,19301050.0,19267640.0,13835310.0,14920480.0,8030700.0,3094690.0,41134000.0,52723000.0,57943000.0,57787000.0,41478000.0,44798000.0,24038000.0,9285000.0
20190320,-4663340.0,11055840.0,8477640.0,12033170.0,9948040.0,5943280.0,8970160.0,1809980.0,3446440.0,33559000.0,25672000.0,36434000.0,30108000.0,17993000.0,27189000.0,5461000.0,10478000.0
20190321,-1668200.0,9571120.0,5644520.0,5542310.0,7800700.0,4968650.0,6153790.0,883310.0,1366370.0,28930000.0,17053000.0,16760000.0,23579000.0,15015000.0,18606000.0,2667000.0,4134000.0
20190322,-780580.0,6733810.0,7636560.0,11569770.0,9886430.0,10214870.0,9269120.0,2548540.0,4274870.0,20284000.0,22968000.0,34811000.0,29744000.0,30750000.0,27919000.0,7659000.0,12873000.0
20190325,8028660.0,17531740.0,21240290.0,22686790.0,27006910.0,25989740.0,23103090.0,12908700.0,7766690.0,51079000.0,61843000.0,66056000.0,78584000.0,75666000.0,67230000.0,37358000.0,22502000.0
20190326,-6549530.0,15103210.0,8678080.0,14674050.0,14549650.0,10463260.0,13543770.0,712890.0,4181910.0,45161000.0,25905000.0,43806000.0,43474000.0,31194000.0,40392000.0,2097000.0,12487000.0
20190327,-6635730.0,9409010.0,6027190.0,14124940.0,10871020.0,5460470.0,9601710.0,648660.0,3143150.0,29118000.0,18618000.0,43700000.0,33615000.0,16865000.0,29701000.0,1996000.0,9745000.0
20190328,-1722860.0,7645220.0,7354420.0,7639610.0,6207540.0,3911350.0,4851310.0,756670.0,1539570.0,23513000.0,22583000.0,23412000.0,19035000.0,11988000.0,14894000.0,2319000.0,4720000.0
20190329,-751880.0,6843080.0,6897520.0,8411000.0,7604680.0,6711800.0,5580100.0,575810.0,2459390.0,21029000.0,21171000.0,25824000.0,23345000.0,20586000.0,17136000.0,1766000.0,7553000.0
20190401,-2140650.0,9883510.0,8593000.0,12724650.0,11874500.0,11282860.0,13672160.0,3017660.0,2769010.0,29549000.0,25668000.0,38031000.0,35483000.0,33694000.0,40848000.0,8987000.0,8263000.0
20190402,825300.0,14089290.0,14996260.0,19111930.0,19030270.0,13661790.0,13359180.0,2999030.0,2476340.0,41518000.0,44102000.0,56233000.0,55949000.0,40122000.0,39287000.0,8791000.0,7326000.0
20190403,-5853680.0,11715390.0,6911520.0,11756650.0,10706830.0,6569900.0,9925420.0,1962070.0,4460230.0,35048000.0,20634000.0,35160000.0,31986000.0,19630000.0,29699000.0,5838000.0,13357000.0
20190404,3087560.0,9004880.0,12432780.0,11617550.0,11277220.0,13960600.0,11426590.0,5014190.0,4460640.0,26595000.0,36704000.0,34304000.0,33292000.0,41212000.0,33745000.0,14784000.0,13154000.0
20190408,-4043780.0,10852810.0,7445290.0,11683480.0,11047210.0,7300830.0,9444540.0,1642470.0,3542540.0,32392000.0,22179000.0,34806000.0,32915000.0,21748000.0,28132000.0,4891000.0,10610000.0
20190409,-2203230.0,6618220.0,4563470.0,7394070.0,7245580.0,4832940.0,7600090.0,1208360.0,644440.0,19886000.0,13702000.0,22207000.0,21751000.0,14503000.0,22821000.0,3618000.0,1940000.0
20190410,-2954300.0,7505820.0,5384080.0,9749380.0,8916810.0,7399860.0,11604630.0,2351920.0,1101450.0,22504000.0,16132000.0,29210000.0,26717000.0,22161000.0,34744000.0,7026000.0,3308000.0
20190411,-2531250.0,8229200.0,5496920.0,9066250.0,9267270.0,8130770.0,8390290.0,961380.0,3233110.0,24664000.0,16424000.0,27119000.0,27711000.0,24278000.0,25082000.0,2855000.0,9698000.0
20190412,-2103560.0,6916930.0,5375270.0,6984580.0,6422680.0,5012500.0,5492950.0,0.0,1623110.0,21142000.0,16396000.0,21337000.0,19610000.0,15291000.0,16791000.0,0.0,4973000.0
20190415,-850560.0,7849210.0,6761310.0,7650960.0,7888290.0,7102970.0,8217840.0,1240110.0,975800.0,23728000.0,20416000.0,23100000.0,23817000.0,21425000.0,24790000.0,3726000.0,2956000.0
20190416,-1183050.0,6235650.0,5512630.0,7343020.0,6882990.0,7238600.0,9806090.0,3542850.0,2158410.0,19013000.0,16778000.0,22375000.0,20951000.0,22022000.0,29921000.0,10783000.0,6542000.0
20190417,-1127130.0,5905690.0,4951010.0,7021540.0,6849100.0,4385650.0,6185590.0,1042480.0,369670.0,17862000.0,14958000.0,21226000.0,20694000.0,13249000.0,18711000.0,3146000.0,1119000.0
20190418,9773190.0,11253320.0,16695320.0,17405140.0,21736330.0,19632780.0,12608870.0,8016560.0,5267280.0,33203000.0,49187000.0,51291000.0,64021000.0,57828000.0,37165000.0,23609000.0,15558000.0
20190419,-3907940.0,11359500.0,6669900.0,10985360.0,11767000.0,7160000.0,10933650.0,3866990.0,4001280.0,34021000.0,19942000.0,32877000.0,35187000.0,21413000.0,32716000.0,11523000.0,11989000.0
20190422,-1694180.0,7504600.0,6250540.0,9454160.0,9014040.0,7461250.0,6746920.0,1958980.0,4367490.0,22351000.0,18573000.0,28112000.0,26789000.0,22149000.0,20072000.0,5836000.0,13015000.0
20190423,-7408680.0,11044500.0,4700590.0,10509900.0,9445140.0,7397680.0,12331680.0,940890.0,3415570.0,33905000.0,14404000.0,32227000.0,28975000.0,22704000.0,37831000.0,2898000.0,10523000.0
20190424,-1304420.0,7615250.0,5035240.0,6680960.0,7956540.0,3323030.0,4243130.0,126020.0,510340.0,23749000.0,15689000.0,20821000.0,24791000.0,10361000.0,13242000.0,391000.0,1601000.0
20190425,-6341940.0,12299500.0,4804370.0,9385280.0,10538480.0,4930060.0,8941420.0,1332810.0,3663390.0,39224000.0,15321000.0,29883000.0,33586000.0,15761000.0,28530000.0,4263000.0,11694000.0
20190426,-1371640.0,6476900.0,4802220.0,5841000.0,6144030.0,3591410.0,4165890.0,473360.0,1270520.0,21252000.0,15753000.0,19188000.0,20160000.0,11794000.0,13681000.0,1561000.0,4201000.0
20190429,-1830270.0,7747680.0,6281790.0,8852400.0,8488030.0,4907630.0,6824360.0,1095070.0,1008610.0,24920000.0,20154000.0,28430000.0,27280000.0,15763000.0,21956000.0,3511000.0,3233000.0
20190430,181880.0,5537740.0,3966810.0,5752860.0,7505670.0,4340520.0,3691280.0,1318070.0,1785430.0,17931000.0,12807000.0,18618000.0,24255000.0,14010000.0,11951000.0,4261000.0,5807000.0
20190506,-3169930.0,11504190.0,6480830.0,10951460.0,12804900.0,8496460.0,8541480.0,1286190.0,4411100.0,40019000.0,22622000.0,38186000.0,44700000.0,29595000.0,29700000.0,4561000.0,15339000.0
20190507,-1876790.0,7299600.0,4323720.0,6561810.0,7660900.0,4074520.0,4799380.0,110850.0,1262780.0,25951000.0,15346000.0,23323000.0,27210000.0,14483000.0,17087000.0,391000.0,4505000.0
20190508,292920.0,7404910.0,7241960.0,8476060.0,8931940.0,4482540.0,4620030.0,701860.0,271450.0,26065000.0,25466000.0,29805000.0,31420000.0,15744000.0,16214000.0,2440000.0,954000.0
20190509,2901470.0,8221230.0,10095490.0,11382930.0,12410140.0,8622510.0,6913530.0,2992160.0,1799670.0,27863000.0,34204000.0,38537000.0,42058000.0,29257000.0,23437000.0,10099000.0,6057000.0
20190510,-2329780.0,10607510.0,8971780.0,10833480.0,10139430.0,8126120.0,9129930.0,1456630.0,2782600.0,35650000.0,30094000.0,36369000.0,34017000.0,27260000.0,30669000.0,4863000.0,9362000.0
20190513,2629800.0,7560410.0,9678930.0,11011530.0,11522810.0,9235170.0,7859930.0,2226820.0,972260.0,24745000.0,31642000.0,35971000.0,37679000.0,30225000.0,25701000.0,7265000.0,3183000.0
20190514,-1318440.0,8628410.0,6126520.0,8024300.0,9207750.0,4755790.0,5650790.0,687070.0,1110510.0,28303000.0,20066000.0,26312000.0,30188000.0,15567000.0,18528000.0,2248000.0,3649000.0
20190515,-137570.0,6651300.0,6097690.0,5698150.0,6114200.0,2722200.0,2644210.0,439460.0,655020.0,21955000.0,20117000.0,18804000.0,20174000.0,8981000.0,8732000.0,1454000.0,2172000.0
20190516,-597400.0,7093010.0,6690480.0,7688100.0,7493220.0,6562380.0,7213870.0,497040.0,442950.0,23053000.0,21731000.0,24968000.0,24342000.0,21291000.0,23419000.0,1613000.0,1434000.0
20190517,-3091140.0,10248710.0,5122670.0,7459370.0,9494260.0,2802120.0,5129700.0,294130.0,1057690.0,33940000.0,16891000.0,24688000.0,31436000.0,9253000.0,17005000.0,978000.0,3528000.0
20190520,-1107060.0,7261090.0,7229340.0,6465270.0,5389980.0,3592840.0,4444880.0,259890.0,514910.0,24255000.0,24131000.0,21574000.0,17971000.0,11973000.0,14836000.0,870000.0,1734000.0
20190521,-1071910.0,6253180.0,5571880.0,5982880.0,5592280.0,4555100.0,5020150.0,1123170.0,1730030.0,21078000.0,18767000.0,20144000.0,18842000.0,15316000.0,16869000.0,3767000.0,5828000.0
20190522,-2776490.0,6120300.0,5462710.0,7496190.0,5377300.0,4667130.0,5959000.0,106690.0,1591310.0,20703000.0,18460000.0,25348000.0,18183000.0,15777000.0,20163000.0,364000.0,5386000.0
20190523,-2065040.0,6872880.0,4505640.0,5920880.0,6223080.0,3455720.0,4696920.0,253430.0,1077270.0,23479000.0,15323000.0,20205000.0,21250000.0,11794000.0,16049000.0,865000.0,3721000.0
20190524,165550.0,6608620.0,5032250.0,4905730.0,6647640.0,2312430.0,2256880.0,380150.0,270150.0,23024000.0,17505000.0,17082000.0,23156000.0,8023000.0,7851000.0,1326000.0,943000.0
20190527,903520.0,4463540.0,5957560.0,4996370.0,4405870.0,4652620.0,3967370.0,626740.0,408470.0,15437000.0,20586000.0,17240000.0,15182000.0,15997000.0,13652000.0,2146000.0,1400000.0
20190528,-1025660.0,5578680.0,4938680.0,5662430.0,5276780.0,4402510.0,4657360.0,569390.0,1340200.0,18991000.0,16784000.0,19266000.0,17945000.0,14972000.0,15854000.0,1931000.0,4576000.0
20190529,-2447830.0,6399420.0,5058100.0,5771980.0,4665470.0,3639560.0,4603860.0,406900.0,1890430.0,22011000.0,17383000.0,19855000.0,16044000.0,12533000.0,15848000.0,1404000.0,6528000.0
20190530,-333950.0,4493310.0,4095210.0,3654750.0,3718900.0,1925180.0,2483220.0,224090.0,0.0,15541000.0,14161000.0,12640000.0,12861000.0,6657000.0,8589000.0,774000.0,0.0
20190531,338000.0,4264860.0,4336060.0,3592210.0,3859020.0,3064140.0,2830810.0,381570.0,276900.0,14702000.0,14939000.0,12383000.0,13293000.0,10549000.0,9758000.0,1315000.0,958000.0
20190603,-970130.0,5698860.0,5130490.0,5537510.0,5135740.0,3235860.0,4053140.0,209970.0,362820.0,19622000.0,17645000.0,19063000.0,17654000.0,11121000.0,13972000.0,714000.0,1249000.0
20190604,-3793320.0,8115750.0,4015200.0,6034170.0,6341400.0,3246740.0,5277660.0,100100.0,1862500.0,28949000.0,14285000.0,21499000.0,22600000.0,11579000.0,18831000.0,356000.0,6667000.0
20190605,80490.0,3922000.0,3414590.0,2959400.0,3547300.0,1885010.0,1795370.0,103330.0,112480.0,13960000.0,12149000.0,10535000.0,12628000.0,6706000.0,6391000.0,367000.0,400000.0
20190606,-2085160.0,4878040.0,3274480.0,3839760.0,3358150.0,1591510.0,3158500.0,0.0,518170.0,17704000.0,11865000.0,13935000.0,12193000.0,5785000.0,11480000.0,0.0,1886000.0
20190610,99760.0,3621710.0,2815050.0,3062220.0,3968630.0,2298790.0,2015960.0,546450.0,729520.0,13106000.0,10174000.0,11080000.0,14354000.0,8303000.0,7291000.0,1974000.0,2644000.0
20190611,357000.0,6471390.0,5088010.0,10447310.0,12187690.0,5425950.0,4638860.0,500250.0,930340.0,23175000.0,18170000.0,37295000.0,43615000.0,19383000.0,16549000.0,1789000.0,3307000.0
20190612,-1276140.0,5597430.0,3660120.0,5944300.0,6605460.0,3986240.0,4153300.0,332780.0,1441860.0,19996000.0,13064000.0,21225000.0,23589000.0,14239000.0,14834000.0,1189000.0,5161000.0
20190613,-1256610.0,4253320.0,3282470.0,4867450.0,4581680.0,4027570.0,3635090.0,750960.0,2400050.0,15302000.0,11802000.0,17510000.0,16480000.0,14488000.0,13082000.0,2702000.0,8637000.0
20190614,-1315950.0,6314540.0,5147610.0,6688980.0,6539960.0,4433590.0,4590050.0,517480.0,1676970.0,22678000.0,18435000.0,23996000.0,23447000.0,15865000.0,16434000.0,1846000.0,6068000.0
20190617,-222680.0,4100610.0,2433560.0,4684050.0,6128420.0,2840100.0,2771910.0,280430.0,571300.0,15009000.0,8900000.0,17145000.0,22431000.0,10393000.0,10148000.0,1027000.0,2095000.0
20190618,43640.0,2993960.0,2585430.0,2372120.0,2824290.0,1067080.0,1189850.0,166410.0,0.0,10962000.0,9464000.0,8681000.0,10335000.0,3905000.0,4357000.0,608000.0,0.0
20190619,-1695400.0,5942030.0,3946690.0,5373030.0,5672970.0,3016410.0,4257450.0,741450.0,1195810.0,21438000.0,14230000.0,19386000.0,20461000.0,10881000.0,15364000.0,2673000.0,4323000.0
20190620,1072550.0,5922440.0,6209510.0,6825540.0,7611030.0,5855670.0,5337030.0,1619320.0,1065410.0,21187000.0,22198000.0,24411000.0,27216000.0,20906000.0,19074000.0,5782000.0,3797000.0
20190621,1898840.0,7630530.0,8121730.0,9037630.0,10445270.0,8027790.0,7105380.0,2005790.0,1029360.0,26692000.0,28374000.0,31593000.0,36506000.0,28042000.0,24853000.0,7001000.0,3594000.0
20190624,-1313780.0,6164800.0,5739670.0,7811900.0,6923260.0,3265000.0,4808870.0,381080.0,150990.0,21463000.0,19950000.0,27161000.0,24060000.0,11328000.0,16734000.0,1322000.0,530000.0
20190625,1479470.0,6443980.0,6644660.0,7768340.0,9047120.0,6222920.0,5786840.0,1143800.0,100410.0,22314000.0,22956000.0,26865000.0,31295000.0,21496000.0,20015000.0,3934000.0,344000.0
20190626,2494300.0,3625810.0,5688430.0,5862480.0,6294160.0,4939740.0,3191940.0,1190810.0,444310.0,12522000.0,19614000.0,20216000.0,21699000.0,17007000.0,10987000.0,4086000.0,1530000.0
20190627,3383930.0,4914930.0,7512030.0,7409050.0,8195890.0,9915530.0,6923970.0,1142830.0,750460.0,16698000.0,25486000.0,25163000.0,27814000.0,33639000.0,23510000.0,3866000.0,2556000.0
20190628,-2925350.0,7482980.0,4367240.0,4989830.0,5180220.0,2422290.0,4556620.0,0.0,791020.0,25794000.0,15037000.0,17196000.0,17840000.0,8343000.0,15714000.0,0.0,2742000.0
20190701,3886240.0,6315180.0,7307550.0,8517800.0,11411670.0,9127620.0,6143740.0,2425270.0,1522910.0,21520000.0,24860000.0,29003000.0,38844000.0,31082000.0,20938000.0,8237000.0,5199000.0
20190702,606910.0,5818070.0,5380830.0,7481850.0,8525990.0,5662150.0,4730610.0,587040.0,911670.0,19703000.0,18207000.0,25323000.0,28859000.0,19152000.0,16008000.0,1989000.0,3093000.0
20190703,2822140.0,6946370.0,10310890.0,12413140.0,11870760.0,8590620.0,6860230.0,1597530.0,505780.0,23235000.0,34506000.0,41563000.0,39714000.0,28726000.0,22958000.0,5347000.0,1692000.0
20190704,9804570.0,14514700.0,19930970.0,21020080.0,25408390.0,22084520.0,15202670.0,6156380.0,3233660.0,47380000.0,64719000.0,68330000.0,82571000.0,71574000.0,49312000.0,19807000.0,10490000.0
20190705,-249480.0,11302270.0,8757750.0,10000060.0,12295090.0,5737140.0,5551170.0,1475430.0,1910880.0,37657000.0,29156000.0,33313000.0,40970000.0,19113000.0,18478000.0,4897000.0,6376000.0
20190708,-2096200.0,8289400.0,6929730.0,8476510.0,7739970.0,5212730.0,6407820.0,418990.0,1320100.0,28554000.0,23858000.0,29197000.0,26644000.0,17964000.0,22097000.0,1446000.0,4562000.0
20190709,337290.0,3716520.0,4337790.0,4744050.0,4460070.0,2784180.0,2115760.0,207570.0,538700.0,12830000.0,14953000.0,16347000.0,15374000.0,9589000.0,7294000.0,718000.0,1863000.0
20190710,55200.0,5706570.0,5987530.0,7449470.0,7223700.0,3892520.0,4023090.0,401620.0,215850.0,19400000.0,20328000.0,25264000.0,24502000.0,13199000.0,13675000.0,1380000.0,738000.0
20190711,6390.0,3871790.0,3615190.0,4688420.0,4951410.0,2645460.0,2577540.0,343250.0,404780.0,13187000.0,12300000.0,15963000.0,16850000.0,8996000.0,8787000.0,1171000.0,1380000.0
20190712,1079430.0,3157780.0,4223980.0,4331790.0,4345030.0,3849020.0,2726220.0,138170.0,181540.0,10676000.0,14271000.0,14640000.0,14681000.0,12994000.0,9211000.0,466000.0,614000.0
20190715,110130.0,7048390.0,7927880.0,8842890.0,8073540.0,7245270.0,6800100.0,622570.0,957610.0,23500000.0,26414000.0,29495000.0,26911000.0,24146000.0,22703000.0,2067000.0,3179000.0
20190716,-375950.0,3792050.0,3246700.0,4602100.0,4771510.0,3481690.0,4001340.0,535120.0,391420.0,12542000.0,10729000.0,15216000.0,15772000.0,11499000.0,13228000.0,1768000.0,1296000.0
20190717,-719910.0,4725000.0,3618410.0,4046740.0,4433420.0,2922120.0,3511480.0,454560.0,585110.0,15673000.0,11991000.0,13419000.0,14702000.0,9690000.0,11654000.0,1506000.0,1941000.0
20190718,-1404110.0,4534580.0,2850380.0,3996330.0,4276420.0,1629280.0,2632100.0,0.0,401290.0,15255000.0,9580000.0,13443000.0,14381000.0,5480000.0,8864000.0,0.0,1353000.0
20190719,-471000.0,4592290.0,2852900.0,3968220.0,5236610.0,2011440.0,2482440.0,0.0,0.0,15453000.0,9586000.0,13356000.0,17639000.0,6769000.0,8354000.0,0.0,0.0
20190722,-1337720.0,5289660.0,4157690.0,4744840.0,4539100.0,2087950.0,3311190.0,0.0,114480.0,18126000.0,14228000.0,16255000.0,15548000.0,7150000.0,11363000.0,0.0,393000.0
20190723,-701020.0,2789490.0,2965130.0,4400330.0,3523680.0,2218540.0,2919560.0,0.0,0.0,9499000.0,10087000.0,14976000.0,11988000.0,7550000.0,9950000.0,0.0,0.0
20190724,4321810.0,9394560.0,11236710.0,12288150.0,14767810.0,12299020.0,9938310.0,3188230.0,1227130.0,30771000.0,36825000.0,40284000.0,48402000.0,40325000.0,32591000.0,10452000.0,4013000.0
20190725,-1940440.0,12795740.0,5277470.0,10071220.0,15649050.0,5867980.0,6299970.0,779820.0,2288270.0,41960000.0,17277000.0,33028000.0,51355000.0,19240000.0,20652000.0,2561000.0,7504000.0
20190726,5139580.0,10475860.0,13803030.0,11171970.0,12984390.0,10517160.0,5998920.0,3684150.0,3062810.0,34248000.0,45011000.0,36473000.0,42353000.0,34290000.0,19582000.0,11933000.0,9998000.0
20190729,1968150.0,11304360.0,6505820.0,9056830.0,15823520.0,8513940.0,4720520.0,494110.0,2319380.0,37241000.0,21413000.0,29819000.0,52134000.0,28035000.0,15527000.0,1629000.0,7650000.0
20190730,1464730.0,7692440.0,6863430.0,10338010.0,12631750.0,6489650.0,5390820.0,1629700.0,1263800.0,25519000.0,22758000.0,34287000.0,41895000.0,21528000.0,17892000.0,5410000.0,4199000.0
20190731,-459770.0,6666190.0,5940970.0,7685610.0,7951060.0,5246140.0,5520950.0,913380.0,1098340.0,22156000.0,19734000.0,25528000.0,26399000.0,17415000.0,18339000.0,3031000.0,3658000.0
20190801,-595100.0,11944690.0,8368880.0,9216420.0,12197130.0,7775370.0,8310080.0,2097950.0,2158340.0,39719000.0,27740000.0,30603000.0,40497000.0,25782000.0,27581000.0,6856000.0,7142000.0
20190802,-3502270.0,8315540.0,5913200.0,9779490.0,8679560.0,4182510.0,6622940.0,121720.0,1183560.0,28104000.0,19950000.0,33017000.0,29330000.0,14129000.0,22380000.0,418000.0,4008000.0
20190805,48770.0,10233970.0,7611950.0,11375600.0,14046390.0,7943010.0,7440830.0,2603440.0,3056850.0,34192000.0,25363000.0,37971000.0,46963000.0,26542000.0,24772000.0,8680000.0,10286000.0
20190806,-740340.0,8179560.0,7363340.0,8729540.0,8805420.0,4582140.0,5542490.0,809180.0,589170.0,28150000.0,25307000.0,30028000.0,30304000.0,15734000.0,19057000.0,2775000.0,2018000.0
20190807,-2389630.0,7348470.0,4625430.0,7543040.0,7876450.0,4329820.0,4411360.0,510810.0,2818900.0,25494000.0,15998000.0,26182000.0,27343000.0,15015000.0,15317000.0,1771000.0,9803000.0
20190808,261120.0,5439410.0,4719740.0,4512850.0,5493630.0,4753150.0,3780810.0,392090.0,1103310.0,18892000.0,16394000.0,15681000.0,19074000.0,16502000.0,13137000.0,1357000.0,3827000.0
20190809,-2765820.0,6697850.0,2759690.0,4284050.0,5456400.0,3025130.0,5187450.0,407100.0,1010600.0,23432000.0,9640000.0,15000000.0,19106000.0,10609000.0,18179000.0,1434000.0,3550000.0
20190812,259680.0,5098710.0,4061790.0,4887380.0,6183980.0,3763720.0,3478080.0,373980.0,399940.0,17940000.0,14270000.0,17192000.0,21746000.0,13205000.0,12224000.0,1310000.0,1407000.0
20190813,-296910.0,4936670.0,3704840.0,4264400.0,5199330.0,2941910.0,3208970.0,121580.0,151430.0,17432000.0,13074000.0,15057000.0,18356000.0,10376000.0,11331000.0,429000.0,533000.0
20190814,680.0,4131820.0,3670490.0,5449580.0,5911600.0,4633580.0,4724790.0,930060.0,838170.0,14517000.0,12886000.0,19138000.0,20759000.0,16262000.0,16600000.0,3268000.0,2941000.0
20190815,-1005080.0,4709620.0,3548960.0,5189970.0,5345550.0,3238670.0,3376440.0,611340.0,1478650.0,16717000.0,12592000.0,18417000.0,18962000.0,11494000.0,11985000.0,2161000.0,5249000.0
20190816,1148980.0,4171210.0,4263220.0,5028090.0,6085060.0,4079130.0,3124470.0,1115800.0,921480.0,14605000.0,14922000.0,17602000.0,21297000.0,14274000.0,10941000.0,3901000.0,3223000.0
20190819,2297160.0,6842520.0,10571730.0,14973920.0,13541860.0,7563340.0,8287830.0,4959590.0,1937940.0,23329000.0,36001000.0,51065000.0,46146000.0,25768000.0,28228000.0,16816000.0,6602000.0
20190820,892910.0,6920050.0,7492820.0,9941220.0,10261360.0,6546060.0,6967340.0,2237590.0,923400.0,23155000.0,25052000.0,33254000.0,34319000.0,21883000.0,23299000.0,7470000.0,3092000.0
20190821,1761480.0,6656060.0,5792540.0,7440490.0,10065490.0,6689480.0,5219140.0,1406140.0,1115000.0,22190000.0,19288000.0,24790000.0,33544000.0,22269000.0,17382000.0,4681000.0,3717000.0
20190822,6438720.0,7419170.0,10879790.0,9919490.0,12897590.0,16043810.0,10824320.0,2359240.0,1140010.0,24449000.0,35782000.0,32645000.0,42429000.0,52750000.0,35649000.0,7768000.0,3751000.0
20190823,-530680.0,8407200.0,7214250.0,8176060.0,8838340.0,7783180.0,8385810.0,1415690.0,1343740.0,27562000.0,23617000.0,26781000.0,28934000.0,25467000.0,27480000.0,4629000.0,4408000.0
20190826,1746930.0,6991360.0,8303120.0,8604070.0,9039250.0,8344890.0,6871280.0,778920.0,505600.0,22905000.0,27177000.0,28184000.0,29607000.0,27334000.0,22527000.0,2546000.0,1659000.0
20190827,4854870.0,8703720.0,12582800.0,13521410.0,14497200.0,12088330.0,9748940.0,5596020.0,3080540.0,28054000.0,40501000.0,43542000.0,46723000.0,38911000.0,31369000.0,17977000.0,9892000.0
20190828,2343610.0,13592170.0,15982440.0,23087040.0,23040370.0,23545330.0,20702830.0,5561210.0,6060100.0,43279000.0,50652000.0,73247000.0,73136000.0,74686000.0,65667000.0,17518000.0,19274000.0
20190829,-2377750.0,19988780.0,17941880.0,27881250.0,27550420.0,20479660.0,23846310.0,7520580.0,6531680.0,62866000.0,56339000.0,87721000.0,86679000.0,64390000.0,75006000.0,23576000.0,20530000.0
20190830,11465960.0,17955190.0,26540770.0,23458360.0,26338730.0,25504090.0,18851880.0,9011160.0,4197410.0,55573000.0,82034000.0,72537000.0,81383000.0,78801000.0,58340000.0,27782000.0,12936000.0
20190902,19253890.0,23125920.0,34171850.0,34395210.0,42603160.0,46877670.0,38999980.0,32473330.0,21097130.0,67376000.0,99516000.0,100295000.0,123855000.0,136598000.0,113476000.0,93596000.0,61018000.0
20190903,-2862700.0,28214690.0,25898890.0,37466370.0,36919460.0,39017030.0,45508410.0,22130370.0,18501690.0,78349000.0,71969000.0,103931000.0,102411000.0,108238000.0,125984000.0,61247000.0,51401000.0
20190904,-1833310.0,22704390.0,22079660.0,33999280.0,32790700.0,32678480.0,32824740.0,18057300.0,19744350.0,62376000.0,60457000.0,93355000.0,89865000.0,89572000.0,90074000.0,49391000.0,54297000.0
20190905,471680.0,20367360.0,17889640.0,26284700.0,29234100.0,32817500.0,33279610.0,17432260.0,16498470.0,55555000.0,48656000.0,71624000.0,79598000.0,89387000.0,90685000.0,47487000.0,45114000.0
20190906,-2928360.0,19609920.0,18789350.0,28974670.0,26866880.0,33757200.0,33873360.0,18167990.0,20980190.0,53475000.0,51022000.0,79033000.0,73091000.0,91810000.0,92258000.0,49291000.0,57238000.0
20190909,1272170.0,16389140.0,13454800.0,23176210.0,27382720.0,30838080.0,26539180.0,11367480.0,14394210.0,44416000.0,36394000.0,62771000.0,74134000.0,83506000.0,71890000.0,30763000.0,39038000.0
20190910,-15620660.0,26119550.0,15139290.0,32014440.0,27374030.0,32773600.0,37869170.0,21392300.0,31917390.0,71354000.0,41146000.0,87308000.0,74598000.0,89291000.0,103299000.0,58289000.0,87199000.0
20190911,-5152930.0,18330690.0,13584090.0,20515380.0,20109040.0,23815380.0,27996300.0,12074200.0,13046210.0,50770000.0,37554000.0,56803000.0,55663000.0,65889000.0,77495000.0,33390000.0,36140000.0
20190912,1404980.0,14154460.0,12345870.0,15824970.0,19038550.0,17551630.0,14800140.0,7873190.0,9219700.0,39610000.0,34497000.0,44274000.0,53233000.0,49078000.0,41424000.0,22010000.0,25819000.0
20190916,-7504640.0,13945140.0,9484710.0,17026830.0,13982620.0,16974140.0,18188080.0,5093410.0,11384110.0,39117000.0,26592000.0,47747000.0,39208000.0,47597000.0,50979000.0,14271000.0,31953000.0
20190917,-9308890.0,20161350.0,13460600.0,26182350.0,23574210.0,22279150.0,23039690.0,8131690.0,16680040.0,57951000.0,38564000.0,75211000.0,67620000.0,63915000.0,66254000.0,23301000.0,47940000.0
20190918,-6970730.0,14198310.0,8679480.0,13980450.0,12528550.0,11352740.0,14718340.0,1574150.0,5179280.0,41223000.0,25191000.0,40588000.0,36369000.0,32976000.0,42758000.0,4565000.0,15034000.0
20190919,3238440.0,12566920.0,16215680.0,18886140.0,18475830.0,15601220.0,14768000.0,7985070.0,5579850.0,36478000.0,47034000.0,54752000.0,53563000.0,45226000.0,42777000.0,23123000.0,16205000.0
20190920,-24064740.0,28298170.0,12971500.0,30116360.0,21378290.0,22777140.0,32734980.0,10622870.0,24729770.0,84191000.0,38489000.0,89578000.0,63493000.0,67691000.0,97373000.0,31592000.0,73697000.0
20190923,-8432400.0,16088100.0,11821930.0,17951370.0,13785130.0,16259020.0,19171070.0,5266840.0,10787190.0,48256000.0,35391000.0,53810000.0,41272000.0,48768000.0,57490000.0,15820000.0,32502000.0
20190924,2738420.0,10758290.0,14003820.0,15517230.0,15010120.0,14994760.0,12242540.0,6406720.0,6420520.0,32285000.0,41978000.0,46550000.0,45001000.0,44960000.0,36738000.0,19192000.0,19270000.0
20190925,-7617560.0,11071630.0,9243460.0,19369750.0,13580370.0,11101550.0,14511210.0,2799060.0,7006960.0,33629000.0,28033000.0,58844000.0,41215000.0,33707000.0,44112000.0,8515000.0,21335000.0
20190926,-7051360.0,18157400.0,10756860.0,19479860.0,19829040.0,13278500.0,17154400.0,2090300.0,5265760.0,56866000.0,33641000.0,60945000.0,62069000.0,41586000.0,53759000.0,6569000.0,16498000.0
20190927,907600.0,9675180.0,8072980.0,12782280.0,15292080.0,11241310.0,10804550.0,2309610.0,1838770.0,30661000.0,25588000.0,40516000.0,48461000.0,35625000.0,34241000.0,7313000.0,5825000.0
20190930,-1903180.0,11445730.0,10102440.0,11267300.0,10707410.0,8702990.0,9481190.0,2618440.0,3743420.0,36505000.0,32145000.0,35913000.0,34085000.0,27741000.0,30240000.0,8281000.0,11970000.0
20191008,-7430190.0,13056650.0,8563010.0,15465700.0,12529140.0,9564740.0,13083080.0,1600530.0,5512380.0,43081000.0,28182000.0,50997000.0,41296000.0,31505000.0,43170000.0,5286000.0,18221000.0
20191009,-1337240.0,9293320.0,6125320.0,11476600.0,13307370.0,8656470.0,8867800.0,1200080.0,2325990.0,31052000.0,20448000.0,38342000.0,44449000.0,28904000.0,29622000.0,4008000.0,7788000.0
20191010,-1114990.0,7835230.0,5606680.0,8919480.0,10033040.0,8936820.0,9292610.0,2525310.0,3284510.0,26055000.0,18631000.0,29645000.0,33335000.0,29686000.0,30895000.0,8385000.0,10910000.0
20191011,-527630.0,8415560.0,7460060.0,9928090.0,10355970.0,11899240.0,10638210.0,1115210.0,2903870.0,28059000.0,24817000.0,33074000.0,34458000.0,39606000.0,35475000.0,3718000.0,9707000.0
20191014,2719090.0,10587420.0,12381050.0,17591960.0,18517420.0,18468880.0,17167270.0,5455430.0,4037950.0,34617000.0,40429000.0,57517000.0,60484000.0,60313000.0,56152000.0,17809000.0,13192000.0
20191015,-3130770.0,11984990.0,10245340.0,13162090.0,11770960.0,11013680.0,10483370.0,2107600.0,5768680.0,39908000.0,34135000.0,43817000.0,39173000.0,36667000.0,34904000.0,7008000.0,19189000.0
20191016,-2284440.0,6373780.0,5536520.0,9517940.0,8070750.0,4832650.0,6265620.0,414920.0,1266390.0,21303000.0,18472000.0,31794000.0,26949000.0,16130000.0,20953000.0,1384000.0,4236000.0
20191017,-5873770.0,8586940.0,4440240.0,9217420.0,7490350.0,5651780.0,8962630.0,1600970.0,4163890.0,28968000.0,14952000.0,31087000.0,25268000.0,19074000.0,30249000.0,5406000.0,14067000.0
20191018,-4755810.0,9463110.0,5390920.0,9432950.0,8749320.0,6340830.0,8504620.0,759580.0,3351600.0,32310000.0,18359000.0,32228000.0,29820000.0,21647000.0,29091000.0,2610000.0,11526000.0
20191021,-581640.0,6337160.0,4746720.0,6361290.0,7370080.0,5332780.0,5775580.0,786050.0,924890.0,21941000.0,16395000.0,22020000.0,25508000.0,18427000.0,19978000.0,2717000.0,3225000.0
20191022,-771090.0,5895300.0,5583330.0,6927220.0,6468100.0,4887650.0,6774610.0,2325550.0,1209680.0,20222000.0,19118000.0,23742000.0,22155000.0,16750000.0,23228000.0,7931000.0,4143000.0
20191023,-1947510.0,5760190.0,4926760.0,7262480.0,6148400.0,5489070.0,6538360.0,800540.0,1698760.0,19781000.0,16910000.0,24934000.0,21102000.0,18839000.0,22456000.0,2742000.0,5828000.0
20191024,-2067520.0,5322140.0,3972150.0,6940470.0,6222950.0,5151520.0,5774980.0,1089030.0,2533090.0,18397000.0,13689000.0,23964000.0,21461000.0,17767000.0,19935000.0,3751000.0,8794000.0
20191025,2904780.0,9825380.0,11420480.0,12538590.0,13848260.0,13904360.0,10626610.0,4638540.0,5011510.0,33083000.0,38480000.0,42220000.0,46674000.0,46882000.0,35822000.0,15668000.0,16878000.0
20191028,672790.0,8860780.0,9345120.0,11769290.0,11957740.0,10581130.0,7750640.0,1625610.0,3783310.0,29861000.0,31443000.0,39626000.0,40219000.0,35573000.0,26101000.0,5451000.0,12748000.0
20191029,-269650.0,5213370.0,5380900.0,7580190.0,7143010.0,7009970.0,6309940.0,262510.0,1232190.0,17550000.0,18099000.0,25506000.0,24026000.0,23582000.0,21238000.0,881000.0,4156000.0
20191030,-3099830.0,7552260.0,4780250.0,8358520.0,8030700.0,7903060.0,8600900.0,2429260.0,4831250.0,25878000.0,16354000.0,28632000.0,27471000.0,27053000.0,29454000.0,8289000.0,16573000.0
20191031,-873440.0,5260300.0,4647730.0,7334810.0,7073930.0,5284220.0,5739390.0,760670.0,1178940.0,17969000.0,15842000.0,25037000.0,24139000.0,18020000.0,19584000.0,2585000.0,4046000.0
20191101,-273760.0,5327180.0,5098310.0,6565190.0,6520300.0,4707950.0,4346910.0,537920.0,1172720.0,18103000.0,17315000.0,22304000.0,22150000.0,15987000.0,14770000.0,1824000.0,3983000.0
20191104,-908790.0,6747630.0,5428310.0,8050460.0,8460990.0,8521810.0,7400250.0,870150.0,2900500.0,23118000.0,18550000.0,27565000.0,28933000.0,29134000.0,25331000.0,2980000.0,9983000.0
20191105,-2617620.0,6490710.0,4448420.0,6623470.0,6048140.0,5521930.0,7026000.0,1267310.0,2380860.0,22281000.0,15255000.0,22729000.0,20744000.0,18945000.0,24112000.0,4339000.0,8183000.0
20191106,82950.0,18416490.0,19034970.0,25632590.0,25097070.0,23989140.0,25807140.0,9154530.0,7253580.0,60979000.0,62954000.0,84817000.0,83037000.0,79379000.0,85363000.0,30297000.0,24118000.0
20191107,-8341980.0,14083890.0,8888390.0,15394110.0,12247620.0,10757880.0,12942050.0,927570.0,7085380.0,48049000.0,30303000.0,52522000.0,41763000.0,36697000.0,44155000.0,3146000.0,24193000.0
20191108,-5302570.0,8812150.0,4158710.0,7100990.0,6451860.0,5957990.0,9258080.0,713830.0,2716310.0,30259000.0,14270000.0,24376000.0,22146000.0,20454000.0,31792000.0,2452000.0,9332000.0
20191111,-6507550.0,11089670.0,4669810.0,9511770.0,9424090.0,11047590.0,15317270.0,3593640.0,5831510.0,39219000.0,16501000.0,33622000.0,33282000.0,39043000.0,54161000.0,12726000.0,20665000.0
20191112,-1875730.0,6017770.0,3824800.0,6118910.0,6436150.0,4239280.0,5686090.0,1232810.0,1661730.0,21637000.0,13730000.0,21985000.0,23109000.0,15222000.0,20440000.0,4425000.0,5990000.0
20191113,-445250.0,4177930.0,3440240.0,4223850.0,4516310.0,2922170.0,3398160.0,266300.0,235560.0,14995000.0,12340000.0,15157000.0,16209000.0,10490000.0,12201000.0,953000.0,846000.0
20191114,162580.0,3175860.0,2800800.0,3951650.0,4489290.0,4032020.0,3774400.0,974240.0,1069280.0,11369000.0,10024000.0,14145000.0,16070000.0,14428000.0,13507000.0,3487000.0,3828000.0
20191115,49750.0,4204720.0,3879440.0,5149680.0,5524710.0,3777530.0,4331050.0,1180170.0,576900.0,15078000.0,13885000.0,18451000.0,19807000.0,13550000.0,15548000.0,4229000.0,2070000.0
20191118,464280.0,3310600.0,4178070.0,5394270.0,4991090.0,3884330.0,3929200.0,927260.0,418110.0,11815000.0,14880000.0,19221000.0,17781000.0,13844000.0,14025000.0,3306000.0,1500000.0
20191119,130410.0,3952210.0,4108940.0,5021190.0,4994860.0,5189340.0,5170530.0,1171210.0,1059610.0,13931000.0,14471000.0,17700000.0,17604000.0,18281000.0,18227000.0,4128000.0,3738000.0
20191120,-1796020.0,5127260.0,2621740.0,5765580.0,6475080.0,4310890.0,5163900.0,1226500.0,2169510.0,18182000.0,9294000.0,20442000.0,22952000.0,15277000.0,18292000.0,4357000.0,7719000.0
20191121,3539080.0,4643830.0,7204900.0,7509950.0,8487970.0,8221070.0,5790270.0,2141010.0,1032730.0,16325000.0,25285000.0,26378000.0,29801000.0,28854000.0,20344000.0,7510000.0,3637000.0
20191122,-2974460.0,6009180.0,4041350.0,6601840.0,5595210.0,5425950.0,7307310.0,1185520.0,2278620.0,21132000.0,14194000.0,23207000.0,19664000.0,19055000.0,25686000.0,4156000.0,8006000.0
20191125,-4801150.0,5825360.0,2526080.0,7214470.0,5712600.0,4398030.0,7891870.0,853390.0,2160700.0,20873000.0,9043000.0,25845000.0,20459000.0,15752000.0,28278000.0,3056000.0,7746000.0
20191126,284120.0,3764170.0,4225700.0,4710570.0,4533150.0,4613050.0,5654330.0,3489430.0,2164030.0,13396000.0,15007000.0,16746000.0,16105000.0,16377000.0,20071000.0,12302000.0,7638000.0
20191127,-141340.0,3207380.0,2501120.0,3493820.0,4058740.0,2798030.0,2412920.0,107200.0,633650.0,11440000.0,8915000.0,12461000.0,14473000.0,9976000.0,8611000.0,383000.0,2261000.0
20191128,-1070130.0,3202650.0,1972660.0,2957970.0,3117820.0,2211650.0,2532730.0,672600.0,1421650.0,11467000.0,7060000.0,10591000.0,11162000.0,7919000.0,9069000.0,2410000.0,5095000.0
20191129,670570.0,2743010.0,2882740.0,3089960.0,3620800.0,3439370.0,3156260.0,1408810.0,1021350.0,9787000.0,10278000.0,11021000.0,12908000.0,12254000.0,11252000.0,5026000.0,3650000.0
20191202,915890.0,2959190.0,3996130.0,3643160.0,3522120.0,4099600.0,3210650.0,621530.0,594590.0,10491000.0,14157000.0,12911000.0,12480000.0,14527000.0,11383000.0,2201000.0,2109000.0
20191203,6988400.0,6778860.0,11617420.0,12103260.0,14253100.0,13007970.0,11101840.0,6875140.0,1792870.0,23422000.0,40132000.0,41814000.0,49242000.0,44936000.0,38383000.0,23760000.0,6176000.0
20191204,1298960.0,9182410.0,8510230.0,9505390.0,11476510.0,9132630.0,9276060.0,3772980.0,2330590.0,31251000.0,28913000.0,32311000.0,39021000.0,31016000.0,31545000.0,12836000.0,7934000.0
20191205,2249110.0,11806920.0,13309570.0,15029220.0,15775670.0,12739130.0,14932970.0,8862050.0,4419100.0,39198000.0,44096000.0,49777000.0,52292000.0,42248000.0,49485000.0,29261000.0,14611000.0
20191206,-4797390.0,8802020.0,5238550.0,8843620.0,7609710.0,6264140.0,8504750.0,817850.0,3374630.0,29298000.0,17425000.0,29428000.0,25326000.0,20859000.0,28317000.0,2724000.0,11241000.0
20191209,1442230.0,5984500.0,5659130.0,7109690.0,8877290.0,8474350.0,6547220.0,1771430.0,2256330.0,20000000.0,18881000.0,23745000.0,29638000.0,28288000.0,21865000.0,5901000.0,7550000.0
20191210,-39100.0,6366140.0,6561210.0,5940640.0,5706470.0,4714210.0,4256990.0,1328010.0,1824330.0,21248000.0,21891000.0,19821000.0,19042000.0,15728000.0,14203000.0,4422000.0,6082000.0
20191211,3348460.0,6251050.0,7848630.0,7806850.0,9557730.0,10891380.0,9725690.0,4773110.0,2590340.0,20563000.0,25797000.0,25674000.0,31429000.0,35808000.0,31983000.0,15710000.0,8546000.0
20191212,-2203020.0,6692780.0,5142470.0,7293350.0,6640640.0,4605440.0,5206980.0,1079710.0,2681190.0,22157000.0,17000000.0,24123000.0,21969000.0,15236000.0,17214000.0,3574000.0,8907000.0
20191213,-1117590.0,8540390.0,6711090.0,9769810.0,10481520.0,7542320.0,8599330.0,994830.0,1055410.0,28533000.0,22411000.0,32640000.0,35014000.0,25192000.0,28723000.0,3314000.0,3531000.0
20191216,10444800.0,11240870.0,18369520.0,17961210.0,21277340.0,21464140.0,17665160.0,9381330.0,2735510.0,35890000.0,58686000.0,57421000.0,67940000.0,68468000.0,56360000.0,29855000.0,8648000.0
20191217,-1309900.0,19059470.0,15893610.0,18337860.0,20193820.0,19729390.0,20373140.0,7420220.0,8086370.0,58694000.0,48897000.0,56461000.0,62151000.0,60735000.0,62706000.0,22745000.0,24881000.0
20191218,-5588880.0,13087250.0,8038590.0,12652330.0,12112100.0,13713080.0,14942080.0,2314690.0,6674570.0,40997000.0,25169000.0,39643000.0,37956000.0,42971000.0,46841000.0,7229000.0,20875000.0
20191219,-510000.0,8526120.0,10697330.0,11558820.0,8877620.0,11622320.0,12757260.0,5859110.0,5234170.0,27046000.0,33917000.0,36646000.0,28103000.0,36835000.0,40462000.0,18546000.0,16592000.0
20191220,-4560330.0,7807510.0,4630810.0,7947070.0,6563440.0,6743410.0,9196110.0,2015590.0,4123220.0,25042000.0,14822000.0,25475000.0,21020000.0,21579000.0,29472000.0,6477000.0,13259000.0
20191223,1013830.0,6189700.0,9473970.0,10614370.0,8343930.0,7838260.0,7019990.0,1579870.0,1384310.0,19877000.0,30406000.0,34036000.0,26749000.0,25113000.0,22485000.0,5032000.0,4418000.0
20191224,5311130.0,6029790.0,9305530.0,9042380.0,11077760.0,14818720.0,9581020.0,1374460.0,1301030.0,19046000.0,29360000.0,28555000.0,34962000.0,46754000.0,30280000.0,4352000.0,4104000.0
20191225,-1406000.0,5951050.0,6379340.0,8728740.0,6894440.0,6350840.0,5687840.0,568080.0,2637080.0,18940000.0,20294000.0,27774000.0,21934000.0,20212000.0,18099000.0,1801000.0,8400000.0
20191226,-3299600.0,5431500.0,3610980.0,7347310.0,5868240.0,4491400.0,6439650.0,1418620.0,2769970.0,17432000.0,11572000.0,23574000.0,18817000.0,14397000.0,20664000.0,4553000.0,8903000.0
20191227,-1103030.0,5223340.0,4028540.0,6117670.0,6209440.0,5248800.0,4809570.0,752880.0,2295140.0,16644000.0,12828000.0,19496000.0,19782000.0,16704000.0,15326000.0,2399000.0,7307000.0
20191230,-1716680.0,6136290.0,3585770.0,5747990.0,6581820.0,6330220.0,6827930.0,566760.0,1785730.0,19855000.0,11596000.0,18606000.0,21293000.0,20477000.0,22111000.0,1835000.0,5773000.0
20191231,4936030.0,4047040.0,6599790.0,7026370.0,9409640.0,10245910.0,6721980.0,2468570.0,1056470.0,12917000.0,21061000.0,22417000.0,30037000.0,32736000.0,21479000.0,7888000.0,3381000.0
20200102,3074830.0,5048800.0,6639820.0,7091250.0,8575060.0,9568440.0,7207770.0,4238620.0,3524460.0,15851000.0,20823000.0,22261000.0,26904000.0,30016000.0,22612000.0,13260000.0,11049000.0
20200103,4292440.0,9372130.0,12665920.0,16612220.0,17610870.0,18265490.0,17295040.0,10115450.0,6793460.0,28892000.0,38983000.0,51305000.0,54259000.0,56300000.0,53373000.0,31020000.0,20902000.0
20200106,-1618800.0,10638270.0,10351360.0,19451340.0,18119460.0,17956980.0,20214090.0,9204230.0,8565920.0,31852000.0,30963000.0,58265000.0,54196000.0,53698000.0,60453000.0,27437000.0,25640000.0
20200107,-2757330.0,7532510.0,6390520.0,11306770.0,9691440.0,8444720.0,9515490.0,1733090.0,3419650.0,22692000.0,19234000.0,34068000.0,29176000.0,25419000.0,28654000.0,5202000.0,10317000.0
20200108,-2102890.0,11557980.0,11459580.0,18285880.0,16281390.0,14893070.0,16904990.0,7429270.0,7520240.0,34389000.0,34009000.0,54328000.0,48264000.0,44277000.0,50274000.0,21953000.0,22401000.0
20200109,-3926850.0,10462750.0,6580300.0,11650190.0,11605780.0,8623370.0,11393900.0,1974730.0,3131050.0,32272000.0,20290000.0,35941000.0,35788000.0,26606000.0,35158000.0,6085000.0,9668000.0
20200110,-10365350.0,12291670.0,5829440.0,13635670.0,9732540.0,10791830.0,16980010.0,1985170.0,6162340.0,38500000.0,18218000.0,42695000.0,30432000.0,33778000.0,53175000.0,6206000.0,19353000.0
20200113,-978110.0,5672170.0,5212100.0,6722760.0,6204730.0,5025040.0,4648810.0,947600.0,2301940.0,17833000.0,16373000.0,21132000.0,19496000.0,15783000.0,14609000.0,2979000.0,7250000.0
20200114,-8874280.0,9821160.0,3258860.0,9205510.0,6893530.0,6114160.0,11810090.0,1205060.0,4383410.0,31046000.0,10284000.0,29100000.0,21764000.0,19313000.0,37325000.0,3793000.0,13880000.0
20200115,-7281300.0,11540300.0,4622190.0,10814480.0,10451280.0,5841530.0,8765760.0,1114760.0,5471830.0,37345000.0,14948000.0,35009000.0,33828000.0,18898000.0,28372000.0,3618000.0,17722000.0
20200116,380890.0,9854050.0,8169100.0,10087190.0,12153030.0,6717880.0,6454880.0,1213520.0,1095630.0,31958000.0,26429000.0,32701000.0,39389000.0,21727000.0,20943000.0,3917000.0,3543000.0
20200117,606120.0,5256430.0,5293300.0,6183180.0,6752440.0,6028510.0,6085340.0,3138980.0,2476030.0,17148000.0,17252000.0,20164000.0,22012000.0,19656000.0,19850000.0,10210000.0,8063000.0
20200120,-77690.0,5743150.0,5811200.0,8488470.0,8342740.0,7742630.0,7261690.0,1246030.0,1804660.0,18553000.0,18745000.0,27418000.0,26921000.0,24993000.0,23461000.0,4007000.0,5845000.0
20200121,-5266700.0,12692690.0,6853700.0,12390000.0,12962290.0,8447620.0,10260790.0,4920040.0,8373570.0,41946000.0,22666000.0,40892000.0,42810000.0,27854000.0,33844000.0,16344000.0,27716000.0
20200122,-1506650.0,8084140.0,5732060.0,7514360.0,8359800.0,4629000.0,6063070.0,976530.0,1049110.0,27253000.0,19271000.0,25316000.0,28153000.0,15575000.0,20435000.0,3270000.0,3555000.0
20200123,-3655610.0,9522350.0,6604580.0,10096680.0,9358840.0,5754340.0,8074810.0,1070980.0,2406120.0,32432000.0,22444000.0,34380000.0,31770000.0,19581000.0,27561000.0,3653000.0,8271000.0
20200203,-1819260.0,6772690.0,3577770.0,7098350.0,8474010.0,8541160.0,8008530.0,5395260.0,7747150.0,25934000.0,13690000.0,27178000.0,32436000.0,32707000.0,30663000.0,20646000.0,29675000.0
20200204,-2154860.0,9054480.0,8804110.0,12060380.0,10155890.0,11983710.0,11654690.0,3833910.0,6317790.0,34536000.0,33482000.0,46055000.0,38636000.0,45732000.0,44369000.0,14660000.0,24495000.0
20200205,-7691840.0,12028680.0,6914070.0,14726680.0,12149450.0,8678390.0,16078050.0,1244800.0,1536980.0,44560000.0,25493000.0,54477000.0,44827000.0,32083000.0,59759000.0,4619000.0,5659000.0
20200206,2264600.0,6750070.0,7264580.0,10677810.0,12427900.0,10585970.0,10124750.0,2473540.0,670160.0,24960000.0,26786000.0,39498000.0,45850000.0,39015000.0,37460000.0,9102000.0,2478000.0
20200207,-1622840.0,8975420.0,6275860.0,10540920.0,11617630.0,9443750.0,11737570.0,2190330.0,1519350.0,33139000.0,23110000.0,38885000.0,42814000.0,34790000.0,43332000.0,8045000.0,5604000.0
20200210,2241860.0,7970800.0,7544270.0,10553940.0,13222320.0,10061710.0,7871190.0,2479910.0,2428570.0,29097000.0,27461000.0,38507000.0,48210000.0,36638000.0,28709000.0,9021000.0,8883000.0
20200211,57310.0,8399150.0,5858930.0,10110870.0,12708390.0,8179880.0,7860630.0,2697180.0,2959120.0,30512000.0,21263000.0,36719000.0,46168000.0,29734000.0,28550000.0,9803000.0,10787000.0
20200212,-989070.0,9274710.0,4762180.0,11807200.0,15330680.0,10089320.0,10196260.0,2120190.0,3002320.0,34135000.0,17497000.0,43429000.0,56391000.0,37091000.0,37510000.0,7781000.0,11038000.0
20200213,-5105760.0,13078830.0,6327440.0,13282680.0,14928310.0,10234270.0,13417840.0,1417140.0,3339330.0,48199000.0,23261000.0,48897000.0,54942000.0,37660000.0,49414000.0,5206000.0,12345000.0
20200214,-93270.0,5990980.0,4553800.0,6139030.0,7482940.0,4413130.0,4191990.0,688090.0,1002500.0,22262000.0,16904000.0,22811000.0,27799000.0,16387000.0,15581000.0,2550000.0,3727000.0
20200217,8405550.0,17045670.0,23090120.0,26145430.0,28506530.0,26573980.0,26508570.0,12025740.0,3685600.0,59761000.0,80773000.0,91834000.0,99936000.0,93261000.0,93213000.0,41978000.0,12912000.0
20200218,-2818450.0,21156660.0,15220200.0,27201440.0,30319460.0,22460270.0,23751820.0,6219930.0,7746830.0,72836000.0,52328000.0,93530000.0,104416000.0,77150000.0,81504000.0,21397000.0,26665000.0
20200219,2718440.0,12603590.0,13406450.0,17370970.0,19286550.0,21434780.0,18896750.0,6818430.0,6638020.0,43815000.0,46466000.0,60307000.0,66918000.0,74516000.0,65726000.0,23635000.0,23163000.0
20200220,1062990.0,11753160.0,10257960.0,14545920.0,17104110.0,16307890.0,14481540.0,3852910.0,4616270.0,41174000.0,35839000.0,50900000.0,59827000.0,56921000.0,50607000.0,13462000.0,16185000.0
20200221,2150850.0,11364800.0,12879500.0,20524850.0,21160990.0,21315410.0,19584210.0,7255110.0,6835460.0,39172000.0,44321000.0,70681000.0,72887000.0,73428000.0,67445000.0,24953000.0,23581000.0
20200224,1890080.0,12495420.0,13355170.0,21264430.0,22294760.0,20604750.0,19245890.0,6574120.0,6042900.0,42562000.0,45338000.0,72407000.0,75822000.0,70076000.0,65561000.0,22230000.0,20554000.0
20200225,-3566690.0,15452960.0,10982990.0,18974420.0,19877690.0,16297360.0,16243560.0,3141750.0,6762240.0,53369000.0,37892000.0,65470000.0,68557000.0,56208000.0,56039000.0,10850000.0,23410000.0
20200226,4379330.0,8866530.0,11497910.0,14279720.0,16027650.0,15430940.0,14844800.0,9787700.0,5994510.0,30337000.0,38997000.0,48673000.0,54466000.0,52420000.0,50446000.0,33057000.0,20577000.0
20200227,-2642540.0,12561060.0,10374990.0,17167830.0,16711350.0,15131390.0,16158470.0,2868730.0,4484190.0,43172000.0,35535000.0,58924000.0,57268000.0,51807000.0,55469000.0,9812000.0,15444000.0
20200228,-12176100.0,20220650.0,9516770.0,19167380.0,17695160.0,12737080.0,21869180.0,4382890.0,7426890.0,72343000.0,34013000.0,68510000.0,63245000.0,45610000.0,78322000.0,15694000.0,26578000.0
20200302,1385330.0,9813420.0,10093020.0,13498340.0,14604070.0,13256290.0,11696370.0,2897210.0,3071800.0,34686000.0,35602000.0,47701000.0,51596000.0,46816000.0,41389000.0,10253000.0,10869000.0
20200303,-590100.0,13868310.0,13269510.0,20623800.0,20632510.0,16532840.0,18557780.0,7119030.0,5684190.0,47584000.0,45381000.0,70698000.0,70636000.0,56619000.0,63563000.0,24224000.0,19544000.0
20200304,343940.0,8393480.0,8535590.0,13951050.0,14152880.0,11681820.0,11484640.0,2264300.0,2117540.0,28867000.0,29298000.0,47921000.0,48583000.0,40085000.0,39466000.0,7765000.0,7290000.0
20200305,-4750580.0,9852590.0,6963430.0,14850480.0,12989060.0,13813780.0,14761620.0,2884310.0,6687050.0,33739000.0,23814000.0,50833000.0,44434000.0,47266000.0,50533000.0,9874000.0,22930000.0
20200306,-1390480.0,6402090.0,5052670.0,9182620.0,9141550.0,10352460.0,10005780.0,2674080.0,4411240.0,22071000.0,17400000.0,31648000.0,31492000.0,35661000.0,34480000.0,9204000.0,15213000.0
20200309,-10475520.0,16625050.0,8343100.0,15538650.0,13345070.0,11156840.0,15686910.0,2136640.0,8082090.0,59516000.0,29851000.0,55587000.0,47773000.0,39927000.0,56236000.0,7653000.0,28823000.0
20200310,647870.0,8577030.0,7513030.0,8985600.0,10697470.0,9764910.0,9529300.0,3264490.0,2852230.0,31052000.0,27049000.0,32485000.0,38600000.0,35164000.0,34396000.0,11707000.0,10363000.0
20200311,41245160.0,16973390.0,36303310.0,34389410.0,56304660.0,47823880.0,50913710.0,75355010.0,31020020.0,55531000.0,118629000.0,112788000.0,183916000.0,157020000.0,166072000.0,244326000.0,101049000.0
20200312,-13287970.0,32427240.0,23721560.0,41221570.0,36639280.0,42643730.0,43104840.0,19408000.0,32234860.0,105508000.0,76886000.0,133796000.0,118947000.0,138022000.0,139652000.0,62733000.0,104574000.0
20200313,-5203950.0,22668360.0,21603680.0,32354370.0,28215110.0,29689880.0,31061730.0,9777700.0,13609800.0,74122000.0,70437000.0,105580000.0,92181000.0,96825000.0,101459000.0,31903000.0,44353000.0
20200316,-8242250.0,21287450.0,16801270.0,25478030.0,21721970.0,22845470.0,22765470.0,5248420.0,13570670.0,69740000.0,54852000.0,83332000.0,70911000.0,74401000.0,74368000.0,17067000.0,44409000.0
20200317,-5998100.0,21153710.0,17227530.0,21981780.0,19909860.0,18397920.0,20640260.0,3177550.0,6933310.0,73739000.0,59980000.0,76430000.0,69136000.0,63982000.0,71709000.0,10836000.0,24162000.0
20200318,-6128890.0,20520480.0,14345680.0,19423910.0,19469820.0,19515110.0,21912940.0,2291090.0,6022150.0,73053000.0,50848000.0,69005000.0,69136000.0,69218000.0,77928000.0,8115000.0,21479000.0
20200319,20180.0,11451950.0,10148950.0,12245770.0,13568960.0,12459360.0,12162400.0,3140460.0,3417240.0,42163000.0,37292000.0,45051000.0,49922000.0,45849000.0,44776000.0,11522000.0,12595000.0
20200320,-2850760.0,9743110.0,8346020.0,12012380.0,10558720.0,9778380.0,12553430.0,2690160.0,2765870.0,35703000.0,30477000.0,43969000.0,38600000.0,35792000.0,46023000.0,9817000.0,10180000.0
20200323,726620.0,7307130.0,6593630.0,7499800.0,8939910.0,10669010.0,8910050.0,1662230.0,2694570.0,27222000.0,24527000.0,27934000.0,33288000.0,39723000.0,33218000.0,6191000.0,10037000.0
20200324,4199540.0,8200240.0,8894920.0,10521010.0,14025880.0,12529200.0,9899520.0,4462020.0,2892160.0,30518000.0,32920000.0,39058000.0,52017000.0,46346000.0,36698000.0,16507000.0,10794000.0
20200325,102660.0,6481200.0,7694070.0,10660120.0,9549920.0,8486660.0,9150800.0,2724060.0,1957260.0,23512000.0,27883000.0,38643000.0,34611000.0,30745000.0,33181000.0,9862000.0,7087000.0
20200326,381220.0,5588680.0,4634220.0,6422640.0,7758310.0,4603550.0,5672560.0,2734440.0,1284210.0,20290000.0,16798000.0,23303000.0,28140000.0,16687000.0,20571000.0,9883000.0,4654000.0
20200327,3260400.0,5709280.0,7537230.0,9329100.0,10761550.0,9364270.0,7894690.0,2806260.0,1015440.0,20408000.0,26926000.0,33348000.0,38450000.0,33461000.0,28230000.0,10012000.0,3622000.0
20200330,3415660.0,8359700.0,11938440.0,17460650.0,17297570.0,18128590.0,16067760.0,4176800.0,2821970.0,29290000.0,41715000.0,61050000.0,60567000.0,63450000.0,56245000.0,14645000.0,9908000.0
20200331,-3233500.0,7525850.0,5891410.0,10992150.0,9393080.0,8625680.0,10709410.0,3705350.0,4855120.0,26220000.0,20501000.0,38265000.0,32700000.0,30032000.0,37298000.0,12853000.0,16872000.0
20200401,-1600580.0,7436250.0,4473430.0,8238120.0,9600350.0,7834930.0,8408870.0,2874490.0,3901130.0,26404000.0,15865000.0,29219000.0,34068000.0,27772000.0,29810000.0,10199000.0,13851000.0
20200402,-354050.0,5258480.0,4286310.0,5316070.0,5934190.0,4488480.0,5307510.0,1256670.0,791690.0,18709000.0,15242000.0,18905000.0,21106000.0,15954000.0,18877000.0,4472000.0,2816000.0
20200403,1306080.0,4652680.0,5373820.0,6565620.0,7150560.0,5478960.0,5261750.0,2510580.0,1421710.0,16362000.0,18858000.0,23072000.0,25101000.0,19232000.0,18477000.0,8760000.0,4990000.0
20200407,7845270.0,9992630.0,16210390.0,17988940.0,19616450.0,22190090.0,17685770.0,7485340.0,4144390.0,33986000.0,54978000.0,61248000.0,66661000.0,75270000.0,60194000.0,25398000.0,14068000.0
20200408,6071630.0,11429620.0,14693020.0,19299180.0,22107410.0,21684250.0,18576420.0,4637850.0,1674050.0,37784000.0,48354000.0,63711000.0,72862000.0,71341000.0,61286000.0,15167000.0,5501000.0
20200409,2558490.0,10610640.0,13410410.0,17171290.0,16930020.0,17552200.0,18438920.0,7769160.0,4323950.0,34423000.0,43370000.0,55595000.0,54763000.0,56699000.0,59687000.0,25072000.0,13968000.0
20200410,-2269670.0,12664530.0,13126510.0,22484810.0,19753150.0,16910450.0,22196910.0,5769080.0,2752290.0,40633000.0,42050000.0,72119000.0,63307000.0,54205000.0,71187000.0,18429000.0,8842000.0
20200413,-148060.0,9707190.0,9862880.0,12632830.0,12329090.0,12266860.0,14324720.0,4585130.0,2675330.0,31166000.0,31569000.0,40536000.0,39512000.0,39326000.0,45981000.0,14625000.0,8591000.0
20200414,-3052760.0,9467500.0,8485270.0,12423780.0,10353250.0,10480870.0,10013380.0,3659510.0,7179760.0,30246000.0,27063000.0,39653000.0,33028000.0,33430000.0,31960000.0,11668000.0,22946000.0
20200415,-3933690.0,9608670.0,9522670.0,15298370.0,11450700.0,8704080.0,8843540.0,1756570.0,5550800.0,30607000.0,30263000.0,48700000.0,36408000.0,27706000.0,28167000.0,5575000.0,17750000.0
20200416,8135660.0,19875510.0,23385190.0,26412820.0,31038800.0,32250260.0,27469020.0,16012210.0,12657790.0,60496000.0,71121000.0,80533000.0,94504000.0,98140000.0,83429000.0,48230000.0,38346000.0
20200417,-11912960.0,23503360.0,17029320.0,27762860.0,22323940.0,26117160.0,25112400.0,4879760.0,17797480.0,73622000.0,53366000.0,86839000.0,69850000.0,81692000.0,78541000.0,15311000.0,55707000.0
20200420,-1566740.0,11095960.0,9507400.0,12195230.0,12217050.0,12930370.0,11682040.0,6588660.0,9403730.0,35582000.0,30442000.0,39093000.0,39114000.0,41451000.0,37424000.0,21148000.0,30295000.0
20200421,-686280.0,10922970.0,10020720.0,14255710.0,14471670.0,11937110.0,14238390.0,4469320.0,2854320.0,34839000.0,31890000.0,45396000.0,46067000.0,37965000.0,45338000.0,14163000.0,9069000.0
20200422,-1352430.0,8387670.0,7601200.0,9627090.0,9061130.0,6922110.0,7709390.0,800300.0,1365450.0,26913000.0,24319000.0,30857000.0,29007000.0,22132000.0,24749000.0,2555000.0,4382000.0
20200423,4192420.0,9298690.0,12762940.0,15230230.0,15958400.0,14110970.0,12166080.0,3823430.0,1575900.0,29438000.0,40316000.0,48172000.0,50415000.0,44536000.0,38451000.0,12010000.0,4974000.0
20200424,-1507680.0,10682340.0,8998140.0,13260620.0,13437140.0,10801680.0,11575190.0,1558530.0,2292700.0,34303000.0,28822000.0,42516000.0,43066000.0,34591000.0,37111000.0,4973000.0,7384000.0
20200427,107420.0,12744150.0,14764100.0,24885460.0,22972940.0,28884600.0,26157360.0,5760140.0,8379960.0,39963000.0,46223000.0,78013000.0,72007000.0,90545000.0,82019000.0,18052000.0,26324000.0
20200428,2490850.0,18576220.0,21869340.0,27917560.0,27115290.0,27402700.0,25996060.0,8747400.0,7663190.0,57345000.0,67274000.0,86031000.0,83594000.0,84419000.0,80133000.0,26756000.0,23549000.0
20200429,3069450.0,12460230.0,15284100.0,17983780.0,18229350.0,17349230.0,15652930.0,6678790.0,5305640.0,37578000.0,46033000.0,54212000.0,54936000.0,52272000.0,47189000.0,20076000.0,15978000.0
20200430,-3198190.0,11884680.0,11542770.0,20557830.0,17701550.0,19495880.0,20840720.0,4810730.0,6664080.0,35256000.0,34185000.0,60956000.0,52447000.0,57752000.0,61780000.0,14233000.0,19786000.0
20200506,446890.0,12568440.0,14125400.0,20617480.0,19507400.0,21030690.0,20267130.0,10393040.0,10709710.0,36513000.0,40984000.0,59904000.0,56667000.0,61068000.0,58879000.0,30101000.0,31057000.0
20200507,-2728330.0,9900690.0,10341920.0,16054070.0,12884510.0,9765110.0,10058960.0,2125220.0,4559700.0,28716000.0,29957000.0,46551000.0,37337000.0,28316000.0,29188000.0,6163000.0,13264000.0
20200508,-6005870.0,12735070.0,10090730.0,15483540.0,12122020.0,11238590.0,12098500.0,1674290.0,6820250.0,36843000.0,29171000.0,44794000.0,35051000.0,32510000.0,34996000.0,4835000.0,19764000.0
20200511,115980.0,12026870.0,10645920.0,16027470.0,17524410.0,13502100.0,13123810.0,3657910.0,3920220.0,34377000.0,30366000.0,45744000.0,50012000.0,38491000.0,37439000.0,10377000.0,11172000.0
20200512,-5632730.0,10673240.0,7418830.0,13368160.0,10989830.0,7963010.0,12696690.0,2334960.0,3234010.0,30762000.0,21346000.0,38505000.0,31635000.0,22912000.0,36580000.0,6721000.0,9339000.0
20200513,773790.0,7125910.0,8844350.0,10122470.0,9177830.0,5922490.0,7854410.0,4038690.0,1332980.0,20469000.0,25366000.0,29060000.0,26329000.0,16992000.0,22546000.0,11564000.0,3843000.0
20200514,-1498110.0,7790210.0,9284130.0,14791880.0,11799850.0,7741540.0,9316830.0,2024720.0,1947540.0,22331000.0,26572000.0,42353000.0,33776000.0,22150000.0,26697000.0,5786000.0,5575000.0
20200515,-2763070.0,9917610.0,8384980.0,12633570.0,11403140.0,10622370.0,12020660.0,2260790.0,3625570.0,28652000.0,24177000.0,36472000.0,32903000.0,30658000.0,34715000.0,6507000.0,10494000.0
20200518,5888680.0,13026510.0,14864730.0,16683580.0,20734050.0,19506670.0,15292020.0,9846300.0,8172270.0,36545000.0,41660000.0,46773000.0,58103000.0,54582000.0,42808000.0,27459000.0,22787000.0
20200519,935440.0,8637340.0,8959230.0,10840140.0,11453690.0,10763820.0,11911600.0,4331060.0,2247840.0,24303000.0,25164000.0,30483000.0,32189000.0,30208000.0,33473000.0,12144000.0,6313000.0
20200520,-21439640.0,23101840.0,10875230.0,28313750.0,19100730.0,16282810.0,20280970.0,3514160.0,20955640.0,66706000.0,31254000.0,81867000.0,55076000.0,47043000.0,58476000.0,10163000.0,60974000.0
20200521,-3324540.0,15452440.0,9494330.0,15421280.0,18054840.0,9515070.0,10296190.0,2019890.0,4563310.0,45202000.0,27767000.0,45110000.0,52765000.0,27817000.0,30139000.0,5904000.0,13361000.0
20200522,-7077870.0,14212820.0,9010440.0,15045750.0,13170280.0,8628340.0,13566690.0,2048560.0,4188080.0,42642000.0,26982000.0,45016000.0,39455000.0,25847000.0,40656000.0,6165000.0,12577000.0
20200525,-339830.0,9963500.0,8992510.0,8866500.0,9497670.0,6764670.0,7275400.0,2536130.0,2365230.0,30079000.0,27134000.0,26768000.0,28666000.0,20418000.0,21959000.0,7643000.0,7148000.0
20200526,-1829380.0,8887430.0,7167290.0,9056970.0,8947730.0,5442180.0,6938590.0,1124490.0,1457460.0,26880000.0,21658000.0,27386000.0,27051000.0,16452000.0,20997000.0,3400000.0,4412000.0
20200527,370830.0,7338470.0,7618000.0,7461090.0,7552390.0,8637950.0,6846950.0,1110770.0,2530940.0,22181000.0,23007000.0,22549000.0,22814000.0,26094000.0,20692000.0,3357000.0,7667000.0
20200528,-1748040.0,8532550.0,8048980.0,12337870.0,11073400.0,9014240.0,9537670.0,1258890.0,2483500.0,25954000.0,24417000.0,37500000.0,33634000.0,27374000.0,29007000.0,3802000.0,7573000.0
20200529,1596210.0,6979490.0,8688390.0,7910210.0,7797510.0,6021090.0,6249130.0,5804170.0,3979920.0,21008000.0,26125000.0,23806000.0,23431000.0,18094000.0,18767000.0,17338000.0,11923000.0
20200601,4887640.0,8688320.0,11890980.0,10754530.0,12439510.0,12765840.0,12579170.0,7373530.0,2672560.0,25795000.0,35190000.0,31905000.0,36849000.0,37804000.0,37319000.0,21745000.0,7893000.0
20200602,-2464680.0,8163340.0,6452220.0,10657410.0,9903840.0,5569540.0,7160050.0,999880.0,1874050.0,24067000.0,18988000.0,31399000.0,29143000.0,16390000.0,21114000.0,2930000.0,5541000.0
20200603,-2135340.0,9332240.0,6978410.0,9022720.0,9241220.0,7296810.0,7657630.0,2185210.0,3959730.0,27874000.0,20840000.0,26950000.0,27584000.0,21800000.0,22878000.0,6522000.0,11844000.0
20200604,-7047950.0,12752100.0,7306710.0,10474000.0,8871450.0,6397230.0,10452760.0,2705570.0,5697990.0,38701000.0,22169000.0,31785000.0,26880000.0,19411000.0,31749000.0,8265000.0,17365000.0
20200605,-1401960.0,7323550.0,5505670.0,5046810.0,5462720.0,2993440.0,3986780.0,126580.0,535200.0,22513000.0,16917000.0,15510000.0,16788000.0,9196000.0,12256000.0,389000.0,1647000.0
20200608,-2344340.0,11120040.0,10982750.0,12997380.0,10790330.0,11808880.0,12542470.0,1400160.0,3010910.0,33908000.0,33392000.0,39645000.0,32876000.0,35969000.0,38320000.0,4265000.0,9199000.0
20200609,-3402820.0,9589540.0,7366990.0,12278440.0,11098170.0,5536560.0,7499050.0,937870.0,2378200.0,29386000.0,22522000.0,37616000.0,33999000.0,16970000.0,22980000.0,2874000.0,7344000.0
20200610,-4816320.0,7620510.0,6013650.0,11516710.0,8307250.0,5392690.0,8757720.0,1467710.0,2919000.0,23459000.0,18456000.0,35416000.0,25546000.0,16582000.0,26955000.0,4525000.0,9024000.0
20200611,-883140.0,7153820.0,6527080.0,8487380.0,8230980.0,6268830.0,6793740.0,903750.0,1261980.0,21995000.0,20041000.0,26074000.0,25275000.0,19238000.0,20884000.0,2771000.0,3878000.0
20200612,1222250.0,8873630.0,9286670.0,8915180.0,9724380.0,6008390.0,6192060.0,1895320.0,489400.0,27455000.0,28693000.0,27538000.0,30044000.0,18557000.0,19128000.0,5828000.0,1513000.0
20200615,-3672170.0,9416230.0,8643240.0,8488330.0,5589150.0,5895130.0,7312190.0,553520.0,2808630.0,29270000.0,26847000.0,26356000.0,17349000.0,18297000.0,22706000.0,1716000.0,8736000.0
20200616,2530720.0,7257470.0,7319400.0,6139320.0,8608090.0,11239450.0,7741940.0,1302510.0,2269300.0,22472000.0,22644000.0,19012000.0,26636000.0,34745000.0,23951000.0,4021000.0,7018000.0
20200617,2684430.0,12943080.0,19066040.0,22554530.0,19116010.0,17435780.0,15867770.0,5561690.0,4445270.0,38924000.0,57224000.0,67771000.0,57411000.0,52358000.0,47675000.0,16633000.0,13376000.0
20200618,-10945480.0,15886040.0,10943540.0,17309150.0,11306170.0,11415800.0,15087760.0,1936010.0,9209530.0,49165000.0,33866000.0,53578000.0,34942000.0,35332000.0,46667000.0,5997000.0,28597000.0
20200619,-2043800.0,9696710.0,6524880.0,7624350.0,8752390.0,6107210.0,6769810.0,2288160.0,3669360.0,30284000.0,20369000.0,23816000.0,27333000.0,19078000.0,21138000.0,7136000.0,11474000.0
20200622,-2102740.0,8190890.0,7519520.0,9886700.0,8455330.0,7674100.0,8136930.0,882980.0,2522890.0,25449000.0,23344000.0,30705000.0,26249000.0,23827000.0,25286000.0,2739000.0,7840000.0
20200623,2562460.0,7259390.0,8936920.0,9356400.0,10241340.0,8741550.0,7890290.0,2856060.0,1144860.0,22463000.0,27579000.0,28936000.0,31643000.0,26983000.0,24407000.0,8807000.0,3560000.0
20200624,-1215620.0,6817280.0,5922700.0,7314050.0,6993000.0,7233340.0,6962930.0,1415770.0,2901800.0,21090000.0,18304000.0,22613000.0,21607000.0,22337000.0,21534000.0,4373000.0,8968000.0
20200629,-107680.0,8607130.0,9283150.0,10419060.0,9635370.0,9491550.0,8422580.0,1753150.0,2929800.0,26489000.0,28508000.0,32046000.0,29640000.0,29160000.0,25921000.0,5376000.0,9002000.0
20200630,-1421230.0,7837680.0,6335140.0,9386290.0,9467610.0,8794370.0,9594980.0,1751490.0,2372110.0,23939000.0,19328000.0,28662000.0,28902000.0,26827000.0,29297000.0,5347000.0,7248000.0
20200701,3647010.0,11445730.0,14142900.0,16770130.0,17719980.0,16573040.0,15924100.0,7437540.0,4439470.0,34524000.0,42513000.0,50515000.0,53411000.0,49939000.0,48003000.0,22288000.0,13339000.0
20200702,-1619070.0,12002720.0,10831070.0,14830660.0,14383240.0,14113470.0,11783540.0,2693190.0,6642190.0,35730000.0,32222000.0,44145000.0,42791000.0,41997000.0,35079000.0,8014000.0,19795000.0
20200703,14980730.0,14788660.0,22259510.0,21932970.0,29442870.0,26901180.0,26813050.0,26743590.0,11850990.0,42331000.0,63607000.0,62856000.0,84266000.0,76927000.0,76676000.0,76351000.0,33915000.0
20200706,19706220.0,8308690.0,18049650.0,13943750.0,23909000.0,22227550.0,28459380.0,63096380.0,37158330.0,21837000.0,47348000.0,36707000.0,62660000.0,58547000.0,74697000.0,164290000.0,96676000.0
20200707,-2308670.0,10186830.0,10265880.0,23747420.0,21359700.0,32916210.0,31522800.0,39821330.0,43523410.0,24663000.0,24711000.0,57472000.0,51420000.0,79682000.0,75950000.0,94857000.0,104594000.0
20200708,66050.0,13461100.0,12059030.0,26432740.0,27900860.0,35377700.0,42329680.0,49522260.0,42504230.0,29321000.0,26222000.0,57599000.0,60663000.0,76966000.0,92030000.0,107016000.0,91986000.0
20200709,4568260.0,2580.0,1696370.0,8250.0,2882720.0,134620.0,2101590.0,15431390.0,8896160.0,5000.0,3290000.0,16000.0,5591000.0,261000.0,4076000.0,29929000.0,17254000.0
20200710,5986770.0,3970.0,2091020.0,36300.0,3936020.0,83950.0,6989010.0,47472310.0,34580480.0,7000.0,3687000.0,64000.0,6939000.0,148000.0,12322000.0,83696000.0,60967000.0
20200713,-36874460.0,61351800.0,37665580.0,103636200.0,90447960.0,127168510.0,138259920.0,144775090.0,170558140.0,111689000.0,68572000.0,188644000.0,165008000.0,231997000.0,252038000.0,264035000.0,310748000.0
20200714,-14773220.0,61814540.0,51991340.0,110019130.0,105069110.0,126502120.0,127260600.0,148111180.0,162125920.0,103233000.0,87107000.0,183472000.0,175888000.0,210991000.0,212352000.0,246979000.0,269328000.0
20200715,-1588220.0,46790740.0,43438460.0,86288480.0,88052540.0,108648620.0,110659920.0,112664420.0,112241340.0,78977000.0,73213000.0,145483000.0,148693000.0,183341000.0,187055000.0,190604000.0,189444000.0
20200716,-19786440.0,50637110.0,33955830.0,79728580.0,76623420.0,95782110.0,101906610.0,76084930.0,89746870.0,90358000.0,60496000.0,141940000.0,136632000.0,170739000.0,181455000.0,136386000.0,160841000.0
20200717,19404050.0,38459130.0,47911890.0,74352090.0,84303370.0,95229500.0,103991440.0,108983400.0,80817410.0,67521000.0,83526000.0,130415000.0,147088000.0,166664000.0,182342000.0,188638000.0,140282000.0
20200720,-3097550.0,12861420.0,13259900.0,24930180.0,21434150.0,32821320.0,35933500.0,44604600.0,44589970.0,20151000.0,20681000.0,39077000.0,33516000.0,51363000.0,56194000.0,69331000.0,69531000.0
20200721,-65390450.0,97236400.0,61560060.0,142696710.0,112982600.0,144004940.0,140565370.0,104352790.0,173182810.0,151219000.0,95853000.0,221019000.0,175108000.0,221692000.0,216361000.0,160289000.0,266897000.0
20200722,-13973770.0,68771630.0,58668010.0,108384920.0,104514770.0,110194710.0,115343990.0,84115040.0,92939530.0,110336000.0,93711000.0,173324000.0,167229000.0,176218000.0,184695000.0,135186000.0,149428000.0
20200723,22917420.0,64427890.0,77052590.0,113334460.0,123627170.0,118474730.0,129181940.0,145657030.0,112032400.0,99723000.0,118500000.0,175146000.0,190193000.0,182663000.0,198734000.0,221131000.0,171236000.0
20200724,-62081320.0,103269370.0,71908860.0,163647000.0,132926200.0,174206420.0,174664710.0,121356580.0,182979610.0,146560000.0,101041000.0,231482000.0,187604000.0,245931000.0,246707000.0,171388000.0,260010000.0
20200727,-1674560.0,62777830.0,53929730.0,91566650.0,98740190.0,105109880.0,112719770.0,75151710.0,69216380.0,98282000.0,84272000.0,143426000.0,154611000.0,165191000.0,177234000.0,117845000.0,108628000.0
20200728,-13377120.0,47747600.0,40691610.0,69771760.0,63450610.0,75230190.0,77889250.0,29967770.0,40685830.0,74009000.0,62925000.0,107922000.0,98202000.0,116419000.0,120531000.0,46522000.0,63214000.0
20200729,-774400.0,44257720.0,40878790.0,69050630.0,71655160.0,74693140.0,79536340.0,50578080.0,46509280.0,69589000.0,64042000.0,108435000.0,112404000.0,117216000.0,124949000.0,79170000.0,73015000.0
20200730,-1021250.0,54047860.0,49173940.0,77502400.0,81355070.0,87562070.0,87850890.0,56629520.0,57361950.0,83728000.0,75685000.0,119502000.0,125354000.0,134981000.0,135326000.0,86852000.0,88699000.0
20200731,-5377420.0,40525220.0,32919110.0,55523560.0,57752250.0,63673860.0,59626110.0,33161920.0,42587090.0,63365000.0,51358000.0,86760000.0,90169000.0,99408000.0,93105000.0,51652000.0,66554000.0
20200803,7432610.0,50720600.0,56467080.0,91794260.0,93480380.0,110855240.0,110085690.0,73499200.0,66836140.0,74866000.0,83341000.0,135718000.0,137955000.0,164008000.0,162719000.0,109112000.0,99688000.0
20200804,-44922650.0,65017660.0,38508390.0,86012900.0,67599520.0,74008790.0,90593440.0,41689930.0,70027930.0,100042000.0,59152000.0,132223000.0,103804000.0,113838000.0,139086000.0,63818000.0,107879000.0
20200805,-8267920.0,38508670.0,36249810.0,63662680.0,57653620.0,66560320.0,57540890.0,37649050.0,54936400.0,59514000.0,55877000.0,98345000.0,88965000.0,102876000.0,88842000.0,58286000.0,85337000.0
20200806,72581100.0,46685940.0,74909140.0,84217170.0,128575080.0,121543360.0,138947230.0,174701440.0,84716470.0,67974000.0,108274000.0,122504000.0,185834000.0,176634000.0,200926000.0,249925000.0,122003000.0
20200807,-41492020.0,70800030.0,53675280.0,124931340.0,100564060.0,141580510.0,138591800.0,98787050.0,143267780.0,100033000.0,75071000.0,176294000.0,141491000.0,199828000.0,195930000.0,138776000.0,202439000.0
20200810,-35904290.0,72861000.0,49315360.0,108195090.0,95836440.0,125671010.0,127845350.0,72745290.0,106475240.0,99913000.0,66997000.0,147401000.0,130612000.0,170508000.0,173962000.0,98726000.0,144975000.0
20200811,-5666040.0,42426930.0,37193120.0,66574730.0,66142510.0,81987580.0,82085260.0,43211420.0,48779780.0,61895000.0,53977000.0,96866000.0,96269000.0,119487000.0,119648000.0,63042000.0,71395000.0
20200812,-11313820.0,39169130.0,30516270.0,62943870.0,60282920.0,63950610.0,74112160.0,45762200.0,46914470.0,59308000.0,45960000.0,95159000.0,90854000.0,96298000.0,111632000.0,68479000.0,70800000.0
20200813,-12261560.0,32473170.0,23908060.0,53342370.0,49645920.0,64493790.0,62983890.0,28560050.0,42331510.0,49313000.0,36168000.0,80845000.0,75233000.0,97654000.0,95465000.0,43272000.0,64218000.0
20200814,798710.0,33320280.0,31391450.0,55081090.0,57808620.0,74241340.0,77696350.0,38393050.0,34139330.0,50451000.0,47368000.0,83274000.0,87296000.0,112047000.0,117462000.0,57895000.0,51540000.0
20200817,8124650.0,30694770.0,33742920.0,54891970.0,59968480.0,74929970.0,71410210.0,40488720.0,35883830.0,45839000.0,50182000.0,81824000.0,89345000.0,111507000.0,106427000.0,60477000.0,53693000.0
20200818,-2764760.0,35604140.0,28953780.0,51036460.0,54922060.0,63160620.0,64866600.0,32652370.0,33711150.0,52018000.0,42113000.0,74419000.0,80011000.0,91966000.0,94559000.0,47609000.0,49329000.0
20200819,-22986980.0,41135640.0,23452040.0,49021150.0,43717780.0,53538870.0,56157940.0,24208830.0,44576740.0,62715000.0,35658000.0,74615000.0,66484000.0,81427000.0,85445000.0,36762000.0,67932000.0
20200820,-42769930.0,51834100.0,23902270.0,69829690.0,54991610.0,67257690.0,77167680.0,24829530.0,57689470.0,84127000.0,38804000.0,113472000.0,89281000.0,109380000.0,125210000.0,40450000.0,94134000.0
20200821,-14606240.0,30274960.0,18807080.0,41815100.0,38676740.0,38414340.0,48981720.0,23851400.0,27890260.0,49968000.0,30961000.0,68982000.0,63742000.0,63306000.0,80831000.0,39308000.0,46028000.0
20200824,-5138730.0,22671090.0,18047660.0,27361210.0,26845910.0,22174760.0,23530350.0,7504490.0,11287630.0,37523000.0,29824000.0,45240000.0,44395000.0,36638000.0,38894000.0,12398000.0,18686000.0
20200825,-17992450.0,35522880.0,21574160.0,46120850.0,42077120.0,36982270.0,44905360.0,15541320.0,25610680.0,60507000.0,36747000.0,78623000.0,71656000.0,63021000.0,76498000.0,26548000.0,43798000.0
20200826,-5569030.0,22396010.0,18718010.0,30361550.0,28470510.0,23159710.0,24713760.0,8247840.0,12262820.0,38670000.0,32270000.0,52348000.0,49065000.0,39858000.0,42609000.0,14253000.0,21185000.0
20200827,-259550.0,15799040.0,16776780.0,26066590.0,24829310.0,25033210.0,22778420.0,8900570.0,11414910.0,27346000.0,29007000.0,45091000.0,42932000.0,43239000.0,39364000.0,15388000.0,19762000.0
20200828,-683340.0,27027640.0,28772600.0,42894990.0,40466690.0,38579860.0,44059220.0,17638660.0,12842640.0,46240000.0,49162000.0,73319000.0,69141000.0,65869000.0,75218000.0,30017000.0,21923000.0
20200831,8630440.0,29188360.0,35727860.0,53386730.0,55477670.0,55545600.0,52792600.0,29073590.0,23196150.0,49304000.0,60152000.0,90114000.0,93387000.0,93577000.0,88980000.0,48714000.0,39190000.0
20200901,3708670.0,32707060.0,34000720.0,59101030.0,61516030.0,60264740.0,59137530.0,28306050.0,25724590.0,54341000.0,56397000.0,98112000.0,102087000.0,99927000.0,98089000.0,46851000.0,42659000.0
20200902,-16613150.0,38005380.0,21286920.0,46327060.0,46432370.0,42328570.0,49791490.0,15982190.0,25132420.0,65318000.0,36502000.0,79552000.0,79682000.0,72636000.0,85531000.0,27349000.0,43139000.0
20200903,-4435000.0,19130750.0,14629850.0,24579770.0,24645680.0,25835670.0,25808280.0,11726210.0,16188600.0,33934000.0,25878000.0,43521000.0,43636000.0,45675000.0,45683000.0,20786000.0,28720000.0
20200904,888830.0,17525690.0,17072010.0,23311160.0,24653660.0,25024550.0,22025860.0,11543620.0,13653480.0,30776000.0,29950000.0,40895000.0,43228000.0,43925000.0,38669000.0,20264000.0,24014000.0
20200907,-6269440.0,22668970.0,16141650.0,25371800.0,25629670.0,21860730.0,23104430.0,4398400.0,9424140.0,40605000.0,28892000.0,45422000.0,45860000.0,39095000.0,41345000.0,7861000.0,16886000.0
20200908,413390.0,13751760.0,14901450.0,21326350.0,20590050.0,16974710.0,18676230.0,7361570.0,5246660.0,24861000.0,26877000.0,38509000.0,37171000.0,30663000.0,33781000.0,13299000.0,9503000.0
20200909,14781010.0,27120860.0,37254560.0,46707220.0,51354540.0,52340400.0,44473600.0,27402280.0,20488070.0,47337000.0,64822000.0,81353000.0,89264000.0,91043000.0,77274000.0,47466000.0,35840000.0
20200910,-2855850.0,21174140.0,19483470.0,30039770.0,28874600.0,27913220.0,27135930.0,7504890.0,11138030.0,37475000.0,34412000.0,53132000.0,51014000.0,49293000.0,47996000.0,13234000.0,19712000.0
20200911,-18565030.0,24881500.0,13952720.0,36106300.0,28470050.0,32213330.0,40959640.0,15397620.0,25216340.0,46241000.0,25831000.0,67108000.0,52826000.0,59883000.0,76225000.0,28572000.0,46921000.0
20200914,-7089400.0,20270310.0,13265100.0,22896310.0,22812120.0,19161470.0,25087790.0,8499890.0,9662970.0,37902000.0,24798000.0,42811000.0,42598000.0,35779000.0,46889000.0,15872000.0,18079000.0
20200915,-4115070.0,14855670.0,12806020.0,20109870.0,18044450.0,15965800.0,19695040.0,8195450.0,8581280.0,27788000.0,23915000.0,37588000.0,33696000.0,29812000.0,36791000.0,15294000.0,16079000.0
20200916,-1102110.0,12199730.0,10325050.0,13495620.0,14268190.0,14992860.0,13761340.0,6003270.0,8336900.0,22876000.0,19331000.0,25302000.0,26721000.0,28087000.0,25808000.0,11252000.0,15656000.0
20200917,-3325850.0,16013050.0,12855160.0,18566490.0,18398540.0,15355410.0,16360980.0,6345730.0,8666010.0,30202000.0,24185000.0,34956000.0,34605000.0,28860000.0,30820000.0,11935000.0,16343000.0
20200918,9585940.0,20105240.0,26949140.0,28461830.0,31203860.0,38337530.0,32311410.0,15031660.0,11471840.0,36514000.0,48926000.0,51737000.0,56685000.0,69697000.0,58722000.0,27244000.0,20860000.0
20200921,11073140.0,30593590.0,38054520.0,54319060.0,57931260.0,59660910.0,63960390.0,33626040.0,18253420.0,51973000.0,64554000.0,92318000.0,98390000.0,101246000.0,108637000.0,57002000.0,30958000.0
20200922,-6493450.0,23730370.0,20023720.0,28176120.0,25389330.0,23823720.0,23775610.0,7063820.0,13605380.0,42242000.0,35610000.0,50154000.0,45158000.0,42406000.0,42337000.0,12567000.0,24263000.0
20200923,583260.0,14377630.0,14251990.0,17705110.0,18414010.0,16851210.0,14972810.0,4686170.0,5981310.0,25946000.0,25662000.0,31924000.0,33190000.0,30354000.0,26993000.0,8428000.0,10808000.0
20200924,-5493000.0,16274370.0,13070210.0,17670470.0,15381640.0,14157970.0,15748310.0,3340480.0,7243140.0,29837000.0,23927000.0,32351000.0,28139000.0,25910000.0,28869000.0,6133000.0,13296000.0
20200925,1944010.0,11497920.0,12923380.0,14367320.0,14885860.0,14677720.0,11643620.0,2991470.0,4081560.0,21218000.0,23820000.0,26493000.0,27412000.0,27035000.0,21478000.0,5504000.0,7539000.0
20200928,-1796710.0,11749010.0,10051060.0,14087380.0,13988630.0,13822070.0,14390840.0,3481550.0,4709490.0,21698000.0,18532000.0,26005000.0,25803000.0,25483000.0,26529000.0,6403000.0,8725000.0
20200929,5174480.0,21070020.0,28128230.0,40021360.0,38137630.0,39099030.0,34470120.0,15730930.0,15185360.0,37097000.0,49546000.0,70527000.0,67197000.0,68974000.0,60815000.0,27708000.0,26748000.0
20200930,1160910.0,16780360.0,17775840.0,21960110.0,22125520.0,18598330.0,17999610.0,6727580.0,6165390.0,29456000.0,31166000.0,38508000.0,38787000.0,32616000.0,31577000.0,11754000.0,10804000.0
20201009,6089950.0,16091030.0,19673690.0,24819100.0,27326390.0,24403410.0,25687900.0,16245410.0,8870970.0,28020000.0,34174000.0,43168000.0,47507000.0,42395000.0,44642000.0,28178000.0,15437000.0
20201012,23587910.0,19008240.0,30160680.0,35648230.0,48083700.0,49548380.0,45777020.0,43774830.0,23958280.0,30998000.0,49218000.0,58265000.0,78534000.0,80815000.0,74784000.0,71538000.0,39079000.0
20201013,3956120.0,15775650.0,17411600.0,26049510.0,28369680.0,29990820.0,27479630.0,12973040.0,11528110.0,25761000.0,28341000.0,42468000.0,46168000.0,48834000.0,44756000.0,21049000.0,18847000.0
20201014,11353410.0,25813640.0,28809010.0,41280170.0,49638200.0,59418070.0,58576680.0,49829960.0,39317940.0,40148000.0,44679000.0,64166000.0,77013000.0,92166000.0,90842000.0,77139000.0,61086000.0
20201015,8974490.0,18697250.0,23147770.0,29658810.0,34182790.0,38916560.0,36748130.0,16473060.0,9667000.0,28949000.0,35801000.0,45872000.0,52856000.0,60133000.0,56796000.0,25449000.0,14950000.0
20201016,-21409610.0,28941650.0,13393840.0,34119980.0,28258200.0,30099440.0,37488090.0,14476460.0,28497420.0,46743000.0,21542000.0,55103000.0,45561000.0,48636000.0,60580000.0,23420000.0,46220000.0
20201019,9480600.0,13029430.0,16467650.0,19687300.0,25729680.0,28667120.0,19585320.0,6717460.0,6318660.0,21345000.0,26921000.0,32220000.0,42090000.0,46896000.0,32059000.0,10994000.0,10386000.0
20201020,-2242290.0,16781760.0,11127430.0,20511040.0,23923070.0,23887660.0,27501780.0,12010160.0,10638330.0,27864000.0,18414000.0,34038000.0,39673000.0,39545000.0,45584000.0,19854000.0,17630000.0
20201021,-17300830.0,25039650.0,13187810.0,25062270.0,19613280.0,22686590.0,23471160.0,10236500.0,26752760.0,42327000.0,22186000.0,42358000.0,33046000.0,38296000.0,39690000.0,17229000.0,45288000.0
20201022,-2700160.0,12451790.0,10635300.0,17746340.0,16862670.0,15742460.0,17490010.0,6599230.0,7551840.0,21730000.0,18490000.0,30966000.0,29351000.0,27410000.0,30527000.0,11498000.0,13235000.0
20201023,-4454640.0,10680800.0,7189230.0,12237450.0,11274380.0,10631140.0,12812220.0,2407120.0,4680680.0,18643000.0,12499000.0,21338000.0,19624000.0,18497000.0,22317000.0,4165000.0,8203000.0
20201026,1248230.0,7011560.0,7069630.0,8291090.0,9481250.0,11328660.0,9918480.0,5293170.0,5455120.0,12435000.0,12512000.0,14695000.0,16796000.0,20077000.0,17591000.0,9392000.0,9700000.0
20201027,695080.0,9248450.0,9490420.0,12733210.0,13186330.0,13925980.0,17322490.0,7412440.0,3320850.0,16300000.0,16696000.0,22413000.0,23199000.0,24494000.0,30502000.0,13060000.0,5869000.0
20201028,-993040.0,10007330.0,8744070.0,12335730.0,12605960.0,13746590.0,15019660.0,4750680.0,4470650.0,17795000.0,15526000.0,21899000.0,22375000.0,24386000.0,26655000.0,8421000.0,7944000.0
20201029,-1414460.0,10512140.0,9509180.0,13774090.0,13362600.0,13089090.0,12197400.0,4685570.0,6991720.0,18748000.0,16937000.0,24540000.0,23800000.0,23314000.0,21733000.0,8338000.0,12469000.0
20201030,-31794730.0,35296590.0,20031890.0,49441060.0,32911030.0,40752180.0,44743310.0,17317020.0,45120620.0,65093000.0,36408000.0,90830000.0,60122000.0,74614000.0,82157000.0,31701000.0,83549000.0
20201102,-12157750.0,19846280.0,11485470.0,24265510.0,20468570.0,23460080.0,29279800.0,8026700.0,14364730.0,38015000.0,21988000.0,46496000.0,39248000.0,44926000.0,56074000.0,15355000.0,27483000.0
20201103,2117980.0,14337100.0,15549080.0,18961250.0,19867260.0,17546940.0,19515120.0,9455450.0,5369290.0,26863000.0,29060000.0,35509000.0,37144000.0,32820000.0,36551000.0,17597000.0,10034000.0
20201104,6807230.0,18403360.0,21735300.0,26959430.0,30434710.0,28476130.0,24965890.0,11594670.0,8297680.0,33370000.0,39309000.0,48754000.0,54960000.0,51407000.0,45068000.0,20859000.0,15053000.0
20201105,-6909530.0,19169640.0,13818740.0,22091870.0,20533250.0,17798230.0,19259420.0,5632430.0,11080770.0,35043000.0,25248000.0,40383000.0,37514000.0,32590000.0,35227000.0,10294000.0,20321000.0
20201106,-16874510.0,23564500.0,15005600.0,26149810.0,17834200.0,19415950.0,27802410.0,6774900.0,15262950.0,44788000.0,28485000.0,49689000.0,33800000.0,36925000.0,53014000.0,12892000.0,28996000.0
20201109,-4060820.0,16427960.0,14633100.0,21876870.0,19610910.0,17221240.0,18136460.0,6375530.0,9521130.0,31090000.0,27630000.0,41380000.0,37065000.0,32514000.0,34282000.0,12044000.0,18051000.0
20201110,-7023040.0,13506860.0,9427350.0,17044890.0,14101340.0,8746430.0,15323690.0,3664320.0,4110100.0,25655000.0,17896000.0,32370000.0,26761000.0,16601000.0,29097000.0,6952000.0,7824000.0
20201111,-5293210.0,14866570.0,11659940.0,18568830.0,16482230.0,11981490.0,12249360.0,3089050.0,8114390.0,28716000.0,22457000.0,35845000.0,31813000.0,23074000.0,23617000.0,5978000.0,15726000.0
20201112,-390280.0,9560700.0,9820060.0,12495370.0,11845730.0,8097190.0,9228750.0,2685410.0,1944130.0,18488000.0,18962000.0,24140000.0,22868000.0,15621000.0,17839000.0,5173000.0,3754000.0
20201113,6910840.0,13186860.0,17498000.0,23848740.0,26448450.0,22701610.0,20261770.0,8798370.0,4327370.0,25156000.0,33311000.0,45412000.0,50296000.0,43111000.0,38451000.0,16633000.0,8254000.0
20201116,3725400.0,15808660.0,19691400.0,29405340.0,29247990.0,32271200.0,28869920.0,9864840.0,9540720.0,29463000.0,36596000.0,54653000.0,54329000.0,59822000.0,53547000.0,18253000.0,17719000.0
20201117,-12636270.0,22377570.0,12559190.0,28275250.0,25457360.0,21131070.0,27221790.0,8312520.0,14858070.0,43855000.0,24579000.0,55329000.0,49818000.0,41418000.0,53312000.0,16307000.0,29201000.0
20201118,-2240580.0,10873630.0,9801530.0,17563860.0,16395380.0,13584610.0,14738080.0,3819880.0,4906990.0,21266000.0,19128000.0,34336000.0,32044000.0,26502000.0,28790000.0,7460000.0,9601000.0
20201119,19844970.0,23878310.0,36254550.0,45889450.0,53358190.0,53653670.0,54286200.0,32717160.0,12239660.0,44022000.0,66597000.0,84486000.0,97943000.0,98445000.0,99331000.0,59313000.0,22395000.0
20201120,-2112540.0,31560870.0,27888990.0,42020280.0,43579620.0,49143040.0,43278210.0,17393530.0,25370900.0,56323000.0,49660000.0,74809000.0,77505000.0,87286000.0,76878000.0,30647000.0,45022000.0
20201123,11837170.0,17182280.0,22787320.0,24404810.0,30636950.0,31009250.0,22812370.0,13660870.0,10020580.0,30663000.0,40630000.0,43504000.0,54574000.0,55201000.0,40608000.0,24307000.0,17863000.0
20201124,-8849450.0,18695390.0,11954700.0,22557340.0,20448580.0,19773150.0,23762930.0,6080760.0,10940430.0,33605000.0,21392000.0,40483000.0,36619000.0,35337000.0,42618000.0,10802000.0,19599000.0
20201125,23510.0,17950190.0,14293650.0,18958040.0,22638090.0,17380310.0,15967560.0,2329900.0,3719140.0,33541000.0,26696000.0,35397000.0,42273000.0,32458000.0,29808000.0,4345000.0,6964000.0
20201126,1089840.0,15116020.0,18414900.0,24507310.0,22298280.0,20161440.0,21950120.0,9512980.0,6634460.0,28242000.0,34343000.0,45666000.0,41578000.0,37514000.0,40831000.0,17679000.0,12349000.0
20201127,36704320.0,28551800.0,46192740.0,53991850.0,73055240.0,65794840.0,69223900.0,86256930.0,46123550.0,49293000.0,79487000.0,92968000.0,125253000.0,112966000.0,118573000.0,146201000.0,78115000.0
20201130,-3880060.0,40357140.0,38861260.0,69293380.0,66909220.0,87919850.0,72841810.0,50208090.0,69166190.0,66249000.0,63698000.0,113601000.0,109663000.0,144029000.0,119456000.0,82308000.0,113369000.0
20201201,-2091700.0,32084440.0,33200110.0,54663050.0,51455680.0,58007240.0,52406450.0,28984920.0,36677410.0,51435000.0,53117000.0,87559000.0,82332000.0,92689000.0,83855000.0,46201000.0,58580000.0
20201202,-2052210.0,28676930.0,28415230.0,48316260.0,46525750.0,49658370.0,48465590.0,28857670.0,32102660.0,45700000.0,45221000.0,76920000.0,74060000.0,79025000.0,77061000.0,45817000.0,51120000.0
20201203,-1201520.0,21891400.0,20366730.0,30540300.0,30863450.0,23675630.0,25891160.0,8100340.0,7086330.0,35235000.0,32722000.0,49117000.0,49606000.0,38035000.0,41633000.0,13005000.0,11431000.0
20201204,-1064480.0,25416110.0,24394970.0,37028020.0,36984690.0,36543920.0,35392040.0,10850460.0,13066820.0,41173000.0,39410000.0,59875000.0,59729000.0,59110000.0,57271000.0,17499000.0,21246000.0
20201207,5789060.0,20543600.0,25755800.0,33631240.0,34208110.0,36887910.0,32648640.0,23647710.0,22097920.0,32993000.0,41230000.0,53982000.0,54826000.0,59109000.0,52356000.0,37958000.0,35631000.0
20201208,-4714660.0,26468220.0,21855290.0,33494220.0,33392500.0,34632470.0,34474850.0,13209630.0,18081910.0,42402000.0,34859000.0,53369000.0,53162000.0,54855000.0,54730000.0,20954000.0,28829000.0
20201209,-11279220.0,32853080.0,23918710.0,43546680.0,41201830.0,38977650.0,39840190.0,12172430.0,22589110.0,54411000.0,39385000.0,72113000.0,68046000.0,64457000.0,66009000.0,20268000.0,37809000.0
20201210,-2436880.0,27614490.0,22594770.0,32246680.0,34829520.0,34926150.0,36035350.0,14590870.0,15918550.0,45747000.0,37308000.0,53278000.0,57638000.0,57863000.0,59637000.0,24099000.0,26404000.0
20201211,183820.0,21265280.0,19765700.0,23485860.0,25169270.0,20250010.0,17991550.0,7798830.0,9873470.0,35936000.0,33371000.0,39628000.0,42458000.0,34220000.0,30357000.0,13161000.0,16758000.0
20201214,19667800.0,23582860.0,32768760.0,38334850.0,48816740.0,52742440.0,44436010.0,32460650.0,21099280.0,37494000.0,52123000.0,60969000.0,77562000.0,83747000.0,70547000.0,51461000.0,33439000.0
20201215,14160150.0,24328400.0,34965750.0,40907910.0,44430710.0,51706570.0,41343790.0,23343440.0,19546070.0,37629000.0,54010000.0,63148000.0,68558000.0,79740000.0,63727000.0,35916000.0,30137000.0
20201216,4484160.0,22616650.0,27446640.0,36150770.0,35804950.0,37570190.0,28708710.0,15899930.0,20277250.0,35548000.0,43087000.0,56766000.0,56174000.0,58945000.0,45019000.0,24831000.0,31810000.0
20201217,-275650.0,21456260.0,21333130.0,28897110.0,28744570.0,28589790.0,24895290.0,9784570.0,13754720.0,34248000.0,33955000.0,46100000.0,45804000.0,45600000.0,39741000.0,15572000.0,22020000.0
20201218,-790850.0,21075640.0,21298910.0,27156700.0,26142580.0,26776560.0,24459930.0,11895630.0,15003110.0,33579000.0,33903000.0,43231000.0,41573000.0,42611000.0,38907000.0,18935000.0,23973000.0
20201221,15444240.0,29242340.0,36589680.0,46579440.0,54676330.0,47622810.0,51781450.0,38331200.0,18728320.0,44766000.0,55908000.0,71252000.0,83494000.0,72762000.0,79048000.0,58182000.0,28512000.0
20201222,65320.0,29226630.0,27235670.0,42028870.0,44085140.0,41797320.0,41366920.0,18585450.0,18950530.0,43635000.0,40537000.0,62575000.0,65581000.0,62164000.0,61509000.0,27549000.0,28295000.0
20201223,21883490.0,24563360.0,41030120.0,51501340.0,56918080.0,63281400.0,65354320.0,78344930.0,54388520.0,35697000.0,59218000.0,74879000.0,82211000.0,91320000.0,94163000.0,111397000.0,77700000.0
20201224,-7891530.0,56689140.0,46975710.0,82649110.0,84471000.0,90283840.0,97881250.0,75920450.0,76214570.0,75247000.0,61931000.0,109450000.0,111658000.0,119309000.0,129347000.0,99916000.0,100985000.0
20201225,7575450.0,30593940.0,38928290.0,46614170.0,45855260.0,59349700.0,50636900.0,34735720.0,35873070.0,41838000.0,52980000.0,63572000.0,62547000.0,80780000.0,69009000.0,47135000.0,48789000.0
20201228,-10755270.0,45144010.0,34112300.0,58205450.0,58481880.0,66452560.0,71820620.0,46560800.0,51948010.0,61382000.0,46204000.0,78885000.0,79310000.0,89993000.0,97209000.0,63024000.0,70561000.0
20201229,-10526020.0,36192060.0,27153460.0,43293930.0,41806520.0,44288890.0,46175810.0,14849000.0,23488100.0,50056000.0,37494000.0,59828000.0,57754000.0,61255000.0,63790000.0,20549000.0,32649000.0
20201230,324590.0,35350500.0,39008190.0,51274890.0,47941790.0,51773370.0,57004490.0,30115930.0,24560220.0,48016000.0,52924000.0,69674000.0,65094000.0,70270000.0,77466000.0,40839000.0,33316000.0
20201231,17069470.0,30439480.0,43809590.0,55971290.0,59670650.0,69202060.0,68677960.0,40052270.0,23506900.0,40245000.0,57721000.0,73870000.0,78525000.0,91027000.0,90245000.0,52241000.0,30891000.0
20210104,14480700.0,19138660.0,27374020.0,52786480.0,59031810.0,76631840.0,69349580.0,109308200.0,102109760.0,22969000.0,32585000.0,63340000.0,70434000.0,91818000.0,82818000.0,129437000.0,121727000.0
20210105,-31237250.0,46811210.0,32957150.0,97520120.0,80136920.0,92605840.0,108323800.0,77391440.0,92910730.0,52561000.0,36966000.0,109348000.0,89882000.0,103911000.0,121543000.0,86752000.0,104181000.0
20210106,-3417110.0,39716530.0,35637030.0,75906670.0,76569040.0,90546990.0,84909950.0,60642790.0,69696940.0,43128000.0,38607000.0,82323000.0,82942000.0,98048000.0,92041000.0,65447000.0,75356000.0
20210107,-10977250.0,44654110.0,36851800.0,79970160.0,76795220.0,101294000.0,87848310.0,71838250.0,96261190.0,46904000.0,38733000.0,83928000.0,80668000.0,106095000.0,92117000.0,75377000.0,100786000.0
20210108,-21873960.0,47788380.0,30361200.0,78417620.0,73970840.0,87140180.0,87508400.0,48775210.0,70280950.0,50784000.0,32119000.0,83286000.0,78405000.0,92430000.0,92858000.0,51615000.0,74733000.0
20210111,-39701200.0,65445250.0,42678710.0,105747550.0,88812900.0,112749590.0,122102300.0,51766840.0,82115330.0,71083000.0,45773000.0,114559000.0,95902000.0,122280000.0,132322000.0,55824000.0,89749000.0
20210112,474080.0,51213940.0,43256520.0,75128140.0,83559660.0,83339530.0,82802020.0,43876670.0,43940100.0,56048000.0,47209000.0,82203000.0,91317000.0,91117000.0,90574000.0,47838000.0,48106000.0
20210113,-38160610.0,59002200.0,38356670.0,91077390.0,73562310.0,81067020.0,99424150.0,56755490.0,76558970.0,64037000.0,41243000.0,98663000.0,79231000.0,87499000.0,107690000.0,61087000.0,83122000.0
20210114,-45405040.0,62883500.0,36760750.0,99367080.0,80084780.0,102851020.0,99810750.0,68109470.0,116554780.0,75378000.0,43888000.0,119133000.0,95639000.0,123222000.0,119218000.0,81715000.0,140703000.0
20210115,3437290.0,46990090.0,42482540.0,70098050.0,78042890.0,69111130.0,67076820.0,45766700.0,44363720.0,57467000.0,51864000.0,85542000.0,95219000.0,84342000.0,81940000.0,55699000.0,54026000.0
20210118,9784130.0,34432530.0,46157010.0,76441640.0,74501290.0,75373670.0,71336620.0,41525440.0,35778360.0,40477000.0,54156000.0,89793000.0,87457000.0,88543000.0,83818000.0,48689000.0,42071000.0
20210119,-37297930.0,49921650.0,27366890.0,73053700.0,58310530.0,63995310.0,71272580.0,35529800.0,65550460.0,60569000.0,33061000.0,88593000.0,70557000.0,77475000.0,86269000.0,42910000.0,79661000.0
20210120,-581520.0,35007820.0,38438520.0,67352170.0,63339950.0,55707420.0,56883430.0,21733340.0,21138850.0,42310000.0,46334000.0,81235000.0,76337000.0,67147000.0,68632000.0,26135000.0,25525000.0
20210121,4199600.0,41922920.0,36149090.0,78140790.0,88114220.0,75917120.0,71617490.0,38340020.0,38440050.0,50197000.0,43134000.0,93436000.0,105329000.0,90728000.0,85606000.0,45758000.0,46049000.0
20210122,1819630.0,47467910.0,50064990.0,93269590.0,92492150.0,90138410.0,90024710.0,49595630.0,47889700.0,56289000.0,59132000.0,110339000.0,109307000.0,106358000.0,106274000.0,58258000.0,56531000.0
20210125,33070150.0,51014040.0,65475330.0,94383080.0,112991940.0,114461520.0,104739680.0,96751120.0,73402810.0,55565000.0,71061000.0,102892000.0,122923000.0,124525000.0,114066000.0,105258000.0,80190000.0
20210126,-63989890.0,65998160.0,32604280.0,105595610.0,74999600.0,78835440.0,99119090.0,33571220.0,77277460.0,78760000.0,38759000.0,125743000.0,89270000.0,93897000.0,118144000.0,39911000.0,92139000.0
20210127,-5313470.0,31565970.0,24139170.0,54228130.0,56341460.0,50498170.0,50137830.0,14680300.0,20354110.0,39268000.0,29989000.0,67375000.0,69986000.0,62721000.0,62312000.0,18245000.0,25322000.0
20210128,-8236710.0,35476480.0,25319830.0,43487350.0,45407300.0,45860480.0,58465220.0,27000410.0,22632380.0,44834000.0,31953000.0,54864000.0,57230000.0,57825000.0,73692000.0,33947000.0,28595000.0
20210129,-19907720.0,38926620.0,27668600.0,55935820.0,47286130.0,46295750.0,54779980.0,13336640.0,24760130.0,50357000.0,35666000.0,72351000.0,61140000.0,59749000.0,70847000.0,17166000.0,31971000.0
20210201,270170.0,23298720.0,23803160.0,30157050.0,29922770.0,27142340.0,29893890.0,14666030.0,11644310.0,29830000.0,30442000.0,38609000.0,38293000.0,34722000.0,38266000.0,18759000.0,14918000.0
20210202,8075860.0,25611810.0,30190070.0,38996240.0,42493840.0,40044840.0,35851670.0,20436210.0,16553520.0,32350000.0,38061000.0,49128000.0,53526000.0,50395000.0,45199000.0,25768000.0,20855000.0
20210203,-22619380.0,47732290.0,26602110.0,47083050.0,45593850.0,39064560.0,45643970.0,12017020.0,28056990.0,61888000.0,34389000.0,61077000.0,59017000.0,50621000.0,59233000.0,15601000.0,36550000.0
20210204,-9760960.0,33436730.0,27136340.0,38184260.0,34723690.0,29340340.0,31776160.0,7537970.0,14863110.0,44622000.0,36176000.0,50907000.0,46324000.0,39117000.0,42387000.0,10070000.0,19829000.0
20210205,-15727770.0,30216220.0,21535690.0,34074600.0,27027360.0,22053930.0,30517110.0,5032260.0,12296850.0,40504000.0,28750000.0,45574000.0,36131000.0,29480000.0,40835000.0,6661000.0,16504000.0
20210208,7352880.0,22736240.0,28627940.0,29988320.0,31449480.0,28902910.0,23698210.0,10778180.0,8630000.0,30649000.0,38506000.0,40383000.0,42345000.0,38857000.0,31905000.0,14501000.0,11633000.0
20210209,16743270.0,40354810.0,49283790.0,60086180.0,67900470.0,61097050.0,63573260.0,40486950.0,21267470.0,50706000.0,61935000.0,75186000.0,84872000.0,76781000.0,79814000.0,50647000.0,26699000.0
20210210,-5915980.0,42785790.0,39175970.0,60389510.0,58083360.0,49952260.0,48136130.0,20639310.0,28371420.0,53687000.0,49098000.0,75563000.0,72719000.0,62560000.0,60295000.0,25903000.0,35601000.0
20210218,-2516990.0,28954990.0,27216990.0,44515710.0,43736710.0,36251300.0,35695270.0,9366950.0,12439970.0,36183000.0,33964000.0,55508000.0,54540000.0,45207000.0,44503000.0,11659000.0,15550000.0
20210219,531700.0,23998120.0,25830710.0,46146050.0,44845170.0,36932450.0,35192340.0,12473070.0,13681480.0,29553000.0,31752000.0,56770000.0,55124000.0,45403000.0,43300000.0,15267000.0,16816000.0
20210222,-28689200.0,54659070.0,29094110.0,59835910.0,56711660.0,45987360.0,55707120.0,10266020.0,29235460.0,70356000.0,37326000.0,76866000.0,72828000.0,59082000.0,71641000.0,13234000.0,37743000.0
20210223,3670170.0,36768760.0,39773740.0,55522220.0,56187430.0,53686300.0,45780290.0,12485140.0,16720980.0,47839000.0,51550000.0,71915000.0,72867000.0,69443000.0,59291000.0,16028000.0,21517000.0
20210224,-3550970.0,39298860.0,37926290.0,54604680.0,52426280.0,50384420.0,47690490.0,10630600.0,16875500.0,49518000.0,47735000.0,68680000.0,65947000.0,63365000.0,60004000.0,13338000.0,21215000.0
20210225,20311050.0,38853260.0,47079060.0,79730810.0,91816060.0,75618680.0,68968760.0,36216260.0,22555130.0,46670000.0,56534000.0,95751000.0,110159000.0,90696000.0,82640000.0,43201000.0,26986000.0
20210226,-16718800.0,42444520.0,35635690.0,74447330.0,64537370.0,54487640.0,60802960.0,18425110.0,28828590.0,51904000.0,43588000.0,90944000.0,78722000.0,66596000.0,74332000.0,22426000.0,35227000.0
20210301,736230.0,25916080.0,28444650.0,46736100.0,44943740.0,38452350.0,36024840.0,9634640.0,11325920.0,32114000.0,35155000.0,57748000.0,55514000.0,47490000.0,44566000.0,11916000.0,14032000.0
20210302,-382590.0,31566280.0,32751200.0,61541230.0,59973720.0,51952030.0,50541930.0,16272290.0,18064980.0,38397000.0,39759000.0,74687000.0,72801000.0,62926000.0,61251000.0,19697000.0,21897000.0
20210303,-7217750.0,21824560.0,17067670.0,37872660.0,35411810.0,28216970.0,31945710.0,8326300.0,11815310.0,26427000.0,20640000.0,45847000.0,42824000.0,34117000.0,38641000.0,10051000.0,14337000.0
20210304,-9961830.0,31590500.0,26611020.0,61832850.0,56850490.0,41514490.0,48302090.0,11646060.0,14820290.0,38107000.0,31923000.0,74447000.0,68372000.0,49774000.0,58160000.0,13948000.0,17820000.0
20210305,-35512200.0,56417080.0,26710610.0,56941730.0,51136000.0,48700040.0,68532120.0,19798110.0,35478230.0,75258000.0,35456000.0,75822000.0,67967000.0,64806000.0,91338000.0,26277000.0,47402000.0
20210308,-36434130.0,56394250.0,27643750.0,66846770.0,59163150.0,50805000.0,62382920.0,18087050.0,42943260.0,82368000.0,40122000.0,97373000.0,86007000.0,73917000.0,90984000.0,26715000.0,63260000.0
20210309,-7378050.0,35593050.0,28564710.0,49779400.0,49429710.0,36128130.0,42460430.0,14852380.0,15898130.0,56819000.0,45602000.0,79646000.0,78987000.0,57807000.0,67855000.0,23768000.0,25596000.0
20210310,-11091100.0,26589060.0,17194810.0,36914480.0,35217630.0,21161360.0,30528760.0,6429140.0,8152840.0,43110000.0,27807000.0,59838000.0,57027000.0,34244000.0,49464000.0,10344000.0,13238000.0
20210311,3109650.0,21556140.0,24927720.0,32088950.0,31827030.0,24403230.0,22209230.0,9248640.0,8332990.0,34499000.0,39860000.0,51402000.0,50929000.0,39042000.0,35560000.0,14707000.0,13301000.0
20210312,-6389730.0,21860870.0,15283230.0,26100720.0,26288640.0,15482000.0,17563360.0,5282130.0,9590500.0,35466000.0,24736000.0,42310000.0,42628000.0,25118000.0,28506000.0,8597000.0,15621000.0
20210315,-5985890.0,21191580.0,16498450.0,26516020.0,25223260.0,17567720.0,21333500.0,7398270.0,9618380.0,34350000.0,26652000.0,42890000.0,40761000.0,28364000.0,34516000.0,11985000.0,15660000.0
20210316,-2402410.0,17366680.0,12764230.0,19383000.0,21583030.0,12497900.0,15072340.0,6050970.0,5878940.0,28658000.0,21037000.0,31967000.0,35595000.0,20602000.0,24875000.0,10004000.0,9724000.0
20210317,-2926310.0,14161430.0,12467780.0,19830570.0,18597910.0,11655070.0,13872850.0,3243460.0,3951990.0,23216000.0,20421000.0,32491000.0,30459000.0,19080000.0,22743000.0,5306000.0,6470000.0
20210318,4801400.0,18031710.0,19631330.0,23480080.0,26681890.0,19187140.0,15024200.0,5690610.0,5052150.0,29259000.0,31809000.0,38062000.0,43241000.0,31073000.0,24346000.0,9192000.0,8191000.0
20210319,7190820.0,32964120.0,36521230.0,46280200.0,49913930.0,40948720.0,33789320.0,18899390.0,18867970.0,52201000.0,57494000.0,72947000.0,78552000.0,64393000.0,53256000.0,29602000.0,29841000.0
20210322,2334990.0,21542640.0,21003910.0,28215090.0,31088810.0,25123510.0,19007030.0,4613280.0,8394770.0,34548000.0,33622000.0,45247000.0,49797000.0,40200000.0,30468000.0,7364000.0,13472000.0
20210323,5827250.0,16960340.0,19606740.0,24734580.0,27915440.0,23574900.0,19515850.0,6931100.0,5162900.0,26719000.0,30846000.0,38940000.0,43918000.0,37085000.0,30731000.0,10886000.0,8135000.0
20210324,-10776860.0,30370660.0,19991430.0,35338670.0,34941040.0,24166720.0,27984280.0,8064920.0,15024220.0,49545000.0,32558000.0,57614000.0,56960000.0,39396000.0,45714000.0,13245000.0,24567000.0
20210325,-8296850.0,18487050.0,11349200.0,19701960.0,18542960.0,12115980.0,16901750.0,2113180.0,5624260.0,30549000.0,18725000.0,32541000.0,30623000.0,20013000.0,27915000.0,3482000.0,9322000.0
20210326,4950.0,21253910.0,20303120.0,23706460.0,24662210.0,16784830.0,17557410.0,4189970.0,3412440.0,34337000.0,32787000.0,38304000.0,39835000.0,27125000.0,28379000.0,6752000.0,5517000.0
20210329,829720.0,19844330.0,21471050.0,28555540.0,27758550.0,22274770.0,23207490.0,7840110.0,6077670.0,31233000.0,33716000.0,44870000.0,43622000.0,34972000.0,36475000.0,12265000.0,9527000.0
20210330,32755080.0,28761740.0,41308410.0,48203830.0,68412230.0,52586860.0,61417670.0,77159570.0,35573680.0,42126000.0,60406000.0,70578000.0,100029000.0,77117000.0,89860000.0,112456000.0,51982000.0
20210331,-21306890.0,52825300.0,35160750.0,61004840.0,57362500.0,46391620.0,47086880.0,19263120.0,39874750.0,79950000.0,53190000.0,92244000.0,86664000.0,69937000.0,71090000.0,29021000.0,60208000.0
20210401,728260.0,22044790.0,23638150.0,28075330.0,27210230.0,25899700.0,23758400.0,10537840.0,11950880.0,33615000.0,35972000.0,42781000.0,41422000.0,39407000.0,36202000.0,16028000.0,18235000.0
20210402,-1539050.0,22627470.0,21555270.0,27876630.0,27409770.0,22744540.0,26274810.0,14653420.0,12662200.0,34448000.0,32721000.0,42394000.0,41655000.0,34568000.0,40012000.0,22198000.0,19220000.0
20210406,3146530.0,18501020.0,20308380.0,26267420.0,27606600.0,24688690.0,22455420.0,12451010.0,11537750.0,27689000.0,30368000.0,39299000.0,41286000.0,36917000.0,33581000.0,18605000.0,17275000.0
20210407,-4687090.0,22386290.0,17220330.0,25273430.0,25752300.0,19292760.0,19227420.0,4766920.0,9519350.0,34321000.0,26385000.0,38737000.0,39449000.0,29562000.0,29468000.0,7301000.0,14619000.0
20210408,-157420.0,15383060.0,16598660.0,20163560.0,18790530.0,12261850.0,15150930.0,9572650.0,6840990.0,23587000.0,25422000.0,30899000.0,28779000.0,18771000.0,23209000.0,14642000.0,10490000.0
20210409,316290.0,21272460.0,21177080.0,27931760.0,28343420.0,24460080.0,22544130.0,7723430.0,9323090.0,32359000.0,32113000.0,42375000.0,42919000.0,36991000.0,34149000.0,11703000.0,14248000.0
20210412,-23711880.0,32925550.0,14563640.0,35195880.0,29845920.0,23835640.0,27108690.0,6985460.0,27424290.0,52795000.0,23280000.0,56372000.0,47742000.0,38115000.0,43397000.0,11161000.0,44024000.0
20210413,-621640.0,16456010.0,14825550.0,18328570.0,19337380.0,12471290.0,12730440.0,2153390.0,2515880.0,26706000.0,24018000.0,29712000.0,31363000.0,20194000.0,20630000.0,3490000.0,4090000.0
20210414,3622200.0,13022030.0,14704540.0,14299120.0,16238810.0,11274470.0,9850580.0,3796910.0,1598600.0,20917000.0,23594000.0,22950000.0,26063000.0,18091000.0,15821000.0,6080000.0,2561000.0
20210415,1451250.0,11811760.0,12153600.0,12321020.0,13430430.0,8547400.0,8286370.0,2519050.0,1328830.0,18949000.0,19474000.0,19756000.0,21518000.0,13691000.0,13292000.0,4021000.0,2133000.0
20210416,946750.0,11658620.0,11833700.0,12823140.0,13594800.0,8616180.0,8674450.0,3176980.0,2171960.0,18608000.0,18877000.0,20456000.0,21682000.0,13738000.0,13841000.0,5057000.0,3460000.0
20210419,11648020.0,16582100.0,22990050.0,22856240.0,28096310.0,24378860.0,17200470.0,11906620.0,7436990.0,26148000.0,36079000.0,35986000.0,44184000.0,38259000.0,27061000.0,18635000.0,11702000.0
20210420,937350.0,19377240.0,19087840.0,24905630.0,26132360.0,21580910.0,20814050.0,6796670.0,6626180.0,30170000.0,29651000.0,38720000.0,40625000.0,33507000.0,32364000.0,10551000.0,10307000.0
20210421,-8924870.0,19128090.0,11994470.0,22308110.0,20516860.0,14457510.0,18435770.0,2706060.0,7652670.0,30467000.0,19092000.0,35523000.0,32664000.0,23008000.0,29346000.0,4313000.0,12208000.0
20210422,-6005050.0,15896220.0,11683300.0,18043150.0,16251030.0,14198660.0,18554780.0,3650260.0,5299190.0,25241000.0,18532000.0,28640000.0,25783000.0,22533000.0,29455000.0,5793000.0,8437000.0
20210423,-5200170.0,13425590.0,9212320.0,15474500.0,14487610.0,11927340.0,15268940.0,3416690.0,5275260.0,21416000.0,14683000.0,24678000.0,23098000.0,19007000.0,24349000.0,5441000.0,8412000.0
20210426,3342540.0,21829120.0,22732720.0,30332300.0,32771230.0,25266560.0,23520120.0,10553770.0,8957670.0,33995000.0,35376000.0,47225000.0,51011000.0,39319000.0,36588000.0,16412000.0,13977000.0
20210427,-6978130.0,20845350.0,14308580.0,21017750.0,20576400.0,12191600.0,15326170.0,3181940.0,7025500.0,33763000.0,23167000.0,34023000.0,33302000.0,19728000.0,24795000.0,5148000.0,11397000.0
20210428,-3452630.0,12175070.0,9992890.0,14442210.0,13171770.0,9714870.0,9707040.0,2361360.0,5821820.0,19724000.0,16167000.0,23384000.0,21317000.0,15722000.0,15727000.0,3826000.0,9444000.0
20210429,-5371890.0,15523980.0,10131780.0,16806740.0,16827050.0,11965280.0,16466050.0,2368720.0,3239840.0,25041000.0,16315000.0,27090000.0,27116000.0,19280000.0,26564000.0,3816000.0,5232000.0
20210430,-19387660.0,44149760.0,28931010.0,54217090.0,50048180.0,43823220.0,52140920.0,18747450.0,29817410.0,77589000.0,50808000.0,95029000.0,87688000.0,76802000.0,91269000.0,32762000.0,52417000.0
20210506,7150290.0,27049250.0,31726010.0,39123070.0,41596600.0,37018010.0,32214620.0,10857570.0,8510670.0,45200000.0,52995000.0,65335000.0,69597000.0,61983000.0,53835000.0,18089000.0,14180000.0
20210507,-3185170.0,18983850.0,18442200.0,23644700.0,21001190.0,18647340.0,19053150.0,3225690.0,6005050.0,30909000.0,30002000.0,38523000.0,34204000.0,30337000.0,31021000.0,5264000.0,9806000.0
20210510,4141370.0,15289810.0,16137880.0,16815730.0,20109030.0,15387660.0,13562970.0,7905490.0,5588810.0,25349000.0,26727000.0,27854000.0,33277000.0,25480000.0,22458000.0,13046000.0,9266000.0
20210511,34257180.0,33389950.0,51299720.0,52736200.0,69083600.0,58325160.0,61370310.0,59461120.0,22158790.0,51253000.0,78393000.0,80966000.0,105437000.0,89114000.0,93432000.0,89557000.0,33627000.0
20210512,-1014580.0,26767760.0,25140000.0,33949570.0,34562740.0,34029410.0,27282160.0,12544270.0,20306100.0,40846000.0,38325000.0,51790000.0,52717000.0,51921000.0,41631000.0,19138000.0,31022000.0
20210513,-1415640.0,30937620.0,28748630.0,42512790.0,43286140.0,39229970.0,35937380.0,11105380.0,15813610.0,46773000.0,43379000.0,64096000.0,65170000.0,58993000.0,54055000.0,16643000.0,23902000.0
20210514,14449260.0,36042500.0,43772880.0,55915780.0,62634670.0,53091510.0,49442190.0,29097170.0,18297230.0,52877000.0,63956000.0,81789000.0,91706000.0,77495000.0,72308000.0,42491000.0,26683000.0
20210517,-8723350.0,47382700.0,35588520.0,48583270.0,51654110.0,46126960.0,48117980.0,14876780.0,21609110.0,67678000.0,50796000.0,69354000.0,73705000.0,65810000.0,68644000.0,21202000.0,30897000.0
20210518,16577540.0,33539510.0,40653270.0,48404230.0,57868000.0,49852390.0,51642270.0,38807820.0,20440400.0,46410000.0,56063000.0,66908000.0,79841000.0,68871000.0,71320000.0,53214000.0,28179000.0
20210519,-4785110.0,32786580.0,24335260.0,35717110.0,39383330.0,35716850.0,31842080.0,11538290.0,20198170.0,45081000.0,33414000.0,49089000.0,54107000.0,49103000.0,43761000.0,15809000.0,27800000.0
20210520,-4897880.0,31781250.0,26793860.0,37169870.0,37259380.0,32453740.0,33241970.0,10784790.0,14894440.0,43522000.0,36595000.0,50819000.0,50918000.0,44342000.0,45473000.0,14718000.0,20417000.0
20210521,-11645540.0,33718370.0,19760270.0,34771600.0,37084160.0,29543940.0,34778230.0,6437980.0,12849230.0,48052000.0,28127000.0,49512000.0,52807000.0,42059000.0,49540000.0,9182000.0,18331000.0
20210524,583510.0,20564730.0,21353320.0,24818300.0,24613220.0,19634470.0,18241420.0,3885200.0,4694740.0,28968000.0,30050000.0,34963000.0,34665000.0,27635000.0,25699000.0,5459000.0,6612000.0
20210525,7520220.0,41048400.0,45901380.0,53574610.0,56241850.0,54971490.0,52494850.0,21164170.0,16120590.0,55259000.0,61615000.0,72021000.0,75606000.0,73606000.0,70380000.0,28272000.0,21557000.0
20210526,3101680.0,31525580.0,31426870.0,39909160.0,43109560.0,40580140.0,40010670.0,18409570.0,15877360.0,41335000.0,41131000.0,52260000.0,56427000.0,53065000.0,52376000.0,24077000.0,20803000.0
20210527,615840.0,23908180.0,21169740.0,26849360.0,30203650.0,23361820.0,24055080.0,12404790.0,11095690.0,31609000.0,27949000.0,35456000.0,39864000.0,30838000.0,31753000.0,16347000.0,14684000.0
20210528,-1376850.0,22157580.0,20682890.0,27922620.0,28020450.0,23731070.0,24946170.0,7356350.0,7518100.0,29424000.0,27383000.0,37036000.0,37154000.0,31438000.0,33127000.0,9743000.0,9977000.0
20210531,8215550.0,32081370.0,36738740.0,40595840.0,44154010.0,36218530.0,32872270.0,12525390.0,7656100.0,41605000.0,47574000.0,52672000.0,57191000.0,46834000.0,42592000.0,16183000.0,9937000.0
20210601,-12614940.0,38733040.0,27588420.0,36961140.0,35490820.0,23332050.0,30063290.0,5689010.0,11572710.0,50540000.0,35886000.0,48144000.0,46206000.0,30333000.0,39194000.0,7392000.0,15124000.0
20210602,-10505770.0,40376770.0,28530460.0,37934700.0,39275240.0,26914700.0,32499810.0,5234570.0,10155230.0,54297000.0,38324000.0,50986000.0,52799000.0,36142000.0,43656000.0,7042000.0,13688000.0
20210603,-7415600.0,33756260.0,31200070.0,33364330.0,28504930.0,22762760.0,26207860.0,2876950.0,6847450.0,46467000.0,42886000.0,45918000.0,39229000.0,31301000.0,36091000.0,3953000.0,9433000.0
20210604,7389550.0,35183860.0,43143400.0,48162180.0,47592180.0,42223650.0,36688670.0,14522450.0,12667880.0,47124000.0,57754000.0,64552000.0,63802000.0,56590000.0,49146000.0,19395000.0,16960000.0
20210607,7948670.0,31404160.0,33911310.0,37570840.0,43012350.0,28736570.0,23110740.0,9666540.0,7343700.0,41268000.0,44492000.0,49308000.0,56408000.0,37677000.0,30352000.0,12682000.0,9681000.0
20210608,5879670.0,34523680.0,39733760.0,43461450.0,44131040.0,36393460.0,30585130.0,7136780.0,7065440.0,45007000.0,51739000.0,56590000.0,57431000.0,47314000.0,39798000.0,9249000.0,9192000.0
20210609,11713890.0,40091700.0,47766280.0,56672240.0,60711560.0,63061000.0,52884040.0,19727200.0,18190270.0,50913000.0,60635000.0,71738000.0,76885000.0,79786000.0,66894000.0,24982000.0,23006000.0
20210610,3070390.0,29917430.0,34776320.0,45202430.0,43413940.0,34470300.0,31090740.0,9951280.0,10260450.0,37531000.0,43581000.0,56629000.0,54396000.0,43189000.0,38974000.0,12462000.0,12860000.0
20210611,-16396090.0,49032960.0,33469260.0,45273350.0,44440960.0,31190730.0,39309810.0,7627060.0,15904070.0,63903000.0,43573000.0,59017000.0,57868000.0,40718000.0,51314000.0,9938000.0,20821000.0
20210615,-4683390.0,24122250.0,21756890.0,27279310.0,24961280.0,20906190.0,22097660.0,5487040.0,8978960.0,31867000.0,28703000.0,36044000.0,32955000.0,27585000.0,29200000.0,7234000.0,11871000.0
20210616,-4092590.0,32134940.0,28133870.0,34219950.0,34128410.0,24041710.0,25792560.0,4308050.0,6649790.0,43054000.0,37545000.0,45743000.0,45651000.0,32134000.0,34542000.0,5763000.0,8955000.0
20210617,2395070.0,20346810.0,21949750.0,22506120.0,23298260.0,15425340.0,16483850.0,5016380.0,1562800.0,27075000.0,29179000.0,29928000.0,30964000.0,20500000.0,21930000.0,6652000.0,2081000.0
20210618,5035040.0,33262950.0,38213150.0,44008990.0,44093830.0,33941750.0,30784810.0,7952070.0,6073970.0,42549000.0,48894000.0,56316000.0,56394000.0,43424000.0,39387000.0,10183000.0,7797000.0
20210621,14286960.0,40144050.0,44203180.0,64535390.0,74763220.0,55126840.0,52613530.0,25232920.0,13459270.0,49211000.0,54169000.0,78981000.0,91365000.0,67472000.0,64272000.0,30676000.0,16534000.0
20210622,-11758470.0,41534710.0,37271100.0,63364830.0,55869950.0,38024990.0,38918460.0,6934050.0,17799050.0,49978000.0,44844000.0,76247000.0,67239000.0,45740000.0,46828000.0,8316000.0,21371000.0
20210623,7442820.0,27065040.0,31229060.0,44469090.0,47747900.0,34143190.0,30122040.0,10819500.0,7397830.0,32381000.0,37307000.0,53178000.0,57063000.0,40801000.0,36025000.0,12884000.0,8849000.0
20210624,-17456490.0,39258580.0,26242620.0,41343870.0,36903340.0,22860390.0,37497030.0,4909940.0,7729790.0,65456000.0,43741000.0,68751000.0,61399000.0,37919000.0,62305000.0,8175000.0,12856000.0
20210625,-6820900.0,40782130.0,31514110.0,49406050.0,51853160.0,30925270.0,37749030.0,7302600.0,7299740.0,70423000.0,54253000.0,85386000.0,89579000.0,53464000.0,65369000.0,12631000.0,12704000.0
20210628,-11577730.0,34816140.0,26242670.0,42025520.0,39021270.0,26439030.0,31099210.0,6590510.0,13508060.0,58516000.0,44056000.0,70532000.0,65477000.0,44347000.0,52194000.0,11067000.0,22735000.0
20210629,-3491720.0,28246590.0,25461310.0,36310370.0,35603930.0,22792700.0,25250910.0,6039150.0,7072660.0,47391000.0,42631000.0,60856000.0,59649000.0,38147000.0,42336000.0,10100000.0,11879000.0
20210630,-4175550.0,32438810.0,28564930.0,42849090.0,42547400.0,28016060.0,32016420.0,11246220.0,11421410.0,55108000.0,48314000.0,72642000.0,72059000.0,47388000.0,54269000.0,18922000.0,19416000.0
20210701,-38838400.0,62720320.0,32280480.0,67068680.0,58670130.0,43367150.0,64286530.0,14510320.0,32429340.0,108026000.0,55344000.0,115095000.0,100570000.0,74215000.0,110361000.0,24736000.0,55798000.0
20210702,-25897410.0,56923780.0,38584080.0,69833170.0,62275460.0,53763160.0,68001540.0,13048660.0,24707690.0,108544000.0,73545000.0,133015000.0,118684000.0,102436000.0,129664000.0,24911000.0,47014000.0
20210705,-7684170.0,28561410.0,21439040.0,33608710.0,33046910.0,18703160.0,26435850.0,3837830.0,3789310.0,55150000.0,41349000.0,64934000.0,63813000.0,36110000.0,51119000.0,7402000.0,7315000.0
20210706,1631360.0,25054900.0,26951980.0,35270080.0,35004350.0,27112900.0,26073130.0,7945720.0,7354130.0,48545000.0,52080000.0,68244000.0,67680000.0,52407000.0,50466000.0,15330000.0,14300000.0
20210707,40734230.0,45936010.0,67167860.0,72157080.0,91659460.0,72225560.0,69851160.0,63122880.0,24763050.0,81775000.0,119206000.0,128831000.0,162381000.0,128289000.0,123719000.0,109956000.0,43543000.0
20210708,41581930.0,27144650.0,49201420.0,60710310.0,80235460.0,93181180.0,78090230.0,121928750.0,95437770.0,43776000.0,79030000.0,98038000.0,129056000.0,150281000.0,125551000.0,193782000.0,152241000.0
20210709,-49536550.0,102986800.0,78041750.0,150172040.0,125580530.0,144711170.0,135442610.0,77268800.0,136073910.0,158508000.0,120037000.0,231017000.0,193125000.0,222803000.0,208358000.0,118811000.0,209619000.0
20210712,17752480.0,67968300.0,79992890.0,97450550.0,103178450.0,95497360.0,89620290.0,44469920.0,32594510.0,103551000.0,121629000.0,148390000.0,156875000.0,145158000.0,136256000.0,67352000.0,49692000.0
20210713,520760.0,52945460.0,55759810.0,74893980.0,72600390.0,71229740.0,67235480.0,23374470.0,26847970.0,79562000.0,83661000.0,112378000.0,108867000.0,106844000.0,100874000.0,34982000.0,40364000.0
20210714,-41746070.0,77192520.0,50787610.0,93754940.0,78413770.0,68156850.0,81644120.0,30295630.0,58554430.0,118892000.0,78033000.0,144322000.0,120530000.0,104937000.0,125748000.0,46711000.0,90551000.0
20210715,-5492890.0,49296390.0,45158660.0,59741020.0,58385860.0,41185700.0,44670580.0,21409120.0,23417130.0,77081000.0,70495000.0,93232000.0,91118000.0,64233000.0,69654000.0,33391000.0,36670000.0
20210716,18646410.0,73893080.0,90340590.0,120998180.0,123197090.0,112362540.0,108821080.0,61407720.0,46302770.0,110527000.0,135066000.0,181010000.0,183967000.0,167816000.0,162581000.0,91398000.0,69138000.0
20210719,-12528680.0,67188350.0,57091110.0,86846590.0,84415150.0,57464450.0,64653410.0,24213680.0,29553400.0,103370000.0,87739000.0,133523000.0,129655000.0,88203000.0,99259000.0,37065000.0,45508000.0
20210720,-8717700.0,51451220.0,47452980.0,69225030.0,64505570.0,49060720.0,50087360.0,20604770.0,28295830.0,79589000.0,73064000.0,106739000.0,99321000.0,75543000.0,77316000.0,31726000.0,43895000.0
20210721,21594870.0,47347620.0,60537900.0,74284220.0,82688810.0,73884540.0,68378640.0,41178790.0,25089820.0,70685000.0,90206000.0,110711000.0,123216000.0,110003000.0,101773000.0,61087000.0,37290000.0
20210722,20743710.0,51042410.0,63123270.0,78831460.0,87494320.0,81648420.0,72823630.0,46935370.0,35016450.0,74821000.0,92317000.0,115216000.0,127907000.0,119286000.0,106419000.0,68391000.0,51071000.0
20210723,4424510.0,67922900.0,73318470.0,118096710.0,117125650.0,120304080.0,111508120.0,64553810.0,68925260.0,95206000.0,102650000.0,165211000.0,163614000.0,167694000.0,155339000.0,89186000.0,95694000.0
20210726,13369180.0,100710020.0,90835110.0,150587600.0,173831690.0,171837710.0,159287130.0,94013870.0,93195270.0,133455000.0,120027000.0,199093000.0,229464000.0,226572000.0,210533000.0,126093000.0,125189000.0
20210727,6223040.0,86917420.0,81676170.0,134466000.0,145930290.0,132857210.0,118892610.0,65684650.0,73426210.0,122079000.0,114137000.0,188492000.0,204025000.0,185959000.0,166744000.0,92113000.0,103737000.0
20210728,-5463130.0,71572590.0,62281510.0,88216130.0,92044080.0,87381690.0,90139190.0,39170660.0,41876290.0,110440000.0,95892000.0,135981000.0,141709000.0,134495000.0,138712000.0,60010000.0,64612000.0
20210729,17905230.0,60985100.0,66966620.0,99762480.0,111686200.0,94568470.0,98037710.0,61260370.0,39885900.0,88941000.0,97567000.0,145102000.0,162626000.0,137785000.0,143032000.0,89463000.0,58065000.0
20210730,-19217800.0,64676780.0,41587370.0,75607840.0,79479460.0,68026020.0,78936890.0,28516680.0,36823610.0,94174000.0,60158000.0,109936000.0,115350000.0,98703000.0,114877000.0,41168000.0,53595000.0
20210802,10046660.0,60775860.0,65022460.0,89692210.0,95492280.0,88250580.0,80554040.0,34323690.0,31973570.0,85641000.0,91409000.0,126367000.0,134378000.0,124213000.0,113482000.0,48336000.0,45288000.0
20210803,210430.0,65880460.0,61600640.0,93779620.0,98269860.0,86444410.0,94553200.0,41614010.0,33294790.0,90815000.0,84367000.0,129023000.0,135057000.0,118792000.0,130233000.0,56956000.0,45928000.0
20210804,20257690.0,50608230.0,64750710.0,80394680.0,86509900.0,85428720.0,75662200.0,47092960.0,36601790.0,68317000.0,87216000.0,108411000.0,116589000.0,115067000.0,101873000.0,63155000.0,49273000.0
20210805,-31631090.0,86827190.0,61624340.0,109992410.0,103564170.0,113619280.0,131009980.0,67596460.0,81836850.0,113978000.0,80676000.0,144297000.0,135724000.0,148844000.0,171762000.0,88429000.0,107385000.0
20210806,-36954060.0,82544400.0,46837010.0,85951640.0,84704990.0,80177570.0,92795250.0,43842310.0,68178690.0,112598000.0,63680000.0,117077000.0,115330000.0,109133000.0,126491000.0,59796000.0,93103000.0
20210809,-2679480.0,48637950.0,44950140.0,64555740.0,65564060.0,67379850.0,66234640.0,29840490.0,33665180.0,64809000.0,59758000.0,85888000.0,87215000.0,89572000.0,88122000.0,39614000.0,44789000.0
20210810,25196690.0,61584830.0,72097480.0,90365190.0,105049230.0,121649100.0,110624570.0,67004230.0,52832070.0,80104000.0,93540000.0,117416000.0,136425000.0,157864000.0,143675000.0,86869000.0,68614000.0
20210811,-13417160.0,64772500.0,57046180.0,75618860.0,69928010.0,61800410.0,67506060.0,27361480.0,35072990.0,85999000.0,75654000.0,100341000.0,92758000.0,81967000.0,89579000.0,36282000.0,46598000.0
20210812,-28466560.0,66489530.0,35800700.0,66243730.0,68466020.0,50307540.0,65366990.0,28041680.0,41448790.0,91252000.0,49030000.0,90794000.0,93925000.0,68934000.0,89602000.0,38534000.0,56958000.0
20210813,-19783370.0,58137830.0,43333680.0,68608500.0,63629270.0,55479080.0,59223960.0,26706960.0,42745450.0,80164000.0,59391000.0,94426000.0,87400000.0,76169000.0,81428000.0,36580000.0,59119000.0
20210816,-4567620.0,38303150.0,36850380.0,46839090.0,43724240.0,35250600.0,36130130.0,13014000.0,16702090.0,52967000.0,50795000.0,64657000.0,60308000.0,48645000.0,49892000.0,17895000.0,23169000.0
20210817,-10986770.0,42231880.0,36860610.0,57795530.0,52180030.0,44551950.0,49548920.0,16761490.0,22751290.0,58607000.0,51011000.0,80099000.0,72262000.0,61719000.0,68720000.0,23215000.0,31648000.0
20210818,6875300.0,65908120.0,75857580.0,100397560.0,97323400.0,95555450.0,90119590.0,48386140.0,46946700.0,88667000.0,101928000.0,134967000.0,130896000.0,128461000.0,121066000.0,64658000.0,62862000.0
20210819,12356600.0,56191680.0,62398750.0,72801410.0,78950940.0,66653160.0,60853250.0,23872610.0,17315920.0,74629000.0,82675000.0,96519000.0,104611000.0,88289000.0,80633000.0,31457000.0,22974000.0
20210820,-17840010.0,64422600.0,47064120.0,68428860.0,67947330.0,43173090.0,49787460.0,16269590.0,27495230.0,87270000.0,63590000.0,92587000.0,91883000.0,58375000.0,67399000.0,21922000.0,37283000.0
20210823,65822310.0,68041990.0,93071640.0,96382840.0,137175490.0,105046990.0,121760190.0,159362140.0,76826630.0,86919000.0,118898000.0,123111000.0,174614000.0,134158000.0,154805000.0,200785000.0,96657000.0
20210824,-33173310.0,81258700.0,64559820.0,118042770.0,101568340.0,113095520.0,113810250.0,79358340.0,111816920.0,105416000.0,83166000.0,152899000.0,131165000.0,146623000.0,148055000.0,103370000.0,145922000.0
20210825,-15897100.0,62798390.0,49449170.0,65847760.0,63299870.0,53672840.0,59804700.0,20062990.0,29828230.0,80163000.0,62943000.0,83893000.0,80484000.0,68208000.0,76110000.0,25348000.0,38076000.0
20210826,-15056840.0,54422390.0,41261160.0,57952740.0,56057130.0,43416570.0,51025550.0,16842360.0,24290220.0,69326000.0,52407000.0,73720000.0,71257000.0,55130000.0,64948000.0,21385000.0,30950000.0
20210827,-20364590.0,52287590.0,32631750.0,54834950.0,54126210.0,37909570.0,46267930.0,10974280.0,22980510.0,68639000.0,42757000.0,71952000.0,70985000.0,49701000.0,60716000.0,14367000.0,30201000.0
20210830,5620870.0,54498810.0,59626370.0,102112170.0,102605480.0,87333910.0,83807910.0,56013740.0,53918870.0,67691000.0,74095000.0,126723000.0,127305000.0,108495000.0,104067000.0,69324000.0,66765000.0
20210831,4755860.0,60098150.0,65748310.0,113544150.0,112649860.0,107944910.0,106304710.0,58796080.0,55680420.0,72827000.0,79553000.0,137432000.0,136121000.0,130312000.0,128485000.0,70779000.0,67190000.0
20210901,-15354800.0,74069860.0,59000750.0,95052930.0,94767250.0,84705660.0,89929450.0,36733750.0,46864760.0,93810000.0,74392000.0,119943000.0,119724000.0,106964000.0,113614000.0,46433000.0,59420000.0
20210902,4919780.0,36569040.0,38869110.0,48004580.0,50624280.0,37347080.0,33326070.0,11086680.0,10187910.0,45737000.0,48585000.0,59966000.0,63223000.0,46635000.0,41632000.0,13855000.0,12752000.0
20210903,-25878500.0,74851130.0,57911110.0,90444130.0,81505650.0,56500770.0,70798070.0,24311700.0,35892900.0,98186000.0,76048000.0,118670000.0,107036000.0,74203000.0,92722000.0,31770000.0,47023000.0
20210906,2067220.0,54411810.0,52736340.0,59144860.0,62887550.0,42210420.0,37528900.0,16867590.0,19481890.0,73682000.0,71197000.0,80049000.0,85137000.0,57078000.0,50870000.0,22721000.0,26327000.0
20210907,-6231860.0,46740120.0,39057900.0,44693310.0,46143680.0,31177210.0,38153360.0,10092990.0,9348700.0,61977000.0,51698000.0,59185000.0,61094000.0,41240000.0,50535000.0,13311000.0,12387000.0
20210908,-23603220.0,55921470.0,30713430.0,49542170.0,51146990.0,33327110.0,48752160.0,9991960.0,18170130.0,75883000.0,41628000.0,67221000.0,69386000.0,45199000.0,66201000.0,13583000.0,24671000.0
20210909,4560080.0,52216740.0,58410080.0,67782960.0,66149700.0,55975670.0,54120610.0,20317890.0,17612870.0,70186000.0,78134000.0,90735000.0,88495000.0,74625000.0,72291000.0,26996000.0,23621000.0
20210910,-8041490.0,53652630.0,46924040.0,53672230.0,52359330.0,40440310.0,43283030.0,10819230.0,16018000.0,71193000.0,62205000.0,71207000.0,69438000.0,53656000.0,57450000.0,14321000.0,21284000.0
20210913,-13163110.0,43313180.0,31426030.0,42028630.0,40752680.0,24060500.0,29994670.0,4156900.0,11385840.0,58847000.0,42616000.0,57036000.0,55306000.0,32617000.0,40745000.0,5614000.0,15448000.0
20210914,-13109790.0,48444950.0,35020200.0,49041410.0,49356370.0,27510450.0,39457720.0,8360950.0,9523470.0,65963000.0,47625000.0,66693000.0,67160000.0,37363000.0,53625000.0,11357000.0,12968000.0
20210915,-11759840.0,47177000.0,36730900.0,49080080.0,47766340.0,35314180.0,47779020.0,15861870.0,15156870.0,65636000.0,50741000.0,68183000.0,66175000.0,49033000.0,66473000.0,21745000.0,21208000.0
20210916,-8336780.0,37267520.0,29108000.0,34403280.0,34226030.0,19531370.0,24154350.0,4350740.0,8064540.0,51650000.0,40270000.0,47642000.0,47386000.0,27015000.0,33463000.0,6014000.0,11202000.0
20210917,-16722840.0,52426270.0,33671250.0,49127220.0,51159390.0,30264790.0,42595450.0,8291730.0,12683910.0,75521000.0,48429000.0,70725000.0,73678000.0,43581000.0,61374000.0,11943000.0,18289000.0
20210922,821950.0,37399360.0,39040300.0,46125620.0,45306640.0,29295480.0,28833860.0,7372890.0,7012560.0,52436000.0,54610000.0,64641000.0,63459000.0,40954000.0,40367000.0,10230000.0,9824000.0
20210923,15267260.0,41858770.0,52541090.0,56868360.0,61453290.0,51618760.0,46915590.0,22113540.0,11549450.0,56852000.0,71343000.0,77189000.0,83435000.0,70033000.0,63594000.0,29961000.0,15663000.0
20210924,-8039030.0,33952220.0,28551270.0,32817860.0,30179780.0,16820440.0,19835060.0,2768360.0,7792770.0,46054000.0,38703000.0,44489000.0,40910000.0,22788000.0,26885000.0,3742000.0,10576000.0
20210927,-14904190.0,46440480.0,31816830.0,44991230.0,44710680.0,25530690.0,37406350.0,6388330.0,9416860.0,65530000.0,44878000.0,63468000.0,63049000.0,35977000.0,52774000.0,8997000.0,13270000.0
20210928,-5336480.0,30191260.0,25929800.0,32750610.0,31675570.0,16656840.0,20243600.0,3594120.0,5343840.0,42629000.0,36581000.0,46228000.0,44707000.0,23490000.0,28566000.0,5068000.0,7560000.0
20210929,-25244920.0,47866360.0,25878770.0,40897260.0,37639930.0,21201000.0,33531750.0,5043550.0,17957720.0,70765000.0,38203000.0,60442000.0,55570000.0,31378000.0,49599000.0,7469000.0,26682000.0
20210930,-7500230.0,31577170.0,24996090.0,29309690.0,28390530.0,15586560.0,19991930.0,2466110.0,5560970.0,46298000.0,36651000.0,42985000.0,41648000.0,22868000.0,29324000.0,3615000.0,8142000.0
20211008,-4979700.0,32905000.0,26390270.0,24903210.0,26438240.0,12126790.0,15414910.0,2321330.0,4012910.0,48921000.0,39180000.0,36984000.0,39257000.0,17997000.0,22926000.0,3460000.0,5999000.0
20211011,8652780.0,32178270.0,41112340.0,34290170.0,34008870.0,24069490.0,18573530.0,5295210.0,2138390.0,47051000.0,60092000.0,50099000.0,49652000.0,35097000.0,27088000.0,7706000.0,3120000.0
20211012,-8261120.0,40097350.0,31504390.0,29611320.0,29943150.0,16191700.0,22947530.0,3500450.0,5005740.0,60920000.0,47837000.0,44981000.0,45429000.0,24627000.0,34935000.0,5323000.0,7651000.0
20211013,-18189440.0,65031070.0,42612350.0,53964720.0,58194000.0,32760900.0,48155770.0,14051150.0,16845720.0,103921000.0,67988000.0,86531000.0,93270000.0,52748000.0,77466000.0,22692000.0,27168000.0
20211014,-6746290.0,57243460.0,53505580.0,54778830.0,51770420.0,28165770.0,35558340.0,6015600.0,5369320.0,85545000.0,79998000.0,81793000.0,77332000.0,42192000.0,53085000.0,9027000.0,8142000.0
20211015,-3279660.0,37340030.0,28652200.0,20384350.0,25792510.0,12533110.0,14634780.0,2447370.0,3625360.0,55588000.0,42664000.0,30372000.0,38415000.0,18681000.0,21811000.0,3648000.0,5398000.0
20211018,8274330.0,23536650.0,26770770.0,26862550.0,31902760.0,24532860.0,18352530.0,5947880.0,3853880.0,34318000.0,39010000.0,39159000.0,46485000.0,35738000.0,26739000.0,8637000.0,5620000.0
20211019,-4120070.0,29682890.0,25281480.0,27344070.0,27625400.0,13839690.0,14540260.0,2649490.0,6068990.0,43721000.0,37199000.0,40240000.0,40685000.0,20379000.0,21409000.0,3898000.0,8946000.0
20211020,6107830.0,26498380.0,31373510.0,29951280.0,31183980.0,19426080.0,15361260.0,5337840.0,3294830.0,38577000.0,45627000.0,43559000.0,45377000.0,28227000.0,22333000.0,7759000.0,4786000.0
20211021,3767580.0,21923160.0,28265890.0,20487620.0,17912470.0,13003400.0,9841880.0,3557380.0,2951320.0,32123000.0,41412000.0,29995000.0,26226000.0,19044000.0,14401000.0,5205000.0,4329000.0
20211022,6416380.0,16318590.0,20275740.0,16065500.0,18524730.0,12223970.0,9973630.0,5990680.0,1824640.0,23860000.0,29589000.0,23461000.0,27034000.0,17814000.0,14544000.0,8701000.0,2669000.0
20211025,12288040.0,23589420.0,34733970.0,31114280.0,32257770.0,27343380.0,19638480.0,12984030.0,8400890.0,33822000.0,49750000.0,44529000.0,46162000.0,39115000.0,28101000.0,18545000.0,11998000.0
20211026,-3303510.0,27796200.0,24615750.0,25440500.0,25317450.0,14986450.0,17190540.0,3314410.0,4413830.0,39386000.0,34857000.0,36035000.0,35871000.0,21215000.0,24348000.0,4691000.0,6251000.0
20211027,2136760.0,41318700.0,46331320.0,38832320.0,35956460.0,25521430.0,23093550.0,9059200.0,9350320.0,57692000.0,64663000.0,54128000.0,50126000.0,35489000.0,32169000.0,12587000.0,12939000.0
20211028,6227780.0,37067640.0,45980480.0,43913580.0,41228520.0,30716710.0,26675380.0,8498260.0,6311810.0,51066000.0,63278000.0,60396000.0,56732000.0,42221000.0,36686000.0,11689000.0,8676000.0
20211029,22405550.0,49085490.0,68253160.0,66337400.0,69575290.0,55364800.0,44147630.0,20991040.0,9802660.0,66028000.0,91736000.0,89201000.0,93507000.0,74319000.0,59250000.0,28066000.0,13122000.0
20211101,9806080.0,51645390.0,56136220.0,63836190.0,69151440.0,69477710.0,58272700.0,29733470.0,31132400.0,67373000.0,73035000.0,83183000.0,90059000.0,90359000.0,75833000.0,38650000.0,40639000.0
20211102,8165670.0,62439770.0,62423740.0,69200400.0,77382110.0,64749680.0,69589940.0,40286600.0,27280670.0,80047000.0,79951000.0,88704000.0,99117000.0,82987000.0,89108000.0,51435000.0,34997000.0
20211103,-4211070.0,47795200.0,43850600.0,50870080.0,50603630.0,38347960.0,42031540.0,15583200.0,16110690.0,62898000.0,57599000.0,66862000.0,66485000.0,50333000.0,55241000.0,20393000.0,21161000.0
20211104,5343430.0,37474030.0,43472830.0,42317100.0,41661730.0,32104230.0,32745560.0,14373830.0,8389070.0,48398000.0,56045000.0,54533000.0,53713000.0,41430000.0,42213000.0,18437000.0,10827000.0
20211105,-12607800.0,35877770.0,24981630.0,32299330.0,30587660.0,20529870.0,27140950.0,4039730.0,10036450.0,46615000.0,32408000.0,41985000.0,39754000.0,26650000.0,35279000.0,5236000.0,13045000.0
20211108,-2677120.0,28672030.0,22262350.0,21869710.0,25602270.0,12148230.0,12607800.0,3752610.0,5970160.0,37938000.0,29402000.0,28930000.0,33846000.0,16036000.0,16692000.0,4949000.0,7912000.0
20211109,16542630.0,37279530.0,42519010.0,46904880.0,58208020.0,37408180.0,29774280.0,17310310.0,8401580.0,48009000.0,54770000.0,60347000.0,74798000.0,48088000.0,38259000.0,22167000.0,10783000.0
20211110,-225120.0,46750450.0,34671190.0,38554700.0,50408830.0,27129680.0,27316260.0,9361580.0,9400120.0,60427000.0,44753000.0,49740000.0,65078000.0,34913000.0,35134000.0,12053000.0,12169000.0
20211111,2771130.0,32578140.0,29308280.0,34832550.0,40873530.0,24113020.0,18749430.0,6411440.0,9003900.0,42476000.0,38113000.0,45332000.0,53196000.0,31342000.0,24402000.0,8306000.0,11744000.0
20211112,13442970.0,44832290.0,52783410.0,57387940.0,62879770.0,54342750.0,43565540.0,17323300.0,14657540.0,56773000.0,66763000.0,72598000.0,79557000.0,68701000.0,55074000.0,21870000.0,18547000.0
20211115,-3748800.0,59550590.0,44104700.0,54314830.0,66011910.0,42494060.0,39239020.0,15279550.0,22283390.0,76822000.0,56790000.0,69921000.0,84956000.0,54620000.0,50499000.0,19549000.0,28667000.0
20211116,-19735320.0,70071350.0,39821660.0,64545920.0,75060280.0,47796280.0,61166020.0,16359790.0,22725370.0,94033000.0,53209000.0,86840000.0,100790000.0,64391000.0,82337000.0,21811000.0,30739000.0
20211117,-6052480.0,54428250.0,38309600.0,42098870.0,52165040.0,28566570.0,30419880.0,5381760.0,9580930.0,74576000.0,52403000.0,57731000.0,71470000.0,39127000.0,41732000.0,7375000.0,13204000.0
20211118,9320260.0,41121050.0,43123480.0,41115360.0,48433200.0,28886510.0,26559790.0,13601210.0,6607670.0,55944000.0,58463000.0,55753000.0,65647000.0,39043000.0,35958000.0,18297000.0,8969000.0
20211119,-3752050.0,31509500.0,26978180.0,30516550.0,31295820.0,21787740.0,21134820.0,5656780.0,10061750.0,42761000.0,36600000.0,41406000.0,42452000.0,29568000.0,28690000.0,7671000.0,13663000.0
20211122,-4933610.0,52813280.0,45280700.0,39706900.0,42305850.0,29031510.0,34355880.0,9194440.0,8803680.0,72457000.0,62076000.0,54478000.0,58045000.0,39805000.0,47133000.0,12604000.0,12090000.0
20211123,-10352950.0,45151990.0,33441740.0,37067360.0,38424670.0,23144250.0,24368240.0,5315940.0,14444900.0,62596000.0,46288000.0,51360000.0,53213000.0,32069000.0,33775000.0,7364000.0,20112000.0
20211124,-13475570.0,45692150.0,31546620.0,33806420.0,34476380.0,18776150.0,26795150.0,5130400.0,10586970.0,64512000.0,44510000.0,47687000.0,48683000.0,26455000.0,37771000.0,7241000.0,14932000.0
20211125,-9674340.0,32879620.0,27158930.0,28062150.0,24108500.0,18004550.0,20382100.0,3737430.0,11034220.0,46984000.0,38784000.0,40077000.0,34442000.0,25722000.0,29115000.0,5335000.0,15778000.0
20211126,5871410.0,28894680.0,33366230.0,25947890.0,27347740.0,19130690.0,14990270.0,5113350.0,3382360.0,41219000.0,47559000.0,36995000.0,38975000.0,27249000.0,21371000.0,7275000.0,4833000.0
20211129,21247380.0,35180360.0,55570760.0,47768460.0,48625450.0,43526510.0,36645550.0,25281160.0,10914740.0,49341000.0,77826000.0,67019000.0,68090000.0,60831000.0,51336000.0,35338000.0,15277000.0
20211130,8488090.0,38472020.0,41655690.0,39086730.0,44391150.0,35715440.0,34111820.0,19548830.0,12664360.0,52384000.0,56684000.0,53206000.0,60412000.0,48578000.0,46390000.0,26532000.0,17214000.0
20211201,-3869280.0,30745950.0,26832030.0,26157340.0,26201980.0,15771190.0,18405380.0,4017730.0,5252820.0,42252000.0,36835000.0,35918000.0,35996000.0,21644000.0,25264000.0,5496000.0,7215000.0
20211202,-5421370.0,24876730.0,20052020.0,21785580.0,21188920.0,12567960.0,12543790.0,3108330.0,8553870.0,34200000.0,27556000.0,29940000.0,29133000.0,17272000.0,17249000.0,4278000.0,11751000.0
20211203,9478330.0,45375290.0,50465140.0,47260520.0,51648990.0,46056740.0,40639460.0,17531970.0,13470920.0,60696000.0,67489000.0,63182000.0,69055000.0,61579000.0,54323000.0,23423000.0,18013000.0
20211206,2359550.0,32851970.0,36667230.0,34367990.0,32912280.0,25375370.0,22487350.0,8544710.0,9073180.0,44008000.0,49077000.0,46017000.0,44066000.0,33950000.0,30100000.0,11406000.0,12139000.0
20211207,-16148970.0,48156540.0,32653690.0,38402840.0,37756720.0,24219900.0,35836870.0,7570840.0,12102840.0,66578000.0,45042000.0,53043000.0,52137000.0,33456000.0,49618000.0,10454000.0,16734000.0
20211208,-2295190.0,30988090.0,27268410.0,23310260.0,24734780.0,13671210.0,16482140.0,4328960.0,3813220.0,42927000.0,37762000.0,32287000.0,34259000.0,18938000.0,22831000.0,5985000.0,5286000.0
20211209,-4863910.0,35354970.0,29899600.0,28346720.0,28938190.0,21320070.0,19622370.0,3464920.0,10026530.0,49503000.0,41853000.0,39684000.0,40510000.0,29865000.0,27478000.0,4850000.0,14060000.0
20211210,-4201070.0,32631220.0,23788560.0,26164160.0,30805750.0,20594940.0,23288150.0,3805300.0,5313160.0,45924000.0,33459000.0,36813000.0,43349000.0,28970000.0,32772000.0,5353000.0,7481000.0
20211213,-5364290.0,32474440.0,25504080.0,26990380.0,28596460.0,16003570.0,18871200.0,3530390.0,6027050.0,46085000.0,36138000.0,38275000.0,40557000.0,22684000.0,26787000.0,5000000.0,8563000.0
20211214,2944050.0,31733590.0,38824630.0,37445750.0,33298760.0,22805540.0,20743220.0,7484700.0,6602970.0,44456000.0,54368000.0,52416000.0,46603000.0,31888000.0,29007000.0,10432000.0,9215000.0
20211215,-5240300.0,26867980.0,21778710.0,23192450.0,23041410.0,13500240.0,15457700.0,3131800.0,6414640.0,38108000.0,30875000.0,32895000.0,32686000.0,19167000.0,21938000.0,4444000.0,9115000.0
20211216,4506270.0,21791030.0,22519140.0,18740020.0,22518180.0,14946460.0,11646550.0,5299070.0,4092710.0,30826000.0,31846000.0,26500000.0,31846000.0,21120000.0,16463000.0,7492000.0,5783000.0
20211217,-10540770.0,36820640.0,24549280.0,30539870.0,32270460.0,16787280.0,22907610.0,3792060.0,8212500.0,52852000.0,35117000.0,43803000.0,46268000.0,24069000.0,32931000.0,5449000.0,11857000.0
20211220,-9732680.0,46350300.0,26000480.0,33647160.0,44264310.0,21312410.0,24542040.0,2518280.0,9021330.0,69163000.0,38800000.0,50223000.0,66138000.0,31896000.0,36646000.0,3765000.0,13464000.0
20211221,83740.0,22867920.0,24034760.0,21015110.0,19932020.0,14095630.0,13156960.0,1603030.0,2457960.0,34082000.0,35806000.0,31308000.0,29702000.0,20995000.0,19596000.0,2387000.0,3669000.0
20211222,61080.0,18581650.0,17857380.0,13650880.0,14436240.0,9245870.0,9064720.0,1866240.0,1986310.0,27367000.0,26289000.0,20101000.0,21258000.0,13619000.0,13355000.0,2747000.0,2931000.0
20211223,1734680.0,18809130.0,18954560.0,16726030.0,18315280.0,10188680.0,10966820.0,5505480.0,2992660.0,27866000.0,28020000.0,24751000.0,27083000.0,15043000.0,16229000.0,8111000.0,4440000.0
20211224,-3337500.0,21160190.0,17538650.0,15852530.0,16136570.0,8525480.0,10115250.0,2587030.0,4334760.0,31641000.0,26219000.0,23695000.0,24127000.0,12737000.0,15110000.0,3867000.0,6484000.0
20211227,-4471120.0,21131690.0,16854870.0,14178080.0,13983780.0,6237470.0,9068530.0,702710.0,2342770.0,31879000.0,25413000.0,21386000.0,21095000.0,9403000.0,13684000.0,1062000.0,3538000.0
20211228,-3487820.0,24434270.0,21102230.0,15166660.0,15010890.0,8003370.0,12106510.0,2411260.0,1795940.0,37017000.0,31931000.0,22957000.0,22706000.0,12086000.0,18338000.0,3630000.0,2715000.0
20211229,8726860.0,26032870.0,32780610.0,28378710.0,30357840.0,19000180.0,11149780.0,4398810.0,3522350.0,38672000.0,48689000.0,42146000.0,45081000.0,28205000.0,16545000.0,6523000.0,5231000.0
20211230,13242640.0,30205930.0,38022610.0,34465560.0,39891520.0,26739460.0,19602850.0,11314090.0,5208060.0,44050000.0,55393000.0,50191000.0,58118000.0,38896000.0,28497000.0,16430000.0,7560000.0
20211231,2953870.0,27273450.0,26194460.0,30628180.0,34661030.0,18193100.0,16898990.0,6076910.0,4417150.0,40148000.0,38540000.0,45075000.0,51016000.0,26753000.0,24858000.0,8934000.0,6497000.0
20220104,-6561280.0,30999500.0,27921590.0,27364850.0,23881490.0,12726860.0,18256150.0,6398490.0,7430480.0,45756000.0,41172000.0,40357000.0,35208000.0,18753000.0,26935000.0,9436000.0,10988000.0
20220105,-14784850.0,44703510.0,32743320.0,36688770.0,33864110.0,20659080.0,24931970.0,3236270.0,13748230.0,68825000.0,50469000.0,56578000.0,52214000.0,31885000.0,38457000.0,5019000.0,21166000.0
20220106,-5730960.0,34009340.0,23801200.0,31036590.0,35513760.0,21400180.0,21014800.0,4948320.0,11064660.0,54213000.0,37907000.0,49468000.0,56617000.0,34075000.0,33485000.0,7878000.0,17625000.0
20220107,-2401240.0,24689070.0,22164160.0,21616240.0,21739920.0,16297220.0,15342570.0,4958180.0,8314070.0,39251000.0,35139000.0,34336000.0,34522000.0,25804000.0,24356000.0,7867000.0,13241000.0
20220110,1831560.0,24000010.0,24596110.0,18226780.0,19462250.0,10417860.0,9846710.0,3572330.0,2311920.0,38280000.0,39217000.0,29074000.0,31048000.0,16602000.0,15698000.0,5696000.0,3690000.0
20220111,3680960.0,22557960.0,24934260.0,17551610.0,18856280.0,11691420.0,10593270.0,5728080.0,3145270.0,36288000.0,40077000.0,28226000.0,30321000.0,18789000.0,17049000.0,9224000.0,5080000.0
20220112,6614220.0,17270130.0,22986240.0,17373870.0,18271990.0,13117260.0,12252050.0,7596700.0,1847690.0,27600000.0,36692000.0,27744000.0,29153000.0,20918000.0,19544000.0,12075000.0,2947000.0
20220113,883470.0,17501470.0,17317830.0,12883040.0,13950140.0,7486910.0,6901140.0,3241010.0,2943310.0,28078000.0,27759000.0,20664000.0,22366000.0,11999000.0,11075000.0,5187000.0,4729000.0
20220114,-15922860.0,36990460.0,21770180.0,28583590.0,27881000.0,15040090.0,22522330.0,2672080.0,11112700.0,60893000.0,35743000.0,46994000.0,45851000.0,24739000.0,37143000.0,4413000.0,18303000.0
20220117,1186990.0,23600380.0,21051470.0,18695200.0,22431100.0,13781930.0,13340050.0,7253510.0,6508400.0,38910000.0,34597000.0,30755000.0,36892000.0,22600000.0,21953000.0,11904000.0,10728000.0
20220118,1997340.0,16652990.0,18925600.0,17176720.0,16901470.0,8089240.0,8549960.0,3942820.0,1484760.0,26994000.0,30665000.0,27838000.0,27382000.0,13099000.0,13857000.0,6385000.0,2411000.0
20220119,-12993750.0,33497010.0,25110070.0,32686430.0,28079630.0,19830950.0,26588430.0,3087560.0,9323830.0,56281000.0,42114000.0,55032000.0,47239000.0,33545000.0,45004000.0,5224000.0,15726000.0
20220120,-45220640.0,53052160.0,23267210.0,53859900.0,38424210.0,25778150.0,49455330.0,8324840.0,29868300.0,92705000.0,40692000.0,94096000.0,67191000.0,45123000.0,86461000.0,14575000.0,52154000.0
20220121,-36240990.0,61191030.0,34772310.0,73092920.0,63270650.0,53847350.0,59294170.0,40103620.0,70897790.0,116789000.0,65981000.0,139655000.0,120608000.0,103053000.0,113447000.0,76748000.0,136208000.0
20220124,-4352570.0,35843310.0,39174860.0,38538230.0,30854110.0,15547000.0,16750050.0,5931580.0,9081100.0,67221000.0,73361000.0,72088000.0,57776000.0,29141000.0,31356000.0,11082000.0,17039000.0
20220125,-1690940.0,32702290.0,32400230.0,28251180.0,26862300.0,15636210.0,17914830.0,6984770.0,6397090.0,60405000.0,59830000.0,52158000.0,49574000.0,28771000.0,32949000.0,12836000.0,11816000.0
20220126,-5221440.0,31988910.0,24916320.0,20384540.0,22235700.0,11181760.0,14415960.0,2789990.0,4777230.0,60638000.0,47170000.0,38631000.0,42135000.0,21143000.0,27329000.0,5268000.0,9046000.0
20220127,-5649420.0,23052570.0,17901820.0,15803860.0,15305190.0,8551320.0,14072220.0,1622160.0,1750680.0,44314000.0,34410000.0,30336000.0,29407000.0,16394000.0,26987000.0,3125000.0,3365000.0
20220128,257130.0,20498960.0,21948380.0,18863020.0,17670720.0,7888640.0,7906170.0,3175850.0,2901190.0,39634000.0,42389000.0,36431000.0,34137000.0,15241000.0,15293000.0,6104000.0,5591000.0
20220207,2792970.0,14600260.0,18467070.0,14884100.0,13810260.0,8636390.0,5718430.0,2278760.0,2403750.0,28109000.0,35530000.0,28641000.0,26568000.0,16606000.0,11001000.0,4373000.0,4630000.0
20220208,-119170.0,21326810.0,18084580.0,15834240.0,18957300.0,7588900.0,7845260.0,1475860.0,1338670.0,41626000.0,35183000.0,30865000.0,36980000.0,14749000.0,15314000.0,2862000.0,2625000.0
20220209,11762490.0,22906160.0,29941610.0,21206890.0,25933930.0,17118350.0,10722960.0,7252920.0,1885820.0,43558000.0,56918000.0,40353000.0,49305000.0,32520000.0,20367000.0,13729000.0,3570000.0
20220210,-1297330.0,26558740.0,25884750.0,22350360.0,21727030.0,11416400.0,11680460.0,2488220.0,3521490.0,49922000.0,48621000.0,42006000.0,40811000.0,21439000.0,21957000.0,4667000.0,6646000.0
20220211,-3847210.0,20775700.0,18660610.0,17041880.0,15309740.0,6628950.0,8738080.0,623660.0,2361740.0,39532000.0,35449000.0,32443000.0,29149000.0,12624000.0,16662000.0,1185000.0,4524000.0
20220214,605170.0,26504920.0,27857400.0,30554450.0,29807130.0,16414610.0,15718710.0,3050330.0,3141060.0,49838000.0,52383000.0,57460000.0,56058000.0,30876000.0,29580000.0,5741000.0,5895000.0
20220215,14160770.0,23364740.0,34236270.0,31759450.0,35048690.0,25869700.0,14658580.0,6429780.0,3480130.0,43273000.0,63352000.0,58794000.0,64833000.0,47844000.0,27146000.0,11855000.0,6436000.0
20220216,-4743490.0,31584430.0,28131530.0,33560550.0,32269950.0,19611000.0,23236670.0,4513860.0,5631680.0,59870000.0,53331000.0,63594000.0,61129000.0,37147000.0,43989000.0,8525000.0,10687000.0
20220217,4416200.0,28189140.0,27880710.0,27611000.0,32335630.0,23523530.0,22336690.0,7035400.0,3806040.0,52846000.0,52181000.0,51660000.0,60456000.0,43910000.0,41769000.0,13120000.0,7129000.0
20220218,495170.0,24821240.0,27832740.0,26215540.0,23699230.0,15330580.0,13537490.0,2316150.0,3614070.0,47036000.0,52749000.0,49666000.0,44897000.0,29035000.0,25639000.0,4390000.0,6842000.0
20220221,-801230.0,20865210.0,16785770.0,19895360.0,23173570.0,11730220.0,12961980.0,4200210.0,3769680.0,39375000.0,31673000.0,37519000.0,43714000.0,22108000.0,24440000.0,7918000.0,7094000.0
20220222,1610190.0,30503560.0,30285380.0,27790980.0,29619350.0,16840850.0,14319850.0,3425080.0,4335890.0,58290000.0,57821000.0,53017000.0,56428000.0,32063000.0,27282000.0,6461000.0,8299000.0
20220223,10006500.0,43373030.0,46198220.0,45160010.0,52341320.0,32795750.0,27792110.0,11314660.0,6311800.0,81194000.0,86319000.0,84446000.0,97793000.0,61141000.0,51928000.0,21021000.0,11762000.0
20220224,8901860.0,65668920.0,70651920.0,86537150.0,90456010.0,67913720.0,64498540.0,24546410.0,19059730.0,118760000.0,127524000.0,155834000.0,162889000.0,122044000.0,115959000.0,43926000.0,34192000.0
20220225,6230840.0,43812860.0,49951710.0,47758120.0,47850100.0,30684370.0,29365650.0,14328980.0,9416860.0,79229000.0,90225000.0,86375000.0,86520000.0,55478000.0,53193000.0,25939000.0,17083000.0
20220228,-657060.0,34204140.0,35535090.0,42108240.0,40120230.0,25162630.0,27196250.0,11458240.0,10081680.0,60751000.0,63049000.0,74706000.0,71181000.0,44632000.0,48280000.0,20270000.0,17849000.0
20220301,13786950.0,43555180.0,50477120.0,56397880.0,63262880.0,44148120.0,35224880.0,18097020.0,13233310.0,75730000.0,87628000.0,97878000.0,109746000.0,76664000.0,61163000.0,31321000.0,23055000.0
20220302,994050.0,37115860.0,33628260.0,34621160.0,39102830.0,20324800.0,19891140.0,9665440.0,9105050.0,64874000.0,58757000.0,60488000.0,68290000.0,35490000.0,34742000.0,16851000.0,15913000.0
20220303,-6769350.0,32452040.0,30158500.0,30595950.0,26120150.0,18316300.0,19563300.0,6386810.0,11909160.0,58337000.0,54222000.0,54985000.0,46923000.0,32924000.0,35168000.0,11502000.0,21435000.0
20220304,-7146460.0,28638360.0,22880860.0,25670090.0,24281120.0,13086740.0,17290410.0,3357870.0,6300660.0,52483000.0,41902000.0,47023000.0,44503000.0,24007000.0,31703000.0,6166000.0,11571000.0
20220307,2923620.0,24675800.0,29679290.0,23819730.0,21739860.0,16948280.0,13966390.0,3125490.0,3183760.0,45598000.0,54816000.0,43989000.0,40114000.0,31312000.0,25811000.0,5745000.0,5904000.0
20220308,-4892670.0,27966030.0,23563850.0,28029340.0,27538860.0,16506540.0,19002370.0,3220370.0,5617210.0,53585000.0,45061000.0,53729000.0,52768000.0,31607000.0,36475000.0,6173000.0,10789000.0
20220309,-2359710.0,36080470.0,31907740.0,38360640.0,40173650.0,25225790.0,27720030.0,9362140.0,9227610.0,72704000.0,64167000.0,77358000.0,81014000.0,50816000.0,56007000.0,19068000.0,18758000.0
20220310,7818950.0,34288380.0,35521140.0,34813670.0,41399860.0,24902250.0,19106390.0,5820300.0,3797210.0,64295000.0,66663000.0,65419000.0,77744000.0,46834000.0,35924000.0,10932000.0,7150000.0
20220311,6742110.0,28206220.0,29286750.0,29372190.0,35033760.0,22027070.0,16191830.0,3435300.0,2528430.0,52669000.0,54494000.0,54725000.0,65210000.0,40788000.0,30133000.0,6332000.0,4677000.0
20220314,8785490.0,36743890.0,42668630.0,44832580.0,47693340.0,42408060.0,34963870.0,9517290.0,8175990.0,65478000.0,75980000.0,79840000.0,84843000.0,75296000.0,62131000.0,16908000.0,14569000.0
20220315,-2056870.0,43835760.0,38596590.0,45004970.0,48187280.0,30702870.0,29892510.0,8155760.0,11022990.0,77725000.0,68289000.0,79742000.0,85313000.0,54298000.0,52971000.0,14375000.0,19566000.0
20220316,5124740.0,32664500.0,32802620.0,35113950.0,40100570.0,28605030.0,23656960.0,13656030.0,13479360.0,58454000.0,58557000.0,62836000.0,71677000.0,51098000.0,42317000.0,24236000.0,24072000.0
20220317,-6498980.0,40363780.0,34150800.0,42113310.0,41827310.0,25786360.0,26195500.0,10329480.0,16419320.0,71418000.0,60351000.0,74486000.0,73956000.0,45528000.0,46307000.0,18253000.0,29070000.0
20220318,-4723170.0,24848530.0,19138430.0,23715130.0,24702060.0,14029160.0,18799760.0,4057050.0,4009620.0,45070000.0,34669000.0,42995000.0,44770000.0,25390000.0,34085000.0,7337000.0,7268000.0
20220321,277210.0,21159350.0,20327570.0,17764810.0,18873790.0,10421290.0,10637190.0,6080920.0,5587810.0,37792000.0,36290000.0,31721000.0,33699000.0,18625000.0,19012000.0,10861000.0,9999000.0
20220322,265290.0,18854730.0,20533880.0,21972380.0,20558520.0,15472500.0,14274420.0,1588990.0,2521780.0,33797000.0,36804000.0,39367000.0,36836000.0,27725000.0,25586000.0,2848000.0,4512000.0
20220323,3151180.0,40462540.0,47272610.0,62596510.0,58937610.0,35461440.0,33596430.0,12671910.0,11385740.0,69503000.0,81337000.0,107536000.0,101301000.0,61054000.0,57713000.0,21758000.0,19501000.0
20220324,6084340.0,28454480.0,35004070.0,44168700.0,43703450.0,29796480.0,26575500.0,7481440.0,4618080.0,47945000.0,58907000.0,74358000.0,73602000.0,50147000.0,44730000.0,12563000.0,7774000.0
20220325,4498760.0,28129070.0,37076460.0,49571570.0,45122950.0,31340640.0,27656580.0,6959820.0,6145120.0,46443000.0,61009000.0,81511000.0,74229000.0,51408000.0,45406000.0,11377000.0,10094000.0
20220328,-733800.0,20769820.0,20087780.0,19291400.0,19239640.0,7686940.0,9940260.0,3535070.0,2015550.0,35065000.0,33876000.0,32556000.0,32461000.0,12969000.0,16796000.0,5953000.0,3409000.0
20220329,768700.0,37510470.0,33331160.0,40995860.0,45943870.0,28039200.0,30078560.0,14198360.0,11390300.0,63504000.0,56247000.0,69165000.0,77275000.0,46988000.0,50678000.0,23689000.0,19146000.0
20220330,-14527950.0,34900970.0,22365510.0,38281400.0,36288910.0,24176950.0,35018720.0,6332650.0,10018830.0,61114000.0,39136000.0,67000000.0,63512000.0,42302000.0,61327000.0,11068000.0,17508000.0
20220331,-4821000.0,24146640.0,19738720.0,22668640.0,22255560.0,11022860.0,14613960.0,2529380.0,3759280.0,42928000.0,35061000.0,40264000.0,39548000.0,19578000.0,25974000.0,4503000.0,6692000.0
20220401,-762710.0,19303620.0,23423220.0,18817400.0,13935090.0,8944320.0,8984270.0,2166500.0,2889260.0,34277000.0,41598000.0,33416000.0,24734000.0,15879000.0,15952000.0,3837000.0,5125000.0
20220406,-9615520.0,35789890.0,22621280.0,36072210.0,39625310.0,16690270.0,22196030.0,2647630.0,6757390.0,66553000.0,42057000.0,67044000.0,73697000.0,31016000.0,41249000.0,4946000.0,12556000.0
20220407,-3740940.0,26989550.0,27208600.0,29392410.0,25432430.0,15051600.0,17230800.0,5441430.0,7003170.0,49433000.0,49761000.0,53780000.0,46498000.0,27509000.0,31558000.0,9878000.0,12783000.0
20220408,-4187750.0,19458080.0,17610020.0,18564480.0,16224790.0,9540380.0,10532940.0,2434940.0,5630130.0,36239000.0,32757000.0,34570000.0,30198000.0,17770000.0,19638000.0,4531000.0,10518000.0
20220411,-1700350.0,24555130.0,25410610.0,22813570.0,20257740.0,13252230.0,13376630.0,4569920.0,6145870.0,47552000.0,49150000.0,44146000.0,39199000.0,25640000.0,25900000.0,8851000.0,11940000.0
20220412,-1910490.0,24258950.0,19618680.0,21920530.0,24650300.0,12153050.0,10955460.0,2136990.0,5245070.0,48242000.0,38911000.0,43518000.0,48971000.0,24136000.0,21803000.0,4232000.0,10443000.0
20220413,-1791280.0,13297160.0,12326650.0,12851750.0,12030990.0,6660140.0,7307700.0,1292860.0,2436580.0,26233000.0,24305000.0,25354000.0,23731000.0,13131000.0,14416000.0,2551000.0,4817000.0
20220414,5102140.0,16388940.0,20500420.0,16120020.0,17110690.0,10496250.0,7587910.0,4128660.0,1934860.0,32052000.0,40015000.0,31467000.0,33377000.0,20458000.0,14799000.0,7997000.0,3782000.0
20220415,971420.0,18231890.0,20227730.0,23411560.0,22387140.0,13924260.0,12719110.0,2910000.0,3143730.0,35101000.0,38837000.0,44990000.0,43002000.0,26713000.0,24434000.0,5568000.0,6099000.0
20220418,5219950.0,20972370.0,22652460.0,22390580.0,25930440.0,16541520.0,15949700.0,8761100.0,4132970.0,39431000.0,42588000.0,42145000.0,48704000.0,31072000.0,29986000.0,16384000.0,7755000.0
20220419,4658490.0,13546590.0,14870550.0,14377320.0,17711850.0,10568410.0,8037250.0,5833450.0,3706120.0,25247000.0,27678000.0,26775000.0,32964000.0,19666000.0,14966000.0,10831000.0,6911000.0
20220420,-3119980.0,17801470.0,14253540.0,16626300.0,17054240.0,7305960.0,10964050.0,6767150.0,6229040.0,33230000.0,26568000.0,31046000.0,31814000.0,13635000.0,20490000.0,12594000.0,11632000.0
20220421,-2958040.0,17070280.0,14514310.0,15801060.0,15398990.0,7428390.0,9228910.0,2471080.0,3628600.0,32285000.0,27312000.0,29827000.0,29081000.0,14021000.0,17519000.0,4670000.0,6891000.0
20220422,-2392250.0,14120990.0,12786940.0,12851010.0,11792810.0,7011140.0,7510080.0,1972550.0,3865860.0,27652000.0,25000000.0,25146000.0,23074000.0,13714000.0,14702000.0,3853000.0,7588000.0
20220425,-3582740.0,21995570.0,17582720.0,17739070.0,18569180.0,11303540.0,13701490.0,4187790.0,5372580.0,45468000.0,36252000.0,36627000.0,38400000.0,23348000.0,28392000.0,8799000.0,11198000.0
20220426,-5593270.0,24992350.0,18782430.0,21839580.0,22456240.0,12705670.0,14932710.0,2309770.0,5676000.0,55739000.0,41722000.0,48651000.0,50026000.0,28308000.0,33447000.0,5147000.0,12650000.0
20220427,-2929830.0,27426740.0,25173580.0,30730720.0,30054050.0,14425770.0,16822200.0,3504820.0,4038220.0,60622000.0,55514000.0,67618000.0,66261000.0,31839000.0,37109000.0,7715000.0,8911000.0
20220428,-2612690.0,21421210.0,20107070.0,19495400.0,18196840.0,8851870.0,9825260.0,1128340.0,2767640.0,44941000.0,42159000.0,40892000.0,38140000.0,18552000.0,20639000.0,2381000.0,5827000.0
20220429,6356880.0,19956350.0,23527700.0,20810180.0,23595730.0,14750100.0,8850850.0,2739300.0,2281670.0,40860000.0,48127000.0,42599000.0,48298000.0,30096000.0,18061000.0,5588000.0,4656000.0
20220505,-1233170.0,42721370.0,36848900.0,36403870.0,41043170.0,18361290.0,20345090.0,9542630.0,8792000.0,81050000.0,69949000.0,69304000.0,78006000.0,34968000.0,38700000.0,18007000.0,16673000.0
20220506,2171440.0,24098980.0,26911670.0,27953460.0,27312220.0,16009520.0,14850460.0,4920870.0,3908490.0,45832000.0,50983000.0,53081000.0,51896000.0,30339000.0,28200000.0,9288000.0,7461000.0
20220509,9786230.0,26859410.0,34211380.0,30591230.0,33025490.0,24078880.0,19025570.0,11609720.0,6876800.0,49593000.0,63061000.0,56431000.0,60878000.0,44370000.0,35094000.0,21292000.0,12654000.0
20220510,2002670.0,29121000.0,32830140.0,35813470.0,34106990.0,23255420.0,18755030.0,5330010.0,7827730.0,52867000.0,59494000.0,64919000.0,61833000.0,42100000.0,34001000.0,9670000.0,14227000.0
20220511,-7394780.0,40114520.0,34209380.0,35466500.0,33976860.0,19705170.0,20629830.0,9839820.0,16309940.0,72548000.0,61756000.0,64140000.0,61381000.0,35563000.0,37409000.0,17757000.0,29463000.0
20220512,274980.0,23555280.0,23096030.0,22461670.0,23195890.0,14622430.0,14726610.0,7711230.0,7332070.0,42734000.0,41854000.0,40739000.0,42051000.0,26486000.0,26720000.0,13979000.0,13313000.0
20220513,1090220.0,14511840.0,16672140.0,13074740.0,12004660.0,7569670.0,6659110.0,2186510.0,2006850.0,26328000.0,30250000.0,23720000.0,21775000.0,13735000.0,12074000.0,3963000.0,3648000.0
20220516,-739940.0,17253040.0,18371240.0,13890420.0,12032260.0,7192740.0,7047720.0,1263990.0,2148950.0,31372000.0,33354000.0,25176000.0,21813000.0,13011000.0,12789000.0,2279000.0,3881000.0
20220517,311780.0,16435380.0,15509530.0,12065290.0,13302910.0,7477220.0,6283070.0,1127170.0,2009540.0,29955000.0,28251000.0,21999000.0,24262000.0,13636000.0,11469000.0,2062000.0,3671000.0
20220518,-388900.0,16200940.0,18014320.0,14303370.0,12101090.0,7180330.0,6725940.0,1004640.0,1847930.0,29528000.0,32802000.0,26050000.0,22033000.0,13055000.0,12251000.0,1826000.0,3373000.0
20220519,76540.0,26586160.0,25882560.0,19455900.0,20236050.0,8945700.0,10486620.0,3916000.0,2298540.0,49105000.0,47772000.0,35891000.0,37331000.0,16493000.0,19336000.0,7184000.0,4233000.0
20220520,-735930.0,17253810.0,17569710.0,15795870.0,14744040.0,10622060.0,10046770.0,2046490.0,3357710.0,31288000.0,31854000.0,28628000.0,26708000.0,19244000.0,18211000.0,3698000.0,6085000.0
20220523,657850.0,20831430.0,20882110.0,17764070.0,18371250.0,11733090.0,11459270.0,4045710.0,3661680.0,38343000.0,38366000.0,32660000.0,33765000.0,21531000.0,21053000.0,7362000.0,6713000.0
20220524,-6600990.0,39447290.0,41729230.0,40261160.0,31378230.0,23522600.0,21524860.0,7234550.0,15833280.0,72535000.0,76586000.0,73832000.0,57466000.0,42963000.0,39397000.0,13143000.0,29025000.0
20220525,-2019350.0,24858550.0,21583630.0,19527810.0,20783390.0,9983070.0,11899350.0,4091400.0,4194470.0,46661000.0,40477000.0,36642000.0,38976000.0,18722000.0,22332000.0,7667000.0,7906000.0
20220526,5032340.0,28815450.0,31164160.0,28443240.0,31126860.0,20194820.0,18719160.0,7569210.0,4012530.0,53012000.0,57223000.0,52294000.0,57185000.0,37035000.0,34373000.0,13820000.0,7381000.0
20220527,-2701860.0,23608060.0,23011380.0,23134290.0,21029110.0,11624700.0,11737710.0,3599240.0,6188090.0,43283000.0,42179000.0,42389000.0,38509000.0,21251000.0,21473000.0,6572000.0,11335000.0
20220530,4432010.0,17021260.0,19345450.0,15571210.0,17679030.0,10666250.0,7690180.0,3653190.0,2197250.0,31153000.0,35407000.0,28497000.0,32353000.0,19512000.0,14071000.0,6683000.0,4015000.0
20220531,1642170.0,19113840.0,21397370.0,22476780.0,21835400.0,15465600.0,16038020.0,5541060.0,3326470.0,34414000.0,38508000.0,40450000.0,39288000.0,27830000.0,28856000.0,9948000.0,5990000.0
20220601,2888030.0,29955310.0,32075050.0,35145940.0,35914230.0,22713170.0,21995190.0,6911930.0,4741880.0,52512000.0,56095000.0,61500000.0,62812000.0,39636000.0,38479000.0,12036000.0,8298000.0
20220602,2822350.0,17701340.0,20224300.0,16863000.0,17162380.0,12410480.0,10849370.0,6438130.0,5176890.0,31118000.0,35467000.0,29593000.0,30101000.0,21742000.0,19043000.0,11218000.0,9059000.0
20220606,2686990.0,21328260.0,23902530.0,22030670.0,22143400.0,15458350.0,14804820.0,7697900.0,5664440.0,37296000.0,41698000.0,38434000.0,38611000.0,26929000.0,25830000.0,13365000.0,9885000.0
20220607,3881900.0,21165860.0,21531290.0,24746070.0,28262550.0,21679900.0,19229160.0,9082810.0,7651650.0,36192000.0,36799000.0,42327000.0,48324000.0,37040000.0,32866000.0,15522000.0,13093000.0
20220608,-8916460.0,39061560.0,28262700.0,33277590.0,35160000.0,21000840.0,21796710.0,6231340.0,14351930.0,68697000.0,49673000.0,58499000.0,61761000.0,36889000.0,38354000.0,10966000.0,25263000.0
20220609,-10568430.0,31414970.0,19517000.0,18884230.0,20213780.0,8746510.0,15906990.0,2884670.0,6292620.0,55835000.0,34671000.0,33551000.0,35929000.0,15580000.0,28283000.0,5140000.0,11223000.0
20220610,-6956450.0,30330500.0,30949650.0,42866020.0,35290410.0,18825210.0,21371740.0,7871970.0,12281890.0,52426000.0,53483000.0,73967000.0,60935000.0,32524000.0,36916000.0,13599000.0,21181000.0
20220613,2112470.0,33491830.0,38634480.0,42457470.0,39427280.0,24664570.0,21922490.0,4543310.0,5172920.0,57294000.0,65907000.0,72478000.0,67379000.0,42058000.0,37459000.0,7735000.0,8822000.0
20220614,-4392920.0,28021180.0,26828940.0,25246810.0,22046130.0,15748170.0,17489340.0,3828750.0,6480500.0,48991000.0,46891000.0,44138000.0,38523000.0,27516000.0,30594000.0,6708000.0,11347000.0
20220615,3693910.0,19220410.0,24046960.0,23823900.0,22691260.0,14658320.0,10212240.0,2739850.0,3492020.0,33242000.0,41560000.0,41177000.0,39203000.0,25312000.0,17648000.0,4723000.0,6043000.0
20220616,2126580.0,15818240.0,17881840.0,16307020.0,16369990.0,10760280.0,9893780.0,3570920.0,2310840.0,27559000.0,31098000.0,28385000.0,28498000.0,18718000.0,17228000.0,6192000.0,4031000.0
20220617,-6126180.0,25368660.0,21292110.0,22562250.0,20512620.0,13813230.0,13617910.0,2748610.0,9070110.0,44909000.0,37632000.0,39928000.0,36292000.0,24437000.0,24114000.0,4863000.0,16100000.0
20220620,3539110.0,21572920.0,23697910.0,24101700.0,25515840.0,16246310.0,12251940.0,2532260.0,2987520.0,37344000.0,41022000.0,41710000.0,44140000.0,28082000.0,21179000.0,4373000.0,5167000.0
20220621,-4651820.0,25168180.0,18972190.0,17131830.0,18675990.0,8496330.0,10866340.0,1460710.0,3742520.0,44384000.0,33430000.0,30190000.0,32912000.0,14992000.0,19183000.0,2569000.0,6610000.0
20220622,-941740.0,19216390.0,17736490.0,13898160.0,14436320.0,7470790.0,8224840.0,2231880.0,2419570.0,34266000.0,31607000.0,24809000.0,25757000.0,13349000.0,14709000.0,3985000.0,4337000.0
20220623,2803770.0,43132170.0,39912840.0,43514400.0,49537500.0,33837910.0,33289480.0,14032440.0,11777100.0,74723000.0,69232000.0,75514000.0,85954000.0,58702000.0,57670000.0,24227000.0,20310000.0
20220624,-3552340.0,36656330.0,36824860.0,46923690.0,43202810.0,35566560.0,35112860.0,11888830.0,15894870.0,61122000.0,61288000.0,78167000.0,71945000.0,59165000.0,58490000.0,19758000.0,26489000.0
20220627,-3195340.0,21596130.0,19456080.0,22619890.0,21564590.0,14128670.0,13620240.0,5062740.0,8766510.0,36557000.0,32902000.0,38276000.0,36482000.0,23902000.0,23050000.0,8557000.0,14857000.0
20220628,-5256290.0,31133320.0,31033470.0,44465540.0,39309100.0,38695510.0,40489690.0,23804300.0,27266410.0,51423000.0,51250000.0,73421000.0,64931000.0,63863000.0,66831000.0,39272000.0,44966000.0
20220629,-1577510.0,25238850.0,24457830.0,26610660.0,25814170.0,16979180.0,16323470.0,2613000.0,4846220.0,41954000.0,40607000.0,44205000.0,42867000.0,28187000.0,27139000.0,4348000.0,8081000.0
20220630,-1234570.0,26018840.0,27210420.0,33241540.0,30815390.0,18200770.0,18147440.0,3003080.0,4290980.0,43258000.0,45148000.0,55164000.0,51139000.0,30158000.0,30125000.0,4946000.0,7113000.0
20220701,9910520.0,25421850.0,34591930.0,35812080.0,36552510.0,31571710.0,26268260.0,10939030.0,6331960.0,41177000.0,56039000.0,57993000.0,59208000.0,51138000.0,42533000.0,17722000.0,10250000.0
20220704,11551090.0,33019130.0,43131070.0,43978340.0,45417480.0,33518970.0,25835420.0,9754810.0,5887270.0,52288000.0,68243000.0,69627000.0,71867000.0,53060000.0,40902000.0,15409000.0,9373000.0
20220705,-6973650.0,35463900.0,33136790.0,37570450.0,32923910.0,25754040.0,24140380.0,4486910.0,13074220.0,57436000.0,53697000.0,60797000.0,53294000.0,41693000.0,39032000.0,7266000.0,21168000.0
20220706,-4296240.0,26826670.0,22847790.0,30697750.0,30380390.0,18519660.0,19399520.0,6276680.0,9693060.0,43758000.0,37174000.0,50009000.0,49503000.0,30156000.0,31635000.0,10216000.0,15827000.0
20220707,-1028230.0,22766560.0,24322770.0,32171500.0,29587060.0,20267700.0,18755420.0,5431860.0,7972370.0,36765000.0,39243000.0,51918000.0,47741000.0,32704000.0,30275000.0,8765000.0,12891000.0
20220708,117100.0,20005380.0,18798910.0,21271010.0,22594580.0,14721370.0,13817520.0,3685440.0,4472190.0,32617000.0,30613000.0,34663000.0,36819000.0,23980000.0,22532000.0,5992000.0,7289000.0
20220711,-919970.0,22357400.0,22771080.0,23242050.0,21908390.0,14609700.0,11737620.0,2462720.0,6254770.0,37221000.0,37884000.0,38669000.0,36450000.0,24293000.0,19526000.0,4107000.0,10429000.0
20220712,825250.0,24154100.0,24813050.0,27810710.0,27977020.0,15940390.0,15756810.0,4571320.0,3929650.0,39703000.0,40717000.0,45609000.0,45908000.0,26118000.0,25837000.0,7464000.0,6431000.0
20220713,-1079010.0,25929390.0,19537830.0,24526060.0,29838620.0,13919850.0,15711790.0,4272030.0,3559100.0,44146000.0,33256000.0,41752000.0,50796000.0,23696000.0,26753000.0,7264000.0,6053000.0
20220714,-2812520.0,20184970.0,18260110.0,21444060.0,20556400.0,10713130.0,13364930.0,2748000.0,2908720.0,33906000.0,30655000.0,36020000.0,34524000.0,17981000.0,22433000.0,4596000.0,4892000.0
20220715,-3463880.0,20156350.0,17289730.0,20863970.0,20266720.0,11993030.0,12429700.0,1526430.0,4553640.0,34118000.0,29249000.0,35307000.0,34332000.0,20319000.0,21056000.0,2593000.0,7700000.0
20220718,-3778660.0,31566270.0,28262350.0,29052810.0,28578060.0,18409640.0,19680140.0,3718930.0,6227090.0,55302000.0,49512000.0,50883000.0,50039000.0,32250000.0,34462000.0,6507000.0,10929000.0
20220719,5017920.0,19919680.0,22915740.0,21694800.0,23716660.0,13380800.0,9686650.0,4743320.0,3419550.0,34708000.0,39913000.0,37777000.0,41270000.0,23286000.0,16866000.0,8245000.0,5968000.0
20220720,4818850.0,29550750.0,32512160.0,38383340.0,40240780.0,32429660.0,28758200.0,8562630.0,7415240.0,50101000.0,55018000.0,65029000.0,68151000.0,54870000.0,48723000.0,14477000.0,12584000.0
20220721,-12315100.0,34046840.0,23370750.0,41580640.0,39941640.0,20850650.0,28280030.0,3909660.0,8795380.0,58544000.0,40178000.0,71500000.0,68702000.0,35845000.0,48626000.0,6727000.0,15110000.0
20220722,-3538940.0,18498710.0,14955810.0,20709170.0,20713120.0,10060140.0,11353100.0,2453820.0,4699800.0,32344000.0,26117000.0,36186000.0,36189000.0,17588000.0,19844000.0,4283000.0,8251000.0
20220725,4152940.0,16835750.0,21473830.0,23197270.0,22712120.0,13950260.0,11995490.0,4324110.0,2125940.0,28998000.0,36944000.0,39918000.0,39068000.0,23973000.0,20618000.0,7409000.0,3668000.0
20220726,2428210.0,24077920.0,23550120.0,25918120.0,28874130.0,17516040.0,18936740.0,8310520.0,4461610.0,41104000.0,40158000.0,44193000.0,49241000.0,29866000.0,32285000.0,14126000.0,7605000.0
20220727,16607090.0,36016270.0,44566840.0,50389760.0,58446270.0,51292570.0,36175740.0,14576320.0,13086060.0,59250000.0,73225000.0,82829000.0,95987000.0,84060000.0,59329000.0,23865000.0,21463000.0
20220728,10230350.0,23653630.0,31880890.0,32878890.0,34881980.0,26385140.0,20889720.0,10960170.0,6225240.0,38745000.0,52093000.0,53751000.0,56958000.0,43066000.0,34165000.0,17833000.0,10179000.0
20220729,3993390.0,21331180.0,22604020.0,25572010.0,28292550.0,21406700.0,17494660.0,9033930.0,8952580.0,35061000.0,37117000.0,42028000.0,46473000.0,35144000.0,28740000.0,14826000.0,14730000.0
20220801,-697520.0,22542330.0,19845460.0,26879580.0,28878940.0,19099330.0,18199600.0,6048940.0,7646190.0,37211000.0,32737000.0,44322000.0,47656000.0,31508000.0,30006000.0,9992000.0,12633000.0
20220802,8766640.0,36673760.0,36958970.0,57933880.0,66415310.0,52158450.0,51928640.0,22399510.0,13862680.0,59853000.0,60244000.0,94432000.0,108159000.0,84873000.0,84545000.0,36385000.0,22594000.0
20220803,37272130.0,48338870.0,69617490.0,81908940.0,97902450.0,90573690.0,66548550.0,40229610.0,26982620.0,75592000.0,108931000.0,128376000.0,153415000.0,142154000.0,104452000.0,63074000.0,42398000.0
20220804,-6837410.0,44681480.0,38030750.0,51365800.0,51179120.0,33196610.0,35045570.0,9782940.0,14771390.0,70046000.0,59573000.0,80483000.0,80175000.0,52006000.0,54953000.0,15370000.0,23204000.0
20220805,-12442660.0,39903760.0,29407760.0,42044770.0,40098110.0,25099790.0,29548160.0,8428240.0,16422530.0,63492000.0,46704000.0,66865000.0,63742000.0,39809000.0,46972000.0,13379000.0,26129000.0
20220808,5229190.0,26912290.0,31902720.0,39515980.0,39754740.0,24444800.0,25963060.0,13352590.0,6605140.0,41828000.0,49563000.0,61411000.0,61776000.0,37991000.0,40363000.0,20736000.0,10262000.0
20220809,15924160.0,38205660.0,49033120.0,58029760.0,63126460.0,46814670.0,37244620.0,23506910.0,17152800.0,58028000.0,74383000.0,88063000.0,95756000.0,71003000.0,56497000.0,35512000.0,25969000.0
20220810,7840410.0,28606110.0,35485700.0,52606940.0,53567760.0,48838430.0,41172070.0,15081870.0,14907820.0,42032000.0,52045000.0,77145000.0,78570000.0,71591000.0,60438000.0,22154000.0,21869000.0
20220811,3640900.0,22666030.0,23121060.0,28585310.0,31771180.0,26100760.0,23358520.0,6465790.0,5567130.0,33566000.0,34188000.0,42291000.0,46990000.0,38654000.0,34589000.0,9519000.0,8263000.0
20220812,-4582700.0,28779840.0,24076220.0,30881350.0,31002270.0,21139880.0,22445250.0,5923340.0,9200670.0,43031000.0,35912000.0,46080000.0,46278000.0,31506000.0,33501000.0,8839000.0,13765000.0
20220815,942850.0,19158710.0,20573600.0,19546490.0,19074440.0,11032850.0,10450560.0,3816740.0,3456180.0,28979000.0,31111000.0,29548000.0,28840000.0,16687000.0,15807000.0,5775000.0,5232000.0
20220816,877840.0,14944420.0,15632200.0,14039760.0,14229820.0,9517010.0,8822250.0,5362420.0,5179340.0,22585000.0,23616000.0,21194000.0,21478000.0,14352000.0,13300000.0,8080000.0,7817000.0
20220817,-3074360.0,23083340.0,17896290.0,23392550.0,25505240.0,14896470.0,16519800.0,2500550.0,3951580.0,35525000.0,27535000.0,36005000.0,39257000.0,22917000.0,25421000.0,3848000.0,6080000.0
20220818,-1941560.0,18771590.0,16906730.0,20922350.0,20845650.0,10434160.0,12949720.0,3385170.0,2811170.0,29009000.0,26082000.0,32310000.0,32210000.0,16106000.0,20017000.0,5228000.0,4343000.0
20220819,-4170840.0,20076970.0,14645490.0,15978230.0,17238870.0,9138920.0,12594290.0,4595300.0,5310770.0,31210000.0,22746000.0,24826000.0,26771000.0,14195000.0,19580000.0,7161000.0,8294000.0
20220822,2560430.0,16495290.0,17005310.0,14810800.0,16861220.0,10633790.0,10224960.0,5072970.0,2921370.0,25706000.0,26443000.0,23072000.0,26263000.0,16544000.0,15922000.0,7826000.0,4519000.0
20220823,-3318820.0,21188100.0,18140350.0,21756570.0,21485500.0,12494130.0,13808060.0,3094290.0,5099180.0,33381000.0,28573000.0,34259000.0,33844000.0,19674000.0,21749000.0,4868000.0,8015000.0
20220824,-3725110.0,23762590.0,18205560.0,19143470.0,20975400.0,11552650.0,13438250.0,2472940.0,4312450.0,38402000.0,29450000.0,30918000.0,33862000.0,18670000.0,21694000.0,4012000.0,6995000.0
20220825,913750.0,17247270.0,16600080.0,16449050.0,18009990.0,10217250.0,9740290.0,2749090.0,2312300.0,28186000.0,27124000.0,26854000.0,29420000.0,16698000.0,15912000.0,4510000.0,3792000.0
20220826,2516260.0,19361720.0,18615080.0,17593720.0,20856620.0,12025680.0,9880500.0,4023660.0,3652580.0,31664000.0,30388000.0,28779000.0,34118000.0,19676000.0,16182000.0,6558000.0,5989000.0
20220829,-180820.0,19230900.0,18159170.0,19737760.0,20628670.0,10437430.0,11956060.0,6522940.0,5185130.0,31482000.0,29691000.0,32280000.0,33762000.0,17066000.0,19555000.0,10670000.0,8490000.0
20220830,-1610910.0,18352650.0,15794600.0,19185550.0,20132700.0,15879400.0,14860330.0,7855320.0,10485300.0,30670000.0,26399000.0,32050000.0,33633000.0,26522000.0,24816000.0,13117000.0,17510000.0
20220831,-5703510.0,18476670.0,17227300.0,20578990.0,16124850.0,12600990.0,12899460.0,2155410.0,7560450.0,31343000.0,29208000.0,34916000.0,27357000.0,21400000.0,21918000.0,3657000.0,12833000.0
20220901,-6063830.0,18401330.0,12290030.0,20720170.0,20767640.0,10069680.0,20959820.0,10781480.0,5955170.0,31396000.0,20924000.0,35340000.0,35422000.0,17181000.0,35869000.0,18490000.0,10191000.0
20220902,1257560.0,16022560.0,16382980.0,16408890.0,17306030.0,11670670.0,11229700.0,2241110.0,1424520.0,27407000.0,28015000.0,28091000.0,29636000.0,19966000.0,19224000.0,3836000.0,2425000.0
20220905,835120.0,14082390.0,14598430.0,12683060.0,13002140.0,5457960.0,4777010.0,929070.0,774900.0,24108000.0,24978000.0,21683000.0,22257000.0,9344000.0,8167000.0,1598000.0,1331000.0
20220906,18202670.0,29747050.0,40491340.0,55066390.0,62524770.0,50636810.0,42844940.0,40001080.0,29590280.0,47894000.0,65216000.0,88648000.0,100616000.0,81731000.0,68897000.0,63722000.0,47266000.0
20220907,-6136820.0,34293330.0,38130300.0,52593060.0,42619270.0,28221730.0,30420080.0,8982340.0,12920810.0,54000000.0,59864000.0,82624000.0,66903000.0,44272000.0,47832000.0,14037000.0,20335000.0
20220908,-711480.0,29658140.0,29747470.0,37225070.0,36424260.0,21555690.0,23833160.0,11032200.0,9466210.0,45348000.0,45480000.0,56906000.0,55674000.0,32945000.0,36428000.0,16844000.0,14462000.0
20220909,-11430170.0,31771460.0,25862660.0,41836730.0,36315360.0,17861040.0,25845610.0,5595240.0,9040840.0,48287000.0,39255000.0,63569000.0,55160000.0,27089000.0,39276000.0,8458000.0,13711000.0
20220913,-130860.0,26752540.0,29198700.0,36457770.0,33880750.0,33677830.0,29199910.0,14781200.0,19389980.0,40011000.0,43594000.0,54405000.0,50516000.0,50029000.0,43548000.0,22120000.0,28906000.0
20220914,-1937940.0,25209340.0,23119760.0,23890700.0,24042340.0,13720700.0,17450300.0,7501610.0,5709950.0,37468000.0,34348000.0,35493000.0,35710000.0,20360000.0,25906000.0,11101000.0,8457000.0
20220915,-8127140.0,27082390.0,22001370.0,23522830.0,20476720.0,12289350.0,15364260.0,3305590.0,8357820.0,41233000.0,33497000.0,35776000.0,31110000.0,18708000.0,23390000.0,5022000.0,12743000.0
20220916,-1639850.0,29800940.0,28465900.0,35013590.0,34708760.0,16544570.0,20150480.0,9427590.0,7461530.0,44953000.0,42854000.0,52794000.0,52287000.0,24914000.0,30421000.0,14149000.0,11248000.0
20220919,-3587270.0,16640520.0,17172550.0,21702360.0,17583080.0,9753200.0,11436220.0,4027040.0,5931290.0,25313000.0,26113000.0,33001000.0,26718000.0,14814000.0,17386000.0,6131000.0,9041000.0
20220920,3824980.0,15739240.0,18682750.0,17432030.0,18313500.0,10344300.0,7536250.0,3559080.0,2542150.0,23957000.0,28404000.0,26509000.0,27844000.0,15707000.0,11461000.0,5413000.0,3876000.0
20220921,3956020.0,21861420.0,23180370.0,20258020.0,22895080.0,14787200.0,13881110.0,8733390.0,5683460.0,33766000.0,35694000.0,31345000.0,35298000.0,22749000.0,21384000.0,13327000.0,8810000.0
20220922,-1564270.0,20133340.0,23331470.0,23331910.0,18569510.0,15161700.0,11934270.0,4585940.0,9377640.0,30289000.0,35102000.0,35108000.0,27950000.0,22794000.0,17946000.0,6873000.0,14066000.0
20220923,11108050.0,35168480.0,40313390.0,54260410.0,60223550.0,37124210.0,34390010.0,29046930.0,20673080.0,52499000.0,59944000.0,80835000.0,89617000.0,54725000.0,50728000.0,42447000.0,30217000.0
20220926,-5622070.0,29874000.0,22010580.0,26922390.0,29163740.0,19579110.0,19465790.0,6578840.0,12314230.0,45816000.0,33680000.0,41273000.0,44690000.0,29952000.0,29889000.0,10084000.0,18866000.0
20220927,-4915480.0,23206470.0,17608900.0,16386140.0,17068240.0,9449030.0,11928690.0,3744140.0,6179960.0,35645000.0,27034000.0,25197000.0,26224000.0,14543000.0,18347000.0,5761000.0,9542000.0
20220928,412180.0,22787770.0,22349330.0,22668060.0,23518670.0,8322120.0,8180750.0,3721580.0,3450770.0,35471000.0,34735000.0,35279000.0,36630000.0,12904000.0,12735000.0,5773000.0,5327000.0
20220929,486000.0,20045110.0,20718200.0,22817570.0,22630480.0,10552610.0,10682410.0,3400590.0,2784790.0,31228000.0,32241000.0,35435000.0,35194000.0,16418000.0,16603000.0,5310000.0,4354000.0
20220930,-8536420.0,23989190.0,20817760.0,22982980.0,17617990.0,9744230.0,12171340.0,1955130.0,8064440.0,38923000.0,33778000.0,37316000.0,28579000.0,15788000.0,19772000.0,3172000.0,13071000.0
20221010,2293220.0,15908090.0,17638940.0,15222980.0,15785350.0,8261430.0,9346220.0,7530780.0,4152770.0,25932000.0,28738000.0,24805000.0,25716000.0,13460000.0,15237000.0,12272000.0,6779000.0
20221011,884720.0,19370820.0,20315170.0,13812940.0,13753320.0,5358010.0,3881760.0,975380.0,1566910.0,31943000.0,33493000.0,22749000.0,22657000.0,8824000.0,6392000.0,1608000.0,2582000.0
20221012,-1199620.0,16864390.0,17126960.0,16083900.0,14621720.0,8125140.0,8760190.0,2332560.0,2897130.0,27944000.0,28336000.0,26639000.0,24180000.0,13424000.0,14519000.0,3839000.0,4811000.0
20221013,815870.0,16828600.0,20654890.0,18484610.0,15474180.0,8529940.0,7149930.0,2264950.0,2829090.0,27142000.0,33290000.0,29752000.0,24898000.0,13717000.0,11495000.0,3646000.0,4573000.0
20221014,11794000.0,23647840.0,29216830.0,23115620.0,29340630.0,16342060.0,17618920.0,16639340.0,3568480.0,36914000.0,45746000.0,36182000.0,45926000.0,25613000.0,27581000.0,26135000.0,5592000.0
20221017,20377340.0,28676770.0,39137840.0,40323330.0,50239590.0,46742310.0,35435070.0,18262720.0,9192620.0,42229000.0,57504000.0,59401000.0,73873000.0,68676000.0,52098000.0,26696000.0,13527000.0
20221018,6567210.0,20555550.0,27333100.0,33172220.0,32961870.0,26329800.0,23040350.0,12743760.0,9466000.0,29761000.0,39535000.0,47984000.0,47659000.0,38067000.0,33306000.0,18372000.0,13684000.0
20221019,-1271120.0,17750570.0,13071370.0,16042420.0,19450510.0,9719700.0,10904410.0,3422870.0,3509280.0,25914000.0,19065000.0,23418000.0,28378000.0,14159000.0,15896000.0,4961000.0,5113000.0
20221020,-1178380.0,16770380.0,15346190.0,13901100.0,14146910.0,6628970.0,6736240.0,342110.0,1413220.0,24760000.0,22654000.0,20512000.0,20878000.0,9789000.0,9943000.0,502000.0,2088000.0
20221021,-893090.0,23287810.0,21452300.0,20785870.0,21728300.0,12060160.0,12321130.0,2972840.0,3604960.0,34299000.0,31557000.0,30561000.0,31919000.0,17696000.0,18114000.0,4362000.0,5327000.0
20221024,3012240.0,43116720.0,46348410.0,57027640.0,56808170.0,46702050.0,46340870.0,24899550.0,22248490.0,60221000.0,64777000.0,79722000.0,79457000.0,65467000.0,64858000.0,34841000.0,31161000.0
20221025,-3811710.0,23237470.0,26011610.0,35419560.0,28833710.0,15992470.0,16190640.0,2790220.0,6403760.0,32234000.0,36059000.0,49105000.0,39969000.0,22162000.0,22448000.0,3866000.0,8892000.0
20221026,1805440.0,18232570.0,17712740.0,19528720.0,21853980.0,13561480.0,12226420.0,6361210.0,5890830.0,25434000.0,24668000.0,27205000.0,30441000.0,18868000.0,17023000.0,8838000.0,8214000.0
20221027,-4359670.0,18782620.0,18046650.0,20385470.0,16761780.0,11998900.0,11955710.0,3993430.0,8396290.0,26492000.0,25450000.0,28720000.0,23607000.0,16895000.0,16841000.0,5636000.0,11845000.0
20221028,433700.0,17072600.0,16165940.0,16317520.0,17657880.0,10550970.0,11296470.0,5861420.0,4682220.0,23970000.0,22672000.0,22891000.0,24760000.0,14775000.0,15830000.0,8200000.0,6574000.0
20221031,-11203900.0,36013360.0,33372380.0,57074670.0,48511760.0,28039580.0,36644790.0,10524590.0,13123280.0,51589000.0,47465000.0,81462000.0,69318000.0,40305000.0,52777000.0,15306000.0,19102000.0
20221101,-1130.0,37385460.0,34788630.0,41199020.0,43794720.0,31868380.0,28969330.0,11424600.0,14324780.0,53772000.0,49950000.0,59171000.0,62912000.0,45877000.0,41722000.0,16341000.0,20577000.0
20221102,-17137100.0,56240400.0,35176800.0,59084170.0,63010680.0,41366110.0,47661910.0,11249740.0,22091040.0,84092000.0,52455000.0,88272000.0,94115000.0,61842000.0,71372000.0,16858000.0,33121000.0
20221103,10198160.0,27740750.0,28172850.0,29013000.0,38779070.0,23672360.0,25551280.0,19554770.0,7477690.0,40701000.0,41294000.0,42563000.0,56863000.0,34712000.0,37461000.0,28596000.0,10953000.0
20221104,3410930.0,24716900.0,24483050.0,22815470.0,26460250.0,13817180.0,10932620.0,2614980.0,2088610.0,36222000.0,35840000.0,33414000.0,38752000.0,20218000.0,16024000.0,3827000.0,3064000.0
20221107,-1772370.0,42642170.0,39959280.0,40120510.0,41031030.0,20721930.0,18745780.0,5743750.0,9492270.0,63772000.0,59604000.0,59951000.0,61389000.0,30965000.0,28036000.0,8592000.0,14250000.0
20221108,424320.0,29440330.0,29285080.0,22094080.0,22673660.0,12066860.0,11914240.0,2798540.0,2526840.0,43997000.0,43777000.0,33035000.0,33886000.0,18037000.0,17810000.0,4181000.0,3777000.0
20221109,-3313910.0,24186790.0,22527570.0,27065600.0,25410910.0,17441480.0,18943240.0,6098330.0,7910480.0,35879000.0,33366000.0,40044000.0,37613000.0,25755000.0,28035000.0,8985000.0,11649000.0
20221110,138060.0,25621090.0,27633480.0,18920720.0,17046380.0,10240030.0,10638770.0,2613560.0,2076760.0,39097000.0,42160000.0,28888000.0,26024000.0,15645000.0,16257000.0,3984000.0,3174000.0
20221111,-332880.0,29860380.0,31034360.0,29008530.0,27501660.0,15286180.0,18261800.0,6954900.0,4312160.0,45363000.0,47099000.0,44048000.0,41759000.0,23212000.0,27761000.0,10531000.0,6537000.0
20221114,-2169750.0,23307030.0,24626080.0,21598190.0,18109370.0,10951880.0,14561970.0,3709800.0,2269460.0,35337000.0,37266000.0,32709000.0,27426000.0,16583000.0,22106000.0,5613000.0,3444000.0
20221115,-4617810.0,21213430.0,17996030.0,21733420.0,20333020.0,15560000.0,20714090.0,5177440.0,4641160.0,32202000.0,27304000.0,32991000.0,30854000.0,23613000.0,31451000.0,7852000.0,7050000.0
20221116,2267760.0,31329970.0,35596520.0,43003500.0,41004710.0,30272510.0,29409860.0,11280510.0,9875400.0,46590000.0,52823000.0,63878000.0,60870000.0,44908000.0,43684000.0,16683000.0,14682000.0
20221117,-7397620.0,32601730.0,23223440.0,31087940.0,33068600.0,17439220.0,20667950.0,3378290.0,7547180.0,50161000.0,35672000.0,47807000.0,50893000.0,26825000.0,31823000.0,5193000.0,11596000.0
20221118,-5107450.0,21388000.0,15132950.0,18984070.0,20131650.0,9928160.0,12933360.0,3747250.0,5849500.0,33053000.0,23387000.0,29350000.0,31113000.0,15359000.0,19996000.0,5793000.0,9060000.0
20221121,-1206740.0,19854960.0,17444000.0,17869360.0,19073580.0,13803650.0,16562220.0,6589450.0,5037620.0,30925000.0,27155000.0,27825000.0,29694000.0,21503000.0,25813000.0,10263000.0,7853000.0
20221122,7963190.0,25739940.0,31884560.0,38149960.0,39968540.0,33811210.0,24938550.0,4747650.0,5657120.0,39270000.0,48568000.0,58162000.0,60888000.0,51457000.0,38020000.0,7204000.0,8617000.0
20221123,5380930.0,15592410.0,19416260.0,20457450.0,22014520.0,20008900.0,14781190.0,8503970.0,8350750.0,23781000.0,29562000.0,31165000.0,33498000.0,30445000.0,22485000.0,12910000.0,12757000.0
20221124,4156220.0,17381710.0,15267200.0,16117500.0,22388240.0,7742460.0,5008610.0,2576580.0,1154210.0,26433000.0,23219000.0,24509000.0,34041000.0,11776000.0,7619000.0,3920000.0,1760000.0
20221125,-2250090.0,16086060.0,13384130.0,15610060.0,16061910.0,8747710.0,8462600.0,2573740.0,5108940.0,24869000.0,20674000.0,24111000.0,24833000.0,13494000.0,13084000.0,3967000.0,7850000.0
20221128,2152260.0,15351730.0,17242490.0,14436440.0,14697930.0,5600470.0,6065360.0,3573180.0,956030.0,23937000.0,26825000.0,22501000.0,22927000.0,8736000.0,9488000.0,5559000.0,1494000.0
20221129,-1843610.0,26314920.0,24864790.0,26998960.0,26605480.0,18651090.0,18062190.0,8189340.0,10621850.0,40177000.0,37894000.0,41178000.0,40519000.0,28363000.0,27512000.0,12422000.0,16215000.0
20221130,-23336150.0,51063110.0,30500800.0,51504800.0,48730960.0,27905520.0,42452950.0,10430780.0,19219500.0,81118000.0,48382000.0,81798000.0,77387000.0,44346000.0,67476000.0,16546000.0,30563000.0
20221201,-4797080.0,30937740.0,21034060.0,35142650.0,40249250.0,17961470.0,20582490.0,5674800.0,7850860.0,49831000.0,33809000.0,56587000.0,64786000.0,28936000.0,33204000.0,9133000.0,12688000.0
20221202,-6631080.0,23858750.0,13525740.0,21597560.0,25299490.0,11714600.0,13286860.0,2054370.0,7113190.0,38482000.0,21816000.0,34825000.0,40800000.0,18889000.0,21427000.0,3314000.0,11468000.0
20221205,-27716170.0,41916530.0,18985200.0,46516360.0,41731520.0,25227590.0,30127300.0,4308910.0,27125370.0,68508000.0,30928000.0,76000000.0,68059000.0,41183000.0,49227000.0,7034000.0,44509000.0
20221206,532760.0,33255460.0,27135840.0,38674000.0,45326390.0,24973800.0,23635840.0,5524500.0,6329700.0,55146000.0,44838000.0,64054000.0,75015000.0,41268000.0,39219000.0,9128000.0,10524000.0
20221207,9824120.0,22729450.0,28101360.0,33111100.0,37563310.0,31772360.0,23636760.0,4974050.0,3285530.0,36842000.0,45489000.0,53624000.0,60829000.0,51375000.0,38254000.0,8042000.0,5311000.0
20221208,-5816480.0,29078290.0,18659680.0,28808540.0,33410670.0,12419530.0,14303650.0,4313610.0,8245970.0,47416000.0,30403000.0,46942000.0,54447000.0,20247000.0,23342000.0,7079000.0,13492000.0
20221209,-6365720.0,32308500.0,21255870.0,33224540.0,37911450.0,17024660.0,17391690.0,2454330.0,8453020.0,54001000.0,35517000.0,55525000.0,63334000.0,28439000.0,29065000.0,4108000.0,14157000.0
20221212,2351520.0,20791960.0,18808820.0,26855630.0,31190270.0,16456910.0,13621220.0,3418410.0,3902580.0,34973000.0,31551000.0,45115000.0,52394000.0,27650000.0,22931000.0,5721000.0,6582000.0
20221213,-3383270.0,16393690.0,11989710.0,15337660.0,16358370.0,6658980.0,8528870.0,1130040.0,2643420.0,27608000.0,20184000.0,25814000.0,27532000.0,11203000.0,14364000.0,1908000.0,4453000.0
20221214,2508890.0,10295040.0,11418740.0,13405920.0,14791110.0,9146710.0,7703880.0,3431800.0,2365740.0,17233000.0,19105000.0,22440000.0,24750000.0,15303000.0,12897000.0,5739000.0,3963000.0
20221215,-1411580.0,10090890.0,8396810.0,11084480.0,11366970.0,6261940.0,5859960.0,1505000.0,3318560.0,16898000.0,14058000.0,18561000.0,19033000.0,10486000.0,9813000.0,2520000.0,5561000.0
20221216,-3552730.0,15523470.0,11202580.0,14893130.0,15661290.0,6171030.0,7646010.0,1627980.0,3705730.0,26412000.0,19044000.0,25325000.0,26633000.0,10493000.0,13009000.0,2774000.0,6319000.0
20221219,-1285620.0,14786800.0,9008760.0,14698590.0,19191010.0,7443730.0,8745500.0,2435150.0,2419000.0,25440000.0,15497000.0,25304000.0,33045000.0,12829000.0,15062000.0,4199000.0,4168000.0
20221220,3032320.0,15932600.0,14014670.0,14902650.0,19852900.0,9842280.0,8594270.0,3412190.0,1627880.0,27353000.0,24040000.0,25556000.0,34060000.0,16874000.0,14738000.0,5844000.0,2788000.0
20221221,-1265740.0,11295280.0,11317630.0,14828840.0,13540760.0,7458730.0,8143220.0,1869120.0,2450370.0,19235000.0,19276000.0,25238000.0,23053000.0,12712000.0,13883000.0,3201000.0,4174000.0
20221222,-213030.0,14836220.0,14123790.0,14504240.0,15003640.0,8444900.0,7981180.0,1577320.0,2254070.0,25586000.0,24294000.0,24961000.0,25834000.0,14519000.0,13766000.0,2719000.0,3891000.0
20221223,-3674040.0,18968950.0,14971820.0,17540300.0,17863400.0,8434180.0,10301880.0,1790070.0,3596410.0,33258000.0,26230000.0,30765000.0,31321000.0,14794000.0,18088000.0,3136000.0,6315000.0
20221226,5489440.0,24633440.0,28747140.0,32006710.0,33382460.0,22878390.0,14642150.0,2923500.0,5670300.0,42430000.0,49367000.0,55037000.0,57390000.0,39174000.0,25174000.0,5012000.0,9723000.0
20221227,516980.0,12820970.0,11226370.0,15270550.0,17382130.0,7837200.0,6933450.0,970740.0,1357510.0,21757000.0,19036000.0,25894000.0,29485000.0,13289000.0,11758000.0,1647000.0,2309000.0
20221228,-2226830.0,17999580.0,13676650.0,17493140.0,19589240.0,8174340.0,9847610.0,2135790.0,2689350.0,31060000.0,23586000.0,30171000.0,33772000.0,14096000.0,16994000.0,3671000.0,4645000.0
20221229,-1615070.0,16442010.0,18337820.0,25682150.0,22171280.0,13211450.0,13152360.0,2998500.0,4672660.0,28140000.0,31317000.0,43832000.0,37847000.0,22533000.0,22466000.0,5107000.0,7982000.0
20221230,-4350980.0,14564320.0,11716980.0,15105300.0,13601650.0,7870110.0,9062230.0,942050.0,4100910.0,24816000.0,19943000.0,25731000.0,23158000.0,13412000.0,15440000.0,1608000.0,7026000.0
20230103,5239440.0,20104870.0,24795800.0,30785090.0,31333600.0,21287250.0,20567600.0,8949490.0,4429700.0,33627000.0,41417000.0,51394000.0,52320000.0,35523000.0,34333000.0,14913000.0,7388000.0
20230104,-2054100.0,16553080.0,13507130.0,17036700.0,18028540.0,7410940.0,9651820.0,1726420.0,1539640.0,27703000.0,22601000.0,28517000.0,30170000.0,12400000.0,16160000.0,2892000.0,2581000.0
20230105,4432380.0,11537560.0,13837510.0,18998080.0,21130510.0,11682360.0,9961560.0,4516680.0,1805100.0,19253000.0,23081000.0,31690000.0,35237000.0,19477000.0,16616000.0,7528000.0,3014000.0
20230106,966190.0,10505460.0,11353500.0,15880090.0,15998230.0,8526360.0,8188600.0,3080700.0,2452270.0,17523000.0,18933000.0,26485000.0,26679000.0,14218000.0,13658000.0,5139000.0,4095000.0
20230109,-6499880.0,26832770.0,18512340.0,28561440.0,30381990.0,10719270.0,15424320.0,5425130.0,7219960.0,45609000.0,31414000.0,48545000.0,51647000.0,18211000.0,26209000.0,9143000.0,12238000.0
20230110,-10044490.0,20622400.0,16465050.0,25563940.0,19676800.0,14750100.0,14347940.0,7141830.0,17588480.0,35733000.0,28511000.0,44297000.0,34078000.0,25571000.0,24875000.0,12417000.0,30553000.0
20230111,-317020.0,13539740.0,13678670.0,16454730.0,15998780.0,8477520.0,8369750.0,2955490.0,3380280.0,23436000.0,23666000.0,28478000.0,27673000.0,14673000.0,14493000.0,5098000.0,5853000.0
20230112,1064400.0,17321890.0,17163040.0,20551730.0,21774970.0,12578930.0,10279250.0,1188010.0,2423290.0,29958000.0,29678000.0,35516000.0,37621000.0,21696000.0,17717000.0,2043000.0,4196000.0
20230113,466680.0,12288150.0,13261600.0,13531560.0,13024800.0,6444470.0,5267620.0,671170.0,1381340.0,21350000.0,23041000.0,23508000.0,22626000.0,11193000.0,9149000.0,1165000.0,2399000.0
20230116,6255700.0,18095500.0,19300810.0,22382640.0,27433030.0,15099920.0,11792470.0,5623970.0,2675720.0,31077000.0,33133000.0,38430000.0,47110000.0,25920000.0,20251000.0,9663000.0,4597000.0
20230117,-4240.0,16220960.0,13994030.0,19723420.0,21946100.0,10754080.0,12401210.0,6165710.0,4522820.0,27620000.0,23815000.0,33584000.0,37346000.0,18296000.0,21114000.0,10506000.0,7731000.0
20230118,-1644660.0,8670340.0,7884790.0,12181910.0,11322800.0,6433140.0,7134710.0,1710880.0,2653970.0,14731000.0,13395000.0,20695000.0,19236000.0,10929000.0,12121000.0,2904000.0,4507000.0
20230119,2971240.0,11945440.0,14998200.0,17395970.0,17314450.0,10451360.0,8992060.0,2715240.0,1203300.0,20214000.0,25357000.0,29422000.0,29273000.0,17646000.0,15196000.0,4581000.0,2038000.0
20230120,-1128450.0,11802440.0,11041200.0,14506040.0,14138840.0,8577540.0,10069530.0,2311230.0,1947690.0,19815000.0,18533000.0,24355000.0,23733000.0,14401000.0,16908000.0,3876000.0,3272000.0
20230130,6749030.0,30149210.0,31024350.0,46239500.0,52113370.0,38117190.0,36500870.0,17085070.0,11952360.0,49433000.0,50818000.0,75881000.0,85444000.0,62526000.0,59916000.0,27976000.0,19638000.0
20230131,-3738800.0,16987700.0,15061190.0,22039760.0,20227490.0,11417060.0,13015980.0,3821060.0,5960940.0,27846000.0,24681000.0,36107000.0,33147000.0,18709000.0,21331000.0,6264000.0,9767000.0
20230201,-3314540.0,18198950.0,17323850.0,24056180.0,21616740.0,11542200.0,13065360.0,7038740.0,8830120.0,29884000.0,28422000.0,39476000.0,35460000.0,18933000.0,21435000.0,11538000.0,14514000.0
20230202,-3267000.0,30258370.0,25617220.0,33279140.0,34653300.0,19304750.0,23509050.0,17858030.0,16920730.0,50039000.0,42332000.0,55036000.0,57273000.0,31905000.0,38828000.0,29345000.0,27892000.0
20230203,-2290370.0,21910000.0,21494850.0,27834870.0,25959650.0,16489210.0,17474200.0,2697630.0,4003010.0,36649000.0,35927000.0,46507000.0,43341000.0,27537000.0,29215000.0,4494000.0,6704000.0
20230206,-1546810.0,15640610.0,13510940.0,16719790.0,17302660.0,10261160.0,10498120.0,2893580.0,4203430.0,25979000.0,22427000.0,27751000.0,28720000.0,17008000.0,17418000.0,4788000.0,6960000.0
20230207,-1447510.0,21117820.0,17791280.0,20108430.0,21987460.0,11865170.0,11579660.0,1437480.0,3170500.0,35524000.0,29927000.0,33813000.0,36976000.0,19948000.0,19468000.0,2419000.0,5333000.0
20230208,-8212040.0,17753480.0,10579270.0,17954870.0,16917040.0,9387460.0,11525690.0,1766970.0,7840780.0,30198000.0,17982000.0,30534000.0,28761000.0,15969000.0,19604000.0,3012000.0,13365000.0
20230209,-3043530.0,15237600.0,12539320.0,17240350.0,16895100.0,11531530.0,11485810.0,3163940.0,6253190.0,25835000.0,21256000.0,29230000.0,28644000.0,19543000.0,19471000.0,5354000.0,10590000.0
20230210,-5270590.0,23816040.0,15093910.0,24333170.0,27784710.0,12051290.0,15504500.0,3736830.0,5554210.0,40815000.0,25868000.0,41707000.0,47626000.0,20644000.0,26557000.0,6400000.0,9516000.0
20230213,2079230.0,22080920.0,17871090.0,25185060.0,31474130.0,12719850.0,11343460.0,3735540.0,3032700.0,37830000.0,30599000.0,43134000.0,53915000.0,21767000.0,19412000.0,6388000.0,5194000.0
20230214,-7301710.0,22447480.0,15418630.0,23625860.0,23353000.0,12786030.0,16665850.0,1802660.0,5224550.0,38811000.0,26658000.0,40834000.0,40369000.0,22096000.0,28803000.0,3116000.0,9028000.0
20230215,1833770.0,14937160.0,15809010.0,18378570.0,19340490.0,10171630.0,9872620.0,4425690.0,2890930.0,25717000.0,27190000.0,31621000.0,33266000.0,17480000.0,16977000.0,7599000.0,4983000.0
20230216,-627750.0,25502450.0,22466870.0,28465680.0,30873510.0,14750980.0,15129580.0,4043660.0,4292810.0,43978000.0,38692000.0,49084000.0,53241000.0,25432000.0,26108000.0,6988000.0,7441000.0
20230217,398380.0,24958400.0,25008730.0,24872060.0,25220100.0,11941740.0,11864970.0,2865240.0,2543630.0,43872000.0,43960000.0,43712000.0,44329000.0,20995000.0,20855000.0,5037000.0,4472000.0
20230220,-1616110.0,12859810.0,11775760.0,14612050.0,14079990.0,7226150.0,8597860.0,2502110.0,2746510.0,22585000.0,20685000.0,25656000.0,24721000.0,12684000.0,15088000.0,4387000.0,4818000.0
20230221,1046510.0,15379080.0,16382150.0,21005210.0,21048640.0,12786730.0,11132700.0,4810480.0,5418000.0,26602000.0,28329000.0,36327000.0,36401000.0,22108000.0,19253000.0,8315000.0,9369000.0
20230222,-2357490.0,10935160.0,11404530.0,14158650.0,11331800.0,7175890.0,7499430.0,1773050.0,3807000.0,18924000.0,19733000.0,24502000.0,19606000.0,12420000.0,12981000.0,3070000.0,6597000.0
20230223,-7473470.0,13090950.0,8918890.0,15503070.0,12201660.0,7155470.0,11429730.0,307360.0,3506570.0,22794000.0,15512000.0,26981000.0,21229000.0,12459000.0,19907000.0,534000.0,6120000.0
20230224,5637270.0,32821470.0,37917030.0,49671490.0,50213200.0,34157910.0,30437350.0,10834730.0,8918020.0,56030000.0,64726000.0,84737000.0,85648000.0,58232000.0,51899000.0,18474000.0,15200000.0
20230227,-1508590.0,27355300.0,22798240.0,27421320.0,30469790.0,13863870.0,12731600.0,2420120.0,5060980.0,47157000.0,39311000.0,47272000.0,52518000.0,23882000.0,21927000.0,4170000.0,8725000.0
20230228,-855570.0,12204150.0,9761130.0,13291320.0,14878780.0,6732260.0,8923050.0,2775200.0,1439980.0,21147000.0,16907000.0,23031000.0,25777000.0,11663000.0,15466000.0,4806000.0,2498000.0
20230301,-998490.0,11868230.0,9908270.0,15249520.0,16210970.0,8811540.0,10167490.0,3087180.0,2729720.0,20531000.0,17136000.0,26378000.0,28038000.0,15240000.0,17588000.0,5336000.0,4723000.0
20230302,-4468860.0,15063760.0,11822530.0,19266010.0,18038380.0,11310220.0,13857740.0,3531120.0,5452460.0,26039000.0,20421000.0,33288000.0,31161000.0,19555000.0,23965000.0,6110000.0,9446000.0
20230303,10797660.0,27296030.0,34406780.0,47227450.0,50914370.0,42093870.0,34933910.0,16419530.0,12781830.0,46586000.0,58643000.0,80553000.0,86790000.0,71722000.0,59527000.0,27945000.0,21846000.0
20230306,-3540910.0,34681570.0,30549310.0,55277470.0,55868820.0,38112540.0,37633280.0,13162520.0,17182690.0,58667000.0,51579000.0,93332000.0,94344000.0,64217000.0,63489000.0,22135000.0,28939000.0
20230307,-415700.0,21660730.0,19038800.0,30479360.0,32685580.0,17316460.0,16923130.0,4458430.0,5267460.0,36933000.0,32458000.0,51953000.0,55711000.0,29515000.0,28844000.0,7599000.0,8986000.0
20230308,1650110.0,16146280.0,15198520.0,20330550.0,22928410.0,14919800.0,12667600.0,3050600.0,3652690.0,27650000.0,26003000.0,34805000.0,39241000.0,25516000.0,21675000.0,5210000.0,6261000.0
20230309,-11820540.0,35151350.0,23854630.0,39402990.0,38879160.0,29428300.0,30048810.0,6981990.0,18182020.0,61271000.0,41526000.0,68657000.0,67747000.0,51361000.0,52452000.0,12199000.0,31764000.0
20230310,-5081000.0,15821520.0,10406230.0,15593640.0,15927920.0,8929470.0,10205990.0,2044960.0,5849440.0,27856000.0,18317000.0,27454000.0,28043000.0,15726000.0,17971000.0,3604000.0,10310000.0
20230313,-2078270.0,11802450.0,11110000.0,13035710.0,11649890.0,6700050.0,7316400.0,832810.0,2294730.0,20859000.0,19628000.0,23032000.0,20579000.0,11831000.0,12931000.0,1469000.0,4053000.0
20230314,-5763930.0,20871830.0,17212290.0,23004250.0,20899870.0,13270580.0,17059050.0,3242470.0,5217930.0,37424000.0,30852000.0,41234000.0,37493000.0,23799000.0,30542000.0,5805000.0,9376000.0
20230315,-1317360.0,14956240.0,12860240.0,17658710.0,18437350.0,10799970.0,11270090.0,2347830.0,3195070.0,27057000.0,23263000.0,31956000.0,33358000.0,19537000.0,20391000.0,4248000.0,5786000.0
20230316,-8271030.0,21064420.0,14450360.0,22051450.0,20394490.0,12536740.0,14694030.0,974610.0,7088350.0,39075000.0,26818000.0,40906000.0,37830000.0,23259000.0,27258000.0,1813000.0,13146000.0
20230317,-1313330.0,11850450.0,10463400.0,13086640.0,13160360.0,7101380.0,9063150.0,2344430.0,1695990.0,22083000.0,19488000.0,24386000.0,24513000.0,13227000.0,16886000.0,4358000.0,3167000.0
20230320,-480250.0,11312190.0,10905560.0,12396310.0,12322700.0,7539650.0,7869130.0,823070.0,973840.0,20916000.0,20164000.0,22927000.0,22792000.0,13953000.0,14568000.0,1525000.0,1797000.0
20230321,1010820.0,21886840.0,22369540.0,30519730.0,31047850.0,23135760.0,23870000.0,8852700.0,7107640.0,39166000.0,39986000.0,54592000.0,55500000.0,41332000.0,42671000.0,15761000.0,12695000.0
20230322,-4687920.0,16834580.0,14205420.0,19891570.0,17832820.0,9716070.0,11646250.0,850110.0,3607850.0,30688000.0,25890000.0,36262000.0,32505000.0,17717000.0,21235000.0,1552000.0,6589000.0
20230323,134670.0,11703520.0,11596570.0,14375860.0,14617470.0,9186810.0,10524380.0,4862570.0,3390330.0,21418000.0,21200000.0,26306000.0,26731000.0,16801000.0,19250000.0,8875000.0,6218000.0
20230324,-2099920.0,10120280.0,8537050.0,11597360.0,11080670.0,5799480.0,6618470.0,1857000.0,3137930.0,18429000.0,15545000.0,21121000.0,20182000.0,10567000.0,12056000.0,3381000.0,5716000.0
20230327,-4121210.0,12598230.0,9317040.0,13977150.0,13137140.0,6230320.0,8457290.0,2934020.0,4828260.0,23295000.0,17225000.0,25844000.0,24284000.0,11522000.0,15643000.0,5430000.0,8938000.0
20230328,-6441120.0,12108360.0,8449500.0,14111110.0,11328860.0,5891220.0,7565570.0,1087420.0,5854190.0,22520000.0,15688000.0,26227000.0,21050000.0,10966000.0,14077000.0,2020000.0,10916000.0
20230329,-2419810.0,12507490.0,9015570.0,10288110.0,11360230.0,4895590.0,7623110.0,2018310.0,1710600.0,23482000.0,16922000.0,19321000.0,21329000.0,9191000.0,14320000.0,3796000.0,3220000.0
20230330,-3576410.0,9187690.0,6966340.0,10140040.0,8784990.0,6047750.0,7484330.0,1669920.0,3809750.0,17210000.0,13046000.0,18991000.0,16450000.0,11319000.0,14021000.0,3125000.0,7128000.0
20230331,-932300.0,9244260.0,8590350.0,10930170.0,10651770.0,4759630.0,4524230.0,2254130.0,3421830.0,17183000.0,15966000.0,20320000.0,19806000.0,8849000.0,8414000.0,4195000.0,6361000.0
20230403,-402100.0,12276240.0,12355200.0,15697320.0,15216270.0,9705470.0,8429850.0,3576280.0,5254000.0,22658000.0,22788000.0,28968000.0,28065000.0,17887000.0,15545000.0,6599000.0,9714000.0
20230404,-1177320.0,13635860.0,12977420.0,16644290.0,16125410.0,8403640.0,9929480.0,2308640.0,1960120.0,25304000.0,24067000.0,30887000.0,29925000.0,15597000.0,18432000.0,4280000.0,3644000.0
20230406,-770950.0,11981940.0,10939560.0,16266970.0,16538400.0,8802810.0,8487630.0,2035430.0,3121560.0,22214000.0,20259000.0,30144000.0,30632000.0,16291000.0,15733000.0,3761000.0,5786000.0
20230407,-905130.0,11667030.0,10405650.0,11839170.0,12195430.0,6453370.0,7923000.0,2885060.0,2320560.0,21439000.0,19120000.0,21755000.0,22407000.0,11858000.0,14559000.0,5298000.0,4264000.0
20230410,688880.0,15998380.0,16059930.0,18558470.0,19185800.0,11617370.0,12439900.0,3426100.0,1914690.0,29024000.0,29108000.0,33642000.0,34770000.0,21037000.0,22554000.0,6209000.0,3480000.0
20230411,-1870990.0,9115200.0,7676820.0,9250470.0,8817860.0,3804760.0,5793490.0,978830.0,861090.0,16652000.0,14022000.0,16898000.0,16105000.0,6946000.0,10581000.0,1781000.0,1570000.0
20230412,-17440.0,7624150.0,7630740.0,8286770.0,8262740.0,5152400.0,5149310.0,1186150.0,1206680.0,13934000.0,13942000.0,15143000.0,15099000.0,9415000.0,9411000.0,2166000.0,2207000.0
20230413,-447090.0,13304540.0,12363110.0,13255170.0,13749510.0,6920480.0,6926790.0,1873890.0,2314670.0,24345000.0,22595000.0,24224000.0,25111000.0,12633000.0,12662000.0,3422000.0,4256000.0
20230414,-2350720.0,9253880.0,7602840.0,8994750.0,8295100.0,5048490.0,5963810.0,938960.0,2374360.0,16912000.0,13893000.0,16442000.0,15156000.0,9230000.0,10903000.0,1713000.0,4345000.0
20230417,4136740.0,12727970.0,15505790.0,16105990.0,17464910.0,10357200.0,9413710.0,4595590.0,1402340.0,23121000.0,28135000.0,29228000.0,31684000.0,18758000.0,17055000.0,8312000.0,2546000.0
20230418,6404370.0,29026140.0,30520590.0,31538990.0,36448920.0,22170830.0,18878290.0,8130790.0,5018960.0,51492000.0,54117000.0,55978000.0,64646000.0,39304000.0,33490000.0,14351000.0,8872000.0
20230419,-1474600.0,16070570.0,15551560.0,18832950.0,17877340.0,9172250.0,10785130.0,1296120.0,1157840.0,28616000.0,27686000.0,33529000.0,31818000.0,16312000.0,19197000.0,2309000.0,2064000.0
20230420,-421320.0,12419850.0,10911840.0,13127370.0,14214050.0,6768270.0,6858030.0,1038190.0,1369750.0,22287000.0,19581000.0,23561000.0,25509000.0,12148000.0,12309000.0,1861000.0,2458000.0
20230421,5133010.0,22206280.0,26883570.0,32934210.0,33389920.0,23260720.0,17566940.0,5484690.0,6045460.0,39017000.0,47209000.0,57829000.0,58628000.0,40810000.0,30825000.0,9617000.0,10610000.0
20230424,2811420.0,15971000.0,18154640.0,20570090.0,21197870.0,15701170.0,14988550.0,6066510.0,3967710.0,28243000.0,32060000.0,36361000.0,37440000.0,27709000.0,26455000.0,10674000.0,7034000.0
20230425,3510840.0,19330440.0,21118300.0,25810160.0,27533130.0,18345630.0,17135630.0,5291130.0,2990290.0,33801000.0,36872000.0,45064000.0,48038000.0,31970000.0,29900000.0,9196000.0,5223000.0
20230426,133880.0,18000540.0,17300880.0,21696540.0,22530080.0,14368950.0,15413430.0,5822600.0,4644240.0,31691000.0,30426000.0,38171000.0,39609000.0,25237000.0,27094000.0,10197000.0,8166000.0
20230427,-103970.0,12410540.0,13217700.0,20187860.0,19276730.0,12562850.0,12761950.0,3244100.0,3148970.0,21666000.0,23069000.0,35228000.0,33636000.0,21923000.0,22267000.0,5651000.0,5495000.0
20230428,93600.0,11831030.0,12258210.0,18163610.0,17830040.0,12366340.0,12737930.0,4601270.0,4136080.0,20600000.0,21341000.0,31624000.0,31047000.0,21541000.0,22184000.0,8007000.0,7200000.0
20230504,-2684490.0,15014380.0,13493060.0,18047130.0,16883960.0,11629380.0,11798850.0,3278250.0,5793270.0,26340000.0,23653000.0,31658000.0,29604000.0,20395000.0,20705000.0,5749000.0,10180000.0
20230505,-2733910.0,15755380.0,13564530.0,17093490.0,16550440.0,7931410.0,8715220.0,1850300.0,3800400.0,28090000.0,24188000.0,30478000.0,29501000.0,14136000.0,15534000.0,3295000.0,6776000.0
20230508,10785190.0,30617720.0,36299950.0,45579450.0,50682410.0,32735870.0,27763810.0,14767900.0,8954770.0,52790000.0,62544000.0,78563000.0,87327000.0,56429000.0,47870000.0,25400000.0,15441000.0
20230509,16619410.0,39331650.0,45842340.0,63423280.0,73532000.0,58661170.0,52276350.0,26228330.0,15993740.0,65456000.0,76118000.0,105399000.0,122107000.0,97348000.0,86849000.0,43481000.0,26609000.0
20230510,-47390.0,33473230.0,33214580.0,37208570.0,37419840.0,22341110.0,18965490.0,4405190.0,7828200.0,58281000.0,57891000.0,64730000.0,65074000.0,38880000.0,32980000.0,7713000.0,13659000.0
20230511,-1634720.0,13062420.0,13240070.0,16376080.0,14563720.0,7583360.0,8405310.0,1457280.0,2270050.0,22743000.0,23044000.0,28506000.0,25352000.0,13201000.0,14640000.0,2540000.0,3954000.0
20230512,-1303620.0,16886680.0,17782480.0,19079320.0,16879890.0,9966550.0,9570190.0,1841640.0,3541620.0,29731000.0,31287000.0,33567000.0,29694000.0,17533000.0,16846000.0,3242000.0,6246000.0
20230515,2364790.0,34637050.0,41210600.0,49883670.0,45674910.0,25806510.0,24540180.0,9013890.0,7915430.0,58766000.0,69850000.0,84602000.0,77466000.0,43741000.0,41640000.0,15221000.0,13376000.0
20230516,-2521410.0,18719010.0,18004840.0,27612870.0,25805630.0,17668720.0,16929210.0,4842630.0,8103550.0,31345000.0,30129000.0,46199000.0,43181000.0,29530000.0,28311000.0,8092000.0,13545000.0
20230517,6980920.0,31493130.0,32490220.0,38420620.0,44404450.0,24733580.0,27319280.0,16403730.0,6837110.0,51984000.0,53574000.0,63450000.0,73221000.0,40783000.0,45096000.0,26939000.0,11264000.0
20230518,-5367550.0,16882760.0,12836910.0,18901270.0,17579580.0,10845560.0,12867400.0,4404680.0,7750390.0,28107000.0,21362000.0,31462000.0,29253000.0,18050000.0,21416000.0,7328000.0,12916000.0
20230519,-4676060.0,18488350.0,15208980.0,18985200.0,17588500.0,11864650.0,11726240.0,2634470.0,7448940.0,30871000.0,25363000.0,31710000.0,29367000.0,19807000.0,19603000.0,4386000.0,12441000.0
20230522,-2423050.0,13843140.0,11521810.0,14560740.0,14459010.0,6969670.0,8252150.0,1417390.0,2557960.0,23304000.0,19390000.0,24512000.0,24341000.0,11731000.0,13894000.0,2392000.0,4314000.0
20230523,-6653220.0,21006590.0,14559060.0,19448170.0,19242500.0,9140330.0,12472440.0,1937900.0,5259010.0,35966000.0,24920000.0,33300000.0,32942000.0,15652000.0,21365000.0,3325000.0,9016000.0
20230524,-3024240.0,16563600.0,13736110.0,17141160.0,16944420.0,7487350.0,9124380.0,2363550.0,3750760.0,28488000.0,23603000.0,29475000.0,29148000.0,12899000.0,15686000.0,4053000.0,6478000.0
20230525,-1419140.0,20659680.0,22063320.0,26422830.0,23600050.0,14335590.0,13604030.0,4283520.0,6434220.0,35111000.0,37441000.0,44817000.0,40035000.0,24284000.0,23077000.0,7242000.0,10901000.0
20230526,-175960.0,10857470.0,9851680.0,10553990.0,11383820.0,4621260.0,5236140.0,1643890.0,1204970.0,18485000.0,16764000.0,17971000.0,19380000.0,7863000.0,8913000.0,2788000.0,2050000.0
20230529,-658950.0,16320740.0,16151350.0,18428130.0,17938560.0,9725250.0,9783720.0,1663200.0,2263680.0,27722000.0,27401000.0,31272000.0,30453000.0,16474000.0,16607000.0,2822000.0,3829000.0
20230530,-2834960.0,18223500.0,15796360.0,19200870.0,18793060.0,10041880.0,10060960.0,2994980.0,5810860.0,31315000.0,27115000.0,32996000.0,32261000.0,17230000.0,17282000.0,5142000.0,10026000.0
20230531,-3799770.0,16382510.0,14889120.0,21725750.0,19419370.0,6549230.0,10203590.0,1451920.0,1597330.0,27839000.0,25306000.0,36922000.0,33000000.0,11131000.0,17338000.0,2465000.0,2714000.0
20230601,-247500.0,16408720.0,15444560.0,16862940.0,17579600.0,10772760.0,9658740.0,2159360.0,3520880.0,27771000.0,26132000.0,28546000.0,29742000.0,18219000.0,16350000.0,3656000.0,5968000.0
20230602,-1503860.0,16057410.0,14452290.0,14793140.0,14894400.0,6676830.0,6566500.0,1161020.0,2775210.0,27362000.0,24622000.0,25209000.0,25381000.0,11383000.0,11194000.0,1982000.0,4740000.0
20230605,-4138220.0,21115070.0,15826260.0,18647390.0,19797980.0,8650720.0,10374910.0,1176130.0,3590160.0,36519000.0,27387000.0,32294000.0,34264000.0,14981000.0,17960000.0,2047000.0,6230000.0
20230606,-3341300.0,19539250.0,18257570.0,16061780.0,14002160.0,6511840.0,7921440.0,893800.0,2825500.0,34364000.0,32120000.0,28248000.0,24620000.0,11476000.0,13932000.0,1575000.0,4990000.0
20230607,-4857320.0,22590780.0,21613000.0,18290060.0,14410500.0,9410670.0,13291850.0,988430.0,1964570.0,40815000.0,39067000.0,33055000.0,26028000.0,17003000.0,24008000.0,1787000.0,3557000.0
20230608,-27300.0,11077690.0,12310430.0,11937530.0,10677500.0,4494300.0,4538570.0,2661320.0,2644350.0,19890000.0,22102000.0,21428000.0,19166000.0,8068000.0,8144000.0,4770000.0,4744000.0
20230609,-1116570.0,16562110.0,16780320.0,14805390.0,13470610.0,6084310.0,5109390.0,472000.0,2563490.0,30049000.0,30447000.0,26858000.0,24429000.0,11042000.0,9270000.0,858000.0,4662000.0
20230612,-372050.0,14172300.0,12717520.0,12873880.0,13956610.0,8980500.0,7928270.0,7270600.0,8694880.0,25420000.0,22788000.0,23098000.0,25020000.0,16084000.0,14214000.0,13003000.0,15583000.0
20230613,-1106910.0,10273910.0,9501710.0,9210870.0,8876180.0,4606310.0,5703780.0,956660.0,966100.0,18510000.0,17117000.0,16603000.0,15991000.0,8294000.0,10279000.0,1723000.0,1744000.0
20230614,-618800.0,7431610.0,7141850.0,7630600.0,7301550.0,4776460.0,4954450.0,472140.0,912950.0,13428000.0,12900000.0,13786000.0,13190000.0,8628000.0,8953000.0,851000.0,1650000.0
20230615,2972850.0,20063170.0,20483730.0,20520490.0,23072780.0,13779310.0,13062800.0,5457120.0,3200780.0,35358000.0,36134000.0,36229000.0,40725000.0,24364000.0,23079000.0,9637000.0,5650000.0
20230616,-882700.0,13677240.0,11461420.0,10840370.0,12173470.0,6537410.0,6278280.0,2388770.0,3530600.0,23855000.0,19987000.0,18905000.0,21227000.0,11399000.0,10951000.0,4163000.0,6157000.0
20230619,378930.0,16628140.0,16116020.0,20418060.0,21309120.0,11554950.0,13012010.0,6033140.0,4197150.0,28728000.0,27820000.0,35255000.0,36791000.0,19948000.0,22477000.0,10392000.0,7235000.0
20230620,4138710.0,31788360.0,30026440.0,29563140.0,35463770.0,21697660.0,20774860.0,13316770.0,10100860.0,53655000.0,50684000.0,49918000.0,59884000.0,36629000.0,35086000.0,22473000.0,17021000.0
20230621,-516880.0,27251190.0,25861460.0,21163870.0,22036720.0,11497610.0,13320690.0,4724180.0,3417980.0,45820000.0,43478000.0,35594000.0,37060000.0,19326000.0,22398000.0,7949000.0,5754000.0
20230626,-4561980.0,21685870.0,16269550.0,18845950.0,19700280.0,11456100.0,13397020.0,4209240.0,6830300.0,36547000.0,27402000.0,31750000.0,33190000.0,19266000.0,22545000.0,7078000.0,11503000.0
20230627,-5627730.0,33013530.0,23984950.0,19806610.0,23207460.0,8387590.0,12797410.0,2834510.0,4052420.0,77609000.0,56366000.0,46562000.0,54552000.0,19703000.0,30081000.0,6644000.0,9520000.0
20230628,-4635960.0,33082540.0,29777060.0,37960070.0,36629590.0,27263360.0,26701350.0,9759200.0,14957170.0,76575000.0,68823000.0,87753000.0,84691000.0,62942000.0,61708000.0,22467000.0,34514000.0
20230629,-10732360.0,46641980.0,37744620.0,52100760.0,50265750.0,39711350.0,44769850.0,17838510.0,23512370.0,104447000.0,84508000.0,116666000.0,112483000.0,88756000.0,100182000.0,39859000.0,52555000.0
20230630,-12110710.0,40667200.0,31353520.0,46299930.0,43502900.0,30107490.0,33232870.0,9827300.0,18812630.0,90086000.0,69426000.0,102522000.0,96306000.0,66605000.0,73583000.0,21713000.0,41612000.0
20230703,-3417590.0,53363420.0,43887280.0,52958680.0,59017230.0,40626000.0,41900020.0,12364620.0,14508190.0,115187000.0,94757000.0,114402000.0,127461000.0,87883000.0,90557000.0,26676000.0,31373000.0
20230704,-6879380.0,31446070.0,27263160.0,35084120.0,32387660.0,16824700.0,17931420.0,4031920.0,9804580.0,68708000.0,59547000.0,76669000.0,70768000.0,36751000.0,39177000.0,8817000.0,21454000.0
20230705,-2520690.0,19626270.0,19562420.0,22899500.0,20442670.0,9665190.0,11443480.0,2744620.0,3487020.0,43025000.0,42864000.0,50193000.0,44793000.0,21183000.0,25100000.0,6001000.0,7644000.0
20230706,-2357410.0,29604020.0,25792710.0,25059120.0,26513020.0,13493100.0,14016470.0,1298470.0,3132510.0,66247000.0,57756000.0,56056000.0,59289000.0,30181000.0,31341000.0,2901000.0,6999000.0
20230707,1710830.0,14277220.0,16451200.0,12837800.0,12374640.0,7571980.0,8074930.0,5519070.0,3305290.0,31963000.0,36808000.0,28726000.0,27683000.0,16931000.0,18065000.0,12331000.0,7395000.0
20230710,5626650.0,17826890.0,27007500.0,26745770.0,23191820.0,23169950.0,16378140.0,4537930.0,5703090.0,39443000.0,59702000.0,59133000.0,51282000.0,51297000.0,36275000.0,10053000.0,12667000.0
20230711,-2217650.0,22464740.0,20482850.0,19984520.0,19748760.0,9229130.0,12473610.0,3681410.0,2654580.0,49083000.0,44736000.0,43645000.0,43118000.0,20158000.0,27240000.0,8030000.0,5823000.0
20230712,2390230.0,13787690.0,14818250.0,12693410.0,14053080.0,10132940.0,9265990.0,5095490.0,3572210.0,30498000.0,32761000.0,28075000.0,31076000.0,22407000.0,20494000.0,11254000.0,7905000.0
20230713,391460.0,14149020.0,15553200.0,12307100.0,11294380.0,7347470.0,6392530.0,1964800.0,2528280.0,31412000.0,34522000.0,27321000.0,25066000.0,16309000.0,14188000.0,4343000.0,5609000.0
20230714,-1140350.0,15403690.0,13509180.0,11951850.0,12706010.0,5991000.0,6551820.0,904830.0,1484360.0,34340000.0,30118000.0,26653000.0,28338000.0,13358000.0,14604000.0,2018000.0,3309000.0
20230717,-2472660.0,12848450.0,11396850.0,9406140.0,8385070.0,4293700.0,6748460.0,659330.0,677230.0,28772000.0,25504000.0,21059000.0,18772000.0,9613000.0,15124000.0,1476000.0,1520000.0
20230718,3293860.0,15744790.0,20493920.0,18092330.0,16637070.0,12614480.0,8410990.0,1672580.0,2582210.0,34867000.0,45381000.0,40057000.0,36826000.0,27916000.0,18601000.0,3689000.0,5720000.0
20230719,-1338290.0,11770280.0,10358560.0,11042640.0,11116070.0,4264190.0,5668340.0,2308940.0,2243080.0,26212000.0,23072000.0,24597000.0,24765000.0,9500000.0,12624000.0,5135000.0,4983000.0
20230720,-1034450.0,11980260.0,12234450.0,10598080.0,9309450.0,5120770.0,5938100.0,709710.0,926830.0,26863000.0,27422000.0,23774000.0,20881000.0,11480000.0,13325000.0,1593000.0,2082000.0
20230721,-2979710.0,15448210.0,13219430.0,11591850.0,10840920.0,5875140.0,6993560.0,722540.0,2583830.0,35041000.0,29968000.0,26322000.0,24610000.0,13346000.0,15901000.0,1642000.0,5872000.0
20230724,-2289620.0,18650230.0,15680440.0,12211780.0,12891950.0,6180330.0,8091860.0,2802930.0,3181020.0,41894000.0,35220000.0,27440000.0,28960000.0,13890000.0,18186000.0,6313000.0,7170000.0
20230725,-3462690.0,22597910.0,23893080.0,22761010.0,18003150.0,11408890.0,13097750.0,4513450.0,6287280.0,51343000.0,54260000.0,51697000.0,40894000.0,25906000.0,29758000.0,10241000.0,14276000.0
20230726,-487210.0,12082340.0,12476890.0,13702470.0,12820710.0,5175780.0,5866760.0,765970.0,562200.0,27285000.0,28163000.0,30916000.0,28931000.0,11680000.0,13242000.0,1725000.0,1270000.0
20230727,1311040.0,16254360.0,19603010.0,17382140.0,15344540.0,12203860.0,8764380.0,2183820.0,4312260.0,36697000.0,44231000.0,39212000.0,34578000.0,27541000.0,19778000.0,4925000.0,9787000.0
20230728,-1361430.0,16128700.0,14015680.0,13088670.0,13840260.0,7394380.0,8299930.0,1279830.0,1735710.0,36814000.0,31991000.0,29892000.0,31598000.0,16884000.0,18953000.0,2920000.0,3967000.0
20230731,-29052830.0,44571690.0,29765150.0,55073230.0,40826930.0,33410760.0,55168290.0,8404520.0,15699820.0,103818000.0,69252000.0,128400000.0,95090000.0,77849000.0,128671000.0,19553000.0,36609000.0
20230801,-4752580.0,26239240.0,18192710.0,19865120.0,23159060.0,13036550.0,15096050.0,1493890.0,4186970.0,60891000.0,42191000.0,46069000.0,53709000.0,30215000.0,35010000.0,3455000.0,9721000.0
20230802,-2944000.0,13406000.0,10140400.0,9848820.0,10170440.0,5821260.0,7900100.0,878180.0,1743340.0,31411000.0,23751000.0,23081000.0,23829000.0,13646000.0,18522000.0,2050000.0,4087000.0
20230803,-1092930.0,9722700.0,9502520.0,10203690.0,9330950.0,5215210.0,4739020.0,718980.0,2288100.0,22747000.0,22228000.0,23875000.0,21832000.0,12203000.0,11087000.0,1681000.0,5359000.0
20230804,-2791630.0,15524780.0,11459340.0,10394980.0,11668790.0,5522440.0,7504280.0,883440.0,1693230.0,36323000.0,26811000.0,24326000.0,27293000.0,12920000.0,17566000.0,2065000.0,3963000.0
20230807,604840.0,16070570.0,16452480.0,11873610.0,12096530.0,5849200.0,5841440.0,1709650.0,1112570.0,37447000.0,38336000.0,27663000.0,28180000.0,13628000.0,13607000.0,3980000.0,2594000.0
20230808,757860.0,20234950.0,22393830.0,16580180.0,15179150.0,8511190.0,7908900.0,1899720.0,1744150.0,47718000.0,52813000.0,39091000.0,35770000.0,20063000.0,18638000.0,4465000.0,4117000.0
20230809,-2798450.0,26336410.0,22217910.0,24208140.0,25528190.0,13541160.0,12303030.0,1704890.0,5741470.0,62742000.0,52924000.0,57848000.0,60885000.0,32364000.0,29412000.0,4062000.0,13795000.0
20230810,305190.0,21562190.0,17192130.0,12460170.0,17135430.0,8582400.0,7776510.0,1062550.0,1563250.0,50096000.0,39940000.0,28958000.0,39799000.0,19912000.0,18064000.0,2469000.0,3632000.0
20230811,449290.0,14347990.0,16757120.0,9816440.0,7856600.0,4573240.0,4404100.0,2550840.0,2270690.0,33660000.0,39323000.0,23048000.0,18427000.0,10726000.0,10326000.0,5966000.0,5325000.0
20230814,-53900.0,21150910.0,20491000.0,20788920.0,21394930.0,9173670.0,12936600.0,5562320.0,1853290.0,49101000.0,47565000.0,48233000.0,49607000.0,21219000.0,29979000.0,12893000.0,4296000.0
20230815,1116330.0,10901500.0,12511650.0,9719050.0,9225240.0,4883620.0,4073920.0,557090.0,250460.0,25134000.0,28844000.0,22400000.0,21265000.0,11250000.0,9383000.0,1286000.0,578000.0
20230816,-886790.0,14072770.0,13978820.0,14865550.0,14072710.0,6377630.0,6576890.0,780850.0,1468380.0,32740000.0,32502000.0,34553000.0,32685000.0,14780000.0,15278000.0,1821000.0,3430000.0
20230817,2452180.0,35805150.0,36191630.0,39684680.0,41750370.0,28313190.0,27825430.0,14924680.0,12960260.0,81607000.0,82320000.0,90255000.0,94835000.0,64399000.0,63167000.0,33730000.0,29668000.0
20230818,5266450.0,24225140.0,24492590.0,27048810.0,32047810.0,26081710.0,23027740.0,11399150.0,9186670.0,53782000.0,54352000.0,60091000.0,71102000.0,57806000.0,51094000.0,25238000.0,20370000.0
20230821,-1664960.0,20416890.0,21704730.0,21125860.0,18173040.0,9782960.0,9152400.0,2057930.0,4353450.0,46279000.0,49183000.0,47876000.0,41173000.0,22160000.0,20742000.0,4669000.0,9885000.0
20230822,2690710.0,25067910.0,26474380.0,31094460.0,32378700.0,25147570.0,21741070.0,6968710.0,7684500.0,55951000.0,59025000.0,69377000.0,72138000.0,55914000.0,48445000.0,15440000.0,17073000.0
20230823,-2894370.0,21659900.0,19261640.0,16692880.0,16196780.0,9051150.0,10318080.0,1507330.0,3134770.0,49524000.0,44035000.0,38179000.0,37037000.0,20717000.0,23621000.0,3441000.0,7167000.0
20230824,-2262960.0,18407090.0,14803450.0,13873470.0,15214150.0,8634070.0,8655970.0,1055180.0,3296240.0,42289000.0,34009000.0,31864000.0,34934000.0,19837000.0,19887000.0,2417000.0,7576000.0
20230825,-2774930.0,20157150.0,14740720.0,15715030.0,18356540.0,5986190.0,6912230.0,1772760.0,3621650.0,46787000.0,34224000.0,36511000.0,42621000.0,13917000.0,16067000.0,4124000.0,8427000.0
20230828,-2352510.0,25814450.0,23592310.0,26276780.0,26146420.0,17692350.0,18463360.0,3595610.0,5177110.0,59371000.0,54155000.0,60283000.0,59964000.0,40567000.0,42474000.0,8253000.0,11880000.0
20230829,-2458630.0,23051030.0,20020160.0,23380030.0,23952280.0,12696410.0,12977420.0,2601110.0,4778730.0,52211000.0,45303000.0,52907000.0,54193000.0,28707000.0,29391000.0,5881000.0,10819000.0
20230830,783030.0,16992530.0,13519720.0,15535620.0,19791460.0,9864860.0,10656100.0,4376150.0,2801880.0,38300000.0,30462000.0,34988000.0,44579000.0,22212000.0,23990000.0,9840000.0,6309000.0
20230831,-744990.0,16310880.0,16417380.0,17623210.0,16771730.0,9966710.0,9990610.0,1482960.0,2204050.0,36588000.0,36817000.0,39503000.0,37586000.0,22314000.0,22378000.0,3311000.0,4935000.0
20230901,-5040820.0,15751190.0,15102760.0,17809960.0,13417580.0,8389220.0,10634450.0,1059170.0,3854760.0,35715000.0,34231000.0,40391000.0,30411000.0,19045000.0,24145000.0,2400000.0,8764000.0
20230904,-6190.0,20065680.0,21463180.0,22948320.0,21544630.0,12149190.0,12284460.0,1648930.0,1519850.0,45547000.0,48734000.0,52092000.0,48911000.0,27593000.0,27882000.0,3751000.0,3455000.0
20230905,2882910.0,17384510.0,19414960.0,17260000.0,18112460.0,11265720.0,8227290.0,1745070.0,1900590.0,39721000.0,44345000.0,39412000.0,41339000.0,25694000.0,18780000.0,3986000.0,4350000.0
20230906,9059870.0,27914150.0,33777410.0,51636540.0,54833140.0,40074810.0,30586340.0,9376730.0,9805330.0,62262000.0,75226000.0,115012000.0,121932000.0,89049000.0,68121000.0,20793000.0,21837000.0
20230907,-3355820.0,22125840.0,20661030.0,28845050.0,26954040.0,16086890.0,16045250.0,2642410.0,6039870.0,48842000.0,45577000.0,63665000.0,59467000.0,35484000.0,35417000.0,5836000.0,13365000.0
20230908,991430.0,26602950.0,28918310.0,36269080.0,34945150.0,18957870.0,18526630.0,7007170.0,6446980.0,58738000.0,63864000.0,80010000.0,77108000.0,41791000.0,40790000.0,15413000.0,14189000.0
20230911,5777260.0,40378990.0,47650410.0,44457480.0,42963330.0,27665410.0,19855080.0,3735060.0,5768130.0,92125000.0,108680000.0,101491000.0,98153000.0,63210000.0,45331000.0,8528000.0,13190000.0
20230912,-7765890.0,20816840.0,14800930.0,21958120.0,20208130.0,12210560.0,18121300.0,1686480.0,3541630.0,47610000.0,33862000.0,50222000.0,46209000.0,27930000.0,41436000.0,3864000.0,8118000.0
20230913,-2496940.0,17446630.0,16323270.0,17541090.0,16167510.0,9979320.0,10623890.0,3136970.0,4989340.0,40476000.0,37864000.0,40686000.0,37510000.0,23159000.0,24631000.0,7283000.0,11600000.0
20230914,-980930.0,17351630.0,13925240.0,10031790.0,12477240.0,5405280.0,6465810.0,1623260.0,1543660.0,40183000.0,32266000.0,23264000.0,28915000.0,12536000.0,14991000.0,3759000.0,3570000.0
20230915,1279250.0,14225470.0,14866000.0,10467420.0,11106130.0,6181200.0,4503480.0,4967460.0,5365930.0,32935000.0,34428000.0,24233000.0,25702000.0,14309000.0,10420000.0,11484000.0,12411000.0
20230918,60170.0,13624520.0,10892470.0,8398700.0,11190930.0,4663080.0,5187630.0,1648580.0,1063860.0,31525000.0,25197000.0,19432000.0,25891000.0,10784000.0,11998000.0,3803000.0,2458000.0
20230919,102280.0,12166450.0,13306190.0,10624760.0,9587300.0,5157340.0,4959590.0,1278840.0,1374310.0,28392000.0,31055000.0,24803000.0,22378000.0,12038000.0,11577000.0,2990000.0,3214000.0
20230920,361590.0,7753720.0,8799560.0,6149890.0,5465630.0,3616460.0,3462930.0,1181200.0,973140.0,18176000.0,20630000.0,14417000.0,12815000.0,8479000.0,8117000.0,2772000.0,2282000.0
20230921,1650230.0,14611940.0,14186420.0,12797610.0,14873370.0,9671930.0,9569380.0,6569190.0,5021510.0,33764000.0,32774000.0,29573000.0,34364000.0,22345000.0,22110000.0,15171000.0,11605000.0
20230922,2077570.0,16885220.0,16503300.0,15658880.0,18118370.0,10544950.0,9124790.0,2310200.0,1652790.0,38610000.0,37706000.0,35759000.0,41345000.0,24002000.0,20794000.0,5258000.0,3783000.0
20230925,-3121230.0,17533690.0,14242880.0,9585830.0,9755400.0,4662960.0,6838390.0,1301670.0,2247470.0,40127000.0,32603000.0,21928000.0,22309000.0,10680000.0,15655000.0,2985000.0,5153000.0
20230926,-1097860.0,30009310.0,42769060.0,37008440.0,23150820.0,16109590.0,15417580.0,2340040.0,4129910.0,70718000.0,100813000.0,87361000.0,54728000.0,38078000.0,36396000.0,5535000.0,9756000.0
20230927,-200380.0,15677950.0,13924780.0,14507460.0,16060250.0,8362190.0,7852560.0,3265670.0,3975680.0,37302000.0,33136000.0,34500000.0,38208000.0,19895000.0,18671000.0,7792000.0,9474000.0
20230928,-4086560.0,21396510.0,17545590.0,20426250.0,20190610.0,10795760.0,11299650.0,1168740.0,4751410.0,49855000.0,40878000.0,47619000.0,47050000.0,25200000.0,26352000.0,2732000.0,11126000.0
20231009,-1245760.0,18361040.0,16872070.0,12415160.0,12658370.0,5042490.0,5673340.0,0.0,614910.0,42552000.0,39114000.0,28761000.0,29317000.0,11690000.0,13146000.0,0.0,1426000.0
20231010,-1713630.0,17669130.0,12867250.0,9311710.0,12399950.0,3851640.0,5095770.0,453620.0,923120.0,40779000.0,29704000.0,21484000.0,28615000.0,8892000.0,11750000.0,1048000.0,2134000.0
20231011,-5798330.0,26568830.0,25363400.0,25975790.0,21382880.0,14256410.0,16453740.0,1915650.0,5516650.0,62916000.0,60118000.0,61542000.0,50644000.0,33785000.0,38987000.0,4558000.0,13053000.0
20231012,-1530080.0,14640590.0,15083120.0,15067350.0,13094750.0,6045700.0,7094740.0,801350.0,1282390.0,35001000.0,36058000.0,36005000.0,31284000.0,14460000.0,16967000.0,1911000.0,3068000.0
20231013,-4384550.0,16329890.0,13251990.0,13743090.0,12436440.0,7802100.0,8211610.0,1150400.0,5125440.0,39458000.0,31996000.0,33186000.0,30030000.0,18847000.0,19834000.0,2780000.0,12412000.0
20231016,623510.0,11506280.0,12229490.0,9760360.0,9660660.0,5685720.0,4716800.0,533930.0,879340.0,27810000.0,29555000.0,23565000.0,23327000.0,13731000.0,11392000.0,1286000.0,2119000.0
20231017,-32870.0,12834970.0,13392830.0,10395380.0,9804650.0,4786800.0,4528830.0,201800.0,492640.0,31381000.0,32749000.0,25430000.0,23984000.0,11709000.0,11075000.0,495000.0,1206000.0
20231018,-955210.0,15007060.0,12953610.0,11033580.0,12131830.0,6469260.0,5371350.0,962260.0,3015380.0,37234000.0,32156000.0,27412000.0,30112000.0,16071000.0,13330000.0,2384000.0,7502000.0
20231019,543000.0,15975790.0,14312120.0,9015120.0,11221800.0,4255940.0,5601860.0,2375880.0,486960.0,39734000.0,35576000.0,22420000.0,27908000.0,10574000.0,13939000.0,5905000.0,1209000.0
20231020,187510.0,14669350.0,13546540.0,7889770.0,9200090.0,3525560.0,3658000.0,918340.0,598390.0,36293000.0,33526000.0,19532000.0,22770000.0,8726000.0,9045000.0,2270000.0,1480000.0
20231023,1074900.0,22517440.0,22348210.0,24219370.0,25463490.0,13851150.0,12346740.0,3204660.0,3634170.0,54457000.0,54050000.0,58574000.0,61559000.0,33462000.0,29851000.0,7747000.0,8780000.0
20231024,-2945750.0,18800360.0,16818340.0,17165400.0,16201670.0,4893390.0,6154320.0,880100.0,2564920.0,45694000.0,40888000.0,41747000.0,39380000.0,11898000.0,14960000.0,2142000.0,6254000.0
20231025,-5244000.0,25301790.0,16461070.0,16502990.0,20099710.0,8143230.0,13641500.0,3073870.0,2819600.0,59626000.0,38791000.0,38894000.0,47349000.0,19190000.0,32140000.0,7223000.0,6653000.0
20231026,-2062030.0,16224650.0,12094270.0,14871070.0,16939430.0,5399130.0,6468050.0,705040.0,1698150.0,38253000.0,28516000.0,35062000.0,39929000.0,12728000.0,15250000.0,1663000.0,4011000.0
20231027,-3193760.0,19206510.0,16125590.0,19631220.0,19518380.0,7345330.0,11005040.0,1556040.0,1090090.0,45255000.0,37985000.0,46286000.0,46012000.0,17350000.0,25990000.0,3667000.0,2571000.0
20231030,-2875830.0,19002000.0,17207390.0,18433740.0,17352540.0,6505620.0,8031760.0,1273560.0,2623250.0,44951000.0,40723000.0,43622000.0,41065000.0,15400000.0,19010000.0,3011000.0,6186000.0
20231031,-1732820.0,9034820.0,9065770.0,9397860.0,7634090.0,3336060.0,4432850.0,567690.0,1203720.0,21482000.0,21557000.0,22355000.0,18154000.0,7931000.0,10541000.0,1352000.0,2868000.0
20231101,-491840.0,11084340.0,8477800.0,4354990.0,6469690.0,2641210.0,2997800.0,850230.0,985480.0,26311000.0,20131000.0,10344000.0,15362000.0,6272000.0,7117000.0,2019000.0,2336000.0
20231102,-227820.0,19642940.0,17719620.0,17359910.0,19055410.0,9775940.0,8023510.0,1593470.0,3573720.0,47684000.0,43010000.0,42128000.0,46233000.0,23713000.0,19450000.0,3856000.0,8689000.0
20231103,-3085460.0,17264570.0,11337720.0,12383590.0,15224970.0,4127300.0,5720520.0,45730.0,1537970.0,41939000.0,27543000.0,30096000.0,37005000.0,10039000.0,13901000.0,111000.0,3736000.0
20231106,-1336180.0,14592770.0,11473540.0,13165350.0,14948400.0,6719440.0,7298240.0,2993210.0,3750590.0,35249000.0,27694000.0,31810000.0,36092000.0,16233000.0,17625000.0,7208000.0,9087000.0
20231107,-1207820.0,9166290.0,11285270.0,14322110.0,10995300.0,5030380.0,5594930.0,354270.0,997540.0,22063000.0,27159000.0,34459000.0,26460000.0,12101000.0,13457000.0,851000.0,2396000.0
20231108,417230.0,11110440.0,12016270.0,10367750.0,9879140.0,4499910.0,3678650.0,777390.0,1181420.0,26820000.0,29007000.0,25027000.0,23848000.0,10864000.0,8875000.0,1873000.0,2852000.0
20231109,-155350.0,11105150.0,11593320.0,9321750.0,8678230.0,5132080.0,3422120.0,492020.0,2357330.0,26936000.0,28112000.0,22613000.0,21053000.0,12463000.0,8299000.0,1195000.0,5741000.0
20231110,-1569720.0,12752320.0,10686900.0,11158660.0,11654360.0,4440770.0,5933740.0,571410.0,648160.0,30785000.0,25769000.0,26922000.0,28118000.0,10692000.0,14318000.0,1376000.0,1569000.0
20231113,15040.0,30354510.0,31223480.0,34573800.0,33719870.0,18217990.0,20098790.0,6656120.0,4760280.0,71213000.0,73241000.0,80919000.0,78830000.0,42589000.0,46992000.0,15466000.0,11124000.0
20231114,-28930.0,23903080.0,21484990.0,19006770.0,21395930.0,12477020.0,11925720.0,1506770.0,2087000.0,55145000.0,49570000.0,43770000.0,49268000.0,28700000.0,27437000.0,3464000.0,4803000.0
20231115,-870430.0,15027450.0,13188960.0,12074110.0,13042170.0,6823040.0,6767820.0,3540340.0,4465990.0,34919000.0,30641000.0,28061000.0,30299000.0,15852000.0,15732000.0,8234000.0,10395000.0
20231116,-472310.0,10592780.0,9332740.0,9764570.0,10552310.0,5708800.0,3643870.0,1995100.0,4532340.0,24584000.0,21660000.0,22662000.0,24483000.0,13248000.0,8454000.0,4628000.0,10524000.0
20231117,-2163910.0,11531820.0,9393880.0,9221480.0,9195520.0,5391330.0,7504390.0,970310.0,1021160.0,26963000.0,21960000.0,21552000.0,21494000.0,12602000.0,17540000.0,2267000.0,2391000.0
20231120,-2827160.0,18911270.0,14692550.0,13182060.0,14573610.0,6045740.0,8910560.0,1797810.0,1760150.0,43482000.0,33808000.0,30332000.0,33512000.0,13916000.0,20487000.0,4125000.0,4048000.0
20231121,-2224110.0,16248140.0,11789190.0,9421020.0,11655860.0,4586670.0,5539650.0,262440.0,1533570.0,37349000.0,27090000.0,21667000.0,26795000.0,10550000.0,12745000.0,601000.0,3537000.0
20231122,988300.0,8797760.0,8357270.0,9534970.0,10963750.0,4987640.0,4028940.0,961800.0,932200.0,20367000.0,19339000.0,22055000.0,25369000.0,11535000.0,9319000.0,2229000.0,2160000.0
20231123,-185310.0,7300400.0,7450560.0,6440540.0,6105070.0,3243580.0,2780320.0,299510.0,948080.0,16920000.0,17267000.0,14924000.0,14146000.0,7515000.0,6441000.0,692000.0,2198000.0
20231124,-136310.0,10091650.0,9259940.0,7898940.0,8594330.0,4241990.0,4329870.0,740430.0,788860.0,23726000.0,21763000.0,18560000.0,20197000.0,9966000.0,10171000.0,1736000.0,1856000.0
20231127,-639890.0,12178000.0,10282200.0,6272890.0,7528800.0,4167050.0,3567010.0,1003210.0,2243140.0,28672000.0,24213000.0,14778000.0,17734000.0,9819000.0,8402000.0,2368000.0,5288000.0
20231128,-2236400.0,9565900.0,8223580.0,7529900.0,6635830.0,3164860.0,4555930.0,455990.0,1301320.0,22512000.0,19357000.0,17733000.0,15616000.0,7456000.0,10729000.0,1073000.0,3072000.0
20231129,-352640.0,9328460.0,9422180.0,8012420.0,7566060.0,3486140.0,3584920.0,1563450.0,1817310.0,21884000.0,22103000.0,18789000.0,17740000.0,8174000.0,8414000.0,3670000.0,4260000.0
20231130,-1671630.0,10932990.0,8754600.0,6912000.0,7418770.0,4566500.0,3929830.0,1220780.0,3529080.0,25931000.0,20768000.0,16392000.0,17590000.0,10837000.0,9324000.0,2903000.0,8381000.0
20231201,-937460.0,12827040.0,10404650.0,5395720.0,6880650.0,2380560.0,3389450.0,1354080.0,1282650.0,30371000.0,24653000.0,12782000.0,16290000.0,5641000.0,8022000.0,3208000.0,3036000.0
20231204,3874410.0,10873910.0,13629550.0,12265100.0,13383870.0,6815110.0,5606620.0,3599610.0,933690.0,25370000.0,31797000.0,28605000.0,31224000.0,15891000.0,13052000.0,8375000.0,2168000.0
20231205,1050060.0,11325150.0,13330910.0,10600810.0,9645110.0,5202740.0,4474290.0,384730.0,63120.0,26699000.0,31422000.0,25006000.0,22752000.0,12263000.0,10551000.0,909000.0,150000.0
20231206,1363770.0,7618040.0,10933530.0,8481560.0,6529840.0,4181790.0,3621730.0,2167200.0,1363490.0,17981000.0,25807000.0,20017000.0,15405000.0,9868000.0,8542000.0,5107000.0,3219000.0
20231207,-656720.0,10836860.0,10167830.0,6929820.0,6942150.0,5211930.0,4165610.0,293640.0,1996680.0,25900000.0,24303000.0,16553000.0,16582000.0,12435000.0,9956000.0,695000.0,4741000.0
20231208,-4377090.0,20679730.0,20842890.0,20621350.0,16081100.0,9118020.0,11217330.0,2321510.0,4599290.0,50493000.0,50902000.0,50400000.0,39275000.0,22297000.0,27452000.0,5683000.0,11244000.0
20231211,-3005620.0,20376070.0,14966480.0,10714140.0,13118110.0,4135320.0,6298640.0,232920.0,1075220.0,49466000.0,36307000.0,25943000.0,31816000.0,10048000.0,15281000.0,569000.0,2620000.0
20231212,-1107800.0,13927890.0,11948440.0,7177320.0,8048960.0,2757070.0,4126630.0,778030.0,516270.0,33104000.0,28399000.0,17052000.0,19123000.0,6549000.0,9804000.0,1849000.0,1227000.0
20231213,-654540.0,14222940.0,14137360.0,12841430.0,12272470.0,6530340.0,7635070.0,1800700.0,1350510.0,33471000.0,33255000.0,30191000.0,28844000.0,15342000.0,17942000.0,4218000.0,3181000.0
20231214,-1525950.0,8137970.0,9236260.0,9307900.0,6683660.0,3126040.0,3790330.0,1587200.0,2448860.0,19318000.0,21917000.0,22091000.0,15861000.0,7430000.0,9001000.0,3765000.0,5826000.0
20231215,-620730.0,11254200.0,12643300.0,7398430.0,5388600.0,4254570.0,3439730.0,538540.0,1974110.0,27072000.0,30376000.0,17769000.0,12939000.0,10212000.0,8265000.0,1285000.0,4758000.0
20231218,-37080.0,10755350.0,9480080.0,5788740.0,7026930.0,2407580.0,2942500.0,929840.0,432000.0,26152000.0,23049000.0,14079000.0,17093000.0,5861000.0,7155000.0,2255000.0,1050000.0
20231219,-18070.0,8928890.0,9320060.0,6177620.0,5768380.0,3698720.0,3126830.0,574510.0,1164470.0,21918000.0,22877000.0,15165000.0,14161000.0,9081000.0,7675000.0,1412000.0,2864000.0
20231220,-2958260.0,14357010.0,12592560.0,9867560.0,8673760.0,5585460.0,5384670.0,1166820.0,4325870.0,35730000.0,31333000.0,24492000.0,21548000.0,13853000.0,13373000.0,2891000.0,10712000.0
20231221,-260880.0,13395980.0,12972430.0,8965010.0,9127680.0,4870670.0,5235230.0,1269480.0,1165800.0,33866000.0,32779000.0,22670000.0,23072000.0,12315000.0,13243000.0,3202000.0,2959000.0
20231222,-3216130.0,30264290.0,28002910.0,32175420.0,31220670.0,16028690.0,20160870.0,5576140.0,4660090.0,73389000.0,67946000.0,78075000.0,75730000.0,38950000.0,48890000.0,13501000.0,11350000.0
20231225,-31230.0,34655860.0,30855500.0,27236020.0,31005150.0,24897390.0,24382440.0,4309190.0,4855370.0,80059000.0,71242000.0,62867000.0,71541000.0,57385000.0,56215000.0,9907000.0,11220000.0
20231226,-171960.0,28933470.0,23424410.0,17434620.0,22771710.0,8368930.0,10341060.0,3443590.0,1643420.0,67289000.0,54441000.0,40526000.0,52921000.0,19437000.0,24036000.0,7988000.0,3842000.0
20231227,-1936500.0,16646750.0,15856890.0,15913110.0,14766460.0,10602630.0,12203860.0,3366490.0,3701760.0,39692000.0,37807000.0,37951000.0,35193000.0,25275000.0,29094000.0,8017000.0,8840000.0
20231228,-2192960.0,20589340.0,18520870.0,17033190.0,16908700.0,9613580.0,9403370.0,2202920.0,4606090.0,49072000.0,44151000.0,40607000.0,40306000.0,22917000.0,22399000.0,5249000.0,10990000.0
20231229,-164820.0,16794130.0,16169180.0,12452080.0,12912200.0,6975410.0,7231450.0,1776700.0,1685480.0,39867000.0,38383000.0,29563000.0,30644000.0,16556000.0,17165000.0,4211000.0,4004000.0
20240102,479350.0,22479170.0,22048300.0,18047780.0,18958000.0,10779990.0,10202890.0,2677120.0,2774870.0,52775000.0,51781000.0,42417000.0,44516000.0,25314000.0,23972000.0,6264000.0,6501000.0
20240103,1031350.0,12181090.0,12935140.0,10162830.0,10440140.0,6700350.0,5063090.0,1031180.0,1637090.0,29029000.0,30835000.0,24235000.0,24890000.0,15974000.0,12066000.0,2451000.0,3897000.0
20240104,-1815650.0,15300460.0,13440950.0,12727570.0,12771430.0,9609270.0,9553450.0,2054540.0,3926010.0,37075000.0,32547000.0,30837000.0,30936000.0,23284000.0,23167000.0,4974000.0,9520000.0
20240105,1154870.0,28066200.0,29094610.0,21684190.0,21810650.0,14395140.0,10910810.0,4195200.0,6524660.0,70111000.0,72654000.0,54093000.0,54398000.0,35889000.0,27212000.0,10526000.0,16356000.0
20240108,1161710.0,25132980.0,24607210.0,15940070.0,17627550.0,9174690.0,7464230.0,2337450.0,2886200.0,64707000.0,63364000.0,41014000.0,45329000.0,23627000.0,19208000.0,5996000.0,7443000.0
20240109,1516720.0,17190660.0,18879050.0,10243000.0,10071320.0,4963360.0,3868050.0,1257420.0,836010.0,44667000.0,49032000.0,26604000.0,26163000.0,12885000.0,10061000.0,3279000.0,2178000.0
20240110,1735090.0,15405720.0,16362730.0,9574560.0,10352650.0,4882480.0,3101920.0,964300.0,1009770.0,40209000.0,42691000.0,24977000.0,27000000.0,12735000.0,8105000.0,2516000.0,2640000.0
20240111,4466680.0,14284650.0,17557270.0,12420670.0,13614730.0,6719570.0,5427190.0,4452480.0,1278180.0,36972000.0,45431000.0,32137000.0,35223000.0,17356000.0,14032000.0,11536000.0,3315000.0
20240112,-2017750.0,12224220.0,10898350.0,11462080.0,10770200.0,4430150.0,5438170.0,951410.0,1961140.0,31360000.0,27960000.0,29414000.0,27636000.0,11378000.0,13959000.0,2445000.0,5042000.0
20240115,-4173530.0,32793890.0,29941340.0,25982290.0,24661300.0,15389520.0,18188120.0,3140530.0,4515460.0,87557000.0,80003000.0,69482000.0,65851000.0,41222000.0,48669000.0,8293000.0,12032000.0
20240116,-1757670.0,25843400.0,26469770.0,16068290.0,13684250.0,4908020.0,8220140.0,3130610.0,1576160.0,70370000.0,72059000.0,43704000.0,37245000.0,13354000.0,22369000.0,8540000.0,4294000.0
20240117,-2314910.0,21121300.0,19626290.0,11843870.0,11023970.0,5098570.0,6563490.0,1238470.0,2088460.0,58227000.0,54121000.0,32632000.0,30374000.0,14060000.0,18085000.0,3417000.0,5756000.0
20240118,384580.0,25735390.0,24283590.0,17079670.0,18916050.0,7967690.0,7706200.0,2291690.0,2168600.0,71669000.0,67494000.0,47532000.0,52633000.0,22076000.0,21465000.0,6340000.0,6026000.0
20240119,-1198050.0,16983340.0,16763520.0,11072660.0,10094430.0,4192690.0,5403110.0,1119150.0,1106780.0,46142000.0,45540000.0,30055000.0,27419000.0,11387000.0,14672000.0,3046000.0,2999000.0
20240122,-2391260.0,24024610.0,21882160.0,16104350.0,15855550.0,6775630.0,9637240.0,3502310.0,3031960.0,65419000.0,59568000.0,43832000.0,43167000.0,18438000.0,26200000.0,9531000.0,8286000.0
20240123,1393720.0,15590990.0,17293440.0,9658860.0,9350130.0,5570130.0,3599100.0,284920.0,862230.0,42985000.0,47664000.0,26645000.0,25774000.0,15358000.0,9938000.0,781000.0,2392000.0
20240124,-2885020.0,20181800.0,15849310.0,12916290.0,14363760.0,5918430.0,8090200.0,1781630.0,2494880.0,56599000.0,44415000.0,36176000.0,40238000.0,16541000.0,22641000.0,4979000.0,7002000.0
20240125,3832900.0,19907640.0,23272730.0,19918820.0,20386640.0,10860640.0,9499370.0,4238420.0,1766790.0,53690000.0,62750000.0,53728000.0,54946000.0,29266000.0,25593000.0,11366000.0,4760000.0
20240126,-1721670.0,15815460.0,14645170.0,10927010.0,10375640.0,4461710.0,5465720.0,1349670.0,2067330.0,42649000.0,39491000.0,29462000.0,27965000.0,12034000.0,14749000.0,3646000.0,5587000.0
20240129,-2962800.0,15229580.0,12570300.0,11001810.0,10698300.0,4427620.0,5925660.0,650850.0,2115610.0,41364000.0,34115000.0,29855000.0,29035000.0,12021000.0,16100000.0,1773000.0,5763000.0
20240130,-1399190.0,17875190.0,16299920.0,14717130.0,14893220.0,6629250.0,7041810.0,3567990.0,4554620.0,48484000.0,44204000.0,39937000.0,40402000.0,17974000.0,19116000.0,9674000.0,12348000.0
20240131,-2509480.0,19983070.0,17295730.0,13032170.0,13210050.0,4861830.0,6104720.0,1716630.0,2983220.0,55953000.0,48413000.0,36461000.0,36947000.0,13600000.0,17080000.0,4782000.0,8356000.0
20240201,-1659300.0,16743910.0,18581270.0,14959400.0,11462740.0,3681480.0,4814760.0,982090.0,1508110.0,46849000.0,51943000.0,41850000.0,32067000.0,10309000.0,13527000.0,2757000.0,4228000.0
20240202,-3048590.0,23401560.0,18569770.0,12373000.0,14156210.0,5152040.0,8522760.0,1779210.0,1457080.0,67287000.0,53372000.0,35577000.0,40687000.0,14837000.0,24597000.0,5152000.0,4196000.0
20240205,-4425460.0,25179300.0,18762590.0,15413580.0,17404830.0,5048300.0,8711470.0,647200.0,1409490.0,73491000.0,54708000.0,44926000.0,50721000.0,14679000.0,25454000.0,1882000.0,4096000.0
20240206,2230790.0,21435980.0,20698230.0,12124610.0,15093150.0,6872860.0,6299830.0,3284610.0,1626850.0,60093000.0,58016000.0,33955000.0,42238000.0,19219000.0,17631000.0,9168000.0,4550000.0
20240207,-1053610.0,27253410.0,24203450.0,15524350.0,17520700.0,7284690.0,8696320.0,2593700.0,2235680.0,73967000.0,65720000.0,42179000.0,47592000.0,19796000.0,23600000.0,7031000.0,6061000.0
20240208,-4032680.0,24999390.0,21257770.0,16604980.0,16313930.0,5504680.0,7021590.0,1805770.0,4321540.0,67022000.0,57000000.0,44527000.0,43752000.0,14762000.0,18827000.0,4831000.0,11564000.0
20240219,616240.0,18877620.0,17692190.0,13935270.0,15736940.0,4695560.0,4756840.0,1769130.0,1091610.0,50521000.0,47323000.0,37244000.0,42078000.0,12533000.0,12695000.0,4705000.0,2907000.0
20240220,3352500.0,14118980.0,17832100.0,10089920.0,9729310.0,5142430.0,3123110.0,1975610.0,642430.0,38096000.0,48114000.0,27205000.0,26238000.0,13870000.0,8425000.0,5338000.0,1731000.0
20240221,1971800.0,16394250.0,16357860.0,12991120.0,14999310.0,7911210.0,7234780.0,2854710.0,1559340.0,43721000.0,43610000.0,34640000.0,39996000.0,21072000.0,19274000.0,7600000.0,4153000.0
20240222,898840.0,14708320.0,14984550.0,10560250.0,11182870.0,5968690.0,5324230.0,1370020.0,1115640.0,39173000.0,39907000.0,28126000.0,29781000.0,15887000.0,14177000.0,3649000.0,2971000.0
20240223,355070.0,21941610.0,20194920.0,15674820.0,17776580.0,9925980.0,9567980.0,3190110.0,3193040.0,57590000.0,52944000.0,41104000.0,46635000.0,26068000.0,25116000.0,8303000.0,8371000.0
20240226,268900.0,18186530.0,18481770.0,12586980.0,12560640.0,7351580.0,7026650.0,1256530.0,1312560.0,47596000.0,48361000.0,32929000.0,32863000.0,19234000.0,18381000.0,3287000.0,3441000.0
20240227,288130.0,21919900.0,20766250.0,17776990.0,19218760.0,10875890.0,9466400.0,1794560.0,2915920.0,57810000.0,54765000.0,46847000.0,50631000.0,28649000.0,24953000.0,4721000.0,7677000.0
20240228,-936290.0,27459250.0,22482000.0,16232220.0,20273190.0,9716070.0,11462700.0,2853690.0,2043350.0,71662000.0,58645000.0,42349000.0,52875000.0,25323000.0,29910000.0,7435000.0,5338000.0
20240229,-2031890.0,19560510.0,15774080.0,12793770.0,14548330.0,7678220.0,9819750.0,1843100.0,1733460.0,51540000.0,41543000.0,33699000.0,38331000.0,20198000.0,25847000.0,4848000.0,4563000.0
20240301,-1388410.0,20547660.0,18651690.0,15865530.0,16373080.0,7823050.0,8898430.0,2050020.0,2363050.0,53279000.0,48345000.0,41121000.0,42436000.0,20261000.0,23070000.0,5305000.0,6115000.0
20240304,-2001220.0,19034110.0,15433350.0,13920690.0,15520240.0,7904940.0,9160280.0,1869240.0,2615120.0,49750000.0,40334000.0,36383000.0,40568000.0,20659000.0,23937000.0,4882000.0,6836000.0
20240305,-379900.0,26150440.0,26957900.0,21146390.0,19959020.0,12711980.0,13130710.0,3953540.0,3914710.0,66987000.0,69002000.0,54136000.0,51080000.0,32521000.0,33634000.0,10097000.0,10024000.0
20240306,-1842890.0,14947770.0,14226200.0,12997930.0,11876600.0,5535030.0,6326570.0,1609540.0,2660890.0,38700000.0,36803000.0,33625000.0,30732000.0,14324000.0,16376000.0,4175000.0,6911000.0
20240307,1405730.0,15746690.0,16514440.0,11794320.0,12432310.0,7222820.0,6130140.0,1358580.0,1045530.0,41024000.0,43059000.0,30731000.0,32404000.0,18853000.0,15978000.0,3547000.0,2715000.0
20240308,1457070.0,15872970.0,12840990.0,11932440.0,16421480.0,7998790.0,5851270.0,790910.0,1481360.0,42014000.0,33952000.0,31577000.0,43461000.0,21165000.0,15498000.0,2093000.0,3937000.0
20240311,-176130.0,17752090.0,17189720.0,17181840.0,17568090.0,10386890.0,9937550.0,2749070.0,3374540.0,46332000.0,44827000.0,44848000.0,45854000.0,27076000.0,25941000.0,7161000.0,8795000.0
20240312,-3390850.0,21248270.0,17555810.0,15440830.0,15742450.0,8117130.0,10918780.0,2198880.0,2788080.0,54519000.0,45037000.0,39625000.0,40404000.0,20837000.0,28030000.0,5650000.0,7160000.0
20240313,-981280.0,16501770.0,16809560.0,15125770.0,13836700.0,7770150.0,8005400.0,1149710.0,1895740.0,42479000.0,43219000.0,38922000.0,35601000.0,19961000.0,20610000.0,2950000.0,4882000.0
20240314,-4287720.0,22466880.0,17484150.0,18190400.0,18885410.0,10036380.0,10503800.0,2201680.0,6021980.0,59081000.0,45963000.0,47812000.0,49674000.0,26373000.0,27610000.0,5805000.0,15824000.0
20240315,-510100.0,15210100.0,15897880.0,11150420.0,9952550.0,6823430.0,5081360.0,1781850.0,4034020.0,40327000.0,42142000.0,29547000.0,26364000.0,18073000.0,13454000.0,4722000.0,10710000.0
20240318,203070.0,17264990.0,16374440.0,13314970.0,14408600.0,7415090.0,7753940.0,2724900.0,2182980.0,45468000.0,43116000.0,35059000.0,37937000.0,19516000.0,20413000.0,7174000.0,5751000.0
20240319,-289030.0,17021900.0,15654060.0,14353660.0,15432460.0,7723670.0,7807730.0,1543920.0,1748890.0,44667000.0,41059000.0,37650000.0,40480000.0,20259000.0,20484000.0,4048000.0,4601000.0
20240320,1474040.0,12992730.0,14299500.0,12395740.0,12563010.0,7848770.0,8439800.0,3520170.0,1455100.0,33993000.0,37404000.0,32415000.0,32861000.0,20529000.0,22069000.0,9203000.0,3806000.0
20240321,-1197100.0,13225770.0,13318030.0,10927760.0,9638400.0,6375410.0,5677910.0,932980.0,2827580.0,34754000.0,34997000.0,28713000.0,25322000.0,16758000.0,14924000.0,2454000.0,7435000.0
20240322,-5306540.0,15505620.0,12855200.0,13864240.0,11208110.0,4706600.0,6716820.0,949650.0,4245970.0,41411000.0,34315000.0,37022000.0,29918000.0,12567000.0,17945000.0,2540000.0,11361000.0
20240325,-3645500.0,16048390.0,14908450.0,9578880.0,7073330.0,3862780.0,4927160.0,543140.0,3124260.0,43152000.0,40061000.0,25762000.0,19032000.0,10393000.0,13263000.0,1466000.0,8417000.0
20240326,-1631400.0,15986470.0,14871550.0,9798680.0,9282200.0,3084860.0,4634870.0,817550.0,898940.0,43650000.0,40604000.0,26771000.0,25357000.0,8429000.0,12658000.0,2234000.0,2465000.0
20240327,-745570.0,11194880.0,11173310.0,6973460.0,6249470.0,3072020.0,4093690.0,1254060.0,977960.0,30742000.0,30679000.0,19156000.0,17168000.0,8443000.0,11259000.0,3455000.0,2689000.0
20240328,948820.0,15170110.0,15648890.0,12467030.0,12937070.0,5183680.0,4393840.0,1146720.0,987740.0,41567000.0,42882000.0,34160000.0,35430000.0,14200000.0,12036000.0,3138000.0,2718000.0
20240329,-1984690.0,14468270.0,12655620.0,9976480.0,9804440.0,4919200.0,5436600.0,551250.0,2018540.0,39956000.0,34934000.0,27542000.0,27060000.0,13583000.0,15021000.0,1522000.0,5587000.0
20240401,-1594910.0,25431630.0,20105650.0,20158630.0,23889710.0,11404480.0,11321620.0,3330030.0,5007800.0,70038000.0,55348000.0,55520000.0,65818000.0,31422000.0,31194000.0,9204000.0,13824000.0
20240402,880370.0,22607340.0,19853160.0,16366120.0,20000670.0,9614410.0,10168800.0,3571320.0,2136560.0,63142000.0,55440000.0,45696000.0,55850000.0,26857000.0,28404000.0,9973000.0,5973000.0
20240403,715590.0,16485450.0,16588520.0,14699620.0,15312140.0,9938850.0,8454890.0,4659230.0,5427600.0,46282000.0,46542000.0,41249000.0,42974000.0,27859000.0,23730000.0,13081000.0,15225000.0
20240408,-1374930.0,19249960.0,17619690.0,14709030.0,14964370.0,8873970.0,10072390.0,2821590.0,2998100.0,54597000.0,49930000.0,41681000.0,42404000.0,25159000.0,28583000.0,8018000.0,8538000.0
20240409,310290.0,11355040.0,11468070.0,8676450.0,8873710.0,5507170.0,4145630.0,415150.0,1466400.0,32421000.0,32745000.0,24767000.0,25320000.0,15715000.0,11834000.0,1182000.0,4186000.0
20240410,-755590.0,15113870.0,13531690.0,11639360.0,12465940.0,5907850.0,7861700.0,4102220.0,2903960.0,43742000.0,39163000.0,33672000.0,36062000.0,17087000.0,22757000.0,11896000.0,8414000.0
20240411,-1417050.0,15341760.0,12562920.0,8544920.0,9906710.0,4006400.0,5387780.0,1022520.0,1058190.0,44552000.0,36473000.0,24812000.0,28762000.0,11625000.0,15643000.0,2971000.0,3082000.0
20240412,474680.0,12848860.0,11636540.0,9766840.0,11453840.0,3987210.0,4328100.0,1097190.0,281620.0,37267000.0,33747000.0,28326000.0,33220000.0,11561000.0,12556000.0,3183000.0,814000.0
20240415,53100.0,26011530.0,30753770.0,26994670.0,22305520.0,13336670.0,10923760.0,2985160.0,5344970.0,73589000.0,87010000.0,76428000.0,63175000.0,37713000.0,30878000.0,8439000.0,15105000.0
20240416,-761570.0,28180760.0,32567650.0,36886210.0,31737750.0,21927090.0,21674620.0,6645970.0,7660010.0,77910000.0,90002000.0,101963000.0,87733000.0,60598000.0,59931000.0,18393000.0,21198000.0
20240417,1936970.0,23077370.0,24634850.0,20444710.0,20824200.0,12156860.0,10581240.0,2165590.0,1804240.0,64000000.0,68316000.0,56698000.0,57749000.0,33698000.0,29343000.0,6004000.0,4991000.0
20240418,-674670.0,17997190.0,17339330.0,15469190.0,15452390.0,7838770.0,7642500.0,976010.0,1846950.0,49976000.0,48136000.0,42946000.0,42901000.0,21762000.0,21224000.0,2709000.0,5132000.0
20240419,1657630.0,21788530.0,24985900.0,24462310.0,22922570.0,16770510.0,14150810.0,5896640.0,6858710.0,59876000.0,68611000.0,67197000.0,62951000.0,45974000.0,38822000.0,16112000.0,18774000.0
20240422,5036300.0,49991140.0,48275690.0,42757960.0,49509710.0,32239580.0,32855210.0,21211710.0,15559780.0,130818000.0,126544000.0,112297000.0,129962000.0,84739000.0,86269000.0,55789000.0,40867000.0
20240423,-1754050.0,24754970.0,24379620.0,21701420.0,20322710.0,11131420.0,12470430.0,2112300.0,2527340.0,65142000.0,64111000.0,57076000.0,53469000.0,29295000.0,32809000.0,5556000.0,6680000.0
20240424,-1255780.0,18733320.0,17555410.0,16702510.0,16624650.0,9605910.0,10932650.0,3353540.0,3282580.0,49256000.0,46141000.0,43896000.0,43680000.0,25228000.0,28734000.0,8796000.0,8622000.0
20240425,-1514250.0,21858700.0,21036770.0,18347790.0,17655460.0,9511300.0,9314440.0,2273290.0,3984400.0,57108000.0,54947000.0,47918000.0,46120000.0,24838000.0,24357000.0,5951000.0,10392000.0
20240426,-2289810.0,24702650.0,17283080.0,19946450.0,25076200.0,11862100.0,14681340.0,5259340.0,4729910.0,64837000.0,45357000.0,52337000.0,65822000.0,31129000.0,38526000.0,13833000.0,12430000.0
20240429,-3614010.0,27788650.0,23698600.0,21128430.0,21604470.0,12879550.0,13273730.0,2636390.0,5856220.0,73002000.0,62154000.0,55464000.0,56710000.0,33743000.0,34875000.0,6898000.0,15368000.0
20240430,4896970.0,19465860.0,22701580.0,21192720.0,22853970.0,18306060.0,13651810.0,4706450.0,4463730.0,50100000.0,58374000.0,54500000.0,58796000.0,47047000.0,35098000.0,12097000.0,11477000.0
20240506,-1809690.0,21342600.0,22351000.0,19543440.0,16725360.0,9682430.0,10196780.0,2867110.0,4162450.0,55347000.0,57925000.0,50655000.0,43355000.0,25111000.0,26445000.0,7436000.0,10824000.0
20240507,2023580.0,31087730.0,34594120.0,30677400.0,29194580.0,18533550.0,16931230.0,9534840.0,9113580.0,78554000.0,87392000.0,77552000.0,73812000.0,46850000.0,42812000.0,24083000.0,23022000.0
20240508,-3458740.0,24442090.0,23065040.0,22417960.0,20336270.0,10936890.0,12524710.0,2422860.0,4293780.0,61517000.0,58045000.0,56383000.0,51143000.0,27518000.0,31521000.0,6088000.0,10796000.0
20240509,10470970.0,21316540.0,30303120.0,29532050.0,31016440.0,23769390.0,19670990.0,9996310.0,3623740.0,52919000.0,75040000.0,73142000.0,76737000.0,58745000.0,48680000.0,24591000.0,8939000.0
20240510,-7668270.0,20284750.0,17722250.0,26433310.0,21327540.0,13106330.0,16201180.0,3201020.0,7774440.0,50479000.0,44049000.0,65762000.0,53043000.0,32577000.0,40337000.0,7964000.0,19354000.0
20240513,-6791930.0,23751240.0,17209910.0,18472480.0,18221890.0,8026260.0,12012350.0,1126150.0,3931990.0,59143000.0,42784000.0,45933000.0,45322000.0,19986000.0,29928000.0,2790000.0,9818000.0
20240514,-1650790.0,16441210.0,13519700.0,12681130.0,13951850.0,5858510.0,7627160.0,2878500.0,2760640.0,41188000.0,33831000.0,31737000.0,34931000.0,14636000.0,19091000.0,7195000.0,6904000.0
20240515,-3609390.0,15182990.0,10496040.0,8578000.0,9655560.0,3011100.0,5102400.0,649020.0,2167110.0,38176000.0,26377000.0,21555000.0,24270000.0,7571000.0,12827000.0,1632000.0,5459000.0
20240516,-3273500.0,17432870.0,13527940.0,11340460.0,11971890.0,4751130.0,6027120.0,134540.0,2132050.0,44255000.0,34328000.0,28772000.0,30381000.0,12061000.0,15304000.0,342000.0,5417000.0
20240517,151370.0,16637780.0,15511970.0,12937710.0,14214890.0,7966790.0,7552320.0,1276210.0,1539310.0,41742000.0,38901000.0,32427000.0,35625000.0,19983000.0,18950000.0,3191000.0,3868000.0
20240520,-376140.0,17523530.0,18868000.0,16734340.0,15013730.0,9686440.0,10096330.0,994140.0,960390.0,43711000.0,47026000.0,41705000.0,37411000.0,24104000.0,25159000.0,2467000.0,2392000.0
20240521,-350960.0,11204400.0,15792340.0,19839440.0,14900550.0,7291080.0,6933760.0,1400350.0,2108630.0,27868000.0,39287000.0,49336000.0,37045000.0,18127000.0,17226000.0,3467000.0,5240000.0
20240522,-1553990.0,13304640.0,11301760.0,8522240.0,8971130.0,2434650.0,3939910.0,490140.0,538870.0,33281000.0,28270000.0,21315000.0,22433000.0,6087000.0,9857000.0,1224000.0,1347000.0
20240523,-921530.0,14568710.0,14017370.0,11204360.0,10834160.0,5191160.0,5026590.0,493090.0,1579190.0,36595000.0,35182000.0,28132000.0,27189000.0,13017000.0,12630000.0,1236000.0,3979000.0
20240524,-4909760.0,19190480.0,12340100.0,10311030.0,12251650.0,4468080.0,7759230.0,373430.0,1992040.0,49412000.0,31770000.0,26505000.0,31517000.0,11512000.0,19981000.0,967000.0,5128000.0
20240527,-2188230.0,12355060.0,11363880.0,8584450.0,7387390.0,4907850.0,5998610.0,1645390.0,2742860.0,32022000.0,29431000.0,22242000.0,19131000.0,12715000.0,15549000.0,4250000.0,7117000.0
20240528,1448610.0,14004900.0,14385180.0,8519040.0,9587380.0,4144730.0,4840730.0,3073700.0,929090.0,35788000.0,36733000.0,21774000.0,24503000.0,10572000.0,12365000.0,7846000.0,2379000.0
20240529,691410.0,7938850.0,8739840.0,4168050.0,4058460.0,1632940.0,1290020.0,569010.0,220520.0,20339000.0,22393000.0,10679000.0,10397000.0,4185000.0,3304000.0,1457000.0,565000.0
20240530,390220.0,18711780.0,19696680.0,15645230.0,15050540.0,9078960.0,7026640.0,985560.0,2647660.0,47221000.0,49698000.0,39411000.0,37905000.0,22866000.0,17694000.0,2489000.0,6690000.0
20240531,-569210.0,13361630.0,13402070.0,8518040.0,7908390.0,3989640.0,4006900.0,823920.0,1375870.0,33638000.0,33735000.0,21440000.0,19904000.0,10044000.0,10092000.0,2075000.0,3466000.0
20240603,-1701560.0,13132000.0,11198790.0,8592330.0,8823970.0,3811900.0,5103200.0,536220.0,946480.0,32957000.0,28102000.0,21564000.0,22148000.0,9561000.0,12805000.0,1343000.0,2371000.0
20240604,-251020.0,24521720.0,22783410.0,24256410.0,25743700.0,15124030.0,14263690.0,3137400.0,4248760.0,60239000.0,55978000.0,59599000.0,63273000.0,37180000.0,35086000.0,7738000.0,10419000.0
20240605,-6662050.0,37276810.0,28518290.0,36406760.0,38503230.0,18977490.0,25936190.0,8484770.0,8188120.0,88963000.0,68156000.0,87007000.0,91998000.0,45378000.0,61890000.0,20215000.0,19519000.0
20240606,-1799510.0,19369460.0,18769080.0,16250930.0,15051800.0,8095410.0,7996440.0,1960160.0,3858640.0,46802000.0,45337000.0,39253000.0,36336000.0,19541000.0,19312000.0,4719000.0,9331000.0
20240607,-910740.0,16502650.0,16986980.0,17956780.0,16561690.0,9361200.0,9482160.0,1134900.0,1924680.0,39912000.0,41036000.0,43375000.0,39999000.0,22603000.0,22918000.0,2737000.0,4675000.0
20240611,-5427070.0,31656530.0,26651210.0,25835820.0,25414070.0,10186230.0,15227170.0,3146270.0,3532400.0,75707000.0,63643000.0,61548000.0,60624000.0,24266000.0,36320000.0,7449000.0,8382000.0
20240612,2514990.0,16197250.0,17283900.0,13235150.0,14663460.0,9665560.0,7180990.0,2672710.0,2642290.0,38516000.0,41082000.0,31469000.0,34881000.0,22977000.0,17058000.0,6349000.0,6289000.0
20240613,-2308280.0,16886100.0,14601330.0,13804550.0,13781040.0,7951090.0,8782540.0,2591530.0,4068360.0,40258000.0,34783000.0,32899000.0,32840000.0,18937000.0,20933000.0,6185000.0,9724000.0
20240614,-5732680.0,24130650.0,16078250.0,15839340.0,18159050.0,6935820.0,10883910.0,1173530.0,2958120.0,58697000.0,39115000.0,38529000.0,44178000.0,16870000.0,26476000.0,2861000.0,7187000.0
20240617,-2819420.0,21223330.0,18379180.0,19867060.0,19891790.0,10116550.0,10040140.0,2635780.0,5531610.0,50770000.0,43965000.0,47550000.0,47611000.0,24223000.0,24014000.0,6301000.0,13253000.0
20240618,1209850.0,14973550.0,14374150.0,11653830.0,13463090.0,6613720.0,5715850.0,1769860.0,1457880.0,36196000.0,34717000.0,28159000.0,32551000.0,15985000.0,13808000.0,4254000.0,3518000.0
20240619,-232240.0,13795480.0,11588300.0,11202550.0,13177490.0,8215720.0,6496110.0,780760.0,2732610.0,33735000.0,28315000.0,27418000.0,32233000.0,20075000.0,15893000.0,1916000.0,6703000.0
20240620,-77250.0,10420630.0,10037210.0,6608780.0,6914950.0,4040630.0,4052300.0,666040.0,731620.0,25728000.0,24774000.0,16319000.0,17073000.0,9973000.0,10003000.0,1641000.0,1811000.0
20240621,-2127700.0,11804130.0,9382530.0,7199800.0,7493720.0,2656870.0,4328270.0,781180.0,1237480.0,29357000.0,23328000.0,17901000.0,18632000.0,6611000.0,10770000.0,1943000.0,3082000.0
20240624,-1702930.0,16157470.0,14699950.0,7523430.0,7278020.0,3962350.0,5096360.0,907150.0,1476070.0,40421000.0,36759000.0,18822000.0,18204000.0,9911000.0,12753000.0,2279000.0,3717000.0
20240625,-3321790.0,23926470.0,17014490.0,11693560.0,15283750.0,5625410.0,7328830.0,678120.0,2296490.0,61490000.0,43693000.0,30023000.0,39261000.0,14462000.0,18860000.0,1736000.0,5897000.0
20240626,82490.0,14130860.0,13726360.0,9686230.0,10173220.0,5165700.0,4120560.0,1099470.0,2062120.0,36295000.0,35254000.0,24867000.0,26135000.0,13256000.0,10568000.0,2817000.0,5278000.0
20240627,-2094080.0,20630550.0,16060600.0,12603020.0,15078890.0,5081570.0,7313170.0,949510.0,811990.0,53762000.0,41844000.0,32860000.0,39298000.0,13250000.0,19088000.0,2476000.0,2118000.0
20240628,-5907910.0,36788080.0,28803760.0,20977980.0,23054380.0,8377290.0,12487750.0,1009460.0,2806910.0,93008000.0,72850000.0,53073000.0,58312000.0,21207000.0,31566000.0,2545000.0,7103000.0
20240701,1691420.0,21818610.0,24554860.0,13861080.0,12816260.0,6948860.0,5099000.0,561210.0,719650.0,54863000.0,61740000.0,34814000.0,32195000.0,17457000.0,12797000.0,1409000.0,1811000.0
20240702,-1159740.0,15818650.0,18575990.0,16613070.0,12695990.0,6587400.0,7036760.0,1581600.0,2291980.0,39587000.0,46450000.0,41513000.0,31698000.0,16461000.0,17604000.0,3937000.0,5744000.0
20240703,-2552380.0,18549350.0,14917420.0,9130160.0,10209710.0,3009140.0,4627030.0,98130.0,1032620.0,46829000.0,37647000.0,23036000.0,25765000.0,7590000.0,11682000.0,249000.0,2610000.0
20240704,-3169190.0,21674510.0,18845760.0,17446100.0,17105670.0,5214640.0,8967530.0,2205230.0,1621530.0,54167000.0,47090000.0,43572000.0,42736000.0,13021000.0,22391000.0,5515000.0,4060000.0
20240705,-982100.0,17059630.0,14040730.0,8168960.0,10205760.0,3618820.0,3817080.0,670940.0,1454780.0,42901000.0,35311000.0,20562000.0,25674000.0,9116000.0,9620000.0,1678000.0,3652000.0
20240708,-3065750.0,18274470.0,13807540.0,8566260.0,9967430.0,3277410.0,5323230.0,1270660.0,2290590.0,45755000.0,34574000.0,21442000.0,24948000.0,8199000.0,13329000.0,3177000.0,5722000.0
20240709,143110.0,18203710.0,16826900.0,13761730.0,15281650.0,8068710.0,8685810.0,2271390.0,1511180.0,46015000.0,42505000.0,34781000.0,38616000.0,20396000.0,21969000.0,5729000.0,3831000.0
20240710,-4122350.0,17871330.0,14424360.0,14743810.0,14068440.0,6807800.0,9157530.0,846300.0,2618920.0,44931000.0,36247000.0,37012000.0,35317000.0,17092000.0,22999000.0,2124000.0,6596000.0
20240711,1036410.0,12800330.0,15118400.0,13808090.0,12526420.0,7843370.0,5997240.0,469590.0,1279310.0,31723000.0,37463000.0,34222000.0,31046000.0,19423000.0,14860000.0,1163000.0,3162000.0
20240712,2286450.0,8175570.0,10236220.0,8326600.0,8552400.0,6815000.0,5017260.0,2047520.0,1558810.0,20231000.0,25328000.0,20603000.0,21148000.0,16845000.0,12403000.0,5060000.0,3860000.0
20240715,-1148340.0,11358880.0,8829000.0,7967990.0,9349540.0,3702390.0,4891160.0,509280.0,468850.0,28330000.0,22017000.0,19859000.0,23302000.0,9220000.0,12185000.0,1264000.0,1169000.0
20240716,-1940330.0,12127560.0,9877730.0,9796570.0,10106070.0,4695500.0,7049110.0,1338990.0,925710.0,30054000.0,24468000.0,24258000.0,25024000.0,11613000.0,17437000.0,3301000.0,2296000.0
20240717,-2096490.0,17967130.0,12720700.0,11350150.0,14500090.0,7950230.0,11119800.0,2212940.0,1139860.0,43992000.0,31125000.0,27778000.0,35483000.0,19433000.0,27211000.0,5406000.0,2789000.0
20240718,1878940.0,25722610.0,21235750.0,22930900.0,29296700.0,19708570.0,22794280.0,8234900.0,3270250.0,61910000.0,51125000.0,55163000.0,70525000.0,47435000.0,54861000.0,19850000.0,7847000.0
20240719,-2440070.0,29258820.0,21392800.0,19631840.0,25057780.0,12779000.0,19237430.0,10296820.0,6278460.0,68993000.0,50405000.0,46331000.0,59032000.0,30097000.0,45308000.0,24100000.0,14776000.0
20240722,-4517010.0,31886150.0,26893010.0,27183670.0,27659790.0,12241750.0,14771800.0,2943490.0,4930450.0,74209000.0,62530000.0,63085000.0,64243000.0,28328000.0,34254000.0,6797000.0,11391000.0
20240723,-2679210.0,26755400.0,20428890.0,19289550.0,22936850.0,10797470.0,12062680.0,1067720.0,2481720.0,63630000.0,48531000.0,45871000.0,54533000.0,25683000.0,28728000.0,2537000.0,5929000.0
20240724,-3566060.0,22384000.0,18455300.0,15520810.0,15883440.0,7439910.0,10489560.0,2079060.0,2595470.0,53115000.0,43770000.0,36810000.0,37652000.0,17653000.0,24899000.0,4920000.0,6177000.0
20240725,-2301850.0,14859720.0,12832750.0,10396940.0,10122080.0,6643810.0,8271770.0,419400.0,1093290.0,35857000.0,30952000.0,25131000.0,24427000.0,16063000.0,20021000.0,1009000.0,2659000.0
20240726,4176080.0,27015850.0,29023120.0,28859800.0,31028630.0,18701550.0,18860130.0,8278270.0,3943610.0,62650000.0,67354000.0,66816000.0,71794000.0,43291000.0,43607000.0,19134000.0,9136000.0
20240729,623600.0,17541370.0,20743780.0,20026520.0,17447720.0,9765030.0,8194480.0,2045870.0,2992820.0,40282000.0,47640000.0,45986000.0,40056000.0,22414000.0,18807000.0,4705000.0,6883000.0
20240730,-4365600.0,17737090.0,17138920.0,17427720.0,13660290.0,7465590.0,8637400.0,816920.0,4010710.0,41282000.0,39866000.0,40537000.0,31772000.0,17383000.0,20111000.0,1906000.0,9359000.0
20240731,-1337340.0,23812980.0,24312710.0,20087060.0,18249980.0,12736940.0,11951710.0,2542940.0,4665510.0,55439000.0,56554000.0,46773000.0,42498000.0,29668000.0,27884000.0,5919000.0,10863000.0
20240801,-359250.0,16924130.0,18000980.0,19564210.0,18128110.0,12413570.0,12320250.0,2004690.0,2457260.0,39042000.0,41427000.0,45074000.0,41760000.0,28609000.0,28436000.0,4591000.0,5692000.0
20240802,-1672290.0,15779480.0,15137040.0,15823700.0,14793850.0,9243160.0,8931200.0,2566620.0,4550870.0,36713000.0,35171000.0,36745000.0,34347000.0,21458000.0,20784000.0,5988000.0,10603000.0
20240805,-1257640.0,16292890.0,16462490.0,13321640.0,11894410.0,7695940.0,7396800.0,937430.0,2494210.0,38418000.0,38810000.0,31405000.0,28031000.0,18130000.0,17425000.0,2216000.0,5903000.0
20240806,3975610.0,25323480.0,23267520.0,17662550.0,23694120.0,12347330.0,11890430.0,5260340.0,1741630.0,59582000.0,54803000.0,41606000.0,55788000.0,29101000.0,27982000.0,12397000.0,4112000.0
20240807,-3279020.0,21866510.0,17807820.0,16198810.0,16978480.0,7104420.0,9021330.0,1047020.0,2409130.0,50883000.0,41420000.0,37660000.0,39473000.0,16517000.0,20980000.0,2430000.0,5617000.0
20240808,-1063970.0,31750540.0,29801280.0,29138450.0,30023740.0,15465350.0,16245070.0,4337330.0,4621580.0,77095000.0,72356000.0,70738000.0,72915000.0,37590000.0,39475000.0,10561000.0,11238000.0
20240809,-5809520.0,20395020.0,16982140.0,14691550.0,12294900.0,7415730.0,10340530.0,669460.0,3554180.0,50243000.0,41851000.0,36170000.0,30268000.0,18241000.0,25453000.0,1644000.0,8726000.0
20240812,-1200660.0,10789740.0,9893080.0,6504210.0,6200200.0,2851980.0,3665060.0,319960.0,707540.0,26630000.0,24415000.0,16067000.0,15313000.0,7054000.0,9065000.0,793000.0,1751000.0
20240813,-1612460.0,12719610.0,12718900.0,11833400.0,10221650.0,3741250.0,4999200.0,407350.0,761860.0,31080000.0,31082000.0,28889000.0,24958000.0,9142000.0,12207000.0,999000.0,1863000.0
20240814,-1467590.0,10533800.0,9477030.0,6444220.0,6033390.0,2274610.0,3558390.0,509940.0,693750.0,25553000.0,22994000.0,15639000.0,14631000.0,5518000.0,8635000.0,1243000.0,1692000.0
20240815,-471080.0,11246000.0,11011230.0,6564710.0,6328380.0,2945240.0,3385000.0,126710.0,158030.0,27441000.0,26880000.0,16028000.0,15439000.0,7196000.0,8269000.0,308000.0,385000.0
20240816,-371040.0,16710940.0,16902210.0,12078480.0,11516170.0,7263100.0,7723150.0,2114600.0,2025590.0,41553000.0,41995000.0,30007000.0,28621000.0,18043000.0,19210000.0,5264000.0,5041000.0
20240819,406460.0,14709750.0,16434080.0,8297960.0,6980100.0,3937880.0,5031850.0,2555090.0,1054660.0,36863000.0,41165000.0,20777000.0,17483000.0,9865000.0,12589000.0,6375000.0,2642000.0
20240820,-2030320.0,21448330.0,22000230.0,11309510.0,8727290.0,4452200.0,5107870.0,1284140.0,2658790.0,54870000.0,56301000.0,28935000.0,22294000.0,11400000.0,13082000.0,3291000.0,6819000.0
20240821,-299060.0,13854860.0,14164710.0,6669750.0,6060840.0,3516120.0,3163610.0,495500.0,1147070.0,35419000.0,36213000.0,17053000.0,15495000.0,8991000.0,8095000.0,1273000.0,2934000.0
20240822,-174220.0,15800590.0,13638920.0,7994090.0,9981530.0,4355330.0,4905040.0,909630.0,534140.0,39997000.0,34505000.0,20228000.0,25253000.0,11009000.0,12415000.0,2289000.0,1350000.0
20240823,-77630.0,14452130.0,14856140.0,7446030.0,6964390.0,3142190.0,3138400.0,709960.0,791380.0,36444000.0,37467000.0,18777000.0,17560000.0,7921000.0,7907000.0,1786000.0,1994000.0
20240826,-3044210.0,21134770.0,18218050.0,12042690.0,11915200.0,5671350.0,9308680.0,2044030.0,1450910.0,54102000.0,46644000.0,30851000.0,30513000.0,14482000.0,23813000.0,5226000.0,3692000.0
20240827,-671230.0,13115690.0,11033780.0,6568880.0,7979570.0,4016970.0,6006210.0,2303050.0,985040.0,33351000.0,28055000.0,16712000.0,20297000.0,10204000.0,15270000.0,5857000.0,2502000.0
20240828,620770.0,16142140.0,15582400.0,11877310.0,13057810.0,5512830.0,8183440.0,5345270.0,2053890.0,39934000.0,38532000.0,29377000.0,32279000.0,13633000.0,20230000.0,13176000.0,5079000.0
20240829,-944700.0,15461800.0,14588190.0,13241380.0,13170290.0,7980550.0,9220800.0,3793430.0,3497880.0,37546000.0,35430000.0,32191000.0,31990000.0,19391000.0,22404000.0,9236000.0,8540000.0
20240830,-95390.0,13700700.0,15273800.0,11167870.0,9499370.0,4299280.0,4762790.0,906210.0,538090.0,33308000.0,37128000.0,27155000.0,23091000.0,10455000.0,11579000.0,2191000.0,1309000.0
20240902,-330020.0,14118560.0,13603700.0,9606370.0,9791230.0,3713490.0,3569320.0,673030.0,1147220.0,34551000.0,33275000.0,23507000.0,23962000.0,9084000.0,8736000.0,1644000.0,2813000.0
20240903,-3537960.0,12818570.0,10423210.0,10068340.0,8925740.0,3572510.0,6735160.0,1564220.0,1939530.0,31092000.0,25284000.0,24425000.0,21648000.0,8661000.0,16335000.0,3792000.0,4703000.0
20240904,-886190.0,8196240.0,7443530.0,5167820.0,5034340.0,2306160.0,2449410.0,66570.0,809510.0,19922000.0,18098000.0,12572000.0,12244000.0,5617000.0,5962000.0,162000.0,1969000.0
20240905,-1122680.0,9188540.0,7584900.0,3836030.0,4316970.0,1957630.0,3052620.0,64680.0,92370.0,22364000.0,18464000.0,9340000.0,10508000.0,4769000.0,7433000.0,157000.0,226000.0
20240906,681720.0,6635590.0,7357410.0,5544410.0,5504300.0,3812730.0,2442880.0,656190.0,1344320.0,16208000.0,17975000.0,13551000.0,13449000.0,9308000.0,5961000.0,1599000.0,3281000.0
20240909,-2399860.0,10237040.0,7613900.0,6923560.0,7146840.0,3580260.0,4516960.0,3220.0,1466380.0,25265000.0,18794000.0,17091000.0,17656000.0,8849000.0,11157000.0,8000.0,3605000.0
20240910,-852700.0,9444240.0,7295870.0,5929450.0,7225120.0,3212590.0,4174230.0,1063980.0,955040.0,23462000.0,18127000.0,14719000.0,17933000.0,7970000.0,10360000.0,2640000.0,2371000.0
20240911,-1485230.0,6917430.0,5124640.0,4053450.0,4361010.0,1438880.0,2765390.0,320430.0,479150.0,17081000.0,12657000.0,10005000.0,10767000.0,3551000.0,6824000.0,792000.0,1183000.0
20240912,893870.0,6129220.0,7065120.0,3958400.0,3916380.0,3286400.0,2235620.0,1390860.0,1547770.0,15102000.0,17414000.0,9760000.0,9650000.0,8102000.0,5509000.0,3435000.0,3826000.0
20240913,18750.0,7583730.0,7789100.0,3734930.0,3548300.0,2455590.0,2366100.0,41730.0,112470.0,18708000.0,19218000.0,9215000.0,8753000.0,6058000.0,5836000.0,103000.0,278000.0
20240918,-1258260.0,12679080.0,9949580.0,6541280.0,8012520.0,3431600.0,4039980.0,793190.0,1443070.0,31628000.0,24787000.0,16296000.0,19969000.0,8542000.0,10067000.0,1979000.0,3623000.0
20240919,1725490.0,22594990.0,20639880.0,12019960.0,15700570.0,6155380.0,3614210.0,1548420.0,2364100.0,57661000.0,52664000.0,30657000.0,40056000.0,15691000.0,9214000.0,3946000.0,6022000.0
20240920,-4693880.0,24578250.0,19431820.0,14797420.0,15249970.0,9306900.0,10100390.0,3178260.0,7078650.0,64183000.0,50758000.0,38694000.0,39850000.0,24406000.0,26432000.0,8343000.0,18587000.0
20240923,-839910.0,13265380.0,12507040.0,9150220.0,9068650.0,3518110.0,4114120.0,248360.0,492260.0,34244000.0,32295000.0,23620000.0,23412000.0,9088000.0,10617000.0,639000.0,1267000.0
20240924,-1474370.0,23053940.0,21954410.0,14348080.0,13973240.0,8794320.0,8373510.0,1448050.0,3343230.0,59490000.0,56647000.0,37030000.0,35997000.0,22643000.0,21576000.0,3701000.0,8643000.0
20240925,-570550.0,21353950.0,22212130.0,19269740.0,17841010.0,8837220.0,9322290.0,3484850.0,3570330.0,53319000.0,55473000.0,48054000.0,44486000.0,22049000.0,23250000.0,8674000.0,8887000.0
20240926,-5010180.0,23743270.0,17960610.0,15400340.0,16172810.0,10805340.0,11828890.0,3370260.0,7356890.0,59234000.0,44772000.0,38366000.0,40254000.0,26906000.0,29467000.0,8370000.0,18383000.0
20240927,1615430.0,16596580.0,16724710.0,17718710.0,19206000.0,13219580.0,13604400.0,5564050.0,3563800.0,39474000.0,39755000.0,42172000.0,45684000.0,31413000.0,32351000.0,13212000.0,8480000.0
20240930,1525880.0,41941920.0,40513490.0,49595090.0,52549410.0,38577460.0,43657730.0,27150070.0,20543920.0,92187000.0,88734000.0,108681000.0,115061000.0,84218000.0,95495000.0,59034000.0,44831000.0
20241008,-10959910.0,52152350.0,46737770.0,72548540.0,67003220.0,53029340.0,55858920.0,28917630.0,37047960.0,103110000.0,92275000.0,143095000.0,132114000.0,104523000.0,110170000.0,56811000.0,72979000.0
20241009,-9055460.0,49282500.0,44748980.0,54550690.0,50028740.0,35198700.0,36601570.0,9935130.0,17587720.0,100349000.0,91032000.0,111220000.0,102028000.0,71785000.0,74663000.0,20273000.0,35903000.0
20241010,24299110.0,46261400.0,61480840.0,68587330.0,77667010.0,44517910.0,31232550.0,17236920.0,6223170.0,96229000.0,127502000.0,142182000.0,160908000.0,91983000.0,64455000.0,35398000.0,12928000.0
20241011,-2607680.0,39856920.0,37524770.0,47946170.0,47670640.0,28499540.0,29175450.0,6748270.0,8680040.0,87105000.0,81991000.0,104715000.0,104092000.0,62251000.0,63792000.0,14759000.0,18954000.0
20241014,4030330.0,46776110.0,47080190.0,64074890.0,67801140.0,48142420.0,42531270.0,12333310.0,13914130.0,98928000.0,99615000.0,135577000.0,143373000.0,101732000.0,89802000.0,26013000.0,29461000.0
20241015,-5265830.0,36807200.0,33311320.0,45011120.0,43241170.0,25589130.0,26309730.0,5324660.0,9869890.0,78736000.0,71175000.0,96307000.0,92509000.0,54751000.0,56347000.0,11378000.0,21141000.0
20241016,-562370.0,27072980.0,27542050.0,27847470.0,26816030.0,15855920.0,13467440.0,1899100.0,4849950.0,59066000.0,60085000.0,60780000.0,58523000.0,34626000.0,29407000.0,4147000.0,10604000.0
20241017,-269730.0,24964590.0,21530960.0,22340370.0,25504270.0,14965430.0,12789210.0,3151450.0,5597400.0,54092000.0,46634000.0,48400000.0,55243000.0,32418000.0,27713000.0,6825000.0,12145000.0
20241018,-6032740.0,36358610.0,31496510.0,41291830.0,40121190.0,24176760.0,30341250.0,7418000.0,7286250.0,77618000.0,67270000.0,88237000.0,85581000.0,51571000.0,64729000.0,15767000.0,15613000.0
20241021,1143030.0,44300720.0,52255360.0,71574670.0,64763060.0,50259830.0,53551030.0,16970320.0,12536090.0,90007000.0,106026000.0,144950000.0,131273000.0,101921000.0,108600000.0,34341000.0,25320000.0
20241022,61150.0,33302420.0,32804590.0,38776370.0,39335340.0,28303930.0,26484290.0,6153780.0,7912270.0,68851000.0,67784000.0,80132000.0,81227000.0,58439000.0,54713000.0,12699000.0,16396000.0
20241023,14840980.0,41195960.0,46439270.0,62504890.0,72102560.0,45354850.0,41300620.0,18482890.0,7696140.0,83735000.0,94169000.0,126736000.0,146247000.0,91883000.0,83668000.0,37332000.0,15600000.0
20241024,-10042380.0,31089620.0,22439230.0,40777140.0,39385140.0,26589400.0,30097230.0,3179630.0,9714180.0,65431000.0,47162000.0,85780000.0,82875000.0,55912000.0,63335000.0,6719000.0,20469000.0
20241025,-3387960.0,31523640.0,25354470.0,37521870.0,40303090.0,22123370.0,23390960.0,5938450.0,8058820.0,66903000.0,53787000.0,79639000.0,85549000.0,46941000.0,49631000.0,12595000.0,17111000.0
20241028,2088170.0,25547690.0,27929320.0,32868150.0,32574700.0,22028360.0,19808620.0,4923920.0,5055490.0,53336000.0,58273000.0,68612000.0,67976000.0,45951000.0,41346000.0,10265000.0,10568000.0
20241029,-3475900.0,26036110.0,20909370.0,23607640.0,25258470.0,14352520.0,13583740.0,4273480.0,8518160.0,54785000.0,43991000.0,49678000.0,53128000.0,30174000.0,28587000.0,8994000.0,17925000.0
20241030,3100230.0,21414930.0,26871270.0,29678040.0,27321940.0,17414100.0,16112980.0,4893260.0,3094150.0,45147000.0,56630000.0,62536000.0,57542000.0,36683000.0,33952000.0,10292000.0,6533000.0
20241031,-6061830.0,40409790.0,35091970.0,47458890.0,46714880.0,27708230.0,26842390.0,6570570.0,13498240.0,87087000.0,75524000.0,102235000.0,100660000.0,59696000.0,57782000.0,14159000.0,29211000.0
20241101,-3504910.0,29518980.0,23605310.0,24214290.0,26623060.0,13409700.0,15670250.0,2596670.0,3841030.0,64169000.0,51302000.0,52625000.0,57868000.0,29143000.0,34062000.0,5649000.0,8354000.0
20241104,14913530.0,46410070.0,52235570.0,60771270.0,69859300.0,46992640.0,47305390.0,25719090.0,10492810.0,96487000.0,108503000.0,126345000.0,145205000.0,97629000.0,98296000.0,53335000.0,21791000.0
20241105,32510340.0,2648410.0,16570820.0,8332460.0,26920380.0,16316490.0,31850660.0,110478130.0,62433620.0,4946000.0,30932000.0,15562000.0,50247000.0,30476000.0,59449000.0,206107000.0,116463000.0
20241106,-11609480.0,20150270.0,15898050.0,39248570.0,31891310.0,44832060.0,57367390.0,223370710.0,222444860.0,34156000.0,26950000.0,66528000.0,54062000.0,75990000.0,97237000.0,378602000.0,377028000.0
20241107,-95479540.0,146573480.0,93986140.0,228370250.0,185478050.0,209473960.0,227743010.0,109679940.0,186890430.0,267747000.0,171186000.0,416441000.0,338114000.0,381404000.0,414746000.0,200153000.0,341699000.0
20241108,65121610.0,138307880.0,156407690.0,241834100.0,288855920.0,260497920.0,285176170.0,294709590.0,204909730.0,234219000.0,263677000.0,409169000.0,487674000.0,440331000.0,481259000.0,491948000.0,343055000.0
20241111,-111963000.0,161485070.0,99254650.0,246847510.0,197114930.0,210129700.0,225547840.0,114542860.0,211087720.0,270816000.0,166162000.0,413855000.0,330232000.0,352206000.0,377910000.0,191581000.0,354154000.0
20241112,-140761940.0,180100880.0,94565320.0,223327470.0,168101080.0,166126170.0,204893880.0,61067260.0,163061490.0,321414000.0,168482000.0,398442000.0,299316000.0,296271000.0,365316000.0,108505000.0,291519000.0
20241113,-21568600.0,83688870.0,67645000.0,112840990.0,107316270.0,88668140.0,91155120.0,33031280.0,52112900.0,155000000.0,125071000.0,208832000.0,198550000.0,163963000.0,168652000.0,61051000.0,96572000.0
20241114,-35807210.0,83046760.0,52417500.0,101400530.0,96222580.0,68456500.0,74755480.0,27491540.0,56999770.0,156444000.0,98654000.0,191001000.0,181211000.0,128967000.0,140734000.0,51917000.0,107730000.0
20241115,-20347250.0,63264100.0,50426880.0,86502130.0,78992100.0,56841280.0,63415790.0,21154530.0,34927270.0,122690000.0,97587000.0,167724000.0,153041000.0,110078000.0,122946000.0,40984000.0,67904000.0
20241118,-18989310.0,61817800.0,53637050.0,89325440.0,78516860.0,67340630.0,70995920.0,18758240.0,34092260.0,122229000.0,105586000.0,176234000.0,154756000.0,132832000.0,140337000.0,36880000.0,67495000.0
20241119,-8522450.0,58675240.0,55343070.0,76511560.0,71321280.0,51133260.0,56803410.0,18434300.0,21286600.0,119275000.0,112220000.0,155222000.0,144679000.0,103634000.0,115224000.0,37237000.0,43244000.0
20241120,5431320.0,45933880.0,48573200.0,69553410.0,72345400.0,50569620.0,52557820.0,23968420.0,16548900.0,91767000.0,96864000.0,138729000.0,144148000.0,100804000.0,104942000.0,47796000.0,33140000.0
20241121,-8675970.0,40921520.0,33173530.0,50165390.0,49237410.0,31811550.0,39480680.0,10105090.0,11111930.0,81787000.0,66269000.0,100214000.0,98352000.0,63550000.0,78901000.0,20186000.0,22217000.0
20241122,-4251030.0,53264630.0,51123600.0,74672000.0,72561990.0,61866270.0,65664840.0,26615430.0,27067890.0,106243000.0,101712000.0,148549000.0,144388000.0,122860000.0,130508000.0,52968000.0,54012000.0
20241125,-14461380.0,55219030.0,42795700.0,62636850.0,60598810.0,38429100.0,46640620.0,13029400.0,19279260.0,115676000.0,89563000.0,131120000.0,126864000.0,80395000.0,97604000.0,27225000.0,40386000.0
20241126,-4756760.0,34544940.0,28194020.0,33426530.0,35020690.0,17482990.0,22519430.0,3543320.0,3263640.0,72039000.0,58771000.0,69716000.0,73037000.0,36448000.0,46962000.0,7385000.0,6817000.0
20241127,10346960.0,45669450.0,54020470.0,58232710.0,60228650.0,43788280.0,37700520.0,15895070.0,11635870.0,94050000.0,110990000.0,119712000.0,123772000.0,89869000.0,77566000.0,32588000.0,23890000.0
20241128,-8274830.0,41317740.0,32599000.0,40233970.0,40677870.0,25435440.0,30584800.0,5891550.0,9017020.0,83657000.0,65954000.0,81450000.0,82358000.0,51463000.0,61913000.0,11936000.0,18281000.0
20241129,-166660.0,41625640.0,37297460.0,39532230.0,43693750.0,27125390.0,27623490.0,9723350.0,9391910.0,84799000.0,75887000.0,80569000.0,88920000.0,55215000.0,56233000.0,19683000.0,19225000.0
20241202,-7151030.0,38722990.0,33796530.0,40759220.0,38534650.0,24947080.0,30619900.0,8644110.0,10122320.0,77941000.0,68004000.0,82070000.0,77543000.0,50232000.0,61668000.0,17375000.0,20402000.0
20241203,-14012100.0,41844630.0,32057660.0,42631370.0,38406220.0,24261410.0,31385220.0,4815150.0,11703440.0,85882000.0,65762000.0,87456000.0,78785000.0,49789000.0,64417000.0,9900000.0,24064000.0
20241204,-6340430.0,29954760.0,23082540.0,26029790.0,26561580.0,14021180.0,17785680.0,5627540.0,8203470.0,62337000.0,47999000.0,54151000.0,55275000.0,29160000.0,37005000.0,11700000.0,17069000.0
20241205,876700.0,23031960.0,22780120.0,26128540.0,27257070.0,19701900.0,19143830.0,4606410.0,4287780.0,48043000.0,47470000.0,54468000.0,56810000.0,41041000.0,39925000.0,9596000.0,8943000.0
20241206,873480.0,31806090.0,29099390.0,32968540.0,36548720.0,23495640.0,22601350.0,5662700.0,5683510.0,66125000.0,60420000.0,68512000.0,75923000.0,48738000.0,46934000.0,11733000.0,11830000.0
20241209,-13602160.0,31024560.0,21647960.0,32647160.0,28421600.0,18629200.0,26559780.0,4960580.0,10632160.0,65192000.0,45513000.0,68598000.0,59738000.0,39171000.0,55779000.0,10417000.0,22348000.0
20241210,1775260.0,43789410.0,36570660.0,36919030.0,45913040.0,31496980.0,30089120.0,9935870.0,9568470.0,89860000.0,74981000.0,75801000.0,94161000.0,64553000.0,61750000.0,20327000.0,19649000.0
20241211,463300.0,26830060.0,26268120.0,29750320.0,30775550.0,17117190.0,18532160.0,5804740.0,3926470.0,55759000.0,54558000.0,61792000.0,63918000.0,35546000.0,38524000.0,12081000.0,8179000.0
20241212,4689630.0,62342840.0,63133240.0,81409260.0,85308480.0,66117580.0,61546480.0,22480420.0,22361890.0,124140000.0,125730000.0,162127000.0,169930000.0,131774000.0,122637000.0,44808000.0,44551000.0
20241213,-10487550.0,43499930.0,36677700.0,48828110.0,45162780.0,28592950.0,32916320.0,7867470.0,14031650.0,88382000.0,74534000.0,99180000.0,91809000.0,58050000.0,66806000.0,16004000.0,28467000.0
20241216,3431540.0,32563680.0,32567090.0,34439170.0,37867300.0,29484940.0,28445210.0,7488840.0,5097030.0,66113000.0,66088000.0,69909000.0,76838000.0,59845000.0,57769000.0,15184000.0,10356000.0
20241217,823520.0,27196840.0,26037450.0,26698240.0,28681150.0,19359630.0,18227480.0,4810900.0,5119530.0,54890000.0,52527000.0,53880000.0,57862000.0,39041000.0,36772000.0,9692000.0,10342000.0
20241218,-847670.0,34001180.0,31529610.0,39549760.0,41173650.0,27037830.0,26622520.0,6542110.0,7805090.0,67777000.0,62840000.0,78832000.0,82063000.0,53872000.0,53056000.0,13021000.0,15544000.0
20241219,-3215440.0,27160110.0,20578080.0,30759150.0,34125740.0,21730300.0,21437040.0,3541510.0,7050210.0,55135000.0,41763000.0,62458000.0,69296000.0,44123000.0,43532000.0,7201000.0,14327000.0
20241220,-477080.0,24027540.0,22040390.0,27641880.0,29151950.0,19826360.0,19410580.0,7657830.0,8550690.0,48051000.0,44082000.0,55283000.0,58294000.0,39646000.0,38828000.0,15319000.0,17094000.0
20241223,-9459760.0,31886200.0,20445980.0,33690230.0,35670690.0,17027230.0,21045180.0,3358130.0,8799940.0,65021000.0,41676000.0,68672000.0,72656000.0,34678000.0,42903000.0,6844000.0,17981000.0
20241224,2369480.0,23224380.0,20051110.0,17787250.0,23329980.0,11818960.0,9822100.0,3107380.0,2734760.0,47989000.0,41425000.0,36754000.0,48204000.0,24414000.0,20295000.0,6420000.0,5652000.0
20241225,-4390250.0,21938150.0,18229140.0,21434980.0,20753750.0,12149590.0,12734600.0,2823950.0,6629190.0,45424000.0,37716000.0,44384000.0,42946000.0,25145000.0,26392000.0,5836000.0,13733000.0
20241226,9526600.0,44738560.0,51190970.0,51401110.0,54475300.0,43713900.0,39814400.0,24572710.0,18945610.0,89618000.0,102551000.0,102848000.0,108966000.0,87414000.0,79619000.0,49142000.0,37887000.0
20241227,-12829970.0,58580090.0,49723620.0,74922250.0,70948750.0,56425870.0,68998710.0,31067470.0,31324600.0,114560000.0,97191000.0,146447000.0,138654000.0,110276000.0,134925000.0,60535000.0,61047000.0
20241230,-7986620.0,40315810.0,38626470.0,48130950.0,41833660.0,30081360.0,31665330.0,7569160.0,13971810.0,80074000.0,76586000.0,95428000.0,82912000.0,59668000.0,62896000.0,14998000.0,27774000.0
20241231,-4848210.0,47364880.0,47357280.0,61216060.0,56375460.0,41985820.0,39741450.0,9856120.0,16948700.0,93835000.0,93716000.0,121218000.0,111519000.0,83010000.0,78697000.0,19479000.0,33611000.0
20250102,-11968930.0,43028580.0,34935460.0,42333990.0,38458190.0,22875870.0,29112330.0,5266290.0,10998760.0,88345000.0,71670000.0,86826000.0,78910000.0,46908000.0,59750000.0,10830000.0,22578000.0
20250103,-1874460.0,30685610.0,29338060.0,30297970.0,29771070.0,20181420.0,21587090.0,5550040.0,6018830.0,65022000.0,62138000.0,64141000.0,63020000.0,42802000.0,45746000.0,11743000.0,12804000.0
20250106,-3866110.0,23061330.0,20975040.0,22473030.0,20693210.0,14339230.0,16003070.0,3294760.0,5497030.0,50346000.0,45769000.0,49040000.0,45207000.0,31351000.0,34961000.0,7183000.0,11984000.0
20250107,1249890.0,14710480.0,15952240.0,17165520.0,17173650.0,11884290.0,9880560.0,1216250.0,1970090.0,31897000.0,34565000.0,37207000.0,37213000.0,25754000.0,21430000.0,2632000.0,4282000.0
20250108,-6902570.0,34871900.0,36122920.0,36851430.0,28697840.0,20980690.0,23641230.0,4229450.0,8471480.0,77896000.0,80819000.0,82331000.0,63954000.0,46893000.0,52801000.0,9449000.0,18995000.0
20250109,8138910.0,37365780.0,42977790.0,53171800.0,55698690.0,39230360.0,40964770.0,25163190.0,15289870.0,79841000.0,91356000.0,113416000.0,118577000.0,83003000.0,86917000.0,52404000.0,31812000.0
20250110,-2590800.0,27069240.0,25786970.0,33288950.0,31980400.0,19894240.0,19534930.0,2852040.0,5802150.0,56962000.0,54196000.0,69956000.0,67215000.0,41774000.0,41080000.0,6017000.0,12218000.0
20250113,-2563050.0,24089830.0,22199620.0,22932680.0,22259830.0,10894590.0,11348120.0,3197590.0,5307110.0,51183000.0,47162000.0,48719000.0,47273000.0,23106000.0,24113000.0,6772000.0,11232000.0
20250114,1063250.0,23806420.0,24622160.0,26872640.0,27120150.0,18574690.0,16610800.0,2965970.0,3866610.0,49755000.0,51485000.0,56188000.0,56696000.0,38822000.0,34696000.0,6205000.0,8093000.0
20250115,-853980.0,16998600.0,18963560.0,18522480.0,15703540.0,11915740.0,10656430.0,862820.0,2976110.0,35602000.0,39704000.0,38772000.0,32868000.0,24938000.0,22303000.0,1811000.0,6247000.0
20250116,-3708880.0,15913790.0,13763980.0,16062610.0,14503540.0,8573530.0,9821350.0,1414710.0,3875770.0,33597000.0,29044000.0,33899000.0,30594000.0,18083000.0,20739000.0,2984000.0,8187000.0
20250117,2999040.0,18962460.0,20359900.0,23402050.0,25003640.0,17278370.0,14611380.0,4028680.0,3696630.0,39811000.0,42723000.0,49112000.0,52449000.0,36212000.0,30654000.0,8472000.0,7781000.0
20250120,1589030.0,15504550.0,16309760.0,19429300.0,20213120.0,12856970.0,11827140.0,2255800.0,1696600.0,32512000.0,34187000.0,40726000.0,42370000.0,26944000.0,24794000.0,4726000.0,3556000.0
20250121,-2069700.0,18571440.0,17698790.0,19560680.0,18363640.0,10650970.0,9667920.0,1676380.0,4729130.0,39397000.0,37520000.0,41500000.0,38958000.0,22577000.0,20498000.0,3540000.0,10037000.0
20250122,-4824470.0,32753200.0,26279080.0,28253280.0,29902930.0,13282440.0,17137430.0,2443920.0,3413400.0,71058000.0,56993000.0,61233000.0,64813000.0,28781000.0,37158000.0,5295000.0,7403000.0
20250123,-1473870.0,21874490.0,20196360.0,22291460.0,22495710.0,12744400.0,13157340.0,3661320.0,4722250.0,46483000.0,42911000.0,47346000.0,47776000.0,27076000.0,27950000.0,7776000.0,10045000.0
20250124,-2465410.0,20687830.0,17009550.0,14917090.0,16129970.0,8080330.0,10404020.0,1337830.0,1479550.0,44036000.0,36208000.0,31764000.0,34339000.0,17205000.0,22151000.0,2840000.0,3148000.0
20250127,-1312770.0,11968770.0,11517350.0,11312050.0,10450710.0,6244140.0,6996240.0,2689640.0,3250310.0,25573000.0,24597000.0,24178000.0,22326000.0,13340000.0,14956000.0,5743000.0,6955000.0
20250205,2665560.0,18630180.0,20537610.0,18782930.0,19541070.0,9809690.0,10080130.0,5843880.0,2907880.0,40253000.0,44369000.0,40582000.0,42207000.0,21182000.0,21769000.0,12622000.0,6296000.0
20250206,1042720.0,30789900.0,26523600.0,28723540.0,34032560.0,21908790.0,20480490.0,7524870.0,7910450.0,65155000.0,56061000.0,60719000.0,71889000.0,46222000.0,43277000.0,15889000.0,16759000.0
20250207,-1043200.0,24120240.0,24163810.0,30952080.0,29865310.0,19563540.0,20761530.0,6359730.0,6204940.0,50366000.0,50458000.0,64621000.0,62326000.0,40823000.0,43332000.0,13274000.0,12968000.0
20250210,-6585820.0,25797630.0,19317770.0,23205980.0,23100020.0,13388030.0,17787990.0,2617580.0,4803440.0,53678000.0,40191000.0,48310000.0,48078000.0,27879000.0,37038000.0,5445000.0,10004000.0
20250211,-5524920.0,19430480.0,15565250.0,21472910.0,19813220.0,11591020.0,14545180.0,2423540.0,4994300.0,40888000.0,32729000.0,45187000.0,41686000.0,24387000.0,30629000.0,5107000.0,10524000.0
20250212,-7663400.0,21845400.0,15594220.0,23148160.0,21735940.0,9356450.0,16360290.0,2390730.0,3050290.0,46560000.0,33217000.0,49343000.0,46310000.0,19930000.0,34898000.0,5100000.0,6508000.0
20250213,-1589110.0,29344900.0,27748540.0,29649620.0,29656870.0,18419460.0,18695370.0,3206150.0,4519350.0,61703000.0,58297000.0,62312000.0,62303000.0,38685000.0,39306000.0,6720000.0,9515000.0
20250214,-12530710.0,29469900.0,21381140.0,34334370.0,29892410.0,17018380.0,24001200.0,1910240.0,7458130.0,63473000.0,46079000.0,73947000.0,64387000.0,36662000.0,51685000.0,4117000.0,16047000.0
20250217,-15266110.0,40904170.0,31262310.0,46900350.0,41276090.0,22273440.0,34718830.0,5065640.0,7886360.0,89760000.0,68629000.0,102861000.0,90480000.0,48829000.0,76137000.0,11094000.0,17298000.0
20250218,-10843550.0,28751420.0,20990850.0,31161970.0,28078990.0,15532920.0,22250200.0,3352210.0,7478480.0,64068000.0,46786000.0,69437000.0,62558000.0,34627000.0,49583000.0,7473000.0,16678000.0
20250219,-2867530.0,18212360.0,15347010.0,22614930.0,22612760.0,14207980.0,19442730.0,4626710.0,2259490.0,40645000.0,34251000.0,50474000.0,50466000.0,31704000.0,43390000.0,10320000.0,5037000.0
20250220,3335140.0,23675440.0,22665460.0,29300230.0,33645330.0,18095820.0,15883370.0,4414370.0,3291680.0,52397000.0,50139000.0,64838000.0,74405000.0,40008000.0,35141000.0,9748000.0,7305000.0
20250221,-7452150.0,32089190.0,28149730.0,44937300.0,41424600.0,23754760.0,25316470.0,3725610.0,9616050.0,70425000.0,61676000.0,98444000.0,90796000.0,52077000.0,55525000.0,8178000.0,21126000.0
20250224,207270.0,19759540.0,20958200.0,21504470.0,20513070.0,13129470.0,12769130.0,3575480.0,3728550.0,43434000.0,46071000.0,47259000.0,45078000.0,28844000.0,28053000.0,7865000.0,8200000.0
20250225,-11117840.0,32269860.0,22619920.0,33268290.0,31800390.0,20039720.0,29392130.0,6741720.0,8507150.0,72172000.0,50553000.0,74439000.0,71110000.0,44834000.0,65809000.0,15070000.0,19044000.0
20250226,-7806550.0,31356690.0,23353190.0,34574500.0,34771450.0,22073100.0,27999790.0,4030780.0,5910640.0,70997000.0,52846000.0,78289000.0,78726000.0,49988000.0,63431000.0,9122000.0,13394000.0
20250227,-2122600.0,28367000.0,28484150.0,28209990.0,25970240.0,18857630.0,20713010.0,4944260.0,5211480.0,64625000.0,64850000.0,64259000.0,59105000.0,42931000.0,47179000.0,11233000.0,11913000.0
20250228,998600.0,27949250.0,31766770.0,29176000.0,26357080.0,17305070.0,17332280.0,5068440.0,4042630.0,63769000.0,72458000.0,66531000.0,60059000.0,39436000.0,39510000.0,11522000.0,9230000.0
20250303,-1100450.0,18640920.0,17986050.0,18198250.0,17752670.0,12387700.0,12499820.0,2499310.0,3487640.0,42680000.0,41187000.0,41686000.0,40644000.0,28381000.0,28640000.0,5719000.0,7995000.0
20250304,8627910.0,32950630.0,38295950.0,45775250.0,49057850.0,36112900.0,31407930.0,13121590.0,9198650.0,74083000.0,86016000.0,102800000.0,110129000.0,81056000.0,70539000.0,29384000.0,20639000.0
20250305,-7085800.0,27102700.0,22193900.0,27237450.0,25060460.0,15111440.0,19356820.0,3270460.0,6110880.0,60934000.0,49938000.0,61236000.0,56318000.0,33977000.0,43494000.0,7348000.0,13745000.0
20250306,-5994810.0,23219400.0,16783630.0,25279910.0,25720870.0,14882720.0,19040380.0,3763170.0,5600320.0,52408000.0,37876000.0,57066000.0,58044000.0,33581000.0,42969000.0,8489000.0,12656000.0
20250307,3410780.0,47847660.0,50241750.0,66414160.0,67430840.0,49274850.0,48246880.0,14937990.0,12555180.0,105095000.0,110311000.0,145824000.0,147976000.0,108222000.0,105958000.0,32793000.0,27689000.0
20250310,-4133440.0,31041130.0,28693400.0,31209100.0,29423400.0,22543230.0,25691300.0,5079610.0,6064980.0,68194000.0,62984000.0,68460000.0,64505000.0,49384000.0,56359000.0,11143000.0,13333000.0
20250311,12615170.0,33508230.0,40639090.0,52769490.0,58253810.0,39615200.0,34358560.0,15312330.0,7953800.0,73169000.0,88556000.0,115027000.0,127002000.0,86330000.0,74933000.0,33266000.0,17300000.0
20250312,-3223960.0,35272220.0,38791890.0,45324210.0,38580580.0,26436150.0,24672600.0,7867890.0,12855400.0,76770000.0,84485000.0,98557000.0,83831000.0,57478000.0,53571000.0,17049000.0,27967000.0
20250313,-6083190.0,27893510.0,24781890.0,27490390.0,24518830.0,17077870.0,18948180.0,2786530.0,6999410.0,61921000.0,55016000.0,61027000.0,54411000.0,37915000.0,42070000.0,6191000.0,15557000.0
20250314,-1423490.0,28111800.0,28241710.0,32525400.0,30971980.0,20106310.0,17635780.0,5189250.0,9083270.0,62479000.0,62713000.0,72268000.0,68840000.0,44688000.0,39216000.0,11532000.0,20200000.0
20250317,2747060.0,21060460.0,25970810.0,33333930.0,31170640.0,22998170.0,20112430.0,3992370.0,4131050.0,46352000.0,57113000.0,73308000.0,68503000.0,50528000.0,44210000.0,8742000.0,9104000.0
20250318,-6649960.0,21996360.0,18879880.0,26626900.0,23093420.0,17059710.0,19425360.0,3915680.0,8199990.0,48969000.0,42026000.0,59265000.0,51407000.0,37968000.0,43225000.0,8713000.0,18256000.0
20250319,-12697560.0,24837690.0,15344750.0,23979100.0,20774480.0,15867280.0,21653870.0,5399390.0,12310360.0,56083000.0,34637000.0,54144000.0,46908000.0,35832000.0,48885000.0,12216000.0,27845000.0
20250320,4887400.0,20852190.0,22281030.0,27698830.0,31157390.0,20023950.0,16929520.0,5613400.0,3820430.0,46833000.0,49989000.0,62146000.0,69892000.0,44888000.0,37973000.0,12555000.0,8569000.0
20250321,2200170.0,24962910.0,27006960.0,27660900.0,27817020.0,20551900.0,16901720.0,6816960.0,8266970.0,56679000.0,61279000.0,62798000.0,63161000.0,46653000.0,38368000.0,15437000.0,18760000.0
20250324,-1220130.0,21240560.0,23499890.0,21088520.0,17609060.0,11191090.0,12337170.0,1662780.0,1736830.0,48629000.0,53773000.0,48260000.0,40301000.0,25598000.0,28231000.0,3796000.0,3978000.0
20250325,-2393740.0,18304020.0,17441690.0,21191440.0,19660040.0,11448400.0,13223340.0,1772860.0,2391660.0,41678000.0,39710000.0,48256000.0,44748000.0,26065000.0,30126000.0,4030000.0,5446000.0
20250326,830100.0,10946460.0,10943930.0,12577220.0,13409850.0,9182640.0,8565250.0,1813630.0,1600920.0,24978000.0,24967000.0,28696000.0,30594000.0,20944000.0,19536000.0,4136000.0,3657000.0
20250327,-1195450.0,17033130.0,19645230.0,16094900.0,12287350.0,8741730.0,7342150.0,1904930.0,4499960.0,39042000.0,45024000.0,36901000.0,28164000.0,20045000.0,16837000.0,4362000.0,10325000.0
20250328,-2225950.0,21454250.0,23851350.0,21916350.0,17293300.0,11686070.0,10692250.0,1553580.0,4773350.0,49626000.0,55174000.0,50673000.0,39974000.0,27019000.0,24724000.0,3594000.0,11041000.0
20250331,-4760440.0,27735490.0,30108700.0,28337940.0,21204300.0,13406520.0,15286260.0,2597140.0,5477840.0,65233000.0,70828000.0,66646000.0,49864000.0,31528000.0,35943000.0,6114000.0,12886000.0
20250401,-9760170.0,77992900.0,51914820.0,63657160.0,79975070.0,54835100.0,60271090.0,24434800.0,28758980.0,175153000.0,116614000.0,142990000.0,179690000.0,123322000.0,135462000.0,54946000.0,64645000.0
20250402,8771430.0,50715430.0,66029790.0,56351490.0,49808570.0,42141870.0,27533820.0,9101380.0,14938000.0,117296000.0,152772000.0,130239000.0,115058000.0,97291000.0,63517000.0,21068000.0,34547000.0
20250403,-931330.0,20660000.0,21432340.0,21273060.0,19569390.0,13223770.0,12475470.0,3329230.0,5008860.0,48159000.0,49939000.0,49584000.0,45615000.0,30819000.0,29085000.0,7758000.0,11681000.0
20250407,-22160280.0,63024450.0,39189360.0,48658870.0,50333680.0,24913520.0,40158990.0,6221610.0,13136420.0,152700000.0,94954000.0,117953000.0,122053000.0,60571000.0,97424000.0,15298000.0,32092000.0
20250408,-4603380.0,42443400.0,32601770.0,27756230.0,32994480.0,16529830.0,19228590.0,5010890.0,6915510.0,102230000.0,78510000.0,66859000.0,79432000.0,39763000.0,46289000.0,12019000.0,16640000.0
20250409,16529270.0,52954170.0,66140010.0,67543540.0,70886970.0,58819580.0,49404670.0,21505830.0,14391470.0,120590000.0,150533000.0,154030000.0,161547000.0,134064000.0,112791000.0,49055000.0,32867000.0
20250410,1471690.0,41578310.0,38578590.0,54415610.0,58887010.0,43436660.0,40842490.0,13972960.0,15095440.0,93623000.0,86775000.0,122446000.0,132480000.0,97683000.0,91902000.0,31400000.0,33995000.0
20250411,-1332960.0,27772920.0,24373700.0,32237420.0,34303670.0,21915150.0,26922150.0,11906960.0,8232920.0,62535000.0,54847000.0,72561000.0,77179000.0,49296000.0,60558000.0,26697000.0,18505000.0
20250414,1419780.0,19929220.0,21477010.0,27051250.0,26923250.0,19227730.0,19336870.0,5933150.0,4404230.0,44661000.0,48095000.0,60599000.0,60297000.0,43061000.0,43331000.0,13265000.0,9863000.0
20250415,-5324250.0,24610940.0,21510290.0,21784210.0,19560600.0,13025470.0,15656390.0,1972310.0,4665640.0,55939000.0,48888000.0,49488000.0,44426000.0,29599000.0,35584000.0,4487000.0,10615000.0
20250416,-240620.0,26478820.0,24952460.0,20787480.0,22073210.0,12991530.0,11406890.0,2840710.0,4665970.0,60215000.0,56707000.0,47221000.0,50106000.0,29439000.0,25877000.0,6411000.0,10597000.0
20250417,3110640.0,18059850.0,20192350.0,21584120.0,22562250.0,13605270.0,11089490.0,4605560.0,4010700.0,40835000.0,45647000.0,48797000.0,50977000.0,30735000.0,25057000.0,10402000.0,9089000.0
20250418,-6214850.0,23082460.0,17289230.0,22018340.0,21596710.0,11850930.0,16035710.0,3378570.0,5408640.0,52689000.0,39469000.0,50315000.0,49310000.0,27094000.0,36660000.0,7706000.0,12365000.0
20250421,-623050.0,16917670.0,14809910.0,18313920.0,19798630.0,12970600.0,13093830.0,3947150.0,4446970.0,38275000.0,33507000.0,41433000.0,44791000.0,29345000.0,29618000.0,8932000.0,10068000.0
20250422,-2748760.0,15807250.0,12074750.0,13969210.0,14952940.0,9623620.0,11758820.0,3839660.0,4453220.0,35964000.0,27470000.0,31796000.0,34025000.0,21904000.0,26762000.0,8732000.0,10138000.0
20250423,-7575930.0,24832660.0,17854770.0,30945290.0,30347250.0,17099560.0,21620900.0,3899810.0,6954400.0,57401000.0,41272000.0,71525000.0,70147000.0,39521000.0,49950000.0,9006000.0,16084000.0
20250424,-2105430.0,15058530.0,11005730.0,14004610.0,15951980.0,8442660.0,8998230.0,1262640.0,2812500.0,35161000.0,25695000.0,32707000.0,37250000.0,19706000.0,21009000.0,2946000.0,6567000.0
20250425,2983340.0,16163420.0,19205080.0,17348910.0,17290580.0,11912020.0,8786720.0,2496770.0,2638730.0,37938000.0,45085000.0,40718000.0,40584000.0,27955000.0,20608000.0,5850000.0,6185000.0
20250428,62810.0,12957270.0,13166980.0,10869560.0,10722660.0,7533040.0,7751490.0,1254590.0,973330.0,30439000.0,30935000.0,25528000.0,25190000.0,17700000.0,18202000.0,2948000.0,2288000.0
20250429,-1496400.0,24586340.0,23304670.0,28549230.0,28334510.0,20473090.0,23006360.0,7230930.0,6194060.0,58241000.0,55106000.0,67628000.0,67094000.0,48487000.0,54637000.0,17280000.0,14798000.0
20250430,368610.0,16279640.0,14812920.0,16191710.0,18027030.0,9154900.0,12058410.0,6251820.0,2979700.0,38213000.0,34776000.0,38004000.0,42313000.0,21486000.0,28301000.0,14681000.0,6994000.0
20250506,-3037890.0,21447810.0,19232770.0,20790830.0,19967980.0,13331450.0,15858260.0,5662730.0,6173810.0,49628000.0,44511000.0,48133000.0,46210000.0,30855000.0,36712000.0,13128000.0,14312000.0
20250507,24534090.0,77209310.0,81664390.0,111335640.0,131414640.0,101920890.0,102279680.0,60515640.0,35622760.0,168957000.0,178706000.0,243596000.0,287369000.0,222902000.0,223545000.0,131851000.0,77686000.0
20250508,15413420.0,91232080.0,102489440.0,140703590.0,144859640.0,122357590.0,118075360.0,67498430.0,56367240.0,193534000.0,217024000.0,298148000.0,306672000.0,258898000.0,249813000.0,142181000.0,119252000.0
20250509,-4792580.0,88807400.0,87258460.0,98606750.0,95363120.0,57650210.0,57962000.0,18232800.0,22713590.0,190250000.0,187097000.0,211218000.0,204286000.0,123454000.0,124048000.0,38985000.0,48475000.0
20250512,-13172970.0,150574790.0,137125220.0,184137440.0,184414040.0,131638030.0,136810100.0,50262570.0,58263470.0,305070000.0,277988000.0,372879000.0,373552000.0,266828000.0,277112000.0,101888000.0,118013000.0
20250513,42860.0,103090650.0,109362300.0,105722460.0,99493680.0,73752860.0,65283060.0,27220870.0,35647810.0,214327000.0,227655000.0,219693000.0,206841000.0,153161000.0,135534000.0,56496000.0,73647000.0
20250514,2659080.0,62671070.0,63354410.0,57706300.0,59682040.0,38993950.0,36942950.0,11085440.0,10477360.0,131891000.0,133280000.0,121405000.0,125553000.0,82004000.0,77740000.0,23306000.0,22033000.0
20250515,-4442490.0,38508020.0,33983370.0,44822380.0,44904540.0,29413950.0,32590850.0,11423820.0,12689410.0,81771000.0,72086000.0,95108000.0,95285000.0,62352000.0,69157000.0,24163000.0,26866000.0
20250516,1815850.0,38047570.0,39647230.0,41724470.0,41940670.0,30086910.0,30133630.0,9316120.0,7453550.0,80140000.0,83510000.0,87842000.0,88289000.0,63331000.0,63439000.0,19619000.0,15693000.0
20250519,1748430.0,68205460.0,69987200.0,76318270.0,76284960.0,51132320.0,48255150.0,12879530.0,14008270.0,141616000.0,145343000.0,158408000.0,158357000.0,106168000.0,100163000.0,26723000.0,29052000.0
20250520,-1135900.0,54486390.0,49893560.0,49699980.0,53156910.0,29184410.0,30293060.0,9329980.0,9357230.0,115853000.0,106056000.0,105635000.0,112970000.0,62020000.0,64416000.0,19859000.0,19925000.0
20250521,-3676360.0,49136880.0,50190820.0,46874430.0,42144130.0,31143050.0,31414680.0,10167430.0,13572160.0,102850000.0,105065000.0,98099000.0,88184000.0,65176000.0,65750000.0,21287000.0,28413000.0
20250522,1686590.0,72392050.0,75737300.0,81886100.0,80227430.0,52329600.0,54086450.0,19711800.0,16268360.0,148425000.0,155296000.0,167894000.0,164425000.0,107149000.0,110784000.0,40365000.0,33328000.0
20250523,-10282590.0,48506720.0,43291150.0,52459880.0,47392860.0,30042880.0,31448300.0,8911270.0,17788440.0,100543000.0,89728000.0,108737000.0,98230000.0,62275000.0,65172000.0,18471000.0,36897000.0
20250526,-3829050.0,34597860.0,33697430.0,37286760.0,34358140.0,20776000.0,21336180.0,6710680.0,9979550.0,71603000.0,69756000.0,77188000.0,71132000.0,43023000.0,44174000.0,13898000.0,20650000.0
20250527,478020.0,35679100.0,35021940.0,35035330.0,36170510.0,23782660.0,22301860.0,4691130.0,5693910.0,74861000.0,73473000.0,73495000.0,75879000.0,49899000.0,46781000.0,9827000.0,11949000.0
20250528,422760.0,32292880.0,30795420.0,27020600.0,28940820.0,15084790.0,15900620.0,3589120.0,2350530.0,67713000.0,64588000.0,56649000.0,60668000.0,31639000.0,33331000.0,7509000.0,4923000.0
20250529,1232700.0,30814430.0,29323880.0,27273090.0,29996330.0,19303080.0,19888170.0,6362420.0,4544630.0,64898000.0,61781000.0,57424000.0,63162000.0,40667000.0,41872000.0,13395000.0,9568000.0
20250530,-2557890.0,44307280.0,43320020.0,44596830.0,43026200.0,26491120.0,26540690.0,4008630.0,6516950.0,92569000.0,90550000.0,93082000.0,89821000.0,55308000.0,55342000.0,8353000.0,13599000.0
20250603,-2749020.0,63435640.0,61434270.0,63664550.0,62916890.0,41030040.0,44737770.0,15923190.0,14964480.0,128600000.0,124550000.0,129042000.0,127525000.0,83152000.0,90629000.0,32259000.0,30349000.0
20250604,2982130.0,31180200.0,33847890.0,28137460.0,28451900.0,20140100.0,17077400.0,3887170.0,3967740.0,63409000.0,68853000.0,57231000.0,57877000.0,40964000.0,34713000.0,7906000.0,8067000.0
20250605,3462710.0,32441530.0,35003340.0,33722390.0,34623290.0,29362270.0,25123550.0,4633540.0,5409550.0,65538000.0,70740000.0,68147000.0,69946000.0,59272000.0,50740000.0,9378000.0,10908000.0
20250606,-3873800.0,51467860.0,51359180.0,60651760.0,56886640.0,38677070.0,38988750.0,14525110.0,18087230.0,101877000.0,101653000.0,120032000.0,112575000.0,76476000.0,77126000.0,28703000.0,35734000.0
20250609,26809460.0,116995650.0,115822360.0,128589920.0,156572670.0,111639310.0,131442180.0,141520850.0,94908520.0,214807000.0,212484000.0,236166000.0,287155000.0,205182000.0,241079000.0,258381000.0,173819000.0
20250610,-4902320.0,97853610.0,100745450.0,97511970.0,89717810.0,61460250.0,58516680.0,27118220.0,34964110.0,184593000.0,190076000.0,183936000.0,169267000.0,116018000.0,110382000.0,51168000.0,65990000.0
20250611,985940.0,60515500.0,61474540.0,53485900.0,53512790.0,29808180.0,29014880.0,11422750.0,11230110.0,113842000.0,115630000.0,100668000.0,100687000.0,56100000.0,54626000.0,21479000.0,21145000.0
20250612,-4599340.0,55730780.0,53202190.0,50568550.0,48497790.0,33850690.0,36541040.0,7667790.0,9576780.0,103819000.0,99066000.0,94151000.0,90320000.0,63048000.0,68081000.0,14289000.0,17841000.0
20250613,-14444610.0,97565050.0,95662580.0,114597170.0,102055030.0,81906280.0,75725210.0,50121690.0,70747370.0,179309000.0,175851000.0,210640000.0,187744000.0,150419000.0,139322000.0,91563000.0,129013000.0
20250616,-11725740.0,70826660.0,65347950.0,74334220.0,68087170.0,55479450.0,50690590.0,21234600.0,37749200.0,129724000.0,119702000.0,136120000.0,124737000.0,101625000.0,92892000.0,38888000.0,69025000.0
20250617,-6516190.0,67289580.0,67945270.0,76543620.0,69371730.0,49510080.0,48260650.0,15347630.0,23113250.0,122421000.0,123515000.0,139098000.0,126121000.0,89960000.0,87623000.0,27935000.0,42154000.0
20250618,-4723320.0,72073150.0,73915250.0,76642510.0,70077080.0,53432620.0,50301440.0,18672390.0,26526890.0,129439000.0,132680000.0,137530000.0,125759000.0,95794000.0,90349000.0,33483000.0,47459000.0
20250619,-8348700.0,88748570.0,81701240.0,78702740.0,77401360.0,45830900.0,47645000.0,16333920.0,22868520.0,166131000.0,152944000.0,147208000.0,144809000.0,85746000.0,89115000.0,30614000.0,42831000.0
20250620,-5843910.0,52208070.0,46875580.0,40768150.0,40256730.0,20937980.0,23715620.0,9274740.0,12341010.0,98335000.0,88279000.0,76776000.0,75807000.0,39427000.0,44658000.0,17411000.0,23206000.0
20250623,3088100.0,48938640.0,52844960.0,40378800.0,39560580.0,27397480.0,24441620.0,7525120.0,7392880.0,92112000.0,99479000.0,75990000.0,74435000.0,51558000.0,45993000.0,14151000.0,13905000.0
20250624,3016690.0,60243540.0,61784410.0,62468740.0,63944570.0,38872780.0,34046900.0,10962910.0,12772100.0,113822000.0,116640000.0,117984000.0,120723000.0,73398000.0,64333000.0,20683000.0,24192000.0
20250625,5797240.0,62828100.0,68225090.0,62898740.0,63299000.0,40576060.0,36774450.0,13307270.0,11311640.0,116571000.0,126602000.0,116676000.0,117423000.0,75264000.0,68198000.0,24703000.0,20990000.0
20250626,6828870.0,56912150.0,65109180.0,57013370.0,55645200.0,34873430.0,34225570.0,18033040.0,11852030.0,104371000.0,119379000.0,104546000.0,102009000.0,63911000.0,62714000.0,32980000.0,21705000.0
20250627,-2932070.0,61281360.0,61470850.0,67545920.0,64424360.0,39359440.0,41439820.0,13110560.0,13962250.0,111062000.0,111433000.0,122441000.0,116794000.0,71428000.0,75159000.0,23808000.0,25353000.0
20250630,-5514760.0,81560270.0,78986310.0,97362280.0,94421470.0,62133730.0,63894290.0,22190910.0,25945110.0,140581000.0,136228000.0,167887000.0,162844000.0,107272000.0,110193000.0,38300000.0,44775000.0
20250701,9892390.0,65623510.0,71621830.0,65281570.0,69175630.0,43568490.0,34762960.0,12591380.0,11504520.0,114222000.0,124686000.0,113623000.0,120382000.0,75786000.0,60487000.0,21884000.0,19961000.0
20250702,2273010.0,41417840.0,43560670.0,42512800.0,42642980.0,25764900.0,25991060.0,11847720.0,9348550.0,72792000.0,76547000.0,74703000.0,74936000.0,45275000.0,45686000.0,20831000.0,16433000.0
20250703,-4140240.0,35118280.0,33587550.0,33652700.0,31043190.0,19432960.0,22126870.0,5605450.0,7051780.0,61913000.0,59229000.0,59330000.0,54727000.0,34281000.0,39020000.0,9883000.0,12430000.0
20250704,-4372440.0,61820940.0,61184120.0,74244680.0,70509070.0,47417590.0,48009990.0,17349730.0,21129770.0,106200000.0,105085000.0,127460000.0,121067000.0,81388000.0,82310000.0,29628000.0,36214000.0
20250707,-3117140.0,61624550.0,64750410.0,81594620.0,75351620.0,50295890.0,52651090.0,15368350.0,16130290.0,102619000.0,107857000.0,135894000.0,125520000.0,83780000.0,87622000.0,25576000.0,26870000.0
20250708,-4464060.0,52869020.0,50034070.0,51859590.0,50230490.0,27347780.0,28123920.0,11887650.0,15575570.0,89118000.0,84334000.0,87427000.0,84673000.0,46130000.0,47401000.0,20017000.0,26284000.0
20250709,-714550.0,49420180.0,47970590.0,50823810.0,51558850.0,31153960.0,34470760.0,17904550.0,15302300.0,82007000.0,79589000.0,84221000.0,85482000.0,51556000.0,57092000.0,29699000.0,25321000.0
20250710,-2175260.0,64520130.0,63366220.0,60605040.0,59583690.0,31542300.0,34461020.0,9791110.0,9047650.0,110625000.0,108653000.0,103907000.0,102151000.0,54074000.0,59073000.0,16777000.0,15506000.0
20250711,1447480.0,50419100.0,51597790.0,47095990.0,47364780.0,28243570.0,27144810.0,8194500.0,7845780.0,86117000.0,88147000.0,80442000.0,80878000.0,48228000.0,46340000.0,14003000.0,13427000.0
20250714,223970.0,46661190.0,47682810.0,41541110.0,40743450.0,27103880.0,25085030.0,6424740.0,8219620.0,80220000.0,81964000.0,71396000.0,70014000.0,46603000.0,43116000.0,11037000.0,14162000.0
20250715,-5260980.0,44634920.0,41255760.0,47701760.0,45819940.0,20776590.0,22422860.0,5934600.0,9549310.0,77351000.0,71485000.0,82638000.0,79362000.0,35985000.0,38855000.0,10287000.0,16560000.0
20250716,5758550.0,38810060.0,42428250.0,36017270.0,38157620.0,22160710.0,19584190.0,6202090.0,3020060.0,67339000.0,73605000.0,62499000.0,66210000.0,38441000.0,33981000.0,10754000.0,5237000.0
20250717,6446750.0,123081360.0,124932990.0,150959410.0,155554520.0,119787180.0,130772910.0,97860670.0,80428190.0,199355000.0,202389000.0,244279000.0,251335000.0,193052000.0,210282000.0,155585000.0,128264000.0
20250718,-19698720.0,138504380.0,124815620.0,141393910.0,135383950.0,107702880.0,109192550.0,42010250.0,60219300.0,212715000.0,191658000.0,217131000.0,207905000.0,165553000.0,167782000.0,64539000.0,92593000.0
20250721,-5304480.0,115198870.0,103891520.0,99838320.0,105841180.0,69788800.0,71527350.0,30830330.0,34396260.0,176482000.0,159110000.0,152771000.0,162014000.0,106844000.0,109442000.0,47173000.0,52704000.0
20250722,-3875690.0,103724920.0,104657750.0,105778870.0,100970370.0,79835590.0,79882110.0,22742640.0,26571810.0,156201000.0,157533000.0,159076000.0,151839000.0,119951000.0,120078000.0,34186000.0,39964000.0
20250723,-12661210.0,129222400.0,116141500.0,115406920.0,115826610.0,85985030.0,84507670.0,25938500.0,40077070.0,202556000.0,181932000.0,180775000.0,181466000.0,134693000.0,132386000.0,40607000.0,62846000.0
20250724,10957610.0,72881890.0,78723310.0,72303310.0,77419510.0,51261550.0,48693000.0,22735520.0,14346460.0,114794000.0,124007000.0,113866000.0,121935000.0,80725000.0,76660000.0,35806000.0,22590000.0
20250725,6149920.0,60112120.0,63171740.0,49759580.0,52849880.0,33990430.0,35123900.0,17893190.0,10609800.0,94780000.0,99591000.0,78403000.0,83264000.0,53549000.0,55347000.0,28197000.0,16725000.0
20250728,5850670.0,96008170.0,104461170.0,93151700.0,90549380.0,58932100.0,55061030.0,20551940.0,18572340.0,149655000.0,162798000.0,145226000.0,141156000.0,91868000.0,85832000.0,32042000.0,29005000.0
20250729,6262370.0,119652560.0,125209650.0,112039210.0,112744490.0,76674620.0,75663320.0,30182360.0,24931290.0,183709000.0,192239000.0,172067000.0,173183000.0,117767000.0,116211000.0,46293000.0,38203000.0
20250730,-1625270.0,124341960.0,126061750.0,120758660.0,117413600.0,77734990.0,78014440.0,26530080.0,27875900.0,192945000.0,195552000.0,187307000.0,182178000.0,120558000.0,120979000.0,41288000.0,43390000.0
20250731,7873770.0,68876300.0,74010850.0,71125770.0,73865010.0,51855160.0,49025140.0,18847930.0,13804180.0,107296000.0,115288000.0,110794000.0,115079000.0,80792000.0,76383000.0,29339000.0,21471000.0
20250801,1068920.0,84244250.0,87244980.0,81608480.0,79676670.0,42485280.0,40414550.0,16728780.0,17730590.0,133909000.0,138641000.0,129689000.0,126616000.0,67513000.0,64229000.0,26616000.0,28241000.0
20250804,-5088310.0,60738590.0,54186330.0,62734020.0,64197980.0,37539380.0,42833900.0,13387370.0,13181160.0,96149000.0,85784000.0,99331000.0,101647000.0,59445000.0,67826000.0,21223000.0,20890000.0
20250805,-3102400.0,68816690.0,68449580.0,74943230.0,72207940.0,42106660.0,43145010.0,9013990.0,11078040.0,109439000.0,108872000.0,119189000.0,114825000.0,66935000.0,68587000.0,14330000.0,17610000.0
20250806,-2045740.0,96818440.0,94747820.0,102644460.0,102669340.0,63093110.0,66334380.0,20312530.0,19117000.0,150793000.0,147530000.0,159885000.0,159874000.0,98248000.0,103332000.0,31550000.0,29738000.0
20250807,4380850.0,73667030.0,77807700.0,74622000.0,74862190.0,43245290.0,42864010.0,17277680.0,13278110.0,116370000.0,122935000.0,117874000.0,118259000.0,68316000.0,67700000.0,27291000.0,20958000.0
20250808,-2431280.0,49892260.0,49681290.0,52194770.0,49974450.0,31978080.0,34692270.0,10627040.0,10344130.0,79271000.0,78938000.0,82929000.0,79406000.0,50822000.0,55122000.0,16894000.0,16450000.0
20250811,2216660.0,77198600.0,73300170.0,80201640.0,86316730.0,49006060.0,49932480.0,18066910.0,14923830.0,124577000.0,118291000.0,129422000.0,139273000.0,79091000.0,80592000.0,29144000.0,24077000.0
20250812,-13857520.0,121695310.0,111307150.0,134416330.0,130946960.0,72234400.0,86088970.0,21345200.0,21348150.0,202526000.0,185236000.0,223784000.0,218027000.0,120314000.0,143381000.0,35520000.0,35499000.0
20250813,-1109930.0,66803130.0,64511160.0,70362520.0,71544570.0,41986570.0,43158390.0,16026230.0,15964340.0,111256000.0,107432000.0,117155000.0,119119000.0,69888000.0,71849000.0,26690000.0,26588000.0
20250814,-6691800.0,79535670.0,77832870.0,88440170.0,83451180.0,53155650.0,51657070.0,14013410.0,22203790.0,133242000.0,130325000.0,148191000.0,139821000.0,89075000.0,86570000.0,23444000.0,37235000.0
20250815,-2247510.0,66064780.0,63600190.0,67549790.0,67766860.0,41213510.0,41300530.0,13589920.0,15750410.0,110933000.0,106790000.0,113426000.0,113785000.0,69212000.0,69360000.0,22821000.0,26458000.0
20250818,-6694420.0,84975480.0,82079360.0,99984980.0,96186670.0,62331990.0,67325300.0,21245420.0,22946530.0,140212000.0,135384000.0,165054000.0,158735000.0,102886000.0,111228000.0,35056000.0,37861000.0
20250819,-4942510.0,72174250.0,68143320.0,83454970.0,82543390.0,48262080.0,53907360.0,21366120.0,20663350.0,121325000.0,114574000.0,140287000.0,138754000.0,81127000.0,90614000.0,35931000.0,34729000.0
20250820,-6664350.0,78178970.0,72072120.0,86094420.0,85536930.0,48921550.0,52569610.0,16402820.0,19419110.0,129974000.0,119847000.0,143109000.0,142192000.0,81334000.0,87413000.0,27277000.0,32242000.0
20250821,-5662860.0,75221530.0,72025300.0,89328700.0,86862070.0,57821850.0,55827740.0,17039770.0,24696740.0,123669000.0,118399000.0,146905000.0,142826000.0,95055000.0,91777000.0,28031000.0,40657000.0
20250822,-10799280.0,102840000.0,94112600.0,117748150.0,115676280.0,74624460.0,79252790.0,27512300.0,33683250.0,167915000.0,153554000.0,192022000.0,188513000.0,121452000.0,129098000.0,44563000.0,54789000.0
20250825,4533610.0,114839520.0,118018710.0,149547320.0,150901740.0,115217260.0,104217470.0,40741270.0,47207450.0,179727000.0,184729000.0,234048000.0,236193000.0,180336000.0,163089000.0,63737000.0,73837000.0
20250826,-836430.0,74060270.0,73300620.0,77494610.0,77417830.0,46058050.0,45102790.0,16974870.0,18766560.0,117767000.0,116567000.0,123234000.0,123098000.0,73226000.0,71675000.0,26961000.0,29849000.0
20250827,549280.0,78489950.0,75046850.0,84410140.0,88402520.0,52218550.0,54979130.0,22646170.0,19336310.0,126262000.0,120703000.0,135813000.0,142212000.0,84031000.0,88452000.0,36403000.0,31142000.0
20250828,-499730.0,83362430.0,79253350.0,93877890.0,97487240.0,57555130.0,56251790.0,23387680.0,25190750.0,137544000.0,130769000.0,154872000.0,160860000.0,94938000.0,92802000.0,38616000.0,41539000.0
20250829,-9808080.0,92689480.0,88191040.0,118164960.0,112855320.0,74513140.0,73512940.0,20972680.0,31780960.0,148411000.0,141200000.0,189084000.0,180634000.0,119232000.0,117672000.0,33578000.0,50799000.0
20250901,-7154320.0,115626230.0,113105310.0,145982850.0,141349460.0,99405120.0,104595880.0,38108600.0,40072160.0,182450000.0,178266000.0,230004000.0,222480000.0,156025000.0,164343000.0,59554000.0,62944000.0
20250902,1799330.0,76602250.0,76118050.0,90995960.0,93279480.0,59319350.0,56965730.0,20591870.0,21146160.0,121798000.0,121033000.0,144671000.0,148279000.0,94315000.0,90547000.0,32746000.0,33672000.0
20250903,-6933240.0,127311150.0,121855110.0,143777430.0,142300250.0,88337750.0,95689840.0,35368570.0,34949720.0,214969000.0,205614000.0,242607000.0,240296000.0,149519000.0,162030000.0,60038000.0,59193000.0
20250904,-9211390.0,95591290.0,90887620.0,105994290.0,101486580.0,66653410.0,69088180.0,23492310.0,30268930.0,173822000.0,165151000.0,192484000.0,184301000.0,121065000.0,125591000.0,42651000.0,54980000.0
20250905,-2767450.0,55193600.0,53875000.0,55876240.0,54427400.0,32313010.0,34395020.0,17610830.0,18296270.0,100682000.0,98286000.0,101911000.0,99273000.0,58965000.0,62734000.0,32121000.0,33385000.0
20250908,-8413980.0,45583430.0,41380510.0,50980100.0,46769040.0,25665170.0,28255250.0,11125830.0,16949730.0,83689000.0,75973000.0,93564000.0,85835000.0,47110000.0,51859000.0,20435000.0,31131000.0
20250909,-3361720.0,67462090.0,64957150.0,74218990.0,73362230.0,47461590.0,48338100.0,10317540.0,12802750.0,120620000.0,116140000.0,132614000.0,131055000.0,84770000.0,86374000.0,18477000.0,22912000.0
20250910,-16193660.0,69672550.0,61441690.0,68274070.0,60311270.0,32725210.0,41820660.0,11726740.0,18824950.0,121021000.0,106754000.0,118626000.0,104810000.0,56915000.0,72679000.0,20371000.0,32690000.0
20250911,-15140850.0,65973800.0,55014050.0,60888810.0,56707710.0,26976360.0,35081550.0,8078140.0,15113800.0,113560000.0,94727000.0,104932000.0,97733000.0,46503000.0,60386000.0,13989000.0,26138000.0
20250912,-4505920.0,43698360.0,39648260.0,42757530.0,42301710.0,22868860.0,25348490.0,6236600.0,8262890.0,74663000.0,67728000.0,73040000.0,72266000.0,39066000.0,43288000.0,10647000.0,14134000.0
20250915,-9007740.0,41400340.0,33150160.0,34271250.0,33513700.0,13311350.0,18832170.0,6205340.0,9692260.0,70823000.0,56724000.0,58665000.0,57363000.0,22804000.0,32235000.0,10624000.0,16594000.0
20250916,-6842010.0,41489870.0,34032240.0,30816080.0,31431710.0,13977340.0,18419020.0,3068370.0,5468700.0,71964000.0,59016000.0,53446000.0,54509000.0,24229000.0,31948000.0,5327000.0,9493000.0
20250917,-5274860.0,37131210.0,31558890.0,32739050.0,33036500.0,13296190.0,16967050.0,3457870.0,5061870.0,63932000.0,54342000.0,56347000.0,56868000.0,22902000.0,29208000.0,5954000.0,8717000.0
20250918,-6851420.0,61847380.0,57397070.0,50180620.0,47779500.0,26885780.0,31191010.0,15678780.0,18224970.0,104900000.0,97367000.0,85073000.0,81003000.0,45604000.0,52865000.0,26537000.0,30878000.0
20250919,-5135280.0,123112510.0,119892560.0,124354790.0,122439470.0,82313950.0,81662230.0,24948890.0,30735890.0,197575000.0,192506000.0,199684000.0,196656000.0,132218000.0,131061000.0,40098000.0,49353000.0
20250922,-18257290.0,98608480.0,83346400.0,85652980.0,82657760.0,47084210.0,59829730.0,13797020.0,19308790.0,156235000.0,132018000.0,135615000.0,130926000.0,74608000.0,94771000.0,21869000.0,30612000.0
20250923,-2450330.0,70921940.0,69347580.0,61240500.0,60364530.0,37873850.0,39243640.0,12919420.0,13999960.0,112217000.0,109664000.0,96775000.0,95395000.0,59788000.0,61979000.0,20392000.0,22134000.0
20250924,1778770.0,67298160.0,66782060.0,52910980.0,55205840.0,30258950.0,31251110.0,15445360.0,12674430.0,105314000.0,104501000.0,82745000.0,86297000.0,47280000.0,48786000.0,24070000.0,19824000.0
20250925,-6433130.0,68876640.0,61857250.0,55482330.0,56068610.0,34240760.0,34630760.0,8637080.0,14680210.0,107916000.0,96900000.0,86937000.0,87823000.0,53636000.0,54286000.0,13568000.0,23048000.0
20250926,-5907680.0,79476660.0,77557250.0,67877020.0,63888760.0,41873640.0,45910100.0,16566110.0,18437330.0,122569000.0,119579000.0,104568000.0,98482000.0,64502000.0,70700000.0,25552000.0,28430000.0
20250929,-7804190.0,67280930.0,58408390.0,52370610.0,53438960.0,37007210.0,37721610.0,10244410.0,17334200.0,103642000.0,90051000.0,80699000.0,82399000.0,57102000.0,58119000.0,15838000.0,26711000.0
20250930,20710870.0,100052640.0,109079810.0,124954540.0,136638230.0,105544760.0,131444090.0,116035070.0,69424870.0,144625000.0,157035000.0,180043000.0,195812000.0,151585000.0,188037000.0,163340000.0,98709000.0
20251009,-27023480.0,132377390.0,118387170.0,147813900.0,134780640.0,106714170.0,106765770.0,43875350.0,70847230.0,188973000.0,168915000.0,210975000.0,192365000.0,152411000.0,152554000.0,62462000.0,100988000.0
20251010,-2855490.0,123734680.0,114450400.0,117062060.0,123490860.0,81765570.0,91326260.0,32597090.0,25891890.0,172998000.0,159933000.0,163433000.0,172537000.0,113869000.0,127181000.0,45326000.0,35975000.0
20251013,2452920.0,87746320.0,94219400.0,82335610.0,78315450.0,54028390.0,53699220.0,24501210.0,22377460.0,124370000.0,133498000.0,116615000.0,110960000.0,76558000.0,76048000.0,34783000.0,31820000.0
20251014,-12126970.0,95422890.0,90338250.0,95701900.0,88659570.0,58089820.0,58194300.0,21593090.0,33615580.0,138562000.0,131068000.0,138840000.0,128650000.0,84236000.0,84491000.0,31340000.0,48770000.0
20251015,-1315240.0,88481450.0,87174710.0,67755510.0,67747010.0,42707150.0,42507490.0,14675280.0,16190180.0,133405000.0,131407000.0,102154000.0,102121000.0,64370000.0,64084000.0,22102000.0,24418000.0
20251016,2657620.0,83478110.0,88519240.0,83171290.0,80787790.0,61319410.0,60546960.0,24036130.0,22150960.0,122443000.0,129765000.0,121920000.0,118359000.0,89786000.0,88609000.0,35133000.0,32549000.0
20251017,-13003710.0,84537790.0,71579610.0,73734580.0,73689050.0,40300960.0,50159490.0,12821380.0,15966560.0,128395000.0,108534000.0,111769000.0,111841000.0,60992000.0,76116000.0,19545000.0,24210000.0
20251020,-5404460.0,60853910.0,58495420.0,43849590.0,40803610.0,21497550.0,24419860.0,10071320.0,12553470.0,93962000.0,90322000.0,67648000.0,62990000.0,33172000.0,37648000.0,15524000.0,19345000.0
20251021,-1839190.0,48641080.0,49282300.0,42117980.0,39637560.0,23440310.0,27556990.0,10729440.0,8451950.0,75844000.0,76853000.0,65684000.0,61825000.0,36567000.0,42976000.0,16746000.0,13188000.0
20251022,-4722590.0,45641780.0,43407820.0,32765260.0,30276640.0,22161730.0,22909130.0,6104970.0,10080160.0,72211000.0,68678000.0,51817000.0,47889000.0,35043000.0,36227000.0,9650000.0,15928000.0
20251023,-4395190.0,56530120.0,53648340.0,40046090.0,38532680.0,25372080.0,21546320.0,6744400.0,14965350.0,91288000.0,86613000.0,64602000.0,62124000.0,40959000.0,34709000.0,10861000.0,24264000.0
20251024,2644530.0,59838920.0,63975910.0,52453120.0,50960660.0,28087820.0,29856260.0,13538630.0,9125660.0,94358000.0,100901000.0,82704000.0,80354000.0,44299000.0,47094000.0,21379000.0,14392000.0
20251027,-2582400.0,51049130.0,52328270.0,47488060.0,43626520.0,26766950.0,25950340.0,9800340.0,13199350.0,80502000.0,82514000.0,74883000.0,68807000.0,42233000.0,40902000.0,15447000.0,20841000.0
20251028,9758660.0,89986480.0,100267790.0,84854830.0,84332200.0,56947880.0,51513470.0,22339780.0,18015530.0,138610000.0,154463000.0,130697000.0,129961000.0,87714000.0,79248000.0,34424000.0,27773000.0
20251029,220480.0,52833000.0,49546920.0,50123040.0,53629590.0,29807610.0,31123810.0,11801750.0,10265070.0,82378000.0,77263000.0,78144000.0,83632000.0,46475000.0,48516000.0,18402000.0,15987000.0
20251030,-7645290.0,80044270.0,69965800.0,64170160.0,66603330.0,39027600.0,42432310.0,11038710.0,15279290.0,127222000.0,111208000.0,102057000.0,105909000.0,62150000.0,67528000.0,17610000.0,24394000.0
20251031,-1218540.0,60159210.0,58790740.0,41713420.0,41863360.0,25846630.0,24313310.0,9045050.0,11796910.0,97328000.0,95168000.0,67457000.0,67650000.0,41769000.0,39271000.0,14636000.0,19101000.0
20251103,-3110050.0,38981610.0,33542230.0,37313160.0,39642490.0,17330590.0,18000910.0,4112500.0,6552230.0,63733000.0,54826000.0,60967000.0,64782000.0,28320000.0,29415000.0,6726000.0,10723000.0
20251104,5035830.0,38357440.0,42076900.0,30524230.0,31840600.0,17816810.0,14151250.0,6185320.0,4815050.0,63460000.0,69633000.0,50489000.0,52681000.0,29479000.0,23407000.0,10241000.0,7948000.0
20251105,-3314220.0,26882280.0,24005170.0,23704010.0,23266900.0,11153100.0,12930130.0,8163740.0,9700930.0,44637000.0,39847000.0,39342000.0,38624000.0,18516000.0,21472000.0,13563000.0,16114000.0
20251106,3654060.0,28009370.0,30419250.0,26375880.0,27620060.0,17062970.0,14611160.0,6353110.0,5150860.0,46137000.0,50112000.0,43445000.0,45493000.0,28105000.0,24061000.0,10459000.0,8480000.0
20251107,345990.0,32526900.0,31372680.0,32234290.0,33734500.0,19287350.0,18968110.0,6742150.0,6715400.0,54324000.0,52397000.0,53834000.0,56343000.0,32212000.0,31667000.0,11249000.0,11212000.0
20251110,-4914650.0,35848640.0,31623070.0,30968120.0,30279040.0,15859940.0,17408360.0,12789240.0,16155470.0,60511000.0,53368000.0,52266000.0,51095000.0,26759000.0,29388000.0,21636000.0,27322000.0
20251111,-3156400.0,27752440.0,27038560.0,26312330.0,23869810.0,15616680.0,15534970.0,6552100.0,9790210.0,46803000.0,45582000.0,44343000.0,40219000.0,26310000.0,26167000.0,11048000.0,16536000.0
20251112,-5352190.0,32153380.0,29594300.0,35386070.0,32592960.0,15738610.0,19402140.0,4374930.0,6063590.0,55262000.0,50867000.0,60831000.0,56008000.0,27055000.0,33354000.0,7524000.0,10443000.0
20251113,1271420.0,21615250.0,23241640.0,19762900.0,19407930.0,9703940.0,8176940.0,2205950.0,2461530.0,37039000.0,39827000.0,33864000.0,33255000.0,16629000.0,14008000.0,3779000.0,4220000.0
20251114,9276680.0,62500540.0,69437930.0,62164620.0,64503900.0,42209060.0,37747720.0,17158400.0,12343060.0,105174000.0,116844000.0,104538000.0,108476000.0,70870000.0,63340000.0,28761000.0,20681000.0
20251117,4032720.0,93150700.0,99665930.0,93223720.0,90741220.0,52105600.0,54778930.0,27164110.0,20458060.0,152528000.0,163240000.0,152491000.0,148411000.0,85156000.0,89457000.0,44252000.0,33319000.0
20251118,-4826150.0,52353370.0,52379610.0,56622800.0,51770410.0,28139410.0,28229930.0,9956860.0,14692490.0,88526000.0,88563000.0,95740000.0,87571000.0,47650000.0,47736000.0,16968000.0,25015000.0
20251119,612960.0,57097030.0,57145120.0,56955290.0,57520160.0,31849050.0,31711070.0,10154320.0,9679340.0,94333000.0,94429000.0,94101000.0,95034000.0,52649000.0,52389000.0,16767000.0,15998000.0
20251120,679050.0,35685080.0,36625470.0,34554060.0,34292720.0,21709980.0,19226620.0,5280500.0,7084810.0,60124000.0,61716000.0,58210000.0,57776000.0,36578000.0,32390000.0,8912000.0,11942000.0
20251121,-5550640.0,39336590.0,36492320.0,43945460.0,41239100.0,20949400.0,23698670.0,4254050.0,7055420.0,67464000.0,62582000.0,75387000.0,70739000.0,35946000.0,40643000.0,7269000.0,12102000.0
20251124,3033180.0,64082950.0,63728870.0,72522350.0,75909620.0,44802970.0,43458480.0,17225160.0,15536470.0,106527000.0,105887000.0,120542000.0,126154000.0,74322000.0,72056000.0,28507000.0,25801000.0
20251125,3542200.0,51221650.0,55115800.0,56371840.0,56019890.0,29499310.0,28293430.0,12164430.0,9828110.0,85404000.0,91906000.0,94001000.0,93430000.0,49183000.0,47157000.0,20278000.0,16372000.0
20251126,-90210.0,49741100.0,53437920.0,51136040.0,47348990.0,27172800.0,28060550.0,10696770.0,9899230.0,84886000.0,91220000.0,87281000.0,80808000.0,46383000.0,47888000.0,18277000.0,16912000.0
20251127,-164120.0,31468330.0,33504530.0,30798230.0,28597920.0,16532820.0,16554000.0,8859280.0,9002220.0,53807000.0,57285000.0,52646000.0,48848000.0,28258000.0,28288000.0,15118000.0,15407000.0
20251128,-1684840.0,20927640.0,20105580.0,23736130.0,22873360.0,11887690.0,13071150.0,6089030.0,6590410.0,35756000.0,34351000.0,40547000.0,39070000.0,20309000.0,22324000.0,10409000.0,11277000.0
20251201,255870.0,24509880.0,27245480.0,28470720.0,25990990.0,16446000.0,14878070.0,3987780.0,5299840.0,42081000.0,46781000.0,48881000.0,44617000.0,28230000.0,25538000.0,6840000.0,9095000.0
20251202,2482940.0,22805480.0,24244910.0,24356660.0,25400170.0,14656180.0,12636690.0,6030480.0,5567030.0,39424000.0,41902000.0,42105000.0,43903000.0,25337000.0,21849000.0,10417000.0,9629000.0
20251203,-8171380.0,41333130.0,36682040.0,38920460.0,35400170.0,20639720.0,29925260.0,8196580.0,7082420.0,73189000.0,64934000.0,68936000.0,62672000.0,36558000.0,53036000.0,14506000.0,12546000.0
20251204,-2870830.0,31531580.0,28527950.0,29609060.0,29741860.0,11586490.0,14647590.0,3569560.0,3379290.0,55600000.0,50305000.0,52207000.0,52437000.0,20446000.0,25849000.0,6298000.0,5959000.0
20251205,-1519290.0,26809060.0,25270100.0,23118870.0,23138540.0,10727570.0,12677330.0,1788200.0,1357730.0,47350000.0,44646000.0,40818000.0,40854000.0,18941000.0,22370000.0,3159000.0,2398000.0
20251208,1440860.0,30426160.0,30962680.0,33278970.0,34183310.0,19551230.0,19478970.0,6076320.0,4707720.0,53267000.0,54219000.0,58259000.0,59832000.0,34230000.0,34094000.0,10640000.0,8252000.0
20251209,1609000.0,41529730.0,44197950.0,38540820.0,37481590.0,20594240.0,18276770.0,5311600.0,6020070.0,74215000.0,78986000.0,68859000.0,66963000.0,36779000.0,32656000.0,9509000.0,10757000.0
20251210,-3343880.0,34087090.0,31646940.0,30120800.0,29217080.0,15112790.0,17519910.0,5968220.0,6904980.0,61568000.0,57168000.0,54421000.0,52773000.0,27295000.0,31647000.0,10784000.0,12480000.0
20251211,-7224690.0,48332480.0,44209260.0,38913220.0,35811760.0,18754310.0,24331870.0,4431820.0,6078950.0,87929000.0,80420000.0,70717000.0,65089000.0,34087000.0,44233000.0,8066000.0,11057000.0
20251212,-12433480.0,80302140.0,75164490.0,66126300.0,58830470.0,40916740.0,49166340.0,14117090.0,18300970.0,149374000.0,139816000.0,122999000.0,109428000.0,76106000.0,91431000.0,26261000.0,34064000.0
20251215,-2009660.0,54542250.0,51206600.0,51789020.0,53115010.0,44406160.0,49056790.0,14097590.0,11456620.0,100925000.0,94728000.0,95791000.0,98215000.0,82141000.0,90777000.0,26053000.0,21191000.0
20251216,-47170.0,39963150.0,42074550.0,34228560.0,32070000.0,15808030.0,15376840.0,3485780.0,3964140.0,74662000.0,78641000.0,63930000.0,59885000.0,29513000.0,28706000.0,6492000.0,7366000.0
20251217,-1956890.0,40629140.0,38833900.0,31054260.0,30892590.0,18158690.0,19154850.0,3165250.0,4125980.0,74731000.0,71438000.0,57083000.0,56784000.0,33385000.0,35209000.0,5817000.0,7585000.0
20251218,-929770.0,36635470.0,35114430.0,25631030.0,26222300.0,15948110.0,18585080.0,5374090.0,3666890.0,67320000.0,64529000.0,47112000.0,48198000.0,29301000.0,34119000.0,9856000.0,6743000.0
20251219,2639390.0,41496120.0,42502990.0,34699260.0,36331780.0,22068030.0,20470050.0,6379170.0,5337760.0,74965000.0,76786000.0,62682000.0,65621000.0,39869000.0,36961000.0,11492000.0,9639000.0
20251222,2257160.0,31178640.0,31417650.0,29670070.0,31688220.0,16374460.0,12901050.0,4858740.0,6074990.0,56646000.0,57084000.0,53918000.0,57576000.0,29749000.0,23440000.0,8820000.0,11033000.0
20251223,-2353750.0,34833390.0,34283780.0,31605010.0,29800860.0,17473750.0,20134360.0,4694100.0,4387240.0,64124000.0,63114000.0,58162000.0,54837000.0,32172000.0,37072000.0,8646000.0,8081000.0
20251224,-4968830.0,53707840.0,44591080.0,38972120.0,43120030.0,20967470.0,26052890.0,6423780.0,6307190.0,97607000.0,81063000.0,70846000.0,78368000.0,38135000.0,47354000.0,11655000.0,11457000.0
20251225,749180.0,74918430.0,74213510.0,77335030.0,78789140.0,59085200.0,55427870.0,20559220.0,23467370.0,131264000.0,129967000.0,135455000.0,137941000.0,103491000.0,97060000.0,36075000.0,41317000.0
20251226,-3293990.0,60190630.0,54604380.0,40202870.0,42495130.0,24897290.0,25005510.0,5936880.0,9122650.0,106098000.0,96256000.0,70843000.0,74871000.0,43857000.0,44058000.0,10461000.0,16074000.0
20251229,2619780.0,52584060.0,56968640.0,47984610.0,46219820.0,26397320.0,25525490.0,9956490.0,8208540.0,92520000.0,100192000.0,84375000.0,81253000.0,46406000.0,44880000.0,17435000.0,14410000.0
20251230,788260.0,57704420.0,58747620.0,39930130.0,39675190.0,22352800.0,22472060.0,6935270.0,6027750.0,102030000.0,103879000.0,70638000.0,70180000.0,39542000.0,39746000.0,12269000.0,10673000.0
20251231,17760.0,38513150.0,38489070.0,31802740.0,31844590.0,20213840.0,21460360.0,5440130.0,4175850.0,68230000.0,68189000.0,56323000.0,56392000.0,35831000.0,38042000.0,9658000.0,7417000.0
20260105,-11952310.0,82379270.0,73656010.0,85700810.0,82471760.0,49814540.0,51718830.0,14950510.0,24998530.0,142174000.0,127191000.0,147953000.0,142456000.0,86079000.0,89328000.0,25886000.0,43118000.0
20260106,7572860.0,84443020.0,85981600.0,86715700.0,92749980.0,55901380.0,54264870.0,26242900.0,20306550.0,143226000.0,145658000.0,147025000.0,157261000.0,94606000.0,91879000.0,44493000.0,34552000.0
20260107,7095810.0,54046510.0,58349200.0,59176130.0,61969250.0,37761600.0,33903440.0,14415880.0,11178230.0,91802000.0,99109000.0,100492000.0,105253000.0,64113000.0,57526000.0,24437000.0,18957000.0
20260108,-9797190.0,127172840.0,116320470.0,114897740.0,115952930.0,84670460.0,81367620.0,28309260.0,41409290.0,207041000.0,189298000.0,187301000.0,189048000.0,137829000.0,132527000.0,46186000.0,67483000.0
20260109,-285550.0,131373150.0,134416610.0,152912420.0,149583400.0,108614800.0,104325650.0,39233370.0,43808070.0,208088000.0,212750000.0,241991000.0,236697000.0,171583000.0,164843000.0,61855000.0,69228000.0
20260112,-7403530.0,95530950.0,89511410.0,109650350.0,108266360.0,62636930.0,63241220.0,18705580.0,25504820.0,153451000.0,143770000.0,176091000.0,173913000.0,100652000.0,101597000.0,30013000.0,40926000.0
20260113,-8267810.0,112273610.0,107394990.0,100503920.0,97114730.0,55599600.0,61933110.0,15592390.0,17526690.0,186186000.0,178188000.0,166619000.0,161002000.0,92282000.0,102701000.0,25830000.0,29026000.0
20260114,-10141670.0,84755480.0,74220100.0,82326720.0,82720430.0,47860420.0,49166690.0,12140570.0,20975970.0,140095000.0,122617000.0,135854000.0,136491000.0,78857000.0,81060000.0,20029000.0,34667000.0
20260115,7251560.0,78850870.0,86413040.0,81571350.0,81260740.0,59642940.0,52413060.0,22723160.0,22701480.0,127727000.0,140037000.0,132041000.0,131529000.0,96538000.0,84789000.0,36691000.0,36643000.0
20260116,-2702370.0,75891230.0,85849130.0,80960190.0,68299920.0,51826750.0,52985600.0,15785490.0,17329010.0,127876000.0,144774000.0,136467000.0,115088000.0,87344000.0,89326000.0,26605000.0,29103000.0
20260119,-14418130.0,103636550.0,98103430.0,108796530.0,99911510.0,62820590.0,71230720.0,19312520.0,25320520.0,170726000.0,161679000.0,179322000.0,164627000.0,103595000.0,117405000.0,31774000.0,41706000.0
20260120,3913840.0,56573540.0,65133870.0,57441870.0,52795370.0,42427530.0,38043760.0,12419340.0,12889270.0,93528000.0,107659000.0,94949000.0,87206000.0,70036000.0,62818000.0,20436000.0,21267000.0
20260121,6861810.0,52856860.0,62311040.0,48760300.0,46167940.0,31559240.0,26154650.0,11391150.0,9933930.0,87955000.0,103710000.0,81090000.0,76753000.0,52481000.0,43484000.0,18969000.0,16546000.0
20260122,-2534980.0,62558010.0,62318850.0,63418600.0,61122780.0,35043200.0,36033820.0,11963200.0,13507560.0,102981000.0,102609000.0,104360000.0,100569000.0,57685000.0,59291000.0,19666000.0,22222000.0
20260123,8240570.0,59105430.0,69996330.0,55696660.0,53046330.0,33353410.0,29071500.0,10084640.0,6125980.0,98584000.0,116781000.0,92896000.0,88459000.0,55635000.0,48488000.0,16823000.0,10211000.0
20260126,-1019510.0,85456990.0,88903000.0,85273320.0,80807800.0,54503450.0,44515430.0,24207940.0,35215470.0,147822000.0,153830000.0,147505000.0,139735000.0,94314000.0,76866000.0,41921000.0,61129000.0
20260127,-6250300.0,56829200.0,54175520.0,49522750.0,45926130.0,27960500.0,26183210.0,14321530.0,22349120.0,99594000.0,94939000.0,86729000.0,80416000.0,48958000.0,45854000.0,25102000.0,39174000.0
20260128,-8757530.0,68324870.0,67684550.0,55730440.0,47613220.0,33402280.0,28356380.0,13056270.0,26859700.0,121764000.0,120601000.0,99304000.0,84783000.0,59533000.0,50509000.0,23308000.0,48017000.0
20260129,-4748780.0,46561350.0,46200900.0,40411190.0,36022860.0,23571390.0,26227270.0,6340800.0,8433700.0,83745000.0,83086000.0,72670000.0,64771000.0,42409000.0,47191000.0,11399000.0,15174000.0
20260130,2638770.0,38981210.0,44971980.0,35512670.0,32160670.0,20006260.0,16871330.0,5797720.0,6293880.0,70874000.0,81766000.0,64576000.0,58464000.0,36362000.0,30675000.0,10546000.0,11454000.0
20260202,11209820.0,49668590.0,57726730.0,47368760.0,50520420.0,31516160.0,23698660.0,7631000.0,4238680.0,91769000.0,106706000.0,87535000.0,93364000.0,58296000.0,43771000.0,14050000.0,7809000.0
20260203,3210090.0,36889690.0,38904220.0,30041760.0,31237320.0,19276510.0,17906250.0,8822160.0,6982330.0,67922000.0,71650000.0,55308000.0,57522000.0,35493000.0,32946000.0,16238000.0,12843000.0
20260204,-4868730.0,45491910.0,42203750.0,38280890.0,36700330.0,27254500.0,27944780.0,9246480.0,13424930.0,82434000.0,76440000.0,69344000.0,66477000.0,49353000.0,50643000.0,16741000.0,24311000.0
20260205,-963360.0,41234400.0,43091660.0,38679580.0,35858970.0,23523330.0,22631400.0,5278840.0,7134130.0,74195000.0,77544000.0,69578000.0,64502000.0,42322000.0,40710000.0,9489000.0,12828000.0
20260206,7216420.0,24455410.0,30547370.0,25008420.0,26132880.0,18062090.0,15616880.0,12407970.0,7636760.0,44274000.0,55299000.0,45277000.0,47317000.0,32684000.0,28275000.0,22502000.0,13847000.0
20260209,4694930.0,28865350.0,35065120.0,30859560.0,29354730.0,21761430.0,19252030.0,10465870.0,8280340.0,51991000.0,63146000.0,55591000.0,52874000.0,39177000.0,34671000.0,18863000.0,14931000.0
20260210,-240100.0,41525330.0,43476680.0,47355050.0,45163600.0,34504100.0,38440210.0,8942250.0,5246240.0,74530000.0,78082000.0,84954000.0,81009000.0,61852000.0,68893000.0,16028000.0,9380000.0
20260211,513300.0,31617900.0,32847220.0,33157850.0,32441820.0,23701230.0,27282550.0,9795590.0,5700970.0,57477000.0,59719000.0,60271000.0,58964000.0,43091000.0,49588000.0,17806000.0,10373000.0
20260212,-4285500.0,30719210.0,30515030.0,32320770.0,28239450.0,18292080.0,23987450.0,6969590.0,5559720.0,56205000.0,55836000.0,59133000.0,51650000.0,33496000.0,43922000.0,12752000.0,10178000.0
20260213,-8165170.0,47540000.0,43279210.0,49060450.0,45156080.0,32276890.0,37607720.0,10507270.0,13341610.0,85445000.0,77807000.0,88201000.0,81193000.0,58018000.0,67584000.0,18907000.0,23988000.0
20260224,3558090.0,35208400.0,38014010.0,38332150.0,39084630.0,26243880.0,26133500.0,15251940.0,11804230.0,62667000.0,67659000.0,68249000.0,69576000.0,46716000.0,46517000.0,27136000.0,21017000.0
20260225,-646540.0,30476120.0,30864990.0,35524870.0,34489450.0,20894320.0,23581350.0,7706880.0,5666390.0,54265000.0,54959000.0,63250000.0,61409000.0,37201000.0,41982000.0,13734000.0,10100000.0
20260226,118800.0,30702110.0,29318410.0,32939230.0,34441730.0,20267300.0,18145040.0,5018590.0,7022050.0,54903000.0,52433000.0,58913000.0,61598000.0,36247000.0,32440000.0,8979000.0,12572000.0
20260227,1187730.0,38560960.0,37748960.0,44099210.0,46098940.0,27477200.0,27617020.0,10962610.0,9635060.0,69626000.0,68159000.0,79588000.0,83208000.0,49569000.0,49807000.0,19762000.0,17371000.0
20260302,-2551120.0,101111580.0,102644490.0,138630960.0,134546940.0,92074960.0,89036820.0,34174640.0,39763900.0,175941000.0,178644000.0,241144000.0,234057000.0,160143000.0,154811000.0,59398000.0,69114000.0
20260303,-4931040.0,64674850.0,66726450.0,74970590.0,67987960.0,41671530.0,44370360.0,19875910.0,22108120.0,115128000.0,118837000.0,133463000.0,121039000.0,74222000.0,78969000.0,35388000.0,39355000.0
20260304,-2605630.0,57926900.0,57794540.0,64436650.0,61963380.0,37339960.0,37523130.0,13743100.0,16165560.0,103386000.0,103109000.0,115050000.0,110600000.0,66503000.0,66870000.0,24447000.0,28809000.0
20260305,390390.0,41769590.0,45491640.0,43004430.0,39672760.0,26034800.0,25456000.0,11549340.0,11737750.0,74720000.0,81406000.0,76918000.0,70966000.0,46552000.0,45515000.0,20657000.0,20959000.0
20260306,-1481780.0,32540770.0,31227240.0,33751480.0,33583230.0,21390980.0,23470650.0,11697690.0,11099800.0,58394000.0,56033000.0,60575000.0,60255000.0,38385000.0,42110000.0,20978000.0,19935000.0
20260309,-3829270.0,40859400.0,38357520.0,40204750.0,38877360.0,25957030.0,25405240.0,6950370.0,11331430.0,75252000.0,70656000.0,74052000.0,71592000.0,47790000.0,46784000.0,12813000.0,20874000.0
20260310,421680.0,24994300.0,24972090.0,31113660.0,31557540.0,19537340.0,20106540.0,9142730.0,8151850.0,45901000.0,45857000.0,57143000.0,57948000.0,35882000.0,36927000.0,16790000.0,14983000.0
20260311,-2041010.0,31981660.0,31323460.0,30794110.0,29411290.0,18589040.0,20352480.0,5398910.0,5676480.0,59335000.0,58113000.0,57128000.0,54562000.0,34480000.0,37750000.0,10020000.0,10537000.0
20260312,1743980.0,32263350.0,34681660.0,30677220.0,30002890.0,19287930.0,18428280.0,7323270.0,6438940.0,60628000.0,65178000.0,57646000.0,56385000.0,36255000.0,34640000.0,13771000.0,12097000.0
20260313,263920.0,38333760.0,40936100.0,39191890.0,36853460.0,26621190.0,23903030.0,9058970.0,11513210.0,73562000.0,78562000.0,75237000.0,70699000.0,51108000.0,45910000.0,17377000.0,22114000.0
20260316,156070.0,26339840.0,26928880.0,29696170.0,29263210.0,21518070.0,20247470.0,5432380.0,6546910.0,51551000.0,52711000.0,58126000.0,57264000.0,42129000.0,39642000.0,10636000.0,12825000.0
20260317,3880910.0,25975010.0,25647690.0,28819450.0,33027680.0,16840100.0,15499700.0,4381710.0,1841200.0,51164000.0,50521000.0,56760000.0,65041000.0,33167000.0,30536000.0,8630000.0,3624000.0
20260318,3134270.0,29599080.0,31683930.0,27831670.0,28881110.0,17984030.0,14809300.0,4419370.0,4459830.0,58725000.0,62894000.0,55223000.0,57297000.0,35716000.0,29401000.0,8774000.0,8846000.0
20260319,2611430.0,25716050.0,27143260.0,25322660.0,26506880.0,15954070.0,13741250.0,1853760.0,1455150.0,51550000.0,54418000.0,50751000.0,53137000.0,32008000.0,27550000.0,3710000.0,2914000.0
20260320,-2340120.0,48806640.0,46238430.0,42634870.0,42862960.0,31658190.0,34777470.0,8516640.0,7737480.0,101119000.0,95740000.0,88323000.0,88763000.0,65628000.0,72143000.0,17639000.0,16062000.0
20260323,-5016610.0,52126930.0,48537980.0,51737010.0,50309360.0,31749470.0,35390840.0,13290560.0,14665800.0,109518000.0,101827000.0,108768000.0,105715000.0,66716000.0,74499000.0,27876000.0,30838000.0
20260324,1258830.0,28398590.0,28418380.0,24641770.0,25880810.0,13622700.0,14475710.0,3391670.0,1279830.0,59436000.0,59478000.0,51558000.0,54136000.0,28492000.0,30280000.0,7086000.0,2678000.0
20260325,2146620.0,32555670.0,33291410.0,32434530.0,33845400.0,23713280.0,21517270.0,6942780.0,6992170.0,66998000.0,68517000.0,66719000.0,69626000.0,48766000.0,44267000.0,14346000.0,14420000.0
20260326,-206590.0,25606530.0,26305870.0,22532300.0,21626380.0,13104730.0,14322800.0,2624890.0,1613410.0,53345000.0,54790000.0,46909000.0,45030000.0,27282000.0,29828000.0,5482000.0,3369000.0
20260327,-1540020.0,17503020.0,16271090.0,13658010.0,13349910.0,9270370.0,8998490.0,2150850.0,3962750.0,36702000.0,34100000.0,28648000.0,27994000.0,19446000.0,18888000.0,4517000.0,8332000.0
20260330,-3411350.0,20461910.0,19360700.0,19034510.0,16724360.0,7570380.0,10091240.0,1883460.0,2773950.0,42581000.0,40296000.0,39609000.0,34805000.0,15762000.0,20998000.0,3924000.0,5776000.0
20260331,-911290.0,60261660.0,56241420.0,42758420.0,45867370.0,27150940.0,27612570.0,7726850.0,8176510.0,121153000.0,113166000.0,86010000.0,92243000.0,54639000.0,55526000.0,15552000.0,16420000.0
20260401,-454500.0,30237780.0,33820270.0,24368650.0,20331660.0,15699520.0,14773070.0,1377760.0,2758710.0,61795000.0,69110000.0,49787000.0,41518000.0,32054000.0,30181000.0,2811000.0,5638000.0
20260402,-254640.0,28774700.0,28785610.0,19785540.0,19520000.0,11964360.0,12748940.0,3601220.0,3071280.0,59395000.0,59384000.0,40839000.0,40274000.0,24686000.0,26329000.0,7440000.0,6372000.0
20260403,-2592080.0,19679750.0,17905470.0,14473800.0,13656010.0,7777500.0,9302220.0,2228710.0,3296070.0,40914000.0,37230000.0,30090000.0,28383000.0,16164000.0,19331000.0,4631000.0,6856000.0
20260407,471310.0,18332830.0,19754600.0,13440680.0,12490220.0,10692800.0,9535550.0,1813580.0,2499520.0,38417000.0,41392000.0,28171000.0,26169000.0,22398000.0,19986000.0,3807000.0,5245000.0
20260408,242160.0,29680440.0,30379110.0,26564370.0,26107870.0,16985440.0,16575660.0,3782690.0,3950310.0,60953000.0,62385000.0,54581000.0,53638000.0,34896000.0,34045000.0,7768000.0,8130000.0
20260409,5096340.0,29065250.0,36879140.0,30223850.0,27506300.0,16135120.0,11899810.0,3373290.0,2512260.0,60537000.0,76854000.0,62927000.0,57257000.0,33575000.0,24746000.0,7038000.0,5220000.0
20260410,-3242660.0,37527280.0,34277640.0,31378460.0,31385430.0,15964270.0,16312070.0,4502530.0,7397390.0,77129000.0,70475000.0,64541000.0,64550000.0,32846000.0,33548000.0,9269000.0,15211000.0
20260413,-847670.0,72105410.0,73144050.0,78672410.0,76786090.0,57801990.0,51502280.0,17499720.0,24647100.0,142065000.0,144157000.0,155135000.0,151373000.0,113956000.0,101566000.0,34576000.0,48636000.0
20260414,1762680.0,51023220.0,50741780.0,44312900.0,46357010.0,27560970.0,24027930.0,11741010.0,13511370.0,99714000.0,99176000.0,86610000.0,90597000.0,53874000.0,46957000.0,22950000.0,26418000.0
20260415,5409840.0,42086600.0,45415320.0,37759120.0,39840240.0,22545850.0,17670940.0,8438780.0,7903850.0,82456000.0,89003000.0,73843000.0,77925000.0,44088000.0,34470000.0,16454000.0,15444000.0
20260416,5242630.0,31410440.0,32917230.0,26402500.0,30138330.0,17049560.0,14451890.0,6406070.0,3761110.0,62319000.0,65321000.0,52384000.0,59796000.0,33843000.0,28672000.0,12706000.0,7463000.0
20260417,941890.0,33552150.0,36970130.0,40796100.0,38320010.0,23201770.0,22831770.0,5480110.0,4908220.0,66080000.0,72788000.0,80358000.0,75464000.0,45692000.0,44975000.0,10794000.0,9699000.0
20260420,-1531690.0,37036910.0,38591880.0,41830960.0,38744310.0,25807270.0,27650960.0,7583910.0,7271910.0,72945000.0,76011000.0,82378000.0,76294000.0,50812000.0,54454000.0,14929000.0,14305000.0
20260421,1608020.0,33337830.0,34739650.0,33108360.0,33314560.0,17102660.0,16774460.0,5171060.0,3891240.0,66481000.0,69304000.0,66029000.0,66426000.0,34099000.0,33436000.0,10315000.0,7758000.0
20260422,-2048220.0,38482840.0,37069090.0,28096610.0,27462140.0,16170000.0,15568380.0,3416610.0,6066450.0,77597000.0,74756000.0,56667000.0,55385000.0,32600000.0,31379000.0,6898000.0,12243000.0
20260423,5931390.0,40920440.0,51600140.0,36955030.0,32206720.0,25273100.0,19648130.0,6832260.0,6525840.0,82646000.0,104275000.0,74616000.0,64990000.0,51004000.0,39615000.0,13730000.0,13116000.0
20260424,876980.0,28837610.0,29842500.0,24711190.0,24583260.0,15070730.0,14476770.0,3943100.0,3660080.0,59408000.0,61485000.0,50913000.0,50634000.0,31041000.0,29819000.0,8122000.0,7547000.0
20260427,-2833380.0,30142220.0,29387410.0,24472510.0,22393950.0,16135610.0,19597450.0,4774480.0,4146020.0,62210000.0,60651000.0,50501000.0,46207000.0,33299000.0,40442000.0,9842000.0,8553000.0
20260428,2669320.0,24710750.0,26913160.0,21436570.0,21903490.0,13063730.0,11906560.0,6437010.0,4924860.0,51284000.0,55863000.0,44491000.0,45459000.0,27103000.0,24701000.0,13366000.0,10220000.0
20260429,2916190.0,46135770.0,49660430.0,40388990.0,39780520.0,22428850.0,19881120.0,4921380.0,4552920.0,98290000.0,105742000.0,86058000.0,84739000.0,47788000.0,42380000.0,10455000.0,9731000.0
20260430,346690.0,29784540.0,30011940.0,25937480.0,26056760.0,14387860.0,17062740.0,6305010.0,3283440.0,63265000.0,63754000.0,55110000.0,55354000.0,30558000.0,36245000.0,13394000.0,6974000.0
20260506,-107660.0,39305740.0,41639500.0,37717320.0,35275900.0,23869010.0,19980550.0,8435210.0,12431330.0,81520000.0,86365000.0,78242000.0,73189000.0,49517000.0,41453000.0,17509000.0,25781000.0
20260507,5077060.0,27332890.0,30207940.0,28364100.0,30566100.0,19226030.0,15957270.0,5449440.0,3641140.0,57045000.0,63057000.0,59194000.0,63785000.0,40121000.0,33290000.0,11367000.0,7594000.0
20260508,2285770.0,65733060.0,65677810.0,68380970.0,70721990.0,49152140.0,49393250.0,14750880.0,12224000.0,133305000.0,133206000.0,138676000.0,143439000.0,99730000.0,100259000.0,30026000.0,24832000.0
20260511,4265740.0,50140210.0,50179610.0,54709810.0,58936140.0,37044710.0,32641390.0,11647690.0,11785270.0,101166000.0,101294000.0,110363000.0,118969000.0,74738000.0,65772000.0,23474000.0,23705000.0
20260512,2883900.0,68106210.0,72601640.0,78586710.0,76975180.0,48652920.0,46351540.0,14171160.0,13588640.0,137569000.0,146544000.0,158389000.0,155137000.0,98055000.0,93395000.0,28426000.0,27362000.0
20260513,6658400.0,41832150.0,48705560.0,39367670.0,39152660.0,24744380.0,21641990.0,11917390.0,8361380.0,85268000.0,99278000.0,80259000.0,79807000.0,50443000.0,44127000.0,24295000.0,17054000.0
20260514,-1820640.0,36464870.0,37185210.0,39185220.0,36644230.0,18991660.0,22239980.0,8749190.0,7321510.0,75713000.0,77230000.0,81365000.0,76092000.0,39424000.0,46163000.0,18148000.0,15166000.0
20260515,-2188620.0,29719430.0,31670860.0,29508310.0,25368250.0,15200380.0,12981300.0,2418070.0,6825770.0,62625000.0,66737000.0,62180000.0,53452000.0,32026000.0,27353000.0,5102000.0,14391000.0
20260518,-1865580.0,28212540.0,29122480.0,28828290.0,26052780.0,17380800.0,17764570.0,4085300.0,5567110.0,60100000.0,62013000.0,61399000.0,55482000.0,36987000.0,37849000.0,8726000.0,11868000.0
20260519,-914400.0,19930350.0,20281520.0,19133540.0,17867960.0,11494310.0,11144780.0,797680.0,2061610.0,42587000.0,43333000.0,40886000.0,38175000.0,24559000.0,23819000.0,1699000.0,4405000.0
20260520,236110.0,34356450.0,35247640.0,32277020.0,31621940.0,17613010.0,15702560.0,2596240.0,4270580.0,74358000.0,76278000.0,69860000.0,68466000.0,38131000.0,34012000.0,5625000.0,9218000.0
20260521,4135430.0,24494430.0,26848390.0,24921490.0,26702970.0,17147260.0,14329960.0,3969730.0,2651600.0,53209000.0,58318000.0,54137000.0,58006000.0,37263000.0,31144000.0,8627000.0,5768000.0
20260522,835420.0,27394830.0,27607460.0,25425650.0,26048440.0,16800290.0,14378050.0,3653630.0,5240450.0,60079000.0,60557000.0,55773000.0,57143000.0,36881000.0,31558000.0,8029000.0,11504000.0
20260525,-4543580.0,38616730.0,39424180.0,40255350.0,34904310.0,22555510.0,23955420.0,4006990.0,7150660.0,86938000.0,88811000.0,90649000.0,78582000.0,50846000.0,53972000.0,9018000.0,16085000.0
20260526,-2981420.0,28842130.0,26924580.0,27856190.0,26792310.0,16708400.0,20403470.0,3810210.0,3096560.0,66126000.0,61734000.0,63875000.0,61433000.0,38345000.0,46828000.0,8756000.0,7107000.0
20260527,-289800.0,25252200.0,25284850.0,22744370.0,22421920.0,12635170.0,11295570.0,2726740.0,4356140.0,58675000.0,58784000.0,52880000.0,52112000.0,29389000.0,26239000.0,6327000.0,10137000.0
20260528,427810.0,18747020.0,18915500.0,16134280.0,16393630.0,9472470.0,9257340.0,2055990.0,1843310.0,43793000.0,44192000.0,37695000.0,38299000.0,22130000.0,21629000.0,4803000.0,4301000.0
20260529,-2695370.0,27868420.0,27261990.0,29614690.0,27525750.0,13429750.0,14925560.0,4725500.0,5925060.0,65169000.0,63723000.0,69199000.0,64332000.0,31422000.0,34928000.0,11064000.0,13870000.0
20260601,-596730.0,26478410.0,25847050.0,23387700.0,23422330.0,13134290.0,13988680.0,4164790.0,3907130.0,60940000.0,59484000.0,53842000.0,53899000.0,30258000.0,32217000.0,9581000.0,9021000.0
20260602,966440.0,23792490.0,23967200.0,20466080.0,21257810.0,10797630.0,10075720.0,2393210.0,2148680.0,54763000.0,55185000.0,47102000.0,48928000.0,24851000.0,23168000.0,5517000.0,4953000.0
20260603,-144830.0,25531710.0,26207200.0,20638440.0,19818110.0,12323500.0,11903260.0,3421430.0,3986500.0,59842000.0,61425000.0,48369000.0,46449000.0,28884000.0,27904000.0,8017000.0,9334000.0
20260604,-6424660.0,32300810.0,28298730.0,29075110.0,26652540.0,15681430.0,19146390.0,3153750.0,6113450.0,78058000.0,68373000.0,70260000.0,64422000.0,37909000.0,46284000.0,7632000.0,14780000.0
20260605,396820.0,33484650.0,33175090.0,29896590.0,30602960.0,14724230.0,14168460.0,2427680.0,2586630.0,81756000.0,80993000.0,73043000.0,74796000.0,35974000.0,34591000.0,5917000.0,6310000.0
20260608,-2726910.0,31661690.0,28640800.0,29238930.0,29532900.0,14998600.0,15249920.0,3217260.0,5692850.0,77532000.0,70131000.0,71620000.0,72342000.0,36771000.0,37391000.0,7908000.0,13968000.0
20260609,941210.0,24284730.0,23300510.0,21549700.0,23475120.0,13555010.0,14312280.0,5089270.0,3390790.0,59945000.0,57510000.0,53162000.0,57910000.0,33468000.0,35308000.0,12546000.0,8394000.0
20260610,1337420.0,21903980.0,22442710.0,15836180.0,16634870.0,10303770.0,9209710.0,1635770.0,1392410.0,53188000.0,54500000.0,38417000.0,40351000.0,25004000.0,22343000.0,3970000.0,3385000.0
20260611,-462550.0,32475580.0,29857070.0,26233750.0,28389710.0,14819290.0,14768610.0,2514290.0,3027520.0,78489000.0,72195000.0,63431000.0,68630000.0,35886000.0,35744000.0,6069000.0,7307000.0
20260612,1274260.0,82016650.0,82235300.0,78942590.0,79998190.0,42262660.0,39492400.0,7842210.0,9338210.0,185433000.0,185945000.0,178585000.0,180944000.0,95802000.0,89546000.0,17823000.0,21208000.0
20260615,-2505050.0,47295890.0,48452390.0,38539610.0,34878070.0,21429580.0,21153610.0,4093590.0,6874610.0,108570000.0,111280000.0,88481000.0,80061000.0,49163000.0,48534000.0,9411000.0,15750000.0
20260616,3248940.0,31087240.0,34722780.0,24517070.0,24130470.0,13165320.0,13236840.0,5090870.0,1770410.0,72417000.0,80903000.0,57104000.0,56170000.0,30623000.0,30813000.0,11853000.0,4111000.0
20260617,-1535850.0,27205360.0,26236080.0,22652910.0,22086330.0,9684680.0,9991970.0,2383190.0,3611750.0,64695000.0,62395000.0,53860000.0,52495000.0,23035000.0,23773000.0,5663000.0,8591000.0
20260618,-1393180.0,26896570.0,25926170.0,22168000.0,21745220.0,11167590.0,11698720.0,3563590.0,4425640.0,64709000.0,62359000.0,53321000.0,52297000.0,26870000.0,28146000.0,8573000.0,10671000.0
20260622,-2249850.0,31363560.0,29907070.0,24834640.0,24041280.0,13860820.0,14574570.0,2822030.0,4358130.0,76233000.0,72703000.0,60361000.0,58402000.0,33687000.0,35416000.0,6842000.0,10603000.0
20260623,3226790.0,23255490.0,27612610.0,22098110.0,20967780.0,12111670.0,9754120.0,4216170.0,3346930.0,56327000.0,66916000.0,53538000.0,50764000.0,29315000.0,23603000.0,10203000.0,8101000.0
20260624,4211330.0,19168450.0,22466140.0,15179730.0,16093380.0,11825070.0,9045470.0,3821960.0,2390230.0,47091000.0,55199000.0,37294000.0,39533000.0,29064000.0,22235000.0,9392000.0,5873000.0
20260625,1806770.0,26099780.0,28962600.0,21506260.0,20450220.0,11277050.0,9164780.0,3394010.0,3699510.0,64983000.0,72108000.0,53529000.0,50911000.0,28060000.0,22814000.0,8456000.0,9196000.0
20260626,1710960.0,45234090.0,43628780.0,31102470.0,34418740.0,18354770.0,17780070.0,7732640.0,6596380.0,113861000.0,109723000.0,78219000.0,86470000.0,46013000.0,44652000.0,19345000.0,16593000.0
20260629,273880.0,28780460.0,29409900.0,18759870.0,18404310.0,11023480.0,10675850.0,3388760.0,3462510.0,71894000.0,73447000.0,46832000.0,45966000.0,27511000.0,26683000.0,8509000.0,8650000.0
20260630,135250.0,32855620.0,33437760.0,28602470.0,28155580.0,15552210.0,15587020.0,2358650.0,2188590.0,80837000.0,82319000.0,70381000.0,69250000.0,38315000.0,38386000.0,5796000.0,5372000.0
20260701,1145520.0,28682080.0,29298360.0,25009560.0,25538790.0,13402750.0,12689010.0,5271940.0,4840160.0,69634000.0,71111000.0,60717000.0,61982000.0,32539000.0,30821000.0,12777000.0,11753000.0
20260702,1720230.0,23785160.0,25341040.0,22096270.0,22260620.0,12062420.0,10992450.0,6085700.0,5435440.0,57809000.0,61591000.0,53695000.0,54099000.0,29317000.0,26715000.0,14773000.0,13190000.0
20260703,-4300.0,30296750.0,29103090.0,30319710.0,31509070.0,17889640.0,16924070.0,5153450.0,6123320.0,73098000.0,70239000.0,73157000.0,76035000.0,43172000.0,40820000.0,12428000.0,14762000.0
20260706,2290860.0,23706290.0,26226940.0,21100360.0,20870580.0,10838050.0,9517820.0,2601000.0,1630370.0,57608000.0,63738000.0,51258000.0,50698000.0,26331000.0,23125000.0,6335000.0,3970000.0
20260707,-1600.0,23467410.0,23276240.0,17265410.0,17454970.0,8808010.0,8559750.0,1412750.0,1662610.0,58164000.0,57695000.0,42793000.0,43268000.0,21848000.0,21227000.0,3513000.0,4128000.0
20260708,413780.0,16275120.0,15941560.0,11473950.0,12221290.0,6719100.0,6315420.0,1033470.0,1023370.0,40684000.0,39853000.0,28668000.0,30540000.0,16791000.0,15774000.0,2581000.0,2557000.0
20260709,-1598540.0,24468670.0,23798010.0,17717040.0,16789150.0,7032680.0,7989600.0,916630.0,1558250.0,61951000.0,60240000.0,44881000.0,42546000.0,17797000.0,20209000.0,2322000.0,3956000.0
20260710,-5611440.0,40235190.0,35019420.0,33067820.0,32672140.0,14052750.0,20261750.0,4310530.0,3712970.0,99635000.0,86740000.0,81793000.0,80843000.0,34847000.0,50133000.0,10662000.0,9220000.0
20260713,-806820.0,33515300.0,32044480.0,21249840.0,21913850.0,9720900.0,11184260.0,4030050.0,3373510.0,85390000.0,81670000.0,54130000.0,55814000.0,24742000.0,28465000.0,10267000.0,8580000.0
20260714,-1071380.0,23045820.0,22168630.0,12978330.0,12784140.0,4921040.0,6559230.0,2084840.0,1518030.0,59577000.0,57304000.0,33550000.0,33045000.0,12718000.0,16958000.0,5399000.0,3937000.0
20260715,-881410.0,37635420.0,35046470.0,25495820.0,27203360.0,15314900.0,13733730.0,3603130.0,6065710.0,95290000.0,88719000.0,64686000.0,68940000.0,38821000.0,34839000.0,9162000.0,15461000.0
20260716,-2374980.0,21878510.0,19076780.0,15929190.0,16355940.0,8526310.0,8745790.0,2349080.0,4504580.0,54934000.0,47906000.0,39990000.0,41063000.0,21410000.0,21958000.0,5897000.0,11305000.0
20260717,-4802540.0,33402050.0,28979990.0,32618260.0,32237770.0,13309600.0,16880440.0,2726000.0,3957700.0,82674000.0,71725000.0,80704000.0,79775000.0,32947000.0,41774000.0,6750000.0,9800000.0
20260720,-5898310.0,52787960.0,46050620.0,44990350.0,45829390.0,20373910.0,23706720.0,4004090.0,6569590.0,126294000.0,110215000.0,107706000.0,109687000.0,48793000.0,56744000.0,9573000.0,15720000.0
20260721,-2184010.0,46609020.0,45080590.0,38696790.0,38041210.0,19038520.0,19356240.0,4168730.0,6035020.0,109857000.0,106244000.0,91164000.0,89572000.0,44810000.0,45591000.0,9822000.0,14247000.0
20260722,-853650.0,30917680.0,30103970.0,25598080.0,25558130.0,14340860.0,12769470.0,5401340.0,7826380.0,72773000.0,70878000.0,60273000.0,60194000.0,33781000.0,30054000.0,12715000.0,18416000.0
20260723,-1785800.0,36449830.0,34067350.0,28039520.0,28636200.0,14029840.0,14091680.0,1714640.0,3438600.0,84564000.0,79095000.0,65084000.0,66460000.0,32606000.0,32708000.0,3988000.0,7979000.0
20260724,3018910.0,34636620.0,33474110.0,25777200.0,29958630.0,20501900.0,18939930.0,6352310.0,4895370.0,79578000.0,76918000.0,59221000.0,68813000.0,47095000.0,43528000.0,14641000.0,11276000.0
20260727,-2049950.0,26426280.0,25125710.0,20414940.0,19665550.0,9491910.0,10062220.0,2174810.0,3654450.0,61017000.0,58017000.0,47137000.0,45402000.0,21910000.0,23223000.0,5014000.0,8437000.0
20260728,-6542960.0,30477960.0,27582270.0,25808250.0,22160970.0,10536670.0,16581190.0,3281340.0,3779780.0,71010000.0,64276000.0,60183000.0,51662000.0,24595000.0,38672000.0,7609000.0,8788000.0
20260729,3132850.0,29396970.0,31461870.0,24105620.0,25173570.0,14643030.0,12138830.0,2414410.0,1785760.0,67180000.0,71902000.0,55086000.0,57520000.0,33468000.0,27750000.0,5524000.0,4084000.0
20260730,-928490.0,26661170.0,26211450.0,19968700.0,19489940.0,11116750.0,12008930.0,3060860.0,3097170.0,60559000.0,59532000.0,45351000.0,44256000.0,25224000.0,27269000.0,6960000.0,7038000.0
20260731,232210.0,27831510.0,26760120.0,20949440.0,22253030.0,12868360.0,12653310.0,2742770.0,2725610.0,63809000.0,61359000.0,48032000.0,51018000.0,29503000.0,29008000.0,6290000.0,6249000.0
20260803,-6587010.0,21850180.0,12870540.0,15380570.0,17773200.0,9699000.0,13388870.0,1977080.0,4874220.0,50532000.0,29762000.0,35582000.0,41109000.0,22441000.0,30973000.0,4568000.0,11278000.0
20260804,-2141210.0,15795670.0,13898450.0,16717450.0,16473470.0,14875500.0,15357370.0,2404660.0,4064000.0,36591000.0,32177000.0,38735000.0,38140000.0,34416000.0,35580000.0,5570000.0,9415000.0
20260805,-6604300.0,21229860.0,17599160.0,23782620.0,20809030.0,17482740.0,18997730.0,7174870.0,12264180.0,49760000.0,41216000.0,55745000.0,48737000.0,40966000.0,44551000.0,16816000.0,28783000.0
20260806,-1202350.0,18293650.0,14662560.0,18608070.0,21036820.0,14229880.0,15036730.0,3671390.0,4066890.0,43049000.0,34480000.0,43757000.0,49474000.0,33441000.0,35353000.0,8631000.0,9570000.0
20260807,-1735200.0,15671950.0,15700950.0,20176390.0,18412170.0,14112090.0,14604130.0,3649790.0,4892950.0,36938000.0,36986000.0,47539000.0,43362000.0,33225000.0,34409000.0,8600000.0,11545000.0
20260810,18030920.0,29202790.0,41475850.0,48973260.0,54731110.0,38458250.0,40161940.0,29606480.0,9871870.0,66445000.0,93942000.0,110971000.0,124078000.0,87075000.0,90949000.0,66838000.0,22360000.0
20260811,5177710.0,26330140.0,30495770.0,33672980.0,34685050.0,26711040.0,25260530.0,19486680.0,15759480.0,59424000.0,68706000.0,75975000.0,78101000.0,60189000.0,56825000.0,43607000.0,35562000.0
20260812,2014460.0,11855800.0,15409450.0,16148720.0,14609520.0,11648340.0,8757190.0,3562850.0,4439540.0,26776000.0,34801000.0,36469000.0,32981000.0,26300000.0,19772000.0,8052000.0,10042000.0
20260813,18326220.0,20451030.0,30609860.0,28405770.0,36573160.0,31179640.0,24522330.0,22765670.0,11096760.0,45823000.0,68461000.0,63572000.0,81738000.0,69638000.0,54816000.0,50814000.0,24831000.0
20260814,2786090.0,21228900.0,24130170.0,31022750.0,30907570.0,23982770.0,22037450.0,9955470.0,9114700.0,47372000.0,53774000.0,69214000.0,68818000.0,53355000.0,49094000.0,22121000.0,20376000.0
20260817,2206730.0,13524870.0,16660600.0,18993520.0,18064530.0,17656790.0,13968490.0,5302210.0,6783780.0,30544000.0,37563000.0,42873000.0,40744000.0,39823000.0,31542000.0,11986000.0,15377000.0
20260818,-3687240.0,13562270.0,14936960.0,20023310.0,14961380.0,11748160.0,15059960.0,5617600.0,5993040.0,30865000.0,33985000.0,45567000.0,34030000.0,26737000.0,34270000.0,12758000.0,13641000.0
20260819,-7486570.0,21024400.0,17616540.0,29722130.0,25643420.0,11615660.0,19950540.0,6033170.0,5184860.0,48555000.0,40617000.0,68589000.0,59143000.0,26797000.0,46113000.0,13927000.0,11995000.0
20260820,2468130.0,8485800.0,9940000.0,11632190.0,12646130.0,13909620.0,11706300.0,3228570.0,2963760.0,19462000.0,22786000.0,26669000.0,28986000.0,31885000.0,26837000.0,7392000.0,6798000.0
