trade_date,main_net_in,buy_sm_amount,sell_sm_amount,buy_md_amount,sell_md_amount,buy_lg_amount,sell_lg_amount,buy_elg_amount,sell_elg_amount,buy_sm_vol,sell_sm_vol,buy_md_vol,sell_md_vol,buy_lg_vol,sell_lg_vol,buy_elg_vol,sell_elg_vol
20190102,492070.0,4357430.0,6411720.0,4259590.0,2791890.0,2175090.0,1575820.0,0.0,107200.0,20280000.0,29836000.0,19826000.0,12986000.0,10112000.0,7339000.0,0.0,500000.0
20190103,1599220.0,6551760.0,7853060.0,8046630.0,8205540.0,9011540.0,7223500.0,2689060.0,2877880.0,29630000.0,35532000.0,36348000.0,37054000.0,40625000.0,32594000.0,12082000.0,12901000.0
20190104,-1199170.0,6522680.0,7875250.0,7783190.0,5287970.0,4659680.0,5438040.0,330990.0,751800.0,29651000.0,35716000.0,35318000.0,23994000.0,21145000.0,24735000.0,1492000.0,3422000.0
20190107,1938060.0,5572460.0,8530200.0,10834060.0,9752580.0,10134010.0,8932570.0,3065870.0,2329250.0,24549000.0,37538000.0,47681000.0,42914000.0,44503000.0,39283000.0,13442000.0,10189000.0
20190108,-1627820.0,4377550.0,3181540.0,5746440.0,5161370.0,3297620.0,3635150.0,103190.0,1393480.0,19351000.0,14056000.0,25390000.0,22809000.0,14580000.0,16069000.0,457000.0,6170000.0
20190109,-627130.0,3968370.0,3582100.0,4351840.0,3858880.0,2804250.0,3304920.0,470000.0,596460.0,17520000.0,15813000.0,19225000.0,17040000.0,12393000.0,14609000.0,2075000.0,2636000.0
20190110,1731640.0,3117520.0,4827480.0,3717150.0,3713620.0,4644350.0,3163310.0,473050.0,222450.0,13844000.0,21433000.0,16496000.0,16482000.0,20602000.0,14023000.0,2093000.0,990000.0
20190111,397080.0,3029930.0,3604950.0,3136430.0,2958480.0,2913080.0,2510810.0,330800.0,335990.0,13358000.0,15900000.0,13834000.0,13040000.0,12840000.0,11070000.0,1457000.0,1480000.0
20190114,-934510.0,2737310.0,1925600.0,2335750.0,2212940.0,1307180.0,1779520.0,226000.0,688170.0,12140000.0,8539000.0,10367000.0,9817000.0,5804000.0,7903000.0,1000000.0,3052000.0
20190115,-70590.0,2452960.0,2563290.0,2621350.0,2440440.0,2397370.0,2100830.0,0.0,367130.0,10847000.0,11332000.0,11590000.0,10787000.0,10591000.0,9286000.0,0.0,1622000.0
20190116,667810.0,3609770.0,4159500.0,2938950.0,3057010.0,2440180.0,1438780.0,434450.0,768040.0,15965000.0,18413000.0,13007000.0,13517000.0,10806000.0,6365000.0,1923000.0,3406000.0
20190117,-183860.0,2571630.0,3745600.0,3755300.0,2397480.0,2197430.0,1378050.0,229820.0,1233060.0,11451000.0,16669000.0,16716000.0,10670000.0,9794000.0,6125000.0,1025000.0,5522000.0
20190118,153260.0,3013670.0,3188070.0,2829970.0,2808830.0,1497970.0,2503360.0,1551550.0,392900.0,13402000.0,14176000.0,12583000.0,12481000.0,6659000.0,11126000.0,6885000.0,1746000.0
20190121,-230220.0,3895400.0,3221860.0,3599680.0,4043000.0,2564250.0,2552440.0,124960.0,366990.0,17197000.0,14222000.0,15892000.0,17847000.0,11318000.0,11267000.0,550000.0,1621000.0
20190122,-485980.0,3214020.0,3137410.0,3085770.0,2676400.0,2378530.0,2914540.0,673270.0,623240.0,14354000.0,13988000.0,13792000.0,11955000.0,10629000.0,13042000.0,3005000.0,2796000.0
20190123,369500.0,3513960.0,3717260.0,2939870.0,3106070.0,2213750.0,2943500.0,1099250.0,0.0,15683000.0,16584000.0,13129000.0,13865000.0,9879000.0,13142000.0,4900000.0,0.0
20190124,2849420.0,2839640.0,4476160.0,3630120.0,4843030.0,5606110.0,4674520.0,2601210.0,683380.0,12492000.0,19663000.0,15968000.0,21255000.0,24591000.0,20534000.0,11405000.0,3004000.0
20190125,-252390.0,2613060.0,1930580.0,2305940.0,2736020.0,1968240.0,2270780.0,344410.0,294260.0,11485000.0,8479000.0,10134000.0,12018000.0,8642000.0,9983000.0,1515000.0,1296000.0
20190128,-1227370.0,3613010.0,2000780.0,4001740.0,4386600.0,2415940.0,3530260.0,0.0,113050.0,15952000.0,8795000.0,17649000.0,19350000.0,10643000.0,15599000.0,0.0,500000.0
20190129,-566890.0,3855230.0,2848580.0,3811890.0,4251650.0,4369260.0,4098220.0,222760.0,1060690.0,17311000.0,12785000.0,17123000.0,19098000.0,19618000.0,18408000.0,1007000.0,4768000.0
20190130,45390.0,3747930.0,3150270.0,2342860.0,2985920.0,1641190.0,1706530.0,110730.0,0.0,16884000.0,14185000.0,10552000.0,13447000.0,7386000.0,7690000.0,500000.0,0.0
20190131,-705280.0,3841220.0,3445900.0,3869880.0,3559920.0,2903350.0,2069530.0,170940.0,1710040.0,17393000.0,15587000.0,17538000.0,16121000.0,13158000.0,9386000.0,777000.0,7771000.0
20190201,-139010.0,2406790.0,2927040.0,3202610.0,2543370.0,1506630.0,2137570.0,491930.0,0.0,10839000.0,13183000.0,14408000.0,11450000.0,6785000.0,9611000.0,2212000.0,0.0
20190211,-645670.0,3846390.0,3044690.0,4333120.0,4489150.0,3715400.0,3645270.0,344660.0,1060460.0,17072000.0,13505000.0,19233000.0,19920000.0,16481000.0,16185000.0,1525000.0,4701000.0
20190212,1934040.0,4229240.0,4542620.0,4639530.0,6260170.0,6267500.0,4787170.0,2701870.0,2248160.0,18467000.0,19829000.0,20253000.0,27315000.0,27344000.0,20904000.0,11757000.0,9773000.0
20190213,1835850.0,4981410.0,4905770.0,5666370.0,7577860.0,7397350.0,6310890.0,2107180.0,1357790.0,21487000.0,21121000.0,24448000.0,32652000.0,31849000.0,27199000.0,9044000.0,5856000.0
20190214,-368960.0,5083680.0,3954000.0,6554230.0,7314960.0,4469170.0,4560560.0,1214960.0,1492530.0,21661000.0,16832000.0,27900000.0,31151000.0,19023000.0,19424000.0,5179000.0,6357000.0
20190215,-1050.0,4445190.0,3254470.0,5945360.0,7135020.0,4364690.0,4718920.0,815480.0,462300.0,19008000.0,13904000.0,25393000.0,30476000.0,18666000.0,20188000.0,3481000.0,1980000.0
20190218,6284340.0,4509020.0,7843830.0,6599370.0,9548910.0,14382090.0,10721830.0,4990850.0,2366770.0,18783000.0,32634000.0,27512000.0,39746000.0,59849000.0,44669000.0,20727000.0,9823000.0
20190219,2011690.0,5875700.0,6911870.0,7797840.0,8773370.0,11854410.0,10583460.0,3120770.0,2380030.0,24186000.0,28398000.0,32080000.0,36032000.0,48658000.0,43504000.0,12782000.0,9771000.0
20190220,2532680.0,6624440.0,8342710.0,9529390.0,10343810.0,9359950.0,8942960.0,4064530.0,1948840.0,27025000.0,33938000.0,38796000.0,42035000.0,37997000.0,36291000.0,16362000.0,7917000.0
20190221,1497360.0,7323080.0,9064700.0,12288170.0,12043910.0,16895280.0,16456300.0,5808290.0,4749910.0,29372000.0,36211000.0,49175000.0,48027000.0,67374000.0,65710000.0,23075000.0,19049000.0
20190222,-1443290.0,6368710.0,5039210.0,6803980.0,6690190.0,5953360.0,7182580.0,1747060.0,1961130.0,25795000.0,20399000.0,27540000.0,27086000.0,24094000.0,29064000.0,7047000.0,7927000.0
20190225,5200320.0,8521280.0,12020850.0,16876580.0,18577330.0,19518480.0,19409700.0,11610470.0,6518930.0,33215000.0,46710000.0,65666000.0,72267000.0,75936000.0,75536000.0,45081000.0,25384000.0
20190226,-9446370.0,14810990.0,9355310.0,22033090.0,18042400.0,19109290.0,20164750.0,8857970.0,17248880.0,57853000.0,36499000.0,86042000.0,70412000.0,74624000.0,78732000.0,34614000.0,67488000.0
20190227,-6904070.0,14466510.0,10700310.0,19608950.0,16471080.0,18956290.0,21382870.0,7205320.0,11682810.0,56532000.0,41634000.0,76444000.0,64204000.0,74001000.0,83429000.0,27950000.0,45660000.0
20190228,-5135550.0,10423570.0,6230920.0,12759770.0,11816860.0,11977510.0,14532050.0,2087660.0,4668670.0,41352000.0,24687000.0,50583000.0,46795000.0,47460000.0,57645000.0,8265000.0,18532000.0
20190301,-948120.0,5920330.0,6598890.0,9624110.0,7997420.0,10141280.0,8310260.0,2610320.0,5389460.0,23674000.0,26366000.0,38487000.0,31952000.0,40522000.0,33224000.0,10435000.0,21576000.0
20190304,-3508960.0,13529830.0,10039890.0,15924230.0,15905210.0,18456030.0,20228070.0,4460860.0,6197780.0,52871000.0,39186000.0,62193000.0,62107000.0,72111000.0,79076000.0,17451000.0,24256000.0
20190305,4237120.0,9261580.0,10431750.0,11119220.0,14186170.0,13646200.0,13632620.0,7568750.0,3345210.0,35961000.0,40432000.0,43136000.0,54999000.0,52920000.0,52882000.0,29255000.0,12960000.0
20190306,-18610.0,8261540.0,9635870.0,13030270.0,11637340.0,13082470.0,12192670.0,5206850.0,6115260.0,31804000.0,37051000.0,50150000.0,44691000.0,50304000.0,46889000.0,19797000.0,23424000.0
20190307,1347810.0,8791780.0,7096570.0,11326650.0,14369670.0,14047540.0,12037270.0,2855290.0,3517750.0,34001000.0,27426000.0,43784000.0,55508000.0,54262000.0,46523000.0,11026000.0,13616000.0
20190308,-1848640.0,8915870.0,6768710.0,12681460.0,12979970.0,15434310.0,15933750.0,6005330.0,7354530.0,35228000.0,26696000.0,50058000.0,51214000.0,61023000.0,63042000.0,23759000.0,29117000.0
20190311,603350.0,8171930.0,8735630.0,12375180.0,12414820.0,10684260.0,10087590.0,3766800.0,3760120.0,32092000.0,34248000.0,48614000.0,48699000.0,41976000.0,39628000.0,14726000.0,14832000.0
20190312,-277150.0,14374260.0,15509960.0,26037540.0,24624700.0,29094960.0,30070920.0,10384470.0,9685660.0,54372000.0,58566000.0,98273000.0,92917000.0,109598000.0,113400000.0,39059000.0,36419000.0
20190313,-2368450.0,16212870.0,15709480.0,27954890.0,26089830.0,31974750.0,31856490.0,10686060.0,13172770.0,59809000.0,57687000.0,102730000.0,95912000.0,117421000.0,117101000.0,39136000.0,48396000.0
20190314,-544550.0,10510880.0,8853720.0,14515720.0,15628340.0,18732290.0,18932640.0,4860000.0,5204200.0,40437000.0,33997000.0,55774000.0,59941000.0,71933000.0,72744000.0,18653000.0,20116000.0
20190315,-5357240.0,12728870.0,9623910.0,15813270.0,13561010.0,12210390.0,15302370.0,2545610.0,4810870.0,49634000.0,37465000.0,61635000.0,52858000.0,47576000.0,59649000.0,9903000.0,18775000.0
20190318,-942380.0,9476000.0,6536210.0,10199520.0,12196930.0,10843710.0,11804500.0,3888320.0,3869910.0,36747000.0,25330000.0,39565000.0,47277000.0,42017000.0,45775000.0,15061000.0,15007000.0
20190319,1848250.0,6956650.0,8617930.0,11588530.0,11775500.0,13564920.0,12883070.0,4106910.0,2940510.0,26643000.0,32951000.0,44324000.0,44999000.0,51791000.0,49253000.0,15669000.0,11224000.0
20190320,-2611430.0,7501280.0,5770600.0,10177080.0,9296340.0,10317820.0,10556720.0,1686980.0,4059510.0,29119000.0,22355000.0,39478000.0,36036000.0,40041000.0,40984000.0,6535000.0,15797000.0
20190321,1370380.0,5256250.0,4904400.0,7023950.0,8746180.0,9731690.0,8974500.0,3053690.0,2440500.0,20265000.0,18892000.0,27068000.0,33695000.0,37500000.0,34583000.0,11752000.0,9416000.0
20190322,8392990.0,7746060.0,11419940.0,11456730.0,16175850.0,20354170.0,16390800.0,8102710.0,3673090.0,29460000.0,43374000.0,43598000.0,61492000.0,77351000.0,62247000.0,30680000.0,13975000.0
20190325,2389860.0,15662240.0,18689010.0,29856340.0,29219420.0,35783940.0,34301210.0,18570000.0,17662870.0,56890000.0,67765000.0,108378000.0,105986000.0,130002000.0,124469000.0,66811000.0,63861000.0
20190326,-2993430.0,10797020.0,8183030.0,14753870.0,14374440.0,21939610.0,20432000.0,5865310.0,10366350.0,40325000.0,30513000.0,55014000.0,53556000.0,81769000.0,76200000.0,21872000.0,38712000.0
20190327,-2314630.0,6799060.0,4909880.0,10074850.0,9649410.0,9046230.0,10719540.0,3837240.0,4478560.0,26168000.0,18876000.0,38754000.0,37122000.0,34798000.0,41214000.0,14770000.0,17279000.0
20190328,1218560.0,5349000.0,6161550.0,8222970.0,8628970.0,7731670.0,5623430.0,1578700.0,2468380.0,20494000.0,23571000.0,31468000.0,33060000.0,29533000.0,21493000.0,6071000.0,9443000.0
20190329,-5034770.0,9382000.0,8120300.0,15484050.0,11710980.0,17992080.0,22084250.0,4959730.0,5902330.0,35844000.0,31008000.0,59162000.0,44751000.0,68719000.0,84323000.0,18918000.0,22562000.0
20190401,1586790.0,11082300.0,10721140.0,18898270.0,20846210.0,25887470.0,20970810.0,8141390.0,11471260.0,41210000.0,39823000.0,70264000.0,77467000.0,96136000.0,77925000.0,30264000.0,42659000.0
20190402,-5437540.0,12802490.0,10440550.0,21526320.0,18450720.0,22919370.0,22472470.0,4548840.0,10433280.0,47215000.0,38429000.0,79325000.0,67979000.0,84348000.0,82752000.0,16748000.0,38475000.0
20190403,-1816640.0,9819890.0,8865820.0,15486180.0,14623610.0,15043270.0,13930930.0,4301220.0,7230200.0,36550000.0,32947000.0,57595000.0,54400000.0,55952000.0,51823000.0,15954000.0,26883000.0
20190404,221460.0,7885430.0,7958880.0,13548600.0,13696620.0,15954520.0,15375830.0,6935350.0,7292580.0,29090000.0,29334000.0,49954000.0,50459000.0,58829000.0,56687000.0,25547000.0,26938000.0
20190408,-6035240.0,9982530.0,6852060.0,16008610.0,13103840.0,18156450.0,15680110.0,6648080.0,15159660.0,37214000.0,25519000.0,59630000.0,48803000.0,67573000.0,58324000.0,24692000.0,56462000.0
20190409,-3557240.0,7309320.0,5367980.0,9395470.0,7779570.0,9039840.0,6392670.0,2094520.0,8298930.0,27531000.0,20205000.0,35390000.0,29287000.0,34048000.0,24079000.0,7888000.0,31286000.0
20190410,-2948350.0,7218060.0,4906610.0,9866570.0,9229670.0,9492010.0,10667810.0,3389850.0,5162400.0,27486000.0,18658000.0,37569000.0,35117000.0,36148000.0,40622000.0,12888000.0,19695000.0
20190411,3339320.0,5861550.0,8137800.0,11496360.0,12559430.0,14072840.0,10794620.0,5429750.0,5368650.0,22173000.0,30723000.0,43451000.0,47438000.0,53119000.0,40779000.0,20453000.0,20257000.0
20190412,-2030080.0,5873940.0,4093010.0,6954350.0,6705200.0,6465380.0,8196680.0,1272570.0,1571350.0,22377000.0,15574000.0,26485000.0,25523000.0,24609000.0,31222000.0,4851000.0,6003000.0
20190415,1280350.0,6358820.0,7218700.0,9790090.0,10210560.0,11826380.0,10257110.0,5796800.0,6085720.0,24105000.0,27345000.0,37083000.0,38669000.0,44779000.0,38877000.0,21992000.0,23068000.0
20190416,-850400.0,6539010.0,5853990.0,9548080.0,9382700.0,11227720.0,11200090.0,1642320.0,2520350.0,25192000.0,22527000.0,36807000.0,36141000.0,43336000.0,43243000.0,6322000.0,9746000.0
20190417,-94400.0,5477840.0,4869150.0,7584310.0,8098590.0,7515200.0,7322760.0,1927480.0,2214320.0,20725000.0,18405000.0,28680000.0,30612000.0,28419000.0,27691000.0,7272000.0,8387000.0
20190418,-523870.0,4468020.0,4292110.0,8175500.0,7827530.0,8525110.0,8407300.0,2406340.0,3048020.0,16884000.0,16205000.0,30868000.0,29551000.0,32184000.0,31747000.0,9072000.0,11505000.0
20190419,414980.0,4830450.0,4671630.0,5965860.0,6539670.0,5322210.0,5657620.0,2866060.0,2115670.0,18355000.0,17729000.0,22662000.0,24834000.0,20216000.0,21498000.0,10880000.0,8053000.0
20190422,-71690.0,5858790.0,5992700.0,8399370.0,8193780.0,5637320.0,7971430.0,4190340.0,1927920.0,22139000.0,22632000.0,31737000.0,30964000.0,21313000.0,30130000.0,15831000.0,7295000.0
20190423,-1633080.0,6748410.0,4892950.0,8367670.0,8590050.0,6212680.0,8868020.0,5220990.0,4198730.0,26099000.0,18895000.0,32346000.0,33215000.0,24027000.0,34283000.0,20199000.0,16279000.0
20190424,648560.0,4664850.0,4654870.0,5423660.0,6082200.0,6007390.0,5105470.0,1026100.0,1279460.0,18152000.0,18112000.0,21103000.0,23660000.0,23385000.0,19868000.0,3987000.0,4988000.0
20190425,-1583290.0,8105480.0,6444860.0,9856430.0,9933760.0,8372830.0,10503620.0,5205420.0,4657920.0,32039000.0,25454000.0,38949000.0,39252000.0,33178000.0,41560000.0,20528000.0,18429000.0
20190426,-1527930.0,6049420.0,4143800.0,5902370.0,6280060.0,6467860.0,7554770.0,3760000.0,4201020.0,24481000.0,16766000.0,23892000.0,25409000.0,26174000.0,30586000.0,15263000.0,17048000.0
20190429,-2016770.0,5723040.0,3329820.0,6046000.0,6422450.0,4892510.0,6031560.0,1314940.0,2192660.0,23284000.0,13540000.0,24594000.0,26132000.0,19936000.0,24573000.0,5370000.0,8939000.0
20190430,408560.0,4496580.0,4433820.0,6465070.0,6936380.0,5777510.0,4188990.0,889900.0,2069860.0,18389000.0,18114000.0,26458000.0,28361000.0,23648000.0,17157000.0,3636000.0,8499000.0
20190506,-3988780.0,9183980.0,5409950.0,11534820.0,11320060.0,11671250.0,14181510.0,2427220.0,3905740.0,38883000.0,22847000.0,48886000.0,47849000.0,49527000.0,60329000.0,10371000.0,16642000.0
20190507,-2817250.0,8038220.0,5697880.0,6618740.0,6141840.0,5294150.0,6797270.0,735000.0,2049130.0,34371000.0,24366000.0,28320000.0,26253000.0,22656000.0,29085000.0,3136000.0,8778000.0
20190508,-474960.0,4090690.0,3570700.0,4692510.0,4737530.0,5577870.0,4396630.0,500090.0,2156290.0,17540000.0,15307000.0,20109000.0,20290000.0,23882000.0,18844000.0,2139000.0,9229000.0
20190509,-2023770.0,5270120.0,4091770.0,5887860.0,5042430.0,4682410.0,5957280.0,1351800.0,2100700.0,22598000.0,17529000.0,25259000.0,21606000.0,20084000.0,25552000.0,5803000.0,9057000.0
20190510,1979100.0,4658010.0,6110070.0,7159790.0,7686830.0,9269520.0,7934930.0,3410420.0,2765910.0,19745000.0,25853000.0,30298000.0,32491000.0,39135000.0,33501000.0,14357000.0,11689000.0
20190513,-2000020.0,4257670.0,2943630.0,5226480.0,4540500.0,5088340.0,5377610.0,1291950.0,3002700.0,17986000.0,12413000.0,22094000.0,19156000.0,21508000.0,22739000.0,5447000.0,12727000.0
20190514,-71730.0,5038600.0,4611520.0,6108930.0,6464270.0,5115220.0,4729910.0,1014920.0,1471960.0,21415000.0,19610000.0,25964000.0,27468000.0,21736000.0,20094000.0,4314000.0,6257000.0
20190515,1126870.0,4479100.0,6237550.0,6062620.0,5431030.0,6386590.0,5608850.0,708430.0,359300.0,19106000.0,26601000.0,25844000.0,23151000.0,27221000.0,23909000.0,3020000.0,1530000.0
20190516,212710.0,4313110.0,5425800.0,8065320.0,7165330.0,8727870.0,8710870.0,1931640.0,1735930.0,18177000.0,22841000.0,33965000.0,30147000.0,36692000.0,36651000.0,8108000.0,7303000.0
20190517,674680.0,4370050.0,4353310.0,5683420.0,6374830.0,7400450.0,6600580.0,1277400.0,1402590.0,18594000.0,18521000.0,24194000.0,27118000.0,31481000.0,28084000.0,5426000.0,5973000.0
20190520,-146390.0,3735250.0,3404490.0,4585870.0,4770240.0,3528030.0,3532310.0,499230.0,641340.0,16025000.0,14597000.0,19667000.0,20451000.0,15123000.0,15152000.0,2138000.0,2754000.0
20190521,410930.0,4228880.0,4651800.0,5442490.0,5430500.0,5959680.0,5132420.0,2591560.0,3007890.0,17901000.0,19718000.0,23054000.0,23016000.0,25251000.0,21721000.0,11006000.0,12757000.0
20190522,-2330040.0,3895280.0,2163750.0,4317070.0,3718580.0,3021850.0,3732580.0,720950.0,2340260.0,16516000.0,9171000.0,18306000.0,15758000.0,12810000.0,15816000.0,3076000.0,9962000.0
20190523,302100.0,4983840.0,4708490.0,6239760.0,6817220.0,8396260.0,7990700.0,2778970.0,2882430.0,21041000.0,19827000.0,26309000.0,28716000.0,35398000.0,33687000.0,11652000.0,12170000.0
20190524,-1455100.0,3583200.0,2525970.0,4231640.0,3833780.0,4771370.0,5012170.0,930050.0,2144350.0,15382000.0,10836000.0,18167000.0,16454000.0,20496000.0,21527000.0,4004000.0,9232000.0
20190527,-1204050.0,3718330.0,3182130.0,4638710.0,3970850.0,5064290.0,5366280.0,978230.0,1880290.0,15873000.0,13571000.0,19778000.0,16937000.0,21606000.0,22900000.0,4164000.0,8014000.0
20190528,-1154770.0,4418410.0,4649200.0,7466930.0,6081370.0,5093670.0,5984360.0,2552210.0,2816290.0,18688000.0,19647000.0,31606000.0,25700000.0,21492000.0,25279000.0,10773000.0,11934000.0
20190529,-1199380.0,3238770.0,2995960.0,4668550.0,3711980.0,3403980.0,3031940.0,220440.0,1791860.0,13648000.0,12620000.0,19666000.0,15633000.0,14342000.0,12775000.0,928000.0,7556000.0
20190530,-2281970.0,4411850.0,3311380.0,4954270.0,3772750.0,4229750.0,3270850.0,1469790.0,4710660.0,18823000.0,14112000.0,21143000.0,16085000.0,18042000.0,13925000.0,6281000.0,20167000.0
20190531,773460.0,3791980.0,5455030.0,4148740.0,3259150.0,3521220.0,2219190.0,515780.0,1044350.0,16242000.0,23371000.0,17768000.0,13953000.0,15080000.0,9509000.0,2205000.0,4462000.0
20190603,93850.0,5256830.0,5118440.0,5509010.0,5741240.0,3493300.0,2809910.0,744230.0,1333770.0,22749000.0,22191000.0,23827000.0,24805000.0,15098000.0,12160000.0,3227000.0,5745000.0
20190604,-1106730.0,3380330.0,2993890.0,4381800.0,3661500.0,2792230.0,3721360.0,1057540.0,1235140.0,14801000.0,13104000.0,19189000.0,16029000.0,12226000.0,16300000.0,4628000.0,5411000.0
20190605,-491140.0,3903750.0,4845760.0,5558070.0,4124920.0,4155990.0,4140670.0,527070.0,1033530.0,17209000.0,21348000.0,24472000.0,18165000.0,18297000.0,18220000.0,2309000.0,4554000.0
20190606,-1514300.0,5033270.0,5390080.0,6335720.0,4464610.0,5699300.0,5994140.0,357910.0,1577370.0,22785000.0,24423000.0,28675000.0,20211000.0,25770000.0,27104000.0,1625000.0,7118000.0
20190610,1781930.0,4507690.0,4089490.0,3917790.0,6117900.0,3665270.0,2847400.0,2583510.0,1619450.0,20419000.0,18514000.0,17745000.0,27689000.0,16596000.0,12902000.0,11682000.0,7337000.0
20190611,1941660.0,4526070.0,5699550.0,6397360.0,7165540.0,7099050.0,7132050.0,2732200.0,757540.0,20247000.0,25443000.0,28600000.0,32011000.0,31677000.0,31835000.0,12154000.0,3389000.0
20190612,1216280.0,4399660.0,5444930.0,5415770.0,5586780.0,4512950.0,3518410.0,1018200.0,796460.0,19581000.0,24254000.0,24122000.0,24852000.0,20063000.0,15658000.0,4530000.0,3533000.0
20190613,1992200.0,3025050.0,3705970.0,4034670.0,5345950.0,3852120.0,1861630.0,470850.0,469140.0,13497000.0,16537000.0,18002000.0,23852000.0,17189000.0,8306000.0,2100000.0,2094000.0
20190614,1036540.0,5003690.0,4293900.0,6498710.0,8245040.0,4310350.0,3249210.0,4286630.0,4311230.0,22343000.0,19158000.0,28972000.0,36791000.0,19215000.0,14475000.0,19087000.0,19194000.0
20190617,-2384780.0,5836050.0,2760340.0,7035210.0,7726140.0,5466050.0,3452970.0,328330.0,4726190.0,26564000.0,12554000.0,32017000.0,35105000.0,24889000.0,15699000.0,1500000.0,21613000.0
20190618,-851840.0,4026800.0,4570800.0,4160950.0,2765130.0,3118120.0,2634620.0,1023990.0,2359330.0,18540000.0,21055000.0,19162000.0,12730000.0,14360000.0,12133000.0,4724000.0,10868000.0
20190619,224970.0,6784760.0,5584400.0,5625760.0,7051090.0,5652000.0,5697260.0,2203410.0,1933180.0,30645000.0,25227000.0,25411000.0,31840000.0,25533000.0,25735000.0,9945000.0,8732000.0
20190620,1638030.0,4880230.0,6340070.0,5718750.0,5896940.0,5484730.0,4412930.0,1981350.0,1415120.0,21868000.0,28375000.0,25599000.0,26408000.0,24556000.0,19758000.0,8856000.0,6338000.0
20190621,-1336930.0,5641440.0,4308560.0,6714290.0,6710220.0,7373460.0,8277340.0,2036770.0,2469820.0,24989000.0,19066000.0,29743000.0,29693000.0,32636000.0,36679000.0,9011000.0,10940000.0
20190624,-248430.0,3299350.0,3749990.0,5186680.0,4487620.0,4827280.0,4587190.0,566100.0,1054620.0,14594000.0,16591000.0,22945000.0,19852000.0,21361000.0,20292000.0,2504000.0,4669000.0
20190625,2003810.0,3230200.0,4378210.0,5435820.0,6291630.0,7272080.0,4845200.0,2771530.0,3194600.0,14326000.0,19365000.0,24091000.0,27833000.0,32205000.0,21434000.0,12235000.0,14225000.0
20190626,2477380.0,2287070.0,3309520.0,3096700.0,4551630.0,6277180.0,3550760.0,876820.0,1125860.0,10074000.0,14563000.0,13630000.0,20018000.0,27596000.0,15603000.0,3851000.0,4967000.0
20190627,1489800.0,4924670.0,5078900.0,4928480.0,6264060.0,9405180.0,5640810.0,1104730.0,3379300.0,21369000.0,22033000.0,21396000.0,27175000.0,40801000.0,24461000.0,4789000.0,14686000.0
20190628,-2441220.0,4185670.0,2379040.0,4627140.0,3992540.0,4047140.0,3553490.0,911510.0,3846380.0,18403000.0,10431000.0,20331000.0,17523000.0,17789000.0,15605000.0,4024000.0,16988000.0
20190701,-63450.0,4006520.0,3688580.0,5125740.0,5380230.0,8201170.0,6898440.0,3338860.0,4705040.0,17354000.0,15959000.0,22202000.0,23280000.0,35495000.0,29860000.0,14426000.0,20377000.0
20190702,2920350.0,4943250.0,7048850.0,6134390.0,6949140.0,6879390.0,4386500.0,893550.0,466090.0,21321000.0,30420000.0,26442000.0,29962000.0,29651000.0,18891000.0,3859000.0,2000000.0
20190703,1906610.0,4928500.0,5750450.0,6379820.0,7464490.0,7014480.0,5435330.0,2696230.0,2368770.0,21321000.0,24895000.0,27617000.0,32288000.0,30350000.0,23501000.0,11656000.0,10260000.0
20190704,3320900.0,9758090.0,13145740.0,20037930.0,19971190.0,25628830.0,19534630.0,10884840.0,13658140.0,40900000.0,54873000.0,83817000.0,83573000.0,107032000.0,81645000.0,45223000.0,56879000.0
20190705,-1499660.0,5419750.0,5051490.0,8219100.0,7087710.0,7841220.0,8560630.0,2155460.0,2935710.0,22831000.0,21278000.0,34631000.0,29861000.0,33045000.0,36064000.0,9075000.0,12379000.0
20190722,-323070.0,7776180.0,6785780.0,14002630.0,14669960.0,12362000.0,11547190.0,4227840.0,5365720.0,34109000.0,29688000.0,61426000.0,64477000.0,54252000.0,50605000.0,18488000.0,23506000.0
20190723,-1583220.0,5458940.0,3728640.0,9642160.0,9789240.0,7944300.0,11313170.0,2965330.0,1179680.0,24357000.0,16619000.0,42990000.0,43656000.0,35451000.0,50494000.0,13233000.0,5263000.0
20190724,169360.0,6169310.0,5187890.0,6571490.0,7722260.0,6493500.0,6694540.0,2423790.0,2053390.0,26769000.0,22520000.0,28546000.0,33529000.0,28207000.0,29074000.0,10507000.0,8905000.0
20190725,-4039930.0,4413100.0,2655250.0,5948760.0,3666680.0,3503900.0,7477200.0,685690.0,752320.0,19134000.0,11498000.0,25780000.0,15883000.0,15186000.0,32445000.0,2978000.0,3252000.0
20190726,-914370.0,5726150.0,5891500.0,8504130.0,7424410.0,7125560.0,8345980.0,4270860.0,3964810.0,24562000.0,25266000.0,36488000.0,31844000.0,30530000.0,35759000.0,18239000.0,16950000.0
20190729,-3101030.0,5504270.0,3316000.0,6030080.0,5117320.0,4428990.0,6129090.0,1557410.0,2958340.0,23404000.0,14097000.0,25637000.0,21757000.0,18820000.0,26035000.0,6622000.0,12595000.0
20190730,-1157140.0,4887800.0,3139790.0,4099140.0,4690000.0,4765400.0,4590630.0,208520.0,1540430.0,20778000.0,13351000.0,17440000.0,19942000.0,20265000.0,19526000.0,886000.0,6550000.0
20190731,-300120.0,3943460.0,4026080.0,5302930.0,4920190.0,3950930.0,4529260.0,1690630.0,1412420.0,16819000.0,17172000.0,22616000.0,20975000.0,16842000.0,19310000.0,7203000.0,6023000.0
20190801,-1380580.0,6274430.0,6809340.0,7697120.0,5781630.0,5525020.0,6542990.0,1718440.0,2081050.0,27077000.0,29327000.0,33168000.0,24890000.0,23799000.0,28227000.0,7395000.0,8996000.0
20190802,-2238670.0,5728870.0,5946340.0,8194730.0,5738590.0,5890170.0,7499290.0,1838050.0,2467600.0,25435000.0,26395000.0,36370000.0,25475000.0,26156000.0,33301000.0,8165000.0,10954000.0
20190805,-1720350.0,6260100.0,6567990.0,7703500.0,5675270.0,3714060.0,4195070.0,1680750.0,2920090.0,27792000.0,29209000.0,34222000.0,25208000.0,16520000.0,18617000.0,7483000.0,12984000.0
20190806,-1951810.0,7029230.0,6000080.0,7835640.0,6912990.0,6736720.0,8498690.0,1209930.0,1399770.0,32039000.0,27289000.0,35686000.0,31452000.0,30649000.0,38759000.0,5504000.0,6378000.0
20190807,-1986770.0,4734160.0,3737000.0,5561970.0,4572370.0,3898110.0,6051940.0,1774770.0,1607710.0,21473000.0,16936000.0,25234000.0,20711000.0,17659000.0,27468000.0,8063000.0,7314000.0
20190808,-349890.0,3181530.0,3573540.0,4476860.0,3734970.0,3496670.0,2735830.0,260390.0,1371120.0,14339000.0,16086000.0,20156000.0,16819000.0,15732000.0,12303000.0,1164000.0,6183000.0
20190809,-581140.0,5097070.0,5409960.0,5725910.0,4831890.0,3343930.0,4328370.0,1741480.0,1338180.0,23220000.0,24623000.0,26105000.0,21999000.0,15231000.0,19722000.0,7879000.0,6091000.0
20190812,-863310.0,3427020.0,3488520.0,5325230.0,4400420.0,2679370.0,3582780.0,367930.0,327830.0,15660000.0,15942000.0,24333000.0,20103000.0,12237000.0,16364000.0,1678000.0,1500000.0
20190813,-144870.0,3393110.0,2586650.0,2908820.0,3570410.0,2123970.0,1932260.0,229250.0,565830.0,15377000.0,11717000.0,13177000.0,16178000.0,9622000.0,8757000.0,1042000.0,2566000.0
20190814,-924840.0,4240660.0,4281560.0,4866460.0,3900710.0,3003390.0,3283930.0,226040.0,870340.0,19223000.0,19415000.0,22059000.0,17652000.0,13597000.0,14875000.0,1018000.0,3954000.0
20190815,-79130.0,3118520.0,3059490.0,3550500.0,3530400.0,2445310.0,2351640.0,233430.0,406230.0,14257000.0,13972000.0,16219000.0,16128000.0,11177000.0,10755000.0,1060000.0,1858000.0
20190816,-261290.0,4742320.0,3378570.0,3480800.0,4583260.0,4574400.0,3654230.0,1264020.0,2445480.0,21324000.0,15186000.0,15656000.0,20604000.0,20575000.0,16422000.0,5681000.0,11024000.0
20190819,-2733800.0,6051090.0,4672870.0,8769100.0,7413520.0,5663820.0,8871610.0,1768850.0,1294860.0,26755000.0,20666000.0,38789000.0,32750000.0,25028000.0,39249000.0,7808000.0,5715000.0
20190820,-2028710.0,4595660.0,2998190.0,5798820.0,5367570.0,4158390.0,5852310.0,697720.0,1032510.0,20183000.0,13161000.0,25459000.0,23569000.0,18253000.0,25687000.0,3067000.0,4546000.0
20190821,860450.0,2610360.0,5107150.0,6668570.0,5032230.0,4683350.0,4535470.0,1952230.0,1239660.0,11407000.0,22296000.0,29115000.0,21979000.0,20438000.0,19793000.0,8525000.0,5417000.0
20190822,-1371350.0,4578730.0,3930730.0,5938500.0,5215150.0,5482340.0,5445770.0,1137180.0,2545100.0,19861000.0,17047000.0,25746000.0,22610000.0,23773000.0,23618000.0,4922000.0,11028000.0
20190823,-2289770.0,5053260.0,3123940.0,4889570.0,4529130.0,2721530.0,4513240.0,680140.0,1178200.0,21977000.0,13574000.0,21261000.0,19686000.0,11833000.0,19632000.0,2964000.0,5144000.0
20190826,-3127180.0,5996010.0,4300610.0,8194420.0,6762640.0,4978690.0,6986030.0,1928900.0,3048740.0,26474000.0,18931000.0,36132000.0,29799000.0,22010000.0,30894000.0,8538000.0,13529000.0
20190827,-1053340.0,5493830.0,6764240.0,9940140.0,7616390.0,7892600.0,9113670.0,3894100.0,3726370.0,23710000.0,29143000.0,42880000.0,32860000.0,34037000.0,39328000.0,16796000.0,16092000.0
20190828,-791860.0,5913770.0,4880740.0,6981480.0,7222660.0,5700200.0,6576410.0,1088460.0,1004110.0,25482000.0,20992000.0,30058000.0,31104000.0,24540000.0,28327000.0,4671000.0,4328000.0
20190829,-472880.0,6402040.0,6664500.0,9765130.0,9029790.0,9499470.0,9747890.0,1920640.0,2145100.0,27478000.0,28582000.0,41910000.0,38728000.0,40744000.0,41821000.0,8225000.0,9226000.0
20190830,-276450.0,6640800.0,7960450.0,11528240.0,9932130.0,8525180.0,9220940.0,3366620.0,2947310.0,28345000.0,33937000.0,49161000.0,42342000.0,36350000.0,39334000.0,14345000.0,12589000.0
20190902,5888900.0,9963100.0,14467470.0,18503270.0,19887790.0,24904190.0,21891560.0,10186280.0,7310010.0,41183000.0,59606000.0,76447000.0,82033000.0,102693000.0,90327000.0,41892000.0,30249000.0
20190903,-4039260.0,8655420.0,8710400.0,14843610.0,10749360.0,11588040.0,12961880.0,1791070.0,4456490.0,35491000.0,35691000.0,60831000.0,44043000.0,47515000.0,53147000.0,7351000.0,18308000.0
20190904,-3030570.0,7247410.0,6059120.0,9869490.0,8027210.0,8692700.0,9285030.0,1143240.0,3581480.0,29907000.0,24977000.0,40737000.0,33111000.0,35860000.0,38311000.0,4705000.0,14809000.0
20190905,99550.0,7601550.0,8982500.0,12897950.0,11616560.0,16136210.0,12843860.0,3665410.0,6858210.0,31128000.0,36755000.0,52779000.0,47519000.0,65953000.0,52518000.0,14947000.0,28016000.0
20190906,-7162740.0,9287040.0,5252170.0,12721320.0,9593450.0,13949430.0,16440390.0,1955250.0,6627030.0,38273000.0,21593000.0,52409000.0,39493000.0,57496000.0,67775000.0,8059000.0,27377000.0
20190909,-1404380.0,7963920.0,8150950.0,12879560.0,11288150.0,16487500.0,18077290.0,7363780.0,7178370.0,32988000.0,33628000.0,53279000.0,46601000.0,68161000.0,74821000.0,30379000.0,29756000.0
20190910,-33150.0,8334600.0,9111780.0,12892170.0,12081840.0,11174710.0,11953730.0,4813680.0,4067810.0,34018000.0,37154000.0,52599000.0,49271000.0,45551000.0,48810000.0,19720000.0,16653000.0
20190911,1565450.0,5919830.0,6943750.0,7658810.0,8200340.0,7063270.0,7063860.0,2439810.0,873770.0,24354000.0,28543000.0,31485000.0,33702000.0,29027000.0,29038000.0,10012000.0,3595000.0
20190912,-1393140.0,6784300.0,6610090.0,9246320.0,8027410.0,7734110.0,8391170.0,3052590.0,3788670.0,28004000.0,27265000.0,38169000.0,33112000.0,31934000.0,34661000.0,12569000.0,15639000.0
20190916,-2988430.0,7696670.0,4379070.0,9930220.0,10259390.0,8361330.0,7455610.0,1323580.0,5217730.0,31915000.0,18145000.0,41193000.0,42542000.0,34657000.0,30913000.0,5497000.0,21663000.0
20190917,-3518450.0,8984290.0,5018120.0,9268560.0,9716280.0,9168040.0,10366260.0,2843850.0,5164080.0,38110000.0,21288000.0,39324000.0,41255000.0,38932000.0,43998000.0,12061000.0,21885000.0
20190918,-1797810.0,4472660.0,2601570.0,4774450.0,4847720.0,3922010.0,4906300.0,738800.0,1552320.0,19183000.0,11153000.0,20481000.0,20784000.0,16819000.0,21047000.0,3164000.0,6663000.0
20190919,-170140.0,4116410.0,3382220.0,4189660.0,4753710.0,4435170.0,3868770.0,474750.0,1211290.0,17677000.0,14517000.0,17986000.0,20402000.0,19021000.0,16600000.0,2035000.0,5200000.0
20190920,-1624280.0,5674200.0,3877990.0,5811890.0,5983810.0,4286660.0,5897040.0,3089940.0,3103840.0,24414000.0,16676000.0,25009000.0,25737000.0,18444000.0,25365000.0,13244000.0,13333000.0
20190923,-1213460.0,7111430.0,4709180.0,7139210.0,8328000.0,5302620.0,5012850.0,590000.0,2093230.0,30910000.0,20463000.0,31020000.0,36222000.0,23091000.0,21779000.0,2550000.0,9107000.0
20190924,-2368710.0,4172370.0,3022090.0,5396430.0,4178020.0,4518440.0,7223230.0,1740630.0,1404550.0,18202000.0,13185000.0,23529000.0,18220000.0,19694000.0,31473000.0,7584000.0,6131000.0
20190925,-2846720.0,4247650.0,3679990.0,6535820.0,4256760.0,3195810.0,5382900.0,555060.0,1214690.0,18793000.0,16263000.0,28905000.0,18824000.0,14140000.0,23821000.0,2457000.0,5387000.0
20190926,-3595360.0,7784990.0,5053460.0,10028990.0,9165170.0,7791270.0,10730060.0,2488010.0,3144580.0,35191000.0,22815000.0,45324000.0,41415000.0,35224000.0,48489000.0,11238000.0,14258000.0
20190927,-187350.0,4000720.0,4564010.0,6183890.0,5433240.0,4505070.0,5625980.0,1909910.0,976350.0,18190000.0,20741000.0,28115000.0,24690000.0,20474000.0,25579000.0,8661000.0,4431000.0
20190930,-413790.0,3205660.0,3534400.0,4523030.0,3780490.0,3310270.0,3713370.0,688410.0,699100.0,14626000.0,16117000.0,20633000.0,17234000.0,15092000.0,16945000.0,3142000.0,3196000.0
20191008,-485140.0,3162190.0,3768780.0,4677430.0,3585710.0,3669330.0,4320130.0,2217210.0,2051550.0,14458000.0,17205000.0,21380000.0,16373000.0,16744000.0,19738000.0,10109000.0,9376000.0
20191009,487360.0,2483440.0,3121490.0,2966260.0,2815570.0,2289830.0,1680670.0,108550.0,230350.0,11385000.0,14305000.0,13595000.0,12901000.0,10493000.0,7707000.0,500000.0,1060000.0
20191010,838820.0,3003280.0,3821850.0,3340060.0,3360310.0,4052180.0,3284180.0,1077730.0,1006910.0,13681000.0,17407000.0,15213000.0,15300000.0,18450000.0,14954000.0,4904000.0,4587000.0
20191011,-482020.0,3448460.0,2594240.0,4344060.0,4716260.0,2982650.0,3432720.0,398810.0,430760.0,15762000.0,11844000.0,19853000.0,21551000.0,13619000.0,15682000.0,1819000.0,1976000.0
20191014,-550450.0,3970120.0,3287070.0,4379780.0,4512380.0,4520030.0,4433490.0,440450.0,1077440.0,17942000.0,14854000.0,19802000.0,20393000.0,20428000.0,20041000.0,1990000.0,4873000.0
20191015,-1077870.0,3518460.0,2852280.0,4962270.0,4550570.0,3703420.0,3959280.0,648570.0,1470580.0,16086000.0,13033000.0,22681000.0,20798000.0,16924000.0,18104000.0,2966000.0,6723000.0
20191016,1425580.0,1864070.0,2894880.0,3091570.0,3486340.0,4457440.0,2057600.0,929220.0,1903480.0,8514000.0,13219000.0,14119000.0,15919000.0,20360000.0,9395000.0,4244000.0,8704000.0
20191017,-1012300.0,2797340.0,1662720.0,3233150.0,3355460.0,1946490.0,2256220.0,0.0,702570.0,12820000.0,7617000.0,14813000.0,15373000.0,8915000.0,10337000.0,0.0,3221000.0
20191018,-2292900.0,4820260.0,2821100.0,5473030.0,5179280.0,4734700.0,7264950.0,1105520.0,868170.0,22386000.0,13033000.0,25379000.0,23985000.0,21928000.0,33784000.0,5160000.0,4052000.0
20191021,-2294510.0,4918650.0,2037900.0,4622830.0,5209070.0,3257050.0,4047170.0,239020.0,1743410.0,23304000.0,9645000.0,21922000.0,24675000.0,15453000.0,19196000.0,1128000.0,8290000.0
20191022,86420.0,3143610.0,2731520.0,2569210.0,3067730.0,1406620.0,1599760.0,279560.0,0.0,14840000.0,12893000.0,12124000.0,14477000.0,6635000.0,7548000.0,1319000.0,0.0
20191023,385410.0,3248280.0,4000580.0,4260260.0,3893370.0,4235110.0,3797950.0,367370.0,419120.0,15140000.0,18618000.0,19835000.0,18095000.0,19692000.0,17695000.0,1700000.0,1959000.0
20191024,1160280.0,3042350.0,3360760.0,4094410.0,4936280.0,3972370.0,2664960.0,0.0,147130.0,14371000.0,15861000.0,19332000.0,23326000.0,18768000.0,12584000.0,0.0,700000.0
20191025,1393640.0,3075200.0,4570860.0,3936500.0,3834470.0,3870640.0,2593070.0,220090.0,104020.0,14498000.0,21536000.0,18553000.0,18066000.0,18220000.0,12210000.0,1034000.0,493000.0
20191028,-339320.0,4368870.0,3317960.0,4832580.0,5544180.0,3399450.0,4029680.0,826760.0,535850.0,20446000.0,15529000.0,22620000.0,25946000.0,15901000.0,18860000.0,3868000.0,2500000.0
20191029,-2961750.0,4789210.0,2715000.0,4870110.0,3982560.0,4027920.0,4438770.0,1845860.0,4396760.0,22634000.0,12796000.0,23009000.0,18782000.0,18994000.0,20948000.0,8664000.0,20775000.0
20191030,65120.0,5403130.0,4345480.0,5456400.0,6579160.0,5706090.0,5533270.0,1814220.0,1921920.0,25765000.0,20688000.0,26024000.0,31385000.0,27272000.0,26461000.0,8668000.0,9195000.0
20191031,-268190.0,3461540.0,3168350.0,3298760.0,3323760.0,2032550.0,1666040.0,612040.0,1246740.0,16387000.0,14993000.0,15618000.0,15731000.0,9616000.0,7892000.0,2895000.0,5901000.0
20191101,58020.0,3514230.0,2689990.0,2797660.0,3679920.0,2761310.0,2411150.0,155490.0,447630.0,16662000.0,12753000.0,13273000.0,17452000.0,13087000.0,11435000.0,739000.0,2121000.0
20191104,749490.0,2832570.0,2783100.0,2683770.0,3482730.0,3136900.0,2234990.0,317750.0,470170.0,13387000.0,13143000.0,12687000.0,16457000.0,14813000.0,10561000.0,1500000.0,2227000.0
20191105,-1864090.0,4591830.0,2375960.0,2962580.0,3314360.0,1131550.0,2538230.0,0.0,457410.0,21697000.0,11228000.0,14011000.0,15666000.0,5350000.0,11995000.0,0.0,2170000.0
20191106,176010.0,5858420.0,6175510.0,7374330.0,7233260.0,6800710.0,6656760.0,3097600.0,3065540.0,27215000.0,28675000.0,34239000.0,33574000.0,31522000.0,30901000.0,14382000.0,14208000.0
20191107,-747200.0,3944560.0,2711240.0,3513260.0,3999380.0,2108860.0,3274630.0,1419280.0,1000710.0,18433000.0,12664000.0,16422000.0,18683000.0,9857000.0,15312000.0,6627000.0,4680000.0
20191108,-4809550.0,7184250.0,3675610.0,7853490.0,6552590.0,5878220.0,9291350.0,2554170.0,3950590.0,34444000.0,17604000.0,37608000.0,31349000.0,28132000.0,44503000.0,12198000.0,18926000.0
20191111,-3122500.0,6808700.0,3358690.0,6171220.0,6498740.0,5619200.0,6641140.0,1451460.0,3552020.0,34023000.0,16786000.0,30830000.0,32452000.0,28070000.0,33185000.0,7251000.0,17751000.0
20191112,-1158380.0,4309560.0,2878870.0,3563980.0,3836300.0,1870390.0,2054630.0,316150.0,1290290.0,21746000.0,14518000.0,17995000.0,19360000.0,9426000.0,10375000.0,1598000.0,6513000.0
20191113,58770.0,2993900.0,2645700.0,1914480.0,2321430.0,1343390.0,1189120.0,262730.0,358230.0,15038000.0,13286000.0,9615000.0,11658000.0,6748000.0,5969000.0,1315000.0,1804000.0
20191114,-1242460.0,4171680.0,2483060.0,3812450.0,4258600.0,1589360.0,2365820.0,395350.0,861350.0,21047000.0,12526000.0,19239000.0,21481000.0,8024000.0,11945000.0,1986000.0,4344000.0
20191115,-2132520.0,5808730.0,4014360.0,5290300.0,4952160.0,2660590.0,4164100.0,440950.0,1069960.0,29966000.0,20675000.0,27312000.0,25534000.0,13713000.0,21503000.0,2279000.0,5558000.0
20191118,1699740.0,3567950.0,3871590.0,3569270.0,4965370.0,3444780.0,1739920.0,117570.0,122690.0,18356000.0,19905000.0,18376000.0,25550000.0,17745000.0,8982000.0,600000.0,640000.0
20191119,-3315310.0,5631560.0,2872160.0,3408040.0,2852130.0,1961170.0,3402010.0,213140.0,2087610.0,28604000.0,14575000.0,17324000.0,14477000.0,9983000.0,17307000.0,1083000.0,10636000.0
20191120,-988520.0,4221320.0,1965990.0,2106520.0,3373330.0,1514620.0,2368440.0,144260.0,278960.0,21534000.0,10033000.0,10752000.0,17208000.0,7726000.0,12080000.0,735000.0,1426000.0
20191121,93260.0,5515490.0,5308490.0,5177720.0,5477980.0,2895650.0,2711910.0,245070.0,335550.0,27660000.0,26656000.0,25989000.0,27501000.0,14583000.0,13605000.0,1227000.0,1697000.0
20191122,-566220.0,4498410.0,3810920.0,3517690.0,3638960.0,2084780.0,2285870.0,265310.0,630440.0,22538000.0,19074000.0,17615000.0,18209000.0,10424000.0,11443000.0,1321000.0,3173000.0
20191125,-1151160.0,3976500.0,2601390.0,2333480.0,2557430.0,783980.0,1828030.0,0.0,107110.0,19953000.0,13050000.0,11724000.0,12836000.0,3937000.0,9187000.0,0.0,540000.0
20191126,107620.0,2480240.0,3193200.0,3654260.0,3048920.0,2724900.0,3831900.0,4065820.0,2851200.0,12402000.0,15926000.0,18251000.0,15176000.0,13554000.0,19043000.0,19985000.0,14047000.0
20191127,275330.0,2691700.0,2946910.0,2806950.0,2827070.0,1774830.0,1502840.0,321500.0,318160.0,13440000.0,14712000.0,14020000.0,14112000.0,8855000.0,7502000.0,1600000.0,1589000.0
20191128,-8250.0,2147150.0,1489630.0,1294220.0,1943480.0,1080500.0,1088750.0,0.0,0.0,10676000.0,7407000.0,6434000.0,9662000.0,5370000.0,5412000.0,0.0,0.0
20191129,48940.0,2508160.0,1994320.0,1865220.0,2428000.0,1738020.0,2020550.0,432220.0,100750.0,12446000.0,9889000.0,9250000.0,12038000.0,8616000.0,10024000.0,2139000.0,500000.0
20191202,-1126580.0,1833510.0,1401000.0,2153450.0,1459370.0,699550.0,1526840.0,100300.0,399590.0,9114000.0,6962000.0,10704000.0,7253000.0,3478000.0,7594000.0,500000.0,1987000.0
20191203,-1456990.0,3951440.0,2267610.0,3644150.0,3870990.0,1864270.0,2850560.0,0.0,470700.0,19836000.0,11376000.0,18297000.0,19433000.0,9351000.0,14310000.0,0.0,2365000.0
20191204,-780110.0,3588070.0,3265660.0,4353620.0,3895930.0,2261010.0,2693990.0,66200.0,413330.0,17812000.0,16195000.0,21568000.0,19320000.0,11217000.0,13363000.0,331000.0,2050000.0
20191205,-1585950.0,4606590.0,2992250.0,4038180.0,4066570.0,1323960.0,2706670.0,0.0,203240.0,22530000.0,14633000.0,19764000.0,19897000.0,6475000.0,13250000.0,0.0,989000.0
20191206,-493270.0,3032990.0,2511110.0,2307080.0,2335690.0,1461490.0,1622900.0,379340.0,711200.0,14875000.0,12304000.0,11310000.0,11448000.0,7167000.0,7963000.0,1863000.0,3500000.0
20191209,-548790.0,3032300.0,2901130.0,3034830.0,2617210.0,1794890.0,1978870.0,202400.0,567210.0,14949000.0,14303000.0,14961000.0,12896000.0,8849000.0,9760000.0,1000000.0,2800000.0
20191210,-372140.0,2615990.0,1724830.0,1919920.0,2438950.0,1720030.0,1890270.0,0.0,201900.0,12952000.0,8540000.0,9510000.0,12081000.0,8519000.0,9361000.0,0.0,1000000.0
20191211,-165930.0,2694260.0,2315730.0,2054770.0,2267380.0,1653450.0,1825630.0,107030.0,100780.0,13370000.0,11489000.0,10193000.0,11251000.0,8205000.0,9056000.0,528000.0,500000.0
20191212,-299960.0,3109220.0,2193090.0,2890440.0,3506600.0,2434090.0,1918560.0,100950.0,916440.0,15430000.0,10879000.0,14349000.0,17410000.0,12079000.0,9516000.0,500000.0,4553000.0
20191213,366430.0,4752640.0,4083430.0,4275290.0,5310940.0,4477330.0,4043970.0,1241850.0,1308780.0,23515000.0,20189000.0,21157000.0,26259000.0,22135000.0,20006000.0,6144000.0,6498000.0
20191216,1582760.0,4331170.0,5165870.0,5916920.0,6664980.0,7214600.0,3857050.0,1616260.0,3391050.0,21073000.0,25107000.0,28771000.0,32424000.0,35054000.0,18765000.0,7837000.0,16439000.0
20191217,-2807840.0,6700500.0,4383630.0,6510400.0,6019430.0,4952810.0,5427890.0,1777220.0,4109980.0,32279000.0,21119000.0,31403000.0,29011000.0,23895000.0,26171000.0,8568000.0,19844000.0
20191218,-699210.0,4050500.0,3073240.0,4195460.0,4473510.0,3211240.0,3183890.0,749670.0,1476230.0,19553000.0,14831000.0,20247000.0,21584000.0,15502000.0,15368000.0,3613000.0,7132000.0
20191219,-1758540.0,2672140.0,2182930.0,4565790.0,3296460.0,2926410.0,3314850.0,729760.0,2099860.0,12945000.0,10572000.0,22116000.0,15961000.0,14176000.0,16058000.0,3537000.0,10183000.0
20191220,-2637990.0,3879670.0,2340200.0,4679030.0,3580510.0,3617990.0,4666070.0,120880.0,1710790.0,19001000.0,11458000.0,22898000.0,17508000.0,17727000.0,22869000.0,594000.0,8385000.0
20191223,-1916750.0,4539380.0,2966250.0,4521580.0,4177970.0,3822410.0,4646010.0,726940.0,1820090.0,22592000.0,14735000.0,22470000.0,20767000.0,18930000.0,23043000.0,3592000.0,9039000.0
20191224,172950.0,2161180.0,1700810.0,2392340.0,3025650.0,1912580.0,1440320.0,940720.0,1240030.0,10806000.0,8505000.0,11962000.0,15127000.0,9559000.0,7202000.0,4700000.0,6193000.0
20191225,-3044070.0,2489930.0,1260660.0,4360990.0,2546180.0,3061660.0,4139520.0,2434020.0,4400230.0,12432000.0,6287000.0,21759000.0,12700000.0,15277000.0,20651000.0,12129000.0,21959000.0
20191226,-127080.0,1905400.0,2281650.0,4729030.0,4225690.0,3848670.0,3020240.0,790170.0,1745680.0,9462000.0,11301000.0,23458000.0,20946000.0,19038000.0,14972000.0,3911000.0,8649000.0
20191227,-1066790.0,4600780.0,4239720.0,6529100.0,5823370.0,5054380.0,5603970.0,932950.0,1450150.0,22371000.0,20599000.0,31729000.0,28293000.0,24557000.0,27227000.0,4524000.0,7062000.0
20191230,1168470.0,6310980.0,8501100.0,11499190.0,10477540.0,10696990.0,11956880.0,3304520.0,876160.0,30011000.0,40308000.0,54607000.0,49638000.0,50646000.0,56800000.0,15678000.0,4197000.0
20191231,-346090.0,4547240.0,5289830.0,8166210.0,7077530.0,6193290.0,8039800.0,2271240.0,770820.0,21195000.0,24615000.0,38023000.0,32932000.0,28815000.0,37426000.0,10523000.0,3583000.0
20200102,4721420.0,6952240.0,9816370.0,10051090.0,11908380.0,11853430.0,12220520.0,6750640.0,1662130.0,31147000.0,44016000.0,45109000.0,53418000.0,53213000.0,54813000.0,30227000.0,7449000.0
20200103,-2731890.0,6252380.0,4281490.0,10144420.0,9383400.0,8129420.0,9316540.0,2925090.0,4469860.0,27942000.0,19096000.0,45293000.0,41877000.0,36284000.0,41592000.0,13018000.0,19972000.0
20200106,-2778110.0,8189280.0,6352910.0,12416490.0,11474740.0,11366620.0,10630120.0,3553120.0,7067730.0,36408000.0,28147000.0,55157000.0,50884000.0,50450000.0,47207000.0,15684000.0,31461000.0
20200107,4461360.0,6648320.0,8472440.0,8793790.0,11431040.0,14263540.0,12181120.0,7194030.0,4815090.0,29172000.0,37137000.0,38601000.0,50147000.0,62525000.0,53396000.0,31469000.0,21089000.0
20200108,1531470.0,7868400.0,9043010.0,12767800.0,13124660.0,18285930.0,16064440.0,4348450.0,5038470.0,33872000.0,38866000.0,54934000.0,56424000.0,78620000.0,69096000.0,18598000.0,21637000.0
20200109,519090.0,5588480.0,5395020.0,6323990.0,7036550.0,7420970.0,6550540.0,2948280.0,3299620.0,24367000.0,23483000.0,27583000.0,30658000.0,32326000.0,28566000.0,12818000.0,14386000.0
20200110,-2656220.0,6578310.0,4031520.0,6316470.0,6207030.0,3928910.0,5546900.0,0.0,1038230.0,28869000.0,17653000.0,27694000.0,27232000.0,17219000.0,24330000.0,0.0,4568000.0
20200113,-2086530.0,5403070.0,3276630.0,6515080.0,6555000.0,4716590.0,4474050.0,1116240.0,3445310.0,23946000.0,14508000.0,28885000.0,29029000.0,20903000.0,19832000.0,4937000.0,15302000.0
20200114,21550.0,5947380.0,5382240.0,6137630.0,6724320.0,4386230.0,6425820.0,2808830.0,747690.0,26134000.0,23600000.0,26954000.0,29507000.0,19251000.0,28210000.0,12270000.0,3292000.0
20200115,-1242490.0,5559160.0,3772510.0,5818010.0,6362170.0,5286760.0,6329430.0,1664700.0,1864520.0,24954000.0,16912000.0,26119000.0,28543000.0,23719000.0,28412000.0,7455000.0,8379000.0
20200116,-128900.0,4285500.0,4160630.0,5136110.0,5132080.0,3775030.0,3980670.0,992940.0,916200.0,19110000.0,18530000.0,22879000.0,22844000.0,16796000.0,17748000.0,4426000.0,4089000.0
20200117,-512610.0,4622520.0,3887090.0,5591690.0,5814520.0,4657720.0,6438390.0,4265750.0,2997690.0,20800000.0,17479000.0,25160000.0,26157000.0,20969000.0,28967000.0,19166000.0,13492000.0
20200120,568060.0,5084660.0,5171340.0,7322780.0,7804160.0,6925710.0,5550140.0,2873300.0,3680810.0,22849000.0,23227000.0,32901000.0,35053000.0,31112000.0,24942000.0,12925000.0,16566000.0
20200121,1110320.0,6324450.0,8178450.0,8548320.0,7804650.0,8462840.0,6030100.0,1914540.0,3236960.0,28425000.0,36707000.0,38415000.0,34975000.0,37935000.0,27069000.0,8518000.0,14541000.0
20200122,-1957360.0,4967360.0,4379200.0,6597050.0,5227850.0,4566630.0,5661720.0,2261220.0,3123490.0,22844000.0,20127000.0,30337000.0,24012000.0,20996000.0,26028000.0,10384000.0,14394000.0
20200123,982830.0,5855090.0,5900620.0,6859890.0,7797190.0,8674870.0,7737780.0,3602050.0,3556310.0,26943000.0,27081000.0,31508000.0,35814000.0,39917000.0,35583000.0,16476000.0,16366000.0
20200203,164840.0,5497410.0,3243420.0,5023550.0,7442370.0,5931970.0,8591270.0,4836070.0,2011930.0,28255000.0,16665000.0,25816000.0,38257000.0,30494000.0,44177000.0,24885000.0,10350000.0
20200204,1202160.0,7022620.0,7431610.0,8971950.0,9765130.0,8830050.0,5963290.0,1899790.0,3564390.0,35941000.0,37955000.0,45891000.0,49931000.0,45129000.0,30495000.0,9709000.0,18289000.0
20200205,710720.0,5960280.0,6266760.0,7796390.0,8200620.0,7409020.0,5814370.0,2645710.0,3529640.0,29931000.0,31430000.0,39124000.0,41147000.0,37119000.0,29163000.0,13224000.0,17658000.0
20200206,186610.0,5873660.0,6075920.0,9080540.0,9064900.0,6003640.0,5574650.0,1432140.0,1674520.0,29166000.0,30136000.0,45057000.0,44977000.0,29779000.0,27671000.0,7089000.0,8307000.0
20200207,1636330.0,4822210.0,6742220.0,8859380.0,8575700.0,7986820.0,7520210.0,2749390.0,1579670.0,23711000.0,33082000.0,43513000.0,42128000.0,39219000.0,36900000.0,13453000.0,7787000.0
20200210,-1717860.0,5891330.0,4901500.0,7690880.0,6962850.0,7276340.0,8005000.0,1809360.0,2798560.0,28728000.0,23881000.0,37485000.0,33911000.0,35479000.0,39030000.0,8797000.0,13667000.0
20200211,-582510.0,3503000.0,3359020.0,5405300.0,4966780.0,5480410.0,6032290.0,2237130.0,2267760.0,17094000.0,16378000.0,26356000.0,24220000.0,26721000.0,29419000.0,10900000.0,11053000.0
20200212,356810.0,2710230.0,2790100.0,4899850.0,5176790.0,4811430.0,4765420.0,1333800.0,1023000.0,13232000.0,13617000.0,23909000.0,25255000.0,23476000.0,23248000.0,6496000.0,4993000.0
20200213,-2748220.0,5654000.0,3596540.0,7877990.0,7187240.0,6700650.0,7421780.0,915000.0,2942090.0,27972000.0,17772000.0,38934000.0,35538000.0,33118000.0,36674000.0,4529000.0,14569000.0
20200214,-198840.0,2436480.0,2045920.0,2945310.0,3137030.0,1815380.0,2321160.0,576910.0,269970.0,12098000.0,10151000.0,14625000.0,15567000.0,9009000.0,11520000.0,2850000.0,1344000.0
20200217,7337940.0,2385240.0,6167560.0,6258440.0,9814060.0,7939870.0,11212950.0,19940630.0,9329610.0,10877000.0,27983000.0,28536000.0,44568000.0,36155000.0,50953000.0,90135000.0,42200000.0
20200218,6945760.0,1460.0,3248520.0,0.0,3698710.0,0.0,3883460.0,13137670.0,2308450.0,6000.0,13308000.0,0.0,15152000.0,0.0,15909000.0,53821000.0,9457000.0
20200219,-8534930.0,44578600.0,39617210.0,73138220.0,69564680.0,87765210.0,93213040.0,133017190.0,136104290.0,171203000.0,151361000.0,280662000.0,266228000.0,336942000.0,357608000.0,512181000.0,525791000.0
20200220,-21638920.0,34298740.0,24358030.0,50927050.0,39228840.0,61456210.0,53473510.0,46312810.0,75934430.0,136359000.0,96705000.0,202365000.0,155868000.0,244240000.0,212216000.0,183904000.0,302078000.0
20200221,2905840.0,25637950.0,28280370.0,40896720.0,41160130.0,54570040.0,53617760.0,39511710.0,37558150.0,99353000.0,109227000.0,158385000.0,159264000.0,211301000.0,207389000.0,153065000.0,146225000.0
20200224,-7150010.0,21435950.0,17161000.0,30811520.0,27936470.0,37468790.0,30706630.0,10612550.0,24524720.0,84235000.0,67440000.0,121062000.0,109738000.0,147145000.0,120528000.0,41628000.0,96365000.0
20200225,3035880.0,24920820.0,26790860.0,32458960.0,33624810.0,33984970.0,32060750.0,21283990.0,20172330.0,102651000.0,110513000.0,133701000.0,138264000.0,139867000.0,131752000.0,87408000.0,83099000.0
20200226,832540.0,13754090.0,14254830.0,16879160.0,17210960.0,22388950.0,19715140.0,8339330.0,10180600.0,56520000.0,58180000.0,69278000.0,70464000.0,91740000.0,80754000.0,34006000.0,42146000.0
20200227,-467250.0,17278840.0,18841450.0,26589200.0,24559330.0,28941710.0,28140690.0,8845300.0,10113570.0,70297000.0,76410000.0,108008000.0,99696000.0,117269000.0,114129000.0,35728000.0,41066000.0
20200228,-1044080.0,15986300.0,13142870.0,18498100.0,20297470.0,23461650.0,24532380.0,11616380.0,11589730.0,67836000.0,55617000.0,78422000.0,86020000.0,99551000.0,104078000.0,49163000.0,49258000.0
20200302,1483530.0,10069840.0,10377540.0,14511500.0,15687330.0,17391460.0,17684010.0,7964380.0,6188300.0,42560000.0,43736000.0,61327000.0,66252000.0,73350000.0,74622000.0,33559000.0,26188000.0
20200303,5072720.0,15205490.0,18189190.0,23467040.0,25556070.0,29355260.0,33125080.0,25888240.0,17045700.0,61170000.0,72943000.0,94540000.0,102667000.0,118125000.0,133313000.0,103987000.0,68899000.0
20200304,3603460.0,11964680.0,14057040.0,20660400.0,22171520.0,28461360.0,24718690.0,9647860.0,9787070.0,47965000.0,56150000.0,82735000.0,88641000.0,113705000.0,98849000.0,38329000.0,39094000.0
20200305,-5579140.0,15117190.0,11626410.0,22693150.0,20604790.0,21756000.0,27820170.0,9368310.0,8883280.0,60186000.0,46155000.0,90118000.0,81856000.0,86300000.0,110482000.0,37081000.0,35191000.0
20200306,-1112350.0,8670240.0,7273150.0,11888230.0,12172980.0,15905040.0,16129480.0,6092280.0,6980190.0,34919000.0,29247000.0,47828000.0,48983000.0,63984000.0,64876000.0,24514000.0,28138000.0
20200309,-4367120.0,13016710.0,7546280.0,12429820.0,13533140.0,14655050.0,15523680.0,4525890.0,8024380.0,54472000.0,31531000.0,51997000.0,56601000.0,61306000.0,64961000.0,18886000.0,33570000.0
20200310,160920.0,9531690.0,8815810.0,11371700.0,12248500.0,11469170.0,14604770.0,5929890.0,2633370.0,40167000.0,36954000.0,47839000.0,51462000.0,48182000.0,61475000.0,24789000.0,11087000.0
20200311,3758320.0,10401940.0,12749060.0,15250350.0,16661540.0,20849450.0,20124200.0,12490730.0,9457660.0,41841000.0,51169000.0,61313000.0,66896000.0,83742000.0,80852000.0,49952000.0,37931000.0
20200312,-2892960.0,10977500.0,8973260.0,12650880.0,11762170.0,13988260.0,15301650.0,3485520.0,5065090.0,45124000.0,36775000.0,51954000.0,48303000.0,57392000.0,62949000.0,14246000.0,20688000.0
20200313,2885010.0,13322570.0,14343110.0,18344370.0,20208850.0,25294020.0,21728660.0,13371700.0,14052050.0,54792000.0,58764000.0,75448000.0,82979000.0,103895000.0,89328000.0,54876000.0,57939000.0
20200316,-2952050.0,13107550.0,11087130.0,18583260.0,17651630.0,25552430.0,24720000.0,8200540.0,11985020.0,53036000.0,44601000.0,74951000.0,71159000.0,102867000.0,99606000.0,33034000.0,48523000.0
20200317,-1157730.0,9738180.0,7852840.0,11806530.0,12534140.0,12829380.0,15095950.0,5123950.0,4015110.0,40880000.0,32847000.0,49464000.0,52532000.0,53675000.0,63269000.0,21448000.0,16820000.0
20200318,-4598070.0,9583120.0,6956390.0,12046840.0,10075490.0,10625950.0,14388790.0,3342230.0,4177460.0,40385000.0,29172000.0,50635000.0,42350000.0,44570000.0,60450000.0,13962000.0,17580000.0
20200319,-10714060.0,14445780.0,6185160.0,17126900.0,14673460.0,21090810.0,21783830.0,8019310.0,18040350.0,63203000.0,26922000.0,74840000.0,64054000.0,92015000.0,95253000.0,35000000.0,78829000.0
20200320,989360.0,8300640.0,9208270.0,10599010.0,10680720.0,13164800.0,11037130.0,3571340.0,4709650.0,36201000.0,40117000.0,46197000.0,46500000.0,57232000.0,47989000.0,15470000.0,20495000.0
20200323,-3151350.0,10452900.0,7305350.0,10107690.0,10103880.0,8026430.0,9914790.0,1918020.0,3181010.0,46733000.0,32606000.0,45130000.0,45090000.0,35840000.0,44335000.0,8570000.0,14243000.0
20200324,-286250.0,5710740.0,5086790.0,6489550.0,6827250.0,7132640.0,5428380.0,1874990.0,3865500.0,25591000.0,22755000.0,29088000.0,30550000.0,31962000.0,24351000.0,8394000.0,17379000.0
20200325,1856650.0,4772290.0,5815660.0,6709620.0,7522890.0,8327320.0,7658290.0,5075520.0,3887900.0,21033000.0,25598000.0,29558000.0,33111000.0,36652000.0,33713000.0,22285000.0,17107000.0
20200326,-4061890.0,5469870.0,3664670.0,7040470.0,4783770.0,5777520.0,5151370.0,3261320.0,7949360.0,24420000.0,16331000.0,31401000.0,21322000.0,25793000.0,22964000.0,14561000.0,35558000.0
20200327,1390270.0,4948080.0,4366070.0,7566830.0,9539100.0,7504750.0,5065790.0,2525190.0,3573880.0,21950000.0,19300000.0,33529000.0,42264000.0,33202000.0,22436000.0,11168000.0,15849000.0
20200330,-2918110.0,7809450.0,4480750.0,8868190.0,9278780.0,8613770.0,9813860.0,2505010.0,4223030.0,36428000.0,20838000.0,41306000.0,43136000.0,40073000.0,45754000.0,11682000.0,19761000.0
20200331,-1714180.0,4481620.0,3325190.0,5079590.0,4521830.0,3602920.0,4721920.0,855100.0,1450280.0,20946000.0,15532000.0,23736000.0,21110000.0,16850000.0,22097000.0,4000000.0,6793000.0
20200401,-2810420.0,5328060.0,3763140.0,6259830.0,5014340.0,5566970.0,6674510.0,765330.0,2468210.0,25216000.0,17769000.0,29602000.0,23691000.0,26306000.0,31576000.0,3626000.0,11714000.0
20200402,1550350.0,4331560.0,4583030.0,5231000.0,6529880.0,5927440.0,5036970.0,2439140.0,1779260.0,20410000.0,21589000.0,24670000.0,30756000.0,27942000.0,23739000.0,11447000.0,8385000.0
20200403,2458510.0,3676180.0,4239320.0,4439000.0,6334380.0,5100200.0,5356820.0,3875560.0,1160430.0,17143000.0,19711000.0,20671000.0,29450000.0,23682000.0,24896000.0,17957000.0,5395000.0
20200407,-42460.0,4942110.0,5885560.0,8121500.0,7135600.0,7854590.0,8108620.0,3048680.0,2837110.0,22218000.0,26441000.0,36504000.0,32061000.0,35325000.0,36468000.0,13707000.0,12784000.0
20200408,961090.0,10669510.0,11432310.0,12837160.0,13035450.0,11282320.0,13253120.0,7581290.0,4649400.0,46624000.0,50063000.0,56178000.0,57130000.0,49464000.0,57806000.0,32947000.0,20214000.0
20200409,-853770.0,6157220.0,5530810.0,6822150.0,6594790.0,5907250.0,6215340.0,687990.0,1233670.0,26607000.0,23876000.0,29444000.0,28463000.0,25476000.0,26834000.0,2955000.0,5309000.0
20200410,-1386710.0,5305250.0,3689460.0,6354840.0,6583910.0,6356810.0,5996770.0,791710.0,2538460.0,23209000.0,16111000.0,27757000.0,28781000.0,27768000.0,26216000.0,3475000.0,11101000.0
20200413,-2424140.0,4360140.0,2612940.0,5064680.0,4387730.0,4840280.0,7072510.0,1183140.0,1375050.0,19547000.0,11709000.0,22700000.0,19668000.0,21688000.0,31694000.0,5285000.0,6149000.0
20200414,132760.0,3592580.0,4103830.0,4937870.0,4559380.0,4011210.0,3582380.0,476120.0,772190.0,15952000.0,18201000.0,21899000.0,20235000.0,17791000.0,15905000.0,2108000.0,3408000.0
20200415,-327810.0,3129270.0,3461090.0,4361900.0,3702260.0,3835880.0,3647230.0,981870.0,1498330.0,13791000.0,15243000.0,19223000.0,16311000.0,16890000.0,16071000.0,4325000.0,6604000.0
20200416,2637850.0,4438090.0,6220780.0,7251710.0,8106880.0,8026860.0,6730190.0,4217720.0,2876540.0,19335000.0,26997000.0,31532000.0,35230000.0,34852000.0,29229000.0,18172000.0,12435000.0
20200417,-139060.0,8250540.0,8236940.0,8192480.0,8067000.0,6684850.0,7688440.0,1877870.0,1013340.0,35952000.0,35890000.0,35708000.0,35142000.0,29135000.0,33505000.0,8163000.0,4422000.0
20200420,-2476630.0,10399180.0,9643690.0,12805520.0,11084390.0,12128910.0,12225320.0,1991920.0,4372140.0,44318000.0,41106000.0,54638000.0,47265000.0,51726000.0,52166000.0,8472000.0,18618000.0
20200421,4832610.0,7518180.0,10760240.0,11655520.0,13246060.0,17698130.0,14195510.0,4099010.0,2769020.0,31569000.0,45050000.0,48928000.0,55514000.0,74041000.0,59495000.0,17164000.0,11644000.0
20200422,-3044880.0,5989920.0,5764420.0,8115860.0,5296490.0,5621630.0,7693330.0,1767070.0,2740250.0,25163000.0,24197000.0,34075000.0,22235000.0,23610000.0,32310000.0,7421000.0,11528000.0
20200423,-543230.0,7041180.0,8256390.0,11652330.0,9893890.0,9704970.0,10377470.0,1689610.0,1560340.0,29219000.0,34206000.0,48270000.0,40992000.0,40169000.0,42974000.0,6989000.0,6475000.0
20200424,-3629390.0,8925070.0,5688610.0,8654190.0,8261260.0,6015450.0,7306830.0,1049630.0,3387640.0,37612000.0,23925000.0,36438000.0,34784000.0,25310000.0,30798000.0,4400000.0,14253000.0
20200427,-2029860.0,9027660.0,6365190.0,6356550.0,6989160.0,3931250.0,6134350.0,1272380.0,1099140.0,38578000.0,27169000.0,27150000.0,29871000.0,16801000.0,26229000.0,5441000.0,4701000.0
20200428,-508410.0,9368990.0,9496920.0,9454580.0,8818250.0,9943880.0,8832880.0,2869580.0,4488990.0,40181000.0,40682000.0,40571000.0,37820000.0,42663000.0,37841000.0,12248000.0,19321000.0
20200429,4652880.0,6818150.0,9976590.0,9439750.0,10934190.0,10836090.0,8771020.0,4614540.0,2026730.0,28308000.0,41341000.0,39203000.0,45334000.0,45033000.0,36446000.0,19033000.0,8457000.0
20200430,3412650.0,8279850.0,9390980.0,9483430.0,11784940.0,14321690.0,11860590.0,3915900.0,2964350.0,33557000.0,38070000.0,38502000.0,47808000.0,58081000.0,48091000.0,15836000.0,12008000.0
20200506,2315250.0,7621950.0,9183100.0,11992030.0,12746140.0,11872440.0,11928160.0,7235920.0,4864950.0,30738000.0,36949000.0,48321000.0,51312000.0,47801000.0,48000000.0,28993000.0,19592000.0
20200507,18990.0,6234510.0,6861110.0,9062890.0,8455300.0,7742630.0,7693550.0,3725920.0,3756010.0,25040000.0,27531000.0,36393000.0,33936000.0,31097000.0,30905000.0,14924000.0,15082000.0
20200508,-731280.0,7520700.0,6517770.0,10194850.0,10466500.0,12390790.0,10753220.0,2870460.0,5239310.0,30093000.0,26021000.0,40752000.0,41791000.0,49455000.0,43000000.0,11451000.0,20939000.0
20200512,-3006670.0,7026140.0,4944930.0,8651040.0,7725580.0,8253700.0,10143400.0,2428390.0,3545360.0,28696000.0,20180000.0,35319000.0,31540000.0,33716000.0,41434000.0,9929000.0,14505000.0
20200513,872320.0,6417670.0,6207810.0,6806230.0,7888400.0,6040480.0,4694440.0,1619850.0,2093570.0,26274000.0,25401000.0,27846000.0,32272000.0,24705000.0,19212000.0,6628000.0,8567000.0
20200514,-1436200.0,6652360.0,6138010.0,8344300.0,7422450.0,5897990.0,7182250.0,1552070.0,1704010.0,27175000.0,25026000.0,34068000.0,30293000.0,24056000.0,29356000.0,6354000.0,6978000.0
20200515,1639790.0,5428080.0,6294200.0,6529700.0,7303360.0,6632080.0,5931960.0,3040450.0,2100780.0,22118000.0,25621000.0,26600000.0,29744000.0,26985000.0,24147000.0,12377000.0,8568000.0
20200518,2248770.0,11509270.0,14600710.0,19936640.0,19093970.0,23300640.0,21175400.0,8444990.0,8321460.0,44776000.0,56774000.0,77622000.0,74298000.0,90642000.0,82343000.0,32837000.0,32462000.0
20200519,-396930.0,8090940.0,8057750.0,10453330.0,10089600.0,9893670.0,10934880.0,2636130.0,1991850.0,31634000.0,31488000.0,40876000.0,39445000.0,38660000.0,42733000.0,10273000.0,7777000.0
20200520,-3036430.0,10760380.0,6190540.0,9490310.0,11023710.0,8591260.0,10543920.0,2162550.0,3246320.0,42508000.0,24424000.0,37470000.0,43501000.0,33973000.0,41698000.0,8539000.0,12868000.0
20200521,-1203470.0,5966550.0,5007080.0,6885270.0,6641260.0,5999730.0,5101220.0,1756900.0,3858880.0,23955000.0,20050000.0,27639000.0,26625000.0,24024000.0,20461000.0,7042000.0,15524000.0
20200522,-1230310.0,6883280.0,6215860.0,8439760.0,7876880.0,6814290.0,5806940.0,1913040.0,4150700.0,28011000.0,25238000.0,34323000.0,32006000.0,27724000.0,23655000.0,7810000.0,16969000.0
20200525,312470.0,4220750.0,4654480.0,6298990.0,6177730.0,6703780.0,5670670.0,733400.0,1454040.0,17247000.0,19004000.0,25733000.0,25233000.0,27357000.0,23160000.0,2993000.0,5933000.0
20200526,58220.0,4148700.0,4305180.0,5429210.0,5330940.0,4618110.0,5219500.0,1636510.0,976900.0,16940000.0,17567000.0,22167000.0,21745000.0,18850000.0,21328000.0,6672000.0,3988000.0
20200527,-1747520.0,5421230.0,3566690.0,5578400.0,5685400.0,4352340.0,5781910.0,1419460.0,1737410.0,22392000.0,14703000.0,23016000.0,23466000.0,17976000.0,23876000.0,5869000.0,7209000.0
20200528,-1540300.0,5180040.0,3368110.0,5704370.0,5975990.0,4268400.0,5381960.0,615000.0,1041740.0,21642000.0,14069000.0,23825000.0,24962000.0,17833000.0,22489000.0,2573000.0,4352000.0
20200529,-453210.0,4932010.0,4447460.0,5869880.0,5901220.0,5281480.0,5711730.0,1895140.0,1918100.0,20518000.0,18485000.0,24412000.0,24536000.0,21979000.0,23770000.0,7875000.0,7993000.0
20200601,2379720.0,6663890.0,9901880.0,9302470.0,8444200.0,9167700.0,6063840.0,2004990.0,2729130.0,27440000.0,40729000.0,38299000.0,34748000.0,37732000.0,24962000.0,8223000.0,11255000.0
20200602,-65060.0,6013430.0,5932280.0,9246590.0,9262690.0,7534790.0,8542420.0,3001190.0,2058620.0,24507000.0,24147000.0,37656000.0,37695000.0,30678000.0,34758000.0,12124000.0,8366000.0
20200603,693390.0,4346340.0,5138540.0,5590590.0,5491770.0,6669300.0,5050940.0,2391030.0,3316000.0,17839000.0,21054000.0,22930000.0,22519000.0,27348000.0,20725000.0,9784000.0,13603000.0
20200604,-1150290.0,4612110.0,3731160.0,5473100.0,5203780.0,5033800.0,5328830.0,1435260.0,2290520.0,19082000.0,15407000.0,22598000.0,21494000.0,20803000.0,22021000.0,5925000.0,9485000.0
20200605,-1665700.0,7652810.0,4464240.0,7350060.0,8872940.0,7126710.0,5523170.0,3736020.0,7005260.0,32256000.0,18793000.0,30980000.0,37357000.0,30003000.0,23269000.0,15765000.0,29586000.0
20200608,-307040.0,6965770.0,7814180.0,8247170.0,7091720.0,4832660.0,4793650.0,360850.0,706900.0,29398000.0,32957000.0,34819000.0,29934000.0,20393000.0,20255000.0,1523000.0,2987000.0
20200609,-5164470.0,8505540.0,4682280.0,7843980.0,6502760.0,5670610.0,8840500.0,959060.0,2953640.0,36386000.0,20011000.0,33562000.0,27792000.0,24256000.0,37837000.0,4110000.0,12673000.0
20200610,-1327610.0,4952160.0,5186160.0,7254540.0,5692930.0,4172970.0,4458110.0,1479690.0,2522160.0,21193000.0,22174000.0,31043000.0,24345000.0,17844000.0,19070000.0,6318000.0,10809000.0
20200611,-154160.0,8081210.0,6485690.0,8168760.0,9610130.0,6013620.0,6397610.0,1433670.0,1203840.0,34539000.0,27689000.0,34867000.0,41022000.0,25646000.0,27316000.0,6135000.0,5160000.0
20200612,1397030.0,8191160.0,7796350.0,7019080.0,8810920.0,5124920.0,4499310.0,2254660.0,1483240.0,35401000.0,33683000.0,30328000.0,38107000.0,22186000.0,19456000.0,9727000.0,6396000.0
20200615,-1177470.0,9608740.0,5830650.0,8760450.0,11361080.0,6050370.0,5570290.0,1668430.0,3325980.0,41942000.0,25409000.0,38223000.0,49554000.0,26412000.0,24343000.0,7265000.0,14536000.0
20200616,1337720.0,3862500.0,5341750.0,4517180.0,4375640.0,3563160.0,3350510.0,2038830.0,913760.0,16827000.0,23253000.0,19672000.0,19057000.0,15508000.0,14598000.0,8876000.0,3975000.0
20200617,1006890.0,6612260.0,8033590.0,9025170.0,8610740.0,8710460.0,6564710.0,2144260.0,3283120.0,28218000.0,34266000.0,38491000.0,36713000.0,37153000.0,27985000.0,9153000.0,14052000.0
20200618,-3398650.0,6650100.0,4156160.0,6993190.0,6088480.0,5475970.0,7819060.0,939040.0,1994600.0,28937000.0,18075000.0,30427000.0,26485000.0,23831000.0,34019000.0,4075000.0,8691000.0
20200619,-1408800.0,6187090.0,5269350.0,5691470.0,5200410.0,5512350.0,4812020.0,2469820.0,4578950.0,26799000.0,22807000.0,24651000.0,22516000.0,23861000.0,20837000.0,10691000.0,19842000.0
20200622,257020.0,5448490.0,5905380.0,7266970.0,7067100.0,5816240.0,6514920.0,2126440.0,1170740.0,23267000.0,25204000.0,31030000.0,30173000.0,24816000.0,27810000.0,9075000.0,5002000.0
20200623,1444140.0,5070040.0,6673390.0,7464210.0,7304990.0,6895280.0,5867020.0,2031740.0,1615860.0,21515000.0,28303000.0,31672000.0,30991000.0,29241000.0,24893000.0,8616000.0,6857000.0
20200624,-1428220.0,5284020.0,3978450.0,5840180.0,5717540.0,4253110.0,5722930.0,1512250.0,1470650.0,22634000.0,17031000.0,25016000.0,24476000.0,18220000.0,24523000.0,6474000.0,6313000.0
20200629,821190.0,6647370.0,8367110.0,9883190.0,8984640.0,8877620.0,7966290.0,2740490.0,2830630.0,28095000.0,35323000.0,41734000.0,37923000.0,37475000.0,33633000.0,11571000.0,11996000.0
20200630,1301680.0,5763340.0,7817170.0,7468430.0,6716270.0,7575300.0,6215760.0,2329080.0,2386940.0,24557000.0,33309000.0,31816000.0,28609000.0,32264000.0,26477000.0,9938000.0,10180000.0
20200701,6066940.0,6480930.0,11203120.0,9311060.0,10655820.0,11064220.0,6748810.0,6975940.0,5224410.0,27528000.0,47500000.0,39518000.0,45123000.0,46927000.0,28579000.0,29451000.0,22222000.0
20200702,2510020.0,8899770.0,10958990.0,12330610.0,12781400.0,11172740.0,9530910.0,4688130.0,3819940.0,37238000.0,45813000.0,51566000.0,53365000.0,46703000.0,39820000.0,19490000.0,15999000.0
20200703,1097800.0,9050530.0,11586400.0,16188460.0,14750400.0,13892790.0,16253340.0,8731940.0,5273590.0,37142000.0,47439000.0,66361000.0,60397000.0,56863000.0,66595000.0,35673000.0,21608000.0
20200706,8381220.0,14760360.0,19475930.0,23441510.0,27107160.0,36287700.0,30866420.0,23432570.0,20472630.0,57273000.0,75705000.0,91233000.0,105428000.0,141324000.0,119879000.0,91302000.0,80120000.0
20200707,1334660.0,18832420.0,22056750.0,38084280.0,36194620.0,53126340.0,45311940.0,22293270.0,28773010.0,68680000.0,80440000.0,138762000.0,131979000.0,193762000.0,165475000.0,81289000.0,104599000.0
20200708,16749700.0,15316520.0,22724800.0,31131000.0,40472420.0,52038630.0,46063100.0,54518330.0,43744160.0,53966000.0,79295000.0,109367000.0,141802000.0,182152000.0,161052000.0,186392000.0,149728000.0
20200709,10315670.0,24859370.0,27671570.0,43349320.0,50852790.0,65461070.0,70200640.0,112071990.0,97016750.0,76414000.0,84884000.0,133097000.0,156060000.0,200834000.0,215301000.0,342617000.0,296715000.0
20200710,-32941700.0,51285670.0,30190880.0,70249740.0,58402840.0,96509310.0,90796530.0,75397840.0,114052320.0,154538000.0,90674000.0,211266000.0,175464000.0,289929000.0,272750000.0,225647000.0,342491000.0
20200713,-7950220.0,28503200.0,23973790.0,42951750.0,39530940.0,55427390.0,51374050.0,54877850.0,66881410.0,88488000.0,74234000.0,133184000.0,122469000.0,171746000.0,159269000.0,169722000.0,207169000.0
20200714,-14121360.0,28865910.0,24497270.0,50871980.0,41119270.0,57019210.0,58093730.0,39035200.0,52082040.0,87565000.0,74084000.0,153899000.0,124474000.0,172489000.0,176122000.0,117514000.0,156787000.0
20200715,-6810590.0,24826530.0,19684980.0,36309300.0,34640260.0,38217820.0,40505050.0,37712840.0,42236200.0,78577000.0,62084000.0,114764000.0,109465000.0,120859000.0,128077000.0,119186000.0,133760000.0
20200716,-7998760.0,21006320.0,15542770.0,29616080.0,27080870.0,31406130.0,29245750.0,11979850.0,22138990.0,68124000.0,50309000.0,95902000.0,87568000.0,101713000.0,94624000.0,38850000.0,72088000.0
20200717,-2137910.0,24136330.0,23584580.0,41351560.0,39765390.0,41660510.0,38792530.0,24488120.0,29494010.0,78106000.0,76168000.0,133717000.0,128446000.0,134755000.0,125270000.0,78634000.0,95327000.0
20200720,12283050.0,23713110.0,35261130.0,47326870.0,48061890.0,66724890.0,55736390.0,59963120.0,58668570.0,71855000.0,106409000.0,143384000.0,145230000.0,202357000.0,168555000.0,180370000.0,177772000.0
20200721,-21174090.0,30218750.0,23852350.0,53020470.0,38212780.0,51231330.0,47056700.0,28272010.0,53620730.0,93427000.0,73688000.0,163797000.0,117922000.0,158080000.0,145090000.0,86885000.0,165489000.0
20200722,4284620.0,26328520.0,25762280.0,35182030.0,40032890.0,41798730.0,45199010.0,29310790.0,21625890.0,80325000.0,78511000.0,107311000.0,121982000.0,127411000.0,137936000.0,89503000.0,66121000.0
20200723,10105250.0,31827220.0,36543190.0,52478510.0,57867780.0,67059700.0,80725830.0,68430620.0,44659240.0,94104000.0,107874000.0,155005000.0,170982000.0,198138000.0,237703000.0,201075000.0,131764000.0
20200724,-5723190.0,46994730.0,43552160.0,77194310.0,74913700.0,84999620.0,91294210.0,68711810.0,68140410.0,132052000.0,121809000.0,216386000.0,210024000.0,238590000.0,256348000.0,192616000.0,191463000.0
20200727,7613620.0,32232550.0,32709890.0,47954390.0,55090670.0,71905610.0,67635350.0,52688700.0,49345340.0,91551000.0,92451000.0,136205000.0,156051000.0,204708000.0,192622000.0,150117000.0,141457000.0
20200728,19302090.0,31357410.0,45153740.0,59742980.0,65248750.0,72610950.0,76775800.0,64488880.0,41021940.0,86247000.0,123293000.0,164094000.0,178250000.0,199373000.0,210820000.0,175516000.0,112867000.0
20200729,1035710.0,30339140.0,28283110.0,53254430.0,56346160.0,59157040.0,56749660.0,43262530.0,44634200.0,81311000.0,75533000.0,142607000.0,150814000.0,158181000.0,151601000.0,115824000.0,119975000.0
20200730,-18851750.0,41470000.0,26607340.0,58694320.0,54705220.0,70643460.0,71523480.0,42853690.0,60825420.0,109295000.0,69584000.0,154173000.0,143575000.0,185325000.0,187641000.0,111270000.0,159263000.0
20200731,-8272860.0,29934150.0,21040150.0,36305040.0,36926190.0,43952020.0,47811730.0,24110600.0,28523750.0,82100000.0,57593000.0,99420000.0,101100000.0,120274000.0,130913000.0,66001000.0,78190000.0
20200803,33230100.0,21469290.0,35125300.0,44263720.0,63837820.0,71318860.0,80244430.0,110432870.0,68277200.0,54310000.0,88870000.0,111941000.0,160769000.0,180459000.0,201676000.0,276363000.0,171758000.0
20200804,-31551750.0,39128730.0,24399430.0,56712130.0,39889680.0,54378640.0,52085480.0,48564060.0,82408970.0,98774000.0,61552000.0,142965000.0,100481000.0,136980000.0,131085000.0,122048000.0,207650000.0
20200805,21477480.0,27394060.0,35013550.0,62755540.0,76613520.0,91519810.0,84442940.0,86301900.0,71901290.0,65518000.0,83605000.0,150464000.0,182619000.0,218878000.0,201352000.0,204619000.0,171905000.0
20200806,13766750.0,36842870.0,36789170.0,73800590.0,87621040.0,108299150.0,125535760.0,131918910.0,100915550.0,82647000.0,82005000.0,165361000.0,194845000.0,241498000.0,279262000.0,292068000.0,225461000.0
20200807,10613900.0,36735850.0,36727920.0,83980040.0,94601870.0,114692460.0,129665320.0,157993730.0,132406970.0,75264000.0,74996000.0,171719000.0,192913000.0,234238000.0,264221000.0,318308000.0,267398000.0
20200810,-18775910.0,58296530.0,44459240.0,117894540.0,112955920.0,145460570.0,184189020.0,277227520.0,257274980.0,109861000.0,83105000.0,221565000.0,211330000.0,272337000.0,344567000.0,512645000.0,477408000.0
20200811,72310.0,40506900.0,39560770.0,82579720.0,83598160.0,104828830.0,94489230.0,99569800.0,109837090.0,79155000.0,77047000.0,161002000.0,162833000.0,204518000.0,184345000.0,193826000.0,214276000.0
20200812,-19918630.0,39698900.0,33217020.0,83332340.0,69895580.0,99248480.0,106529500.0,69594230.0,82231840.0,82905000.0,69253000.0,173932000.0,145956000.0,207567000.0,222369000.0,145259000.0,172086000.0
20200813,-6168780.0,36258330.0,27745220.0,55781040.0,58125360.0,74245160.0,79082290.0,40309820.0,41641470.0,73542000.0,56234000.0,113167000.0,117763000.0,150715000.0,160394000.0,81499000.0,84532000.0
20200814,-8486430.0,36284440.0,29433220.0,61972300.0,60337090.0,77264390.0,78188620.0,38034320.0,45596520.0,72564000.0,58714000.0,123671000.0,120163000.0,153979000.0,155736000.0,75324000.0,90925000.0
20200817,-2572990.0,33381790.0,32375400.0,61393440.0,59826850.0,70075790.0,70355660.0,32801220.0,35094340.0,67201000.0,64722000.0,123039000.0,119771000.0,140531000.0,140964000.0,65313000.0,70627000.0
20200818,-860810.0,25732550.0,29476150.0,51053910.0,46449500.0,48029410.0,50128580.0,25965210.0,24726850.0,50352000.0,57525000.0,99693000.0,90675000.0,93737000.0,97822000.0,50576000.0,48337000.0
20200819,-22476680.0,37011340.0,23420540.0,51396600.0,42510730.0,54205280.0,57497020.0,30818140.0,50003080.0,75761000.0,47804000.0,105150000.0,86780000.0,110771000.0,117526000.0,62803000.0,102374000.0
20200820,-26659520.0,36184190.0,19719650.0,55501740.0,45306760.0,51038190.0,57136570.0,16216690.0,36777830.0,77121000.0,41870000.0,118272000.0,96334000.0,108782000.0,121898000.0,34617000.0,78690000.0
20200821,-9261320.0,30691020.0,21543170.0,47147390.0,47033910.0,43922760.0,48641890.0,19167820.0,23710010.0,66109000.0,46250000.0,101475000.0,100964000.0,94417000.0,104791000.0,41153000.0,51150000.0
20200824,-4764400.0,22555150.0,19526520.0,38877820.0,37142050.0,37178860.0,40190500.0,19192960.0,20945720.0,48215000.0,41668000.0,83025000.0,79259000.0,79354000.0,85771000.0,40929000.0,44824000.0
20200825,-25219460.0,46163760.0,28547490.0,73297190.0,65693990.0,98425960.0,93223750.0,70835570.0,101257240.0,104626000.0,64386000.0,166676000.0,148983000.0,224991000.0,212504000.0,165002000.0,235423000.0
20200826,-49462560.0,46321690.0,26329640.0,81787120.0,52316610.0,92544900.0,108844150.0,39526290.0,72689600.0,109659000.0,62090000.0,193747000.0,123531000.0,220131000.0,259293000.0,94243000.0,172866000.0
20200827,11061660.0,28226630.0,30763270.0,48258470.0,56783490.0,52417090.0,43196940.0,28074470.0,26232960.0,68214000.0,74218000.0,116595000.0,136922000.0,126425000.0,104323000.0,67613000.0,63384000.0
20200828,33550320.0,26165570.0,43112690.0,46216290.0,62819490.0,81772820.0,67488540.0,51138500.0,31872460.0,61047000.0,100066000.0,107954000.0,146259000.0,190153000.0,157377000.0,118682000.0,74135000.0
20200831,34714620.0,27330700.0,45053880.0,57140540.0,74131980.0,103584760.0,81306960.0,42614920.0,30178100.0,60954000.0,100104000.0,127065000.0,164613000.0,229758000.0,180558000.0,94691000.0,67192000.0
20200901,-1362960.0,29974980.0,29011490.0,47082870.0,46683400.0,52426300.0,47724280.0,16005020.0,22070000.0,67095000.0,64822000.0,105080000.0,104255000.0,116873000.0,106430000.0,35627000.0,49168000.0
20200902,-11561060.0,29902770.0,23104370.0,45592150.0,40829490.0,51447830.0,50810140.0,23033990.0,35232740.0,68291000.0,52539000.0,103995000.0,92812000.0,117319000.0,115709000.0,52277000.0,80822000.0
20200903,-348160.0,20771730.0,18139680.0,34053790.0,36337680.0,35076490.0,35484560.0,13380730.0,13320820.0,48361000.0,42058000.0,79219000.0,84344000.0,81463000.0,82445000.0,30841000.0,31037000.0
20200904,-5212670.0,19206060.0,18233300.0,24097540.0,19857630.0,21381270.0,19421440.0,9015160.0,16187660.0,44925000.0,42617000.0,56363000.0,46404000.0,50002000.0,45390000.0,21064000.0,37944000.0
20200907,-16962250.0,25984310.0,14040680.0,33514330.0,28495720.0,29292260.0,27402840.0,13939120.0,32790790.0,62026000.0,33457000.0,80015000.0,67854000.0,69884000.0,65346000.0,33498000.0,78765000.0
20200908,-18887400.0,28928950.0,19102710.0,39972260.0,30911090.0,37421380.0,36835330.0,9178750.0,28652200.0,71592000.0,47173000.0,98930000.0,76406000.0,92736000.0,91125000.0,22762000.0,71316000.0
20200909,7759450.0,26138460.0,31263260.0,39705370.0,42340020.0,46348660.0,41381680.0,20757760.0,17965290.0,65064000.0,77469000.0,98576000.0,104966000.0,114931000.0,102664000.0,51376000.0,44849000.0
20200910,8958680.0,20059850.0,24521240.0,32372050.0,36869320.0,53034040.0,43219990.0,20982370.0,21837740.0,49076000.0,59862000.0,79179000.0,90032000.0,129662000.0,105689000.0,51246000.0,53580000.0
20200911,-354010.0,19738200.0,18360220.0,25098630.0,26122600.0,25993050.0,20689970.0,6083530.0,11740620.0,49282000.0,45751000.0,62591000.0,65058000.0,64820000.0,51661000.0,15172000.0,29395000.0
20200914,710620.0,20726830.0,23630070.0,25932020.0,23739400.0,34011450.0,33527050.0,16208890.0,15982670.0,52004000.0,59215000.0,64885000.0,59357000.0,85037000.0,83849000.0,40605000.0,40110000.0
20200915,2397530.0,14281400.0,16976540.0,21364770.0,21067150.0,25202190.0,22033260.0,8303430.0,9074830.0,35416000.0,42065000.0,52930000.0,52132000.0,62366000.0,54523000.0,20538000.0,22530000.0
20200916,-2297580.0,16372260.0,17197320.0,23355170.0,20232540.0,16653300.0,14849410.0,3725640.0,7827110.0,41235000.0,43182000.0,58717000.0,50916000.0,41847000.0,37320000.0,9393000.0,19774000.0
20200917,9610420.0,19099000.0,26198680.0,29000630.0,31511380.0,37622550.0,31063290.0,18967570.0,15916410.0,47501000.0,64795000.0,71579000.0,77471000.0,92052000.0,76177000.0,46206000.0,38895000.0
20200918,-2874790.0,22966850.0,32307390.0,48035950.0,35820620.0,38888040.0,37186190.0,19735000.0,24311640.0,55310000.0,77654000.0,115542000.0,86156000.0,93495000.0,89504000.0,47496000.0,58530000.0
20200921,-3575720.0,27674110.0,21557500.0,46182130.0,48723020.0,54154330.0,57948870.0,27823610.0,27604790.0,65113000.0,50669000.0,108491000.0,114524000.0,126999000.0,136008000.0,65298000.0,64701000.0
20200922,-3026340.0,17083110.0,14907600.0,27850130.0,26999300.0,25778420.0,32308210.0,14494940.0,10991490.0,42353000.0,36840000.0,68915000.0,66829000.0,63911000.0,80051000.0,35826000.0,27285000.0
20200923,-14375260.0,18598360.0,14262310.0,27392050.0,17352840.0,21817200.0,24851680.0,9261480.0,20602260.0,46495000.0,35607000.0,68437000.0,43348000.0,54482000.0,62103000.0,23141000.0,51498000.0
20200924,-3943510.0,16470670.0,11537940.0,13354980.0,14344210.0,13839030.0,14200540.0,10564170.0,14146170.0,41619000.0,29137000.0,33739000.0,36235000.0,34951000.0,35883000.0,26730000.0,35784000.0
20200925,-7861610.0,18241120.0,15982510.0,20798430.0,15195420.0,15849520.0,21837640.0,5457260.0,7330750.0,46974000.0,41075000.0,53557000.0,39094000.0,40824000.0,56313000.0,14081000.0,18954000.0
20200928,-7355030.0,20700330.0,17069270.0,21525440.0,17801470.0,18549100.0,15530390.0,6653560.0,17027300.0,53607000.0,44124000.0,55693000.0,46045000.0,47983000.0,40217000.0,17195000.0,44091000.0
20200929,9765230.0,20124330.0,23099320.0,35400520.0,42190760.0,53245280.0,44784410.0,31893460.0,30589100.0,49442000.0,56819000.0,87104000.0,103501000.0,130653000.0,109860000.0,77837000.0,74857000.0
20200930,8132540.0,12970730.0,19070980.0,19141730.0,21174010.0,24895800.0,19692950.0,10670970.0,7741280.0,31717000.0,46571000.0,46787000.0,51680000.0,60761000.0,48046000.0,25940000.0,18908000.0
20201009,3199870.0,15618560.0,17520780.0,25941990.0,27239650.0,33000730.0,26992240.0,12687530.0,15496150.0,37649000.0,42148000.0,62493000.0,65593000.0,79360000.0,64932000.0,30440000.0,37270000.0
20201012,17903280.0,16385340.0,21396800.0,30909980.0,43801790.0,55917010.0,50480680.0,39626350.0,27159400.0,38467000.0,50075000.0,72449000.0,102347000.0,130654000.0,117777000.0,92050000.0,63422000.0
20201013,3247220.0,13847530.0,14103740.0,23646090.0,26637100.0,28160740.0,26854720.0,15389700.0,13448500.0,32294000.0,32879000.0,55088000.0,62027000.0,65674000.0,62639000.0,35803000.0,31313000.0
20201014,-4320130.0,19283790.0,14001410.0,29133200.0,30095460.0,28457530.0,31228450.0,13941420.0,15490630.0,45123000.0,32626000.0,68077000.0,70301000.0,66367000.0,72705000.0,32308000.0,36243000.0
20201015,-7792600.0,16929360.0,8507220.0,19999210.0,20628750.0,18121220.0,20727490.0,4334320.0,9520650.0,40417000.0,20249000.0,47727000.0,49212000.0,43231000.0,49463000.0,10333000.0,22783000.0
20201016,-17475500.0,24189370.0,12875900.0,27576100.0,21414070.0,23523780.0,30329430.0,6816620.0,17486470.0,59921000.0,31819000.0,68208000.0,52849000.0,58253000.0,75090000.0,16850000.0,43473000.0
20201019,-1083820.0,18175830.0,15656360.0,18990620.0,20426270.0,16429810.0,13860970.0,5009950.0,8662610.0,45667000.0,39274000.0,47664000.0,51219000.0,41223000.0,34793000.0,12582000.0,21850000.0
20201020,-4345200.0,21831120.0,21179550.0,22205330.0,18511690.0,16225970.0,17217970.0,6282530.0,9635730.0,55962000.0,54217000.0,56916000.0,47429000.0,41572000.0,44096000.0,16047000.0,24754000.0
20201021,-27789840.0,34712650.0,15167480.0,31480990.0,23236300.0,22309370.0,33840980.0,9447320.0,25705550.0,91579000.0,39704000.0,83086000.0,61134000.0,58854000.0,89493000.0,24821000.0,68008000.0
20201022,-687590.0,18272790.0,17834750.0,17626310.0,17376760.0,14155960.0,12369690.0,2311890.0,4785750.0,49793000.0,48495000.0,47993000.0,47339000.0,38545000.0,33706000.0,6270000.0,13061000.0
20201023,-2917150.0,9200300.0,7508530.0,9877980.0,8652610.0,10549640.0,14683810.0,3507510.0,2290490.0,24881000.0,20176000.0,26696000.0,23325000.0,28459000.0,39744000.0,9414000.0,6204000.0
20201026,-814660.0,9053920.0,7470290.0,9166910.0,9935870.0,7315960.0,8527320.0,2869740.0,2473040.0,25175000.0,20733000.0,25472000.0,27611000.0,20312000.0,23720000.0,7981000.0,6876000.0
20201027,3264080.0,9135260.0,11136720.0,12265580.0,13528190.0,12309980.0,10535250.0,2867150.0,1377800.0,25173000.0,30638000.0,33765000.0,37223000.0,33843000.0,28989000.0,7876000.0,3808000.0
20201028,481780.0,16336050.0,17371840.0,16343370.0,15789360.0,10548900.0,9913880.0,2571130.0,2724370.0,45648000.0,48515000.0,45631000.0,44088000.0,29430000.0,27655000.0,7163000.0,7614000.0
20201029,5144370.0,11100950.0,14130850.0,14171430.0,16285900.0,11940380.0,9238120.0,5676130.0,3234020.0,30877000.0,39227000.0,39335000.0,45165000.0,33080000.0,25622000.0,15675000.0,8953000.0
20201030,8313850.0,25106540.0,31301500.0,36723210.0,38842120.0,42567730.0,41731820.0,22092890.0,14614950.0,66590000.0,82699000.0,97141000.0,102639000.0,112674000.0,110589000.0,58161000.0,38639000.0
20201102,-3535210.0,27774720.0,23488160.0,37037680.0,37789030.0,30292810.0,29658080.0,15779700.0,19949640.0,78409000.0,66141000.0,104358000.0,106609000.0,85215000.0,83493000.0,44552000.0,56290000.0
20201103,12471920.0,21349550.0,31286110.0,34307430.0,36842800.0,46387990.0,31210650.0,29462430.0,32167850.0,56913000.0,83105000.0,91312000.0,98171000.0,123117000.0,83046000.0,77754000.0,84773000.0
20201104,6225460.0,20655020.0,24034600.0,29787070.0,32632940.0,30443920.0,26352200.0,13144020.0,11010280.0,53324000.0,61947000.0,76812000.0,84113000.0,78390000.0,67891000.0,33788000.0,28364000.0
20201105,-4017170.0,26647720.0,23790120.0,34793520.0,33633940.0,32724220.0,32131700.0,11315490.0,15925180.0,70172000.0,62499000.0,91510000.0,88448000.0,85913000.0,84567000.0,29887000.0,41967000.0
20201106,-10061130.0,15118220.0,11943320.0,20785340.0,13899120.0,14085250.0,15860680.0,2787610.0,11073310.0,39876000.0,31457000.0,54830000.0,36614000.0,37159000.0,41860000.0,7360000.0,29294000.0
20201109,-11427900.0,22921790.0,20712810.0,36011440.0,26792500.0,45055120.0,43665370.0,16633520.0,29451170.0,61156000.0,55152000.0,96027000.0,71369000.0,120008000.0,116398000.0,44063000.0,78335000.0
20201110,-15679140.0,18214880.0,11059540.0,23677470.0,15153670.0,19370300.0,21210510.0,4921610.0,18760540.0,48706000.0,29487000.0,63246000.0,40382000.0,51739000.0,56648000.0,13185000.0,50358000.0
20201111,-3877860.0,22940910.0,17109510.0,22049430.0,24002990.0,17070500.0,18644570.0,6618770.0,8922560.0,62038000.0,46129000.0,59591000.0,64781000.0,46049000.0,50337000.0,17700000.0,24131000.0
20201112,-3291060.0,12189810.0,11760430.0,15549590.0,12687920.0,7915220.0,9384500.0,1139550.0,2961330.0,33510000.0,32274000.0,42708000.0,34845000.0,21734000.0,25799000.0,3137000.0,8170000.0
20201113,6335070.0,19282750.0,28615750.0,34600440.0,31602520.0,31068590.0,29208950.0,13775480.0,9300050.0,51260000.0,76043000.0,91834000.0,83796000.0,82235000.0,77147000.0,36317000.0,24660000.0
20201116,-641430.0,17401550.0,18620290.0,25330540.0,23470360.0,24109190.0,21237690.0,5439670.0,8952600.0,45126000.0,48237000.0,65657000.0,60799000.0,62453000.0,55053000.0,14070000.0,23217000.0
20201117,-2834190.0,24711860.0,20259130.0,30863910.0,32482440.0,27423990.0,23761210.0,9516680.0,16013650.0,66491000.0,54516000.0,82943000.0,87479000.0,73958000.0,63714000.0,25586000.0,43268000.0
20201118,1490870.0,20124650.0,20930170.0,24087270.0,24772630.0,26664010.0,23801690.0,12132310.0,13503760.0,53429000.0,55570000.0,63966000.0,65805000.0,70747000.0,63130000.0,32061000.0,35697000.0
20201119,20031760.0,32440200.0,41999550.0,57126750.0,67599170.0,79728720.0,70496290.0,52340470.0,41541140.0,81423000.0,105666000.0,143045000.0,168921000.0,198600000.0,175263000.0,130517000.0,103736000.0
20201120,-3833330.0,39819970.0,34361130.0,63258450.0,64883960.0,80094170.0,82351360.0,51878050.0,53454190.0,94975000.0,81833000.0,150583000.0,154423000.0,190524000.0,195771000.0,123068000.0,127124000.0
20201123,9433690.0,28465130.0,35823900.0,50963950.0,53038870.0,68056100.0,64446750.0,42361590.0,36537250.0,67266000.0,84427000.0,120201000.0,125015000.0,160517000.0,151977000.0,99720000.0,86285000.0
20201124,7250480.0,20855620.0,23010420.0,33171830.0,38267500.0,45538930.0,46030230.0,31428640.0,23686860.0,47933000.0,52835000.0,76198000.0,87836000.0,104554000.0,105543000.0,71982000.0,54452000.0
20201125,-18594370.0,31907310.0,22336430.0,49075920.0,40052430.0,48981990.0,51803170.0,22582700.0,38355890.0,75429000.0,52604000.0,115902000.0,94498000.0,115567000.0,122363000.0,53241000.0,90674000.0
20201126,5415570.0,28019330.0,28142710.0,48303670.0,53595860.0,58929090.0,51909010.0,18234680.0,19839190.0,66251000.0,66227000.0,113877000.0,126353000.0,138742000.0,122332000.0,42590000.0,46547000.0
20201127,7327820.0,35642870.0,41356930.0,70163140.0,71776910.0,78615370.0,80285670.0,41083670.0,32085550.0,80259000.0,93142000.0,157784000.0,161440000.0,176431000.0,180255000.0,92079000.0,71715000.0
20201130,-4183850.0,29647560.0,31079020.0,54843950.0,49228640.0,55829680.0,56693240.0,25838820.0,29159110.0,65551000.0,68567000.0,121116000.0,108639000.0,123259000.0,125119000.0,56895000.0,64497000.0
20201201,8520620.0,31242140.0,29943900.0,49707830.0,59526700.0,67194330.0,73700100.0,46443340.0,31416950.0,66217000.0,63394000.0,105242000.0,126085000.0,142270000.0,155989000.0,98208000.0,66469000.0
20201202,-5632780.0,29168770.0,24194470.0,46000240.0,45341760.0,52711710.0,53724480.0,17366470.0,21986480.0,61135000.0,50624000.0,96347000.0,94868000.0,110232000.0,112342000.0,36245000.0,46125000.0
20201203,-7695680.0,29250210.0,24305410.0,42484190.0,39733310.0,44141570.0,44640510.0,15914110.0,23110850.0,62921000.0,52216000.0,91364000.0,85397000.0,94922000.0,96045000.0,34300000.0,49850000.0
20201204,5529920.0,26915920.0,27410360.0,47774860.0,52810340.0,59433510.0,57829010.0,26151780.0,22226360.0,57529000.0,58335000.0,101978000.0,112503000.0,126485000.0,123082000.0,55234000.0,47306000.0
20201207,3407750.0,24134480.0,28898550.0,46181960.0,44825650.0,54185560.0,51379410.0,24982320.0,24380720.0,49933000.0,59663000.0,95468000.0,92524000.0,111876000.0,106060000.0,51496000.0,50525000.0
20201208,-17591900.0,30121820.0,17130360.0,37145200.0,32544770.0,35729580.0,42461260.0,17067530.0,27927750.0,63866000.0,36260000.0,78700000.0,68891000.0,75629000.0,89903000.0,36104000.0,59245000.0
20201209,-16637020.0,35776790.0,21748930.0,45191580.0,42582430.0,44114000.0,52347750.0,26324600.0,34727870.0,77692000.0,47024000.0,98082000.0,92311000.0,95892000.0,113950000.0,57214000.0,75594000.0
20201210,-9046190.0,28455860.0,23703040.0,41143080.0,36849710.0,35802700.0,39240920.0,10596480.0,16204450.0,63299000.0,52549000.0,91398000.0,81825000.0,79476000.0,87187000.0,23491000.0,36102000.0
20201211,-15715820.0,33430610.0,26271110.0,47341860.0,38785540.0,35366500.0,44755530.0,18788810.0,25115600.0,75716000.0,59468000.0,107217000.0,87810000.0,80080000.0,101326000.0,42649000.0,57057000.0
20201214,18040830.0,25450500.0,30940570.0,41201180.0,53751950.0,53537850.0,45485450.0,23103580.0,13115150.0,55889000.0,67926000.0,90645000.0,117999000.0,117379000.0,99861000.0,50661000.0,28788000.0
20201215,450490.0,21949680.0,24678130.0,37786270.0,35508320.0,35524590.0,33497300.0,16727290.0,18304090.0,48069000.0,53897000.0,82566000.0,77457000.0,77571000.0,73181000.0,36431000.0,40103000.0
20201216,5708720.0,18838220.0,22036790.0,31927770.0,34437910.0,33660490.0,31040090.0,13340570.0,10252250.0,41258000.0,48138000.0,69879000.0,75213000.0,73473000.0,67852000.0,29023000.0,22430000.0
20201217,-17799380.0,43015120.0,36020110.0,64285710.0,53481320.0,61824730.0,58666880.0,21658390.0,42615620.0,97818000.0,81790000.0,146188000.0,121464000.0,140704000.0,133434000.0,49452000.0,97473000.0
20201218,-14627330.0,28624620.0,20506860.0,39498970.0,32989390.0,32524160.0,37512340.0,11688930.0,21328080.0,64549000.0,46193000.0,89055000.0,74257000.0,73218000.0,84543000.0,26347000.0,48175000.0
20201221,12445980.0,35051820.0,37699500.0,57560050.0,67358340.0,62974260.0,65622730.0,41449750.0,26355300.0,77033000.0,82351000.0,126304000.0,147715000.0,138106000.0,143787000.0,89818000.0,57408000.0
20201222,-3701200.0,29204080.0,26441950.0,52673330.0,51734250.0,59961210.0,55590580.0,27120000.0,35191830.0,62659000.0,56628000.0,112935000.0,110850000.0,128534000.0,119157000.0,58095000.0,75589000.0
20201223,39940770.0,30841640.0,50014800.0,64262640.0,85030250.0,88392560.0,92414830.0,108197410.0,64234370.0,64009000.0,103421000.0,133217000.0,175868000.0,182712000.0,191025000.0,220682000.0,130305000.0
20201224,-12197700.0,54414150.0,54462170.0,103273310.0,91027590.0,108937020.0,98389710.0,87257970.0,110002980.0,105637000.0,105513000.0,200290000.0,176560000.0,211521000.0,190853000.0,168962000.0,213485000.0
20201225,14025420.0,30878020.0,40065310.0,56654460.0,61492590.0,65969830.0,58077550.0,36041180.0,29908040.0,60846000.0,78618000.0,111466000.0,120725000.0,129488000.0,113984000.0,70264000.0,58737000.0
20201228,7546640.0,28692860.0,33704130.0,56792050.0,59327420.0,66714420.0,66485410.0,54335510.0,47017880.0,54977000.0,64420000.0,108603000.0,113288000.0,127261000.0,126769000.0,103460000.0,89823000.0
20201229,-8987870.0,32478610.0,27442140.0,55327400.0,51376010.0,57012360.0,60903200.0,30264320.0,35361350.0,62551000.0,52680000.0,106397000.0,98595000.0,109421000.0,117029000.0,58076000.0,68140000.0
20201230,8873510.0,35856900.0,40131390.0,69753940.0,74352940.0,87763320.0,90399090.0,69364810.0,57855530.0,67188000.0,75069000.0,130819000.0,139248000.0,164486000.0,168925000.0,129671000.0,108921000.0
20201231,24281000.0,39481290.0,46513230.0,72529430.0,89778490.0,112110800.0,127092750.0,144118530.0,104855580.0,69478000.0,81528000.0,127865000.0,157320000.0,197751000.0,222440000.0,249118000.0,182925000.0
20210104,4428640.0,45333220.0,46612000.0,79483890.0,82633740.0,106174290.0,125243140.0,187947500.0,164450010.0,72111000.0,73572000.0,126741000.0,130492000.0,168831000.0,198419000.0,295466000.0,260666000.0
20210105,-46970560.0,80992780.0,54734120.0,129020580.0,108308680.0,136583310.0,159180940.0,118107030.0,142479960.0,121832000.0,82256000.0,193627000.0,162723000.0,204794000.0,238487000.0,177044000.0,213830000.0
20210106,-9540640.0,69099680.0,56853930.0,106918280.0,109623380.0,139295500.0,152349820.0,136372390.0,132858710.0,100042000.0,82258000.0,154725000.0,158681000.0,201413000.0,220086000.0,196792000.0,191947000.0
20210107,7242590.0,71847240.0,72159020.0,120183540.0,127114360.0,169072900.0,185239950.0,243994170.0,220584530.0,99666000.0,99911000.0,166695000.0,176072000.0,234221000.0,255923000.0,332076000.0,300751000.0
20210108,-63983880.0,96679590.0,59816630.0,139377160.0,112256230.0,173720510.0,191044550.0,154660740.0,201320580.0,132010000.0,81463000.0,190168000.0,153064000.0,237106000.0,260908000.0,211082000.0,274931000.0
20210111,-74152520.0,120284220.0,70578460.0,165203870.0,140757090.0,220537740.0,230956950.0,188333500.0,252066810.0,163926000.0,94971000.0,224187000.0,190181000.0,298402000.0,313857000.0,255291000.0,342796000.0
20210112,1202230.0,94521870.0,88498160.0,142301730.0,149527660.0,195219150.0,198712320.0,171746280.0,167050880.0,129387000.0,120793000.0,194907000.0,204435000.0,267295000.0,271839000.0,234175000.0,228697000.0
20210113,-42088220.0,115421550.0,94427700.0,176272230.0,155177870.0,228366050.0,222573950.0,163095700.0,210976020.0,150119000.0,122311000.0,228638000.0,201094000.0,295904000.0,288274000.0,210304000.0,273287000.0
20210114,-124358340.0,143603140.0,62886600.0,170300390.0,126658590.0,204553090.0,194190340.0,216017150.0,350738240.0,199899000.0,86838000.0,236811000.0,175085000.0,284121000.0,269042000.0,301546000.0,491413000.0
20210115,-14046260.0,111964240.0,93938030.0,167039000.0,171018960.0,196084300.0,202303210.0,186723410.0,194550760.0,167818000.0,140849000.0,250299000.0,256107000.0,293614000.0,302422000.0,279881000.0,292235000.0
20210118,-10473590.0,65532930.0,57017020.0,105699280.0,103741600.0,128916770.0,126561250.0,92573520.0,105402630.0,96731000.0,83930000.0,155898000.0,152801000.0,189889000.0,186475000.0,136324000.0,155635000.0
20210119,-45648890.0,84564830.0,56480300.0,123918490.0,106354130.0,116063950.0,132697300.0,72015540.0,101031080.0,127113000.0,84501000.0,185727000.0,159052000.0,173467000.0,198527000.0,107610000.0,151837000.0
20210120,30157620.0,73291640.0,103540180.0,147368760.0,147277840.0,165269810.0,151106760.0,141811230.0,125816660.0,106870000.0,150416000.0,214493000.0,214131000.0,239757000.0,219760000.0,205194000.0,182007000.0
20210121,4559650.0,80303230.0,85445610.0,149300410.0,148717680.0,151601170.0,157422910.0,132503290.0,122121900.0,110990000.0,117626000.0,205617000.0,204816000.0,209016000.0,217001000.0,182377000.0,168558000.0
20210122,6804290.0,70974250.0,78653100.0,123070700.0,122196140.0,150368920.0,139474490.0,129708280.0,133798420.0,95477000.0,105577000.0,165350000.0,164202000.0,201912000.0,187293000.0,173479000.0,179146000.0
20210125,-63547890.0,122405690.0,86950250.0,173959020.0,145866570.0,208660760.0,211130170.0,188707380.0,249785860.0,159828000.0,112699000.0,226551000.0,189404000.0,270829000.0,274274000.0,245778000.0,326607000.0
20210126,-150019300.0,148552170.0,50495300.0,173566810.0,121604380.0,189565900.0,221689410.0,200273520.0,318169310.0,215450000.0,72476000.0,251265000.0,174710000.0,274196000.0,319671000.0,288324000.0,462377000.0
20210127,-42791400.0,94277420.0,65213600.0,129416180.0,115688590.0,134446730.0,146841050.0,111218800.0,141615880.0,145471000.0,100631000.0,199741000.0,178577000.0,207401000.0,226604000.0,171535000.0,218335000.0
20210128,-31153010.0,80954130.0,50798100.0,106595300.0,105598330.0,115993410.0,127765420.0,79305400.0,98686400.0,128376000.0,80465000.0,169099000.0,167130000.0,184080000.0,202479000.0,125064000.0,156546000.0
20210129,-52823220.0,76408650.0,53432130.0,132039790.0,102193100.0,126272780.0,131792530.0,74092740.0,121396210.0,127061000.0,88493000.0,220145000.0,169791000.0,210719000.0,219581000.0,123171000.0,203230000.0
20210201,-11491780.0,41947950.0,38447960.0,68484720.0,60492930.0,67015930.0,64333980.0,47726930.0,61900660.0,70038000.0,64108000.0,114300000.0,100910000.0,111764000.0,107308000.0,79544000.0,103320000.0
20210202,-13646250.0,58473520.0,56436460.0,100736670.0,89127480.0,96930360.0,92602960.0,73859830.0,91833480.0,97556000.0,93858000.0,167812000.0,148433000.0,161226000.0,154323000.0,122285000.0,152265000.0
20210203,-34069640.0,62702360.0,41665790.0,85743180.0,72710120.0,66729770.0,81376280.0,40086610.0,59509740.0,105495000.0,69929000.0,144257000.0,122192000.0,112292000.0,136869000.0,67403000.0,100456000.0
20210204,-27505490.0,45663290.0,31208470.0,69530380.0,56479710.0,58506780.0,67910920.0,37981310.0,56082660.0,78976000.0,53846000.0,120168000.0,97540000.0,101136000.0,117417000.0,65673000.0,97150000.0
20210205,-20591160.0,51088960.0,38802090.0,68061770.0,59757490.0,54049280.0,55209880.0,26258830.0,45689390.0,88972000.0,67385000.0,118284000.0,103694000.0,93923000.0,95908000.0,45585000.0,79776000.0
20210208,17549770.0,40120740.0,49642920.0,66390030.0,74417620.0,67247850.0,59615200.0,38784720.0,28867600.0,70235000.0,86730000.0,116099000.0,130070000.0,117421000.0,104167000.0,67705000.0,50495000.0
20210209,35803970.0,41173360.0,60395860.0,72911680.0,89493160.0,103612680.0,97719710.0,119629900.0,89718900.0,67919000.0,98748000.0,120324000.0,146659000.0,170698000.0,160363000.0,193254000.0,146424000.0
20210210,-26051140.0,78265390.0,68257880.0,122965640.0,106922010.0,130934750.0,116346500.0,68148250.0,108787640.0,122713000.0,106669000.0,192621000.0,167158000.0,204830000.0,181915000.0,106208000.0,170629000.0
20210218,-53483850.0,92355830.0,53430110.0,115915250.0,101357120.0,110872560.0,143790370.0,57669150.0,78235190.0,144261000.0,83066000.0,180739000.0,157686000.0,172780000.0,224305000.0,89448000.0,122171000.0
20210219,-11139610.0,53757860.0,42081560.0,68692030.0,69228730.0,59320460.0,62190270.0,24382790.0,32652590.0,85458000.0,66769000.0,109021000.0,109855000.0,94103000.0,98746000.0,38635000.0,51847000.0
20210222,-68376140.0,103506240.0,48392230.0,117021460.0,103759340.0,98224940.0,116258490.0,45124120.0,95466710.0,170912000.0,79389000.0,192897000.0,170644000.0,162118000.0,191600000.0,74542000.0,158836000.0
20210223,-10632030.0,74279770.0,69428720.0,107150180.0,101369210.0,98570840.0,93843290.0,41664220.0,57023800.0,124499000.0,115760000.0,179263000.0,169341000.0,164508000.0,156970000.0,69497000.0,95695000.0
20210224,-4351530.0,63204740.0,63030780.0,106837650.0,102660090.0,107019810.0,99126670.0,37282680.0,49527350.0,103391000.0,102905000.0,174618000.0,167674000.0,174715000.0,161901000.0,60790000.0,81034000.0
20210225,24467040.0,79263430.0,89391240.0,119549940.0,133889160.0,133990480.0,128233170.0,73860290.0,55150560.0,125089000.0,140712000.0,188526000.0,211117000.0,211001000.0,201727000.0,115963000.0,87023000.0
20210226,-47647170.0,93170490.0,53436160.0,109576430.0,101663580.0,87281890.0,108819730.0,37292300.0,63401630.0,151745000.0,86724000.0,178215000.0,165239000.0,141935000.0,177195000.0,60756000.0,103493000.0
20210301,19401560.0,49229040.0,57294850.0,80206520.0,91542280.0,79987180.0,66840390.0,33103250.0,26848480.0,81028000.0,93608000.0,131728000.0,150007000.0,130915000.0,109711000.0,53932000.0,44277000.0
20210302,16552690.0,85303870.0,97101360.0,133376850.0,138132060.0,128941010.0,120734820.0,81930270.0,73583770.0,133338000.0,151166000.0,208040000.0,215480000.0,200883000.0,188454000.0,127211000.0,114372000.0
20210303,-20850150.0,77127670.0,62295600.0,102188440.0,96170370.0,89535940.0,94102630.0,31880240.0,48163700.0,118021000.0,95124000.0,156238000.0,146957000.0,136750000.0,143930000.0,48738000.0,73737000.0
20210304,-30389310.0,91008580.0,68754020.0,126487130.0,118352380.0,125460730.0,133787210.0,48263570.0,70326400.0,137658000.0,103411000.0,190674000.0,178222000.0,188576000.0,201570000.0,72411000.0,106114000.0
20210305,-77707410.0,104960790.0,48004520.0,125093880.0,104342750.0,93871940.0,124678540.0,33012690.0,79913500.0,173323000.0,79000000.0,206309000.0,171950000.0,154881000.0,205625000.0,54368000.0,132306000.0
20210308,-73341560.0,112023770.0,54006720.0,129945770.0,114621250.0,128768920.0,143900500.0,50731260.0,108941240.0,202306000.0,96915000.0,234164000.0,205976000.0,231727000.0,259072000.0,91552000.0,197787000.0
20210309,-15178730.0,75892730.0,58264720.0,115333970.0,117783240.0,119160410.0,115085260.0,53546600.0,72800480.0,154111000.0,118232000.0,234205000.0,238997000.0,242089000.0,233892000.0,109037000.0,148319000.0
20210310,-13088890.0,41833270.0,32881730.0,66369520.0,62232180.0,56532990.0,58237930.0,14077460.0,25461410.0,86170000.0,67645000.0,136614000.0,128058000.0,116278000.0,119864000.0,28950000.0,52445000.0
20210311,3017060.0,39219780.0,40992310.0,65627850.0,66872380.0,65206950.0,61022750.0,16795330.0,17962470.0,79756000.0,83232000.0,133472000.0,135964000.0,132431000.0,124169000.0,34094000.0,36388000.0
20210312,-13648760.0,43021300.0,29382610.0,59074320.0,59064250.0,47672150.0,59428800.0,18159000.0,20051110.0,89278000.0,60900000.0,122582000.0,122529000.0,98897000.0,123329000.0,37554000.0,41554000.0
20210315,-14261270.0,38347250.0,28124870.0,57160280.0,53121390.0,42200610.0,46204430.0,8945660.0,19203110.0,80249000.0,58734000.0,119442000.0,110970000.0,88165000.0,96464000.0,18632000.0,40319000.0
20210316,-7630660.0,30692600.0,23794610.0,42328800.0,41596140.0,29370740.0,33628430.0,6641760.0,10014730.0,65702000.0,50886000.0,90583000.0,88938000.0,62839000.0,71984000.0,14194000.0,21510000.0
20210317,5022170.0,29765110.0,32487010.0,48826170.0,51126430.0,37230200.0,37018320.0,12349040.0,7538750.0,63136000.0,68801000.0,103471000.0,108324000.0,78800000.0,78392000.0,26120000.0,16008000.0
20210318,5177890.0,34156350.0,37398100.0,54557640.0,56493780.0,51466580.0,48994550.0,19828250.0,17122390.0,70966000.0,77642000.0,113348000.0,117294000.0,106789000.0,101805000.0,41156000.0,35518000.0
20210319,9652790.0,47650730.0,48207060.0,76238720.0,85335170.0,75890070.0,67996580.0,25507010.0,23747710.0,98645000.0,99329000.0,157281000.0,175725000.0,156042000.0,140001000.0,52133000.0,49046000.0
20210322,-5286640.0,33485330.0,25592040.0,45242030.0,47848690.0,35349250.0,34439030.0,8300190.0,14497050.0,70065000.0,53439000.0,94595000.0,99978000.0,73866000.0,72045000.0,17313000.0,30376000.0
20210323,2405560.0,29243310.0,25173740.0,37084260.0,43559380.0,33844790.0,32402630.0,10488160.0,9524760.0,61297000.0,52661000.0,77674000.0,91179000.0,70750000.0,67832000.0,21947000.0,19997000.0
20210324,-35571910.0,51866840.0,27198790.0,76220930.0,65317080.0,59980660.0,79177970.0,13027430.0,29402030.0,114576000.0,60017000.0,168779000.0,144335000.0,132886000.0,175441000.0,28933000.0,65382000.0
20210325,-7660940.0,32670170.0,26353730.0,42305520.0,40961010.0,29203410.0,35017480.0,10656540.0,12503410.0,72233000.0,58207000.0,93530000.0,90567000.0,64513000.0,77370000.0,23539000.0,27671000.0
20210326,-538590.0,28010500.0,28440650.0,38471960.0,37503220.0,28754350.0,29090520.0,10262770.0,10465190.0,60593000.0,61431000.0,83205000.0,81020000.0,62135000.0,62949000.0,22161000.0,22694000.0
20210329,7179690.0,34936910.0,38199160.0,55554750.0,59472200.0,49472840.0,51566550.0,23322970.0,14049570.0,72825000.0,79502000.0,115752000.0,123912000.0,103051000.0,107407000.0,48478000.0,29285000.0
20210330,29002810.0,58256550.0,69403750.0,93072340.0,110927940.0,99150140.0,84656150.0,52434570.0,37925750.0,115407000.0,137443000.0,184505000.0,219721000.0,196721000.0,168040000.0,103863000.0,75292000.0
20210331,-73531170.0,86521710.0,32744150.0,95207830.0,75454230.0,74134460.0,112639550.0,40945410.0,75971490.0,186934000.0,70619000.0,205519000.0,162851000.0,159827000.0,243123000.0,88660000.0,164348000.0
20210401,-8454550.0,38781800.0,31661340.0,49519440.0,48185350.0,44546680.0,51378370.0,17699790.0,19322650.0,86024000.0,70208000.0,109811000.0,106873000.0,98818000.0,113962000.0,39301000.0,42912000.0
20210402,7333930.0,27665090.0,31552160.0,41531850.0,44978700.0,43272030.0,39295590.0,21179000.0,17821510.0,60653000.0,69031000.0,90994000.0,98565000.0,94787000.0,86149000.0,46450000.0,39138000.0
20210406,5731180.0,24323430.0,24274580.0,34474040.0,40254080.0,32866280.0,29310120.0,14544140.0,12369120.0,52606000.0,52464000.0,74531000.0,87033000.0,71050000.0,63394000.0,31500000.0,26796000.0
20210407,-3878490.0,23376350.0,20041780.0,30485980.0,29942060.0,21083370.0,22859000.0,7624810.0,9727670.0,51223000.0,43887000.0,66786000.0,65574000.0,46173000.0,50079000.0,16674000.0,21315000.0
20210408,122170.0,19437240.0,18410770.0,27669230.0,28817880.0,20036630.0,21230390.0,7178940.0,5863010.0,42704000.0,40406000.0,60752000.0,63253000.0,43960000.0,46615000.0,15727000.0,12870000.0
20210409,-17954780.0,46392820.0,25722920.0,48688080.0,51403200.0,37910250.0,45815430.0,9183800.0,19233400.0,104207000.0,57690000.0,109198000.0,115306000.0,84979000.0,102650000.0,20520000.0,43258000.0
20210412,-29605330.0,54064550.0,25217220.0,70372170.0,69614160.0,48888390.0,62651510.0,11742610.0,27584820.0,127788000.0,59477000.0,166553000.0,164896000.0,115313000.0,147951000.0,27646000.0,64976000.0
20210413,-6460100.0,24204740.0,16696800.0,29453170.0,30501000.0,23217580.0,25273820.0,5209310.0,9613170.0,58172000.0,40071000.0,70753000.0,73295000.0,55745000.0,60736000.0,12530000.0,23097000.0
20210414,5341110.0,20871350.0,24292450.0,31267580.0,33187590.0,26443770.0,28163640.0,12969610.0,5908630.0,49910000.0,57940000.0,74705000.0,79222000.0,63089000.0,67296000.0,30911000.0,14158000.0
20210415,-4857500.0,16790460.0,14004680.0,22445730.0,20374020.0,19399420.0,20085020.0,4283180.0,8455080.0,40092000.0,33402000.0,53582000.0,48615000.0,46303000.0,47964000.0,10212000.0,20208000.0
20210416,173780.0,20532360.0,20339540.0,24467470.0,24834070.0,21097970.0,19340800.0,7137460.0,8720850.0,49122000.0,48608000.0,58511000.0,59349000.0,50438000.0,46229000.0,17004000.0,20888000.0
20210419,18642630.0,25805570.0,34303860.0,38255510.0,48399850.0,42801770.0,36706980.0,23632810.0,11084970.0,60694000.0,80380000.0,89917000.0,113543000.0,100525000.0,86303000.0,55276000.0,26185000.0
20210420,1860180.0,29809950.0,30165350.0,46143440.0,47648210.0,50719420.0,47399110.0,15729540.0,17189670.0,69061000.0,69702000.0,106793000.0,110167000.0,117284000.0,109711000.0,36328000.0,39885000.0
20210421,-5560990.0,35154370.0,26952380.0,43364340.0,46005340.0,39136350.0,49259080.0,20956040.0,16394300.0,82070000.0,62796000.0,101154000.0,107263000.0,91102000.0,114787000.0,48726000.0,38207000.0
20210422,-1081780.0,32402040.0,28712040.0,44691680.0,47299890.0,42680950.0,43756900.0,19328630.0,19334460.0,75093000.0,66419000.0,103449000.0,109467000.0,98700000.0,101293000.0,44786000.0,44848000.0
20210423,-12632330.0,33902520.0,21376270.0,44463970.0,44357890.0,35193350.0,46508460.0,15567750.0,16884970.0,79491000.0,50012000.0,104147000.0,103796000.0,82381000.0,108986000.0,36377000.0,39602000.0
20210426,5315930.0,40446990.0,41526570.0,59986090.0,64222450.0,69978180.0,62674770.0,27298410.0,29285890.0,92977000.0,95299000.0,137779000.0,147405000.0,160591000.0,143835000.0,62426000.0,67234000.0
20210427,-18187170.0,41196500.0,24303750.0,45033710.0,43739280.0,34727050.0,38621170.0,10159820.0,24452870.0,99312000.0,58556000.0,108567000.0,105382000.0,83686000.0,92917000.0,24382000.0,59093000.0
20210428,1194730.0,23952790.0,23971110.0,32560250.0,33736650.0,30411710.0,28856250.0,8242910.0,8603640.0,57514000.0,57446000.0,78123000.0,80923000.0,72838000.0,69219000.0,19757000.0,20644000.0
20210429,553380.0,32186220.0,24149330.0,43727560.0,52317840.0,35319020.0,33859320.0,12389240.0,13295560.0,76108000.0,56965000.0,103251000.0,123521000.0,83252000.0,79946000.0,29224000.0,31404000.0
20210430,-69983600.0,98305830.0,39912760.0,86907000.0,75316480.0,65161410.0,95157580.0,54482540.0,94469970.0,256829000.0,104104000.0,226904000.0,196150000.0,169919000.0,247750000.0,141524000.0,247172000.0
20210506,5548710.0,45249510.0,54777010.0,62891420.0,58912630.0,64952660.0,52943080.0,30708300.0,37169170.0,116309000.0,140496000.0,161447000.0,151186000.0,166679000.0,136320000.0,79211000.0,95642000.0
20210507,-8592060.0,31183440.0,22864540.0,29681360.0,29408190.0,16248660.0,23657860.0,6817850.0,8000710.0,80232000.0,58779000.0,76374000.0,75654000.0,41773000.0,60845000.0,17495000.0,20596000.0
20210510,-11251810.0,29784220.0,20696760.0,28648000.0,26483650.0,19033400.0,23302130.0,6365760.0,13348840.0,79063000.0,54929000.0,76067000.0,70301000.0,50563000.0,61893000.0,16930000.0,35499000.0
20210511,12177380.0,40344650.0,48786340.0,53515490.0,57251190.0,51087620.0,44841730.0,19719830.0,13788340.0,103769000.0,125218000.0,137280000.0,146755000.0,130578000.0,114761000.0,50291000.0,35183000.0
20210512,725650.0,24033090.0,24128840.0,27381480.0,28011380.0,19940580.0,21686980.0,9469840.0,6997790.0,61346000.0,61475000.0,69869000.0,71419000.0,50860000.0,55363000.0,24062000.0,17880000.0
20210513,-1346620.0,37144020.0,34572470.0,44594210.0,45819130.0,36556300.0,35685770.0,13644660.0,15861810.0,93207000.0,86545000.0,111519000.0,114492000.0,91234000.0,89093000.0,33933000.0,39764000.0
20210514,24519260.0,37915650.0,57139260.0,71424350.0,76720000.0,68396890.0,59718790.0,42664700.0,26823540.0,93620000.0,140152000.0,175382000.0,188127000.0,167625000.0,146382000.0,103657000.0,65623000.0
20210517,-18354240.0,49109510.0,31554370.0,63736320.0,62937220.0,56493700.0,67743040.0,33223530.0,40328430.0,117535000.0,75483000.0,152392000.0,150523000.0,135076000.0,161904000.0,79186000.0,96279000.0
20210518,23809390.0,52496600.0,61389510.0,82059500.0,96975980.0,80219880.0,83381780.0,51239160.0,24267870.0,121651000.0,141914000.0,190276000.0,224610000.0,185500000.0,193122000.0,118411000.0,56193000.0
20210519,-10062490.0,44379830.0,36208620.0,60260540.0,58369270.0,51757980.0,53812380.0,21352510.0,29360600.0,102299000.0,83393000.0,138877000.0,134459000.0,119260000.0,123968000.0,49130000.0,67747000.0
20210520,-3098470.0,42110530.0,32675010.0,60415990.0,66753040.0,52024440.0,55756920.0,26892820.0,26258810.0,96369000.0,74602000.0,138055000.0,152493000.0,118728000.0,127204000.0,61205000.0,60058000.0
20210521,-22387790.0,39281170.0,22649580.0,48033390.0,42277180.0,38309990.0,43867770.0,9423840.0,26253850.0,92838000.0,53490000.0,113490000.0,99808000.0,90507000.0,103600000.0,22245000.0,62181000.0
20210524,-3035350.0,21148660.0,20009820.0,32458270.0,30561750.0,24516150.0,26806150.0,8761240.0,9506590.0,49901000.0,47196000.0,76575000.0,72078000.0,57807000.0,63226000.0,20692000.0,22476000.0
20210525,88852310.0,39390110.0,84690550.0,79295710.0,122847580.0,98582060.0,111307670.0,165368150.0,63790230.0,87390000.0,186564000.0,175979000.0,270392000.0,217587000.0,244959000.0,359862000.0,138903000.0
20210526,-19262810.0,92812300.0,78884430.0,136132600.0,130797650.0,158558700.0,151592470.0,112820050.0,139049090.0,191504000.0,162520000.0,280747000.0,269549000.0,327033000.0,312503000.0,232696000.0,287407000.0
20210527,-6597390.0,58456510.0,55641250.0,81712700.0,77930570.0,73734430.0,73446700.0,36855060.0,43740180.0,119844000.0,114037000.0,167442000.0,159709000.0,151076000.0,150408000.0,75512000.0,89721000.0
20210528,11369950.0,70454830.0,76359250.0,106309140.0,111774670.0,98714930.0,101092670.0,55931530.0,42183840.0,142189000.0,153766000.0,214163000.0,225160000.0,198681000.0,203629000.0,112184000.0,84661000.0
20210531,18273950.0,92232120.0,91261350.0,134551500.0,153796220.0,133178760.0,129579970.0,72329970.0,57654810.0,176905000.0,174481000.0,257721000.0,294269000.0,254612000.0,248393000.0,138116000.0,110212000.0
20210601,-19029630.0,102743290.0,74512740.0,126253410.0,135454340.0,107093030.0,113078830.0,50777830.0,63821660.0,191255000.0,138368000.0,234648000.0,251630000.0,198772000.0,209984000.0,94234000.0,118927000.0
20210602,-28983380.0,85374800.0,62447750.0,102206670.0,96150350.0,81940620.0,83553840.0,39595750.0,66965910.0,161948000.0,118240000.0,193502000.0,181959000.0,155067000.0,158115000.0,74952000.0,127155000.0
20210603,-21801640.0,78860080.0,55730180.0,96413740.0,97742010.0,71193890.0,83681320.0,39456930.0,48771140.0,154453000.0,108983000.0,188733000.0,191312000.0,139672000.0,163989000.0,77328000.0,95902000.0
20210604,-16612600.0,62197600.0,54780660.0,95188620.0,85992970.0,73708450.0,87007960.0,32871240.0,36184330.0,122224000.0,107490000.0,187002000.0,168872000.0,144828000.0,171089000.0,64597000.0,71200000.0
20210607,-16294050.0,67167280.0,58725780.0,99209160.0,91356610.0,80504660.0,81255180.0,34134540.0,49678070.0,129150000.0,112686000.0,190664000.0,175431000.0,154572000.0,156088000.0,65369000.0,95549000.0
20210608,28518350.0,77198980.0,94223440.0,119037590.0,130531490.0,102841630.0,97576840.0,62250430.0,38996870.0,146014000.0,177485000.0,224783000.0,246408000.0,193768000.0,184248000.0,116704000.0,73128000.0
20210609,1460430.0,92784280.0,89144000.0,129947420.0,135048140.0,126317920.0,118730530.0,61730230.0,67857190.0,164777000.0,158167000.0,230499000.0,239577000.0,223844000.0,210435000.0,109130000.0,120071000.0
20210610,-16829710.0,83651070.0,70933910.0,114878530.0,110765990.0,98635220.0,105537930.0,42184570.0,52111570.0,150212000.0,127202000.0,206125000.0,198740000.0,176994000.0,189395000.0,75636000.0,93630000.0
20210611,-105872830.0,159506960.0,77563190.0,178296100.0,154367040.0,137291940.0,167937770.0,55038480.0,130265480.0,300353000.0,145771000.0,335846000.0,290429000.0,258615000.0,317012000.0,104233000.0,245835000.0
20210615,-7102970.0,64430880.0,55756400.0,87329360.0,88900870.0,76198860.0,77716010.0,26866970.0,32452790.0,124681000.0,107786000.0,168945000.0,171972000.0,147383000.0,150348000.0,52027000.0,62930000.0
20210616,-28004950.0,83073310.0,58074030.0,100070070.0,97064400.0,84718930.0,95697150.0,27686820.0,44713550.0,165537000.0,115558000.0,199242000.0,193294000.0,169025000.0,190870000.0,55068000.0,89150000.0
20210617,-14267910.0,55858700.0,46066830.0,74864590.0,70388550.0,59245270.0,64922680.0,19144020.0,27734520.0,110362000.0,90867000.0,147798000.0,138868000.0,116899000.0,128219000.0,37685000.0,54790000.0
20210618,31409980.0,74868720.0,93167270.0,114397390.0,127508820.0,105299410.0,108829640.0,68595910.0,33655700.0,141136000.0,175418000.0,215759000.0,240342000.0,198558000.0,205320000.0,128868000.0,63241000.0
20210621,-1242020.0,93031790.0,92595290.0,133955680.0,133150170.0,114407460.0,114565590.0,43974370.0,45058260.0,169481000.0,168182000.0,243702000.0,242138000.0,207736000.0,208259000.0,79643000.0,81983000.0
20210622,-21862890.0,79694560.0,63703390.0,100237410.0,94365700.0,80306480.0,83004360.0,24421000.0,43586010.0,144385000.0,115332000.0,181589000.0,170888000.0,145471000.0,150315000.0,44187000.0,79096000.0
20210623,-25527140.0,73502610.0,54833910.0,90782590.0,83924140.0,72916590.0,72484410.0,27056710.0,53016030.0,135732000.0,100940000.0,167443000.0,154669000.0,134504000.0,133770000.0,49953000.0,98253000.0
20210624,-40217970.0,76014160.0,47192830.0,86500980.0,75104350.0,59463270.0,77821480.0,15636710.0,37496470.0,141646000.0,87483000.0,160695000.0,139415000.0,110314000.0,144583000.0,28891000.0,70065000.0
20210625,-11623840.0,60239010.0,51461390.0,83337660.0,80491450.0,66761800.0,78189320.0,26005400.0,26201720.0,114732000.0,97832000.0,158683000.0,153250000.0,127104000.0,148689000.0,49344000.0,50092000.0
20210628,-16589990.0,61727850.0,50149630.0,83829870.0,78818090.0,58861530.0,69297310.0,21052650.0,27206860.0,116182000.0,94102000.0,157561000.0,148085000.0,110508000.0,130226000.0,39358000.0,51196000.0
20210629,-15206370.0,61953680.0,47977900.0,77793760.0,76563170.0,61158100.0,72751170.0,32008480.0,35621780.0,116336000.0,89622000.0,145696000.0,143192000.0,114350000.0,136316000.0,59537000.0,66788000.0
20210630,-4909260.0,53216130.0,49213170.0,73190640.0,72284350.0,54507020.0,53279140.0,15235630.0,21372770.0,102136000.0,94023000.0,140160000.0,138339000.0,104155000.0,102071000.0,29055000.0,41073000.0
20210701,-52672990.0,96290720.0,50519990.0,106013780.0,99111520.0,79565790.0,105697360.0,30846800.0,57388220.0,187875000.0,98390000.0,206341000.0,193087000.0,154874000.0,205823000.0,60047000.0,111837000.0
20210702,-20189210.0,76761540.0,52786270.0,92525490.0,96311550.0,80255710.0,87743260.0,19459640.0,32161300.0,162886000.0,112007000.0,196292000.0,204263000.0,170224000.0,186108000.0,41282000.0,68305000.0
20210705,-14517900.0,45013010.0,33275780.0,55337240.0,52556560.0,41913940.0,49958760.0,6110250.0,12583330.0,98073000.0,72402000.0,120462000.0,114381000.0,91183000.0,108813000.0,13305000.0,27426000.0
20210706,-5458570.0,42112920.0,37279020.0,53372730.0,52748070.0,42469230.0,42770430.0,12698020.0,17855390.0,92737000.0,81911000.0,117442000.0,115989000.0,93355000.0,94072000.0,27796000.0,39358000.0
20210707,15168910.0,54282760.0,63030300.0,80138990.0,86560360.0,67410730.0,59685490.0,25840890.0,18397220.0,114130000.0,132426000.0,168647000.0,182073000.0,141925000.0,125665000.0,54244000.0,38781000.0
20210708,19847330.0,64875690.0,77194960.0,109328350.0,116856410.0,94135480.0,88798000.0,40229380.0,25719530.0,127992000.0,152429000.0,215971000.0,230833000.0,186324000.0,175687000.0,79441000.0,50779000.0
20210709,-15409080.0,58612310.0,53834500.0,99773190.0,89141920.0,64903180.0,72272890.0,20070020.0,28109390.0,115883000.0,106232000.0,196989000.0,175932000.0,128072000.0,142752000.0,39567000.0,55595000.0
20210712,11234550.0,56738350.0,59786050.0,84941050.0,93127900.0,75971940.0,80244910.0,46265610.0,30758090.0,110763000.0,116266000.0,165631000.0,181248000.0,147500000.0,155949000.0,89325000.0,59757000.0
20210713,-6562690.0,48362750.0,44399480.0,57251640.0,54652210.0,40078480.0,39439500.0,14225020.0,21426690.0,94938000.0,87106000.0,112273000.0,107163000.0,78562000.0,77314000.0,27876000.0,42065000.0
20210714,-42761720.0,75249550.0,45875690.0,85213850.0,71826010.0,47899440.0,66556810.0,14191980.0,38296330.0,152527000.0,92953000.0,172573000.0,145464000.0,97074000.0,134933000.0,28881000.0,77707000.0
20210715,-10443980.0,39885240.0,35435470.0,53442780.0,47448570.0,32263950.0,36551300.0,7741320.0,13897950.0,81114000.0,71978000.0,108630000.0,96354000.0,65549000.0,74326000.0,15687000.0,28322000.0
20210716,108980710.0,37182400.0,92942340.0,79836860.0,133057630.0,99561280.0,109579090.0,198724420.0,79725900.0,71665000.0,176525000.0,153227000.0,252412000.0,189478000.0,207264000.0,370885000.0,149054000.0
20210719,-45229080.0,116401640.0,82229940.0,155654190.0,144596810.0,149587580.0,150386430.0,83378890.0,127809120.0,213011000.0,150492000.0,284271000.0,264492000.0,272766000.0,274625000.0,151771000.0,232211000.0
20210720,35621070.0,87110440.0,106309240.0,145252380.0,161674650.0,132691580.0,125359830.0,74700900.0,46411580.0,157308000.0,191624000.0,262067000.0,291462000.0,239022000.0,225837000.0,134268000.0,83742000.0
20210721,28691080.0,93071320.0,105740950.0,159149640.0,175171090.0,164256490.0,151863010.0,81408250.0,65110650.0,163812000.0,185747000.0,279641000.0,307443000.0,288379000.0,266382000.0,142575000.0,114835000.0
20210722,8017240.0,80294240.0,79667760.0,130508650.0,139152380.0,117528990.0,115343410.0,51700560.0,45868900.0,138961000.0,137651000.0,225686000.0,240418000.0,203145000.0,199434000.0,89055000.0,79344000.0
20210723,1342890.0,115007950.0,104071640.0,177163720.0,189442930.0,170110430.0,177944250.0,108190640.0,99013930.0,195738000.0,175671000.0,300407000.0,320386000.0,287657000.0,301116000.0,181341000.0,167969000.0
20210726,-20724530.0,133768140.0,109880070.0,189205040.0,192368580.0,183325040.0,193859520.0,104508660.0,114698710.0,218645000.0,178385000.0,308494000.0,312901000.0,298440000.0,315580000.0,169424000.0,188138000.0
20210727,-18391750.0,113590270.0,96974360.0,173171650.0,171395800.0,174044900.0,163042150.0,81596800.0,110991300.0,195164000.0,165704000.0,296740000.0,293558000.0,298099000.0,279419000.0,138939000.0,190262000.0
20210728,-37540080.0,94119690.0,60922250.0,119345390.0,115002750.0,104233720.0,127869850.0,51314670.0,65218620.0,175925000.0,113824000.0,223019000.0,214829000.0,194759000.0,238886000.0,95820000.0,121985000.0
20210729,2731240.0,84098980.0,81495620.0,113145940.0,118480530.0,107986440.0,105252330.0,39350510.0,39353380.0,153673000.0,148683000.0,206603000.0,216332000.0,197233000.0,192275000.0,71887000.0,72104000.0
20210730,-13388700.0,76739500.0,66470890.0,106673360.0,103553280.0,78027280.0,93288880.0,35957880.0,34084980.0,139559000.0,120450000.0,193784000.0,187897000.0,141203000.0,169134000.0,64825000.0,61890000.0
20210802,37131930.0,86816530.0,104996450.0,142117460.0,161069470.0,137679260.0,125190520.0,77834080.0,53190890.0,150530000.0,181605000.0,246285000.0,278427000.0,238169000.0,216918000.0,133986000.0,92021000.0
20210803,-3657040.0,81760510.0,70012540.0,113041160.0,121132090.0,111267080.0,102384830.0,41143530.0,53682820.0,140625000.0,119928000.0,194189000.0,207826000.0,190691000.0,175773000.0,70752000.0,92729000.0
20210804,38648240.0,72258860.0,97859010.0,122681060.0,135729160.0,115641570.0,115916690.0,79937330.0,41013970.0,121153000.0,163612000.0,205415000.0,227041000.0,193202000.0,193655000.0,133118000.0,68579000.0
20210805,46320650.0,101220810.0,117967950.0,165710450.0,195283950.0,191945190.0,196867090.0,130269010.0,79026460.0,160197000.0,186271000.0,262136000.0,308522000.0,303592000.0,311506000.0,205562000.0,125188000.0
20210806,6597550.0,81432690.0,82659150.0,126790120.0,132161220.0,112615930.0,129646530.0,87167870.0,63539720.0,129404000.0,130851000.0,201324000.0,209447000.0,178432000.0,205380000.0,137410000.0,100890000.0
20210809,-1413720.0,70148220.0,67848020.0,103018780.0,103905250.0,102360560.0,110417620.0,46629780.0,39986440.0,109700000.0,105783000.0,160778000.0,162131000.0,159594000.0,172220000.0,72481000.0,62419000.0
20210810,38439280.0,97769750.0,111371160.0,150545090.0,175382960.0,172176190.0,184076590.0,133717220.0,83377540.0,146308000.0,166568000.0,225102000.0,262039000.0,257509000.0,274912000.0,198934000.0,124334000.0
20210811,3685420.0,84216480.0,80770860.0,119960980.0,127092010.0,117819850.0,124676510.0,76551190.0,66009110.0,124497000.0,119022000.0,177056000.0,187363000.0,173777000.0,183831000.0,112299000.0,97412000.0
20210812,-84477170.0,143059110.0,76098280.0,155503220.0,137986880.0,135631340.0,153437490.0,66751290.0,133422310.0,223703000.0,118675000.0,242921000.0,215309000.0,212002000.0,239653000.0,104527000.0,209515000.0
20210813,-52909910.0,105134990.0,71627120.0,128461080.0,109059040.0,122120480.0,123729260.0,64725840.0,116026970.0,167270000.0,113343000.0,204201000.0,172940000.0,194024000.0,196050000.0,102782000.0,185945000.0
20210816,-20405850.0,66518560.0,49723410.0,78123440.0,74512740.0,64907080.0,70326650.0,31310300.0,46296580.0,107197000.0,79938000.0,125748000.0,119948000.0,104459000.0,113215000.0,50345000.0,74648000.0
20210817,-34792000.0,99068170.0,74702190.0,126922580.0,116496570.0,106596470.0,125842180.0,58102380.0,73648670.0,160429000.0,120112000.0,205184000.0,187819000.0,171949000.0,203192000.0,93394000.0,119833000.0
20210818,24515330.0,78373740.0,92485270.0,115349360.0,125753160.0,116874370.0,109401450.0,67066290.0,50023880.0,125702000.0,147998000.0,184936000.0,201387000.0,187101000.0,175137000.0,106911000.0,80129000.0
20210819,17688980.0,81049630.0,94698590.0,120470140.0,124510170.0,100663270.0,111754280.0,71550720.0,42770730.0,125900000.0,146895000.0,186981000.0,193180000.0,156146000.0,173503000.0,110747000.0,66195000.0
20210820,-32181570.0,86966950.0,59185740.0,93768340.0,89367970.0,70997840.0,76648920.0,26353130.0,52883620.0,136536000.0,92665000.0,147014000.0,140002000.0,111230000.0,120195000.0,41086000.0,83004000.0
20210823,39806750.0,71860890.0,100668790.0,121776920.0,132775770.0,129230540.0,111749120.0,80110390.0,57785060.0,108786000.0,152465000.0,184536000.0,201070000.0,195767000.0,169297000.0,120922000.0,87181000.0
20210824,14403770.0,86773160.0,91289980.0,129664400.0,139551350.0,120225420.0,134738360.0,106635930.0,77719220.0,132104000.0,138362000.0,197159000.0,211817000.0,182752000.0,205287000.0,162496000.0,119046000.0
20210825,-19107890.0,75253380.0,59021980.0,83658370.0,80781870.0,64526390.0,68498570.0,24921140.0,40056850.0,114133000.0,89402000.0,126774000.0,122331000.0,97652000.0,103742000.0,37696000.0,60781000.0
20210826,-3497290.0,65174900.0,65021610.0,106634210.0,103290200.0,81189230.0,92970530.0,53189190.0,44905180.0,97933000.0,97246000.0,159563000.0,154568000.0,121531000.0,139308000.0,79545000.0,67451000.0
20210827,-59836030.0,99847700.0,54179810.0,110349290.0,96181150.0,90525570.0,105763260.0,46627690.0,91226030.0,158424000.0,85880000.0,175007000.0,152478000.0,143640000.0,167770000.0,74031000.0,144975000.0
20210830,64131420.0,106542270.0,140816460.0,189097740.0,218954960.0,218610650.0,240311920.0,276814170.0,190981480.0,156539000.0,206593000.0,278192000.0,321195000.0,321682000.0,352877000.0,404340000.0,280089000.0
20210831,-21896010.0,110877800.0,98027410.0,161641430.0,152595820.0,180318790.0,156891250.0,117926580.0,163250130.0,162280000.0,143038000.0,236044000.0,222434000.0,262667000.0,228599000.0,171539000.0,238459000.0
20210901,-115228060.0,171285950.0,87284660.0,187113660.0,155886890.0,144642580.0,182832560.0,59637210.0,136675290.0,269146000.0,136640000.0,293797000.0,244717000.0,227002000.0,286858000.0,93250000.0,214980000.0
20210902,-1825020.0,70054840.0,62711230.0,83003820.0,88522390.0,72357760.0,71240130.0,25378780.0,28321430.0,111675000.0,99793000.0,132224000.0,141062000.0,115206000.0,113550000.0,40384000.0,45083000.0
20210903,-49970820.0,121270490.0,77441190.0,138259310.0,132117790.0,106824920.0,119353010.0,46303930.0,83746660.0,203456000.0,129785000.0,232145000.0,222033000.0,179519000.0,200774000.0,77945000.0,140471000.0
20210906,-6539300.0,56614820.0,52964530.0,72994960.0,70105950.0,48824020.0,56164120.0,22299350.0,21498550.0,96411000.0,90025000.0,124216000.0,119232000.0,83009000.0,95521000.0,37768000.0,36626000.0
20210907,-10912730.0,62591840.0,53292910.0,82508050.0,80894240.0,59170130.0,70598590.0,24521200.0,24005470.0,103787000.0,88162000.0,136675000.0,133990000.0,97863000.0,116917000.0,40500000.0,39756000.0
20210908,-14013510.0,54998410.0,39188140.0,60504930.0,62301690.0,45649930.0,53204790.0,15883380.0,22342030.0,91781000.0,65252000.0,100896000.0,103782000.0,75997000.0,88706000.0,26422000.0,37356000.0
20210909,2402450.0,70454730.0,68843100.0,96769660.0,100783730.0,89359030.0,87509930.0,41903600.0,41350250.0,117420000.0,113857000.0,160707000.0,167112000.0,148124000.0,145327000.0,69077000.0,69032000.0
20210910,-30851280.0,68187430.0,42100300.0,77794100.0,73029960.0,55330480.0,72597160.0,20084590.0,33669190.0,112458000.0,69416000.0,128265000.0,120430000.0,91177000.0,119671000.0,33096000.0,55479000.0
20210913,-35201420.0,61185840.0,33698950.0,65778270.0,58063750.0,42055670.0,59816440.0,11504090.0,28944740.0,103694000.0,57025000.0,111361000.0,98284000.0,71214000.0,101356000.0,19484000.0,49088000.0
20210914,-32442350.0,70379720.0,42044040.0,74340810.0,70234150.0,50335360.0,64761370.0,18916460.0,36932800.0,121288000.0,72268000.0,127946000.0,120804000.0,86632000.0,111532000.0,32522000.0,63784000.0
20210915,-10059990.0,57590290.0,48681640.0,68012430.0,66861090.0,57645600.0,62717070.0,23712840.0,28701360.0,101935000.0,85770000.0,120215000.0,118033000.0,101834000.0,110873000.0,41710000.0,51018000.0
20210916,-21811170.0,62711070.0,41029690.0,61163660.0,61033860.0,40423870.0,50586040.0,12372050.0,24021050.0,112056000.0,73118000.0,109075000.0,108874000.0,72160000.0,90297000.0,22169000.0,43170000.0
20210917,-37905300.0,83156570.0,50923980.0,79400050.0,73727340.0,56200540.0,65583040.0,16136410.0,44659210.0,157145000.0,96191000.0,150080000.0,139154000.0,106115000.0,123921000.0,30375000.0,84449000.0
20210922,895470.0,46080040.0,51793650.0,62696070.0,57877920.0,45068620.0,44426320.0,11080590.0,10827420.0,86044000.0,96516000.0,116919000.0,107992000.0,84048000.0,82969000.0,20700000.0,20234000.0
20210923,14288650.0,46254330.0,55193280.0,59434690.0,64784390.0,54608690.0,49642980.0,21463930.0,12140990.0,84568000.0,100811000.0,108609000.0,118363000.0,99684000.0,90675000.0,39177000.0,22188000.0
20210924,-13152970.0,47325160.0,34534440.0,46612670.0,46250420.0,30413680.0,39638930.0,9125260.0,13052980.0,87320000.0,63624000.0,85957000.0,85294000.0,56079000.0,73154000.0,16819000.0,24104000.0
20210927,-15924900.0,50829590.0,37668270.0,53332350.0,50568770.0,31699110.0,43246060.0,11102500.0,15480450.0,95581000.0,70690000.0,100181000.0,94926000.0,59481000.0,81301000.0,20819000.0,29144000.0
20210928,15391480.0,58887200.0,64221360.0,63837680.0,73895000.0,53450490.0,50145980.0,29493900.0,17406930.0,108607000.0,118121000.0,117502000.0,135896000.0,98115000.0,92187000.0,53978000.0,31998000.0
20210929,-19492730.0,56810480.0,44201130.0,62204690.0,55321300.0,39413080.0,43254200.0,9829390.0,25481000.0,106316000.0,82577000.0,116242000.0,103295000.0,73583000.0,80864000.0,18296000.0,47700000.0
20210930,-4411180.0,34928300.0,27351750.0,36805880.0,39971260.0,24736310.0,27299010.0,5232760.0,7081240.0,65479000.0,51236000.0,68964000.0,74884000.0,46325000.0,51170000.0,9796000.0,13274000.0
20211008,-21575600.0,54938120.0,31343370.0,55028630.0,57047770.0,34291030.0,45286270.0,10072820.0,20653180.0,106137000.0,60440000.0,106134000.0,109999000.0,66089000.0,87373000.0,19394000.0,39942000.0
20211011,12038720.0,67757300.0,76758830.0,87446800.0,90483990.0,70960820.0,62979510.0,30007150.0,25949740.0,125515000.0,142169000.0,162365000.0,167504000.0,131255000.0,116607000.0,55241000.0,48096000.0
20211012,-7736610.0,45956520.0,37831190.0,45524980.0,45913710.0,26706110.0,26860090.0,7097720.0,14680350.0,87886000.0,72334000.0,87063000.0,87770000.0,51071000.0,51359000.0,13557000.0,28115000.0
20211013,-13800950.0,48198270.0,34844900.0,55759540.0,55311970.0,36294630.0,44313430.0,9715720.0,15497870.0,94877000.0,68270000.0,109502000.0,108747000.0,71519000.0,87264000.0,19170000.0,30786000.0
20211014,10750960.0,49125630.0,51207320.0,63130150.0,71799430.0,53702650.0,42997860.0,15497030.0,15450860.0,91965000.0,95783000.0,118167000.0,134321000.0,100342000.0,80427000.0,28919000.0,28863000.0
20211015,8976270.0,38999680.0,42329440.0,48301310.0,53947820.0,30832930.0,22710550.0,7415130.0,6561240.0,72559000.0,78705000.0,89817000.0,100301000.0,57307000.0,42243000.0,13755000.0,12189000.0
20211018,26898160.0,44185610.0,60403390.0,65058340.0,75738730.0,60316000.0,50526620.0,33045230.0,15936450.0,80407000.0,109719000.0,118339000.0,137676000.0,109552000.0,91867000.0,59880000.0,28916000.0
20211019,-3450200.0,43708900.0,39375080.0,47599760.0,48483370.0,30098640.0,26541100.0,8805540.0,15813280.0,79945000.0,71971000.0,87051000.0,88614000.0,55034000.0,48528000.0,16072000.0,28988000.0
20211020,9862860.0,37543470.0,42294940.0,50599530.0,55710920.0,43302920.0,39619470.0,18972300.0,12792890.0,67998000.0,76477000.0,91582000.0,100766000.0,78284000.0,71681000.0,34183000.0,23122000.0
20211021,-8948790.0,43843250.0,33851520.0,44031580.0,45074520.0,27249360.0,30657850.0,7609010.0,13149310.0,80821000.0,62362000.0,81163000.0,83026000.0,50203000.0,56471000.0,13943000.0,24271000.0
20211022,-2683250.0,32129360.0,25123710.0,35408700.0,39731100.0,23228800.0,25484260.0,7298810.0,7726600.0,59408000.0,46380000.0,65401000.0,73378000.0,42867000.0,47091000.0,13460000.0,14286000.0
20211025,23853400.0,39528720.0,50089640.0,53118850.0,66411330.0,52141150.0,49909890.0,37372870.0,15750730.0,71737000.0,90653000.0,96285000.0,120300000.0,94481000.0,90402000.0,67385000.0,28534000.0
20211026,2449440.0,50080540.0,46378040.0,58515240.0,64667180.0,43996580.0,42315290.0,20647540.0,19879390.0,88483000.0,81915000.0,103408000.0,114241000.0,77711000.0,74776000.0,36484000.0,35153000.0
20211027,-2307770.0,49198640.0,49213000.0,69239430.0,66917300.0,60757610.0,55404840.0,17658230.0,25318770.0,86518000.0,86461000.0,121530000.0,117452000.0,106308000.0,97015000.0,30854000.0,44282000.0
20211028,-7540450.0,60741120.0,55752900.0,73807510.0,71255270.0,64833100.0,60478310.0,28411450.0,40306690.0,106619000.0,97552000.0,129244000.0,124568000.0,113217000.0,105745000.0,49425000.0,70640000.0
20211029,36375400.0,69476280.0,100548170.0,118967800.0,124271300.0,101749240.0,90890850.0,68054430.0,42537420.0,119196000.0,171925000.0,203798000.0,212646000.0,173984000.0,155408000.0,115817000.0,72816000.0
20211101,8786330.0,61286320.0,64045470.0,96522480.0,102549670.0,80481870.0,62583840.0,31851260.0,40962960.0,102895000.0,107360000.0,161888000.0,171897000.0,134893000.0,104888000.0,53322000.0,68851000.0
20211102,5262970.0,75260140.0,68498560.0,109059440.0,121084000.0,95158060.0,95712880.0,47323900.0,41506110.0,124683000.0,113257000.0,180506000.0,200324000.0,157364000.0,158281000.0,78052000.0,68743000.0
20211103,-14390270.0,65635720.0,46618260.0,75624090.0,80251280.0,52882230.0,56990140.0,14883200.0,25165560.0,111686000.0,79204000.0,128588000.0,136491000.0,89884000.0,96899000.0,25254000.0,42818000.0
20211104,7500700.0,52048140.0,51108920.0,68692500.0,77132410.0,58842650.0,54666550.0,27007410.0,23682810.0,87498000.0,85774000.0,115353000.0,129529000.0,98709000.0,91719000.0,45168000.0,39705000.0
20211105,-8602830.0,49508070.0,30805420.0,47743400.0,57843230.0,33991990.0,39721590.0,12031860.0,14905090.0,83253000.0,51724000.0,80233000.0,97213000.0,57093000.0,66803000.0,20224000.0,25063000.0
20211108,-6324360.0,38192840.0,31729160.0,50204860.0,50344180.0,38235030.0,39795740.0,16475820.0,21239470.0,65367000.0,54164000.0,85810000.0,86088000.0,65282000.0,68010000.0,28143000.0,36339000.0
20211109,27542700.0,76245630.0,86181400.0,114102820.0,131709760.0,101847100.0,94682310.0,73576670.0,53198760.0,124160000.0,140180000.0,185460000.0,214036000.0,165425000.0,153691000.0,119242000.0,86380000.0
20211110,-3793510.0,64916690.0,57822810.0,79061410.0,82361780.0,53123180.0,51668840.0,17227930.0,22475780.0,104598000.0,93116000.0,127269000.0,132547000.0,85454000.0,83206000.0,27721000.0,36172000.0
20211111,4718410.0,41638330.0,38229330.0,48295310.0,56422720.0,36813920.0,37952080.0,19616430.0,13759860.0,67690000.0,62082000.0,78486000.0,91669000.0,59771000.0,61639000.0,31794000.0,22351000.0
20211112,43621320.0,81678740.0,91871840.0,103076170.0,136504390.0,113193340.0,99243720.0,78636640.0,48964940.0,127657000.0,143684000.0,161464000.0,213547000.0,176873000.0,155008000.0,122673000.0,76428000.0
20211115,-8739180.0,106708200.0,91022020.0,129831800.0,136778810.0,113295470.0,114073130.0,63281260.0,71242780.0,164725000.0,139794000.0,199307000.0,209836000.0,172926000.0,174733000.0,96094000.0,108689000.0
20211116,-20602070.0,92366080.0,61964080.0,100670830.0,110470750.0,69792490.0,86483060.0,30613160.0,34524660.0,149047000.0,99609000.0,162679000.0,178373000.0,112685000.0,140107000.0,49643000.0,55963000.0
20211117,-9551740.0,70454380.0,60708300.0,93573130.0,93767460.0,74960780.0,84665900.0,28602830.0,28449450.0,117113000.0,100434000.0,155380000.0,155548000.0,124466000.0,140966000.0,47467000.0,47478000.0
20211118,-74280.0,76662160.0,71098680.0,91029190.0,96518380.0,78723660.0,77241390.0,38100050.0,39656600.0,123880000.0,114897000.0,147010000.0,155818000.0,127024000.0,124451000.0,61304000.0,64054000.0
20211119,9243510.0,54435600.0,54271900.0,63195130.0,72602340.0,55288620.0,52589470.0,31114460.0,24570100.0,86044000.0,85722000.0,99816000.0,114644000.0,87254000.0,82970000.0,48974000.0,38752000.0
20211122,13732100.0,40229460.0,47338310.0,51371710.0,57994950.0,42459830.0,38538390.0,24515570.0,14704910.0,63374000.0,74517000.0,80906000.0,91308000.0,66827000.0,60672000.0,38531000.0,23142000.0
20211123,-21961810.0,60546870.0,38505020.0,64953060.0,65033090.0,53253200.0,52618300.0,18796840.0,41393550.0,96520000.0,61266000.0,103481000.0,103571000.0,84885000.0,83876000.0,29967000.0,66140000.0
20211124,-17709870.0,54201630.0,37391720.0,62550450.0,61650490.0,39985650.0,44693780.0,14193600.0,27195340.0,87618000.0,60255000.0,100999000.0,99432000.0,64451000.0,72134000.0,22852000.0,44098000.0
20211125,-6932160.0,42625170.0,32851450.0,51531620.0,54373180.0,37740960.0,41429530.0,14714330.0,17957920.0,69749000.0,53664000.0,84221000.0,88924000.0,61725000.0,67793000.0,24092000.0,29406000.0
20211126,-1165720.0,46794300.0,45577620.0,54094170.0,54145120.0,41364350.0,42322610.0,17919600.0,18127060.0,76012000.0,73985000.0,87844000.0,87922000.0,67148000.0,68735000.0,29060000.0,29422000.0
20211129,13946370.0,81448310.0,81260250.0,94429720.0,108564140.0,90692640.0,91964730.0,50241840.0,35023380.0,128559000.0,128358000.0,149289000.0,171599000.0,143441000.0,145300000.0,79171000.0,55204000.0
20211130,13935270.0,67041370.0,66253430.0,80300130.0,95023360.0,79155770.0,75149670.0,49205770.0,39276600.0,104101000.0,102745000.0,124617000.0,147421000.0,122754000.0,116591000.0,76152000.0,60866000.0
20211201,-939150.0,45067170.0,48251010.0,60074160.0,55951160.0,48906880.0,46347270.0,11985720.0,15484480.0,70231000.0,75157000.0,93607000.0,87134000.0,76152000.0,72186000.0,18621000.0,24136000.0
20211202,18569500.0,43478830.0,56304950.0,66228140.0,71971520.0,55204980.0,41202130.0,16694250.0,12127600.0,67295000.0,87065000.0,102481000.0,111305000.0,85293000.0,63690000.0,25721000.0,18731000.0
20211203,18550270.0,56785290.0,64595590.0,69237690.0,79977670.0,76761190.0,68098280.0,32194410.0,22307050.0,86657000.0,98485000.0,105576000.0,121868000.0,116954000.0,103730000.0,48950000.0,34054000.0
20211206,-9710690.0,53310820.0,44158880.0,59211520.0,58652770.0,41855670.0,45309700.0,14382030.0,20638690.0,81863000.0,67652000.0,90861000.0,89940000.0,64187000.0,69568000.0,22010000.0,31761000.0
20211207,-56093230.0,88974690.0,48553980.0,93411960.0,77739440.0,63192900.0,84497220.0,22474950.0,57263860.0,142577000.0,77688000.0,149608000.0,124467000.0,101256000.0,135113000.0,35996000.0,92168000.0
20211208,772460.0,49387850.0,46833580.0,51823590.0,55150320.0,38821600.0,39889940.0,17584500.0,15743700.0,78595000.0,74482000.0,82433000.0,87696000.0,61678000.0,63421000.0,27873000.0,24981000.0
20211209,-12251700.0,48420910.0,37455420.0,44206120.0,42919900.0,28315340.0,34628530.0,8514780.0,14453290.0,77147000.0,59626000.0,70420000.0,68341000.0,45099000.0,55208000.0,13556000.0,23047000.0
20211210,-16659800.0,51933350.0,37227920.0,49633340.0,47678970.0,35602850.0,40421800.0,13056690.0,24897540.0,83782000.0,59977000.0,80089000.0,76904000.0,57465000.0,65267000.0,21078000.0,40266000.0
20211213,-11952610.0,55385060.0,45567540.0,60495520.0,58360440.0,41625900.0,48101450.0,14099030.0,19576090.0,89648000.0,73486000.0,98075000.0,94479000.0,67309000.0,78045000.0,22734000.0,31757000.0
20211214,6307500.0,64087080.0,70251790.0,82250370.0,82393170.0,69809720.0,69806300.0,41137630.0,34833550.0,99293000.0,108932000.0,127606000.0,127695000.0,108105000.0,108010000.0,63509000.0,53876000.0
20211215,-59130.0,42385710.0,47621160.0,54528120.0,49233540.0,32409880.0,30251610.0,12093570.0,14310970.0,65749000.0,73808000.0,84528000.0,76322000.0,50234000.0,46902000.0,18729000.0,22208000.0
20211216,8151930.0,42966080.0,46365730.0,51580740.0,56333020.0,43227070.0,46126460.0,31819360.0,20768040.0,65843000.0,70971000.0,78987000.0,86222000.0,66105000.0,70549000.0,48559000.0,31752000.0
20211217,-21476020.0,54640590.0,35060200.0,49667190.0,47771570.0,38786700.0,44040840.0,22781220.0,39003100.0,84559000.0,54063000.0,76789000.0,73706000.0,59943000.0,68048000.0,35111000.0,60585000.0
20211220,-14314160.0,54899400.0,40516940.0,46444960.0,46513270.0,34031620.0,41219460.0,14531030.0,21657350.0,87334000.0,64282000.0,73875000.0,73842000.0,54131000.0,65506000.0,22855000.0,34565000.0
20211221,-4399850.0,37259700.0,33243520.0,41930550.0,41546880.0,29927160.0,33310780.0,19155610.0,20171840.0,60430000.0,53807000.0,67977000.0,67296000.0,48567000.0,53989000.0,31065000.0,32949000.0
20211222,8860.0,39371650.0,34384020.0,39407210.0,44403690.0,25985290.0,23234490.0,11555860.0,14297800.0,63529000.0,55400000.0,63525000.0,71588000.0,41903000.0,37455000.0,18568000.0,23082000.0
20211223,7050210.0,38882920.0,33242220.0,47533870.0,60224790.0,41630780.0,32750900.0,17841240.0,19670910.0,62390000.0,53271000.0,76215000.0,96508000.0,66704000.0,52459000.0,28532000.0,31603000.0
20211224,-205550.0,45217330.0,38321290.0,41561840.0,48252330.0,26368460.0,24037160.0,9127110.0,11663960.0,73755000.0,62482000.0,67774000.0,78663000.0,42970000.0,39190000.0,14857000.0,19022000.0
20211227,845400.0,36289650.0,29946350.0,30715950.0,37904640.0,19995220.0,17996380.0,6641550.0,7794990.0,59897000.0,49403000.0,50699000.0,62579000.0,32969000.0,29674000.0,10962000.0,12871000.0
20211228,-12270970.0,55166080.0,32535570.0,54587700.0,64947240.0,38481840.0,43802470.0,14198690.0,21149030.0,92518000.0,54510000.0,91545000.0,108840000.0,64490000.0,73474000.0,23775000.0,35505000.0
20211229,1600510.0,41753500.0,36064240.0,50484670.0,57774450.0,32670030.0,29808790.0,13367190.0,14627920.0,68950000.0,59509000.0,83313000.0,95373000.0,53871000.0,49188000.0,22034000.0,24098000.0
20211230,25839140.0,77682160.0,77727430.0,103403520.0,129197380.0,108540700.0,75950230.0,49027190.0,55778520.0,123215000.0,123532000.0,164377000.0,205139000.0,172153000.0,120436000.0,77470000.0,88109000.0
20211231,-3509070.0,58466790.0,51341730.0,59732130.0,63348130.0,38319580.0,35745640.0,11391000.0,17474010.0,92363000.0,81077000.0,94313000.0,100033000.0,60470000.0,56424000.0,17977000.0,27589000.0
20220104,3347740.0,46803850.0,51105070.0,58716930.0,57763460.0,43137700.0,44975430.0,20673340.0,15487870.0,73401000.0,80065000.0,92034000.0,90533000.0,67584000.0,70499000.0,32349000.0,24271000.0
20220105,-19470430.0,80774520.0,65931330.0,89174630.0,84547380.0,54942750.0,66124140.0,17461860.0,25750900.0,132964000.0,108412000.0,146867000.0,139322000.0,90577000.0,109041000.0,28828000.0,42461000.0
20220106,3861240.0,54379620.0,54986280.0,62018970.0,65273550.0,40011940.0,39664400.0,18466110.0,14952410.0,93348000.0,94270000.0,106313000.0,111903000.0,68515000.0,68017000.0,31675000.0,25661000.0
20220107,-14981860.0,47624340.0,38327620.0,56109250.0,50424110.0,41518060.0,54856760.0,12461650.0,14104810.0,83428000.0,66964000.0,98298000.0,88322000.0,72838000.0,96286000.0,21891000.0,24883000.0
20220110,-9341840.0,41468390.0,35516420.0,44675030.0,41285160.0,33416490.0,39308230.0,9476040.0,12926140.0,74693000.0,63902000.0,80475000.0,74313000.0,60134000.0,70793000.0,17068000.0,23361000.0
20220111,-24613840.0,67512630.0,44036910.0,69001290.0,67863170.0,51278500.0,69369830.0,24693810.0,31216320.0,125824000.0,81740000.0,128553000.0,126389000.0,95634000.0,129446000.0,46030000.0,58466000.0
20220112,1286740.0,38116050.0,42179470.0,45725900.0,42949230.0,35708040.0,34165650.0,16388260.0,16643910.0,70827000.0,78285000.0,84933000.0,79769000.0,66356000.0,63468000.0,30365000.0,30959000.0
20220113,-7493470.0,35420950.0,29906130.0,34458760.0,32480110.0,16616660.0,23055980.0,6144020.0,7198170.0,66158000.0,55778000.0,64328000.0,60585000.0,30976000.0,43054000.0,11450000.0,13496000.0
20220114,-2295980.0,30171100.0,32468640.0,34233280.0,29639760.0,21146250.0,18407600.0,6161990.0,11196620.0,56678000.0,60890000.0,64226000.0,55591000.0,39666000.0,34563000.0,11557000.0,21084000.0
20220117,2565580.0,33620950.0,38678400.0,39056710.0,36564850.0,32655250.0,31796330.0,14543800.0,12837140.0,63522000.0,72901000.0,73739000.0,68998000.0,61603000.0,60047000.0,27460000.0,24378000.0
20220118,10771440.0,30773970.0,42430000.0,40128830.0,39244240.0,31423300.0,26969270.0,16885000.0,10567590.0,57341000.0,78954000.0,74664000.0,72953000.0,58343000.0,50057000.0,31235000.0,19619000.0
20220119,-14829530.0,46875200.0,35374430.0,43335400.0,40006640.0,29870700.0,36748340.0,11868520.0,19820410.0,89818000.0,67719000.0,82992000.0,76608000.0,57258000.0,70421000.0,22646000.0,37967000.0
20220120,-26464960.0,55998500.0,34754690.0,54884490.0,49663350.0,31395870.0,51417910.0,14770910.0,21213830.0,109835000.0,68115000.0,107794000.0,97380000.0,61684000.0,101092000.0,29030000.0,41756000.0
20220121,-3795250.0,53224710.0,49910620.0,60326480.0,59845320.0,46461780.0,48816680.0,39068420.0,40508770.0,107486000.0,100587000.0,121961000.0,120741000.0,93931000.0,98571000.0,78773000.0,82252000.0
20220124,-5768180.0,26763710.0,28939830.0,36023660.0,28079360.0,26627310.0,30501180.0,4039850.0,5934160.0,53323000.0,57618000.0,71724000.0,55888000.0,53034000.0,60765000.0,8031000.0,11841000.0
20220125,75780.0,38618210.0,39709060.0,42136570.0,41121500.0,27773260.0,28584520.0,8411560.0,7524520.0,76946000.0,79038000.0,83749000.0,81622000.0,55146000.0,56841000.0,16660000.0,15000000.0
20220126,5238790.0,37964340.0,44451250.0,41897380.0,40649260.0,27574300.0,25953990.0,9710400.0,6091920.0,75915000.0,88815000.0,83707000.0,81231000.0,55100000.0,51889000.0,19392000.0,12179000.0
20220127,4143020.0,26600990.0,32842440.0,29864620.0,27766190.0,16819800.0,13581190.0,7778690.0,6874280.0,53641000.0,66186000.0,60178000.0,56001000.0,33953000.0,27423000.0,15710000.0,13872000.0
20220128,-5546660.0,36144410.0,35345510.0,34822840.0,30075080.0,20057940.0,23129090.0,7358670.0,9834180.0,73997000.0,72141000.0,71157000.0,61429000.0,40988000.0,47362000.0,15072000.0,20282000.0
20220207,55180.0,33833030.0,39975990.0,33628860.0,27541070.0,16529730.0,16021740.0,5659190.0,6112000.0,69836000.0,82437000.0,69370000.0,56752000.0,34089000.0,33077000.0,11608000.0,12637000.0
20220208,1308030.0,31221200.0,32965580.0,29276300.0,28839940.0,17061650.0,17284940.0,6881010.0,5349690.0,65848000.0,69387000.0,61725000.0,60767000.0,35883000.0,36464000.0,14465000.0,11304000.0
20220209,11603410.0,30689990.0,41616980.0,39144970.0,39821400.0,32347310.0,22838660.0,12974360.0,10879600.0,62719000.0,84964000.0,79965000.0,81328000.0,65965000.0,46613000.0,26499000.0,22242000.0
20220210,5628920.0,27429930.0,34860470.0,32146050.0,30344420.0,23532610.0,19346770.0,8440830.0,6997750.0,55283000.0,70198000.0,64740000.0,61117000.0,47384000.0,38983000.0,16985000.0,14094000.0
20220211,-12363950.0,34036190.0,25175070.0,30442310.0,26939470.0,16920210.0,22698980.0,4062200.0,10647380.0,69805000.0,51463000.0,62418000.0,55203000.0,34640000.0,46623000.0,8323000.0,21897000.0
20220214,-6543000.0,34366180.0,35344660.0,39449720.0,31928240.0,29382260.0,29439540.0,12573180.0,19058900.0,71588000.0,73475000.0,82050000.0,66380000.0,60989000.0,61189000.0,26065000.0,39648000.0
20220215,3886160.0,32932460.0,35873280.0,34610560.0,35555890.0,24665490.0,23621740.0,8259080.0,5416670.0,67851000.0,73831000.0,71299000.0,73162000.0,50741000.0,48644000.0,16934000.0,11188000.0
20220216,-3007390.0,34310150.0,29472910.0,33365650.0,35195490.0,20915480.0,21860140.0,9250090.0,11312820.0,71170000.0,61093000.0,69209000.0,73027000.0,43379000.0,45308000.0,19157000.0,23486000.0
20220217,-2554560.0,35804150.0,34629400.0,37233650.0,35853840.0,21031520.0,24530250.0,5828080.0,4883910.0,74632000.0,72078000.0,77496000.0,74604000.0,43744000.0,51090000.0,12096000.0,10197000.0
20220218,-2477950.0,22355780.0,21258510.0,19151670.0,17770980.0,9999950.0,11095910.0,2082410.0,3464400.0,46713000.0,44420000.0,40020000.0,37133000.0,20891000.0,23175000.0,4359000.0,7254000.0
20220221,904690.0,24762410.0,26778320.0,25424500.0,24313280.0,14496410.0,14548420.0,4766800.0,3810100.0,51586000.0,55736000.0,52940000.0,50597000.0,30159000.0,30301000.0,9882000.0,7932000.0
20220222,-6735740.0,31918460.0,26820090.0,34722050.0,33084690.0,18980030.0,18763960.0,4098020.0,11049830.0,67407000.0,56577000.0,73225000.0,69740000.0,40000000.0,39563000.0,8600000.0,23353000.0
20220223,17836840.0,38472880.0,49590560.0,57362850.0,64082020.0,47175720.0,39457390.0,23357020.0,13238510.0,79486000.0,102246000.0,118284000.0,132171000.0,97143000.0,81266000.0,47899000.0,27129000.0
20220224,-12743340.0,74212200.0,69404540.0,115510220.0,107574540.0,89988120.0,85605580.0,36920670.0,54046550.0,148380000.0,138516000.0,230175000.0,214431000.0,179061000.0,170527000.0,73326000.0,107467000.0
20220225,4433320.0,41563700.0,43527720.0,50022230.0,52491530.0,38187090.0,34421020.0,17846990.0,17179740.0,83546000.0,87355000.0,100474000.0,105427000.0,76697000.0,69199000.0,35878000.0,34614000.0
20220228,2510340.0,36388960.0,37853110.0,48605130.0,49651320.0,35474460.0,34416290.0,15272810.0,13820640.0,71847000.0,74643000.0,95876000.0,97928000.0,69877000.0,67837000.0,30095000.0,27286000.0
20220301,4514460.0,41295070.0,46845130.0,61227970.0,60192380.0,46703990.0,41449070.0,23219380.0,23959840.0,80279000.0,90921000.0,118840000.0,116853000.0,90613000.0,80433000.0,45000000.0,46524000.0
20220302,1288760.0,31669280.0,30822640.0,34921100.0,37056510.0,23202240.0,25771270.0,9395340.0,5537550.0,61826000.0,60131000.0,68108000.0,72270000.0,45236000.0,50266000.0,18317000.0,10820000.0
20220303,-10939660.0,34362280.0,21564160.0,33959740.0,35818210.0,19895200.0,24378000.0,4267690.0,10724550.0,68371000.0,42883000.0,67551000.0,71231000.0,39570000.0,48477000.0,8472000.0,21374000.0
20220304,-26290720.0,47575700.0,26544990.0,46150380.0,40890370.0,24061110.0,37971150.0,7395340.0,19776020.0,97236000.0,53970000.0,94212000.0,83453000.0,49222000.0,77783000.0,15127000.0,40592000.0
20220307,-8262570.0,39499120.0,33963650.0,36387260.0,33660160.0,24028630.0,28468810.0,6013070.0,9835460.0,82651000.0,70919000.0,76031000.0,70292000.0,50154000.0,59634000.0,12627000.0,20619000.0
20220308,-9546440.0,43448020.0,36284960.0,47806610.0,45423220.0,28662730.0,35410050.0,8435720.0,11234840.0,95028000.0,79086000.0,104377000.0,99187000.0,62684000.0,77542000.0,18442000.0,24717000.0
20220309,-7981690.0,59368370.0,49266460.0,75612070.0,77732290.0,49934190.0,59228660.0,15887440.0,14574660.0,139490000.0,115474000.0,177966000.0,183128000.0,117765000.0,139853000.0,37760000.0,34527000.0
20220310,-1175980.0,45069610.0,41404750.0,49010060.0,51498930.0,34637410.0,33144550.0,10427000.0,13095840.0,103372000.0,94857000.0,112377000.0,118008000.0,79290000.0,75996000.0,23840000.0,30018000.0
20220311,-1423000.0,36167240.0,32052020.0,32117750.0,34809970.0,21398110.0,21197110.0,6508800.0,8132800.0,83481000.0,73754000.0,74043000.0,80150000.0,49130000.0,48884000.0,14966000.0,18832000.0
20220314,10948630.0,48441660.0,53724410.0,58556720.0,64222600.0,44891260.0,37211130.0,11137520.0,7869020.0,105770000.0,117155000.0,127875000.0,140141000.0,97700000.0,81098000.0,24209000.0,17159000.0
20220315,2183260.0,40875650.0,47517430.0,46418100.0,41959580.0,27868450.0,25509220.0,6840350.0,7016320.0,90707000.0,105195000.0,102857000.0,93020000.0,61708000.0,56573000.0,15144000.0,15628000.0
20220316,6835740.0,39622510.0,39711580.0,40974060.0,47720740.0,25982470.0,24667290.0,15541350.0,10020790.0,89680000.0,89417000.0,92375000.0,107601000.0,58434000.0,55622000.0,34690000.0,22538000.0
20220317,2271380.0,40751930.0,40858540.0,46596920.0,48761690.0,25786430.0,25822860.0,11782890.0,9475080.0,88643000.0,88870000.0,101460000.0,106093000.0,56120000.0,56216000.0,25640000.0,20685000.0
20220318,-3417570.0,27589880.0,22462830.0,24503240.0,26212710.0,13344250.0,15000490.0,3640950.0,5402280.0,61474000.0,50026000.0,54555000.0,58352000.0,29692000.0,33417000.0,8099000.0,12025000.0
20220321,-7578700.0,26781830.0,19579670.0,26762970.0,26386440.0,17588780.0,18884630.0,4578750.0,10861600.0,59290000.0,43314000.0,59201000.0,58380000.0,38879000.0,41771000.0,10105000.0,24011000.0
20220322,-974210.0,28947660.0,24966870.0,26024980.0,29031560.0,13252230.0,15551290.0,4563260.0,3238410.0,64669000.0,55747000.0,58059000.0,64762000.0,29546000.0,34642000.0,10126000.0,7250000.0
20220323,4987330.0,43201250.0,48826850.0,60967790.0,60329520.0,44961980.0,44128190.0,11785490.0,7631950.0,95136000.0,107092000.0,133912000.0,132389000.0,98692000.0,97194000.0,25807000.0,16872000.0
20220324,2230280.0,25837040.0,28305010.0,30702330.0,30464650.0,18039590.0,14566030.0,1493230.0,2736510.0,56467000.0,61843000.0,67085000.0,66564000.0,39423000.0,31846000.0,3266000.0,5988000.0
20220325,4500220.0,36065480.0,42601080.0,50763390.0,48728020.0,33012790.0,34698930.0,15766870.0,9580510.0,77893000.0,91700000.0,109345000.0,104929000.0,70944000.0,74734000.0,33772000.0,20591000.0
20220328,-2202420.0,29067480.0,29223780.0,29448170.0,27089460.0,18399700.0,19845140.0,8328720.0,9085700.0,65613000.0,65919000.0,66426000.0,61102000.0,41509000.0,44734000.0,18716000.0,20509000.0
20220329,2694930.0,51875080.0,52828980.0,67793860.0,69534880.0,49029030.0,45049570.0,14628690.0,15913220.0,112819000.0,114777000.0,147408000.0,151056000.0,106194000.0,97651000.0,31568000.0,34505000.0
20220330,3989550.0,30187840.0,35836690.0,34071120.0,32411830.0,21522640.0,17834580.0,3761020.0,3459530.0,65666000.0,77909000.0,74097000.0,70493000.0,46781000.0,38784000.0,8155000.0,7513000.0
20220331,-7740860.0,32696490.0,26398810.0,30778010.0,29334830.0,17425680.0,21831490.0,3190850.0,6525900.0,72576000.0,58555000.0,68321000.0,65083000.0,38623000.0,48430000.0,7060000.0,14513000.0
20220401,-2594480.0,27684110.0,25579740.0,24999120.0,24509020.0,11895030.0,14181060.0,901580.0,1210030.0,62176000.0,57412000.0,56130000.0,55038000.0,26716000.0,31879000.0,2027000.0,2720000.0
20220406,-9157940.0,40876520.0,33202410.0,35311280.0,33827440.0,19659520.0,27713640.0,6763550.0,7867370.0,95126000.0,77162000.0,82101000.0,78666000.0,45722000.0,64500000.0,15664000.0,18285000.0
20220407,658820.0,27139600.0,29390850.0,25264110.0,23671670.0,15941250.0,16112360.0,4896560.0,4066630.0,62498000.0,67707000.0,58107000.0,54448000.0,36732000.0,37094000.0,11259000.0,9346000.0
20220408,-14753090.0,37815980.0,27020760.0,34185340.0,30227470.0,22102360.0,31196750.0,7026890.0,12685590.0,90067000.0,64254000.0,81396000.0,71957000.0,52640000.0,74383000.0,16762000.0,30271000.0
20220411,-6102100.0,59095630.0,53960940.0,59343790.0,58376380.0,42513910.0,50410670.0,19380940.0,17586280.0,150749000.0,137748000.0,151344000.0,148918000.0,108470000.0,128553000.0,49523000.0,44868000.0
20220412,-20654720.0,60229510.0,35137640.0,45918530.0,50355680.0,23803500.0,39633360.0,6316930.0,11141790.0,157263000.0,91622000.0,119983000.0,131436000.0,62218000.0,103747000.0,16457000.0,29117000.0
20220413,866260.0,28786420.0,27712460.0,21451070.0,23391290.0,11844330.0,13976640.0,5962960.0,2964390.0,75671000.0,72835000.0,56366000.0,61478000.0,31152000.0,36746000.0,15677000.0,7807000.0
20220414,6071280.0,28017780.0,34001540.0,24231410.0,24318920.0,16790710.0,13715780.0,6702360.0,3706010.0,73929000.0,89658000.0,63900000.0,64115000.0,44252000.0,36182000.0,17647000.0,9774000.0
20220415,2444090.0,31368510.0,33534110.0,26833350.0,27111850.0,15264570.0,13787550.0,4528970.0,3561900.0,82583000.0,88175000.0,70536000.0,71239000.0,40080000.0,36275000.0,11881000.0,9392000.0
20220418,3028250.0,29119860.0,34188700.0,31201070.0,29160480.0,18384430.0,18237120.0,6002710.0,3121770.0,75689000.0,88700000.0,80986000.0,75704000.0,47645000.0,47290000.0,15483000.0,8109000.0
20220419,3407090.0,23945570.0,28097940.0,22966370.0,22221090.0,15261830.0,13445780.0,5939980.0,4348940.0,61308000.0,71896000.0,58772000.0,56880000.0,39071000.0,34415000.0,15179000.0,11139000.0
20220420,-2375050.0,20938060.0,17448420.0,17007990.0,18122570.0,10207170.0,12565660.0,2284450.0,2301010.0,54030000.0,44986000.0,43863000.0,46768000.0,26349000.0,32422000.0,5871000.0,5938000.0
20220421,-945860.0,29316100.0,27019830.0,21452620.0,22803030.0,11940210.0,11844300.0,2614460.0,3656230.0,77081000.0,70928000.0,56352000.0,60034000.0,31472000.0,31227000.0,6951000.0,9667000.0
20220422,-2436080.0,25685950.0,21424630.0,17335130.0,19160370.0,9692290.0,11590590.0,2373090.0,2910870.0,69591000.0,58019000.0,46961000.0,51914000.0,26252000.0,31409000.0,6433000.0,7895000.0
20220425,-9118470.0,40121420.0,26392270.0,27620040.0,32230720.0,18981120.0,23938150.0,7746570.0,11908010.0,114817000.0,75438000.0,79108000.0,92339000.0,54626000.0,68793000.0,22299000.0,34280000.0
20220426,-5335150.0,35853720.0,27731760.0,26684550.0,29471360.0,20638110.0,22816680.0,9309640.0,12466220.0,108951000.0,84216000.0,81068000.0,89720000.0,62899000.0,69555000.0,28517000.0,37945000.0
20220427,815680.0,37294950.0,43602450.0,42716170.0,37224340.0,27514570.0,24298720.0,8082150.0,10482320.0,110754000.0,128963000.0,126392000.0,110272000.0,81142000.0,72020000.0,23593000.0,30625000.0
20220428,1580370.0,32857220.0,34501180.0,26234600.0,26171010.0,15121460.0,14597570.0,3937650.0,2881170.0,93115000.0,97562000.0,74190000.0,74017000.0,42686000.0,41340000.0,11082000.0,8153000.0
20220429,13243440.0,31146630.0,45644010.0,36280880.0,35026930.0,35437360.0,22717990.0,11272060.0,10747990.0,84909000.0,124054000.0,98569000.0,95171000.0,95957000.0,61707000.0,30385000.0,28887000.0
20220505,13592350.0,43378330.0,55802860.0,44886140.0,46053960.0,41807380.0,27359020.0,9140370.0,9996380.0,111440000.0,142889000.0,115147000.0,118211000.0,107058000.0,70289000.0,23403000.0,25660000.0
20220506,2018480.0,32735640.0,31252750.0,21342920.0,24844290.0,12998650.0,14234610.0,9392920.0,6138480.0,84298000.0,80306000.0,54964000.0,63989000.0,33439000.0,36676000.0,24056000.0,15787000.0
20220509,2447700.0,32137960.0,31594810.0,25310950.0,28301800.0,21980940.0,17431550.0,5294590.0,7396280.0,80707000.0,79291000.0,63476000.0,71015000.0,55110000.0,43677000.0,13257000.0,18568000.0
20220510,-1006540.0,36583900.0,31325020.0,28054030.0,32306380.0,15035480.0,19163040.0,10023790.0,6902770.0,92150000.0,78850000.0,70648000.0,81316000.0,37821000.0,48212000.0,25108000.0,17350000.0
20220511,-16701060.0,50603100.0,33594930.0,34973940.0,35281060.0,22102960.0,30055300.0,6217070.0,14965790.0,127689000.0,84485000.0,88162000.0,88846000.0,55576000.0,76132000.0,15710000.0,37674000.0
20220512,-2029810.0,32927860.0,28411960.0,19481500.0,21967600.0,13600450.0,14119950.0,6113580.0,7623890.0,83571000.0,72020000.0,49392000.0,55677000.0,34404000.0,35811000.0,15486000.0,19343000.0
20220513,-1318430.0,22306350.0,22416840.0,16728820.0,15299900.0,7231420.0,7591830.0,2017050.0,2975070.0,57181000.0,57413000.0,42858000.0,39206000.0,18523000.0,19464000.0,5168000.0,7648000.0
20220516,1210590.0,25564880.0,29898970.0,21733950.0,18610440.0,12920670.0,10212950.0,3457330.0,4954460.0,65268000.0,76313000.0,55303000.0,47378000.0,32916000.0,25942000.0,8826000.0,12680000.0
20220517,1403890.0,22477840.0,23441710.0,16666750.0,17106780.0,9578740.0,8069590.0,2366620.0,2471880.0,57452000.0,59822000.0,42569000.0,43684000.0,24459000.0,20634000.0,6016000.0,6355000.0
20220518,6207460.0,23585010.0,31047000.0,19744450.0,18489920.0,11775560.0,9678630.0,5169890.0,1059360.0,59945000.0,78791000.0,50123000.0,46921000.0,29840000.0,24610000.0,13101000.0,2688000.0
20220519,-2163830.0,26017220.0,25130200.0,18372990.0,17096170.0,9288400.0,9713020.0,893230.0,2632440.0,66627000.0,64200000.0,47004000.0,43731000.0,23708000.0,24903000.0,2271000.0,6776000.0
20220520,-1190200.0,25314170.0,24467420.0,18338920.0,17995470.0,11981070.0,13227870.0,2994000.0,2937400.0,64013000.0,61843000.0,46358000.0,45475000.0,30274000.0,33456000.0,7557000.0,7427000.0
20220523,-2137740.0,29849570.0,30110940.0,19870280.0,17471180.0,10717650.0,12334450.0,2723090.0,3244030.0,76847000.0,77471000.0,51127000.0,44945000.0,27561000.0,31748000.0,7013000.0,8385000.0
20220524,1623700.0,53047390.0,53054540.0,43007120.0,44623680.0,33257970.0,33646100.0,9408520.0,7396690.0,135376000.0,135051000.0,109125000.0,113281000.0,84218000.0,85321000.0,23762000.0,18828000.0
20220525,933690.0,34027290.0,29593140.0,23639400.0,29007250.0,16091980.0,21572230.0,14151640.0,7737700.0,89234000.0,77409000.0,61910000.0,75889000.0,42073000.0,56504000.0,36823000.0,20240000.0
20220526,12731170.0,65225560.0,70006460.0,74145920.0,82096190.0,52896930.0,49549950.0,18598730.0,9214540.0,163068000.0,174948000.0,185219000.0,204724000.0,131845000.0,123593000.0,46062000.0,22929000.0
20220527,-4092470.0,41580650.0,36771600.0,36832860.0,37549440.0,23921950.0,24321240.0,4506690.0,8199870.0,104398000.0,92105000.0,92254000.0,94021000.0,59765000.0,60911000.0,11219000.0,20601000.0
20220530,66160.0,31196880.0,30681690.0,26439120.0,27020480.0,18300550.0,17923910.0,5073490.0,5383970.0,79497000.0,78086000.0,67309000.0,68815000.0,46561000.0,45659000.0,12909000.0,13717000.0
20220531,-1298450.0,34581150.0,31582610.0,28721590.0,30421680.0,17737360.0,20572590.0,8894380.0,7357600.0,87894000.0,80172000.0,72909000.0,77230000.0,45001000.0,52211000.0,22529000.0,18720000.0
20220601,1802710.0,41737510.0,43933860.0,50307380.0,49913740.0,35692320.0,35689940.0,9447840.0,7647510.0,103645000.0,108981000.0,124806000.0,123769000.0,88398000.0,88546000.0,23429000.0,18982000.0
20220602,8117210.0,29963330.0,36503480.0,38248600.0,39825670.0,24246610.0,22842500.0,14329550.0,7616450.0,74258000.0,90112000.0,94508000.0,98308000.0,59765000.0,56389000.0,35129000.0,18850000.0
20220606,9655250.0,46227650.0,53206590.0,60882940.0,63559250.0,49129360.0,43000670.0,15961290.0,12434730.0,112006000.0,128672000.0,147524000.0,153906000.0,118919000.0,104195000.0,38478000.0,30155000.0
20220607,3679360.0,40146680.0,37064550.0,46775920.0,53537420.0,46801260.0,37654190.0,9613450.0,15081160.0,95588000.0,88255000.0,111400000.0,127480000.0,111440000.0,89588000.0,22908000.0,36013000.0
20220608,-7287780.0,46324700.0,41477070.0,52425700.0,49985550.0,33248730.0,33839330.0,9536940.0,16234120.0,112948000.0,101206000.0,127811000.0,121931000.0,81112000.0,82400000.0,23251000.0,39586000.0
20220609,-13409850.0,44228990.0,32765380.0,39520200.0,37573950.0,26511170.0,32640230.0,10494540.0,17775330.0,110419000.0,81669000.0,98499000.0,93675000.0,66085000.0,81383000.0,26208000.0,44484000.0
20220610,5981660.0,48744640.0,49196970.0,54616780.0,60146110.0,42639470.0,38420540.0,17833110.0,16070380.0,119190000.0,120210000.0,133471000.0,146977000.0,104170000.0,93872000.0,43371000.0,39143000.0
20220613,-10303820.0,50032700.0,38855190.0,44403370.0,45277060.0,23575380.0,30774360.0,6058010.0,9162850.0,120938000.0,93915000.0,107318000.0,109401000.0,56995000.0,74374000.0,14616000.0,22177000.0
20220614,-24084030.0,72994150.0,43888100.0,58515670.0,63537700.0,38816270.0,47208420.0,15238320.0,30930200.0,184029000.0,110576000.0,147465000.0,160172000.0,97974000.0,119009000.0,38570000.0,78281000.0
20220615,-16583190.0,56678480.0,42895880.0,61628060.0,58827480.0,43172280.0,50918640.0,19204540.0,28041370.0,139805000.0,105765000.0,152173000.0,145081000.0,106574000.0,125748000.0,47309000.0,69266000.0
20220616,-1977340.0,26817600.0,24851620.0,33274840.0,33263480.0,28797820.0,30480670.0,14812300.0,15106790.0,64895000.0,60131000.0,80492000.0,80464000.0,69560000.0,73663000.0,35745000.0,36434000.0
20220617,-1527320.0,33738460.0,31277280.0,34554350.0,35488200.0,21605620.0,21446650.0,9476510.0,11162800.0,83178000.0,76994000.0,85183000.0,87429000.0,53221000.0,52880000.0,23386000.0,27665000.0
20220620,4723690.0,31602710.0,36807210.0,44392830.0,43912020.0,36763880.0,36756240.0,18633120.0,13917070.0,76915000.0,89498000.0,107975000.0,106793000.0,89357000.0,89406000.0,45316000.0,33866000.0
20220621,-14511240.0,48539060.0,38671540.0,49809080.0,45165370.0,29726410.0,39902230.0,16396270.0,20731690.0,120585000.0,95878000.0,123511000.0,111989000.0,73709000.0,98996000.0,40681000.0,51623000.0
20220622,152030.0,34984090.0,38120690.0,35905950.0,32921370.0,23754610.0,20704060.0,5049530.0,7948050.0,88300000.0,96187000.0,90558000.0,83005000.0,59915000.0,52233000.0,12707000.0,20055000.0
20220623,51056990.0,50659160.0,72115080.0,78649050.0,108250110.0,75022520.0,79739380.0,101752550.0,45978700.0,122396000.0,173164000.0,190011000.0,259533000.0,180630000.0,191144000.0,239540000.0,108736000.0
20220624,-12462340.0,105264460.0,83040880.0,134908310.0,144669540.0,129022790.0,129336510.0,69030550.0,81179170.0,234334000.0,184648000.0,300364000.0,321943000.0,287109000.0,287990000.0,153456000.0,180682000.0
20220627,12947080.0,63902720.0,68098920.0,82561870.0,91312740.0,74713450.0,69354870.0,36980480.0,29391980.0,139689000.0,148602000.0,180455000.0,199456000.0,162934000.0,151448000.0,80571000.0,64143000.0
20220628,-7010960.0,57333000.0,51195010.0,68626490.0,67753520.0,54103250.0,61300260.0,25085810.0,24899760.0,123801000.0,110331000.0,147995000.0,146023000.0,116597000.0,132269000.0,54023000.0,53792000.0
20220629,-21682490.0,58654920.0,37049930.0,58148610.0,58071110.0,43093490.0,54874950.0,11552290.0,21453320.0,129296000.0,81394000.0,128061000.0,127907000.0,94900000.0,121051000.0,25499000.0,47402000.0
20220630,-1357070.0,45569530.0,46208280.0,57592360.0,55596540.0,39370220.0,40224430.0,15687450.0,16190310.0,101240000.0,102472000.0,127913000.0,123493000.0,87469000.0,89319000.0,34695000.0,36034000.0
20220701,-8528750.0,45706880.0,43648860.0,57037610.0,50566880.0,43674840.0,49474920.0,14613890.0,17342560.0,99636000.0,94814000.0,124132000.0,109954000.0,94928000.0,107791000.0,31638000.0,37774000.0
20220704,23338740.0,57121920.0,73224540.0,89905000.0,97141110.0,73860610.0,66310110.0,39587280.0,23799040.0,119841000.0,153330000.0,188765000.0,203641000.0,154715000.0,139118000.0,82680000.0,49912000.0
20220705,-37790.0,47099280.0,49770900.0,58904840.0,56195430.0,46485660.0,47458760.0,12921920.0,11986610.0,98421000.0,103954000.0,123064000.0,117341000.0,97000000.0,99092000.0,26923000.0,25021000.0
20220706,11919610.0,63212000.0,63913080.0,82985340.0,94203870.0,84226880.0,70273100.0,27270810.0,29304980.0,130707000.0,131478000.0,171213000.0,193829000.0,172840000.0,144726000.0,55594000.0,60321000.0
20220707,49242460.0,66955430.0,92199660.0,113510760.0,137508990.0,113118970.0,102596430.0,81127950.0,42408030.0,131756000.0,181394000.0,223604000.0,270726000.0,222968000.0,202195000.0,159699000.0,83712000.0
20220708,-892760.0,63944270.0,65438950.0,94941810.0,92554380.0,79363110.0,83733970.0,38241150.0,34763050.0,122025000.0,124749000.0,181091000.0,176467000.0,151464000.0,159795000.0,72842000.0,66410000.0
20220711,18610.0,64751560.0,64256100.0,88393900.0,88907960.0,69582760.0,72892430.0,28962860.0,25634580.0,124672000.0,123458000.0,170110000.0,170983000.0,133706000.0,140230000.0,55713000.0,49529000.0
20220712,-22087580.0,92947350.0,77879260.0,132775020.0,125755530.0,107494490.0,104521420.0,44257700.0,69318350.0,176178000.0,146526000.0,251250000.0,237411000.0,203089000.0,198014000.0,83456000.0,132022000.0
20220713,-3882790.0,63619910.0,52436850.0,69381300.0,76681560.0,59165120.0,53337630.0,17394020.0,27104300.0,126767000.0,104398000.0,138180000.0,152626000.0,117794000.0,106264000.0,34605000.0,54057000.0
20220714,1345720.0,51931040.0,52400520.0,64607740.0,65483970.0,46649950.0,46447820.0,17531960.0,16388370.0,100877000.0,101784000.0,125561000.0,127232000.0,90737000.0,90325000.0,34006000.0,31841000.0
20220715,3655900.0,41758460.0,45599040.0,56283080.0,56098400.0,42602720.0,43087750.0,17769800.0,13628870.0,80914000.0,88112000.0,108823000.0,108470000.0,82319000.0,83335000.0,34208000.0,26347000.0
20220718,-17128250.0,56166910.0,47070210.0,73813750.0,65782210.0,45238150.0,49754160.0,12463640.0,25075880.0,112808000.0,94260000.0,148013000.0,131900000.0,90703000.0,99872000.0,24939000.0,50432000.0
20220719,-1535350.0,39935690.0,41819970.0,53831210.0,50411580.0,38031850.0,33000160.0,10595690.0,17162730.0,78508000.0,81950000.0,105535000.0,98820000.0,74486000.0,64691000.0,20759000.0,33827000.0
20220720,30363760.0,49674220.0,69028590.0,78132690.0,89142070.0,70143100.0,56238160.0,44003100.0,27544280.0,95528000.0,132368000.0,150132000.0,171113000.0,134601000.0,107876000.0,83951000.0,52856000.0
20220721,-11415460.0,48839190.0,48769310.0,70872720.0,59527150.0,47754840.0,49874140.0,23822190.0,33118350.0,93186000.0,92776000.0,135037000.0,113308000.0,90887000.0,94999000.0,45223000.0,63249000.0
20220722,-2948860.0,41234220.0,40185950.0,54794570.0,52893970.0,36491040.0,36290850.0,12289570.0,15438620.0,78374000.0,76167000.0,103990000.0,100391000.0,69227000.0,68936000.0,23309000.0,29406000.0
20220725,-17919390.0,38540900.0,31859690.0,53227280.0,41989100.0,37330630.0,38131480.0,15272460.0,32391000.0,73165000.0,60194000.0,100860000.0,79409000.0,70661000.0,72326000.0,28937000.0,61694000.0
20220726,-3462790.0,25968740.0,23405100.0,35853980.0,34954830.0,22796070.0,24626380.0,8138270.0,9770750.0,50183000.0,45140000.0,69276000.0,67481000.0,44009000.0,47600000.0,15671000.0,18917000.0
20220727,-7853010.0,37887390.0,27808330.0,48261100.0,50487140.0,32704720.0,38880570.0,10362290.0,12039450.0,73302000.0,53634000.0,93241000.0,97460000.0,63150000.0,75192000.0,19901000.0,23308000.0
20220728,-3309980.0,39537550.0,36316680.0,56131400.0,56042300.0,37259070.0,43645150.0,14002020.0,10925920.0,76907000.0,70363000.0,109003000.0,108760000.0,72108000.0,84707000.0,27003000.0,21190000.0
20220729,-23620460.0,64386280.0,40953600.0,71628560.0,71440790.0,45970970.0,57525970.0,19674630.0,31740090.0,127728000.0,81368000.0,142148000.0,141779000.0,91162000.0,113986000.0,39095000.0,63000000.0
20220801,-6346140.0,35416220.0,30332080.0,39279870.0,38017860.0,20441920.0,22520970.0,2288760.0,6555850.0,71048000.0,60826000.0,78736000.0,76221000.0,40928000.0,45127000.0,4594000.0,13133000.0
20220802,-3485220.0,52615500.0,50643670.0,65171150.0,63657750.0,46316690.0,45437260.0,15215130.0,19579780.0,106332000.0,102293000.0,131253000.0,128149000.0,93059000.0,91325000.0,30300000.0,39178000.0
20220803,45305940.0,75198750.0,96845500.0,119179990.0,142839190.0,125415060.0,105432540.0,73758650.0,48435230.0,143792000.0,185214000.0,228019000.0,273445000.0,240732000.0,201928000.0,141147000.0,93103000.0
20220804,-3145520.0,50623630.0,49749880.0,70594580.0,68322800.0,48162520.0,52754680.0,24226920.0,22780280.0,97052000.0,95236000.0,135277000.0,130789000.0,92177000.0,101111000.0,46258000.0,43627000.0
20220805,-11315470.0,53507570.0,46458110.0,67117950.0,62851950.0,43893600.0,45454950.0,18814570.0,28568690.0,105341000.0,91433000.0,131949000.0,123581000.0,86155000.0,89198000.0,36967000.0,56202000.0
20220808,13716690.0,46973830.0,55342040.0,60979540.0,66328020.0,61219400.0,52755230.0,29651920.0,24399400.0,89248000.0,104960000.0,115743000.0,125813000.0,116083000.0,100091000.0,56132000.0,46342000.0
20220809,26029910.0,60037550.0,61334710.0,68255130.0,92987870.0,64947970.0,63286070.0,57798710.0,33430700.0,111823000.0,113858000.0,126925000.0,172644000.0,120356000.0,117296000.0,107056000.0,62362000.0
20220810,1792300.0,41443770.0,41317590.0,53661510.0,55579990.0,42933470.0,41182590.0,18083780.0,18042360.0,76147000.0,75825000.0,98508000.0,101971000.0,78784000.0,75562000.0,33134000.0,33215000.0
20220811,-6502150.0,37536400.0,30563080.0,41789350.0,42260530.0,28470230.0,28422820.0,13021150.0,19570710.0,69987000.0,56928000.0,77892000.0,78723000.0,53051000.0,52968000.0,24255000.0,36566000.0
20220812,-17296240.0,46690930.0,33980230.0,53521040.0,48935500.0,29611400.0,35187790.0,7840920.0,19560770.0,89198000.0,64967000.0,102174000.0,93462000.0,56480000.0,67051000.0,14949000.0,37321000.0
20220815,-2177910.0,25616790.0,22834430.0,28210020.0,28814470.0,17425580.0,16162440.0,2842410.0,6283460.0,48881000.0,43547000.0,53801000.0,54958000.0,33218000.0,30827000.0,5421000.0,11988000.0
20220816,931160.0,33347820.0,30746420.0,38262790.0,41795350.0,22656160.0,23609080.0,10575790.0,8691710.0,63720000.0,58652000.0,72988000.0,79741000.0,43175000.0,45017000.0,20109000.0,16583000.0
20220817,-9852130.0,32829840.0,20881490.0,35278260.0,37374490.0,18202750.0,24508430.0,4496230.0,8042680.0,64161000.0,40765000.0,68926000.0,73011000.0,35578000.0,47934000.0,8784000.0,15738000.0
20220818,-2125970.0,29067910.0,25736480.0,32582570.0,33788040.0,19742440.0,22431180.0,6039600.0,5476830.0,56795000.0,50257000.0,63648000.0,65975000.0,38561000.0,43833000.0,11776000.0,10715000.0
20220819,-12124020.0,37903230.0,26589330.0,34201040.0,33390930.0,18301360.0,20999000.0,7620270.0,17046650.0,75427000.0,52867000.0,68028000.0,66357000.0,36411000.0,41744000.0,15173000.0,34070000.0
20220822,-1697270.0,26658560.0,25397580.0,36187600.0,35751330.0,21601150.0,23221230.0,10716070.0,10793260.0,52809000.0,50283000.0,71682000.0,70790000.0,42768000.0,45980000.0,21172000.0,21377000.0
20220823,-179210.0,23643670.0,23829930.0,30507990.0,30142520.0,21705270.0,20804700.0,6165280.0,7245060.0,46771000.0,47043000.0,60242000.0,59507000.0,42830000.0,41097000.0,12145000.0,14341000.0
20220824,-18229100.0,55028920.0,41300710.0,58553490.0,54052590.0,39559740.0,43611600.0,8251520.0,22428760.0,113033000.0,84682000.0,120263000.0,110963000.0,81339000.0,89755000.0,17025000.0,46260000.0
20220825,-3674030.0,28617530.0,25531040.0,32029410.0,31441860.0,16975890.0,19420060.0,4221010.0,5450870.0,60031000.0,53491000.0,67175000.0,65935000.0,35542000.0,40722000.0,8828000.0,11427000.0
20220826,-2528330.0,28487410.0,29490940.0,33792520.0,30260670.0,25358870.0,24202290.0,4743960.0,8428870.0,59022000.0,61051000.0,70026000.0,62650000.0,52609000.0,50244000.0,9825000.0,17536000.0
20220829,1352790.0,44300950.0,44690540.0,56114320.0,57077500.0,44652090.0,46293600.0,21700680.0,18706380.0,89603000.0,90124000.0,113349000.0,115136000.0,90081000.0,93554000.0,43642000.0,37861000.0
20220830,-14334340.0,39543800.0,26806030.0,40810420.0,39213840.0,21946070.0,26952300.0,7695270.0,17023380.0,81089000.0,54935000.0,83713000.0,80399000.0,45033000.0,55277000.0,15773000.0,34996000.0
20220831,-21163690.0,46661520.0,27244380.0,44820850.0,43074300.0,22208740.0,34953420.0,5940570.0,14359580.0,100172000.0,58411000.0,96182000.0,92326000.0,47715000.0,75145000.0,12818000.0,31006000.0
20220901,-11888880.0,32698520.0,19701470.0,26719450.0,27827620.0,12050570.0,19391310.0,2872820.0,7420960.0,70846000.0,42615000.0,57844000.0,60226000.0,26061000.0,42001000.0,6242000.0,16150000.0
20220902,-7252290.0,35954370.0,28948870.0,37587110.0,37340320.0,22842420.0,27225360.0,4216320.0,7085670.0,79429000.0,63905000.0,83025000.0,82447000.0,50444000.0,60168000.0,9301000.0,15679000.0
20220905,-2630140.0,28432350.0,33655920.0,37150050.0,29296350.0,18442810.0,24500680.0,11680190.0,8252460.0,62168000.0,73506000.0,81086000.0,63966000.0,40295000.0,53557000.0,25455000.0,17975000.0
20220906,3434120.0,34717950.0,36524110.0,43530270.0,45158240.0,30296750.0,26226830.0,6028900.0,6664700.0,73676000.0,77486000.0,92335000.0,95770000.0,64231000.0,55633000.0,12761000.0,14115000.0
20220907,-4190080.0,34499410.0,28904400.0,31915470.0,33320410.0,20883090.0,23556370.0,5538650.0,7055450.0,73038000.0,61211000.0,67577000.0,70541000.0,44211000.0,49862000.0,11698000.0,14911000.0
20220908,2104990.0,36019950.0,34835390.0,36506140.0,39795690.0,24205000.0,24578280.0,8678090.0,6199820.0,75335000.0,72790000.0,76289000.0,83156000.0,50563000.0,51370000.0,18094000.0,12964000.0
20220909,4002470.0,30238060.0,26881570.0,27793010.0,35151960.0,21262760.0,18837810.0,6254630.0,4677110.0,63046000.0,55952000.0,57801000.0,73164000.0,44119000.0,39113000.0,13003000.0,9739000.0
20220913,11539860.0,27793280.0,35678220.0,32847790.0,36502710.0,26615920.0,21063730.0,11762250.0,5774580.0,57144000.0,73265000.0,67463000.0,74924000.0,54576000.0,43217000.0,24076000.0,11853000.0
20220914,5629670.0,32926540.0,31936890.0,33927070.0,40546400.0,30322960.0,27554770.0,15777250.0,12915770.0,67387000.0,65284000.0,69382000.0,82889000.0,61933000.0,56317000.0,32164000.0,26376000.0
20220915,-9921570.0,48375570.0,36318460.0,40296110.0,42431660.0,26058360.0,29706990.0,5942510.0,12215450.0,102148000.0,76676000.0,84970000.0,89470000.0,54851000.0,62643000.0,12500000.0,25680000.0
20220916,-96820.0,40023450.0,36901730.0,35776900.0,38801790.0,23256890.0,22423130.0,6193040.0,7123620.0,84299000.0,77672000.0,75315000.0,81709000.0,48938000.0,47191000.0,13058000.0,15038000.0
20220919,-6615250.0,27411040.0,23699230.0,25127820.0,22224390.0,9568380.0,13866950.0,1316760.0,3633440.0,59315000.0,51291000.0,54359000.0,48049000.0,20679000.0,30006000.0,2852000.0,7860000.0
20220920,-1510570.0,22656960.0,21943610.0,24836380.0,24039160.0,14219180.0,12140680.0,1868830.0,5457900.0,49378000.0,47771000.0,54092000.0,52307000.0,30959000.0,26450000.0,4069000.0,11969000.0
20220921,-540370.0,35053970.0,36150120.0,31873650.0,30237130.0,18938760.0,17267410.0,4302770.0,6514490.0,78749000.0,81184000.0,71581000.0,67858000.0,42520000.0,38791000.0,9662000.0,14679000.0
20220922,1031160.0,46083170.0,42396350.0,41525310.0,46243280.0,29891320.0,29031000.0,6513580.0,6342740.0,99248000.0,91275000.0,89525000.0,99641000.0,64370000.0,62557000.0,14026000.0,13695000.0
20220923,4603180.0,31975540.0,30722970.0,31747260.0,37603020.0,29334750.0,22245210.0,4553580.0,7039940.0,67965000.0,65169000.0,67248000.0,79663000.0,62061000.0,47132000.0,9605000.0,14914000.0
20220926,-1220530.0,28491090.0,24122480.0,26138240.0,29286320.0,15059860.0,13772670.0,1792820.0,4300540.0,62159000.0,52558000.0,56983000.0,63826000.0,32830000.0,30058000.0,3904000.0,9433000.0
20220927,2136270.0,26694010.0,25106330.0,20192230.0,23916170.0,14585190.0,13656820.0,3948210.0,2740310.0,57884000.0,54437000.0,43783000.0,51857000.0,31616000.0,29613000.0,8560000.0,5937000.0
20220928,1294100.0,36986200.0,39277540.0,33208900.0,32211670.0,16585590.0,15016170.0,4683150.0,4958470.0,82530000.0,87716000.0,73856000.0,71636000.0,36999000.0,33402000.0,10398000.0,11029000.0
20220929,3848110.0,38060170.0,38087870.0,32078270.0,35898680.0,17908700.0,14335640.0,2797670.0,2522620.0,87237000.0,87202000.0,73461000.0,82225000.0,40911000.0,32753000.0,6343000.0,5772000.0
20220930,-6111270.0,34532800.0,21531930.0,21072280.0,27961870.0,10038360.0,13504170.0,2875840.0,5521300.0,81352000.0,50710000.0,49672000.0,65931000.0,23685000.0,31843000.0,6803000.0,13028000.0
20221010,-349550.0,30073040.0,25368620.0,22492940.0,26847810.0,9876110.0,9916480.0,2316210.0,2625390.0,72380000.0,60996000.0,54113000.0,64622000.0,23735000.0,23859000.0,5560000.0,6310000.0
20221011,-2080700.0,24235630.0,22100790.0,18613040.0,18667180.0,8594220.0,8134790.0,1378820.0,3918950.0,58692000.0,53469000.0,45041000.0,45190000.0,20776000.0,19700000.0,3335000.0,9483000.0
20221012,1481810.0,24102760.0,26825900.0,22752990.0,21511660.0,13303620.0,13206990.0,6189220.0,4804040.0,58205000.0,64681000.0,54854000.0,51738000.0,31992000.0,31726000.0,14713000.0,11619000.0
20221013,6535890.0,27779200.0,37207310.0,36067190.0,33174980.0,28555770.0,24530200.0,14353070.0,11842750.0,63606000.0,85084000.0,82475000.0,75779000.0,65148000.0,55984000.0,32590000.0,26972000.0
20221014,7472450.0,34463260.0,35540570.0,29937150.0,36332290.0,22320350.0,21150490.0,10848820.0,4546230.0,77363000.0,79659000.0,67118000.0,81344000.0,49943000.0,47352000.0,24185000.0,10255000.0
20221017,3048890.0,37029270.0,36066410.0,41243820.0,45255560.0,28155110.0,27517140.0,13411150.0,11000230.0,79803000.0,77617000.0,88802000.0,97418000.0,60555000.0,59289000.0,28814000.0,23650000.0
20221018,-2048250.0,23421940.0,20464430.0,21380130.0,22289390.0,11242230.0,13259150.0,3535290.0,3566620.0,50580000.0,44165000.0,46158000.0,48106000.0,24263000.0,28630000.0,7623000.0,7723000.0
20221019,-2865150.0,25671530.0,20308260.0,21092820.0,23590940.0,11993620.0,13658810.0,3922510.0,5122470.0,55361000.0,43767000.0,45482000.0,50827000.0,25840000.0,29438000.0,8420000.0,11072000.0
20221020,-4757760.0,31768650.0,27019920.0,30136540.0,30127520.0,14844440.0,19982560.0,3845770.0,3465410.0,68917000.0,58607000.0,65369000.0,65341000.0,32227000.0,43361000.0,8319000.0,7524000.0
20221021,-1056310.0,29323940.0,22834430.0,31333870.0,36767070.0,18553680.0,22783020.0,7515020.0,4341990.0,64707000.0,50333000.0,69129000.0,81085000.0,40896000.0,50288000.0,16543000.0,9569000.0
20221024,14505390.0,68247970.0,70501110.0,76560650.0,88812910.0,68318240.0,60660700.0,37295610.0,30447760.0,141589000.0,146408000.0,159071000.0,184550000.0,142123000.0,126079000.0,77438000.0,63184000.0
20221025,2514440.0,53261680.0,47276320.0,43730220.0,52230020.0,28787170.0,25962130.0,10263300.0,10573900.0,110884000.0,98338000.0,90915000.0,108588000.0,59766000.0,53968000.0,21333000.0,22005000.0
20221026,8836500.0,45002000.0,44765710.0,42251810.0,51324590.0,38119740.0,36216580.0,18907080.0,11973740.0,93381000.0,92769000.0,87683000.0,106425000.0,79018000.0,75119000.0,39069000.0,24838000.0
20221027,-7008380.0,51156180.0,32421990.0,39599980.0,51325790.0,27883950.0,31814800.0,7936600.0,11014130.0,107277000.0,67919000.0,83075000.0,107604000.0,58454000.0,66757000.0,16613000.0,23138000.0
20221028,-4554790.0,32941020.0,28246290.0,29209600.0,29349550.0,19405380.0,22779670.0,5205030.0,6385530.0,69380000.0,59432000.0,61471000.0,61763000.0,40826000.0,47978000.0,10969000.0,13473000.0
20221031,9016430.0,65569310.0,69527890.0,82864970.0,87922830.0,71581020.0,68189460.0,29376930.0,23752060.0,140281000.0,147530000.0,177615000.0,187596000.0,153365000.0,146647000.0,62348000.0,51837000.0
20221101,-14639110.0,54805680.0,45516430.0,57058050.0,51708200.0,34666950.0,50072430.0,9686540.0,8920170.0,114199000.0,94733000.0,118955000.0,107687000.0,72200000.0,104448000.0,20117000.0,18602000.0
20221102,-4787850.0,49972140.0,46925350.0,48418780.0,46677710.0,28274600.0,37222310.0,11372240.0,7212380.0,106245000.0,99662000.0,102868000.0,99202000.0,60109000.0,79161000.0,24157000.0,15355000.0
20221103,2919820.0,28904980.0,30113000.0,32249420.0,33961220.0,28376740.0,37708850.0,21205440.0,8953510.0,60951000.0,63413000.0,67980000.0,71547000.0,59742000.0,79420000.0,44522000.0,18815000.0
20221104,8956330.0,30056710.0,34931160.0,33997610.0,38079490.0,28519400.0,26088910.0,14324860.0,7799020.0,62991000.0,73131000.0,71193000.0,79753000.0,59705000.0,54643000.0,29964000.0,16326000.0
20221107,-7262140.0,48098560.0,46859430.0,55625880.0,49602870.0,31927460.0,33476970.0,8645890.0,14358520.0,102084000.0,99399000.0,117950000.0,105083000.0,67565000.0,70930000.0,18350000.0,30536000.0
20221108,990660.0,22799800.0,27233640.0,28272830.0,24829660.0,18534250.0,18959730.0,5918790.0,4502650.0,48720000.0,58178000.0,60400000.0,53019000.0,39574000.0,40499000.0,12623000.0,9621000.0
20221109,-7196230.0,24083060.0,21313970.0,31998060.0,27570920.0,18439850.0,20402010.0,4628270.0,9862340.0,51450000.0,45506000.0,68269000.0,58793000.0,39300000.0,43480000.0,9844000.0,21084000.0
20221110,-2734230.0,43489560.0,45232270.0,46193880.0,41716940.0,22546100.0,21575080.0,6400830.0,10106080.0,96612000.0,100555000.0,102584000.0,92657000.0,50077000.0,47870000.0,14213000.0,22404000.0
20221111,-11513150.0,31717360.0,21681300.0,29597590.0,28120490.0,16574200.0,27126370.0,3923020.0,4884000.0,70064000.0,47843000.0,65360000.0,62061000.0,36591000.0,59922000.0,8639000.0,10828000.0
20221114,-9420630.0,48122040.0,44343810.0,51069080.0,45426680.0,31404260.0,39831250.0,6100280.0,7093920.0,108915000.0,100350000.0,115571000.0,102679000.0,70893000.0,90061000.0,13746000.0,16035000.0
20221115,-10114120.0,43022620.0,33561090.0,42952190.0,42299600.0,27182220.0,38462580.0,8668870.0,7502630.0,97317000.0,75938000.0,97175000.0,95661000.0,61492000.0,86997000.0,19584000.0,16972000.0
20221116,7393810.0,35433930.0,41912470.0,53290890.0,54206160.0,37674820.0,29710330.0,7246620.0,7817300.0,79477000.0,93962000.0,119354000.0,121347000.0,84339000.0,66519000.0,16207000.0,17550000.0
20221117,-6096110.0,33089190.0,24818880.0,33481790.0,35655990.0,24270210.0,27340980.0,6746460.0,9771800.0,75405000.0,56408000.0,76247000.0,81148000.0,55204000.0,62268000.0,15321000.0,22354000.0
20221118,-495420.0,22973270.0,22270040.0,26896600.0,27104410.0,23054750.0,18416900.0,2916530.0,8049800.0,51910000.0,50298000.0,60754000.0,61215000.0,52112000.0,41619000.0,6589000.0,18233000.0
20221121,232280.0,25365980.0,26266850.0,31542540.0,30873960.0,17259390.0,17883090.0,3950510.0,3094530.0,57177000.0,59176000.0,71063000.0,69560000.0,38909000.0,40306000.0,8884000.0,6991000.0
20221122,14563870.0,27726780.0,38316640.0,44418170.0,48392190.0,33458330.0,28638850.0,15199320.0,5454930.0,61570000.0,84814000.0,98423000.0,107098000.0,74053000.0,63430000.0,33395000.0,12099000.0
20221123,4015400.0,27272730.0,28515160.0,28336140.0,31109120.0,22225510.0,18646430.0,5682780.0,5246460.0,60433000.0,63137000.0,62749000.0,68896000.0,49191000.0,41289000.0,12548000.0,11599000.0
20221124,4478970.0,16374250.0,16634630.0,18114190.0,22332770.0,14909560.0,10762080.0,1862770.0,1531280.0,36282000.0,36848000.0,40132000.0,49489000.0,33047000.0,23858000.0,4132000.0,3398000.0
20221125,2980360.0,26215510.0,26061380.0,24044820.0,27179310.0,20413760.0,18481980.0,7319880.0,6271300.0,58946000.0,58539000.0,54054000.0,61123000.0,45874000.0,41600000.0,16509000.0,14121000.0
20221128,-2271470.0,29979160.0,27276450.0,30278000.0,30709240.0,16282600.0,18223060.0,6212860.0,6543870.0,67263000.0,61113000.0,67883000.0,68834000.0,36462000.0,40876000.0,13852000.0,14638000.0
20221129,6164730.0,27538430.0,35090560.0,30988490.0,29601090.0,23707800.0,19296570.0,4673710.0,2920210.0,61215000.0,78018000.0,68882000.0,65769000.0,52665000.0,42885000.0,10402000.0,6492000.0
20221130,5619810.0,25403650.0,28123450.0,35499990.0,38400000.0,25275350.0,24729760.0,12864810.0,7790590.0,56311000.0,62236000.0,78623000.0,84964000.0,55895000.0,54786000.0,28436000.0,17279000.0
20221201,7748260.0,21693580.0,26601540.0,25069540.0,27909850.0,16553550.0,13199950.0,8297590.0,3902930.0,47567000.0,58282000.0,54943000.0,61176000.0,36271000.0,28934000.0,18161000.0,8551000.0
20221202,-1439720.0,35374360.0,32355170.0,33291480.0,34870950.0,17517070.0,17555040.0,3399490.0,4801240.0,78969000.0,72215000.0,74368000.0,77852000.0,39095000.0,39212000.0,7620000.0,10773000.0
20221205,5574720.0,30803520.0,35324220.0,32220830.0,33274850.0,22881230.0,18855070.0,5669210.0,4120650.0,69550000.0,79738000.0,72733000.0,75125000.0,51645000.0,42546000.0,12782000.0,9300000.0
20221206,5616500.0,30860960.0,31783020.0,32655190.0,37349620.0,22670410.0,22144650.0,9656200.0,4565460.0,69349000.0,71337000.0,73315000.0,83762000.0,50843000.0,49664000.0,21545000.0,10288000.0
20221207,3040480.0,17755120.0,19866780.0,19821630.0,20750450.0,16687190.0,15924390.0,4792210.0,2514530.0,39429000.0,44118000.0,44017000.0,46080000.0,37048000.0,35357000.0,10645000.0,5584000.0
20221208,704000.0,16555900.0,17170660.0,19623770.0,19713020.0,14950110.0,13139740.0,3096380.0,4202750.0,37030000.0,38404000.0,43890000.0,44109000.0,33475000.0,29406000.0,6929000.0,9405000.0
20221209,-2696830.0,36213690.0,33625870.0,36483240.0,36374230.0,27749640.0,31161000.0,8639520.0,7924990.0,82675000.0,76772000.0,83279000.0,82998000.0,63324000.0,71082000.0,19681000.0,18107000.0
20221212,-149530.0,36988400.0,35457600.0,32050030.0,33431290.0,18797120.0,16544510.0,2626740.0,5028880.0,84740000.0,81187000.0,73400000.0,76533000.0,43045000.0,37917000.0,6024000.0,11571000.0
20221213,3863360.0,27291310.0,31347920.0,24996760.0,24803500.0,15120360.0,12100760.0,5004070.0,4160310.0,63326000.0,72780000.0,57990000.0,57533000.0,35119000.0,28087000.0,11632000.0,9667000.0
20221214,-2121480.0,17928050.0,15982630.0,19000430.0,18824360.0,11140220.0,12098100.0,1729310.0,2892910.0,41377000.0,36857000.0,43788000.0,43396000.0,25671000.0,27884000.0,3986000.0,6686000.0
20221215,3279530.0,17016240.0,16629430.0,14367520.0,18033850.0,9967330.0,9258960.0,7210580.0,4639420.0,39583000.0,38676000.0,33419000.0,41968000.0,23189000.0,21538000.0,16802000.0,10811000.0
20221216,-3805100.0,20157690.0,14492310.0,15776090.0,17636370.0,8991530.0,12866190.0,5200030.0,5130470.0,47467000.0,34104000.0,37152000.0,41519000.0,21169000.0,30310000.0,12234000.0,12089000.0
20221219,-3413730.0,20598190.0,16668040.0,16853290.0,17369720.0,9681800.0,10493260.0,2712450.0,5314720.0,48902000.0,39527000.0,40000000.0,41257000.0,22985000.0,24920000.0,6450000.0,12632000.0
20221220,1611520.0,13574860.0,14494850.0,10921610.0,11613140.0,6122390.0,4898250.0,1423640.0,1036260.0,32496000.0,34689000.0,26136000.0,27786000.0,14644000.0,11719000.0,3404000.0,2485000.0
20221221,591120.0,13802650.0,13466140.0,10869740.0,11797380.0,8167300.0,7749590.0,3489400.0,3315990.0,33256000.0,32432000.0,26191000.0,28450000.0,19716000.0,18704000.0,8439000.0,8015000.0
20221222,3631860.0,17606860.0,17602800.0,19950170.0,23586090.0,13182950.0,11992790.0,3946390.0,1504690.0,42582000.0,42491000.0,48197000.0,57014000.0,31842000.0,29010000.0,9515000.0,3623000.0
20221223,3842400.0,14165600.0,16901400.0,12555160.0,13661750.0,12342680.0,10621540.0,4862510.0,2741250.0,34191000.0,40805000.0,30318000.0,32990000.0,29834000.0,25670000.0,11743000.0,6621000.0
20221226,2894990.0,15394570.0,20668260.0,21250710.0,18872000.0,17010530.0,11752900.0,8917780.0,11280420.0,36712000.0,49189000.0,50645000.0,44933000.0,40483000.0,28009000.0,21246000.0,26955000.0
20221227,-3419730.0,15084000.0,14660660.0,18528400.0,15532000.0,13415910.0,11083680.0,1739440.0,7491400.0,35871000.0,34855000.0,44058000.0,36915000.0,31904000.0,26364000.0,4145000.0,17844000.0
20221228,-3626470.0,23756390.0,19639480.0,27164800.0,27655230.0,15461940.0,14590450.0,7104880.0,11602840.0,57354000.0,47406000.0,65537000.0,66745000.0,37369000.0,35236000.0,17176000.0,28050000.0
20221229,1188300.0,25741950.0,26189790.0,31218960.0,31959410.0,22683830.0,19035060.0,10040470.0,12500940.0,61466000.0,62316000.0,74356000.0,76088000.0,54124000.0,45398000.0,23985000.0,30130000.0
20221230,1113160.0,14847240.0,13959490.0,14492050.0,16492950.0,8137690.0,7550860.0,2072010.0,1545680.0,35025000.0,32932000.0,34187000.0,38914000.0,19218000.0,17830000.0,4900000.0,3655000.0
20230103,3479200.0,32873400.0,32959350.0,33969070.0,37362320.0,27962110.0,23342020.0,15495930.0,16636820.0,75538000.0,75839000.0,78151000.0,85981000.0,64414000.0,53740000.0,35593000.0,38136000.0
20230104,-2941780.0,25349250.0,24289400.0,29180080.0,27298170.0,15555320.0,13021690.0,2646690.0,8122100.0,57975000.0,55590000.0,66754000.0,62399000.0,35607000.0,29792000.0,6066000.0,18621000.0
20230105,-4081320.0,23799690.0,20327970.0,23172760.0,22563160.0,11926950.0,14097390.0,4290060.0,6200940.0,54042000.0,46198000.0,52688000.0,51260000.0,27111000.0,32027000.0,9752000.0,14107000.0
20230106,-587250.0,21373610.0,18919000.0,18043060.0,19910430.0,10670820.0,11748730.0,3060050.0,2569390.0,48587000.0,42986000.0,41006000.0,45258000.0,24264000.0,26722000.0,6950000.0,5841000.0
20230109,-9864840.0,37155510.0,28650430.0,42530000.0,41170240.0,23416340.0,31941350.0,9921940.0,11261770.0,86734000.0,66934000.0,99314000.0,96166000.0,54635000.0,74539000.0,23160000.0,26204000.0
20230110,-11505880.0,34003410.0,25928950.0,44091000.0,40659580.0,29473890.0,27883550.0,11242130.0,24338350.0,81741000.0,62268000.0,105922000.0,97638000.0,70804000.0,66991000.0,27115000.0,58685000.0
20230111,-225120.0,24473900.0,20305410.0,27378180.0,31321540.0,12712130.0,13001710.0,3673250.0,3608790.0,58819000.0,48797000.0,65800000.0,75251000.0,30562000.0,31275000.0,8821000.0,8679000.0
20230112,312260.0,19083890.0,20749530.0,24364020.0,23010640.0,14793990.0,15895710.0,3524660.0,2110680.0,45782000.0,49730000.0,58371000.0,55105000.0,35396000.0,38058000.0,8405000.0,5062000.0
20230113,804950.0,13786300.0,15486130.0,16708480.0,15813600.0,10140380.0,8183720.0,2043750.0,3195460.0,33249000.0,37340000.0,40304000.0,38134000.0,24458000.0,19740000.0,4924000.0,7722000.0
20230116,2566850.0,30614750.0,30544860.0,40556120.0,43192860.0,33914090.0,37204640.0,15193140.0,9335740.0,72174000.0,71915000.0,95644000.0,101812000.0,79866000.0,87795000.0,35866000.0,22028000.0
20230117,61780.0,20876820.0,21523200.0,26079010.0,25494420.0,16886870.0,17528260.0,5868140.0,5164970.0,48471000.0,49915000.0,60515000.0,59121000.0,39127000.0,40663000.0,13571000.0,11984000.0
20230118,-811600.0,16673990.0,13126060.0,15984760.0,18721090.0,10073040.0,10783680.0,2102480.0,2203440.0,38598000.0,30388000.0,37012000.0,43343000.0,23332000.0,24971000.0,4871000.0,5111000.0
20230119,5266160.0,15185540.0,17806720.0,17536800.0,20181790.0,13355740.0,11169190.0,7765430.0,4685820.0,35040000.0,41071000.0,40449000.0,46530000.0,30782000.0,25744000.0,17860000.0,10785000.0
20230120,2376930.0,15306730.0,16385530.0,16096480.0,17394610.0,13441260.0,11500530.0,5208140.0,4771940.0,35008000.0,37475000.0,36814000.0,39782000.0,30740000.0,26295000.0,11904000.0,10914000.0
20230130,16004980.0,31361960.0,36135470.0,42571240.0,53802710.0,39770930.0,35621910.0,21925820.0,10069860.0,69639000.0,80136000.0,94510000.0,119324000.0,88164000.0,79032000.0,48544000.0,22366000.0
20230131,-1574950.0,22265830.0,21958690.0,30134800.0,28866990.0,19380670.0,21260340.0,9837760.0,9533040.0,49122000.0,48414000.0,66452000.0,63648000.0,42703000.0,46866000.0,21664000.0,21013000.0
20230201,1914490.0,24020960.0,25947340.0,33400390.0,33388500.0,21950930.0,26610390.0,14743460.0,8169510.0,52955000.0,57086000.0,73577000.0,73459000.0,48275000.0,58548000.0,32272000.0,17986000.0
20230202,2292140.0,25231840.0,27913590.0,31993690.0,31604080.0,31425760.0,26264740.0,12655670.0,15524550.0,55738000.0,61624000.0,70629000.0,69776000.0,69393000.0,58006000.0,27946000.0,34299000.0
20230203,25402480.0,32973400.0,45914060.0,50913100.0,63374920.0,51793990.0,49114060.0,37488920.0,14766370.0,71629000.0,99481000.0,110434000.0,137507000.0,112302000.0,106546000.0,81259000.0,32090000.0
20230206,90630.0,27708050.0,27906060.0,31803210.0,31695840.0,24739400.0,22553310.0,12083950.0,14179410.0,60235000.0,60611000.0,69094000.0,68847000.0,53748000.0,49008000.0,26284000.0,30895000.0
20230207,-9509490.0,22943170.0,17250480.0,25076270.0,21259470.0,14853150.0,21104870.0,4162680.0,7420450.0,50495000.0,37935000.0,55168000.0,46763000.0,32689000.0,46460000.0,9130000.0,16322000.0
20230208,-11095340.0,27008870.0,14259010.0,28956550.0,30611070.0,13660880.0,23649960.0,5229050.0,6335310.0,60313000.0,31836000.0,64665000.0,68361000.0,30525000.0,52828000.0,11694000.0,14171000.0
20230209,-3829720.0,21981720.0,16283470.0,20444980.0,22313500.0,15467190.0,17107570.0,5534900.0,7724240.0,48583000.0,35973000.0,45186000.0,49291000.0,34155000.0,37793000.0,12209000.0,17075000.0
20230210,-3315250.0,17953800.0,14524390.0,16634600.0,16748770.0,11465370.0,13464030.0,3993350.0,5309940.0,39655000.0,32077000.0,36744000.0,36984000.0,25324000.0,29733000.0,8840000.0,11769000.0
20230213,-773250.0,14971510.0,18630300.0,22302110.0,17870070.0,15828520.0,14496160.0,5205060.0,7310670.0,33093000.0,41166000.0,49264000.0,39469000.0,34955000.0,32008000.0,11492000.0,16161000.0
20230214,-2310090.0,11587290.0,11215930.0,12731720.0,10792990.0,8364770.0,9280990.0,1320180.0,2714050.0,25788000.0,24961000.0,28335000.0,24017000.0,18615000.0,20660000.0,2941000.0,6041000.0
20230215,6822290.0,16380910.0,21052610.0,23169460.0,25320040.0,19568050.0,15203960.0,9036750.0,6578550.0,36394000.0,46726000.0,51419000.0,56151000.0,43393000.0,33722000.0,19992000.0,14599000.0
20230216,-904180.0,25523910.0,23428230.0,28969730.0,30161240.0,24509890.0,20058400.0,15466480.0,20822150.0,56542000.0,51797000.0,64083000.0,66671000.0,54247000.0,44438000.0,34206000.0,46172000.0
20230217,-5456090.0,20528640.0,14053090.0,16774490.0,17793960.0,11134990.0,14562880.0,3004210.0,5032410.0,46129000.0,31557000.0,37673000.0,39967000.0,25011000.0,32721000.0,6754000.0,11321000.0
20230220,-2012600.0,19783280.0,18475290.0,21397450.0,20692850.0,15610410.0,17488360.0,6616530.0,6751180.0,44520000.0,41560000.0,48128000.0,46522000.0,35106000.0,39302000.0,14884000.0,15254000.0
20230221,-2507460.0,23568960.0,20678910.0,30682330.0,31064930.0,17916940.0,21010620.0,5405730.0,4819510.0,51732000.0,45383000.0,67339000.0,68183000.0,39336000.0,46104000.0,11855000.0,10592000.0
20230222,-7494050.0,28237960.0,21685140.0,25430220.0,24488990.0,13297660.0,20015120.0,3390940.0,4167530.0,61848000.0,47486000.0,55682000.0,53626000.0,29104000.0,43815000.0,7416000.0,9124000.0
20230223,-3998500.0,12457710.0,12380900.0,19222640.0,15300950.0,9530470.0,11407050.0,1948700.0,4070620.0,27332000.0,27164000.0,42177000.0,33562000.0,20901000.0,25022000.0,4270000.0,8932000.0
20230224,390800.0,29436840.0,27984280.0,36634260.0,38477620.0,32693400.0,30254590.0,10525500.0,12573510.0,63499000.0,60379000.0,79031000.0,82981000.0,70538000.0,65253000.0,22691000.0,27144000.0
20230227,-12226860.0,22839040.0,17692160.0,31343030.0,24263040.0,18700440.0,27942150.0,4930130.0,7915280.0,50004000.0,38700000.0,68607000.0,53087000.0,40881000.0,61128000.0,10790000.0,17367000.0
20230228,-1563380.0,17282960.0,15983190.0,18722910.0,18459300.0,11632760.0,14642550.0,8546160.0,7099750.0,37844000.0,34945000.0,40968000.0,40372000.0,25423000.0,32029000.0,18629000.0,15518000.0
20230301,-681290.0,14284300.0,12329200.0,15373350.0,16647170.0,12473680.0,12694940.0,4335910.0,4795940.0,31036000.0,26783000.0,33404000.0,36166000.0,27104000.0,27583000.0,9415000.0,10427000.0
20230302,1757010.0,25074170.0,26093220.0,34028670.0,34766630.0,33034820.0,24108480.0,15048800.0,22218130.0,53618000.0,55758000.0,72784000.0,74319000.0,70712000.0,51543000.0,32161000.0,47656000.0
20230303,5172180.0,21304430.0,27419090.0,39239240.0,38296760.0,36081080.0,38518460.0,14158650.0,6549090.0,45151000.0,58035000.0,83104000.0,81037000.0,76316000.0,81558000.0,29905000.0,13845000.0
20230306,-11600180.0,38695450.0,26594960.0,39411750.0,39912060.0,25275730.0,32213430.0,7542780.0,12205260.0,81678000.0,56080000.0,83085000.0,84124000.0,53247000.0,67913000.0,15874000.0,25767000.0
20230307,-33860190.0,46383890.0,21662840.0,40644850.0,31505720.0,19062680.0,31676770.0,5739270.0,26985370.0,99433000.0,46344000.0,87135000.0,67446000.0,40839000.0,67889000.0,12322000.0,58050000.0
20230308,-3356790.0,14441010.0,12942530.0,18274720.0,16416410.0,15515450.0,12791360.0,2490250.0,8571130.0,31064000.0,27831000.0,39295000.0,35279000.0,33348000.0,27503000.0,5355000.0,18450000.0
20230309,-6170680.0,19257380.0,13779450.0,21026880.0,20334130.0,10936510.0,14181380.0,4707160.0,7632970.0,41682000.0,29819000.0,45512000.0,44020000.0,23699000.0,30707000.0,10214000.0,16562000.0
20230310,-7497140.0,17962170.0,11788170.0,21369910.0,20046770.0,12666300.0,14255060.0,2625390.0,8533770.0,39230000.0,25730000.0,46674000.0,43784000.0,27681000.0,31145000.0,5742000.0,18669000.0
20230313,1819020.0,12438650.0,12990290.0,14787830.0,16055200.0,10925650.0,11203290.0,4224990.0,2128330.0,27093000.0,28278000.0,32210000.0,34957000.0,23784000.0,24403000.0,9182000.0,4632000.0
20230314,1807050.0,14919870.0,13353850.0,16616740.0,19989800.0,18331650.0,13695000.0,3395870.0,6225470.0,32582000.0,29164000.0,36315000.0,43671000.0,40109000.0,29948000.0,7417000.0,13638000.0
20230315,-1809330.0,11190530.0,11433890.0,14851290.0,12798590.0,17505630.0,12495670.0,3840610.0,10659900.0,24411000.0,24942000.0,32401000.0,27922000.0,38215000.0,27268000.0,8393000.0,23287000.0
20230316,-5288080.0,22250840.0,19654680.0,21649650.0,18957730.0,10474490.0,11428150.0,4287700.0,8622120.0,49638000.0,43860000.0,48324000.0,42262000.0,23388000.0,25487000.0,9591000.0,19332000.0
20230317,-2100050.0,14926340.0,11771380.0,11927430.0,12982350.0,8039400.0,10075870.0,3404420.0,3468000.0,33106000.0,26101000.0,26460000.0,28782000.0,17832000.0,22338000.0,7531000.0,7708000.0
20230320,-977510.0,10846800.0,10893880.0,13139360.0,12114780.0,8495820.0,8294480.0,1356560.0,2535410.0,24268000.0,24368000.0,29385000.0,27096000.0,19011000.0,18545000.0,3024000.0,5679000.0
20230321,1862780.0,29747300.0,28669790.0,37706090.0,40646380.0,27509600.0,29029840.0,10545630.0,7162610.0,63893000.0,61592000.0,81039000.0,87319000.0,59131000.0,62352000.0,22579000.0,15379000.0
20230322,-8914560.0,30980510.0,28124020.0,35278000.0,29219940.0,24962670.0,21253460.0,11733840.0,24357610.0,68142000.0,61889000.0,77632000.0,64161000.0,54973000.0,46704000.0,25966000.0,53959000.0
20230323,-10188650.0,22316500.0,17666320.0,30216550.0,24678080.0,23729970.0,21677360.0,5893220.0,18134480.0,49592000.0,39205000.0,67117000.0,54779000.0,52767000.0,48152000.0,13091000.0,40431000.0
20230324,-1686950.0,16278900.0,15439330.0,21462190.0,20614810.0,12886040.0,13331560.0,6387390.0,7628820.0,35844000.0,33956000.0,47225000.0,45351000.0,28363000.0,29317000.0,14020000.0,16828000.0
20230327,-5690560.0,17108560.0,13372150.0,19997770.0,18043630.0,11882620.0,15459820.0,3061380.0,5174740.0,37959000.0,29670000.0,44349000.0,40022000.0,26338000.0,34269000.0,6785000.0,11470000.0
20230328,-5476640.0,18999520.0,14584000.0,20622050.0,19560930.0,11436660.0,13778250.0,4089490.0,7224540.0,42522000.0,32622000.0,46139000.0,43761000.0,25585000.0,30816000.0,9180000.0,16227000.0
20230329,-2994140.0,22891180.0,20931930.0,24209840.0,23174960.0,16031910.0,15224470.0,4222970.0,8024550.0,52546000.0,48059000.0,55580000.0,53193000.0,36822000.0,34956000.0,9702000.0,18442000.0
20230330,-4101090.0,17666020.0,13111390.0,15471310.0,15924850.0,8594310.0,10505400.0,1778220.0,3968220.0,40674000.0,30193000.0,35620000.0,36663000.0,19788000.0,24184000.0,4093000.0,9136000.0
20230331,-6891720.0,21485530.0,14485630.0,21130230.0,21238410.0,13615470.0,15947050.0,4058710.0,8618850.0,49915000.0,33639000.0,49087000.0,49330000.0,31646000.0,37051000.0,9431000.0,20059000.0
20230403,-4500310.0,20435330.0,17341980.0,23620870.0,22213900.0,16453540.0,19219870.0,7277830.0,9011810.0,47221000.0,40044000.0,54605000.0,51324000.0,38008000.0,44435000.0,16824000.0,20856000.0
20230404,-2567100.0,24308360.0,24983360.0,25525100.0,22283000.0,15887100.0,13552360.0,5190170.0,10092010.0,56644000.0,58196000.0,59432000.0,51884000.0,37013000.0,31565000.0,12098000.0,23541000.0
20230406,4023160.0,16708150.0,18342760.0,23335460.0,25724020.0,17830370.0,17742500.0,10132630.0,6197340.0,38588000.0,42279000.0,53862000.0,59397000.0,41124000.0,40920000.0,23402000.0,14380000.0
20230407,1097360.0,13482310.0,12765170.0,15819540.0,17634040.0,11041990.0,9770340.0,1995260.0,2169550.0,30812000.0,29170000.0,36141000.0,40295000.0,25221000.0,22312000.0,4555000.0,4952000.0
20230410,-564280.0,16717740.0,14785920.0,16867480.0,18235030.0,12847820.0,13163200.0,4094190.0,4343090.0,37960000.0,33541000.0,38280000.0,41372000.0,29116000.0,29853000.0,9263000.0,9852000.0
20230411,-2039850.0,14093060.0,11403570.0,12067570.0,12717190.0,7517320.0,8103890.0,1551910.0,3005190.0,32578000.0,26366000.0,27891000.0,29394000.0,17367000.0,18719000.0,3588000.0,6945000.0
20230412,-3465170.0,12376670.0,10498230.0,13939040.0,12352310.0,7463850.0,8260780.0,1433660.0,4101900.0,28756000.0,24389000.0,32384000.0,28691000.0,17341000.0,19190000.0,3334000.0,9544000.0
20230413,-571790.0,14025970.0,12649550.0,11193890.0,11998510.0,7699500.0,7629150.0,1658810.0,2300950.0,32562000.0,29365000.0,25998000.0,27863000.0,17892000.0,17732000.0,3859000.0,5351000.0
20230414,-472860.0,11777060.0,9708280.0,10322560.0,11918480.0,7477150.0,7141280.0,804310.0,1613040.0,27435000.0,22613000.0,24043000.0,27761000.0,17415000.0,16633000.0,1873000.0,3760000.0
20230417,2115260.0,11277860.0,13721590.0,13557720.0,13229250.0,9835350.0,8176610.0,3064350.0,2607830.0,26096000.0,31737000.0,31371000.0,30606000.0,22752000.0,18923000.0,7089000.0,6042000.0
20230418,-2829860.0,14553700.0,12533470.0,17093350.0,16283720.0,10268630.0,12633600.0,3660560.0,4125450.0,33682000.0,29001000.0,39563000.0,37689000.0,23767000.0,29239000.0,8476000.0,9559000.0
20230419,-1331390.0,17336400.0,16738270.0,16625450.0,15892180.0,10482350.0,10269250.0,2187650.0,3732140.0,40513000.0,39108000.0,38842000.0,37136000.0,24491000.0,23993000.0,5109000.0,8718000.0
20230420,-6501730.0,21052490.0,15263440.0,25028250.0,24315570.0,17268910.0,25068430.0,4863020.0,3565230.0,49417000.0,35729000.0,58626000.0,56959000.0,40421000.0,58731000.0,11314000.0,8359000.0
20230421,4353160.0,28871330.0,32538710.0,46031760.0,46717530.0,42079620.0,41290030.0,21598670.0,18035100.0,65357000.0,73655000.0,104114000.0,105654000.0,95150000.0,93377000.0,48818000.0,40752000.0
20230424,3572630.0,24817960.0,28506800.0,24227840.0,24111620.0,21145690.0,16055470.0,5541610.0,7059200.0,57328000.0,65794000.0,56024000.0,55758000.0,48886000.0,37166000.0,12818000.0,16339000.0
20230425,-2154020.0,19372960.0,20324710.0,23166100.0,20060330.0,15913290.0,14872510.0,5240990.0,8435790.0,45298000.0,47560000.0,54137000.0,46896000.0,37219000.0,34746000.0,12206000.0,19658000.0
20230426,5351520.0,18030060.0,19740440.0,20081710.0,23722850.0,15653150.0,17590590.0,13557960.0,6269000.0,41611000.0,45507000.0,46317000.0,54655000.0,36064000.0,40506000.0,31108000.0,14432000.0
20230427,4306520.0,16188270.0,19983700.0,24273120.0,24784220.0,17503650.0,18304340.0,11447630.0,6340420.0,36924000.0,45563000.0,55365000.0,56497000.0,39917000.0,41706000.0,26045000.0,14485000.0
20230428,-1714020.0,13639280.0,12695410.0,16182340.0,15412200.0,13492100.0,12477470.0,4165090.0,6893740.0,31177000.0,29012000.0,36988000.0,35210000.0,30832000.0,28517000.0,9525000.0,15782000.0
20230504,-7510480.0,20371250.0,16900680.0,21025530.0,16985620.0,18564290.0,18502410.0,4244960.0,11817320.0,47409000.0,39341000.0,48904000.0,39497000.0,43183000.0,43047000.0,9865000.0,27477000.0
20230505,-4487260.0,16820470.0,14660870.0,17180780.0,14853130.0,10684240.0,11338950.0,3236340.0,7068890.0,39703000.0,34572000.0,40558000.0,35053000.0,25224000.0,26760000.0,7656000.0,16755000.0
20230508,-5366970.0,21123800.0,19990830.0,27536130.0,23302130.0,18721540.0,19631890.0,3734870.0,8191490.0,49249000.0,46629000.0,64211000.0,54336000.0,43616000.0,45748000.0,8698000.0,19061000.0
20230509,3010610.0,28622270.0,28001860.0,34773610.0,38404640.0,31289120.0,29407920.0,10189990.0,9060580.0,65263000.0,63713000.0,79200000.0,87392000.0,71104000.0,66940000.0,23072000.0,20594000.0
20230510,2965450.0,20911200.0,21371740.0,16823600.0,19328500.0,12661070.0,9636050.0,4258860.0,4318430.0,48939000.0,50030000.0,39399000.0,45258000.0,29647000.0,22553000.0,9985000.0,10129000.0
20230511,-646140.0,13134640.0,13756820.0,13500000.0,12231690.0,6310390.0,6551570.0,1224090.0,1629050.0,31026000.0,32494000.0,31896000.0,28894000.0,14913000.0,15486000.0,2893000.0,3854000.0
20230512,-7391140.0,27777210.0,21940600.0,29667050.0,28112520.0,17021860.0,18637450.0,5489130.0,11264680.0,67091000.0,52983000.0,71673000.0,67838000.0,41091000.0,45012000.0,13332000.0,27354000.0
20230515,3210.0,19027440.0,16473380.0,18860680.0,21417950.0,12008290.0,15098220.0,4900130.0,1806990.0,45499000.0,39321000.0,45040000.0,51147000.0,28609000.0,36010000.0,11654000.0,4325000.0
20230516,-1692310.0,10479550.0,8513560.0,9752450.0,10026140.0,5165330.0,5868490.0,682060.0,1671210.0,24817000.0,20160000.0,23092000.0,23737000.0,12234000.0,13899000.0,1615000.0,3961000.0
20230517,3038490.0,17637740.0,16158670.0,18105350.0,22622900.0,11193380.0,9754130.0,5638900.0,4039660.0,41540000.0,38036000.0,42602000.0,53229000.0,26329000.0,22938000.0,13249000.0,9517000.0
20230518,-1844310.0,14522180.0,12690750.0,17382360.0,17369490.0,9800490.0,11069920.0,1896260.0,2471140.0,34621000.0,30255000.0,41424000.0,41381000.0,23366000.0,26406000.0,4521000.0,5889000.0
20230519,-5556670.0,20443440.0,12070350.0,11784670.0,14601100.0,6660780.0,11635140.0,1783270.0,2365580.0,48512000.0,28656000.0,27999000.0,34673000.0,15835000.0,27631000.0,4232000.0,5618000.0
20230522,-82050.0,9857160.0,8104640.0,9044600.0,10715080.0,4627700.0,3929760.0,640220.0,1420210.0,23585000.0,19390000.0,21639000.0,25634000.0,11069000.0,9402000.0,1532000.0,3398000.0
20230523,-1992680.0,11228250.0,10493240.0,11070260.0,9812590.0,6244620.0,7369340.0,1011650.0,1879610.0,27160000.0,25383000.0,26779000.0,23732000.0,15115000.0,17833000.0,2444000.0,4550000.0
20230524,-2311400.0,16385360.0,16289540.0,17068960.0,14853370.0,9074260.0,9954620.0,1755880.0,3186920.0,40308000.0,40050000.0,42011000.0,36538000.0,22348000.0,24554000.0,4330000.0,7855000.0
20230525,4253090.0,15423940.0,15774440.0,18387920.0,22290520.0,14391770.0,11348340.0,4878650.0,3668990.0,38027000.0,38821000.0,45296000.0,54970000.0,35414000.0,27942000.0,12095000.0,9100000.0
20230526,-2978200.0,15323600.0,13236260.0,17958500.0,17067640.0,16218350.0,8123790.0,7031400.0,18104160.0,37827000.0,32639000.0,44367000.0,42113000.0,40262000.0,20054000.0,17501000.0,45151000.0
20230529,-2147000.0,14939160.0,12701380.0,14819430.0,14910210.0,7856790.0,8577880.0,2205260.0,3631170.0,36782000.0,31261000.0,36403000.0,36674000.0,19293000.0,21043000.0,5402000.0,8902000.0
20230530,-4174560.0,23807730.0,17258760.0,18926550.0,21300940.0,10441630.0,13669170.0,2871330.0,3818350.0,60105000.0,43552000.0,47788000.0,53771000.0,26367000.0,34538000.0,7260000.0,9658000.0
20230531,-1170550.0,14178110.0,12237110.0,12060630.0,12831090.0,6384550.0,6886180.0,2562070.0,3230990.0,35448000.0,30584000.0,30140000.0,32060000.0,15958000.0,17217000.0,6410000.0,8095000.0
20230601,538920.0,15516040.0,14925340.0,14568080.0,15697710.0,8815670.0,8691280.0,1811220.0,1396690.0,38513000.0,37020000.0,36106000.0,38928000.0,21886000.0,21574000.0,4488000.0,3471000.0
20230602,-4532260.0,25071340.0,16290290.0,15503320.0,19752110.0,6597730.0,12296630.0,4375270.0,3208630.0,61362000.0,39904000.0,37986000.0,48395000.0,16213000.0,30126000.0,10726000.0,7863000.0
20230605,-56990.0,17918550.0,15839210.0,18607700.0,20630050.0,10506940.0,10619320.0,3503300.0,3447910.0,44600000.0,39444000.0,46248000.0,51289000.0,26082000.0,26345000.0,8685000.0,8537000.0
20230606,-1306900.0,13499150.0,12474080.0,11742990.0,11461150.0,7240250.0,7516440.0,2864500.0,3895210.0,33929000.0,31333000.0,29494000.0,28782000.0,18177000.0,18888000.0,7206000.0,9804000.0
20230607,-1310140.0,14255250.0,12775240.0,12699370.0,12869250.0,8024410.0,8398630.0,2149100.0,3085020.0,36277000.0,32494000.0,32299000.0,32729000.0,20411000.0,21367000.0,5455000.0,7852000.0
20230608,521230.0,10223440.0,10511920.0,9440300.0,9673070.0,5662080.0,4921570.0,1239850.0,1459130.0,25932000.0,26659000.0,23944000.0,24531000.0,14359000.0,12479000.0,3144000.0,3711000.0
20230609,4707270.0,16303640.0,17207950.0,16888670.0,20691630.0,11492380.0,9132290.0,4999540.0,2652360.0,41279000.0,43519000.0,42718000.0,52310000.0,28994000.0,23039000.0,12556000.0,6679000.0
20230612,-1271890.0,15265480.0,12975940.0,11774190.0,12791850.0,7761180.0,7914540.0,720480.0,1839010.0,38538000.0,32747000.0,29726000.0,32285000.0,19584000.0,19983000.0,1820000.0,4653000.0
20230613,-654900.0,11785290.0,12295770.0,11776190.0,10610810.0,5212030.0,6071790.0,748410.0,543550.0,29987000.0,31279000.0,29965000.0,26992000.0,13257000.0,15459000.0,1906000.0,1384000.0
20230614,-657700.0,9862610.0,9812670.0,8987960.0,8380200.0,4610270.0,4766600.0,774240.0,1275610.0,25057000.0,24929000.0,22835000.0,21287000.0,11713000.0,12112000.0,1968000.0,3244000.0
20230615,5266210.0,13552970.0,15398830.0,13941950.0,17362290.0,10269010.0,8446210.0,4841990.0,1398580.0,34263000.0,38878000.0,35250000.0,43886000.0,25927000.0,21356000.0,12228000.0,3547000.0
20230616,1166740.0,21704040.0,19916040.0,26724400.0,29679140.0,23672620.0,21326580.0,8672430.0,9851730.0,53556000.0,49098000.0,65868000.0,73122000.0,58263000.0,52540000.0,21287000.0,24214000.0
20230619,-2154990.0,20828600.0,20445660.0,24367330.0,22595280.0,16306350.0,15299660.0,1812860.0,4974540.0,51562000.0,50659000.0,60329000.0,55894000.0,40432000.0,37871000.0,4490000.0,12389000.0
20230620,4030050.0,22896260.0,24980170.0,32672530.0,34618670.0,21436340.0,21132030.0,11022210.0,7296470.0,56109000.0,61178000.0,80055000.0,84755000.0,52497000.0,51741000.0,26852000.0,17838000.0
20230621,-5461780.0,16951550.0,14595970.0,22720190.0,19614000.0,13077730.0,15368510.0,6312180.0,9483180.0,41453000.0,35670000.0,55548000.0,47935000.0,31987000.0,37585000.0,15416000.0,23215000.0
20230626,-1336010.0,16009000.0,13766130.0,16195800.0,17102650.0,10002280.0,11099430.0,755170.0,994030.0,39456000.0,33915000.0,39903000.0,42134000.0,24660000.0,27371000.0,1862000.0,2462000.0
20230627,-2496110.0,10908040.0,12759160.0,20209500.0,15862260.0,12851940.0,14796330.0,7558540.0,8110260.0,26777000.0,31285000.0,49603000.0,38906000.0,31501000.0,36310000.0,18540000.0,19921000.0
20230628,-1337300.0,19541030.0,19560960.0,26381880.0,25024650.0,15729080.0,17740570.0,5505100.0,4830910.0,47455000.0,47456000.0,64002000.0,60685000.0,38090000.0,43024000.0,13299000.0,11681000.0
20230629,-7866970.0,18447440.0,13694090.0,28351160.0,25237530.0,18988870.0,25233410.0,2694660.0,4317090.0,44641000.0,33108000.0,68581000.0,61061000.0,45922000.0,61039000.0,6506000.0,10441000.0
20230630,-4093020.0,29303430.0,27582130.0,45554060.0,43182340.0,34579830.0,34549150.0,9994980.0,14118680.0,69360000.0,65273000.0,107874000.0,102223000.0,81780000.0,81719000.0,23584000.0,33382000.0
20230703,766750.0,24527630.0,23933110.0,35342610.0,36703880.0,32927160.0,32727960.0,14320170.0,13752620.0,57137000.0,55741000.0,82303000.0,85483000.0,76671000.0,76191000.0,33292000.0,31989000.0
20230704,-3645230.0,21787620.0,15844440.0,22831970.0,25129920.0,21645680.0,20511020.0,4151890.0,8931780.0,50781000.0,36917000.0,53222000.0,58557000.0,50438000.0,47812000.0,9673000.0,20828000.0
20230705,-1531940.0,13715320.0,14571210.0,19796350.0,17408530.0,10933610.0,11423410.0,878990.0,1921130.0,32114000.0,34106000.0,46351000.0,40757000.0,25590000.0,26745000.0,2064000.0,4511000.0
20230706,699590.0,15539620.0,16184600.0,17846730.0,17901350.0,10047510.0,7977560.0,1328310.0,2698670.0,36688000.0,38199000.0,42126000.0,42247000.0,23694000.0,18821000.0,3131000.0,6371000.0
20230707,-404530.0,18162130.0,16115150.0,15826970.0,17469430.0,9291750.0,8557170.0,3966950.0,5106060.0,43256000.0,38375000.0,37680000.0,41590000.0,22137000.0,20383000.0,9462000.0,12188000.0
20230710,48400.0,11601330.0,12254960.0,15750770.0,15145540.0,6569350.0,7790130.0,3392310.0,2123130.0,27639000.0,29190000.0,37527000.0,36093000.0,15650000.0,18560000.0,8079000.0,5052000.0
20230711,-865500.0,11726620.0,10358350.0,9942300.0,10445070.0,4669050.0,6872710.0,3041670.0,1703510.0,27708000.0,24479000.0,23497000.0,24679000.0,11033000.0,16239000.0,7183000.0,4025000.0
20230712,-3398350.0,13589800.0,11374080.0,14122570.0,12939940.0,8216030.0,10790980.0,302000.0,1125400.0,32489000.0,27174000.0,33773000.0,30935000.0,19652000.0,25823000.0,724000.0,2706000.0
20230713,1777460.0,9225830.0,10892980.0,10463500.0,10573800.0,5193480.0,4290580.0,1976270.0,1101710.0,22124000.0,26122000.0,25089000.0,25353000.0,12454000.0,10286000.0,4735000.0,2641000.0
20230714,804470.0,9421590.0,10240870.0,11444430.0,11429620.0,8694450.0,7278570.0,2045620.0,2657030.0,22621000.0,24575000.0,27471000.0,27433000.0,20864000.0,17475000.0,4905000.0,6378000.0
20230717,-128980.0,9774860.0,9784700.0,8054770.0,7915940.0,3029950.0,3281380.0,497430.0,374980.0,23677000.0,23682000.0,19506000.0,19178000.0,7334000.0,7952000.0,1204000.0,909000.0
20230718,279470.0,8225520.0,9434410.0,9574410.0,8645000.0,4698440.0,4588770.0,347360.0,177560.0,19825000.0,22742000.0,23068000.0,20827000.0,11316000.0,11050000.0,839000.0,429000.0
20230719,358110.0,8676640.0,9734230.0,8990890.0,8291410.0,4008050.0,4496020.0,1262310.0,416230.0,20977000.0,23534000.0,21736000.0,20040000.0,9686000.0,10865000.0,3047000.0,1006000.0
20230720,-1762000.0,14554600.0,14735320.0,14710070.0,12767350.0,7026840.0,8369250.0,2894850.0,3314440.0,35526000.0,35956000.0,35930000.0,31158000.0,17171000.0,20462000.0,7034000.0,8085000.0
20230721,-1604400.0,12670150.0,9961380.0,8631210.0,9735580.0,5450670.0,5647280.0,1347220.0,2755010.0,31345000.0,24648000.0,21350000.0,24079000.0,13477000.0,13957000.0,3332000.0,6819000.0
20230724,264980.0,11436450.0,13090460.0,11642090.0,10253050.0,4664710.0,5391340.0,2009450.0,1017840.0,28308000.0,32392000.0,28794000.0,25348000.0,11540000.0,13319000.0,4938000.0,2521000.0
20230725,1932500.0,11855980.0,14878060.0,12881180.0,11791600.0,6186640.0,4903980.0,1244610.0,594770.0,29346000.0,36811000.0,31872000.0,29182000.0,15311000.0,12141000.0,3077000.0,1472000.0
20230726,-2050240.0,9316220.0,9323230.0,8966190.0,6908940.0,2311960.0,3898930.0,1027640.0,1490910.0,23020000.0,23036000.0,22150000.0,17068000.0,5714000.0,9637000.0,2536000.0,3679000.0
20230727,3231980.0,13183180.0,14659310.0,13323570.0,15079420.0,6951590.0,5114950.0,2240600.0,845260.0,32531000.0,36173000.0,32859000.0,37172000.0,17115000.0,12588000.0,5503000.0,2074000.0
20230728,-3757530.0,21707100.0,12733060.0,14258610.0,19475110.0,6348990.0,9159320.0,1456550.0,2403750.0,53838000.0,31593000.0,35388000.0,48312000.0,15760000.0,22727000.0,3620000.0,5973000.0
20230731,-4425410.0,20833930.0,15577620.0,21001450.0,21832340.0,10854580.0,14842050.0,3017010.0,3454950.0,51417000.0,38424000.0,51830000.0,53855000.0,26789000.0,36665000.0,7453000.0,8544000.0
20230801,537280.0,14292740.0,14687190.0,15482820.0,15625650.0,9955410.0,9587540.0,3563730.0,3394320.0,35129000.0,36080000.0,38019000.0,38363000.0,24436000.0,23533000.0,8736000.0,8345000.0
20230802,-4889420.0,20633690.0,15113670.0,16309800.0,16940410.0,9497910.0,13691770.0,2900140.0,3595700.0,51558000.0,37737000.0,40726000.0,42286000.0,23727000.0,34240000.0,7257000.0,9005000.0
20230803,-8320270.0,14176680.0,9614290.0,12621300.0,8863420.0,6408260.0,9844270.0,1149570.0,6033830.0,35551000.0,24107000.0,31644000.0,22225000.0,16066000.0,24678000.0,2880000.0,15131000.0
20230804,-2157300.0,13111240.0,11135790.0,9823970.0,9642120.0,4571160.0,5767960.0,2275250.0,3235750.0,32753000.0,27830000.0,24531000.0,24071000.0,11408000.0,14400000.0,5689000.0,8080000.0
20230807,926890.0,14865410.0,12566350.0,8221660.0,11447610.0,5711570.0,4016310.0,2364870.0,3133240.0,37315000.0,31546000.0,20640000.0,28738000.0,14338000.0,10083000.0,5933000.0,7859000.0
20230808,-1993690.0,15050030.0,12446170.0,10569290.0,11179450.0,6465690.0,7921570.0,2557800.0,3095610.0,37821000.0,31258000.0,26543000.0,28078000.0,16235000.0,19884000.0,6416000.0,7795000.0
20230809,-3983740.0,13189670.0,9019400.0,13562230.0,13748750.0,4546790.0,8316900.0,1264430.0,1478060.0,32925000.0,22512000.0,33850000.0,34318000.0,11351000.0,20760000.0,3158000.0,3694000.0
20230810,-1846620.0,11997470.0,10618290.0,11252090.0,10784650.0,5813900.0,5564120.0,1643200.0,3739600.0,29942000.0,26473000.0,28059000.0,26895000.0,14493000.0,13884000.0,4103000.0,9344000.0
20230811,-1931320.0,13629200.0,11650760.0,8772600.0,8819710.0,5921180.0,7144070.0,2265140.0,2973570.0,34489000.0,29469000.0,22198000.0,22317000.0,14999000.0,18088000.0,5738000.0,7551000.0
20230814,729480.0,11031930.0,12025540.0,8451160.0,8187030.0,5106210.0,5279430.0,2879730.0,1977030.0,28116000.0,30634000.0,21530000.0,20868000.0,13000000.0,13449000.0,7339000.0,5035000.0
20230815,-3340780.0,16953520.0,13325910.0,10877720.0,11164550.0,5247770.0,7461810.0,1403240.0,2529980.0,43455000.0,34128000.0,27865000.0,28614000.0,13479000.0,19147000.0,3589000.0,6499000.0
20230816,-3141970.0,15451450.0,11624590.0,9750800.0,10435670.0,3739270.0,6142940.0,1315920.0,2054220.0,40238000.0,30276000.0,25403000.0,27188000.0,9744000.0,15993000.0,3423000.0,5351000.0
20230817,1226020.0,31443010.0,31636650.0,26819910.0,27852290.0,19018630.0,16250350.0,6376310.0,7918570.0,80271000.0,80666000.0,68403000.0,71005000.0,48353000.0,41413000.0,16208000.0,20150000.0
20230818,-2175770.0,17181690.0,14902010.0,13254230.0,13358140.0,6580900.0,8042190.0,1236270.0,1950750.0,43138000.0,37412000.0,33261000.0,33514000.0,16516000.0,20183000.0,3093000.0,4899000.0
20230821,-948550.0,13130710.0,12349220.0,8908670.0,8741600.0,4046720.0,4974300.0,1343990.0,1364960.0,33495000.0,31497000.0,22711000.0,22277000.0,10336000.0,12679000.0,3422000.0,3512000.0
20230822,2483120.0,15242770.0,17476540.0,12780110.0,13029470.0,7736570.0,7429540.0,3938000.0,1761910.0,38899000.0,44574000.0,32570000.0,33232000.0,19660000.0,18933000.0,10104000.0,4494000.0
20230823,241660.0,16251530.0,16310940.0,11543360.0,11725610.0,6273190.0,6028970.0,3104180.0,3106740.0,41974000.0,42122000.0,29767000.0,30252000.0,16180000.0,15544000.0,8010000.0,8013000.0
20230824,-51800.0,12773290.0,12402560.0,8674610.0,8993550.0,3752010.0,3866120.0,1975830.0,1913520.0,33269000.0,32276000.0,22566000.0,23404000.0,9750000.0,10063000.0,5129000.0,4971000.0
20230825,-129830.0,16998580.0,15931070.0,9762110.0,10699800.0,5768580.0,5592820.0,1338180.0,1643770.0,44669000.0,41813000.0,25643000.0,28110000.0,15164000.0,14713000.0,3509000.0,4351000.0
20230828,-3942090.0,23086540.0,18401430.0,16238540.0,16981550.0,8001340.0,12345640.0,5916790.0,5514580.0,59884000.0,47739000.0,42071000.0,43837000.0,20703000.0,31881000.0,15154000.0,14354000.0
20230829,729260.0,20221240.0,17549540.0,12153890.0,15554850.0,8837940.0,7930750.0,2216930.0,2394860.0,52377000.0,45442000.0,31460000.0,40248000.0,22833000.0,20494000.0,5698000.0,6184000.0
20230830,-4806730.0,21562800.0,17476150.0,17516770.0,16796700.0,9301130.0,12606760.0,3906760.0,5407860.0,54999000.0,44548000.0,44669000.0,42830000.0,23707000.0,32151000.0,9960000.0,13807000.0
20230831,-2241190.0,18822800.0,12881760.0,6154240.0,9854090.0,5300490.0,6852840.0,2045230.0,2734070.0,47957000.0,32836000.0,15694000.0,25117000.0,13517000.0,17465000.0,5211000.0,6961000.0
20230901,-1665130.0,15987480.0,12455970.0,7560860.0,9427240.0,2811790.0,4833560.0,733680.0,377040.0,40986000.0,31922000.0,19388000.0,24173000.0,7213000.0,12406000.0,1883000.0,970000.0
20230904,-356340.0,14322500.0,15386920.0,13959620.0,12538870.0,4967990.0,6184010.0,2726650.0,1866970.0,36195000.0,38886000.0,35281000.0,31692000.0,12556000.0,15628000.0,6895000.0,4721000.0
20230905,-2634900.0,14176130.0,10107360.0,6061480.0,7495340.0,2875090.0,5372860.0,418350.0,555480.0,35761000.0,25497000.0,15293000.0,18905000.0,7251000.0,13554000.0,1055000.0,1402000.0
20230906,3396160.0,12353220.0,14427300.0,13137860.0,14459940.0,9855320.0,7658230.0,4937830.0,3738760.0,31087000.0,36277000.0,33017000.0,36332000.0,24743000.0,19250000.0,12388000.0,9377000.0
20230907,-2504640.0,13815610.0,11292910.0,12413790.0,12431860.0,5931590.0,6709800.0,961850.0,2688280.0,34868000.0,28500000.0,31333000.0,31388000.0,14955000.0,16936000.0,2429000.0,6761000.0
20230908,-1467780.0,17153130.0,15006390.0,12238270.0,12917240.0,8257000.0,7661100.0,1190160.0,3253840.0,43094000.0,37694000.0,30723000.0,32418000.0,20724000.0,19237000.0,2991000.0,8183000.0
20230911,-756280.0,24024820.0,23299390.0,17100490.0,17069640.0,8369870.0,9957080.0,2476700.0,1645770.0,61319000.0,59473000.0,43646000.0,43556000.0,21362000.0,25426000.0,6318000.0,4190000.0
20230912,-633070.0,14478790.0,11640070.0,8435280.0,10640930.0,4736440.0,6549310.0,1759670.0,579870.0,37288000.0,29983000.0,21731000.0,27402000.0,12185000.0,16847000.0,4524000.0,1497000.0
20230913,-1191530.0,14976010.0,12964320.0,10040680.0,10860840.0,4588130.0,5603420.0,1195200.0,1371440.0,38944000.0,33712000.0,26124000.0,28249000.0,11933000.0,14583000.0,3117000.0,3574000.0
20230914,210310.0,11074130.0,10082000.0,6436800.0,7639250.0,3334510.0,2944740.0,478220.0,657680.0,28736000.0,26159000.0,16700000.0,19819000.0,8646000.0,7637000.0,1240000.0,1707000.0
20230915,-791110.0,10467850.0,10738440.0,9389060.0,8327350.0,4126670.0,4601770.0,1106430.0,1422440.0,27294000.0,27997000.0,24488000.0,21715000.0,10768000.0,12012000.0,2887000.0,3713000.0
20230918,-1830920.0,12264280.0,10780240.0,7512280.0,7165410.0,4224710.0,4733450.0,641790.0,1963970.0,32148000.0,28246000.0,19688000.0,18778000.0,11075000.0,12410000.0,1684000.0,5160000.0
20230919,-1388640.0,12819290.0,10751890.0,10021550.0,10700310.0,4305780.0,5977070.0,2771450.0,2488800.0,33997000.0,28499000.0,26585000.0,28386000.0,11430000.0,15866000.0,7352000.0,6613000.0
20230920,-3282170.0,19629060.0,18290430.0,15643600.0,13700050.0,6935460.0,9139700.0,1808660.0,2886590.0,53025000.0,49393000.0,42288000.0,37034000.0,18739000.0,24715000.0,4894000.0,7804000.0
20230921,-44750.0,17583250.0,16021230.0,13345520.0,14862790.0,5443400.0,5791370.0,1126670.0,823450.0,47835000.0,43585000.0,36302000.0,40419000.0,14794000.0,15742000.0,3055000.0,2240000.0
20230922,-460160.0,15351200.0,14454530.0,13196550.0,13633050.0,4859630.0,6245360.0,2593150.0,1667580.0,41615000.0,39190000.0,35798000.0,36945000.0,13164000.0,16940000.0,7009000.0,4510000.0
20230925,-2474760.0,13920070.0,10856570.0,8829690.0,9418420.0,3015900.0,4884230.0,1093500.0,1699930.0,37702000.0,29403000.0,23919000.0,25513000.0,8169000.0,13238000.0,2963000.0,4600000.0
20230926,-259600.0,8748170.0,8318520.0,5183240.0,5353300.0,2707230.0,2623320.0,303270.0,646780.0,23921000.0,22744000.0,14176000.0,14638000.0,7402000.0,7177000.0,831000.0,1771000.0
20230927,-126240.0,9459340.0,8540750.0,6212220.0,7004560.0,3418320.0,3709200.0,780180.0,615540.0,25810000.0,23299000.0,16945000.0,19112000.0,9320000.0,10116000.0,2129000.0,1677000.0
20230928,1115850.0,13392300.0,13425060.0,11212780.0,12295890.0,6193230.0,4745220.0,1013440.0,1345600.0,36322000.0,36390000.0,30386000.0,33330000.0,16777000.0,12865000.0,2734000.0,3634000.0
20231009,-2478270.0,13436970.0,13075810.0,12305210.0,10188110.0,8077720.0,9476060.0,1347640.0,2427570.0,36144000.0,35173000.0,33098000.0,27400000.0,21699000.0,25469000.0,3624000.0,6524000.0
20231010,-749330.0,11297020.0,9388920.0,7338650.0,8497420.0,3372070.0,3766190.0,819830.0,1175040.0,30385000.0,25254000.0,19733000.0,22854000.0,9065000.0,10121000.0,2206000.0,3159000.0
20231011,-1940850.0,18170600.0,17428890.0,15345300.0,14146160.0,7617930.0,8160320.0,3312590.0,4711050.0,49500000.0,47486000.0,41789000.0,38504000.0,20775000.0,22223000.0,9020000.0,12872000.0
20231012,-3912440.0,14358180.0,9561520.0,8511590.0,9395800.0,2597980.0,4999590.0,1405320.0,2916150.0,39041000.0,26008000.0,23156000.0,25562000.0,7067000.0,13602000.0,3822000.0,7914000.0
20231013,-170680.0,15908340.0,16270730.0,10495970.0,9962910.0,5262110.0,7161040.0,2115740.0,387490.0,43957000.0,44977000.0,28996000.0,27518000.0,14539000.0,19777000.0,5851000.0,1071000.0
20231016,896990.0,11361030.0,13679200.0,10123720.0,8702540.0,5414210.0,4077140.0,881650.0,1321730.0,31595000.0,38026000.0,28142000.0,24188000.0,15057000.0,11346000.0,2457000.0,3691000.0
20231017,-763550.0,11241140.0,10368150.0,8526160.0,8635590.0,4690440.0,5498540.0,781670.0,737120.0,31619000.0,29150000.0,23976000.0,24281000.0,13176000.0,15462000.0,2198000.0,2076000.0
20231018,1411290.0,11704320.0,12285600.0,6760320.0,7590340.0,3969990.0,3091510.0,1081210.0,548400.0,33080000.0,34731000.0,19102000.0,21439000.0,11226000.0,8731000.0,3041000.0,1547000.0
20231019,-1071520.0,17125770.0,19783270.0,11731820.0,8002800.0,7181560.0,6645180.0,1509920.0,3117820.0,49141000.0,56822000.0,33644000.0,22941000.0,20582000.0,19035000.0,4337000.0,8906000.0
20231020,926040.0,14689410.0,16324430.0,12273570.0,11564590.0,6484990.0,5363400.0,1630010.0,1825560.0,42797000.0,47565000.0,35755000.0,33694000.0,18891000.0,15623000.0,4759000.0,5321000.0
20231023,-417210.0,17793480.0,19180730.0,11286680.0,9482230.0,4367620.0,4261950.0,614250.0,1137130.0,51856000.0,55921000.0,32904000.0,27624000.0,12728000.0,12412000.0,1793000.0,3324000.0
20231024,178200.0,13248270.0,13238350.0,8175070.0,8363180.0,4720870.0,4917750.0,747430.0,372350.0,38730000.0,38707000.0,23902000.0,24444000.0,13793000.0,14369000.0,2182000.0,1088000.0
20231025,275640.0,12957180.0,13585780.0,11672710.0,11319750.0,6598350.0,6857020.0,2032790.0,1498480.0,37047000.0,38852000.0,33381000.0,32373000.0,18860000.0,19606000.0,5827000.0,4285000.0
20231026,-83330.0,9969550.0,9618020.0,6802870.0,7071060.0,3139140.0,3524440.0,723960.0,421990.0,28515000.0,27498000.0,19446000.0,20218000.0,8967000.0,10085000.0,2075000.0,1203000.0
20231027,-3278810.0,12348310.0,9761140.0,8769780.0,8078140.0,4773640.0,6706000.0,1499510.0,2845960.0,34903000.0,27586000.0,24791000.0,22832000.0,13482000.0,18960000.0,4229000.0,8027000.0
20231030,578420.0,13623430.0,14576760.0,11007890.0,10632980.0,6147790.0,6198100.0,2111700.0,1482970.0,38689000.0,41392000.0,31269000.0,30203000.0,17462000.0,17616000.0,5997000.0,4206000.0
20231031,-1414080.0,11124120.0,9616800.0,8250590.0,8343830.0,3508610.0,4579640.0,682540.0,1025590.0,31527000.0,27254000.0,23384000.0,23644000.0,9938000.0,12978000.0,1934000.0,2908000.0
20231101,-1584880.0,13499320.0,11363510.0,8421120.0,8972050.0,4816430.0,4691220.0,325590.0,2035680.0,38394000.0,32316000.0,23964000.0,25527000.0,13709000.0,13355000.0,928000.0,5797000.0
20231102,-2396230.0,13470000.0,10607510.0,7351220.0,7817490.0,3429260.0,5314850.0,1659660.0,2170300.0,38705000.0,30475000.0,21114000.0,22459000.0,9863000.0,15282000.0,4779000.0,6246000.0
20231103,-318170.0,12208850.0,10871440.0,7035940.0,8055190.0,3107470.0,3028710.0,510100.0,907030.0,34870000.0,31064000.0,20102000.0,23018000.0,8886000.0,8647000.0,1458000.0,2587000.0
20231106,-354430.0,15775430.0,16142480.0,13198720.0,12477230.0,9499960.0,7754030.0,3320590.0,5420950.0,44288000.0,45340000.0,37056000.0,35032000.0,26705000.0,21779000.0,9324000.0,15220000.0
20231107,-173770.0,10642350.0,10743540.0,11394780.0,11119840.0,5105020.0,7213670.0,3748580.0,1813700.0,29774000.0,30058000.0,31887000.0,31120000.0,14284000.0,20181000.0,10484000.0,5070000.0
20231108,1182600.0,12757790.0,15206470.0,14452650.0,13186570.0,7866600.0,7464510.0,2910960.0,2130450.0,35400000.0,42151000.0,40059000.0,36518000.0,21740000.0,20665000.0,8008000.0,5874000.0
20231109,-835510.0,9765140.0,9238740.0,7891910.0,7582800.0,3739700.0,4523620.0,586470.0,638060.0,27203000.0,25726000.0,21981000.0,21122000.0,10413000.0,12600000.0,1631000.0,1780000.0
20231110,120310.0,9383680.0,11338600.0,8812740.0,6978150.0,3617090.0,3701290.0,783490.0,578980.0,26109000.0,31543000.0,24508000.0,19404000.0,10051000.0,10285000.0,2177000.0,1612000.0
20231113,3667230.0,22950730.0,26979840.0,24124720.0,23762840.0,15596610.0,12364070.0,3769190.0,3334500.0,62279000.0,73209000.0,65325000.0,64320000.0,42205000.0,33460000.0,10188000.0,9007000.0
20231114,-1313630.0,20719630.0,19021730.0,17197070.0,17581320.0,11421900.0,10965600.0,1139580.0,2909510.0,55361000.0,50805000.0,45920000.0,46951000.0,30494000.0,29281000.0,3037000.0,7775000.0
20231115,-1098730.0,12675570.0,13156790.0,10842860.0,9262910.0,5832110.0,5785520.0,898470.0,2043790.0,33984000.0,35263000.0,29060000.0,24826000.0,15624000.0,15509000.0,2412000.0,5483000.0
20231116,1156710.0,15161100.0,14062310.0,7589720.0,9845220.0,4561460.0,4381590.0,2832900.0,1856060.0,40472000.0,37542000.0,20245000.0,26264000.0,12161000.0,11689000.0,7568000.0,4951000.0
20231117,-900510.0,16134560.0,13108820.0,6820030.0,8945260.0,3678400.0,4299880.0,439900.0,718930.0,43498000.0,35341000.0,18388000.0,24114000.0,9915000.0,11595000.0,1188000.0,1940000.0
20231120,71440.0,10471580.0,10236180.0,7357270.0,7664100.0,4053160.0,4194720.0,952090.0,739090.0,28017000.0,27385000.0,19678000.0,20494000.0,10824000.0,11204000.0,2539000.0,1975000.0
20231121,434120.0,9167220.0,9324560.0,6660210.0,6936980.0,3932700.0,4191020.0,1855500.0,1163060.0,24500000.0,24923000.0,17794000.0,18538000.0,10511000.0,11199000.0,4962000.0,3106000.0
20231122,-1050790.0,8067190.0,6414850.0,5347710.0,5949260.0,2310690.0,2853960.0,547680.0,1055200.0,21746000.0,17292000.0,14421000.0,16046000.0,6232000.0,7697000.0,1480000.0,2845000.0
20231123,-204420.0,9993460.0,8559780.0,6225800.0,7455080.0,2661390.0,2414040.0,211340.0,663110.0,27122000.0,23229000.0,16900000.0,20240000.0,7225000.0,6552000.0,574000.0,1800000.0
20231124,-1162290.0,11765230.0,10142580.0,6031960.0,6492320.0,2754090.0,3334680.0,811980.0,1393680.0,32318000.0,27866000.0,16567000.0,17817000.0,7569000.0,9165000.0,2231000.0,3836000.0
20231127,563230.0,13216190.0,16507320.0,8675710.0,5947800.0,3076780.0,2423270.0,494850.0,585130.0,36551000.0,45661000.0,23994000.0,16443000.0,8512000.0,6700000.0,1364000.0,1616000.0
20231128,684420.0,8094740.0,8355070.0,4000930.0,4425010.0,2320020.0,1999670.0,1173560.0,809490.0,22384000.0,23108000.0,11065000.0,12234000.0,6417000.0,5528000.0,3240000.0,2237000.0
20231129,2407620.0,13734450.0,18770160.0,11303200.0,8675110.0,5493800.0,3255970.0,595350.0,425560.0,37925000.0,51821000.0,31197000.0,23955000.0,15171000.0,8990000.0,1649000.0,1176000.0
20231130,2189470.0,11229070.0,14365790.0,6339040.0,5391780.0,5133210.0,4515270.0,3266950.0,1695420.0,31236000.0,39996000.0,17638000.0,14992000.0,14309000.0,12563000.0,9089000.0,4721000.0
20231201,895140.0,13116120.0,12780550.0,5681940.0,6912650.0,3593570.0,3415300.0,940410.0,223540.0,36411000.0,35465000.0,15758000.0,19178000.0,9951000.0,9473000.0,2613000.0,617000.0
20231204,888150.0,15383220.0,16038100.0,8567060.0,8800340.0,4956650.0,4733640.0,1153800.0,488660.0,42075000.0,43866000.0,23441000.0,24080000.0,13564000.0,12953000.0,3157000.0,1338000.0
20231205,3875320.0,14938690.0,20070480.0,9227600.0,7971140.0,6960240.0,3431250.0,935490.0,589160.0,41764000.0,56101000.0,25801000.0,22279000.0,19445000.0,9594000.0,2616000.0,1652000.0
20231206,2138370.0,13169760.0,19774610.0,9477440.0,5010960.0,4291040.0,2554280.0,591420.0,189810.0,37006000.0,55568000.0,26626000.0,14077000.0,12061000.0,7177000.0,1660000.0,531000.0
20231207,-851850.0,14910440.0,15963790.0,7877830.0,5972630.0,4023120.0,3771620.0,116560.0,1219910.0,42546000.0,45556000.0,22474000.0,17028000.0,11474000.0,10755000.0,330000.0,3484000.0
20231208,-1240470.0,17546720.0,16365700.0,11112830.0,11053380.0,5730700.0,7217670.0,2761650.0,2515150.0,50195000.0,46808000.0,31785000.0,31629000.0,16402000.0,20662000.0,7923000.0,7207000.0
20231211,-509460.0,19272030.0,17497160.0,11526480.0,12791890.0,6468700.0,5706530.0,1939290.0,3210920.0,54759000.0,49725000.0,32771000.0,36360000.0,18386000.0,16197000.0,5514000.0,9148000.0
20231212,448320.0,11407810.0,12835860.0,7716450.0,6736710.0,3157520.0,2257240.0,604850.0,1056810.0,31853000.0,35833000.0,21532000.0,18797000.0,8811000.0,6297000.0,1672000.0,2941000.0
20231213,323600.0,9699270.0,11245280.0,7677130.0,6454720.0,2957200.0,3128780.0,1420160.0,924980.0,27075000.0,31395000.0,21423000.0,18016000.0,8265000.0,8742000.0,3975000.0,2585000.0
20231214,-2305570.0,10643620.0,9199120.0,7467740.0,6606670.0,3347500.0,4046290.0,1233070.0,2839850.0,30108000.0,26006000.0,21125000.0,18686000.0,9477000.0,11456000.0,3500000.0,8061000.0
20231215,-1214650.0,12922190.0,11538450.0,7985500.0,8154590.0,2521810.0,2762830.0,270450.0,1244080.0,37055000.0,33088000.0,22904000.0,23386000.0,7240000.0,7937000.0,776000.0,3564000.0
20231218,-1593570.0,13826740.0,12347700.0,7610510.0,7495970.0,3129530.0,3883430.0,631560.0,1471230.0,40453000.0,36111000.0,22256000.0,21949000.0,9180000.0,11391000.0,1853000.0,4291000.0
20231219,-545260.0,9471050.0,8477320.0,5097660.0,5546130.0,3084130.0,2439280.0,466090.0,1656200.0,27898000.0,24970000.0,15017000.0,16335000.0,9078000.0,7186000.0,1373000.0,4875000.0
20231220,-1760980.0,13210570.0,11892610.0,8349570.0,7906540.0,3699590.0,4436190.0,1360360.0,2384740.0,39625000.0,35674000.0,25029000.0,23671000.0,11102000.0,13345000.0,4102000.0,7168000.0
20231221,-83300.0,14049760.0,11979140.0,7451450.0,9438770.0,3361340.0,3917430.0,1085440.0,612650.0,42627000.0,36343000.0,22605000.0,28623000.0,10187000.0,11879000.0,3278000.0,1851000.0
20231222,6800950.0,26705720.0,31811040.0,24656550.0,26352190.0,15020190.0,11569260.0,6866410.0,3516390.0,77363000.0,92193000.0,71550000.0,76435000.0,43550000.0,33512000.0,19822000.0,10146000.0
20231225,452660.0,29047930.0,28640990.0,23859870.0,24719470.0,13458850.0,13073970.0,6380980.0,6313200.0,80742000.0,79585000.0,66383000.0,68730000.0,37438000.0,36395000.0,17701000.0,17554000.0
20231226,2135430.0,24495350.0,27159240.0,22645750.0,22117280.0,15507310.0,10817750.0,7359260.0,9913390.0,68206000.0,75471000.0,62962000.0,61543000.0,42997000.0,30089000.0,20477000.0,27540000.0
20231227,-1904280.0,16479310.0,16437020.0,13739950.0,11877960.0,5415960.0,6257100.0,1609440.0,2672580.0,45476000.0,45358000.0,37901000.0,32763000.0,14943000.0,17268000.0,4432000.0,7364000.0
20231228,683050.0,20001440.0,22532540.0,18813210.0,16965170.0,11079770.0,9770950.0,5712210.0,6337980.0,54314000.0,61170000.0,51088000.0,46077000.0,30106000.0,26546000.0,15499000.0,17215000.0
20231229,-3107060.0,20355380.0,18626750.0,17042480.0,15664040.0,8208970.0,11311820.0,3559630.0,3563840.0,54661000.0,50006000.0,45776000.0,42066000.0,22048000.0,30373000.0,9536000.0,9574000.0
20240102,159780.0,16874020.0,18470180.0,15323630.0,13887250.0,7216320.0,8348480.0,2216470.0,924530.0,45127000.0,49376000.0,40953000.0,37103000.0,19269000.0,22309000.0,5911000.0,2472000.0
20240103,-4579210.0,18978170.0,13315470.0,14943960.0,16027450.0,5904660.0,11005630.0,2774730.0,2252970.0,51610000.0,36181000.0,40648000.0,43575000.0,16055000.0,29958000.0,7538000.0,6137000.0
20240104,-608850.0,16215620.0,14121400.0,9052820.0,10538200.0,3728940.0,3658020.0,1051120.0,1730890.0,44544000.0,38774000.0,24863000.0,28930000.0,10242000.0,10051000.0,2898000.0,4791000.0
20240105,-884940.0,24264520.0,23722110.0,16614550.0,16272010.0,7346210.0,7900200.0,3325140.0,3656090.0,68336000.0,66768000.0,46782000.0,45790000.0,20600000.0,22216000.0,9347000.0,10291000.0
20240108,-2498000.0,17829040.0,17046360.0,10903710.0,9188390.0,4191210.0,5262620.0,1325220.0,2751810.0,51184000.0,48934000.0,31281000.0,26350000.0,12018000.0,15102000.0,3822000.0,7919000.0
20240109,2888850.0,14079560.0,17478730.0,8586310.0,8075980.0,4859280.0,2981070.0,1868180.0,857540.0,40939000.0,50786000.0,24940000.0,23473000.0,14104000.0,8654000.0,5417000.0,2487000.0
20240110,819560.0,12190800.0,13047300.0,8035910.0,7998970.0,3807830.0,2595860.0,889000.0,1281410.0,35757000.0,38265000.0,23545000.0,23454000.0,11155000.0,7608000.0,2613000.0,3742000.0
20240111,4008540.0,15688710.0,20777670.0,11234770.0,10154350.0,6960380.0,4231870.0,1749890.0,469860.0,46278000.0,61265000.0,33132000.0,29950000.0,20515000.0,12472000.0,5147000.0,1385000.0
20240112,-268070.0,14245680.0,14585130.0,10430980.0,9823470.0,6312160.0,5055620.0,1279760.0,2804370.0,42379000.0,43367000.0,31024000.0,29204000.0,18800000.0,15046000.0,3812000.0,8397000.0
20240115,-697510.0,17149020.0,17783660.0,12641170.0,11309030.0,7206530.0,8481150.0,1973360.0,1396250.0,52041000.0,53929000.0,38358000.0,34318000.0,21859000.0,25750000.0,5985000.0,4246000.0
20240116,-260670.0,17843820.0,16561860.0,8903030.0,9924320.0,4875100.0,5267860.0,2611000.0,2478910.0,54682000.0,50736000.0,27267000.0,30401000.0,14922000.0,16129000.0,8001000.0,7606000.0
20240117,-1536010.0,17126760.0,14698500.0,10073120.0,10965380.0,6172390.0,7147520.0,1820520.0,2381400.0,53075000.0,45528000.0,31190000.0,33946000.0,19107000.0,22146000.0,5640000.0,7391000.0
20240118,227820.0,26284900.0,23149590.0,13575160.0,16938300.0,9868590.0,9637240.0,3388170.0,3391700.0,83553000.0,73562000.0,43082000.0,53718000.0,31262000.0,30549000.0,10721000.0,10790000.0
20240119,-1152350.0,19028920.0,15972710.0,6667310.0,8571170.0,4557430.0,4276650.0,565450.0,1998580.0,59289000.0,49777000.0,20791000.0,26719000.0,14233000.0,13335000.0,1761000.0,6243000.0
20240122,-3595550.0,28107250.0,24938350.0,16527660.0,16101010.0,8718350.0,11232900.0,3670600.0,4751600.0,86677000.0,76837000.0,50961000.0,49633000.0,26891000.0,34641000.0,11296000.0,14714000.0
20240123,409290.0,20064550.0,21105000.0,13955100.0,13323950.0,6412480.0,5576080.0,1089580.0,1516690.0,62940000.0,66135000.0,43691000.0,41765000.0,20074000.0,17467000.0,3399000.0,4738000.0
20240124,-4820.0,17989510.0,17854950.0,10057210.0,10186950.0,5943170.0,5153200.0,328200.0,1122990.0,56243000.0,55830000.0,31444000.0,31812000.0,18557000.0,16110000.0,1018000.0,3510000.0
20240125,4246220.0,18473400.0,22751660.0,17039950.0,17007910.0,13027290.0,10258520.0,2965780.0,1488330.0,55399000.0,68174000.0,51078000.0,50988000.0,39017000.0,30759000.0,8864000.0,4436000.0
20240126,-2756170.0,16334140.0,14489640.0,11024840.0,10113170.0,4313090.0,5360340.0,1385340.0,3094260.0,48694000.0,43197000.0,32883000.0,30147000.0,12865000.0,15987000.0,4134000.0,9247000.0
20240129,-5099010.0,16373460.0,11205890.0,9471710.0,9540260.0,4888540.0,7030330.0,258710.0,3215930.0,49004000.0,33524000.0,28346000.0,28548000.0,14646000.0,21080000.0,770000.0,9614000.0
20240130,-1382890.0,14435360.0,11991400.0,8363760.0,9424820.0,4941820.0,5284180.0,614650.0,1655180.0,43611000.0,36226000.0,25273000.0,28469000.0,14937000.0,15981000.0,1855000.0,5000000.0
20240131,-1760720.0,18734000.0,16267030.0,10310820.0,11017080.0,5288380.0,6344380.0,1023770.0,1728490.0,58864000.0,51087000.0,32349000.0,34588000.0,16634000.0,19953000.0,3216000.0,5435000.0
20240201,377100.0,16495860.0,14616290.0,8581860.0,10838530.0,3851100.0,3643050.0,1376110.0,1207060.0,52731000.0,46692000.0,27457000.0,34656000.0,12324000.0,11655000.0,4344000.0,3853000.0
20240202,-3664880.0,25105880.0,17508450.0,13169110.0,17101650.0,7676820.0,10682680.0,2663520.0,3322540.0,82931000.0,57773000.0,43389000.0,56378000.0,25459000.0,35398000.0,8822000.0,11052000.0
20240205,-6673830.0,29760940.0,19378970.0,14640420.0,18348580.0,5581280.0,10978230.0,1135170.0,2412050.0,101108000.0,65809000.0,49697000.0,62285000.0,18966000.0,37306000.0,3867000.0,8238000.0
20240206,-3172670.0,24939260.0,22434030.0,16082910.0,15415460.0,8702870.0,10563720.0,2039970.0,3351790.0,81061000.0,72968000.0,52146000.0,50013000.0,28203000.0,34217000.0,6585000.0,10796000.0
20240207,-1394660.0,31632930.0,31832270.0,20344280.0,18750280.0,9403720.0,10099970.0,882750.0,1581160.0,98423000.0,99050000.0,63336000.0,58349000.0,29233000.0,31422000.0,2755000.0,4927000.0
20240208,-1404660.0,24284020.0,23041260.0,16231790.0,16069880.0,9387610.0,10201880.0,1481210.0,2071600.0,73579000.0,69817000.0,49229000.0,48687000.0,28400000.0,30896000.0,4477000.0,6285000.0
20240219,-4267540.0,21528700.0,17193680.0,15080360.0,15147830.0,6813160.0,9960250.0,589050.0,1709500.0,65417000.0,52184000.0,45781000.0,46008000.0,20692000.0,30276000.0,1783000.0,5205000.0
20240220,-1418570.0,15862920.0,12946490.0,11776270.0,13274130.0,6033970.0,7305470.0,1358240.0,1505310.0,48839000.0,39857000.0,36257000.0,40871000.0,18584000.0,22501000.0,4187000.0,4638000.0
20240221,2059680.0,19042720.0,19390930.0,12370270.0,14081730.0,7520590.0,7993840.0,4122640.0,1589710.0,57439000.0,58469000.0,37317000.0,42452000.0,22643000.0,24060000.0,12342000.0,4761000.0
20240222,-1078800.0,14409200.0,13636350.0,12264000.0,11958040.0,6018100.0,6716790.0,1108210.0,1488320.0,42966000.0,40646000.0,36561000.0,35630000.0,17927000.0,20026000.0,3295000.0,4447000.0
20240223,218210.0,13996730.0,14107820.0,13101650.0,13208770.0,5580610.0,5290370.0,875010.0,947040.0,41642000.0,41959000.0,38952000.0,39274000.0,16587000.0,15728000.0,2598000.0,2817000.0
20240226,578350.0,13257250.0,13403720.0,9248520.0,9680400.0,4975210.0,4470750.0,2754810.0,2680920.0,39207000.0,39626000.0,27358000.0,28625000.0,14700000.0,13220000.0,8118000.0,7912000.0
20240227,649650.0,12763000.0,14126530.0,11244480.0,10530590.0,7016310.0,6101600.0,2189390.0,2454450.0,37536000.0,41496000.0,33017000.0,30907000.0,20562000.0,17914000.0,6411000.0,7208000.0
20240228,-1702310.0,17900930.0,15730700.0,12715700.0,13183620.0,6392430.0,7578000.0,1224730.0,1741470.0,52321000.0,45949000.0,37135000.0,38525000.0,18687000.0,22153000.0,3590000.0,5106000.0
20240229,1654040.0,17662020.0,17572510.0,11640500.0,13384040.0,8541460.0,6511730.0,2018290.0,2393980.0,51650000.0,51372000.0,34031000.0,39105000.0,24932000.0,19026000.0,5886000.0,6997000.0
20240301,-712820.0,17300570.0,16361280.0,13996100.0,14222570.0,8265070.0,9556770.0,2364520.0,1785640.0,49514000.0,46818000.0,40059000.0,40705000.0,23651000.0,27341000.0,6753000.0,5114000.0
20240304,-132960.0,15113140.0,14020870.0,13011630.0,13970940.0,6122040.0,6095530.0,1480940.0,1640410.0,43417000.0,40258000.0,37373000.0,40146000.0,17587000.0,17512000.0,4248000.0,4709000.0
20240305,4226580.0,34096410.0,37525940.0,31053940.0,31850980.0,21982120.0,20684660.0,7702290.0,4773170.0,94486000.0,103945000.0,85964000.0,88149000.0,60847000.0,57255000.0,21241000.0,13188000.0
20240306,-1480240.0,20357600.0,20098400.0,17244030.0,16022990.0,9202840.0,11214830.0,3321580.0,2789830.0,57104000.0,56343000.0,48358000.0,44931000.0,25804000.0,31458000.0,9307000.0,7842000.0
20240307,1123910.0,19625950.0,19174860.0,16615550.0,18190560.0,12359190.0,10432910.0,2376970.0,3179340.0,55861000.0,54620000.0,47331000.0,51845000.0,35276000.0,29735000.0,6802000.0,9070000.0
20240308,58300.0,13955160.0,15066670.0,10498390.0,9445190.0,6347560.0,6142730.0,1492590.0,1639120.0,40136000.0,43320000.0,30185000.0,27149000.0,18247000.0,17678000.0,4288000.0,4710000.0
20240311,1492120.0,14565770.0,17832140.0,14435400.0,12661150.0,9270650.0,8141050.0,1928130.0,1565610.0,41397000.0,50636000.0,40977000.0,35945000.0,26310000.0,23125000.0,5463000.0,4440000.0
20240312,-412330.0,21868850.0,19064330.0,14521850.0,16914040.0,8345040.0,8705550.0,2043800.0,2095620.0,60844000.0,53037000.0,40429000.0,47085000.0,23234000.0,24243000.0,5688000.0,5831000.0
20240313,-2204340.0,17322340.0,15398190.0,12804270.0,12524080.0,7100660.0,7989800.0,956150.0,2271350.0,48506000.0,43086000.0,35839000.0,35043000.0,19868000.0,22375000.0,2673000.0,6381000.0
20240314,-1563390.0,16821750.0,14358690.0,10640210.0,11539870.0,5611660.0,6670300.0,1296760.0,1801510.0,47766000.0,40774000.0,30226000.0,32772000.0,15944000.0,18951000.0,3676000.0,5114000.0
20240315,556440.0,15112020.0,15848400.0,9649100.0,9469150.0,5584440.0,4181710.0,826910.0,1673200.0,43333000.0,45435000.0,27658000.0,27146000.0,16007000.0,11996000.0,2373000.0,4794000.0
20240318,539890.0,21310840.0,19922820.0,12044060.0,13971970.0,9004960.0,8312210.0,1376480.0,1529340.0,60041000.0,56126000.0,33935000.0,39361000.0,25352000.0,23409000.0,3877000.0,4308000.0
20240319,-1808010.0,17571270.0,15971820.0,11397340.0,11188780.0,6695260.0,7878130.0,1446300.0,2071440.0,49331000.0,44824000.0,32010000.0,31411000.0,18798000.0,22140000.0,4061000.0,5825000.0
20240320,-582590.0,14078530.0,12133660.0,8833210.0,10195480.0,4379380.0,4086540.0,323260.0,1198690.0,39994000.0,34469000.0,25100000.0,28962000.0,12450000.0,11617000.0,922000.0,3418000.0
20240321,-274040.0,14744240.0,14308130.0,9107790.0,9269850.0,5708940.0,5114330.0,599370.0,1468020.0,41980000.0,40728000.0,25934000.0,26391000.0,16262000.0,14556000.0,1706000.0,4206000.0
20240322,-4110880.0,17439760.0,13580910.0,11781490.0,11529450.0,5491980.0,7425510.0,301700.0,2479050.0,50420000.0,39238000.0,34067000.0,33323000.0,15879000.0,21488000.0,868000.0,7186000.0
20240325,-2061720.0,15981650.0,12739510.0,8018610.0,9199030.0,3095200.0,5977960.0,1292280.0,471240.0,46292000.0,36888000.0,23242000.0,26659000.0,8966000.0,17341000.0,3760000.0,1371000.0
20240326,-889610.0,18083000.0,15489280.0,9035600.0,10739710.0,4638160.0,4602130.0,652150.0,1577790.0,53350000.0,45731000.0,26698000.0,31705000.0,13706000.0,13591000.0,1931000.0,4658000.0
20240327,-2260830.0,18767470.0,13079190.0,10623000.0,14050460.0,4779800.0,5524710.0,327900.0,1843820.0,56499000.0,39357000.0,31980000.0,42311000.0,14387000.0,16625000.0,990000.0,5563000.0
20240328,-1425780.0,20613150.0,19059510.0,13580650.0,13708510.0,6035640.0,7052270.0,1829360.0,2238510.0,61429000.0,56791000.0,40489000.0,40848000.0,17987000.0,21027000.0,5448000.0,6688000.0
20240329,-3013130.0,18530040.0,15734150.0,11855260.0,11638020.0,5370070.0,5732560.0,343690.0,2994330.0,55087000.0,46736000.0,35217000.0,34568000.0,15935000.0,17033000.0,1024000.0,8926000.0
20240401,-303810.0,18821480.0,18364500.0,12275530.0,12428710.0,4900070.0,4746650.0,1529880.0,1987110.0,55268000.0,53923000.0,36038000.0,36502000.0,14395000.0,13927000.0,4489000.0,5839000.0
20240402,102080.0,14845510.0,14477040.0,8501150.0,8971700.0,4373720.0,5108950.0,2478010.0,1640700.0,44078000.0,42980000.0,25243000.0,26645000.0,12996000.0,15185000.0,7375000.0,4882000.0
20240403,595190.0,12575120.0,13942910.0,8368640.0,7596040.0,3604740.0,4196660.0,1834180.0,647070.0,37846000.0,41958000.0,25180000.0,22860000.0,10843000.0,12628000.0,5534000.0,1957000.0
20240408,1720280.0,15634570.0,15774280.0,7689550.0,9270120.0,4715080.0,3165300.0,582080.0,411580.0,47748000.0,48184000.0,23475000.0,28278000.0,14394000.0,9669000.0,1776000.0,1261000.0
20240409,-59060.0,13859590.0,14276640.0,7054080.0,6577980.0,4472680.0,4458740.0,822280.0,895280.0,42634000.0,43914000.0,21694000.0,20219000.0,13760000.0,13732000.0,2537000.0,2760000.0
20240410,-1091360.0,15434600.0,15170460.0,8256710.0,7429480.0,4673100.0,5701380.0,1029750.0,1092830.0,47955000.0,47139000.0,25672000.0,23080000.0,14516000.0,17728000.0,3206000.0,3401000.0
20240411,980410.0,13425810.0,15376910.0,8883670.0,7912970.0,4292710.0,4157310.0,2087470.0,1242460.0,42027000.0,48151000.0,27833000.0,24781000.0,13443000.0,13019000.0,6536000.0,3889000.0
20240412,1280820.0,16864190.0,18456310.0,13225280.0,12913970.0,5442860.0,4979000.0,1215690.0,398730.0,52425000.0,57363000.0,41087000.0,40109000.0,16908000.0,15465000.0,3752000.0,1235000.0
20240415,878410.0,24645060.0,28586990.0,19666520.0,16603010.0,10422930.0,9220420.0,4924210.0,5248310.0,75357000.0,87390000.0,60128000.0,50733000.0,31826000.0,28184000.0,14988000.0,15993000.0
20240416,-392320.0,20564560.0,22325870.0,15527150.0,13373530.0,8174860.0,8047920.0,1299110.0,1818370.0,62874000.0,68236000.0,47440000.0,40831000.0,24958000.0,24584000.0,3958000.0,5579000.0
20240417,-148110.0,16961160.0,18809370.0,14188090.0,12191760.0,7905970.0,7001360.0,1822690.0,2875410.0,52157000.0,57814000.0,43609000.0,37466000.0,24279000.0,21521000.0,5592000.0,8837000.0
20240418,-244560.0,19042980.0,19321810.0,14224900.0,13701510.0,6381630.0,6114400.0,1530550.0,2042340.0,58291000.0,59163000.0,43569000.0,41953000.0,19556000.0,18747000.0,4684000.0,6237000.0
20240419,2577790.0,19177900.0,23290220.0,17908080.0,16373540.0,9418740.0,7004240.0,3033710.0,2870420.0,58318000.0,70771000.0,54403000.0,49746000.0,28578000.0,21291000.0,9195000.0,8686000.0
20240422,7075500.0,29437860.0,36179110.0,26766610.0,27100850.0,16849180.0,15472690.0,12317150.0,6618140.0,87289000.0,107296000.0,79461000.0,80481000.0,50029000.0,45886000.0,36514000.0,19629000.0
20240423,951460.0,26790100.0,28256120.0,24927170.0,24412600.0,17286600.0,15879120.0,6185750.0,6641770.0,78401000.0,82621000.0,72923000.0,71434000.0,50556000.0,46497000.0,18113000.0,19441000.0
20240424,5538930.0,26446910.0,28560100.0,27270850.0,30696580.0,20861620.0,17817570.0,7003330.0,4508450.0,75634000.0,81626000.0,77973000.0,87675000.0,59594000.0,50941000.0,19958000.0,12918000.0
20240425,1722690.0,24613070.0,19570250.0,24969320.0,31734810.0,11555750.0,9392790.0,1740320.0,2180590.0,70661000.0,56158000.0,71683000.0,91126000.0,33144000.0,26938000.0,4988000.0,6254000.0
20240426,-1222010.0,22645990.0,17654820.0,14780150.0,18549320.0,8730530.0,9536130.0,2029410.0,2445820.0,64832000.0,50524000.0,42308000.0,53088000.0,24983000.0,27297000.0,5802000.0,7016000.0
20240429,613050.0,25864050.0,27260650.0,19697680.0,18914130.0,14058810.0,12759780.0,4322510.0,5008490.0,73196000.0,77031000.0,55678000.0,53453000.0,39662000.0,36064000.0,12169000.0,14156000.0
20240430,-3160140.0,32321390.0,28040980.0,32007080.0,33127350.0,13443590.0,16709020.0,2949010.0,2843720.0,90574000.0,78420000.0,89458000.0,92673000.0,37540000.0,46730000.0,8234000.0,7983000.0
20240506,-2445280.0,26287750.0,27087560.0,21044330.0,17799250.0,12457040.0,12027770.0,2741780.0,5616330.0,74943000.0,77228000.0,60005000.0,50736000.0,35522000.0,34302000.0,7812000.0,16016000.0
20240507,6195940.0,28294350.0,28250270.0,25001020.0,31241040.0,15903880.0,13506830.0,7220120.0,3421230.0,79206000.0,79042000.0,69967000.0,87398000.0,44479000.0,37805000.0,20199000.0,9607000.0
20240508,-2623330.0,19478150.0,20161530.0,16805920.0,13499220.0,6882100.0,6834610.0,894230.0,3565050.0,54631000.0,56506000.0,47095000.0,37847000.0,19289000.0,19166000.0,2504000.0,10000000.0
20240509,6904700.0,33248740.0,45402160.0,44106980.0,38858280.0,27096750.0,24175130.0,9160110.0,5177030.0,90387000.0,123283000.0,119913000.0,105662000.0,73500000.0,65614000.0,24830000.0,14071000.0
20240510,107440.0,39787600.0,42772210.0,43446770.0,40569600.0,26519270.0,25011210.0,7323290.0,8723910.0,105251000.0,112914000.0,114763000.0,107185000.0,69980000.0,66090000.0,19246000.0,23051000.0
20240513,-84970.0,25574280.0,25294040.0,18895330.0,19090610.0,13130020.0,12153850.0,2277400.0,3338540.0,68378000.0,67524000.0,50479000.0,51007000.0,35046000.0,32491000.0,6072000.0,8953000.0
20240514,-3654640.0,22627700.0,18912320.0,17127650.0,17188400.0,6890620.0,8472520.0,1437700.0,3510440.0,61263000.0,51191000.0,46373000.0,46535000.0,18657000.0,22938000.0,3896000.0,9525000.0
20240515,-1547200.0,16602780.0,15356420.0,9377510.0,9076670.0,4111040.0,5303470.0,635190.0,989960.0,45353000.0,41941000.0,25623000.0,24805000.0,11233000.0,14490000.0,1738000.0,2711000.0
20240516,-4982870.0,21268010.0,18032030.0,14684850.0,12937960.0,8131450.0,9682720.0,1876710.0,5308310.0,58739000.0,49763000.0,40556000.0,35713000.0,22463000.0,26770000.0,5184000.0,14695000.0
20240517,1137070.0,18106130.0,18704200.0,11891100.0,12430090.0,5313640.0,4682830.0,860590.0,354330.0,49674000.0,51319000.0,32615000.0,34084000.0,14566000.0,12841000.0,2360000.0,971000.0
20240520,1133420.0,21986610.0,25940970.0,20427690.0,17606740.0,10913830.0,9309160.0,2104030.0,2575280.0,59123000.0,69721000.0,54854000.0,47280000.0,29280000.0,24999000.0,5638000.0,6895000.0
20240521,-2809020.0,18911670.0,14079760.0,11688590.0,13711480.0,5665310.0,6888660.0,1129060.0,2714730.0,51846000.0,38594000.0,32028000.0,37599000.0,15521000.0,18878000.0,3096000.0,7420000.0
20240522,-852430.0,20812640.0,17006360.0,12813090.0,15766940.0,7267480.0,7840460.0,1977610.0,2257060.0,58057000.0,47412000.0,35739000.0,43976000.0,20269000.0,21879000.0,5506000.0,6304000.0
20240523,-20990.0,17991530.0,17343540.0,12210460.0,12837460.0,6607710.0,5488110.0,1298600.0,2439190.0,50552000.0,48712000.0,34285000.0,36024000.0,18558000.0,15436000.0,3662000.0,6885000.0
20240524,-866920.0,13325850.0,12105110.0,7634570.0,7988380.0,3793670.0,4207060.0,267410.0,720940.0,37866000.0,34394000.0,21693000.0,22698000.0,10781000.0,11959000.0,760000.0,2050000.0
20240527,770350.0,13402140.0,14508530.0,11858990.0,11522950.0,5685610.0,5163230.0,1569530.0,1321560.0,38383000.0,41507000.0,33954000.0,32986000.0,16265000.0,14804000.0,4478000.0,3782000.0
20240528,3262590.0,18024520.0,21129020.0,14483580.0,14641670.0,8211110.0,6695400.0,2624280.0,877400.0,50834000.0,59530000.0,40842000.0,41310000.0,23127000.0,18876000.0,7386000.0,2472000.0
20240529,796230.0,12046000.0,14960340.0,10281060.0,8162960.0,5467530.0,4740460.0,745310.0,676150.0,34030000.0,42271000.0,29058000.0,23063000.0,15455000.0,13400000.0,2103000.0,1912000.0
20240530,2363110.0,32517280.0,35326660.0,31822420.0,31376150.0,20880080.0,18874890.0,8587430.0,8229510.0,88932000.0,96543000.0,87029000.0,85740000.0,57016000.0,51523000.0,23283000.0,22454000.0
20240531,2722980.0,23096520.0,26378230.0,21931840.0,21373110.0,14251610.0,12934080.0,5965150.0,4559700.0,62384000.0,71168000.0,59186000.0,57653000.0,38407000.0,34865000.0,16055000.0,12346000.0
20240603,507070.0,19006450.0,21062140.0,17717100.0,16168460.0,8426890.0,6474050.0,1290780.0,2736550.0,51394000.0,56948000.0,47901000.0,43706000.0,22774000.0,17504000.0,3486000.0,7397000.0
20240604,6296030.0,23858900.0,30394340.0,26406770.0,26167360.0,14260040.0,11034360.0,4379990.0,1309640.0,63761000.0,81187000.0,70536000.0,69874000.0,38042000.0,29451000.0,11672000.0,3499000.0
20240605,13242050.0,34559460.0,43553950.0,39079710.0,43327280.0,31017250.0,25980990.0,14062530.0,5856740.0,90754000.0,114303000.0,102613000.0,113735000.0,81487000.0,68198000.0,36798000.0,15416000.0
20240606,-2494980.0,30632900.0,24402510.0,21972130.0,25707550.0,16011490.0,15908650.0,5213570.0,7811390.0,81919000.0,65216000.0,58735000.0,68696000.0,42755000.0,42521000.0,13915000.0,20890000.0
20240607,2948920.0,24311430.0,28194940.0,28876570.0,27941980.0,19283570.0,14607740.0,5191160.0,6918070.0,64410000.0,74601000.0,76417000.0,73976000.0,50984000.0,38643000.0,13714000.0,18305000.0
20240611,-2381830.0,32432720.0,28356080.0,25829200.0,27524000.0,13922510.0,15496200.0,5175290.0,5983430.0,85864000.0,74990000.0,68291000.0,72841000.0,36749000.0,40946000.0,13631000.0,15758000.0
20240612,-1237840.0,23244310.0,23357050.0,21847430.0,20496840.0,11714770.0,16503060.0,7897720.0,4347270.0,61338000.0,61566000.0,57614000.0,54029000.0,30852000.0,43465000.0,20728000.0,11471000.0
20240613,-2658110.0,22884470.0,17191840.0,16620570.0,19655100.0,7802520.0,9750060.0,2481990.0,3192560.0,60662000.0,45555000.0,44089000.0,52106000.0,20670000.0,25855000.0,6567000.0,8473000.0
20240614,-3361960.0,46771850.0,27916860.0,32192730.0,47685760.0,10916430.0,14422180.0,8810400.0,8666610.0,126064000.0,75218000.0,86754000.0,128511000.0,29395000.0,38832000.0,23581000.0,23233000.0
20240617,4237350.0,29769230.0,28262450.0,20663220.0,26407350.0,12032110.0,9075540.0,3155420.0,1874640.0,79088000.0,75098000.0,54907000.0,70169000.0,31987000.0,24120000.0,8397000.0,4992000.0
20240618,1412720.0,17479820.0,18096100.0,21443500.0,22239950.0,13253240.0,10977520.0,2027360.0,2890360.0,46306000.0,47911000.0,56773000.0,58884000.0,35100000.0,29078000.0,5368000.0,7674000.0
20240619,-1841530.0,15708890.0,13016620.0,15931030.0,16781770.0,4791080.0,6461450.0,1429510.0,1600670.0,41915000.0,34724000.0,42517000.0,44781000.0,12791000.0,17256000.0,3820000.0,4282000.0
20240620,168330.0,22991730.0,18814020.0,20282160.0,24628190.0,9921300.0,10374590.0,4433500.0,3811880.0,62050000.0,50761000.0,54740000.0,66469000.0,26771000.0,28008000.0,11986000.0,10308000.0
20240621,-2157530.0,21047960.0,14705640.0,12255000.0,16439790.0,3804070.0,5476920.0,826220.0,1310900.0,56974000.0,39800000.0,33161000.0,44492000.0,10308000.0,14836000.0,2238000.0,3553000.0
20240624,-2883190.0,22663780.0,19178910.0,12878030.0,13479710.0,6027890.0,7914200.0,3093900.0,4090780.0,61764000.0,52253000.0,35080000.0,36728000.0,16428000.0,21567000.0,8454000.0,11179000.0
20240625,-1430720.0,18940940.0,19114640.0,15127800.0,13523390.0,4318140.0,5989120.0,1436670.0,1196410.0,52549000.0,53016000.0,41958000.0,37520000.0,11979000.0,16610000.0,3981000.0,3321000.0
20240626,-1845880.0,13938540.0,12119100.0,10781650.0,10755200.0,4769110.0,5028780.0,546230.0,2132440.0,38735000.0,33684000.0,29943000.0,29880000.0,13236000.0,13955000.0,1520000.0,5915000.0
20240627,-1052430.0,15592430.0,13317830.0,7376870.0,8599050.0,3889950.0,3992590.0,833420.0,1783210.0,43882000.0,37476000.0,20758000.0,24201000.0,10961000.0,11244000.0,2352000.0,5032000.0
20240628,6242500.0,17355770.0,23006900.0,13677830.0,14269200.0,14535100.0,9152700.0,1364440.0,504340.0,47897000.0,63434000.0,37725000.0,39311000.0,39942000.0,25186000.0,3746000.0,1379000.0
20240701,1230180.0,13851290.0,20103190.0,13698960.0,8677240.0,5526570.0,4363530.0,829460.0,762320.0,38430000.0,55733000.0,37973000.0,24055000.0,15311000.0,12104000.0,2306000.0,2128000.0
20240702,549780.0,12162160.0,14143480.0,9666490.0,8234960.0,2967360.0,2861480.0,677190.0,233290.0,33901000.0,39429000.0,26940000.0,22951000.0,8277000.0,7970000.0,1876000.0,644000.0
20240703,-51150.0,12617660.0,12096900.0,5993230.0,6462840.0,3314620.0,3006380.0,142000.0,501390.0,35372000.0,33925000.0,16815000.0,18128000.0,9309000.0,8438000.0,400000.0,1405000.0
20240704,-1477600.0,11500250.0,10486450.0,7470630.0,7006840.0,2427680.0,3949420.0,418640.0,374500.0,32171000.0,29334000.0,20893000.0,19592000.0,6791000.0,11048000.0,1164000.0,1045000.0
20240705,-1167630.0,15558830.0,14247010.0,11799910.0,11944090.0,7050860.0,7011970.0,1402160.0,2608680.0,44269000.0,40526000.0,33610000.0,34014000.0,20052000.0,19985000.0,3999000.0,7405000.0
20240708,-873330.0,13635400.0,12750730.0,8503520.0,8514870.0,2375560.0,3146410.0,267290.0,369770.0,38496000.0,35977000.0,23989000.0,24033000.0,6696000.0,8877000.0,751000.0,1046000.0
20240709,3240320.0,15067330.0,18695020.0,13393600.0,13006240.0,7441090.0,5238240.0,2237240.0,1199770.0,42921000.0,53257000.0,38165000.0,37050000.0,21189000.0,14926000.0,6384000.0,3426000.0
20240710,-1647030.0,16378830.0,16432770.0,13631540.0,11930570.0,5003930.0,7267610.0,2826890.0,2210240.0,46380000.0,46525000.0,38572000.0,33780000.0,14162000.0,20576000.0,8020000.0,6253000.0
20240711,1884750.0,19025550.0,20307010.0,14222210.0,14825510.0,8806580.0,7407500.0,1658410.0,1172740.0,52356000.0,55910000.0,39205000.0,40814000.0,24281000.0,20456000.0,4541000.0,3203000.0
20240712,-871630.0,11239800.0,14084300.0,13921970.0,10205840.0,5094800.0,6092460.0,2311820.0,2185790.0,30569000.0,38294000.0,37858000.0,27752000.0,13850000.0,16571000.0,6276000.0,5936000.0
20240715,-374690.0,11514890.0,11033190.0,8384180.0,8491200.0,3421140.0,3175020.0,1025450.0,1646260.0,31405000.0,30097000.0,22879000.0,23172000.0,9345000.0,8663000.0,2805000.0,4502000.0
20240716,5547730.0,16254460.0,17780460.0,10873420.0,14895150.0,8907340.0,6790370.0,11105160.0,7674400.0,43906000.0,47958000.0,29326000.0,40143000.0,24001000.0,18276000.0,29776000.0,20631000.0
20240717,-1871180.0,21011070.0,17586950.0,9110730.0,10663670.0,5474130.0,4875850.0,591230.0,3060690.0,56061000.0,46939000.0,24309000.0,28459000.0,14609000.0,13005000.0,1574000.0,8149000.0
20240718,5418020.0,35815490.0,37691900.0,33823690.0,37365300.0,20920100.0,21557170.0,13470920.0,7415830.0,93023000.0,97855000.0,87731000.0,96948000.0,54222000.0,55855000.0,34923000.0,19241000.0
20240719,-2226190.0,41203970.0,34088260.0,28873230.0,33762750.0,24910490.0,33218510.0,22533400.0,16451570.0,103982000.0,85964000.0,72846000.0,85143000.0,62826000.0,83713000.0,56674000.0,41509000.0
20240722,-9341550.0,41950440.0,24606310.0,25762090.0,33764680.0,15613140.0,24607660.0,7162690.0,7509720.0,104691000.0,61360000.0,64241000.0,84200000.0,38932000.0,61391000.0,17836000.0,18749000.0
20240723,-1117510.0,24841820.0,19878560.0,15203730.0,19049470.0,7601550.0,12531920.0,8157960.0,4345100.0,62489000.0,49984000.0,38239000.0,47894000.0,19124000.0,31528000.0,20473000.0,10919000.0
20240724,-1519950.0,35840940.0,26482530.0,28886150.0,36724600.0,19049240.0,20312730.0,8561170.0,8817630.0,89336000.0,65938000.0,71971000.0,91452000.0,47423000.0,50565000.0,21245000.0,22021000.0
20240725,-2453590.0,25787110.0,19445310.0,14249030.0,18137240.0,8813060.0,8904520.0,921520.0,3283650.0,64970000.0,48972000.0,35899000.0,45690000.0,22197000.0,22436000.0,2317000.0,8285000.0
20240726,-22130.0,31949360.0,31177190.0,30152080.0,30902100.0,23457300.0,22215620.0,12439790.0,13703600.0,78518000.0,76630000.0,74078000.0,75936000.0,57604000.0,54566000.0,30494000.0,33560000.0
20240729,-5955590.0,34230230.0,30090040.0,34086470.0,32271080.0,17879440.0,20144830.0,5098360.0,8788560.0,84374000.0,74061000.0,83870000.0,79464000.0,44004000.0,49648000.0,12479000.0,21554000.0
20240730,-5727530.0,28970390.0,20755480.0,15627860.0,18115250.0,8811710.0,13236140.0,2459900.0,3763000.0,72535000.0,51942000.0,39106000.0,45336000.0,22049000.0,33148000.0,6146000.0,9410000.0
20240731,-7480610.0,37319660.0,30167510.0,28979960.0,28651490.0,20360650.0,25636310.0,4737880.0,6942830.0,93927000.0,75847000.0,72881000.0,72056000.0,51203000.0,64562000.0,11939000.0,17485000.0
20240801,-3554380.0,29146160.0,26838220.0,26254690.0,25008240.0,14324000.0,13042370.0,2732760.0,7568770.0,72577000.0,66751000.0,65265000.0,62172000.0,35570000.0,32438000.0,6782000.0,18833000.0
20240802,-4181890.0,22704260.0,20672620.0,18556100.0,16405860.0,7159500.0,9155800.0,1727370.0,3912960.0,57386000.0,52198000.0,46886000.0,41452000.0,18082000.0,23158000.0,4367000.0,9913000.0
20240805,-3178260.0,29985360.0,23888330.0,21453210.0,24371970.0,9215900.0,12163930.0,1564950.0,1795180.0,77018000.0,61301000.0,55072000.0,62626000.0,23668000.0,31246000.0,4038000.0,4624000.0
20240806,-1203090.0,27867110.0,26812500.0,18738640.0,18590150.0,9730680.0,12284130.0,3970090.0,2619730.0,71276000.0,68524000.0,47905000.0,47528000.0,24861000.0,31413000.0,10139000.0,6715000.0
20240807,3054640.0,18586260.0,23205110.0,15342850.0,13778630.0,9282280.0,6640480.0,1803660.0,1390820.0,47524000.0,59316000.0,39208000.0,35213000.0,23716000.0,16973000.0,4612000.0,3558000.0
20240808,-9669640.0,44865560.0,34374640.0,29140220.0,29961510.0,11621870.0,17266300.0,3224840.0,7250050.0,118122000.0,90515000.0,76727000.0,78871000.0,30578000.0,45438000.0,8476000.0,19079000.0
20240809,-1470320.0,20503950.0,17031270.0,10608540.0,12610900.0,4945020.0,6560830.0,1087990.0,942500.0,53883000.0,44754000.0,27880000.0,33142000.0,12998000.0,17245000.0,2856000.0,2475000.0
20240812,-639810.0,22921100.0,20655640.0,14509730.0,16135370.0,5257110.0,5223880.0,521530.0,1194570.0,60352000.0,54367000.0,38192000.0,42458000.0,13827000.0,13765000.0,1378000.0,3160000.0
20240813,1300530.0,17297630.0,17995880.0,11742880.0,12345150.0,4541290.0,3165130.0,286690.0,362320.0,45573000.0,47418000.0,30933000.0,32519000.0,11966000.0,8338000.0,755000.0,952000.0
20240814,-140200.0,15306590.0,13543610.0,8101980.0,9724760.0,3470500.0,3167130.0,317800.0,761370.0,40562000.0,35885000.0,21466000.0,25770000.0,9203000.0,8398000.0,845000.0,2023000.0
20240815,-1029890.0,18401440.0,16725650.0,12183730.0,12829620.0,4080620.0,4961930.0,395990.0,544570.0,48885000.0,44442000.0,32357000.0,34059000.0,10828000.0,13172000.0,1050000.0,1446000.0
20240816,-967120.0,26974850.0,24272800.0,15567200.0,17302130.0,5221050.0,5942920.0,111240.0,356490.0,72751000.0,65412000.0,41949000.0,46661000.0,14080000.0,16043000.0,302000.0,966000.0
20240819,685570.0,13398340.0,15271870.0,9310920.0,8122950.0,4462040.0,3973100.0,1120430.0,923800.0,36263000.0,41336000.0,25198000.0,21979000.0,12072000.0,10756000.0,3034000.0,2497000.0
20240820,293860.0,15556810.0,15492650.0,7971490.0,8329510.0,3815360.0,3881660.0,1776680.0,1416520.0,42644000.0,42471000.0,21846000.0,22821000.0,10466000.0,10648000.0,4874000.0,3890000.0
20240821,941860.0,11496570.0,13827090.0,7379070.0,5990420.0,3129210.0,1998510.0,590540.0,779380.0,31531000.0,37925000.0,20242000.0,16429000.0,8584000.0,5483000.0,1621000.0,2141000.0
20240822,659410.0,15438250.0,16865520.0,11004670.0,10236800.0,4534100.0,3752010.0,217130.0,339810.0,42130000.0,46008000.0,30003000.0,27905000.0,12355000.0,10238000.0,590000.0,927000.0
20240823,902320.0,12610890.0,14832590.0,9399650.0,8080290.0,5334240.0,4255640.0,1337310.0,1513590.0,34474000.0,40537000.0,25682000.0,22072000.0,14567000.0,11631000.0,3647000.0,4130000.0
20240826,-3312680.0,21550430.0,18127030.0,14572140.0,14682850.0,9223390.0,9513690.0,1710140.0,4732520.0,60121000.0,50537000.0,40653000.0,40946000.0,25708000.0,26548000.0,4757000.0,13209000.0
20240827,-1239650.0,13345720.0,11358400.0,7303330.0,8051000.0,2379310.0,3193180.0,545260.0,971040.0,37576000.0,31978000.0,20567000.0,22674000.0,6704000.0,8997000.0,1542000.0,2740000.0
20240828,1073030.0,23971340.0,24094750.0,16244430.0,17194050.0,7379120.0,5095440.0,1046050.0,2256700.0,67513000.0,67760000.0,45651000.0,48409000.0,20730000.0,14331000.0,2948000.0,6342000.0
20240829,6312550.0,23945590.0,29290460.0,19021070.0,19988760.0,13253450.0,8728880.0,3074890.0,1286910.0,67934000.0,83030000.0,53924000.0,56646000.0,37535000.0,24759000.0,8704000.0,3663000.0
20240830,4153510.0,37614610.0,37680840.0,31113930.0,35201220.0,19608950.0,22424420.0,11037540.0,4068560.0,106625000.0,106840000.0,88240000.0,99856000.0,55583000.0,63481000.0,31264000.0,11535000.0
20240902,-1099360.0,23621380.0,22792720.0,18667260.0,18396560.0,7884280.0,9210970.0,1425640.0,1198310.0,67554000.0,65137000.0,53323000.0,52581000.0,22535000.0,26346000.0,4101000.0,3449000.0
20240903,-1971440.0,17745850.0,17782350.0,16028210.0,14020280.0,6080470.0,5661530.0,1370370.0,3760750.0,50952000.0,51055000.0,46013000.0,40247000.0,17449000.0,16253000.0,3929000.0,10788000.0
20240904,-751570.0,14026250.0,13763430.0,10018990.0,9530230.0,4303240.0,4287560.0,1161710.0,1928960.0,40394000.0,39631000.0,28839000.0,27432000.0,12385000.0,12348000.0,3334000.0,5541000.0
20240905,-1238180.0,17620200.0,17120830.0,12535110.0,11796290.0,5207370.0,5452460.0,1105770.0,2098860.0,50287000.0,48863000.0,35775000.0,33673000.0,14870000.0,15563000.0,3144000.0,5977000.0
20240906,-698060.0,11017320.0,12401600.0,8398610.0,6316280.0,2539770.0,2852820.0,414520.0,799530.0,31405000.0,35345000.0,23937000.0,18006000.0,7242000.0,8133000.0,1182000.0,2281000.0
20240909,-4342390.0,19704770.0,14948550.0,13146140.0,13559950.0,7384210.0,8618550.0,4195780.0,7303830.0,57141000.0,43312000.0,38125000.0,39367000.0,21398000.0,25009000.0,12200000.0,21176000.0
20240910,-3135010.0,20323890.0,14862230.0,10859720.0,13186360.0,5421570.0,7860760.0,1495990.0,2191810.0,59581000.0,43551000.0,31836000.0,38660000.0,15915000.0,23080000.0,4400000.0,6441000.0
20240911,-2936260.0,16996190.0,12693250.0,8925240.0,10291920.0,3570970.0,5133430.0,32930.0,1406730.0,49413000.0,36895000.0,25930000.0,29905000.0,10379000.0,14924000.0,96000.0,4093000.0
20240912,720600.0,11754830.0,14228900.0,10329700.0,8576230.0,5042850.0,4334850.0,985650.0,973050.0,33870000.0,40988000.0,29737000.0,24684000.0,14513000.0,12480000.0,2830000.0,2798000.0
20240913,-2819680.0,12618240.0,11360160.0,9132080.0,7570480.0,3938090.0,3910470.0,407930.0,3255230.0,36441000.0,32804000.0,26375000.0,21857000.0,11380000.0,11301000.0,1175000.0,9409000.0
20240918,-2691930.0,14908250.0,11175440.0,6972800.0,8013670.0,2345780.0,4713420.0,585780.0,910070.0,43640000.0,32674000.0,20424000.0,23475000.0,6887000.0,13840000.0,1736000.0,2698000.0
20240919,6790.0,18764600.0,22023000.0,16106370.0,12854760.0,7486790.0,6149510.0,697950.0,2028440.0,55411000.0,65036000.0,47524000.0,37915000.0,22090000.0,18139000.0,2062000.0,5997000.0
20240920,-3516020.0,23099990.0,17506850.0,11974360.0,14051470.0,5207180.0,7904710.0,2564110.0,3382600.0,68242000.0,51697000.0,35361000.0,41520000.0,15383000.0,23369000.0,7578000.0,9976000.0
20240923,-1165470.0,14557420.0,15235910.0,12176840.0,10332880.0,5263550.0,4999150.0,972270.0,2402140.0,42154000.0,44118000.0,35243000.0,29903000.0,15216000.0,14476000.0,2821000.0,6937000.0
20240924,4497860.0,19928670.0,21337250.0,17616460.0,20705740.0,14049110.0,9765530.0,7345070.0,7130790.0,57471000.0,61466000.0,50738000.0,59554000.0,40409000.0,28078000.0,21021000.0,20540000.0
20240925,1792590.0,23124180.0,26028980.0,22967340.0,21855130.0,15796830.0,14131230.0,8459680.0,8332690.0,64009000.0,72018000.0,63587000.0,60505000.0,43716000.0,39103000.0,23442000.0,23128000.0
20240926,2721960.0,21697890.0,22250010.0,17114570.0,19284410.0,13950530.0,11291060.0,5658620.0,5596130.0,59516000.0,60962000.0,46908000.0,52815000.0,38183000.0,30903000.0,15371000.0,15298000.0
20240927,2160860.0,16027550.0,18282160.0,17252970.0,17159210.0,12694670.0,11960890.0,4778860.0,3351780.0,42270000.0,48147000.0,45463000.0,45236000.0,33474000.0,31564000.0,12553000.0,8812000.0
20240930,-1236810.0,49540900.0,48147370.0,60993260.0,61149970.0,54879280.0,55724080.0,21390290.0,21782300.0,121400000.0,117886000.0,149235000.0,149460000.0,134145000.0,136202000.0,52064000.0,53297000.0
20241008,-19529580.0,64652920.0,52779850.0,93358030.0,85701530.0,84480030.0,90847850.0,41157460.0,54319220.0,148099000.0,120898000.0,213296000.0,195952000.0,192886000.0,207508000.0,93428000.0,123351000.0
20241009,-16330170.0,62083240.0,45827560.0,64077550.0,64003040.0,40697330.0,53871280.0,11938030.0,15094250.0,145890000.0,107776000.0,150773000.0,150595000.0,95926000.0,126840000.0,28119000.0,35497000.0
20241010,2030280.0,42325240.0,40614390.0,48391220.0,52132350.0,34425540.0,34299640.0,9471490.0,7567110.0,99867000.0,95753000.0,114105000.0,122911000.0,81025000.0,80760000.0,22197000.0,17770000.0
20241011,-19809870.0,45098020.0,27898550.0,42527770.0,39917360.0,20001030.0,34113310.0,5010730.0,10708320.0,111482000.0,68812000.0,104993000.0,98551000.0,49374000.0,84347000.0,12329000.0,26469000.0
20241014,4300040.0,37967910.0,37783890.0,49470940.0,53955010.0,34951870.0,35344340.0,14747340.0,10054830.0,91580000.0,91132000.0,119271000.0,130021000.0,84169000.0,85154000.0,35516000.0,24230000.0
20241015,1653540.0,25446350.0,26285700.0,28862820.0,29677010.0,21077050.0,20690090.0,8230770.0,6964190.0,61464000.0,63448000.0,69637000.0,71591000.0,50804000.0,49882000.0,19792000.0,16775000.0
20241016,-6165730.0,26012760.0,24103310.0,31130910.0,26874640.0,18440420.0,21093870.0,5725240.0,9237520.0,63578000.0,58888000.0,76055000.0,65636000.0,45032000.0,51542000.0,13949000.0,22549000.0
20241017,-280700.0,25618100.0,22669450.0,21988680.0,24656640.0,16615800.0,20491080.0,7536050.0,3941470.0,62065000.0,54901000.0,53215000.0,59629000.0,40158000.0,49552000.0,18174000.0,9530000.0
20241018,-4006450.0,35541910.0,33913080.0,54843210.0,52465590.0,42520050.0,60173150.0,23132960.0,9486310.0,85824000.0,81897000.0,132182000.0,126499000.0,102440000.0,144721000.0,55649000.0,22978000.0
20241021,-11519780.0,69388170.0,52893740.0,77930690.0,82905340.0,54389380.0,76574740.0,41197670.0,30532090.0,161456000.0,123094000.0,181358000.0,192966000.0,126648000.0,178240000.0,95965000.0,71126000.0
20241022,-4618760.0,32190820.0,31739940.0,39536860.0,35368970.0,21998450.0,25474210.0,9022960.0,10165960.0,76156000.0,75098000.0,93511000.0,83663000.0,52017000.0,60217000.0,21334000.0,24041000.0
20241023,10980940.0,63862150.0,65022860.0,99965500.0,109785740.0,98051900.0,102829460.0,52463070.0,36704570.0,143441000.0,145843000.0,224335000.0,246172000.0,220338000.0,231106000.0,117887000.0,82880000.0
20241024,-10460560.0,38483910.0,35280880.0,44382540.0,37125010.0,32195560.0,36268470.0,10356430.0,16744080.0,89197000.0,81743000.0,102846000.0,85988000.0,74574000.0,84124000.0,24035000.0,38797000.0
20241025,663040.0,27487180.0,27721960.0,29771480.0,30199740.0,21644010.0,20651210.0,7485470.0,7815230.0,64052000.0,64605000.0,69372000.0,70356000.0,50445000.0,48120000.0,17430000.0,18218000.0
20241028,9694290.0,35312960.0,38525570.0,45724100.0,52205780.0,42377740.0,38385550.0,26191740.0,20489640.0,80289000.0,87553000.0,104010000.0,118599000.0,96246000.0,87210000.0,59408000.0,46592000.0
20241029,-6799620.0,34145960.0,23680420.0,27285700.0,30951620.0,16438520.0,20123280.0,5551450.0,8666310.0,78395000.0,54343000.0,62652000.0,71076000.0,37730000.0,46156000.0,12731000.0,19932000.0
20241030,-4505140.0,32336390.0,25240600.0,23425140.0,26015790.0,13135710.0,17281160.0,6455350.0,6815040.0,74424000.0,58081000.0,53913000.0,59869000.0,30222000.0,39778000.0,14852000.0,15684000.0
20241031,-3640440.0,35406100.0,33728030.0,40402400.0,38440030.0,27843060.0,26800420.0,4964960.0,9648040.0,82831000.0,78864000.0,94531000.0,89939000.0,65171000.0,62729000.0,11608000.0,22609000.0
20241101,-10289970.0,36051570.0,24811110.0,28541910.0,29492400.0,12903940.0,20436040.0,3621330.0,6379200.0,85745000.0,58956000.0,67865000.0,70132000.0,30661000.0,48612000.0,8628000.0,15198000.0
20241104,3479200.0,22970600.0,23585180.0,19617600.0,22482210.0,13518790.0,11629400.0,5491800.0,3901990.0,54194000.0,55622000.0,46230000.0,52983000.0,31843000.0,27413000.0,12940000.0,9189000.0
20241105,55705980.0,60414610.0,77902690.0,93503390.0,131721280.0,120457310.0,124757680.0,136035760.0,76029410.0,133871000.0,171927000.0,206977000.0,290432000.0,265555000.0,274946000.0,296006000.0,165103000.0
20241106,-15208290.0,87181530.0,74908940.0,121222970.0,118287270.0,115266920.0,127247910.0,58757890.0,61985190.0,185280000.0,159094000.0,257267000.0,251043000.0,244269000.0,269829000.0,123998000.0,130848000.0
20241107,-14835430.0,74062510.0,64101870.0,89400160.0,84525380.0,60605230.0,63205590.0,17626910.0,29861980.0,163840000.0,141808000.0,197963000.0,187095000.0,134171000.0,139805000.0,38970000.0,66235000.0
20241108,3672370.0,69083650.0,64884240.0,90279630.0,98151410.0,72306610.0,78972510.0,41292740.0,30954470.0,146225000.0,137266000.0,191008000.0,207663000.0,153057000.0,167198000.0,87388000.0,65552000.0
20241111,-7488970.0,54957560.0,49200350.0,70438030.0,68706270.0,53749480.0,60271940.0,23003750.0,23970260.0,117855000.0,105415000.0,150939000.0,147215000.0,115154000.0,129226000.0,49298000.0,51391000.0
20241112,-32268420.0,62872410.0,44675170.0,74440430.0,60369240.0,50377520.0,63836600.0,16887130.0,35696470.0,137765000.0,97809000.0,162780000.0,131942000.0,110105000.0,139520000.0,36873000.0,78253000.0
20241113,-3982200.0,45592730.0,40501210.0,44642750.0,45752070.0,29560090.0,29630890.0,9095810.0,13007210.0,102472000.0,90868000.0,100284000.0,102769000.0,66323000.0,66565000.0,20345000.0,29223000.0
20241114,-6437100.0,36555930.0,36746210.0,45963080.0,39335710.0,28946340.0,32402250.0,5791510.0,8772700.0,82586000.0,82845000.0,103774000.0,88755000.0,65243000.0,73243000.0,13066000.0,19825000.0
20241115,-10727930.0,43277400.0,32373770.0,40236870.0,40412570.0,25691340.0,28189260.0,8071520.0,16301530.0,101492000.0,75909000.0,94387000.0,94748000.0,60243000.0,66144000.0,18989000.0,38310000.0
20241118,1391100.0,44508540.0,42323880.0,41451460.0,45027220.0,33647930.0,32875200.0,9447880.0,8829510.0,105267000.0,100049000.0,98048000.0,106364000.0,79355000.0,77621000.0,22207000.0,20844000.0
20241119,1392720.0,29349340.0,28672840.0,26902940.0,28972160.0,15884440.0,16311070.0,6157260.0,4337910.0,70161000.0,68505000.0,64311000.0,69232000.0,37916000.0,38923000.0,14624000.0,10352000.0
20241120,-2552310.0,31843510.0,30672000.0,30607140.0,29226340.0,22741130.0,20876500.0,4037600.0,8454540.0,74926000.0,72144000.0,72049000.0,68781000.0,53536000.0,49189000.0,9507000.0,19903000.0
20241121,-3943810.0,22270300.0,18799250.0,27231130.0,26758370.0,11870960.0,13912250.0,1870200.0,3772720.0,52463000.0,44276000.0,64151000.0,63036000.0,27946000.0,32775000.0,4403000.0,8876000.0
20241122,-4438520.0,25918000.0,22597180.0,25211930.0,24094210.0,17252920.0,17944710.0,2676270.0,6423000.0,61960000.0,53988000.0,60278000.0,57580000.0,41231000.0,42926000.0,6416000.0,15390000.0
20241125,-6230400.0,33705660.0,31065170.0,32692280.0,29102370.0,16508770.0,15604030.0,6627400.0,13762540.0,83577000.0,76905000.0,81035000.0,72134000.0,40980000.0,38691000.0,16554000.0,34415000.0
20241126,-1446540.0,27914670.0,24273030.0,18006900.0,20202010.0,9385630.0,10361140.0,2829260.0,3300290.0,68575000.0,59622000.0,44253000.0,49622000.0,23045000.0,25468000.0,6953000.0,8115000.0
20241127,-1092150.0,28992760.0,28170150.0,25755330.0,25485800.0,11600070.0,12190180.0,4068810.0,4570850.0,70918000.0,68839000.0,62944000.0,62303000.0,28356000.0,29818000.0,9915000.0,11174000.0
20241128,2789600.0,22756360.0,25665350.0,19871900.0,19752510.0,12716980.0,9957240.0,3187980.0,3158120.0,54865000.0,61906000.0,47918000.0,47636000.0,30649000.0,23971000.0,7691000.0,7611000.0
20241129,-4800770.0,28313620.0,23037370.0,23920570.0,24396050.0,13632160.0,18983720.0,3879270.0,3328480.0,67978000.0,55324000.0,57468000.0,58594000.0,32794000.0,45610000.0,9305000.0,8017000.0
20241202,-1064120.0,41652160.0,35726800.0,37893060.0,42754290.0,21490860.0,20147170.0,10756190.0,13164000.0,99691000.0,85518000.0,90725000.0,102353000.0,51445000.0,48199000.0,25763000.0,31553000.0
20241203,831980.0,18377200.0,18695000.0,20605750.0,21119920.0,14326380.0,15662410.0,6492940.0,4324930.0,44337000.0,45085000.0,49678000.0,50903000.0,34514000.0,37740000.0,15612000.0,10412000.0
20241204,4965410.0,18772690.0,19669270.0,17185450.0,21254290.0,9728670.0,12230460.0,9668300.0,2201100.0,45487000.0,47657000.0,41634000.0,51483000.0,23564000.0,29632000.0,23423000.0,5336000.0
20241205,2155740.0,15897980.0,17241100.0,18459020.0,19271640.0,10975220.0,9328520.0,3849400.0,3340360.0,38263000.0,41452000.0,44367000.0,46310000.0,26366000.0,22416000.0,9230000.0,8048000.0
20241206,1211940.0,18344000.0,18257480.0,18159630.0,19458090.0,11700630.0,10409590.0,2712390.0,2791490.0,43852000.0,43651000.0,43421000.0,46517000.0,27974000.0,24892000.0,6493000.0,6679000.0
20241209,-8220620.0,37177420.0,28188730.0,40894940.0,41663010.0,23612210.0,24048170.0,5483300.0,13267960.0,91468000.0,69304000.0,100522000.0,102521000.0,58063000.0,59101000.0,13490000.0,32618000.0
20241210,-3089910.0,28120670.0,22198510.0,29159830.0,31992100.0,14356440.0,18199510.0,4732370.0,3979210.0,68872000.0,54363000.0,71385000.0,78317000.0,35139000.0,44527000.0,11534000.0,9723000.0
20241211,-78410.0,16414100.0,15528710.0,13486240.0,14293210.0,8411110.0,7685720.0,1761190.0,2564990.0,40649000.0,38453000.0,33404000.0,35400000.0,20823000.0,19035000.0,4357000.0,6347000.0
20241212,-616930.0,28630080.0,27352850.0,30184300.0,30844590.0,18625370.0,20224070.0,6221700.0,5239930.0,69396000.0,66307000.0,73133000.0,74719000.0,45099000.0,48970000.0,15061000.0,12693000.0
20241213,-24530.0,26913910.0,25083740.0,26873880.0,28679530.0,16236550.0,15376040.0,9106550.0,9991590.0,66845000.0,62282000.0,66716000.0,71183000.0,40320000.0,38136000.0,22510000.0,24789000.0
20241216,-15180.0,22720000.0,20484160.0,16260300.0,18480950.0,9802380.0,10594240.0,1790970.0,1014290.0,56927000.0,51321000.0,40733000.0,46300000.0,24551000.0,26535000.0,4482000.0,2537000.0
20241217,-514380.0,13582710.0,12424750.0,10044110.0,10687690.0,5586620.0,6985760.0,3167530.0,2282770.0,33992000.0,31087000.0,25125000.0,26743000.0,13971000.0,17486000.0,7942000.0,5714000.0
20241218,-3025070.0,14519950.0,11984330.0,13041560.0,12552110.0,7772470.0,8500220.0,1757200.0,4054520.0,36290000.0,29956000.0,32598000.0,31372000.0,19434000.0,21250000.0,4397000.0,10141000.0
20241219,-2399120.0,13809300.0,11339130.0,9423950.0,9495000.0,4713780.0,5750100.0,1610600.0,2973400.0,34678000.0,28476000.0,23672000.0,23848000.0,11838000.0,14447000.0,4054000.0,7472000.0
20241220,504270.0,12287230.0,12052140.0,10454240.0,11193600.0,7398530.0,7422080.0,3660760.0,3132940.0,30707000.0,30117000.0,26128000.0,27979000.0,18490000.0,18554000.0,9163000.0,7838000.0
20241223,2333700.0,21749620.0,20072190.0,19213670.0,23224800.0,8806500.0,10366200.0,8173230.0,4279830.0,54878000.0,50629000.0,48460000.0,58585000.0,22187000.0,26103000.0,20545000.0,10753000.0
20241224,597860.0,15724040.0,15552790.0,12694550.0,13463660.0,8193150.0,5473650.0,399250.0,2520890.0,39650000.0,39221000.0,32012000.0,33952000.0,20663000.0,13804000.0,1006000.0,6353000.0
20241225,-1297700.0,19062220.0,19136590.0,18872710.0,17500640.0,11881050.0,10248590.0,6220760.0,9150920.0,47586000.0,47801000.0,47033000.0,43602000.0,29591000.0,25562000.0,15503000.0,22749000.0
20241226,223420.0,26747560.0,28032410.0,31498130.0,30436700.0,21564620.0,20747150.0,8218480.0,8812530.0,64889000.0,68005000.0,76394000.0,73784000.0,52244000.0,50279000.0,19917000.0,21377000.0
20241227,-9840750.0,32876190.0,34828290.0,63694450.0,51901590.0,40315060.0,44641310.0,22053230.0,27567730.0,79192000.0,83922000.0,153436000.0,125038000.0,96870000.0,107426000.0,52875000.0,65987000.0
20241230,-3246370.0,21355200.0,19811120.0,25567350.0,23865060.0,17880860.0,20718620.0,11921040.0,12329650.0,52016000.0,48264000.0,62262000.0,58106000.0,43530000.0,50426000.0,29024000.0,30035000.0
20241231,-2544700.0,32198810.0,33014360.0,47249650.0,43889400.0,32974000.0,28552150.0,5728000.0,12694550.0,77919000.0,79803000.0,114179000.0,106066000.0,79549000.0,68985000.0,13889000.0,30682000.0
20250102,-1190750.0,24889390.0,26495540.0,33744480.0,30947580.0,15062590.0,14242240.0,3519810.0,5530910.0,61110000.0,64900000.0,82650000.0,75831000.0,36840000.0,34935000.0,8614000.0,13548000.0
20250103,-392180.0,27106880.0,23473390.0,20947460.0,24188770.0,14650210.0,14671480.0,4401640.0,4772550.0,68582000.0,59451000.0,53026000.0,61189000.0,37233000.0,37219000.0,11184000.0,12165000.0
20250106,-270330.0,19764690.0,18424910.0,16137060.0,17206520.0,12156040.0,12246100.0,8552010.0,8732280.0,51495000.0,47998000.0,42070000.0,44843000.0,31691000.0,31877000.0,22301000.0,22839000.0
20250107,-711930.0,15683160.0,15641120.0,11370590.0,10700710.0,4853980.0,5937680.0,1835370.0,1463600.0,40864000.0,40746000.0,29625000.0,27881000.0,12648000.0,15475000.0,4774000.0,3810000.0
20250108,-5610550.0,24938730.0,23350610.0,19424050.0,15401600.0,10023990.0,11557390.0,2802770.0,6879920.0,66128000.0,61890000.0,51382000.0,40814000.0,26541000.0,30537000.0,7442000.0,18252000.0
20250109,4208830.0,27199250.0,30504080.0,21658400.0,22562400.0,15614370.0,11850640.0,2899380.0,2454280.0,70883000.0,79401000.0,56276000.0,58648000.0,40585000.0,30762000.0,7495000.0,6428000.0
20250110,-484840.0,18239100.0,16636060.0,12760870.0,13879070.0,8363330.0,9692960.0,4080040.0,3235250.0,46659000.0,42530000.0,32576000.0,35446000.0,21341000.0,24775000.0,10410000.0,8234000.0
20250113,-1490040.0,16305390.0,15289620.0,11850440.0,11376170.0,7102070.0,7120110.0,1545220.0,3017220.0,42210000.0,39495000.0,30622000.0,29413000.0,18344000.0,18483000.0,3980000.0,7764000.0
20250114,-3391570.0,25197300.0,24792720.0,28427300.0,25440300.0,22932330.0,21970980.0,5768910.0,10121830.0,64638000.0,63614000.0,72931000.0,65272000.0,58782000.0,56358000.0,14770000.0,25877000.0
20250115,288800.0,15291960.0,16234880.0,13102170.0,12448050.0,5235000.0,9210990.0,5969390.0,1704600.0,39520000.0,41950000.0,33848000.0,32135000.0,13506000.0,23766000.0,15375000.0,4398000.0
20250116,-1951410.0,15601080.0,15946430.0,15388840.0,13092090.0,7404880.0,9954120.0,1574010.0,976180.0,40488000.0,41375000.0,39853000.0,33910000.0,19181000.0,25812000.0,4102000.0,2527000.0
20250117,241680.0,19395860.0,19754940.0,19322440.0,19205050.0,14703510.0,10868450.0,4162710.0,7756090.0,50129000.0,50999000.0,49873000.0,49563000.0,37819000.0,28004000.0,10682000.0,19937000.0
20250120,-6337320.0,17743190.0,14913720.0,17157930.0,13650070.0,8919650.0,7338980.0,3605240.0,11523230.0,45373000.0,38154000.0,43851000.0,34909000.0,22781000.0,18772000.0,9222000.0,29392000.0
20250121,832830.0,19870660.0,16224660.0,14191590.0,18670420.0,5990470.0,8432340.0,5402950.0,2128250.0,51905000.0,42353000.0,37105000.0,48789000.0,15647000.0,22002000.0,14040000.0,5552000.0
20250122,-2823910.0,18949990.0,16018930.0,13218850.0,13325990.0,6477810.0,7118780.0,2142940.0,4325880.0,50558000.0,42740000.0,35253000.0,35531000.0,17290000.0,18991000.0,5720000.0,11558000.0
20250123,-1390130.0,19514020.0,16705570.0,16253720.0,17672040.0,7366050.0,7413820.0,1137690.0,2480050.0,51951000.0,44446000.0,43264000.0,47008000.0,19604000.0,19772000.0,3035000.0,6628000.0
20250124,289690.0,13301550.0,12303230.0,11474700.0,12762700.0,4548690.0,4724320.0,992660.0,527340.0,35651000.0,32970000.0,30746000.0,34204000.0,12186000.0,12655000.0,2659000.0,1413000.0
20250127,-2275400.0,13476010.0,12102550.0,10368630.0,9466690.0,5773880.0,6869290.0,970170.0,2150160.0,35838000.0,32188000.0,27581000.0,25173000.0,15353000.0,18272000.0,2576000.0,5715000.0
20250205,-4637470.0,17893210.0,13931540.0,13297680.0,12621870.0,6376450.0,7987460.0,1987510.0,5013970.0,47305000.0,36848000.0,35174000.0,33391000.0,16887000.0,21132000.0,5263000.0,13258000.0
20250206,3988330.0,19080880.0,21037030.0,15482180.0,17514360.0,12365990.0,9567140.0,4596540.0,3407060.0,49425000.0,54467000.0,40076000.0,45302000.0,31991000.0,24750000.0,11851000.0,8824000.0
20250207,1138380.0,19400440.0,19260180.0,16767770.0,18046410.0,13368960.0,11426370.0,2797440.0,3601650.0,49884000.0,49525000.0,43094000.0,46368000.0,34334000.0,29361000.0,7187000.0,9245000.0
20250210,-1359530.0,14248200.0,13958920.0,16382600.0,15312340.0,5623750.0,7379480.0,2009380.0,1613180.0,36724000.0,35977000.0,42219000.0,39466000.0,14492000.0,19017000.0,5181000.0,4156000.0
20250211,344180.0,16842740.0,15773050.0,16427180.0,17841060.0,9604270.0,11548080.0,5800500.0,3512510.0,44049000.0,41242000.0,42958000.0,46651000.0,25107000.0,30184000.0,15147000.0,9184000.0
20250212,-512300.0,12410720.0,12218030.0,11239460.0,10919840.0,5881470.0,5764180.0,1323270.0,1952860.0,32476000.0,31969000.0,29406000.0,28571000.0,15384000.0,15083000.0,3458000.0,5101000.0
20250213,4317950.0,33082300.0,35096510.0,30100460.0,32404210.0,27730350.0,21453650.0,7911990.0,9870740.0,84411000.0,89450000.0,76722000.0,82610000.0,70564000.0,54655000.0,20162000.0,25144000.0
20250214,-2465200.0,20632710.0,17563860.0,18100200.0,18703850.0,10685230.0,12287120.0,4397210.0,5260520.0,53486000.0,45530000.0,46877000.0,48459000.0,27699000.0,31825000.0,11392000.0,13640000.0
20250217,-11253680.0,38328200.0,31875390.0,40356420.0,35555550.0,26577400.0,32321390.0,10935900.0,16445590.0,101793000.0,84694000.0,107119000.0,94456000.0,70468000.0,85651000.0,28986000.0,43563000.0
20250218,-3758750.0,27501620.0,24872410.0,28102460.0,26972920.0,16875530.0,16582930.0,9949220.0,14000570.0,73978000.0,66883000.0,75592000.0,72548000.0,45353000.0,44596000.0,26729000.0,37624000.0
20250219,-1168890.0,16707600.0,16544840.0,18184900.0,17178760.0,13005600.0,13668310.0,6105490.0,6611670.0,45338000.0,44857000.0,49356000.0,46590000.0,35280000.0,37085000.0,16525000.0,17968000.0
20250220,-477170.0,18813150.0,16850970.0,19717670.0,21202680.0,12819170.0,12065300.0,3051800.0,4282840.0,50978000.0,45635000.0,53426000.0,57441000.0,34723000.0,32711000.0,8253000.0,11593000.0
20250221,-3727070.0,22937800.0,17575190.0,29157980.0,30793510.0,16582150.0,18792640.0,4309730.0,5826310.0,62119000.0,47586000.0,78959000.0,83380000.0,44913000.0,50890000.0,11661000.0,15796000.0
20250224,-1479810.0,21269600.0,23422490.0,25522680.0,21889980.0,15083290.0,15165970.0,4826700.0,6223830.0,57586000.0,63386000.0,69087000.0,59232000.0,40813000.0,41053000.0,13067000.0,16883000.0
20250225,-11698210.0,35623740.0,24327570.0,33447760.0,33045720.0,20019220.0,30483700.0,6830230.0,8063960.0,98351000.0,67130000.0,92320000.0,91211000.0,55285000.0,84184000.0,18866000.0,22296000.0
20250226,-2719450.0,24851700.0,24638740.0,23381410.0,20874920.0,15632850.0,16943910.0,4289310.0,5697700.0,68837000.0,68253000.0,64754000.0,57800000.0,43297000.0,46933000.0,11903000.0,15806000.0
20250227,-1380960.0,24453240.0,24083560.0,20966050.0,19954770.0,11907280.0,12129600.0,4359170.0,5517810.0,68338000.0,67301000.0,58601000.0,55751000.0,33282000.0,33905000.0,12194000.0,15459000.0
20250228,-7085580.0,29134750.0,21446950.0,25929740.0,26531960.0,12435160.0,19930250.0,5688190.0,5278680.0,82001000.0,60317000.0,72923000.0,74653000.0,34936000.0,56020000.0,16025000.0,14896000.0
20250303,-524550.0,19153350.0,19240710.0,20280500.0,19668580.0,13121080.0,12660630.0,2051080.0,3036080.0,53889000.0,54106000.0,57023000.0,55315000.0,36868000.0,35585000.0,5759000.0,8532000.0
20250304,5419840.0,27553510.0,29827600.0,30993110.0,34138850.0,21512070.0,19345990.0,9548880.0,6295120.0,76435000.0,82729000.0,85932000.0,94647000.0,59646000.0,53665000.0,26487000.0,17460000.0
20250305,2212920.0,17075520.0,18660620.0,17838440.0,18466270.0,11515720.0,11363370.0,4956830.0,2896260.0,47470000.0,51857000.0,49559000.0,51296000.0,31968000.0,31545000.0,13741000.0,8040000.0
20250306,-4767220.0,24470620.0,19289570.0,27041410.0,27455240.0,17517380.0,20339730.0,5828410.0,7773280.0,68071000.0,53612000.0,75244000.0,76336000.0,48737000.0,56671000.0,16250000.0,21683000.0
20250307,8668150.0,67930120.0,69669620.0,81696060.0,88624720.0,65371950.0,65563320.0,39896800.0,31037280.0,179267000.0,184267000.0,216063000.0,234378000.0,173404000.0,173484000.0,105475000.0,82080000.0
20250310,-5317490.0,38356280.0,34976670.0,41826770.0,39888890.0,30510840.0,30586080.0,9756440.0,14998690.0,100681000.0,91737000.0,109654000.0,104551000.0,79945000.0,80171000.0,25573000.0,39394000.0
20250311,8683180.0,36848050.0,41143630.0,39144270.0,43531870.0,34434600.0,34078410.0,21840760.0,13513770.0,95914000.0,106919000.0,101822000.0,113127000.0,89423000.0,88601000.0,56697000.0,35209000.0
20250312,-6258550.0,33676810.0,30100040.0,34143420.0,31461650.0,22884780.0,25621810.0,9547310.0,13068830.0,87149000.0,77877000.0,88306000.0,81370000.0,59211000.0,66257000.0,24669000.0,33831000.0
20250313,4524260.0,37617820.0,39976360.0,38119350.0,40285070.0,35347680.0,31883170.0,14653010.0,13593260.0,97496000.0,103439000.0,98640000.0,104242000.0,91413000.0,82499000.0,37857000.0,35226000.0
20250314,3037120.0,31159140.0,34178840.0,31610920.0,31628330.0,21832890.0,25790020.0,17476560.0,10482310.0,81228000.0,88946000.0,82352000.0,82364000.0,56883000.0,67219000.0,45400000.0,27334000.0
20250317,-3164180.0,22065250.0,21343540.0,20109490.0,17667020.0,14050600.0,14417950.0,6124900.0,8921730.0,57302000.0,55411000.0,52183000.0,45824000.0,36425000.0,37393000.0,15884000.0,23165000.0
20250318,-1596360.0,19891520.0,17668210.0,16770850.0,17397790.0,10714580.0,11479630.0,4286920.0,5118230.0,52137000.0,46310000.0,43943000.0,45588000.0,28078000.0,30076000.0,11241000.0,13424000.0
20250319,-11788370.0,28002750.0,17342910.0,20899930.0,19771390.0,11987730.0,18215840.0,1833120.0,7393380.0,74000000.0,45811000.0,55219000.0,52234000.0,31673000.0,48136000.0,4839000.0,19550000.0
20250320,3607990.0,24017140.0,27172240.0,26148350.0,26601240.0,19050510.0,15805280.0,5159930.0,4797170.0,63154000.0,71370000.0,68669000.0,69837000.0,49982000.0,41508000.0,13566000.0,12656000.0
20250321,915170.0,23170990.0,22120020.0,20878600.0,22844730.0,14768570.0,15621630.0,8577480.0,6809250.0,61349000.0,58482000.0,55215000.0,60405000.0,39016000.0,41356000.0,22671000.0,18008000.0
20250324,-4378210.0,25005220.0,19710990.0,21325770.0,22241780.0,13485880.0,14992870.0,9972280.0,12843500.0,67522000.0,53159000.0,57484000.0,59969000.0,36365000.0,40445000.0,26909000.0,34706000.0
20250325,-2543540.0,19506150.0,17288650.0,18949370.0,18623320.0,12294010.0,13320410.0,3763090.0,5280230.0,52510000.0,46506000.0,50972000.0,50079000.0,33071000.0,35851000.0,10131000.0,14248000.0
20250326,-371340.0,14589710.0,14569230.0,13764730.0,13413870.0,8795740.0,9526640.0,3041490.0,2681930.0,39501000.0,39435000.0,37262000.0,36310000.0,23811000.0,25796000.0,8231000.0,7264000.0
20250327,-452460.0,15888800.0,16921150.0,13009530.0,11524720.0,8615920.0,8014870.0,1024140.0,2077650.0,43356000.0,46171000.0,35506000.0,31449000.0,23516000.0,21892000.0,2793000.0,5659000.0
20250328,-901420.0,14131780.0,13206900.0,11432230.0,11455680.0,5106080.0,6364210.0,1766910.0,1410200.0,38600000.0,36086000.0,31220000.0,31288000.0,13953000.0,17387000.0,4836000.0,3848000.0
20250331,-1184690.0,34549440.0,31790280.0,19571850.0,21146320.0,10370220.0,13536680.0,7605610.0,5623840.0,96071000.0,88353000.0,54390000.0,58725000.0,28800000.0,37590000.0,21033000.0,15625000.0
20250401,2174660.0,21767810.0,24675060.0,19332170.0,18599570.0,11435260.0,10248770.0,3781560.0,2793390.0,59208000.0,67132000.0,52608000.0,50610000.0,31122000.0,27895000.0,10309000.0,7609000.0
20250402,-33149600.0,97596180.0,71045210.0,104925470.0,98326840.0,85533940.0,95833300.0,39108950.0,61959190.0,293065000.0,213481000.0,315055000.0,295160000.0,256876000.0,287450000.0,117402000.0,186307000.0
20250403,-12565030.0,39764190.0,32556890.0,42708640.0,37350910.0,23156340.0,26534720.0,5070560.0,14257210.0,121545000.0,99461000.0,130519000.0,114145000.0,70749000.0,81138000.0,15491000.0,43560000.0
20250407,-12754470.0,62219880.0,44710900.0,50277930.0,55032430.0,29142550.0,37190680.0,11603750.0,16310090.0,196190000.0,140669000.0,158384000.0,173298000.0,91776000.0,117275000.0,36429000.0,51537000.0
20250408,1980620.0,42257710.0,41071060.0,30298650.0,33465910.0,18637300.0,22150690.0,12830680.0,7336670.0,131939000.0,128108000.0,94599000.0,104434000.0,58145000.0,69169000.0,39806000.0,22779000.0
20250409,11450000.0,53985370.0,60759360.0,52011920.0,56687930.0,39484480.0,35945770.0,20655150.0,12743860.0,159886000.0,179884000.0,154495000.0,168301000.0,117216000.0,107006000.0,61225000.0,37632000.0
20250410,771770.0,38429260.0,38801370.0,40072160.0,40471820.0,28014350.0,26357570.0,10451190.0,11336200.0,112327000.0,113376000.0,117123000.0,118269000.0,81893000.0,77028000.0,30504000.0,33174000.0
20250411,-2437130.0,26805690.0,22510620.0,24532030.0,26389960.0,14822110.0,16034040.0,6126210.0,7351410.0,78197000.0,65620000.0,71526000.0,76925000.0,43185000.0,46739000.0,17852000.0,21476000.0
20250414,-3565210.0,26069410.0,22953490.0,25620170.0,25170880.0,15647150.0,16562370.0,6488160.0,9138150.0,75846000.0,66716000.0,74482000.0,73173000.0,45472000.0,48196000.0,18820000.0,26535000.0
20250415,-2794260.0,22403960.0,20276310.0,20083170.0,19416560.0,12238480.0,16137400.0,5846410.0,4741750.0,66548000.0,60266000.0,59604000.0,57638000.0,36370000.0,47918000.0,17367000.0,14067000.0
20250416,3060560.0,29844930.0,32799640.0,25956920.0,26062770.0,17465800.0,18436100.0,9980550.0,5949690.0,87895000.0,96436000.0,76253000.0,76415000.0,51078000.0,54005000.0,28886000.0,17257000.0
20250417,2819460.0,21417300.0,23882970.0,23570740.0,23924530.0,15798060.0,15707790.0,7138270.0,4409080.0,62485000.0,69657000.0,68772000.0,69759000.0,46062000.0,45832000.0,20803000.0,12874000.0
20250418,-3281690.0,16724940.0,13103730.0,11122010.0,11461540.0,6126830.0,8247190.0,2152610.0,3313940.0,49257000.0,38586000.0,32755000.0,33746000.0,18043000.0,24287000.0,6336000.0,9772000.0
20250421,18370.0,21699020.0,22648860.0,21365990.0,20434530.0,15330810.0,14687460.0,3714780.0,4339760.0,63141000.0,65843000.0,62129000.0,59380000.0,44516000.0,42718000.0,10787000.0,12631000.0
20250422,16070.0,16816410.0,14643760.0,13388280.0,15577010.0,10234130.0,10879890.0,4188540.0,3526710.0,49068000.0,42699000.0,39059000.0,45418000.0,29837000.0,31732000.0,12181000.0,10295000.0
20250423,-5503460.0,24698180.0,18394200.0,17895610.0,18696130.0,10631990.0,15236140.0,3470330.0,4369640.0,73151000.0,54500000.0,52996000.0,55377000.0,31517000.0,45114000.0,10268000.0,12942000.0
20250424,-5054440.0,18541870.0,14113460.0,14698620.0,14072600.0,9609070.0,13804430.0,3992350.0,4851430.0,55623000.0,42329000.0,44074000.0,42182000.0,28798000.0,41383000.0,11960000.0,14561000.0
20250425,-2573880.0,14450900.0,12596120.0,11828960.0,11109870.0,9892510.0,9049750.0,2723010.0,6139650.0,43499000.0,37868000.0,35616000.0,33429000.0,29769000.0,27251000.0,8203000.0,18539000.0
20250428,-1828620.0,20872890.0,20429200.0,16434240.0,15049310.0,9710180.0,10641030.0,2639250.0,3537020.0,63444000.0,62096000.0,49939000.0,45739000.0,29501000.0,32324000.0,8020000.0,10744000.0
20250429,-944480.0,19782920.0,17081890.0,13094270.0,14850830.0,7399050.0,6998460.0,1864960.0,3210030.0,60617000.0,52356000.0,40144000.0,45525000.0,22696000.0,21461000.0,5727000.0,9841000.0
20250430,-2003840.0,18068240.0,16249170.0,14934860.0,14750100.0,9255930.0,11562660.0,2661450.0,2358560.0,55287000.0,49695000.0,45718000.0,45139000.0,28341000.0,35412000.0,8151000.0,7250000.0
20250506,-5250.0,16839490.0,14911930.0,11351640.0,13273950.0,8303690.0,8285970.0,3354750.0,3377720.0,50761000.0,44951000.0,34229000.0,40020000.0,25033000.0,24982000.0,10110000.0,10179000.0
20250507,3816330.0,45996680.0,43515110.0,45729670.0,52027560.0,38386940.0,38229120.0,20171640.0,16513130.0,134352000.0,126796000.0,133320000.0,151488000.0,111667000.0,111308000.0,58615000.0,48361000.0
20250508,5608060.0,41467320.0,44508150.0,51610840.0,54178070.0,42660860.0,38755290.0,17665900.0,15963410.0,119620000.0,128166000.0,148796000.0,155979000.0,122627000.0,111658000.0,50650000.0,45890000.0
20250509,-31930.0,39584740.0,39613710.0,26728910.0,26668020.0,16198280.0,15908330.0,4167070.0,4488950.0,115195000.0,115300000.0,77734000.0,77560000.0,47073000.0,46248000.0,12129000.0,13022000.0
20250512,-3780960.0,82594470.0,79648540.0,78259620.0,77424580.0,48371210.0,46360500.0,18952450.0,24744120.0,231108000.0,222711000.0,219023000.0,216492000.0,135280000.0,129764000.0,52727000.0,69171000.0
20250513,-4021300.0,48111660.0,44955600.0,40926000.0,40060750.0,21293690.0,23159360.0,4028320.0,6183950.0,136925000.0,127919000.0,116356000.0,113901000.0,60464000.0,65875000.0,11436000.0,17486000.0
20250514,-476440.0,26136130.0,25426530.0,20487940.0,20721100.0,13102240.0,13275900.0,2885090.0,3187870.0,75681000.0,73622000.0,59322000.0,59984000.0,37918000.0,38426000.0,8354000.0,9242000.0
20250515,-1764200.0,20450660.0,19460900.0,17094200.0,16319770.0,9331340.0,12157840.0,5118720.0,4056420.0,59630000.0,56713000.0,49802000.0,47517000.0,27161000.0,35426000.0,14886000.0,11824000.0
20250516,-243360.0,29184580.0,29126350.0,22704740.0,22519610.0,11119340.0,12971380.0,4721630.0,3112950.0,85752000.0,85592000.0,66650000.0,66083000.0,32620000.0,38058000.0,13828000.0,9117000.0
20250519,1781380.0,18705900.0,19098190.0,16604400.0,17993490.0,9872260.0,8519010.0,2065140.0,1637010.0,54940000.0,56093000.0,48760000.0,52832000.0,28991000.0,25028000.0,6072000.0,4810000.0
20250520,-582740.0,16678310.0,16933640.0,12814670.0,11976610.0,6613810.0,8025250.0,2828280.0,1999580.0,49152000.0,49911000.0,37761000.0,35292000.0,19501000.0,23658000.0,8339000.0,5892000.0
20250521,-2552530.0,23553830.0,21945390.0,17681220.0,16737130.0,7433380.0,8284960.0,2828750.0,4529700.0,68613000.0,63941000.0,51531000.0,48763000.0,21662000.0,24137000.0,8251000.0,13216000.0
20250522,639930.0,21576940.0,22295350.0,18051610.0,17973140.0,8042740.0,8080270.0,1782070.0,1104610.0,62917000.0,65029000.0,52640000.0,52404000.0,23470000.0,23566000.0,5193000.0,3221000.0
20250523,-2620020.0,19274540.0,16697380.0,13842660.0,13799800.0,6644860.0,7832150.0,1996740.0,3429470.0,56514000.0,48958000.0,40597000.0,40450000.0,19479000.0,22958000.0,5846000.0,10070000.0
20250526,-199640.0,12399990.0,11364980.0,6967610.0,7802970.0,3945350.0,4630060.0,1154810.0,669740.0,36483000.0,33442000.0,20500000.0,22954000.0,11604000.0,13616000.0,3401000.0,1976000.0
20250527,359300.0,13101810.0,13281750.0,9702790.0,9882170.0,5024420.0,5184020.0,2646510.0,2127610.0,38881000.0,39405000.0,28799000.0,29314000.0,14902000.0,15377000.0,7835000.0,6320000.0
20250528,480190.0,11018990.0,11189590.0,7904740.0,8214320.0,4113670.0,4023280.0,1141370.0,751570.0,32604000.0,33113000.0,23394000.0,24309000.0,12174000.0,11899000.0,3375000.0,2226000.0
20250529,2644770.0,42781370.0,42823750.0,34106240.0,36708630.0,21371600.0,19370350.0,8041130.0,7397610.0,123836000.0,123853000.0,98732000.0,106176000.0,61726000.0,56101000.0,23438000.0,21601000.0
20250530,-4288160.0,62678880.0,58374120.0,50938170.0,50954760.0,30622050.0,29911340.0,10291310.0,15290180.0,175319000.0,163227000.0,142461000.0,142518000.0,85672000.0,83666000.0,28846000.0,42886000.0
20250603,-2831620.0,56440900.0,52496450.0,44164400.0,45277220.0,26375210.0,31675300.0,6483180.0,4014710.0,157808000.0,146696000.0,123324000.0,126443000.0,73604000.0,88541000.0,18107000.0,11163000.0
20250604,-1199490.0,31326520.0,29880630.0,24609260.0,24855670.0,13527570.0,11571120.0,2414790.0,5570730.0,89263000.0,85137000.0,70124000.0,70826000.0,38551000.0,32977000.0,6883000.0,15881000.0
20250605,523890.0,41068960.0,43410880.0,31065600.0,29247570.0,15118310.0,13816070.0,3924730.0,4703080.0,116428000.0,123013000.0,88026000.0,82879000.0,42842000.0,39180000.0,11132000.0,13357000.0
20250606,354340.0,27695370.0,30041690.0,21928010.0,19936040.0,11104090.0,11262650.0,3585720.0,3072820.0,78115000.0,84745000.0,61826000.0,56201000.0,31301000.0,31742000.0,10114000.0,8668000.0
20250609,-84350.0,51976910.0,50683670.0,38957600.0,40166480.0,26126430.0,25259010.0,8816970.0,9768740.0,144089000.0,140524000.0,108037000.0,111390000.0,72494000.0,70034000.0,24414000.0,27088000.0
20250610,-3336260.0,28136760.0,26355080.0,19643300.0,18088730.0,9270650.0,11454490.0,1586940.0,2739360.0,79477000.0,74446000.0,55461000.0,51084000.0,26186000.0,32356000.0,4489000.0,7726000.0
20250611,-547670.0,27284100.0,26361460.0,17199790.0,17574750.0,8630380.0,10490650.0,2922540.0,1609940.0,76436000.0,73863000.0,48204000.0,49262000.0,24204000.0,29406000.0,8206000.0,4519000.0
20250612,567390.0,26412660.0,27643350.0,18762300.0,18098990.0,11243650.0,9233980.0,4213140.0,5655420.0,73491000.0,76919000.0,52188000.0,50349000.0,31284000.0,25691000.0,11720000.0,15724000.0
20250613,1770600.0,34371800.0,38185640.0,30322340.0,28279090.0,18000590.0,16070860.0,5847780.0,6006910.0,95219000.0,105818000.0,83960000.0,78313000.0,49847000.0,44525000.0,16206000.0,16576000.0
20250616,-1130990.0,25047250.0,22286860.0,18788500.0,20417910.0,9221400.0,11144720.0,4717890.0,3925560.0,69852000.0,62170000.0,52396000.0,56955000.0,25718000.0,31081000.0,13175000.0,10936000.0
20250617,-1456120.0,24171020.0,23312990.0,15840010.0,15241930.0,7109170.0,9391290.0,4615170.0,3789170.0,67944000.0,65524000.0,44519000.0,42829000.0,19975000.0,26417000.0,12984000.0,10652000.0
20250618,-1577960.0,24450130.0,24241410.0,22171550.0,20802310.0,8505530.0,9672930.0,2758480.0,3169040.0,68627000.0,68049000.0,62210000.0,58363000.0,23861000.0,27137000.0,7744000.0,8893000.0
20250619,-6134640.0,29133280.0,24906740.0,20720140.0,18812050.0,9685080.0,12006390.0,3702810.0,7516140.0,82748000.0,70752000.0,58878000.0,53438000.0,27541000.0,34125000.0,10527000.0,21379000.0
20250620,-651570.0,13970400.0,13661030.0,10573150.0,10230960.0,5544180.0,5043170.0,1939960.0,3092540.0,39937000.0,39046000.0,30222000.0,29245000.0,15847000.0,14418000.0,5550000.0,8847000.0
20250623,-30400.0,17955840.0,18119290.0,10426190.0,10232340.0,5477600.0,4936020.0,877580.0,1449560.0,51373000.0,51863000.0,29825000.0,29259000.0,15667000.0,14117000.0,2513000.0,4139000.0
20250624,-1820910.0,33179900.0,32479300.0,23133240.0,22012940.0,15728210.0,13791280.0,12247090.0,16004930.0,94860000.0,92795000.0,66281000.0,62986000.0,45071000.0,39475000.0,35161000.0,46117000.0
20250625,-1571220.0,55544240.0,51669640.0,39361700.0,41665080.0,24035360.0,25473940.0,9542210.0,9674850.0,153953000.0,143245000.0,109163000.0,115553000.0,66723000.0,70640000.0,26459000.0,26860000.0
20250626,-3609050.0,47325840.0,44032180.0,34786600.0,34471210.0,21005860.0,23168590.0,11264850.0,12711170.0,129172000.0,120183000.0,94921000.0,94093000.0,57347000.0,63234000.0,30763000.0,34694000.0
20250627,1434870.0,30837860.0,30554090.0,21226560.0,22945200.0,13185230.0,11561590.0,8270670.0,8459440.0,84542000.0,83781000.0,58185000.0,62902000.0,36131000.0,31698000.0,22636000.0,23113000.0
20250630,2263390.0,76307720.0,76920110.0,67617590.0,69268600.0,57700170.0,42545770.0,18218060.0,31109070.0,199812000.0,201398000.0,177253000.0,181470000.0,151139000.0,111507000.0,47767000.0,81596000.0
20250701,2109060.0,42205120.0,45773110.0,31710980.0,30252070.0,18360700.0,15896160.0,9326320.0,9681800.0,111122000.0,120545000.0,83488000.0,79626000.0,48369000.0,41842000.0,24550000.0,25517000.0
20250702,-1460380.0,30453530.0,30243590.0,23873690.0,22623250.0,13229890.0,14754610.0,6406950.0,6342610.0,81292000.0,80736000.0,63736000.0,60379000.0,35332000.0,39407000.0,17112000.0,16949000.0
20250703,3428990.0,21745040.0,24027500.0,15597870.0,16744410.0,9510500.0,8971070.0,5187750.0,2298190.0,58354000.0,64500000.0,41842000.0,44929000.0,25533000.0,24087000.0,13954000.0,6167000.0
20250704,4704850.0,23848080.0,27469240.0,19963020.0,21046710.0,12211710.0,12864880.0,12643270.0,7285250.0,63884000.0,73624000.0,53462000.0,56399000.0,32709000.0,34488000.0,33939000.0,19483000.0
20250707,-1918240.0,27036230.0,25484110.0,19542140.0,19176020.0,11121170.0,10757400.0,11103390.0,13385400.0,72458000.0,68309000.0,52396000.0,51450000.0,29805000.0,28869000.0,29754000.0,35784000.0
20250708,-556460.0,24469620.0,23467240.0,17481840.0,17927760.0,8776970.0,11823330.0,12711710.0,10221810.0,65822000.0,63134000.0,47010000.0,48233000.0,23610000.0,31824000.0,34276000.0,27527000.0
20250709,4006120.0,35880180.0,36071330.0,27506590.0,31321580.0,13391050.0,15598960.0,16727530.0,10513500.0,96255000.0,96722000.0,73728000.0,84006000.0,35903000.0,41868000.0,44799000.0,28089000.0
20250710,2521750.0,32484650.0,33324640.0,21920130.0,23601890.0,10229750.0,9894270.0,5573890.0,3387620.0,88779000.0,91078000.0,59900000.0,64490000.0,27959000.0,27039000.0,15238000.0,9269000.0
20250711,-2181170.0,33859400.0,33421320.0,23050910.0,21307830.0,11000400.0,10966230.0,2713360.0,4928700.0,91178000.0,89993000.0,62084000.0,57392000.0,29647000.0,29551000.0,7313000.0,13286000.0
20250714,2267360.0,26758770.0,29754520.0,18109420.0,17381030.0,10257790.0,8865590.0,4640680.0,3765520.0,72557000.0,80673000.0,49074000.0,47084000.0,27776000.0,24039000.0,12576000.0,10186000.0
20250715,-1054640.0,32194000.0,32856570.0,22017400.0,20300180.0,10023220.0,10842700.0,4538060.0,4773220.0,88240000.0,90063000.0,60346000.0,55626000.0,27474000.0,29708000.0,12416000.0,13079000.0
20250716,67640.0,15954010.0,17293520.0,11457520.0,10185650.0,6274620.0,6430360.0,1026620.0,803240.0,43537000.0,47195000.0,31258000.0,27788000.0,17112000.0,17539000.0,2805000.0,2191000.0
20250717,-3406860.0,50845140.0,49028130.0,46221630.0,44631780.0,23739270.0,22457110.0,7603930.0,12292950.0,135491000.0,130642000.0,123171000.0,118896000.0,63257000.0,59873000.0,20209000.0,32717000.0
20250718,-2163590.0,70294020.0,68534540.0,62279640.0,61875540.0,41637140.0,38097630.0,10603320.0,16306420.0,181473000.0,176842000.0,160730000.0,159723000.0,107318000.0,98321000.0,27380000.0,42014000.0
20250721,-1404220.0,45334910.0,40883350.0,27041410.0,30088760.0,13912110.0,16735520.0,7197620.0,5778430.0,116117000.0,104728000.0,69265000.0,77062000.0,35620000.0,42862000.0,18458000.0,14808000.0
20250722,1670470.0,34333990.0,37495360.0,27113090.0,25622180.0,13233810.0,13555330.0,9563250.0,7571260.0,88106000.0,96227000.0,69535000.0,65705000.0,33947000.0,34777000.0,24494000.0,19374000.0
20250723,-4082500.0,35995470.0,34367410.0,26455150.0,24000720.0,16004780.0,16909040.0,6317400.0,9495640.0,93935000.0,89685000.0,69016000.0,62594000.0,41749000.0,44117000.0,16487000.0,24792000.0
20250724,6019880.0,68096810.0,69821140.0,56519320.0,60814860.0,48771740.0,38260680.0,17245700.0,21736880.0,172580000.0,176932000.0,143311000.0,154132000.0,123369000.0,96869000.0,43566000.0,54893000.0
20250725,-1951260.0,62905470.0,64307540.0,58801900.0,55448570.0,35771780.0,33266760.0,16364490.0,20820770.0,156279000.0,159720000.0,145831000.0,137506000.0,88587000.0,82414000.0,40666000.0,51724000.0
20250728,-879040.0,76808900.0,76414940.0,77317660.0,76832580.0,56957300.0,55196530.0,20342850.0,22982660.0,185441000.0,184403000.0,186668000.0,185468000.0,137703000.0,133432000.0,48842000.0,55350000.0
20250729,-2256170.0,61086190.0,56688790.0,54558290.0,56699520.0,45502480.0,42089870.0,16523620.0,22192400.0,145140000.0,134597000.0,129422000.0,134522000.0,107782000.0,99728000.0,38978000.0,52476000.0
20250730,-4495620.0,58690970.0,56394660.0,55465770.0,53266470.0,35118630.0,41209480.0,15536040.0,13940810.0,137322000.0,131924000.0,129723000.0,124574000.0,82124000.0,96334000.0,36339000.0,32677000.0
20250731,-4258810.0,61502590.0,54004210.0,46624410.0,49863980.0,34196560.0,37007590.0,13158530.0,14606310.0,145682000.0,127901000.0,110413000.0,118011000.0,81040000.0,87717000.0,31067000.0,34572000.0
20250801,-501430.0,46279450.0,48147370.0,37501110.0,35131760.0,21919790.0,20345220.0,6652440.0,8728440.0,111425000.0,116004000.0,90279000.0,84544000.0,52822000.0,48982000.0,16036000.0,21033000.0
20250804,2270820.0,37755280.0,39271770.0,35851960.0,36606290.0,23523510.0,21403630.0,10059250.0,9908310.0,90189000.0,93828000.0,85625000.0,87445000.0,56167000.0,51100000.0,23965000.0,23573000.0
20250805,805180.0,37444100.0,36708150.0,31007940.0,32549080.0,19131260.0,19446060.0,6723530.0,5603550.0,90342000.0,88572000.0,74783000.0,78481000.0,46112000.0,46900000.0,16240000.0,13524000.0
20250806,-328900.0,39785020.0,39926290.0,44143410.0,43673240.0,26029940.0,28720290.0,9951160.0,7589710.0,94942000.0,95272000.0,105315000.0,104180000.0,62109000.0,68521000.0,23715000.0,18108000.0
20250807,749540.0,26513990.0,28542870.0,25593310.0,24313970.0,14896290.0,11798560.0,2266610.0,4614800.0,63765000.0,68655000.0,61563000.0,58478000.0,35831000.0,28370000.0,5448000.0,11104000.0
20250808,164260.0,17649110.0,17374740.0,17780340.0,18218980.0,11021000.0,11071760.0,2966290.0,2751270.0,42520000.0,41866000.0,42837000.0,43890000.0,26562000.0,26679000.0,7149000.0,6633000.0
20250811,5252880.0,27898320.0,32093060.0,28733660.0,29791810.0,17745800.0,14863920.0,8254180.0,5883180.0,67012000.0,77111000.0,68984000.0,71538000.0,42605000.0,35667000.0,19776000.0,14061000.0
20250812,-6442750.0,41059780.0,38158750.0,38938180.0,35396460.0,19852700.0,24830340.0,7348810.0,8813920.0,100376000.0,93264000.0,95184000.0,86531000.0,48527000.0,60729000.0,17949000.0,21512000.0
20250813,4360630.0,35724870.0,37814270.0,32992320.0,35263550.0,17040700.0,15269740.0,7443780.0,4854110.0,87400000.0,92523000.0,80688000.0,86218000.0,41668000.0,37353000.0,18213000.0,11874000.0
20250814,-9469710.0,54337310.0,49245050.0,55500730.0,51123280.0,32974170.0,34378430.0,11306010.0,19371460.0,136160000.0,123302000.0,138764000.0,127829000.0,82513000.0,86039000.0,28305000.0,48571000.0
20250815,-2352090.0,40777550.0,38704210.0,32101050.0,31822310.0,18940370.0,17389100.0,8992700.0,12896060.0,103143000.0,97902000.0,81207000.0,80482000.0,47914000.0,43983000.0,22765000.0,32660000.0
20250818,-588460.0,43846350.0,42895770.0,35857140.0,36219260.0,20721570.0,19420170.0,5165970.0,7055830.0,109775000.0,107401000.0,89751000.0,90658000.0,51871000.0,48581000.0,12920000.0,17677000.0
20250819,-1489020.0,49243100.0,49419760.0,35168790.0,33503110.0,19892560.0,21847890.0,7131320.0,6665010.0,125652000.0,126133000.0,89720000.0,85459000.0,50753000.0,55744000.0,18155000.0,16944000.0
20250820,4528890.0,37705650.0,41597530.0,31941340.0,32578350.0,18163370.0,16955840.0,7778860.0,4457500.0,95878000.0,105795000.0,81169000.0,82792000.0,46137000.0,43063000.0,19760000.0,11294000.0
20250821,3763070.0,46665320.0,48418050.0,40642000.0,42652360.0,25573130.0,23842200.0,9796260.0,7764120.0,117230000.0,121645000.0,102027000.0,107098000.0,64184000.0,59853000.0,24639000.0,19484000.0
20250822,2775000.0,49960020.0,49889800.0,48336340.0,51181560.0,30810210.0,33650070.0,14008560.0,8393700.0,124915000.0,124713000.0,120618000.0,127673000.0,76874000.0,83948000.0,34845000.0,20919000.0
20250825,160470.0,45968380.0,44692870.0,51744720.0,53180700.0,36612290.0,38474180.0,15047390.0,13025030.0,111413000.0,108322000.0,125455000.0,128900000.0,88709000.0,93239000.0,36471000.0,31587000.0
20250826,-2836900.0,37253420.0,35903420.0,41245900.0,39759010.0,23867030.0,24704010.0,7178740.0,9178660.0,91152000.0,87851000.0,100964000.0,97322000.0,58446000.0,60481000.0,17563000.0,22472000.0
20250827,-3211270.0,43583570.0,39726210.0,43985500.0,44631610.0,32923670.0,31979240.0,13778410.0,17934110.0,108025000.0,98459000.0,108975000.0,110542000.0,81522000.0,79189000.0,34130000.0,44461000.0
20250828,-1949150.0,44942740.0,43849300.0,38201890.0,37346180.0,22723560.0,24666320.0,14129270.0,14135660.0,113836000.0,111079000.0,96717000.0,94508000.0,57531000.0,62438000.0,35841000.0,35900000.0
20250829,-3938730.0,41067550.0,38840580.0,46078970.0,44367200.0,26989430.0,28390000.0,5974860.0,8513020.0,102043000.0,96519000.0,114432000.0,110166000.0,67011000.0,70476000.0,14843000.0,21169000.0
20250901,-6638770.0,53931480.0,50813050.0,48459180.0,44938850.0,30675070.0,32779780.0,19225260.0,23759320.0,135089000.0,127279000.0,121210000.0,112394000.0,76805000.0,81972000.0,48070000.0,59528000.0
20250902,-4230430.0,54775930.0,51131000.0,39180810.0,38595310.0,20583490.0,25104680.0,9796170.0,9505410.0,138849000.0,129581000.0,99273000.0,97789000.0,52156000.0,63603000.0,24775000.0,24079000.0
20250903,-5304010.0,86360240.0,76974880.0,53838970.0,57920310.0,25749480.0,29566160.0,12580950.0,14068280.0,223815000.0,199412000.0,139436000.0,149871000.0,66638000.0,76588000.0,32397000.0,36415000.0
20250904,-4096170.0,55560190.0,51859790.0,38793830.0,38398060.0,18400000.0,18854380.0,4198070.0,7839860.0,149596000.0,139627000.0,104385000.0,103267000.0,49451000.0,50708000.0,11294000.0,21124000.0
20250905,-3853010.0,35962160.0,30979350.0,23434620.0,24564420.0,11505260.0,14718490.0,3870570.0,4510350.0,96304000.0,82977000.0,62784000.0,65797000.0,30831000.0,39416000.0,10354000.0,12083000.0
20250908,-3654560.0,29181870.0,25721370.0,23190410.0,22996350.0,12384570.0,14297310.0,3516680.0,5258500.0,77839000.0,68610000.0,61865000.0,61335000.0,33027000.0,38129000.0,9380000.0,14035000.0
20250909,-772360.0,24885250.0,24923670.0,19442720.0,18631940.0,10918500.0,11355500.0,5883140.0,6218500.0,66289000.0,66381000.0,51805000.0,49611000.0,29066000.0,30224000.0,15651000.0,16595000.0
20250910,-2420670.0,29404280.0,27547800.0,23209580.0,22645390.0,15105370.0,12457550.0,5682800.0,10751290.0,79144000.0,74145000.0,62465000.0,60937000.0,40694000.0,33552000.0,15304000.0,28973000.0
20250911,-9660660.0,38296040.0,31503970.0,30916080.0,28047480.0,18468480.0,23324720.0,5595460.0,10399880.0,102022000.0,83925000.0,82321000.0,74666000.0,49228000.0,62158000.0,14882000.0,27703000.0
20250912,-4590480.0,32518660.0,29665790.0,27737450.0,25999830.0,13285450.0,16765590.0,7440920.0,8551260.0,85553000.0,78048000.0,72948000.0,68388000.0,34942000.0,44096000.0,19591000.0,22503000.0
20250915,1307500.0,20606620.0,22683750.0,14402600.0,13632970.0,8264860.0,7939680.0,3534460.0,2552140.0,54709000.0,60212000.0,38231000.0,36180000.0,21918000.0,21073000.0,9386000.0,6780000.0
20250916,-778570.0,20790900.0,19901130.0,15908350.0,16019540.0,9286070.0,8818120.0,2821950.0,4068470.0,56066000.0,53667000.0,42894000.0,43195000.0,25048000.0,23780000.0,7616000.0,10983000.0
20250917,-706200.0,21344720.0,21112810.0,16119660.0,15645380.0,10504470.0,10521470.0,2814450.0,3503650.0,57763000.0,57138000.0,43618000.0,42330000.0,28423000.0,28467000.0,7615000.0,9483000.0
20250918,-864320.0,36838660.0,36076030.0,30655570.0,30553870.0,17053320.0,17058950.0,8188300.0,9046990.0,98691000.0,96702000.0,82047000.0,81770000.0,45636000.0,45620000.0,21882000.0,24164000.0
20250919,-4444150.0,55362400.0,53531570.0,46246380.0,43633070.0,24289360.0,24023140.0,10523980.0,15234350.0,145176000.0,140411000.0,121297000.0,114470000.0,63668000.0,62977000.0,27612000.0,39896000.0
20250922,241620.0,24841870.0,24813410.0,18479280.0,18749370.0,12068470.0,10864780.0,3842720.0,4804790.0,66075000.0,66012000.0,49153000.0,49867000.0,32095000.0,28888000.0,10223000.0,12779000.0
20250923,4078480.0,36252220.0,39876550.0,26743700.0,27197850.0,18453720.0,16336000.0,8792610.0,6831850.0,95437000.0,105013000.0,70278000.0,71485000.0,48497000.0,42903000.0,23106000.0,17918000.0
20250924,4415530.0,26133770.0,27735620.0,19670060.0,22483730.0,19441070.0,15841930.0,3869140.0,3052750.0,68734000.0,72964000.0,51737000.0,59138000.0,51146000.0,41679000.0,10189000.0,8025000.0
20250925,-2565650.0,35752850.0,36006680.0,28317440.0,25497950.0,17782360.0,18475270.0,5696290.0,7569030.0,95008000.0,95702000.0,75260000.0,67754000.0,47262000.0,49088000.0,15158000.0,20143000.0
20250926,1726670.0,79858920.0,80905430.0,70838530.0,71518700.0,46639540.0,43910250.0,23729170.0,24731790.0,203835000.0,206465000.0,180864000.0,182485000.0,118890000.0,111961000.0,60200000.0,62878000.0
20250929,5456960.0,55083330.0,55810430.0,48249290.0,52979150.0,40015170.0,33258750.0,15970850.0,17270310.0,137962000.0,139851000.0,120795000.0,132563000.0,100189000.0,83304000.0,39984000.0,43213000.0
20250930,-7653260.0,82235740.0,73620100.0,88124900.0,89087280.0,52466390.0,55184590.0,19251480.0,24186540.0,197846000.0,177149000.0,211723000.0,214350000.0,126235000.0,132712000.0,46489000.0,58082000.0
20251009,-3183100.0,55278300.0,50605310.0,47816260.0,49306150.0,36109970.0,36832130.0,15084390.0,17545330.0,131412000.0,120331000.0,113741000.0,117354000.0,86018000.0,87611000.0,35858000.0,41733000.0
20251010,-10823500.0,56801160.0,45673650.0,44770550.0,45074540.0,28126070.0,30526700.0,7692910.0,16115780.0,133451000.0,107295000.0,105160000.0,105846000.0,66009000.0,71674000.0,18038000.0,37843000.0
20251013,2387030.0,54890710.0,53832470.0,60011920.0,63457190.0,41010040.0,38366520.0,11640210.0,11896700.0,128783000.0,126246000.0,140757000.0,148791000.0,96159000.0,89972000.0,27232000.0,27921000.0
20251014,-932610.0,65854890.0,68772270.0,70323660.0,66473670.0,44128330.0,46878730.0,24415470.0,22597680.0,152302000.0,158841000.0,162233000.0,153250000.0,101646000.0,108004000.0,56059000.0,52144000.0
20251015,-6019340.0,47834440.0,40971880.0,37741060.0,38584270.0,25994830.0,30473210.0,11765140.0,13306100.0,113507000.0,97200000.0,89532000.0,91532000.0,61677000.0,72275000.0,27922000.0,31631000.0
20251016,2677020.0,38806080.0,38774480.0,28523470.0,31232090.0,21174050.0,18405510.0,12572290.0,12663810.0,91678000.0,91592000.0,67277000.0,73711000.0,49944000.0,43411000.0,29642000.0,29827000.0
20251017,-7816250.0,52173510.0,45517530.0,42076240.0,40915970.0,22375940.0,25947500.0,9275260.0,13519950.0,126971000.0,110700000.0,102541000.0,99732000.0,54601000.0,63168000.0,22670000.0,33183000.0
20251020,1374800.0,36847860.0,38654280.0,22659990.0,22228370.0,15651480.0,13614180.0,5442080.0,6104580.0,91386000.0,95867000.0,56122000.0,55004000.0,38740000.0,33651000.0,13405000.0,15130000.0
20251021,4883160.0,26351400.0,30493850.0,17407960.0,18148680.0,11844650.0,9467740.0,5084740.0,2578490.0,65608000.0,75928000.0,43356000.0,45189000.0,29498000.0,23580000.0,12659000.0,6424000.0
20251022,825400.0,24749140.0,26189760.0,14877820.0,14262600.0,10687990.0,10710110.0,4340670.0,3493150.0,62500000.0,66137000.0,37569000.0,36014000.0,26989000.0,27054000.0,10949000.0,8802000.0
20251023,2529600.0,22143130.0,24604950.0,14121250.0,14189030.0,9011970.0,7690440.0,5238820.0,4030750.0,56708000.0,63015000.0,36146000.0,36312000.0,23072000.0,19676000.0,13400000.0,10324000.0
20251024,6333620.0,39491130.0,43392870.0,34663560.0,37095450.0,24021520.0,24729630.0,15445680.0,8403950.0,98283000.0,108003000.0,86157000.0,92204000.0,59719000.0,61487000.0,38455000.0,20920000.0
20251027,721290.0,39740990.0,41956680.0,33718450.0,32224040.0,24680150.0,26931100.0,10669130.0,7696890.0,99883000.0,105481000.0,84695000.0,80952000.0,62023000.0,67672000.0,26822000.0,19318000.0
20251028,2941190.0,30831440.0,33868020.0,29988280.0,29892880.0,20421140.0,17838270.0,5931440.0,5573120.0,76683000.0,84235000.0,74556000.0,74312000.0,50778000.0,44348000.0,14747000.0,13869000.0
20251029,110810.0,23711540.0,25169470.0,21559050.0,20211940.0,14686450.0,14973960.0,5022240.0,4623920.0,59339000.0,62975000.0,53934000.0,50572000.0,36742000.0,37466000.0,12565000.0,11567000.0
20251030,-3067690.0,30416840.0,30008270.0,21478650.0,18819530.0,12537540.0,14057730.0,4073090.0,5620590.0,76495000.0,75474000.0,54003000.0,47321000.0,31509000.0,35341000.0,10242000.0,14113000.0
20251031,1768230.0,30393390.0,30967250.0,20893710.0,22088080.0,15048830.0,13795860.0,4535450.0,4020190.0,76993000.0,78428000.0,52889000.0,55883000.0,38011000.0,34905000.0,11525000.0,10202000.0
20251103,-2414440.0,29617230.0,25875890.0,18385890.0,19712790.0,10096930.0,10814230.0,2152480.0,3849620.0,76326000.0,66678000.0,47388000.0,50811000.0,26018000.0,27870000.0,5552000.0,9925000.0
20251104,3063330.0,29308710.0,33950080.0,18965780.0,17387750.0,14072850.0,11489380.0,3140620.0,2660760.0,75861000.0,87841000.0,49035000.0,44915000.0,36304000.0,29674000.0,8160000.0,6930000.0
20251105,-1280670.0,22037630.0,19659080.0,12702260.0,13800140.0,7451080.0,8288120.0,1278540.0,1722170.0,57415000.0,51205000.0,33085000.0,35944000.0,19384000.0,21573000.0,3332000.0,4494000.0
20251106,172470.0,45277870.0,45452810.0,44464600.0,44462140.0,24176990.0,26036770.0,10838050.0,8805800.0,113547000.0,114021000.0,111418000.0,111385000.0,60573000.0,65224000.0,27140000.0,22047000.0
20251107,3639100.0,27120950.0,28975540.0,20763140.0,22547650.0,13939700.0,11562130.0,3159810.0,1898280.0,69118000.0,73860000.0,52903000.0,57459000.0,35527000.0,29442000.0,8055000.0,4842000.0
20251110,770740.0,30421140.0,33045210.0,21148770.0,19295440.0,10702480.0,11213540.0,3364670.0,2082870.0,77390000.0,84037000.0,53776000.0,49072000.0,27194000.0,28500000.0,8555000.0,5306000.0
20251111,3028140.0,30936910.0,34122720.0,21695710.0,21538040.0,11662130.0,10862260.0,9432430.0,7204160.0,78962000.0,87087000.0,55370000.0,54990000.0,29756000.0,27725000.0,24132000.0,18419000.0
20251112,-1615040.0,36958210.0,38056470.0,24762900.0,22049600.0,15460680.0,11377840.0,5011990.0,10709870.0,96936000.0,99797000.0,64957000.0,57811000.0,40620000.0,29838000.0,13182000.0,28249000.0
20251113,-1031580.0,19249270.0,19580290.0,14974880.0,13612290.0,8696970.0,8745200.0,1160150.0,2143500.0,50576000.0,51440000.0,39350000.0,35762000.0,22858000.0,22995000.0,3046000.0,5633000.0
20251114,-84670.0,24665890.0,23676280.0,20870910.0,21775860.0,11599470.0,13010310.0,2948620.0,1622450.0,64840000.0,62245000.0,54850000.0,57225000.0,30490000.0,34192000.0,7752000.0,4269000.0
20251117,4125130.0,35849140.0,38944320.0,33765460.0,34795410.0,19107050.0,16716620.0,6480130.0,4745430.0,94662000.0,102851000.0,88965000.0,91640000.0,50385000.0,44014000.0,17007000.0,12514000.0
20251118,-859000.0,20917140.0,21193600.0,14793310.0,13657860.0,8353740.0,9211210.0,1894610.0,1896140.0,55851000.0,56585000.0,39489000.0,36460000.0,22296000.0,24585000.0,5053000.0,5059000.0
20251119,559520.0,20311040.0,20919160.0,17900630.0,17852030.0,10983360.0,10573020.0,1347170.0,1197990.0,53940000.0,55552000.0,47525000.0,47394000.0,29162000.0,28067000.0,3567000.0,3181000.0
20251120,286420.0,20454940.0,21339250.0,16486670.0,15888770.0,8327340.0,7834680.0,2223100.0,2429340.0,54905000.0,57284000.0,44268000.0,42670000.0,22358000.0,21032000.0,5979000.0,6524000.0
20251121,-1626300.0,27829690.0,27844120.0,23127540.0,21486810.0,12276540.0,12141250.0,4301180.0,6062770.0,75948000.0,75992000.0,63097000.0,58637000.0,33485000.0,33117000.0,11747000.0,16532000.0
20251124,-868190.0,31020260.0,29214130.0,24956480.0,25894420.0,15630100.0,15204230.0,6248900.0,7542960.0,83180000.0,78327000.0,66946000.0,69435000.0,41901000.0,40760000.0,16723000.0,20228000.0
20251125,1076050.0,20625650.0,21798530.0,15661600.0,15564770.0,9050530.0,8238470.0,2259450.0,1995460.0,55279000.0,58426000.0,41981000.0,41721000.0,24250000.0,22075000.0,6059000.0,5347000.0
20251126,877780.0,17293020.0,18671700.0,14051610.0,13550700.0,5890210.0,8024870.0,6532460.0,3520020.0,46608000.0,50329000.0,37883000.0,36538000.0,15881000.0,21647000.0,17633000.0,9491000.0
20251127,442410.0,13601120.0,13747060.0,11154250.0,11450730.0,5322450.0,4856040.0,2508300.0,2532300.0,36545000.0,36941000.0,29974000.0,30772000.0,14306000.0,13049000.0,6745000.0,6808000.0
20251128,259860.0,13997220.0,14145220.0,11990380.0,12102220.0,6777170.0,6914500.0,2415430.0,2018240.0,37748000.0,38145000.0,32331000.0,32639000.0,18282000.0,18653000.0,6525000.0,5449000.0
20251201,745650.0,20707650.0,20634530.0,21813350.0,22632120.0,11078300.0,8414940.0,4680540.0,6598250.0,55538000.0,55356000.0,58491000.0,60711000.0,29692000.0,22565000.0,12559000.0,17648000.0
20251202,2936900.0,13249450.0,14982250.0,10978550.0,12182660.0,6385970.0,7767390.0,7929530.0,3611210.0,35717000.0,40392000.0,29592000.0,32844000.0,17209000.0,20941000.0,21394000.0,9734000.0
20251203,-1065040.0,17522860.0,17033220.0,14376370.0,13800980.0,7217390.0,7359650.0,3227550.0,4150330.0,47735000.0,46404000.0,39176000.0,37598000.0,19654000.0,20050000.0,8786000.0,11297000.0
20251204,279750.0,13770430.0,12782760.0,12579960.0,13847370.0,7579060.0,6956670.0,1475430.0,1818070.0,37404000.0,34712000.0,34171000.0,37600000.0,20579000.0,18906000.0,4005000.0,4941000.0
20251205,-1169830.0,17598660.0,16557540.0,16724820.0,16596100.0,8891880.0,9894400.0,1532650.0,1699960.0,47856000.0,45034000.0,45474000.0,45132000.0,24180000.0,26888000.0,4173000.0,4629000.0
20251208,-1094860.0,27853460.0,26617020.0,25273460.0,25415020.0,18722970.0,15580180.0,6925160.0,11162810.0,74694000.0,71402000.0,67765000.0,68145000.0,50190000.0,41778000.0,18550000.0,29873000.0
20251209,2719120.0,19380300.0,20110430.0,19047280.0,21036280.0,11092980.0,12660830.0,8160050.0,3873080.0,52817000.0,54783000.0,51890000.0,57304000.0,30242000.0,34500000.0,22182000.0,10543000.0
20251210,1294820.0,21574700.0,21790200.0,21409320.0,22488630.0,10717990.0,11045020.0,4100570.0,2478720.0,58661000.0,59236000.0,58188000.0,61127000.0,29139000.0,30026000.0,11165000.0,6764000.0
20251211,-274330.0,20892560.0,20004120.0,16722790.0,17336910.0,9343620.0,8726540.0,2855370.0,3746780.0,56815000.0,54403000.0,45451000.0,47134000.0,25384000.0,23712000.0,7764000.0,10166000.0
20251212,2470720.0,32110180.0,32611910.0,24843510.0,26812500.0,13746410.0,9660160.0,4056600.0,5672130.0,87299000.0,88657000.0,67515000.0,72881000.0,37351000.0,26274000.0,11013000.0,15367000.0
20251215,-4450850.0,43839600.0,42057080.0,43590570.0,40922240.0,23024020.0,21790910.0,8074450.0,13758410.0,117002000.0,112225000.0,116328000.0,109222000.0,61453000.0,58134000.0,21508000.0,36710000.0
20251216,1063410.0,39871200.0,42321440.0,33393020.0,32006190.0,16054150.0,16118180.0,7784570.0,6657130.0,108828000.0,115585000.0,91010000.0,87254000.0,43701000.0,43883000.0,21225000.0,18041000.0
20251217,1061470.0,27779740.0,26200400.0,23778060.0,26418870.0,14158180.0,12789370.0,7120690.0,7428030.0,75763000.0,71468000.0,64799000.0,72012000.0,38608000.0,34863000.0,19440000.0,20267000.0
20251218,-4322150.0,51519040.0,49681120.0,44346060.0,41861830.0,21707260.0,22791900.0,5171580.0,8409090.0,137897000.0,132954000.0,118704000.0,112085000.0,58141000.0,61045000.0,13864000.0,22522000.0
20251219,-6226670.0,104452910.0,98618080.0,80125330.0,79733490.0,41752520.0,46634180.0,14631910.0,15976920.0,268689000.0,253735000.0,206375000.0,205359000.0,107575000.0,120147000.0,37669000.0,41067000.0
20251222,-1807260.0,45929630.0,41077290.0,30893150.0,33938240.0,19944500.0,20334440.0,11018330.0,12435650.0,118191000.0,105737000.0,79494000.0,87336000.0,51341000.0,52331000.0,28359000.0,31981000.0
20251223,-2521880.0,46239630.0,43491600.0,30283400.0,30509550.0,14635460.0,15545750.0,4168120.0,5779710.0,120489000.0,113288000.0,78849000.0,79477000.0,38073000.0,40456000.0,10838000.0,15029000.0
20251224,1807820.0,36233650.0,36335520.0,27268780.0,28974730.0,18353220.0,17322490.0,8381520.0,7604430.0,93887000.0,94129000.0,70635000.0,75048000.0,47586000.0,44898000.0,21746000.0,19780000.0
20251225,-4477800.0,101971310.0,96822800.0,99967830.0,100638550.0,67163380.0,62313210.0,22573320.0,31901290.0,250476000.0,237928000.0,245435000.0,246924000.0,165235000.0,152978000.0,55284000.0,78599000.0
20251226,-65270.0,59478980.0,56787450.0,59626370.0,62252620.0,39207380.0,40625160.0,15489900.0,14137390.0,146622000.0,140030000.0,146946000.0,153432000.0,96633000.0,100098000.0,38195000.0,34836000.0
20251229,8707950.0,45801850.0,53995070.0,45722000.0,46236720.0,28120300.0,22023600.0,10061700.0,7450450.0,114119000.0,134531000.0,113895000.0,115173000.0,70017000.0,54848000.0,25066000.0,18544000.0
20251230,844600.0,59632170.0,60502870.0,48937250.0,48911140.0,32634980.0,32082480.0,13789130.0,13497030.0,147985000.0,150101000.0,121176000.0,121114000.0,80754000.0,79395000.0,34059000.0,33363000.0
20251231,-626140.0,43647380.0,44918200.0,42767590.0,40870630.0,28413680.0,27171830.0,6058160.0,7926150.0,109235000.0,112407000.0,106896000.0,102169000.0,70999000.0,67905000.0,15131000.0,19779000.0
20260105,4180030.0,40298630.0,41719610.0,45032680.0,47791730.0,33232200.0,35119050.0,20024490.0,13957610.0,99933000.0,103475000.0,111670000.0,118499000.0,82379000.0,87061000.0,49657000.0,34605000.0
20260106,-6004160.0,63084360.0,60763020.0,74960000.0,71277170.0,47405150.0,49589560.0,22759550.0,26579300.0,154970000.0,149225000.0,184078000.0,174946000.0,116409000.0,121731000.0,55887000.0,65441000.0
20260107,-28590850.0,136793970.0,100784370.0,102854510.0,110273260.0,58540490.0,78194510.0,25988510.0,34925340.0,322307000.0,237363000.0,242165000.0,259695000.0,137756000.0,184239000.0,61405000.0,82336000.0
20260108,-8668780.0,92382920.0,79499770.0,95251520.0,99465880.0,61602520.0,65755340.0,32862190.0,37378150.0,213102000.0,183299000.0,219543000.0,229306000.0,141968000.0,151474000.0,75496000.0,86031000.0
20260109,-28933190.0,117039670.0,93332280.0,122250150.0,117024340.0,80936640.0,93539410.0,41116920.0,57447340.0,264047000.0,210393000.0,275207000.0,263510000.0,182055000.0,210476000.0,92388000.0,129318000.0
20260112,-19265110.0,112163500.0,101523770.0,118186400.0,109561010.0,65199910.0,73009590.0,28040810.0,39496240.0,251735000.0,227834000.0,265129000.0,245808000.0,146252000.0,163815000.0,62853000.0,88511000.0
20260113,16219190.0,107057800.0,113085870.0,95681280.0,105872390.0,63132600.0,57982170.0,34724310.0,23655550.0,250958000.0,265108000.0,224060000.0,248085000.0,148012000.0,135856000.0,81514000.0,55495000.0
20260114,-1540360.0,70338520.0,69585350.0,71752300.0,70965110.0,46274430.0,45668610.0,23366480.0,25512660.0,167939000.0,166049000.0,171255000.0,169315000.0,110400000.0,109074000.0,55796000.0,60953000.0
20260115,2182350.0,44326890.0,49188700.0,43121350.0,40441900.0,27415530.0,27664810.0,14762930.0,12331300.0,107018000.0,118805000.0,104015000.0,97536000.0,66041000.0,66679000.0,35638000.0,29692000.0
20260116,1288450.0,49084920.0,52018680.0,43237540.0,41592220.0,31286560.0,28791880.0,14839080.0,16045310.0,120268000.0,127466000.0,105935000.0,101898000.0,76653000.0,70561000.0,36351000.0,39283000.0
20260119,13550190.0,89114040.0,93977320.0,107141080.0,115827990.0,77853730.0,90597850.0,76059840.0,49765530.0,208665000.0,219554000.0,250139000.0,269206000.0,180422000.0,209464000.0,174152000.0,115155000.0
20260120,-20111320.0,168741240.0,155184560.0,196186690.0,189632050.0,152871730.0,144174790.0,57197110.0,86005370.0,366191000.0,336358000.0,424687000.0,410242000.0,330599000.0,311915000.0,123574000.0,186535000.0
20260121,5147680.0,127106540.0,134472370.0,141300320.0,139082180.0,109403430.0,99391850.0,41789210.0,46653110.0,274517000.0,290043000.0,305062000.0,300331000.0,235725000.0,214273000.0,90053000.0,100710000.0
20260122,2615510.0,137244370.0,149794880.0,162455290.0,152520300.0,112223970.0,108983240.0,53581130.0,54206350.0,280079000.0,305857000.0,331398000.0,311134000.0,228776000.0,222064000.0,109167000.0,110366000.0
20260123,6453570.0,110211150.0,119612100.0,116560970.0,113613600.0,77078260.0,69696140.0,30389230.0,31317780.0,230111000.0,249845000.0,243277000.0,237116000.0,160896000.0,145440000.0,63554000.0,65437000.0
20260126,-1138010.0,104715530.0,109255540.0,91571270.0,85893250.0,51554760.0,48366590.0,19509500.0,23835680.0,223452000.0,233196000.0,194678000.0,182539000.0,109454000.0,102714000.0,41530000.0,50664000.0
20260127,15656060.0,114991320.0,127347230.0,138881550.0,142181710.0,102002820.0,97516980.0,70808180.0,59637960.0,240109000.0,265292000.0,288386000.0,294750000.0,210995000.0,201039000.0,143345000.0,121753000.0
20260128,18482810.0,138363000.0,150161180.0,129080560.0,135765200.0,82581740.0,73042610.0,37165640.0,28221960.0,278191000.0,301989000.0,259233000.0,272598000.0,165764000.0,146497000.0,74479000.0,56585000.0
20260129,5040560.0,102825100.0,107423590.0,85892540.0,86334610.0,59712950.0,55800670.0,23102790.0,21974510.0,210520000.0,219958000.0,175685000.0,176608000.0,122145000.0,114108000.0,47410000.0,45085000.0
20260130,7677120.0,84698010.0,90381110.0,74952970.0,76946980.0,55184810.0,48825660.0,21145340.0,19827370.0,182278000.0,194614000.0,161309000.0,165600000.0,118744000.0,104983000.0,45554000.0,42686000.0
20260202,13280400.0,59264330.0,73359970.0,61320650.0,60505410.0,46551780.0,35813960.0,18587180.0,16044600.0,129735000.0,160660000.0,134163000.0,132411000.0,101966000.0,78341000.0,40633000.0,35085000.0
20260203,5119340.0,96655310.0,99106900.0,97057290.0,99725040.0,69363650.0,65515210.0,29215110.0,27944210.0,199990000.0,205214000.0,201286000.0,206872000.0,144112000.0,135981000.0,60662000.0,57983000.0
20260204,220950.0,96135670.0,99453940.0,92829680.0,89732360.0,66088140.0,61104220.0,26798780.0,31561750.0,195102000.0,201753000.0,188343000.0,181967000.0,134032000.0,123950000.0,54316000.0,64121000.0
20260205,-14964010.0,85139940.0,80676480.0,101606160.0,91105610.0,71710990.0,75887220.0,33885310.0,44673090.0,169458000.0,160569000.0,202037000.0,181155000.0,142527000.0,150779000.0,67220000.0,88739000.0
20260206,4663300.0,68302680.0,74593080.0,60840080.0,59212980.0,42433150.0,36669310.0,17281430.0,18381970.0,139700000.0,152587000.0,124441000.0,121079000.0,86833000.0,75014000.0,35317000.0,37611000.0
20260209,2615310.0,58842580.0,64116250.0,51451170.0,48792820.0,40625620.0,37253800.0,15023730.0,15780240.0,119806000.0,130570000.0,104726000.0,99300000.0,82657000.0,75786000.0,30577000.0,32110000.0
20260210,1440940.0,74969990.0,78106740.0,93305400.0,91609590.0,69257230.0,68325400.0,32374960.0,31865850.0,148425000.0,154629000.0,184630000.0,181287000.0,136838000.0,134856000.0,63689000.0,62811000.0
20260211,983340.0,50104700.0,49877490.0,52489270.0,53699820.0,40845230.0,38768360.0,14886650.0,15980180.0,101003000.0,100598000.0,105857000.0,108305000.0,82393000.0,78159000.0,30064000.0,32256000.0
20260212,2951820.0,74999370.0,75901410.0,90034100.0,92083880.0,78562860.0,67903980.0,31536950.0,39244010.0,146083000.0,147866000.0,175608000.0,179483000.0,153003000.0,132338000.0,61302000.0,76308000.0
20260213,1111780.0,143633720.0,144035130.0,168863070.0,169573440.0,132028260.0,143996160.0,108515010.0,95435330.0,262314000.0,262797000.0,307963000.0,308414000.0,240155000.0,261463000.0,193754000.0,171512000.0
20260224,-13722290.0,147413510.0,137868070.0,162921300.0,158744450.0,134396430.0,123264420.0,46400430.0,71254730.0,250939000.0,234770000.0,277766000.0,270582000.0,229214000.0,210167000.0,79213000.0,121613000.0
20260225,-14887850.0,104409100.0,94888370.0,104666780.0,99299650.0,59314880.0,67185780.0,27012850.0,34029800.0,179720000.0,163312000.0,180087000.0,170804000.0,102150000.0,115713000.0,46450000.0,58579000.0
20260226,4978090.0,123906840.0,126560580.0,138160830.0,140485180.0,109846790.0,108014230.0,53368840.0,50223310.0,213964000.0,218311000.0,238035000.0,241970000.0,189955000.0,186774000.0,91893000.0,86791000.0
20260227,-1339400.0,98283010.0,100720170.0,102390660.0,98614110.0,61984200.0,62210380.0,27098590.0,28211810.0,170925000.0,175113000.0,177847000.0,171283000.0,107681000.0,108116000.0,47279000.0,49220000.0
20260302,-3529080.0,135445780.0,142022040.0,180340530.0,170235180.0,134052130.0,140524320.0,69315680.0,66372570.0,225191000.0,236185000.0,300310000.0,283623000.0,223302000.0,234126000.0,115369000.0,110238000.0
20260303,-13249960.0,118713500.0,114483860.0,130821510.0,121801200.0,86978570.0,89342970.0,48640810.0,59526370.0,205465000.0,197930000.0,225922000.0,210143000.0,150173000.0,154244000.0,84338000.0,103581000.0
20260304,-9189710.0,92273360.0,86289360.0,100557800.0,97352090.0,74226730.0,67315020.0,31354630.0,47456050.0,160264000.0,149854000.0,174558000.0,169030000.0,128855000.0,116908000.0,54519000.0,82404000.0
20260305,6274910.0,67632150.0,73286340.0,81661110.0,82281820.0,52738480.0,48087790.0,25349500.0,23725280.0,116343000.0,126020000.0,140455000.0,141525000.0,90685000.0,82729000.0,43748000.0,40958000.0
20260306,4058020.0,118187300.0,120596220.0,139657690.0,141306800.0,110017370.0,108839640.0,47269540.0,44389250.0,194108000.0,198200000.0,229426000.0,232166000.0,180852000.0,178606000.0,77732000.0,73146000.0
20260309,-991760.0,88441520.0,89098280.0,104640680.0,102992140.0,69572410.0,71346120.0,38553280.0,37771330.0,149252000.0,150177000.0,176744000.0,173788000.0,117545000.0,120809000.0,64993000.0,63759000.0
20260310,1856770.0,78208060.0,84784230.0,88711100.0,83991710.0,64478750.0,65767250.0,27329920.0,24184650.0,125728000.0,136360000.0,142583000.0,134990000.0,103598000.0,105688000.0,44102000.0,38973000.0
20260311,5651130.0,105382660.0,106507510.0,119351870.0,123878130.0,71148330.0,68163830.0,33486210.0,30819580.0,177538000.0,179484000.0,200904000.0,208648000.0,119744000.0,114571000.0,56486000.0,51969000.0
20260312,-20216780.0,120420210.0,108209470.0,121341580.0,113335550.0,70675890.0,76997570.0,39349910.0,53245010.0,215031000.0,193099000.0,216365000.0,202031000.0,125956000.0,137422000.0,69956000.0,94757000.0
20260313,-16618930.0,88100420.0,75795260.0,74791550.0,70477780.0,51605890.0,57942760.0,16556920.0,26838980.0,161886000.0,139276000.0,137722000.0,129734000.0,95158000.0,106788000.0,30565000.0,49533000.0
20260316,-11957450.0,80538860.0,70851740.0,66914630.0,64644310.0,41661160.0,48827980.0,14094140.0,18884770.0,146667000.0,129037000.0,121890000.0,117758000.0,75869000.0,88908000.0,25685000.0,34408000.0
20260317,-2599590.0,49056840.0,45975690.0,47682330.0,48163890.0,30317660.0,30881170.0,14033470.0,16069550.0,89871000.0,84192000.0,87364000.0,88253000.0,55506000.0,56534000.0,25823000.0,29585000.0
20260318,-8436480.0,46624710.0,39785400.0,42265050.0,40667890.0,28148790.0,32964170.0,14730540.0,18351640.0,86616000.0,73867000.0,78546000.0,75525000.0,52280000.0,61257000.0,27349000.0,34142000.0
20260319,-12320310.0,89667890.0,80967390.0,74267260.0,70647450.0,42325480.0,42578540.0,24701420.0,36768670.0,173960000.0,157127000.0,143879000.0,136865000.0,81935000.0,82534000.0,47801000.0,71049000.0
20260320,-16513690.0,74626870.0,64582250.0,66946060.0,60476980.0,40511820.0,53622660.0,20215560.0,23618410.0,149092000.0,128974000.0,133517000.0,120561000.0,80762000.0,106966000.0,40392000.0,47261000.0
20260323,-3380820.0,76826000.0,72433590.0,61239860.0,62251440.0,38922840.0,45895310.0,22409520.0,18817870.0,161406000.0,152139000.0,128540000.0,130656000.0,81606000.0,96156000.0,47329000.0,39931000.0
20260324,7976020.0,66112400.0,70938500.0,50550260.0,53700160.0,37198230.0,34768900.0,19061000.0,13514310.0,139282000.0,149392000.0,106455000.0,113130000.0,78220000.0,73145000.0,40142000.0,28432000.0
20260325,9107090.0,62514730.0,65306640.0,47083850.0,53399050.0,41137870.0,37538710.0,21109650.0,15601720.0,126214000.0,131884000.0,95055000.0,107802000.0,83032000.0,75748000.0,42597000.0,31466000.0
20260326,-7071770.0,76650740.0,74164260.0,56796220.0,52210920.0,27010630.0,26471110.0,12644460.0,20255750.0,157958000.0,152922000.0,117008000.0,107492000.0,55593000.0,54390000.0,25996000.0,41750000.0
20260327,-516700.0,61294730.0,68421560.0,43776790.0,36133260.0,23858770.0,18855280.0,11327160.0,16847350.0,128847000.0,143653000.0,91883000.0,75872000.0,50089000.0,39590000.0,23770000.0,35475000.0
20260330,3031610.0,55164280.0,61232680.0,44801770.0,41764990.0,33983300.0,31974480.0,12617970.0,11595180.0,113915000.0,126453000.0,92414000.0,86120000.0,70058000.0,65912000.0,26033000.0,23935000.0
20260331,7468490.0,58466670.0,62831480.0,42247360.0,45351030.0,29816200.0,21708420.0,8012550.0,8651840.0,119955000.0,128901000.0,86510000.0,92845000.0,61103000.0,44465000.0,16456000.0,17812000.0
20260401,368030.0,62092190.0,63138410.0,42638320.0,41960130.0,23584510.0,23310040.0,13649220.0,13555660.0,127234000.0,129360000.0,87344000.0,85937000.0,48305000.0,47756000.0,28011000.0,27840000.0
20260402,4319070.0,96963950.0,99870320.0,87774630.0,89187330.0,61074070.0,48311070.0,29633580.0,38077510.0,190742000.0,196338000.0,172254000.0,175070000.0,119823000.0,94907000.0,58158000.0,74661000.0
20260403,6964210.0,54326190.0,59708620.0,41325530.0,42907320.0,23061880.0,26013430.0,18642900.0,8727140.0,110689000.0,121629000.0,84174000.0,87369000.0,46960000.0,52944000.0,37869000.0,17750000.0
20260407,-1124360.0,92893010.0,91133640.0,75146820.0,75781820.0,45578920.0,45887110.0,22685610.0,23501780.0,199350000.0,195531000.0,161282000.0,162642000.0,97845000.0,98476000.0,48658000.0,50486000.0
20260408,535890.0,130852550.0,116643310.0,84323140.0,99068260.0,60188150.0,60036950.0,23033410.0,22648720.0,263305000.0,235121000.0,170537000.0,200240000.0,122138000.0,121369000.0,46493000.0,45742000.0
20260409,3785870.0,65910780.0,69723640.0,47721250.0,47694250.0,32135990.0,26958900.0,10989670.0,12380890.0,133268000.0,140973000.0,96520000.0,96451000.0,65007000.0,54549000.0,22275000.0,25097000.0
20260410,2206240.0,95251780.0,95736990.0,82228380.0,83949410.0,45537050.0,42164310.0,17718100.0,18884600.0,185207000.0,186195000.0,159909000.0,163269000.0,88474000.0,81896000.0,34432000.0,36661000.0
20260413,-1590150.0,64213060.0,61880010.0,38925710.0,39668610.0,24786710.0,26709270.0,8623260.0,8290850.0,125361000.0,120822000.0,76028000.0,77461000.0,48436000.0,52207000.0,16861000.0,16197000.0
20260414,466590.0,50628660.0,54700080.0,52939580.0,49334740.0,27794490.0,24219260.0,9428220.0,12536860.0,97998000.0,105844000.0,102334000.0,95367000.0,53715000.0,46792000.0,18236000.0,24280000.0
20260415,-102750.0,65494890.0,65466000.0,50703800.0,50629950.0,25750430.0,26811490.0,11417780.0,10459470.0,126466000.0,126405000.0,97951000.0,97794000.0,49781000.0,51835000.0,22048000.0,20212000.0
20260416,-7139410.0,75174420.0,63628200.0,59726080.0,64132890.0,28583960.0,34139690.0,17901890.0,19485570.0,149858000.0,126800000.0,118987000.0,127801000.0,56909000.0,67999000.0,35748000.0,38902000.0
20260417,-5565870.0,50966730.0,47674650.0,40558950.0,38285170.0,23092410.0,25880170.0,6720130.0,9498240.0,102644000.0,96029000.0,81681000.0,77089000.0,46511000.0,52130000.0,13526000.0,19115000.0
20260420,-2119600.0,62318090.0,60685710.0,53073580.0,52586350.0,25749780.0,23945790.0,8903240.0,12826830.0,124779000.0,121507000.0,106248000.0,105274000.0,51531000.0,47922000.0,17818000.0,25672000.0
20260421,-5545460.0,68728090.0,64618230.0,58797630.0,57362030.0,28780970.0,35193480.0,11403900.0,10536850.0,141490000.0,133006000.0,121074000.0,118134000.0,59362000.0,72606000.0,23536000.0,21715000.0
20260422,-5502350.0,52603230.0,46535540.0,48050270.0,48615600.0,21482250.0,25185140.0,10450210.0,12249670.0,109221000.0,96606000.0,99814000.0,101026000.0,44610000.0,52286000.0,21711000.0,25438000.0
20260423,-12544220.0,132886730.0,121905830.0,127238160.0,125674830.0,66720020.0,79558770.0,22967490.0,22672960.0,261352000.0,239521000.0,250044000.0,246861000.0,130970000.0,156479000.0,45062000.0,44567000.0
20260424,6839740.0,64210100.0,72956920.0,49842610.0,47935520.0,25775200.0,22256370.0,12994680.0,9673770.0,130184000.0,147987000.0,100997000.0,97108000.0,52213000.0,45017000.0,26276000.0,19558000.0
20260427,-3137650.0,68267760.0,66611010.0,46750190.0,45269280.0,27175220.0,28401720.0,10550890.0,12462040.0,141858000.0,138393000.0,97209000.0,94072000.0,56492000.0,59085000.0,21906000.0,25915000.0
20260428,-1335550.0,85517500.0,91752040.0,86760360.0,79190280.0,45141670.0,48942270.0,16120810.0,13655760.0,184677000.0,197845000.0,187622000.0,171165000.0,97449000.0,106014000.0,34656000.0,29380000.0
20260429,-1121840.0,53787810.0,55508170.0,41259180.0,38416980.0,22207210.0,21586820.0,5518730.0,7260960.0,118366000.0,122163000.0,90790000.0,84542000.0,48879000.0,47505000.0,12155000.0,15980000.0
20260430,2992220.0,52037160.0,58169620.0,45118500.0,41978260.0,23755040.0,22263810.0,10642900.0,9141910.0,112843000.0,126193000.0,97868000.0,91028000.0,51486000.0,48247000.0,23065000.0,19794000.0
20260506,2235240.0,63650340.0,63744680.0,54737990.0,56878890.0,31322560.0,31662340.0,17626030.0,15051010.0,134955000.0,135191000.0,116036000.0,120574000.0,66380000.0,67093000.0,37352000.0,31866000.0
20260507,8386000.0,57923860.0,63054740.0,51767240.0,55022360.0,34308840.0,31624500.0,21060190.0,15358530.0,121669000.0,132451000.0,108803000.0,115610000.0,72041000.0,66397000.0,44081000.0,32135000.0
20260508,17572570.0,83762540.0,96565460.0,88823780.0,93593440.0,59497070.0,51296320.0,45257470.0,35885650.0,169037000.0,194816000.0,179118000.0,188625000.0,119763000.0,103344000.0,91216000.0,72348000.0
20260511,-190340.0,86655580.0,90330050.0,81502400.0,77637580.0,44491590.0,46830540.0,21590300.0,19441690.0,171389000.0,178610000.0,161172000.0,153547000.0,87992000.0,92658000.0,42754000.0,38491000.0
20260512,-6948140.0,81914310.0,78899980.0,76919450.0,72985650.0,42530300.0,48356310.0,15812360.0,16934490.0,167660000.0,161439000.0,157450000.0,149389000.0,87167000.0,99141000.0,32336000.0,34644000.0
20260513,6124550.0,136721000.0,138320040.0,117321760.0,121847260.0,70424910.0,68701810.0,38673800.0,34272350.0,269929000.0,272809000.0,231599000.0,240404000.0,138804000.0,135478000.0,75456000.0,67096000.0
20260514,-6465530.0,122986510.0,116109850.0,90627580.0,91038710.0,50581340.0,52454580.0,21106030.0,25698320.0,248278000.0,234496000.0,182459000.0,183346000.0,101629000.0,105501000.0,42432000.0,51454000.0
20260515,44590.0,69091650.0,72199110.0,59449000.0,56386140.0,34112160.0,30944260.0,9479310.0,12602620.0,144767000.0,151400000.0,124561000.0,118137000.0,71524000.0,64859000.0,19916000.0,26372000.0
20260518,5307620.0,54756830.0,59967760.0,45190880.0,45287570.0,24874340.0,21920060.0,12926640.0,10573300.0,117522000.0,128713000.0,96959000.0,97123000.0,53377000.0,47070000.0,27758000.0,22711000.0
20260519,4414190.0,53343490.0,60998190.0,49398440.0,46157920.0,28432940.0,27320310.0,12137610.0,8836050.0,114116000.0,130535000.0,105640000.0,98707000.0,60693000.0,58346000.0,26086000.0,18948000.0
20260520,-127860.0,69435500.0,72639920.0,58279960.0,54947670.0,28342320.0,26375450.0,8574590.0,10669320.0,145706000.0,152513000.0,122173000.0,115149000.0,59272000.0,55148000.0,17972000.0,22313000.0
20260521,-9200470.0,61015750.0,53688510.0,53646070.0,51772830.0,27545860.0,30391420.0,9837900.0,16192810.0,130029000.0,114324000.0,114311000.0,110266000.0,58795000.0,64884000.0,20944000.0,34603000.0
20260522,-1079500.0,48102210.0,46594200.0,38085720.0,38514230.0,19911290.0,21291700.0,7312530.0,7011620.0,105364000.0,102086000.0,83455000.0,84383000.0,43630000.0,46655000.0,16043000.0,15368000.0
20260525,-14881830.0,62260260.0,53896500.0,59284190.0,52766130.0,24991370.0,34164710.0,6463270.0,12171760.0,138406000.0,119816000.0,131718000.0,117214000.0,55537000.0,75931000.0,14356000.0,27055000.0
20260526,538300.0,57971540.0,59786360.0,42764780.0,41488240.0,24219080.0,23701220.0,16357150.0,16336710.0,130906000.0,135150000.0,96595000.0,93601000.0,54730000.0,53466000.0,36892000.0,36906000.0
20260527,781870.0,57518620.0,57425020.0,36265820.0,37141290.0,18391860.0,16391370.0,5997760.0,7216380.0,129801000.0,129600000.0,81829000.0,83791000.0,41512000.0,36990000.0,13544000.0,16304000.0
20260528,-2650420.0,54092620.0,52655860.0,46050660.0,44837010.0,22767620.0,26465180.0,11208290.0,10161150.0,122097000.0,118801000.0,103968000.0,101241000.0,51362000.0,59850000.0,25266000.0,22801000.0
20260529,-7595880.0,86961740.0,81541630.0,57820840.0,55645060.0,25925930.0,31088940.0,10840890.0,13273760.0,207097000.0,194219000.0,137645000.0,132461000.0,61673000.0,73966000.0,25844000.0,31613000.0
20260601,-35330.0,65012830.0,62915290.0,34447440.0,36509640.0,15103090.0,16363640.0,12415210.0,11189990.0,155681000.0,150674000.0,82374000.0,87307000.0,36071000.0,39060000.0,29521000.0,26605000.0
20260602,867130.0,47959110.0,50671800.0,36981480.0,35135920.0,16168600.0,13572550.0,3552960.0,5281880.0,117325000.0,123911000.0,90530000.0,86055000.0,39613000.0,33278000.0,8735000.0,12960000.0
20260603,-2208170.0,40021800.0,37317990.0,26655210.0,27150850.0,12024600.0,13291320.0,4799750.0,5741200.0,96813000.0,90280000.0,64455000.0,65630000.0,29086000.0,32133000.0,11574000.0,13885000.0
20260604,-814680.0,69153530.0,71390930.0,59135620.0,56083540.0,30584790.0,31183320.0,13221180.0,13437330.0,166976000.0,172321000.0,142587000.0,135100000.0,73457000.0,74968000.0,31805000.0,32437000.0
20260605,-53210.0,61996500.0,60231960.0,40867350.0,42578680.0,18697820.0,19866510.0,6152070.0,5036590.0,145185000.0,141016000.0,95626000.0,99662000.0,43736000.0,46498000.0,14432000.0,11802000.0
20260608,-526560.0,62901030.0,62937440.0,46744770.0,46181790.0,29120690.0,29520310.0,10426970.0,10553910.0,156967000.0,157086000.0,116132000.0,114651000.0,72479000.0,73530000.0,25836000.0,26148000.0
20260609,-1741190.0,54060670.0,49924340.0,27704650.0,30099790.0,10357340.0,10007820.0,2888280.0,4978990.0,137201000.0,126691000.0,70298000.0,76372000.0,26255000.0,25369000.0,7325000.0,12647000.0
20260610,-6444740.0,66055820.0,60212930.0,40597290.0,39995440.0,17036580.0,21755750.0,10036530.0,11762100.0,172385000.0,157066000.0,105909000.0,104308000.0,44400000.0,56808000.0,26129000.0,30640000.0
20260611,462970.0,64808790.0,67658430.0,38015930.0,35629260.0,16402400.0,14979020.0,8473550.0,9433960.0,170911000.0,178415000.0,100334000.0,94049000.0,43392000.0,39544000.0,22479000.0,25108000.0
20260612,2838010.0,79278640.0,79242740.0,58551130.0,61425040.0,35384250.0,33298170.0,11760680.0,11008750.0,200689000.0,200583000.0,147868000.0,155060000.0,89202000.0,83920000.0,29524000.0,27719000.0
20260615,1217040.0,74619170.0,76317520.0,44899950.0,44418640.0,20053490.0,19700140.0,15101860.0,14238170.0,194818000.0,199346000.0,117116000.0,115919000.0,52340000.0,51341000.0,39693000.0,37362000.0
20260616,-558260.0,77003580.0,72284010.0,50718790.0,54880090.0,28682480.0,31418170.0,13332770.0,11155340.0,196799000.0,184706000.0,129628000.0,140313000.0,72962000.0,80035000.0,34219000.0,28554000.0
20260617,-2950040.0,56488050.0,49682180.0,30747820.0,34603660.0,18277250.0,17020690.0,10207500.0,14414100.0,142124000.0,125057000.0,77392000.0,87062000.0,45998000.0,42803000.0,25687000.0,36279000.0
20260618,-7916350.0,53267130.0,46684060.0,39742890.0,38409620.0,28550610.0,30618080.0,12856120.0,18705000.0,134511000.0,117857000.0,100172000.0,96834000.0,71798000.0,77066000.0,32197000.0,46921000.0
20260622,2780630.0,88511500.0,81987800.0,68448100.0,77752430.0,45899460.0,43181170.0,15058760.0,14996420.0,215943000.0,200207000.0,167349000.0,190019000.0,112288000.0,105443000.0,36822000.0,36733000.0
20260623,3852470.0,76676140.0,84190320.0,54623810.0,50962110.0,21507710.0,20686280.0,8779350.0,5748310.0,187926000.0,206409000.0,133806000.0,124826000.0,52756000.0,50712000.0,21519000.0,14059000.0
20260624,-1186880.0,59126420.0,60797740.0,34749560.0,31891370.0,17424310.0,18286610.0,6813470.0,7138050.0,150304000.0,154578000.0,88379000.0,81078000.0,44362000.0,46553000.0,17350000.0,18185000.0
20260625,-778460.0,69400710.0,70145540.0,37551280.0,36028000.0,18582360.0,18879340.0,6585440.0,7066920.0,179878000.0,181835000.0,97184000.0,93164000.0,48005000.0,48840000.0,16985000.0,18213000.0
20260626,5979050.0,87006040.0,95088570.0,49880210.0,47776730.0,24382900.0,20556460.0,11325030.0,9172420.0,233109000.0,254786000.0,133675000.0,127991000.0,65308000.0,55021000.0,30243000.0,24536000.0
20260629,631030.0,65505800.0,67297770.0,40511850.0,39350900.0,23061010.0,23801920.0,9155240.0,7783300.0,177131000.0,181850000.0,109493000.0,106413000.0,62249000.0,64288000.0,24762000.0,21086000.0
20260630,-724870.0,48360000.0,49158330.0,35681600.0,34158390.0,20557620.0,19240830.0,13599220.0,15640880.0,127608000.0,129680000.0,94172000.0,90102000.0,54247000.0,50709000.0,35972000.0,41508000.0
20260701,2625780.0,49448130.0,53212700.0,34450430.0,33311640.0,22547820.0,20030140.0,10323300.0,10215200.0,130089000.0,140034000.0,90579000.0,87615000.0,59270000.0,52672000.0,27130000.0,26746000.0
20260702,5413810.0,47594700.0,53232200.0,34308110.0,34084420.0,18063650.0,18965730.0,11815760.0,5499870.0,126669000.0,141702000.0,91329000.0,90703000.0,48045000.0,50405000.0,31352000.0,14585000.0
20260703,723140.0,91070630.0,91997470.0,59843900.0,59640200.0,31198800.0,33486660.0,19065190.0,16054190.0,234026000.0,236444000.0,153837000.0,153315000.0,80118000.0,85966000.0,48962000.0,41217000.0
20260706,4748760.0,49122390.0,52644150.0,38738720.0,39965720.0,22090660.0,21055930.0,11059650.0,7345620.0,126358000.0,135406000.0,99512000.0,102670000.0,56816000.0,54128000.0,28404000.0,18886000.0
20260707,6830970.0,55460010.0,60857090.0,28374390.0,29808280.0,18872720.0,17053870.0,13115560.0,8103440.0,146950000.0,161289000.0,75043000.0,78840000.0,50015000.0,45033000.0,34554000.0,21400000.0
20260708,904500.0,59035120.0,63600410.0,36450060.0,32789270.0,18901870.0,17602760.0,14184840.0,14579450.0,163324000.0,176044000.0,100682000.0,90553000.0,52316000.0,48689000.0,39229000.0,40265000.0
20260709,-822630.0,55645320.0,55778600.0,33028850.0,32072950.0,20045650.0,18573640.0,15324370.0,17619010.0,158477000.0,158840000.0,94133000.0,91421000.0,57163000.0,52992000.0,43916000.0,50436000.0
20260710,-164700.0,82791360.0,82762250.0,64042710.0,63907130.0,36542770.0,36682190.0,12993410.0,13018690.0,227412000.0,227523000.0,175358000.0,174967000.0,99953000.0,100195000.0,35416000.0,35453000.0
20260713,3888950.0,86798630.0,91888050.0,52712280.0,51511810.0,27743900.0,26001370.0,11843210.0,9696790.0,257420000.0,272780000.0,156053000.0,152440000.0,82238000.0,76825000.0,35125000.0,28791000.0
20260714,39180.0,59995450.0,59525350.0,34785780.0,35295060.0,16911440.0,16802550.0,6215980.0,6285690.0,185095000.0,183649000.0,107392000.0,108946000.0,52215000.0,51838000.0,19202000.0,19471000.0
20260715,3053280.0,86754270.0,86693970.0,51197470.0,54311040.0,30137810.0,27808110.0,11474810.0,10751230.0,251468000.0,251459000.0,148430000.0,157394000.0,87451000.0,80614000.0,33317000.0,31199000.0
20260716,2194900.0,50786620.0,51936200.0,32458760.0,33504090.0,17842660.0,14856380.0,7624420.0,8415800.0,150229000.0,153632000.0,96004000.0,99067000.0,52707000.0,43925000.0,22503000.0,24819000.0
20260717,20600.0,55307240.0,53851390.0,28247250.0,29723690.0,12514850.0,14420660.0,8702420.0,6776010.0,168389000.0,163852000.0,85966000.0,90459000.0,38131000.0,43948000.0,26525000.0,20752000.0
20260720,3615310.0,64563610.0,68498460.0,39171750.0,38852210.0,23153070.0,19917800.0,6756180.0,6376140.0,195561000.0,207425000.0,118347000.0,117403000.0,69974000.0,60216000.0,20539000.0,19377000.0
20260721,5599250.0,56164700.0,59558710.0,35839980.0,38045220.0,21731520.0,22198920.0,13531130.0,7464480.0,168546000.0,178676000.0,107514000.0,114145000.0,65173000.0,66534000.0,40474000.0,22352000.0
20260722,3353850.0,43968530.0,46892180.0,29249130.0,29679320.0,17224600.0,17273180.0,8586940.0,5184510.0,129465000.0,138037000.0,86128000.0,87430000.0,50749000.0,50822000.0,25224000.0,15277000.0
20260723,4060970.0,63224360.0,65245290.0,45418830.0,47458870.0,27627680.0,25304170.0,6990050.0,5252590.0,180601000.0,186398000.0,129734000.0,135434000.0,78777000.0,72196000.0,19889000.0,14973000.0
20260724,3067500.0,46521150.0,49444460.0,26738270.0,26882470.0,15459650.0,14365530.0,7343980.0,5370600.0,132397000.0,140746000.0,75960000.0,76344000.0,43968000.0,40818000.0,20944000.0,15361000.0
20260727,2282550.0,36166420.0,38723600.0,21502310.0,21227700.0,15481190.0,13396600.0,2649080.0,2451120.0,103520000.0,110842000.0,61566000.0,60773000.0,44298000.0,38344000.0,7590000.0,7015000.0
20260728,2973830.0,32308570.0,33055030.0,16744940.0,18972320.0,11650580.0,8931290.0,2135250.0,1880710.0,93426000.0,95594000.0,48412000.0,54857000.0,33693000.0,25799000.0,6163000.0,5444000.0
20260729,-2034780.0,52715770.0,53806450.0,38246680.0,35121220.0,17864490.0,20384570.0,6546340.0,6061040.0,148822000.0,151929000.0,107993000.0,99150000.0,50534000.0,57631000.0,18480000.0,17120000.0
20260730,3902290.0,44382220.0,49441760.0,29513480.0,28356220.0,15032590.0,13000930.0,6252440.0,4381810.0,125729000.0,140069000.0,83593000.0,80322000.0,42573000.0,36810000.0,17729000.0,12423000.0
20260731,6780550.0,50241790.0,55468370.0,38036010.0,39589980.0,28302370.0,23857790.0,9149370.0,6813400.0,144452000.0,159485000.0,109304000.0,113760000.0,81348000.0,68571000.0,26276000.0,19564000.0
20260803,8695000.0,38769720.0,42233380.0,36870730.0,42102060.0,33801780.0,34088370.0,19785920.0,10804330.0,109350000.0,118893000.0,103986000.0,118599000.0,95178000.0,96057000.0,55356000.0,30322000.0
20260804,4784080.0,36146280.0,52515930.0,40615510.0,29029940.0,24494090.0,20855330.0,12124210.0,10978890.0,101063000.0,146836000.0,113532000.0,81087000.0,68451000.0,58243000.0,33846000.0,30727000.0
20260805,7809000.0,36366450.0,44951520.0,38254360.0,37478310.0,32986610.0,28149560.0,13014890.0,10042940.0,102250000.0,126322000.0,107550000.0,105341000.0,92708000.0,79134000.0,36562000.0,28273000.0
20260806,905170.0,41204980.0,38618320.0,39122840.0,42614680.0,40222960.0,37653520.0,14978640.0,16642910.0,116238000.0,108599000.0,110151000.0,119910000.0,113162000.0,106124000.0,42014000.0,46932000.0
20260807,4885200.0,31364750.0,30777550.0,26542880.0,32015280.0,24962110.0,22135730.0,9473180.0,7414360.0,87989000.0,86288000.0,74456000.0,89735000.0,69958000.0,62058000.0,26480000.0,20802000.0
20260810,3782210.0,38278560.0,37531360.0,40863540.0,45392950.0,36255450.0,36495720.0,17200680.0,13178200.0,105277000.0,103116000.0,112367000.0,124745000.0,99701000.0,100436000.0,47179000.0,36226000.0
20260811,-9557910.0,39756920.0,28332500.0,34484850.0,36351350.0,26830870.0,29384820.0,8150300.0,15154260.0,109343000.0,77918000.0,94918000.0,99941000.0,73800000.0,80938000.0,22403000.0,41667000.0
20260812,6462270.0,25263820.0,24673280.0,22682420.0,29735230.0,31753270.0,29947230.0,12241940.0,7585710.0,69216000.0,67597000.0,62203000.0,81449000.0,86926000.0,82015000.0,33505000.0,20789000.0
20260813,-10276260.0,37627690.0,26684240.0,32749450.0,33416640.0,23597810.0,27169680.0,9345820.0,16050210.0,102460000.0,72555000.0,89097000.0,90794000.0,64014000.0,73857000.0,25324000.0,43688000.0
20260814,2867700.0,37659680.0,41801110.0,43106120.0,41832400.0,37276490.0,32092710.0,17924050.0,20240130.0,101788000.0,112911000.0,116488000.0,112921000.0,100596000.0,86634000.0,48270000.0,54675000.0
20260817,4385870.0,30448890.0,31506060.0,29261610.0,32590310.0,22205180.0,23397330.0,17314560.0,11736540.0,81353000.0,84155000.0,78198000.0,87079000.0,59325000.0,62496000.0,46178000.0,31324000.0
20260818,-11882810.0,36341340.0,33259210.0,33375690.0,24575020.0,21210330.0,20270840.0,12134640.0,24956940.0,98088000.0,89815000.0,90043000.0,66273000.0,57205000.0,54633000.0,32775000.0,67390000.0
20260819,-12389220.0,44552170.0,34987370.0,39445090.0,36620670.0,26013610.0,33293290.0,13256680.0,18366220.0,124073000.0,97407000.0,109678000.0,101793000.0,72243000.0,92495000.0,36892000.0,51191000.0
20260820,49210.0,28018420.0,24566220.0,22057110.0,25558520.0,16560130.0,16583610.0,6948670.0,6875980.0,77857000.0,68239000.0,61285000.0,70961000.0,45953000.0,46051000.0,19264000.0,19108000.0
