trade_date,main_net_in,buy_sm_amount,sell_sm_amount,buy_md_amount,sell_md_amount,buy_lg_amount,sell_lg_amount,buy_elg_amount,sell_elg_amount,buy_sm_vol,sell_sm_vol,buy_md_vol,sell_md_vol,buy_lg_vol,sell_lg_vol,buy_elg_vol,sell_elg_vol
20190722,-683260.0,29261330.0,49720600.0,47159120.0,26016590.0,42514940.0,56394120.0,13503650.0,307730.0,72124000.0,112717000.0,112932000.0,67735000.0,103701000.0,142688000.0,34854000.0,471000.0
20190723,-3991580.0,17260880.0,16472480.0,33249490.0,30046320.0,30571630.0,32383880.0,6519710.0,8699040.0,37017000.0,35239000.0,71157000.0,64390000.0,65569000.0,69570000.0,14021000.0,18564000.0
20190724,-1428700.0,12968380.0,13412260.0,28559000.0,26686430.0,29753420.0,29738490.0,6081080.0,7524710.0,27184000.0,28008000.0,59837000.0,55862000.0,62340000.0,62397000.0,12736000.0,15829000.0
20190725,-5472250.0,17520720.0,15690220.0,35786860.0,32145110.0,33719500.0,38875020.0,9488430.0,9805160.0,34566000.0,30808000.0,70373000.0,63239000.0,66257000.0,76415000.0,18637000.0,19371000.0
20190726,-9335670.0,13788120.0,7474450.0,22728030.0,19706040.0,16557000.0,24121410.0,2391010.0,4162270.0,28772000.0,15580000.0,47413000.0,41104000.0,34478000.0,50277000.0,4973000.0,8676000.0
20190729,8136850.0,10067760.0,15415320.0,25852690.0,28641980.0,28056850.0,25543710.0,9679680.0,4055970.0,20260000.0,30920000.0,51947000.0,57560000.0,56306000.0,51317000.0,19413000.0,8129000.0
20190730,-4450900.0,15089930.0,13080600.0,33469270.0,31027700.0,32966130.0,37291570.0,7807290.0,7932750.0,29151000.0,25094000.0,64598000.0,59701000.0,63426000.0,71842000.0,14903000.0,15440000.0
20190731,-3795980.0,14319810.0,12118350.0,31385310.0,29790780.0,29907700.0,30453230.0,8711220.0,11961670.0,26864000.0,22576000.0,58650000.0,55608000.0,55780000.0,56907000.0,16154000.0,22358000.0
20190801,3623200.0,15422600.0,19274800.0,38908290.0,38679300.0,42366290.0,40115150.0,11103230.0,9731170.0,27289000.0,33886000.0,68790000.0,68066000.0,74703000.0,70831000.0,19316000.0,17314000.0
20190802,-8979740.0,22854210.0,19028410.0,51286500.0,46132560.0,50236370.0,54526000.0,10399310.0,15089420.0,36548000.0,30222000.0,82107000.0,73535000.0,80059000.0,87189000.0,16432000.0,24200000.0
20190805,-4492280.0,18825260.0,16867160.0,43056930.0,40522740.0,35784780.0,42035460.0,11105470.0,9347070.0,29745000.0,26390000.0,67794000.0,63566000.0,56092000.0,66145000.0,17228000.0,14756000.0
20190806,-8105690.0,23224280.0,18893730.0,49764180.0,45989050.0,46713480.0,53795970.0,11231050.0,12254250.0,35444000.0,28423000.0,75541000.0,69716000.0,70383000.0,81788000.0,17104000.0,18545000.0
20190807,-2657720.0,13358280.0,11743500.0,31054020.0,30011080.0,26932670.0,29898640.0,6029710.0,5721460.0,22383000.0,19490000.0,51875000.0,50000000.0,44783000.0,49924000.0,9945000.0,9573000.0
20190808,-11356490.0,13980280.0,6450390.0,24991790.0,21165190.0,17851650.0,25616500.0,1934700.0,5526340.0,23572000.0,10819000.0,42055000.0,35632000.0,30137000.0,43226000.0,3283000.0,9370000.0
20190809,-4777590.0,10233800.0,6169280.0,21195110.0,20482040.0,16499600.0,21010920.0,2963620.0,3229890.0,18611000.0,11185000.0,38589000.0,37239000.0,30065000.0,38303000.0,5393000.0,5932000.0
20190812,-5950850.0,9083350.0,4544930.0,17862500.0,16450080.0,12390340.0,18702990.0,3643890.0,3282090.0,17636000.0,8818000.0,34636000.0,31920000.0,24122000.0,36330000.0,7075000.0,6401000.0
20190813,2165790.0,5950200.0,7081290.0,16268760.0,17303470.0,14371830.0,14486780.0,3538160.0,1257420.0,11370000.0,13478000.0,31063000.0,32990000.0,27361000.0,27648000.0,6712000.0,2391000.0
20190814,405670.0,7246870.0,7650000.0,18244270.0,18246810.0,18494520.0,18449660.0,4000860.0,3640050.0,13147000.0,13841000.0,33081000.0,33056000.0,33505000.0,33460000.0,7241000.0,6617000.0
20190815,3665400.0,8369700.0,9915910.0,22029440.0,24148640.0,24358180.0,22490900.0,6222900.0,4424780.0,14738000.0,17401000.0,38732000.0,42402000.0,42737000.0,39524000.0,10892000.0,7771000.0
20190816,-9777170.0,12132830.0,5182260.0,21028380.0,18201770.0,15888420.0,23056880.0,1492310.0,4101020.0,21391000.0,9123000.0,37018000.0,32049000.0,27987000.0,40611000.0,2627000.0,7238000.0
20190819,-5312690.0,9031840.0,4851850.0,15872340.0,14739640.0,10501600.0,14979280.0,1047430.0,1882440.0,16345000.0,8751000.0,28688000.0,26618000.0,18972000.0,27105000.0,1888000.0,3420000.0
20190820,-925220.0,4994490.0,3992430.0,10948330.0,11025170.0,8721970.0,9441720.0,1196130.0,1401600.0,8953000.0,7137000.0,19606000.0,19731000.0,15596000.0,16911000.0,2138000.0,2513000.0
20190821,-6349780.0,10400960.0,4327660.0,17294490.0,17018010.0,13025200.0,17742690.0,1984550.0,3616840.0,19854000.0,8282000.0,33072000.0,32522000.0,25006000.0,33981000.0,3809000.0,6956000.0
20190822,-2679250.0,5691490.0,3051450.0,11398390.0,11359190.0,7690790.0,9930300.0,1087290.0,1527030.0,11355000.0,6068000.0,22727000.0,22643000.0,15323000.0,19819000.0,2167000.0,3042000.0
20190823,-4266600.0,8501160.0,4371160.0,15799160.0,15662560.0,11727640.0,15512150.0,1891960.0,2374050.0,17853000.0,9138000.0,33091000.0,32705000.0,24665000.0,32698000.0,4009000.0,5077000.0
20190826,-1015470.0,3360520.0,3286450.0,9190840.0,8249460.0,7299010.0,7860020.0,438390.0,892850.0,7115000.0,6950000.0,19446000.0,17455000.0,15436000.0,16628000.0,926000.0,1890000.0
20190827,-378660.0,4590570.0,4479030.0,11005300.0,10738190.0,9009220.0,8575420.0,266040.0,1078500.0,9728000.0,9399000.0,23198000.0,22630000.0,18976000.0,18132000.0,551000.0,2293000.0
20190828,-1483240.0,4159860.0,2685440.0,8756400.0,8747570.0,5969920.0,7398050.0,368570.0,423680.0,8673000.0,5582000.0,18237000.0,18214000.0,12406000.0,15416000.0,772000.0,877000.0
20190829,-2428370.0,5432740.0,3239210.0,10927910.0,10693080.0,6474190.0,8583450.0,609930.0,929040.0,11794000.0,6989000.0,23686000.0,23137000.0,14037000.0,18677000.0,1320000.0,2032000.0
20190830,-336250.0,3287390.0,2837660.0,8462500.0,8575990.0,6396350.0,6683630.0,675990.0,724960.0,7078000.0,6090000.0,18196000.0,18438000.0,13734000.0,14364000.0,1445000.0,1560000.0
20190902,4333830.0,4894500.0,7787610.0,15513390.0,16954120.0,15332160.0,12260520.0,1698140.0,435950.0,10019000.0,15947000.0,31794000.0,34779000.0,31485000.0,25167000.0,3485000.0,891000.0
20190903,-976460.0,6730300.0,6959010.0,19095130.0,17889960.0,16041200.0,17185300.0,2134940.0,1967300.0,13243000.0,13600000.0,37418000.0,35037000.0,31330000.0,33632000.0,4124000.0,3845000.0
20190904,-2708860.0,6417500.0,4153180.0,13631270.0,13186730.0,9854640.0,12329840.0,1208810.0,1442470.0,12576000.0,8076000.0,26631000.0,25710000.0,19202000.0,24132000.0,2333000.0,2824000.0
20190905,-2244160.0,4412500.0,2749260.0,10003510.0,9422580.0,6603680.0,8880880.0,861950.0,828910.0,8805000.0,5475000.0,19947000.0,18782000.0,13163000.0,17717000.0,1713000.0,1654000.0
20190906,-3762980.0,5046060.0,2440740.0,9913130.0,8755480.0,5882210.0,9132460.0,397500.0,910230.0,10243000.0,4926000.0,20110000.0,17707000.0,11891000.0,18538000.0,800000.0,1873000.0
20190909,-1169740.0,3122010.0,1615050.0,6129390.0,6466610.0,5188920.0,5496220.0,506830.0,1369270.0,6456000.0,3333000.0,12666000.0,13358000.0,10717000.0,11363000.0,1046000.0,2830000.0
20190910,-915370.0,2885290.0,2244630.0,6712000.0,6437290.0,5158890.0,5605360.0,130450.0,599350.0,5897000.0,4578000.0,13713000.0,13132000.0,10524000.0,11459000.0,266000.0,1232000.0
20190911,-644110.0,2538240.0,1842360.0,5774630.0,5826400.0,4011790.0,4530040.0,459850.0,585710.0,5261000.0,3807000.0,11954000.0,12049000.0,8296000.0,9387000.0,950000.0,1218000.0
20190912,-3620700.0,4502700.0,1769560.0,8046330.0,7158760.0,3687880.0,6969070.0,328840.0,668350.0,9604000.0,3777000.0,17186000.0,15277000.0,7887000.0,14895000.0,700000.0,1428000.0
20190916,62430.0,1597010.0,1421790.0,3605570.0,3843220.0,2703370.0,2756020.0,115080.0,0.0,3415000.0,3037000.0,7708000.0,8215000.0,5775000.0,5892000.0,245000.0,0.0
20190917,96320.0,2252190.0,2660680.0,6782920.0,6470760.0,4428920.0,4614020.0,657820.0,376400.0,4801000.0,5656000.0,14445000.0,13777000.0,9421000.0,9833000.0,1400000.0,802000.0
20190918,-2952010.0,3859890.0,1661450.0,7340490.0,6586920.0,4164500.0,6466860.0,330160.0,979810.0,8451000.0,3635000.0,16076000.0,14406000.0,9121000.0,14176000.0,726000.0,2157000.0
20190919,1246280.0,2433270.0,3192320.0,7244360.0,7731600.0,6290820.0,5464810.0,420270.0,0.0,5206000.0,6811000.0,15475000.0,16509000.0,13407000.0,11657000.0,891000.0,0.0
20190920,-1081440.0,1967890.0,1227850.0,4747700.0,4406310.0,2997300.0,3875490.0,0.0,203250.0,4225000.0,2632000.0,10185000.0,9450000.0,6429000.0,8320000.0,0.0,437000.0
20190923,-182250.0,1510280.0,1107310.0,3496180.0,3716900.0,2288480.0,2601610.0,130880.0,0.0,3258000.0,2385000.0,7544000.0,8017000.0,4931000.0,5610000.0,280000.0,0.0
20190924,1113800.0,2204460.0,3098480.0,7727690.0,7947460.0,6511430.0,5528810.0,239500.0,108320.0,4672000.0,6559000.0,16359000.0,16814000.0,13776000.0,11709000.0,506000.0,231000.0
20190925,-1645430.0,2890200.0,1330170.0,5825170.0,5739780.0,3666010.0,4644940.0,0.0,666500.0,6212000.0,2846000.0,12501000.0,12309000.0,7857000.0,9975000.0,0.0,1440000.0
20190926,-2506870.0,4711890.0,1991310.0,7696790.0,7910500.0,4834360.0,7138010.0,516170.0,719390.0,11081000.0,4695000.0,18111000.0,18618000.0,11390000.0,16824000.0,1236000.0,1682000.0
20190927,-489870.0,1808030.0,1506450.0,4053440.0,3865150.0,2983220.0,3208170.0,0.0,264920.0,4352000.0,3614000.0,9745000.0,9293000.0,7159000.0,7709000.0,0.0,640000.0
20190930,-1138490.0,3481310.0,1978540.0,4168970.0,4533250.0,2220650.0,3245680.0,0.0,113460.0,8826000.0,5019000.0,10537000.0,11465000.0,5627000.0,8219000.0,0.0,287000.0
20191008,-1355740.0,3001960.0,1303140.0,3892220.0,4235290.0,1408130.0,2736080.0,124000.0,151790.0,7990000.0,3462000.0,10368000.0,11265000.0,3737000.0,7297000.0,331000.0,402000.0
20191009,-315260.0,1701540.0,1136630.0,2732870.0,2982530.0,1695020.0,1898820.0,0.0,111460.0,4591000.0,3059000.0,7368000.0,8036000.0,4568000.0,5135000.0,0.0,297000.0
20191010,-79780.0,1721240.0,1356250.0,2602540.0,2887760.0,1379110.0,1320080.0,0.0,138810.0,4588000.0,3611000.0,6937000.0,7699000.0,3683000.0,3527000.0,0.0,372000.0
20191011,-141670.0,1421570.0,1029140.0,2151450.0,2402210.0,1305810.0,1036390.0,0.0,411090.0,3806000.0,2752000.0,5757000.0,6429000.0,3495000.0,2775000.0,0.0,1101000.0
20191014,-437680.0,2065880.0,1676550.0,3116190.0,3067860.0,1632040.0,2344680.0,274960.0,0.0,5478000.0,4435000.0,8264000.0,8131000.0,4313000.0,6215000.0,727000.0,0.0
20191015,-1516860.0,2747950.0,1171300.0,3273560.0,3333350.0,1803320.0,3211340.0,108900.0,217740.0,7435000.0,3165000.0,8855000.0,9019000.0,4886000.0,8692000.0,300000.0,600000.0
20191016,-1745720.0,3410960.0,1517560.0,4315660.0,4463340.0,2328910.0,3777820.0,143270.0,440080.0,9678000.0,4298000.0,12255000.0,12665000.0,6598000.0,10701000.0,397000.0,1263000.0
20191017,-1535350.0,3124230.0,1675320.0,3981160.0,3894730.0,2331830.0,3441680.0,319030.0,744530.0,9274000.0,4962000.0,11825000.0,11562000.0,6941000.0,10241000.0,960000.0,2236000.0
20191018,15160.0,2189010.0,2408050.0,4300830.0,4096960.0,3108490.0,3117430.0,229760.0,205660.0,6416000.0,7039000.0,12579000.0,11996000.0,9087000.0,9115000.0,668000.0,600000.0
20191021,-838560.0,2514970.0,1504020.0,3647590.0,3819980.0,1865540.0,2362450.0,147650.0,489300.0,7719000.0,4612000.0,11181000.0,11715000.0,5729000.0,7259000.0,452000.0,1495000.0
20191022,656090.0,1375660.0,1585140.0,2053210.0,2499840.0,1744540.0,1103350.0,127700.0,112800.0,4215000.0,4839000.0,6281000.0,7644000.0,5317000.0,3377000.0,393000.0,346000.0
20191023,1546820.0,3324500.0,5095190.0,7267500.0,7043620.0,6247010.0,5270360.0,1382860.0,812690.0,9559000.0,14559000.0,20954000.0,20222000.0,17823000.0,15166000.0,3895000.0,2285000.0
20191024,-1246480.0,3667730.0,2691590.0,5530040.0,5259700.0,2495970.0,3595250.0,390230.0,537430.0,10279000.0,7510000.0,15486000.0,14725000.0,6977000.0,10084000.0,1092000.0,1515000.0
20191025,-694760.0,2228840.0,1135130.0,3192460.0,3591410.0,1715600.0,2303940.0,0.0,106420.0,6423000.0,3271000.0,9202000.0,10355000.0,4946000.0,6637000.0,0.0,309000.0
20191028,-85130.0,2179950.0,1943860.0,3551020.0,3701980.0,2310470.0,2305040.0,144280.0,234840.0,6225000.0,5536000.0,10129000.0,10550000.0,6595000.0,6599000.0,408000.0,671000.0
20191029,-1286990.0,2796310.0,1534630.0,3603260.0,3577950.0,2158280.0,2997360.0,0.0,447910.0,8099000.0,4425000.0,10421000.0,10362000.0,6284000.0,8712000.0,0.0,1304000.0
20191030,-24730.0,1704940.0,1147680.0,2558180.0,3090710.0,1753480.0,1859730.0,250820.0,169300.0,5155000.0,3462000.0,7730000.0,9339000.0,5287000.0,5619000.0,767000.0,518000.0
20191031,-814840.0,2559050.0,1355290.0,3211950.0,3600880.0,1747310.0,2372530.0,114200.0,303820.0,8088000.0,4279000.0,10152000.0,11368000.0,5538000.0,7521000.0,371000.0,982000.0
20191101,-612060.0,1339300.0,869300.0,1886860.0,1744810.0,880080.0,1055140.0,0.0,437000.0,4304000.0,2790000.0,6054000.0,5600000.0,2828000.0,3396000.0,0.0,1400000.0
20191104,24460.0,1104830.0,1316820.0,1951220.0,1763700.0,883000.0,742070.0,0.0,116470.0,3488000.0,4153000.0,6160000.0,5563000.0,2784000.0,2346000.0,0.0,371000.0
20191105,-202780.0,1771720.0,1228790.0,2140750.0,2480900.0,1515150.0,1583670.0,0.0,134260.0,5768000.0,3993000.0,6966000.0,8072000.0,4938000.0,5168000.0,0.0,439000.0
20191106,722300.0,1160850.0,1608200.0,2217620.0,2492580.0,2047110.0,1342150.0,139610.0,122270.0,3735000.0,5167000.0,7129000.0,8019000.0,6587000.0,4325000.0,450000.0,390000.0
20191107,99610.0,1010730.0,1076780.0,2101060.0,2134620.0,1771740.0,1786290.0,114160.0,0.0,3245000.0,3451000.0,6741000.0,6843000.0,5678000.0,5733000.0,363000.0,0.0
20191108,436140.0,1427720.0,1679080.0,2277210.0,2462000.0,2121880.0,1947650.0,261910.0,0.0,4490000.0,5265000.0,7157000.0,7727000.0,6652000.0,6123000.0,816000.0,0.0
20191111,-683620.0,2556190.0,1237540.0,2884830.0,3519860.0,1313460.0,1768250.0,0.0,228830.0,8424000.0,4068000.0,9514000.0,11592000.0,4313000.0,5843000.0,0.0,748000.0
20191112,283430.0,1015680.0,1039300.0,2209960.0,2469770.0,905670.0,622240.0,0.0,0.0,3412000.0,3481000.0,7416000.0,8290000.0,3033000.0,2090000.0,0.0,0.0
20191113,55880.0,1195790.0,1095260.0,1791900.0,1948310.0,874740.0,710380.0,0.0,108480.0,3956000.0,3614000.0,5922000.0,6438000.0,2886000.0,2349000.0,0.0,362000.0
20191114,208730.0,1471370.0,1693340.0,2543750.0,2530510.0,1740410.0,1645670.0,113990.0,0.0,4831000.0,5525000.0,8324000.0,8282000.0,5664000.0,5383000.0,372000.0,0.0
20191115,257280.0,1382030.0,1531180.0,2704540.0,2812670.0,1855320.0,1598040.0,0.0,0.0,4471000.0,4943000.0,8747000.0,9093000.0,5984000.0,5167000.0,0.0,0.0
20191118,-570350.0,1731560.0,980380.0,2109820.0,2290640.0,780460.0,1350810.0,0.0,0.0,5674000.0,3190000.0,6903000.0,7485000.0,2528000.0,4430000.0,0.0,0.0
20191119,-351790.0,1139520.0,663010.0,1806330.0,1931040.0,794910.0,1146700.0,0.0,0.0,3795000.0,2205000.0,6013000.0,6428000.0,2644000.0,3818000.0,0.0,0.0
20191120,-797530.0,1609550.0,763160.0,2059300.0,2108160.0,595650.0,1393180.0,0.0,0.0,5416000.0,2569000.0,6935000.0,7103000.0,2006000.0,4685000.0,0.0,0.0
20191121,-512480.0,1149590.0,744840.0,1531330.0,1423590.0,615710.0,1025460.0,0.0,102730.0,3950000.0,2551000.0,5257000.0,4887000.0,2119000.0,3534000.0,0.0,354000.0
20191122,-402950.0,1560520.0,896160.0,1803580.0,2064990.0,704580.0,1107530.0,0.0,0.0,5441000.0,3120000.0,6283000.0,7193000.0,2457000.0,3867000.0,0.0,0.0
20191125,-206610.0,981680.0,670940.0,1412600.0,1516720.0,639670.0,846280.0,0.0,0.0,3479000.0,2375000.0,5006000.0,5368000.0,2261000.0,3002000.0,0.0,0.0
20191126,48220.0,746680.0,671040.0,972230.0,1096080.0,460300.0,412080.0,0.0,0.0,2645000.0,2373000.0,3438000.0,3876000.0,1628000.0,1462000.0,0.0,0.0
20191127,273540.0,878450.0,940790.0,1109450.0,1320650.0,861720.0,588180.0,0.0,0.0,3083000.0,3297000.0,3893000.0,4630000.0,3014000.0,2063000.0,0.0,0.0
20191128,106050.0,1012600.0,992160.0,1541980.0,1668470.0,698900.0,589170.0,124610.0,128290.0,3511000.0,3436000.0,5339000.0,5780000.0,2417000.0,2039000.0,430000.0,443000.0
20191129,-111700.0,835240.0,865380.0,1540950.0,1399120.0,608120.0,719820.0,0.0,0.0,2892000.0,2993000.0,5332000.0,4839000.0,2100000.0,2492000.0,0.0,0.0
20191202,40310.0,959100.0,809250.0,1297130.0,1487290.0,859740.0,819430.0,0.0,0.0,3309000.0,2785000.0,4475000.0,5122000.0,2959000.0,2835000.0,0.0,0.0
20191203,-425910.0,1384760.0,885990.0,2016480.0,2089340.0,1003570.0,1191930.0,0.0,237550.0,4921000.0,3145000.0,7160000.0,7426000.0,3568000.0,4234000.0,0.0,844000.0
20191204,182470.0,969520.0,997180.0,1391510.0,1546310.0,731560.0,413380.0,0.0,135710.0,3432000.0,3521000.0,4917000.0,5466000.0,2579000.0,1458000.0,0.0,484000.0
20191205,74490.0,681380.0,659520.0,1062400.0,1158750.0,566380.0,491890.0,0.0,0.0,2412000.0,2333000.0,3758000.0,4099000.0,2002000.0,1741000.0,0.0,0.0
20191206,34800.0,764970.0,746770.0,1378340.0,1431340.0,573670.0,538870.0,0.0,0.0,2691000.0,2623000.0,4846000.0,5034000.0,2015000.0,1895000.0,0.0,0.0
20191209,376930.0,2408750.0,3401410.0,5274580.0,4658850.0,3411480.0,3172710.0,300190.0,162030.0,8113000.0,11451000.0,17774000.0,15697000.0,11502000.0,10698000.0,1003000.0,545000.0
20191210,1478350.0,5024550.0,6181800.0,8622290.0,8943390.0,7486780.0,6288340.0,496010.0,216100.0,15464000.0,18982000.0,26616000.0,27527000.0,22918000.0,19381000.0,1531000.0,639000.0
20191211,-1119220.0,3775850.0,2812020.0,5802830.0,5647440.0,3377590.0,4379590.0,252700.0,369920.0,11582000.0,8589000.0,17777000.0,17298000.0,10320000.0,13413000.0,763000.0,1142000.0
20191212,394990.0,2033510.0,2395330.0,3617180.0,3650330.0,2754030.0,2547940.0,422540.0,233640.0,6211000.0,7300000.0,11043000.0,11137000.0,8390000.0,7780000.0,1284000.0,711000.0
20191213,354850.0,1772750.0,1782020.0,3009190.0,3354760.0,1944990.0,1590140.0,0.0,0.0,5398000.0,5411000.0,9154000.0,10201000.0,5915000.0,4855000.0,0.0,0.0
20191216,-625160.0,1809920.0,1501170.0,3031970.0,2715550.0,1272500.0,1924770.0,150710.0,123600.0,5476000.0,4532000.0,9173000.0,8213000.0,3841000.0,5822000.0,452000.0,375000.0
20191217,-120790.0,2019370.0,1678220.0,3537290.0,3757640.0,2601190.0,2319650.0,386450.0,788780.0,6074000.0,5037000.0,10629000.0,11287000.0,7810000.0,6978000.0,1160000.0,2371000.0
20191218,66500.0,3066590.0,3308060.0,6314730.0,6139760.0,4158140.0,4338920.0,247280.0,0.0,8985000.0,9680000.0,18486000.0,17955000.0,12145000.0,12699000.0,718000.0,0.0
20191219,-993840.0,2498900.0,1354900.0,3789280.0,3939440.0,1739500.0,2128880.0,403940.0,1008400.0,7430000.0,4021000.0,11263000.0,11707000.0,5172000.0,6332000.0,1200000.0,3005000.0
20191220,-921350.0,2333770.0,1162660.0,2702730.0,2952480.0,1229790.0,2327090.0,175950.0,0.0,7039000.0,3500000.0,8148000.0,8911000.0,3709000.0,7021000.0,535000.0,0.0
20191223,-689350.0,2306200.0,1119210.0,2763370.0,3261010.0,1439300.0,1636710.0,0.0,491940.0,7301000.0,3544000.0,8756000.0,10332000.0,4585000.0,5186000.0,0.0,1579000.0
20191224,-13430.0,1077360.0,1251600.0,2254540.0,2066880.0,1221840.0,1486410.0,251140.0,0.0,3410000.0,3955000.0,7129000.0,6537000.0,3857000.0,4701000.0,797000.0,0.0
20191225,403120.0,2188010.0,2720410.0,3587710.0,3458420.0,2483410.0,1968770.0,0.0,111520.0,6703000.0,8309000.0,10976000.0,10566000.0,7565000.0,6028000.0,0.0,340000.0
20191226,94550.0,1542600.0,1238130.0,2302640.0,2701660.0,1613500.0,1411440.0,0.0,107510.0,4683000.0,3749000.0,6982000.0,8189000.0,4889000.0,4291000.0,0.0,326000.0
20191227,-435390.0,1812150.0,1845120.0,3378660.0,2910290.0,1903710.0,1897930.0,194850.0,636020.0,5451000.0,5544000.0,10159000.0,8746000.0,5722000.0,5721000.0,592000.0,1913000.0
20191230,-192120.0,1518830.0,1194870.0,2310810.0,2442660.0,1129020.0,1200710.0,0.0,120430.0,4669000.0,3659000.0,7087000.0,7499000.0,3466000.0,3693000.0,0.0,370000.0
20191231,27780.0,1600260.0,1707520.0,2619580.0,2540110.0,1383150.0,1255210.0,0.0,100160.0,4757000.0,5068000.0,7783000.0,7547000.0,4104000.0,3728000.0,0.0,300000.0
20200102,-574010.0,1958450.0,1827130.0,3536980.0,3094290.0,2232620.0,2660120.0,109860.0,256370.0,5746000.0,5349000.0,10372000.0,9068000.0,6537000.0,7806000.0,322000.0,753000.0
20200103,503480.0,1699880.0,1965420.0,3680710.0,3918660.0,2463800.0,2247480.0,411080.0,123920.0,4987000.0,5752000.0,10801000.0,11493000.0,7221000.0,6599000.0,1200000.0,366000.0
20200106,153390.0,3528290.0,3995540.0,5913000.0,5599150.0,4385630.0,4451480.0,620330.0,401090.0,9900000.0,11190000.0,16582000.0,15695000.0,12287000.0,12497000.0,1742000.0,1129000.0
20200107,-365600.0,2593680.0,1993010.0,3725600.0,3960680.0,2658720.0,3050490.0,170570.0,144400.0,7343000.0,5620000.0,10532000.0,11185000.0,7500000.0,8645000.0,481000.0,407000.0
20200108,679460.0,3847850.0,4713850.0,6990500.0,6803950.0,5547210.0,4419790.0,316270.0,764230.0,10479000.0,12814000.0,19008000.0,18487000.0,15072000.0,12013000.0,854000.0,2098000.0
20200109,-132400.0,3781860.0,3952750.0,7575610.0,7272310.0,5376050.0,5398180.0,503050.0,613320.0,10178000.0,10552000.0,20346000.0,19515000.0,14371000.0,14547000.0,1327000.0,1608000.0
20200110,-1686210.0,3496700.0,1919250.0,4503370.0,4394610.0,2560040.0,4139000.0,107170.0,214420.0,9299000.0,5096000.0,11965000.0,11675000.0,6807000.0,11012000.0,282000.0,570000.0
20200113,-1050870.0,3252250.0,2312950.0,4743940.0,4632350.0,3325250.0,3802390.0,221010.0,794740.0,8922000.0,6320000.0,12988000.0,12699000.0,9106000.0,10421000.0,604000.0,2181000.0
20200114,-541440.0,3084730.0,2343280.0,4805740.0,5005750.0,2254790.0,2953050.0,621140.0,464320.0,8236000.0,6240000.0,12819000.0,13342000.0,5998000.0,7886000.0,1659000.0,1242000.0
20200115,-785460.0,2804620.0,1314210.0,3120890.0,3825840.0,1885700.0,2732940.0,217350.0,155570.0,7709000.0,3604000.0,8573000.0,10510000.0,5182000.0,7520000.0,600000.0,430000.0
20200116,-105620.0,2246020.0,2065340.0,3750440.0,3825500.0,2560880.0,2196950.0,107040.0,576590.0,6168000.0,5654000.0,10285000.0,10485000.0,7016000.0,6031000.0,293000.0,1592000.0
20200117,2288160.0,4884900.0,6869700.0,9883710.0,10187080.0,9617450.0,8358990.0,1743850.0,714150.0,12769000.0,17936000.0,25839000.0,26635000.0,25092000.0,21811000.0,4526000.0,1844000.0
20200120,1502770.0,4071520.0,4858020.0,9651370.0,10367640.0,9552780.0,8490500.0,1624740.0,1184250.0,10289000.0,12219000.0,24280000.0,26125000.0,23980000.0,21299000.0,4030000.0,2937000.0
20200121,-2601520.0,4473130.0,2548110.0,7384360.0,6707860.0,5473080.0,7762730.0,830460.0,1142330.0,11418000.0,6426000.0,18627000.0,16952000.0,13839000.0,19692000.0,2123000.0,2937000.0
20200122,-1587830.0,4039730.0,3833590.0,6407380.0,5025690.0,5860460.0,6902180.0,588310.0,1134420.0,10967000.0,10349000.0,17358000.0,13596000.0,15936000.0,18847000.0,1604000.0,3074000.0
20200123,-923450.0,3582130.0,2403590.0,4749470.0,5004550.0,3831910.0,4464670.0,0.0,290690.0,9637000.0,6426000.0,12775000.0,13439000.0,10257000.0,12007000.0,0.0,798000.0
20200203,797840.0,3404070.0,2519260.0,4442700.0,6125350.0,4090910.0,5131540.0,2934880.0,1096410.0,11471000.0,8479000.0,14940000.0,20630000.0,13765000.0,17392000.0,10066000.0,3741000.0
20200204,495810.0,2714390.0,3136910.0,4511150.0,4584440.0,2794000.0,2735610.0,437420.0,0.0,8720000.0,10041000.0,14479000.0,14697000.0,8942000.0,8797000.0,1393000.0,0.0
20200205,221510.0,3729120.0,3910000.0,6051640.0,6092260.0,5055660.0,4984870.0,460590.0,309870.0,10999000.0,11495000.0,17839000.0,17959000.0,14836000.0,14662000.0,1350000.0,907000.0
20200206,-1321640.0,3478480.0,3186870.0,6085060.0,5055020.0,3180570.0,4482760.0,332510.0,351960.0,10103000.0,9225000.0,17657000.0,14662000.0,9221000.0,13022000.0,950000.0,1022000.0
20200207,-608160.0,4417330.0,3781420.0,7060510.0,7088260.0,5336480.0,5400880.0,281090.0,824850.0,12650000.0,10734000.0,20163000.0,20215000.0,15166000.0,15493000.0,800000.0,2338000.0
20200210,269190.0,4389370.0,4806170.0,8400280.0,8252680.0,6844050.0,6508690.0,385850.0,452020.0,11725000.0,12785000.0,22377000.0,21983000.0,18184000.0,17325000.0,1019000.0,1213000.0
20200211,-1455730.0,4800360.0,2827860.0,6238490.0,6755260.0,2900900.0,4534570.0,627530.0,449590.0,12869000.0,7544000.0,16704000.0,18082000.0,7753000.0,12185000.0,1692000.0,1207000.0
20200212,553860.0,3379270.0,3294450.0,6321310.0,6959990.0,4197770.0,3452370.0,571750.0,763290.0,9041000.0,8785000.0,16881000.0,18584000.0,11163000.0,9211000.0,1518000.0,2022000.0
20200213,-790850.0,4834270.0,4787470.0,9841090.0,9097050.0,5884370.0,7044910.0,937380.0,567690.0,12445000.0,12279000.0,25288000.0,23357000.0,15089000.0,18124000.0,2406000.0,1469000.0
20200214,-1127970.0,3805500.0,2435420.0,5437330.0,5679440.0,3341240.0,4173590.0,109680.0,405300.0,10178000.0,6453000.0,14458000.0,15135000.0,8930000.0,11182000.0,300000.0,1096000.0
20200217,5551600.0,5707740.0,8777610.0,14798810.0,17280550.0,19060140.0,16379330.0,4493740.0,1622950.0,14104000.0,21517000.0,36218000.0,41888000.0,45933000.0,39566000.0,10661000.0,3945000.0
20200218,-4998560.0,6608780.0,4001610.0,14919460.0,12528060.0,13252400.0,16945330.0,1312200.0,2617830.0,15529000.0,9379000.0,35040000.0,29378000.0,31033000.0,39754000.0,3060000.0,6152000.0
20200219,31420.0,6009450.0,6125640.0,14927780.0,14843010.0,17075030.0,16380440.0,2085590.0,2748760.0,13751000.0,13889000.0,34132000.0,33779000.0,38668000.0,37334000.0,4703000.0,6252000.0
20200220,-3109430.0,4980600.0,3833780.0,12160950.0,10198340.0,9454730.0,11919130.0,2059620.0,2704650.0,11596000.0,8837000.0,28224000.0,23614000.0,21900000.0,27674000.0,4749000.0,6344000.0
20200221,-1529300.0,4234990.0,3462810.0,10714520.0,9957390.0,10664450.0,11507320.0,970760.0,1657190.0,9821000.0,7970000.0,24768000.0,23019000.0,24624000.0,26620000.0,2224000.0,3828000.0
20200224,-1923490.0,4548550.0,2348360.0,8904170.0,9180860.0,7798660.0,9151880.0,607600.0,1177870.0,11144000.0,5735000.0,21789000.0,22448000.0,19069000.0,22412000.0,1486000.0,2894000.0
20200225,-2209530.0,5180970.0,2845890.0,7758000.0,7883560.0,6108580.0,7503380.0,168780.0,983510.0,13077000.0,7150000.0,19518000.0,19824000.0,15364000.0,18931000.0,422000.0,2476000.0
20200226,-798160.0,2661110.0,1984640.0,3869340.0,3747670.0,1929680.0,2666250.0,220920.0,282510.0,6707000.0,4970000.0,9702000.0,9420000.0,4857000.0,6708000.0,559000.0,727000.0
20200227,-1719830.0,4069500.0,2306450.0,4518230.0,4561450.0,2837570.0,4380800.0,301300.0,477900.0,10478000.0,5913000.0,11613000.0,11725000.0,7314000.0,11292000.0,766000.0,1240000.0
20200228,-1840050.0,4795310.0,2566270.0,5569740.0,5958720.0,3995080.0,5154140.0,281830.0,962820.0,13327000.0,7154000.0,15483000.0,16559000.0,11129000.0,14316000.0,789000.0,2699000.0
20200302,-305390.0,2435960.0,2637730.0,4680420.0,4173250.0,3364210.0,3285740.0,192870.0,576730.0,6678000.0,7203000.0,12819000.0,11411000.0,9192000.0,9020000.0,531000.0,1587000.0
20200303,-475350.0,3735550.0,3384510.0,5824450.0,5700140.0,4446030.0,5037970.0,116590.0,0.0,9735000.0,8770000.0,15123000.0,14804000.0,11529000.0,13113000.0,300000.0,0.0
20200304,178330.0,2769610.0,2544510.0,4031400.0,4434830.0,2830720.0,2656220.0,108920.0,105090.0,7255000.0,6632000.0,10537000.0,11590000.0,7375000.0,6955000.0,280000.0,270000.0
20200305,1081370.0,3212210.0,4035950.0,8943850.0,9201460.0,7791220.0,7817940.0,1851770.0,743680.0,7996000.0,10023000.0,22217000.0,22841000.0,19331000.0,19405000.0,4555000.0,1831000.0
20200306,-2105300.0,4310990.0,2138420.0,4995320.0,5062580.0,4147360.0,5319890.0,0.0,932770.0,11022000.0,5453000.0,12761000.0,12937000.0,10578000.0,13580000.0,0.0,2391000.0
20200309,-1403950.0,3894550.0,1781660.0,3831600.0,4540530.0,2478380.0,3557490.0,110310.0,435150.0,10415000.0,4762000.0,10256000.0,12152000.0,6617000.0,9512000.0,300000.0,1162000.0
20200310,-728850.0,2957820.0,2459620.0,4276850.0,4046210.0,2504730.0,2850060.0,0.0,383520.0,8070000.0,6668000.0,11620000.0,10984000.0,6771000.0,7756000.0,0.0,1053000.0
20200311,67580.0,2968900.0,2881060.0,4096080.0,4251500.0,2648590.0,2221630.0,227160.0,586540.0,7755000.0,7490000.0,10677000.0,11086000.0,6888000.0,5802000.0,600000.0,1541000.0
20200312,-538690.0,2688820.0,1552580.0,2827520.0,3425060.0,1259100.0,1954780.0,622110.0,465120.0,7414000.0,4271000.0,7798000.0,9447000.0,3477000.0,5400000.0,1715000.0,1285000.0
20200313,-432080.0,2549370.0,1950810.0,3551980.0,3718480.0,2045610.0,2479480.0,207000.0,205210.0,7316000.0,5568000.0,10165000.0,10657000.0,5866000.0,7133000.0,600000.0,590000.0
20200316,-684070.0,2870070.0,1856000.0,3375770.0,3705770.0,2302050.0,2885980.0,400610.0,500750.0,8254000.0,5290000.0,9664000.0,10617000.0,6621000.0,8313000.0,1166000.0,1484000.0
20200317,-538440.0,2178640.0,1424650.0,2981520.0,3197070.0,1644300.0,2182740.0,0.0,0.0,6559000.0,4263000.0,8955000.0,9614000.0,4919000.0,6556000.0,0.0,0.0
20200318,-261480.0,1807050.0,1715710.0,3087520.0,2917380.0,1633880.0,1895360.0,0.0,0.0,5312000.0,5033000.0,9062000.0,8559000.0,4795000.0,5578000.0,0.0,0.0
20200319,-567730.0,2138720.0,1507060.0,2699120.0,2763050.0,1418290.0,1825980.0,0.0,160040.0,6501000.0,4551000.0,8189000.0,8376000.0,4296000.0,5559000.0,0.0,500000.0
20200320,193450.0,1491900.0,1686920.0,2741850.0,2740280.0,1892670.0,1792730.0,222350.0,128840.0,4368000.0,4926000.0,8016000.0,8011000.0,5527000.0,5249000.0,650000.0,374000.0
20200323,-573920.0,2019310.0,1247470.0,2521480.0,2719380.0,1383700.0,1834000.0,0.0,123620.0,6243000.0,3859000.0,7798000.0,8413000.0,4283000.0,5677000.0,0.0,376000.0
20200324,41870.0,1252020.0,1275150.0,1958290.0,1977030.0,1037220.0,995350.0,0.0,0.0,3886000.0,3946000.0,6074000.0,6126000.0,3207000.0,3095000.0,0.0,0.0
20200325,252310.0,1145170.0,1198130.0,1906910.0,2106270.0,1490860.0,1443580.0,502990.0,297960.0,3438000.0,3588000.0,5723000.0,6320000.0,4476000.0,4332000.0,1500000.0,897000.0
20200326,-354770.0,1218320.0,736380.0,1513230.0,1640410.0,561370.0,916140.0,0.0,0.0,3732000.0,2247000.0,4626000.0,5018000.0,1713000.0,2806000.0,0.0,0.0
20200327,-1530.0,939420.0,819990.0,1302910.0,1420800.0,1079280.0,1080810.0,0.0,0.0,2904000.0,2530000.0,4026000.0,4392000.0,3337000.0,3346000.0,0.0,0.0
20200330,-266770.0,1323960.0,834400.0,1571730.0,1794530.0,546290.0,786270.0,128330.0,155120.0,4278000.0,2691000.0,5080000.0,5799000.0,1761000.0,2544000.0,414000.0,500000.0
20200331,-141490.0,772480.0,659460.0,1153690.0,1125230.0,336130.0,364920.0,0.0,112700.0,2485000.0,2115000.0,3707000.0,3613000.0,1076000.0,1177000.0,0.0,362000.0
20200401,209530.0,883170.0,882830.0,1175600.0,1385470.0,984980.0,775450.0,0.0,0.0,2832000.0,2829000.0,3766000.0,4437000.0,3152000.0,2484000.0,0.0,0.0
20200402,139980.0,1098720.0,1080790.0,1480900.0,1638810.0,1141910.0,870190.0,0.0,131740.0,3496000.0,3425000.0,4698000.0,5215000.0,3617000.0,2758000.0,0.0,414000.0
20200403,208620.0,1139400.0,1113200.0,1627910.0,1862730.0,1118210.0,909590.0,0.0,0.0,3539000.0,3454000.0,5060000.0,5785000.0,3473000.0,2834000.0,0.0,0.0
20200407,251290.0,1130090.0,1309400.0,1900030.0,1972010.0,1368600.0,1117310.0,0.0,0.0,3421000.0,3958000.0,5747000.0,5964000.0,4137000.0,3384000.0,0.0,0.0
20200408,-187490.0,1224330.0,1366290.0,1974610.0,1645160.0,1557790.0,1745280.0,0.0,0.0,3676000.0,4097000.0,5927000.0,4932000.0,4674000.0,5248000.0,0.0,0.0
20200409,-380340.0,1147460.0,667320.0,1698100.0,1797900.0,844520.0,1125830.0,188160.0,287190.0,3465000.0,2015000.0,5125000.0,5427000.0,2552000.0,3400000.0,570000.0,870000.0
20200410,91990.0,1061670.0,882600.0,1366340.0,1637400.0,831640.0,1001760.0,262110.0,0.0,3259000.0,2707000.0,4193000.0,5024000.0,2546000.0,3069000.0,801000.0,0.0
20200413,-8950.0,885310.0,620940.0,923280.0,1178710.0,630250.0,639200.0,0.0,0.0,2789000.0,1956000.0,2909000.0,3717000.0,1987000.0,2013000.0,0.0,0.0
20200414,188790.0,972410.0,1290410.0,1589170.0,1459950.0,1065430.0,876640.0,0.0,0.0,3000000.0,3975000.0,4896000.0,4494000.0,3271000.0,2697000.0,0.0,0.0
20200415,-441790.0,1081140.0,714580.0,1584640.0,1509400.0,829890.0,1107830.0,0.0,163850.0,3313000.0,2187000.0,4852000.0,4624000.0,2537000.0,3390000.0,0.0,500000.0
20200416,-99230.0,663340.0,513410.0,867380.0,918080.0,451200.0,448670.0,167020.0,268780.0,2059000.0,1592000.0,2693000.0,2848000.0,1401000.0,1392000.0,519000.0,840000.0
20200417,1603340.0,2418970.0,3755090.0,5304890.0,5572110.0,4923720.0,3663210.0,585500.0,242670.0,7163000.0,11054000.0,15679000.0,16462000.0,14427000.0,10797000.0,1750000.0,704000.0
20200420,-1179660.0,1738410.0,1205450.0,3259050.0,2612350.0,1573880.0,2885890.0,132350.0,0.0,5120000.0,3537000.0,9585000.0,7674000.0,4612000.0,8493000.0,387000.0,0.0
20200421,-446930.0,1453030.0,893020.0,1857620.0,1970710.0,1039610.0,1151070.0,0.0,335470.0,4314000.0,2647000.0,5510000.0,5848000.0,3090000.0,3423000.0,0.0,997000.0
20200422,-72770.0,1114270.0,1091660.0,1911990.0,1861830.0,1058530.0,1135290.0,129420.0,125430.0,3295000.0,3221000.0,5648000.0,5501000.0,3120000.0,3353000.0,382000.0,370000.0
20200423,-662180.0,1609180.0,1296200.0,2751020.0,2401820.0,1292720.0,1954900.0,0.0,0.0,4714000.0,3787000.0,8050000.0,7027000.0,3765000.0,5714000.0,0.0,0.0
20200424,-311080.0,1583220.0,896850.0,1851520.0,2226810.0,1353670.0,1910510.0,729690.0,483930.0,4771000.0,2698000.0,5577000.0,6703000.0,4074000.0,5763000.0,2200000.0,1459000.0
20200427,-51570.0,958430.0,745330.0,1160010.0,1321540.0,579820.0,467030.0,0.0,164360.0,2905000.0,2254000.0,3515000.0,3999000.0,1755000.0,1417000.0,0.0,505000.0
20200428,-544140.0,2092120.0,1637970.0,3290760.0,3200760.0,1658370.0,2184670.0,267270.0,285110.0,6860000.0,5349000.0,10808000.0,10439000.0,5474000.0,7197000.0,844000.0,1000000.0
20200429,-280930.0,1200130.0,880310.0,1537840.0,1576720.0,740490.0,1001920.0,460800.0,480300.0,3944000.0,2888000.0,5048000.0,5172000.0,2427000.0,3295000.0,1500000.0,1563000.0
20200430,240500.0,1336020.0,1587830.0,2245290.0,2233990.0,1590990.0,1350490.0,0.0,0.0,4250000.0,5045000.0,7143000.0,7098000.0,5021000.0,4270000.0,0.0,0.0
20200506,40630.0,2189340.0,2450860.0,4144530.0,3923630.0,2794450.0,2589040.0,293720.0,458500.0,6631000.0,7391000.0,12520000.0,11838000.0,8414000.0,7783000.0,870000.0,1423000.0
20200507,-571340.0,2900290.0,1583320.0,2459640.0,3205280.0,1133060.0,1710530.0,406960.0,400830.0,8585000.0,4676000.0,7274000.0,9484000.0,3354000.0,5074000.0,1213000.0,1192000.0
20200508,313900.0,1652340.0,1568330.0,2452690.0,2850600.0,1910190.0,1383330.0,115610.0,328570.0,4849000.0,4591000.0,7188000.0,8357000.0,5591000.0,4054000.0,336000.0,962000.0
20200511,-389290.0,1449140.0,943180.0,2096270.0,2212950.0,1172850.0,1562140.0,0.0,0.0,4295000.0,2788000.0,6203000.0,6552000.0,3472000.0,4630000.0,0.0,0.0
20200512,-1197080.0,1750820.0,886040.0,2271540.0,1939240.0,621380.0,1864330.0,210130.0,164260.0,5324000.0,2689000.0,6902000.0,5885000.0,1889000.0,5683000.0,641000.0,500000.0
20200513,84980.0,1053140.0,876860.0,1261510.0,1522770.0,670000.0,585020.0,0.0,0.0,3182000.0,2647000.0,3814000.0,4603000.0,2022000.0,1769000.0,0.0,0.0
20200514,352710.0,1593150.0,1923270.0,3077160.0,3099770.0,1809570.0,1587570.0,130710.0,0.0,4738000.0,5713000.0,9136000.0,9204000.0,5367000.0,4714000.0,390000.0,0.0
20200515,420570.0,1781190.0,1932010.0,2718470.0,2988220.0,1655380.0,1646200.0,555760.0,144370.0,5246000.0,5680000.0,7994000.0,8793000.0,4867000.0,4845000.0,1641000.0,430000.0
20200518,294530.0,4248170.0,4625240.0,7709470.0,7626930.0,6265370.0,6076830.0,499470.0,393480.0,11900000.0,12922000.0,21550000.0,21328000.0,17511000.0,16978000.0,1371000.0,1106000.0
20200519,-1082990.0,3108550.0,2507420.0,5469240.0,4987380.0,3302860.0,4541910.0,549120.0,393060.0,8895000.0,7154000.0,15625000.0,14250000.0,9413000.0,12971000.0,1557000.0,1115000.0
20200520,-198360.0,3496410.0,3488100.0,6869040.0,6678980.0,4632760.0,5306150.0,1062420.0,587390.0,9695000.0,9631000.0,19011000.0,18475000.0,12777000.0,14681000.0,2946000.0,1642000.0
20200521,-1222050.0,3124010.0,1767770.0,3915110.0,4049310.0,1509990.0,2906270.0,929060.0,754830.0,8895000.0,5013000.0,11132000.0,11497000.0,4297000.0,8308000.0,2653000.0,2157000.0
20200522,-290750.0,2607150.0,1986600.0,3226100.0,3555890.0,1210630.0,1603280.0,101900.0,0.0,7751000.0,5892000.0,9575000.0,10566000.0,3587000.0,4754000.0,300000.0,0.0
20200525,-895930.0,1908580.0,1247710.0,2503520.0,2268470.0,1377150.0,2160770.0,0.0,112310.0,5859000.0,3821000.0,7674000.0,6958000.0,4244000.0,6647000.0,0.0,350000.0
20200526,415040.0,2810050.0,3015580.0,3368370.0,3577890.0,1748210.0,1333170.0,0.0,0.0,8362000.0,8996000.0,10055000.0,10660000.0,5208000.0,3968000.0,0.0,0.0
20200527,595590.0,2191270.0,2151500.0,2994490.0,3629840.0,2516130.0,1940660.0,124430.0,104310.0,6362000.0,6231000.0,8683000.0,10528000.0,7284000.0,5625000.0,356000.0,300000.0
20200528,223740.0,2378200.0,2449310.0,3206340.0,3358970.0,2351520.0,2366040.0,339570.0,101310.0,6906000.0,7088000.0,9278000.0,9720000.0,6784000.0,6843000.0,983000.0,300000.0
20200529,60680.0,2768350.0,3067040.0,4157220.0,3919230.0,2509250.0,1787300.0,106200.0,767470.0,7892000.0,8740000.0,11840000.0,11156000.0,7135000.0,5093000.0,300000.0,2178000.0
20200601,388590.0,2793100.0,3360180.0,5110960.0,4932470.0,3942910.0,4143590.0,814090.0,224820.0,7772000.0,9346000.0,14218000.0,13727000.0,10971000.0,11517000.0,2254000.0,623000.0
20200602,-1724710.0,2793510.0,1666600.0,4260100.0,3662300.0,2409420.0,3373210.0,287620.0,1048540.0,7794000.0,4642000.0,11876000.0,10204000.0,6709000.0,9404000.0,800000.0,2929000.0
20200603,-864030.0,2763290.0,1775250.0,3779690.0,3903710.0,1366850.0,2100900.0,106050.0,236030.0,7790000.0,4999000.0,10656000.0,11004000.0,3856000.0,5928000.0,300000.0,671000.0
20200604,1202140.0,2517380.0,3526250.0,4757350.0,4950620.0,3166800.0,1970410.0,466980.0,461230.0,7010000.0,9808000.0,13241000.0,13782000.0,8801000.0,5482000.0,1300000.0,1282000.0
20200605,330320.0,2908450.0,3344020.0,5413460.0,5308210.0,3846490.0,4721720.0,1768350.0,562800.0,7972000.0,9132000.0,14818000.0,14529000.0,10500000.0,12899000.0,4799000.0,1530000.0
20200608,-1263140.0,2968050.0,1571170.0,3894750.0,4028480.0,2052240.0,3175580.0,0.0,139800.0,8256000.0,4363000.0,10806000.0,11191000.0,5700000.0,8821000.0,0.0,387000.0
20200609,-1064790.0,2027130.0,973020.0,2462220.0,2451540.0,948030.0,2012780.0,105000.0,105040.0,5779000.0,2772000.0,7023000.0,6988000.0,2702000.0,5743000.0,300000.0,300000.0
20200610,-214310.0,1618810.0,1050160.0,2189760.0,2544110.0,1131210.0,1276870.0,104100.0,172750.0,4659000.0,3020000.0,6305000.0,7325000.0,3259000.0,3677000.0,300000.0,500000.0
20200611,-233940.0,1590700.0,1213720.0,2070550.0,2213590.0,1034750.0,1269400.0,105150.0,104440.0,4581000.0,3488000.0,5958000.0,6370000.0,2981000.0,3662000.0,300000.0,300000.0
20200612,-848690.0,1562880.0,846870.0,2182950.0,2050280.0,878040.0,1388230.0,0.0,338500.0,4596000.0,2485000.0,6415000.0,6026000.0,2580000.0,4084000.0,0.0,995000.0
20200615,-513910.0,1399340.0,1106870.0,1934170.0,1712720.0,945670.0,1288270.0,0.0,171310.0,4092000.0,3229000.0,5649000.0,5005000.0,2759000.0,3767000.0,0.0,500000.0
20200616,-808410.0,1191460.0,1091500.0,2486750.0,1778300.0,1619010.0,2108090.0,0.0,319330.0,3477000.0,3180000.0,7252000.0,5185000.0,4723000.0,6156000.0,0.0,930000.0
20200617,-373170.0,2170810.0,2427750.0,4872880.0,4242770.0,2792740.0,3271510.0,105600.0,0.0,6183000.0,6905000.0,13876000.0,12080000.0,7948000.0,9321000.0,300000.0,0.0
20200618,-312380.0,1660540.0,1140540.0,2314070.0,2521690.0,1501480.0,1680180.0,105480.0,239160.0,4733000.0,3246000.0,6594000.0,7184000.0,4274000.0,4791000.0,300000.0,680000.0
20200619,-1108060.0,2554940.0,1301700.0,2679180.0,2824360.0,1458470.0,2461610.0,400220.0,505140.0,7476000.0,3806000.0,7833000.0,8267000.0,4265000.0,7201000.0,1179000.0,1479000.0
20200622,752430.0,2368410.0,2470570.0,4117290.0,4767540.0,3029620.0,2268530.0,649800.0,658460.0,6781000.0,7067000.0,11791000.0,13640000.0,8669000.0,6498000.0,1855000.0,1889000.0
20200623,-993330.0,1899290.0,1320370.0,2836200.0,2421780.0,1261740.0,1942580.0,0.0,312490.0,5464000.0,3795000.0,8155000.0,6962000.0,3626000.0,5589000.0,0.0,900000.0
20200624,-68150.0,1712620.0,1452050.0,2590480.0,2782900.0,1757930.0,1747990.0,331380.0,409470.0,4941000.0,4173000.0,7454000.0,8013000.0,5051000.0,5028000.0,951000.0,1182000.0
20200629,193980.0,1494030.0,1003100.0,1810130.0,2495030.0,1478290.0,1357130.0,218050.0,145230.0,4344000.0,2916000.0,5269000.0,7259000.0,4304000.0,3955000.0,635000.0,423000.0
20200630,-999000.0,2116110.0,1087960.0,3116930.0,3146100.0,1505050.0,2278240.0,115860.0,341670.0,6181000.0,3173000.0,9095000.0,9181000.0,4393000.0,6652000.0,337000.0,1000000.0
20200701,400020.0,1713150.0,1893290.0,2899190.0,3119070.0,2376690.0,2397610.0,420940.0,0.0,5007000.0,5513000.0,8450000.0,9087000.0,6928000.0,7002000.0,1217000.0,0.0
20200702,-497130.0,2160280.0,1529670.0,3189940.0,3323420.0,2189340.0,2272340.0,287780.0,701910.0,6327000.0,4466000.0,9326000.0,9718000.0,6388000.0,6648000.0,841000.0,2049000.0
20200703,1103740.0,4051670.0,5706050.0,8901260.0,8350610.0,6746280.0,6534860.0,2548590.0,1656270.0,11335000.0,15940000.0,24930000.0,23375000.0,18884000.0,18303000.0,7084000.0,4614000.0
20200706,-304710.0,5046170.0,4956820.0,9756830.0,9541460.0,8480050.0,7710310.0,698840.0,1773290.0,13301000.0,13073000.0,25753000.0,25201000.0,22406000.0,20356000.0,1854000.0,4684000.0
20200707,-1765250.0,6062780.0,5592820.0,11152460.0,9857160.0,8627430.0,9631390.0,1695660.0,2456950.0,15812000.0,14475000.0,29036000.0,25665000.0,22426000.0,25082000.0,4369000.0,6420000.0
20200708,-129910.0,4871060.0,5393420.0,10578750.0,9926470.0,8493470.0,10182840.0,2834580.0,1275120.0,12445000.0,13616000.0,26783000.0,25166000.0,21415000.0,25747000.0,7108000.0,3223000.0
20200709,4499850.0,4932580.0,7228950.0,15929650.0,18133130.0,18482980.0,16098450.0,5614490.0,3499170.0,11517000.0,16762000.0,36882000.0,41978000.0,42667000.0,37172000.0,12986000.0,8141000.0
20200710,-2517840.0,5267610.0,3810700.0,12455820.0,11394890.0,10497280.0,12179880.0,1988780.0,2824020.0,12064000.0,8677000.0,28527000.0,26058000.0,23963000.0,27860000.0,4538000.0,6498000.0
20200713,-165000.0,3638470.0,3355780.0,10492190.0,10609870.0,9614110.0,9781260.0,1929250.0,1927100.0,8497000.0,7712000.0,24346000.0,24523000.0,22206000.0,22730000.0,4382000.0,4466000.0
20200714,-1652590.0,4374640.0,4236100.0,12404560.0,10890510.0,10203910.0,12570760.0,2836150.0,2121890.0,9928000.0,9517000.0,27987000.0,24526000.0,22960000.0,28340000.0,6335000.0,4827000.0
20200715,-4763100.0,4314850.0,2162080.0,10641780.0,8031440.0,7529050.0,11966790.0,1149840.0,1475200.0,10424000.0,5189000.0,25673000.0,19376000.0,18185000.0,28889000.0,2746000.0,3574000.0
20200716,-4337080.0,5629150.0,2107750.0,6820320.0,6004640.0,5345660.0,8145560.0,569260.0,2106440.0,14851000.0,5551000.0,17994000.0,15802000.0,14070000.0,21474000.0,1532000.0,5619000.0
20200717,-563110.0,2927080.0,2374930.0,3700740.0,3689780.0,3364650.0,3604390.0,218010.0,541380.0,8056000.0,6505000.0,10170000.0,10132000.0,9221000.0,9917000.0,600000.0,1494000.0
20200720,-2154660.0,4129050.0,2500860.0,5734370.0,5207900.0,3141910.0,4832620.0,633360.0,1097310.0,11514000.0,6929000.0,15935000.0,14492000.0,8747000.0,13461000.0,1758000.0,3072000.0
20200721,-1213860.0,3417700.0,2179500.0,4526100.0,4550440.0,2572230.0,3661850.0,445500.0,569740.0,9377000.0,5956000.0,12399000.0,12463000.0,7056000.0,10066000.0,1220000.0,1566000.0
20200722,-12216690.0,8641940.0,3765450.0,16202850.0,8862650.0,18170260.0,20907520.0,10108520.0,19587950.0,26345000.0,11228000.0,49465000.0,26559000.0,55229000.0,63614000.0,31287000.0,60924000.0
20200723,-2955270.0,4949520.0,3218640.0,9216920.0,7992520.0,7162950.0,9488780.0,2130920.0,2760360.0,14719000.0,9551000.0,27363000.0,23748000.0,21299000.0,28185000.0,6327000.0,8224000.0
20200724,-4776440.0,8300430.0,4329880.0,11604470.0,10798580.0,9280370.0,11774120.0,2846370.0,5129060.0,26444000.0,13761000.0,36926000.0,34388000.0,29543000.0,37435000.0,9046000.0,16375000.0
20200727,664150.0,2694960.0,3274100.0,5595450.0,5680450.0,7470010.0,7247190.0,3808490.0,3367160.0,8776000.0,10613000.0,18146000.0,18444000.0,24286000.0,23511000.0,12375000.0,11015000.0
20200728,1311610.0,4023790.0,4571740.0,7510830.0,8274500.0,6686660.0,6628830.0,2438130.0,1184350.0,12307000.0,13979000.0,22978000.0,25292000.0,20449000.0,20264000.0,7414000.0,3613000.0
20200729,-3161640.0,11570750.0,7589470.0,13184660.0,14004310.0,12554060.0,16470090.0,4318920.0,3564530.0,33036000.0,21787000.0,37863000.0,40167000.0,35928000.0,47069000.0,12412000.0,10216000.0
20200730,-945210.0,6270020.0,5295590.0,9556330.0,9585550.0,9286510.0,9732750.0,2805000.0,3303970.0,17166000.0,14477000.0,26163000.0,26256000.0,25465000.0,26647000.0,7691000.0,9105000.0
20200731,-3972180.0,5797210.0,2436890.0,6928090.0,6316230.0,6942840.0,8839530.0,3244970.0,5320460.0,16465000.0,6901000.0,19670000.0,17903000.0,19694000.0,25071000.0,9245000.0,15200000.0
20200803,944330.0,7354860.0,8322450.0,12773970.0,12750720.0,14909600.0,16254620.0,7522870.0,5233520.0,19038000.0,21735000.0,33365000.0,33198000.0,38994000.0,42522000.0,19791000.0,13733000.0
20200804,811310.0,7029420.0,7359550.0,9835010.0,10316200.0,10254010.0,9703700.0,3804860.0,3543860.0,18059000.0,18851000.0,25153000.0,26378000.0,26134000.0,24716000.0,9648000.0,9049000.0
20200805,262650.0,7559540.0,7393130.0,12083090.0,12512130.0,14137320.0,11417760.0,5089470.0,7546380.0,18722000.0,18472000.0,29979000.0,31060000.0,35105000.0,28300000.0,12623000.0,18598000.0
20200806,-5047240.0,8576260.0,6727220.0,17776050.0,14577850.0,16622800.0,20641100.0,8787130.0,9816070.0,19948000.0,15642000.0,41440000.0,33969000.0,38724000.0,48047000.0,20433000.0,22888000.0
20200807,-6626730.0,9779640.0,4533960.0,13750200.0,12369150.0,18649830.0,20529830.0,4363740.0,9110470.0,23313000.0,10742000.0,32677000.0,29454000.0,44425000.0,48802000.0,10232000.0,21650000.0
20200810,-11657320.0,14931540.0,6706140.0,17011890.0,13579980.0,20056910.0,25368700.0,8648900.0,14994430.0,35403000.0,15751000.0,39847000.0,31837000.0,46835000.0,59714000.0,19968000.0,34750000.0
20200811,-2874500.0,6169410.0,3417410.0,7902010.0,7779510.0,8817410.0,9051280.0,2781860.0,5422490.0,15213000.0,8405000.0,19514000.0,19206000.0,21678000.0,22312000.0,6820000.0,13302000.0
20200812,-1798720.0,4790380.0,2719370.0,5934570.0,6206870.0,6559660.0,7238310.0,1146290.0,2266360.0,12307000.0,6944000.0,15190000.0,15853000.0,16758000.0,18519000.0,2947000.0,5885000.0
20200813,-1597460.0,4203270.0,3114240.0,5616490.0,5108070.0,6381270.0,5489290.0,1448470.0,3937910.0,10439000.0,7731000.0,13894000.0,12674000.0,15808000.0,13594000.0,3589000.0,9731000.0
20200814,-413240.0,5223230.0,7094460.0,6899440.0,4614960.0,6143230.0,4476770.0,1462320.0,3542020.0,12962000.0,17568000.0,17098000.0,11425000.0,15161000.0,11096000.0,3602000.0,8734000.0
20200817,-5546950.0,10345650.0,5834420.0,10859390.0,9823680.0,14178260.0,15266350.0,8251680.0,12710540.0,24161000.0,13636000.0,25401000.0,22981000.0,33217000.0,35716000.0,19272000.0,29719000.0
20200818,-5950890.0,7048680.0,4226610.0,10834510.0,7705690.0,9327800.0,14066980.0,4635050.0,5846760.0,16419000.0,9817000.0,25231000.0,17929000.0,21661000.0,32721000.0,10721000.0,13566000.0
20200819,1050020.0,8783710.0,7956840.0,12078550.0,13955430.0,11481600.0,7495240.0,3731390.0,6667730.0,21595000.0,19273000.0,29482000.0,33973000.0,27688000.0,18036000.0,8864000.0,16346000.0
20200820,443650.0,3814920.0,4535700.0,5180260.0,4903140.0,2895580.0,2765370.0,1022750.0,709310.0,9720000.0,11544000.0,13216000.0,12449000.0,7325000.0,7029000.0,2557000.0,1796000.0
20200821,-926890.0,3108080.0,2164790.0,4256730.0,4273120.0,2980250.0,4249720.0,2212920.0,1870340.0,7743000.0,5372000.0,10579000.0,10601000.0,7374000.0,10577000.0,5474000.0,4620000.0
20200824,-3530020.0,5299720.0,4303040.0,10792050.0,8258710.0,10964110.0,13949880.0,9555560.0,10099810.0,12637000.0,10271000.0,25722000.0,19714000.0,26161000.0,33230000.0,22778000.0,24083000.0
20200825,-1535770.0,7657700.0,5962540.0,7187400.0,7346800.0,8450820.0,9810260.0,4217470.0,4393800.0,18087000.0,14095000.0,16973000.0,17323000.0,19904000.0,23083000.0,9891000.0,10354000.0
20200826,-3673590.0,6625220.0,5605510.0,8515880.0,5861990.0,5460610.0,8124070.0,770520.0,1780650.0,16706000.0,14166000.0,21429000.0,14663000.0,13771000.0,20500000.0,1939000.0,4516000.0
20200827,-1053090.0,6254560.0,6269310.0,7245470.0,6177650.0,5277420.0,7512290.0,2019920.0,838140.0,15550000.0,15651000.0,18037000.0,15364000.0,13113000.0,18625000.0,4984000.0,2045000.0
20200828,478930.0,8320360.0,9047680.0,15057540.0,14809150.0,20985740.0,20698020.0,16089710.0,15898500.0,18950000.0,20697000.0,34422000.0,33845000.0,47964000.0,47152000.0,36490000.0,36131000.0
20200831,-2727750.0,13532950.0,12429100.0,23927520.0,22303620.0,42296860.0,37878720.0,17673570.0,24819460.0,27707000.0,25637000.0,49100000.0,45706000.0,87083000.0,77804000.0,36158000.0,50901000.0
20200901,-919940.0,18992300.0,14575180.0,18891860.0,22389040.0,18615660.0,21369920.0,7743570.0,5909250.0,37998000.0,29083000.0,37825000.0,44810000.0,37246000.0,42796000.0,15436000.0,11816000.0
20200902,-4091110.0,7144350.0,7394950.0,14547520.0,10205810.0,8648930.0,12192630.0,1499640.0,2047050.0,14567000.0,15035000.0,29610000.0,20771000.0,17601000.0,24824000.0,3052000.0,4199000.0
20200903,1243690.0,3411340.0,4727820.0,6766850.0,6694070.0,6967690.0,6523740.0,1851170.0,1051430.0,6809000.0,9384000.0,13469000.0,13288000.0,13852000.0,13005000.0,3669000.0,2122000.0
20200904,-3886460.0,8272260.0,4513450.0,10854680.0,10727050.0,8803670.0,12278550.0,2191440.0,2603020.0,16935000.0,9197000.0,22236000.0,21911000.0,17985000.0,25177000.0,4484000.0,5355000.0
20200907,2158300.0,6971550.0,10438870.0,14388380.0,13079370.0,14725140.0,12791340.0,5431450.0,5206950.0,13493000.0,20075000.0,27751000.0,25114000.0,28191000.0,24605000.0,10331000.0,9972000.0
20200908,-331250.0,7816170.0,6014140.0,11315020.0,12785800.0,9173060.0,11494690.0,6763970.0,4773590.0,15444000.0,11786000.0,22236000.0,25130000.0,17966000.0,22659000.0,13354000.0,9426000.0
20200909,-2126360.0,14068680.0,12962650.0,16889260.0,15868930.0,12730090.0,15066230.0,4035920.0,3826140.0,28761000.0,26377000.0,34363000.0,32244000.0,26026000.0,30783000.0,8241000.0,7989000.0
20200910,-5410870.0,10033420.0,6075710.0,9993040.0,8539870.0,5969940.0,10317180.0,523360.0,1586990.0,20773000.0,12567000.0,20669000.0,17689000.0,12359000.0,21350000.0,1090000.0,3284000.0
20200911,153190.0,6784540.0,6644950.0,8036410.0,8329190.0,7073600.0,8473470.0,3905450.0,2352390.0,14023000.0,13645000.0,16570000.0,17098000.0,14494000.0,17406000.0,7958000.0,4896000.0
20200914,3738780.0,6842390.0,11348960.0,12742350.0,11974560.0,13029600.0,11341220.0,3520810.0,1470410.0,13258000.0,21913000.0,24587000.0,23111000.0,25080000.0,21867000.0,6802000.0,2835000.0
20200915,1448290.0,7021800.0,9451140.0,14268040.0,13286980.0,8177740.0,6842330.0,1918980.0,1806100.0,13448000.0,18004000.0,27169000.0,25308000.0,15534000.0,13012000.0,3629000.0,3457000.0
20200916,-953830.0,6021990.0,6688420.0,10278080.0,8657820.0,5952610.0,6499480.0,1082350.0,1489310.0,11548000.0,12803000.0,19689000.0,16579000.0,11390000.0,12451000.0,2057000.0,2851000.0
20200917,256960.0,6339800.0,5481890.0,8483330.0,9598220.0,6129640.0,5755030.0,1500350.0,1618000.0,12471000.0,10731000.0,16667000.0,18877000.0,11996000.0,11287000.0,2967000.0,3206000.0
20200918,1865810.0,6716000.0,10416790.0,13977490.0,12142510.0,12274870.0,11281920.0,3626680.0,2753820.0,12524000.0,19358000.0,25967000.0,22506000.0,22719000.0,20923000.0,6630000.0,5053000.0
20200921,4805320.0,11352890.0,13160270.0,14611570.0,17609500.0,16656280.0,15269390.0,10244200.0,6825770.0,19633000.0,22781000.0,25350000.0,30483000.0,28880000.0,26384000.0,17523000.0,11738000.0
20200922,1673790.0,7088520.0,6374660.0,10127620.0,12515260.0,9780170.0,11285170.0,4728340.0,1549550.0,12351000.0,11062000.0,17626000.0,21747000.0,16986000.0,19650000.0,8189000.0,2693000.0
20200923,982190.0,7341370.0,7177950.0,11623290.0,12768910.0,8824780.0,9203700.0,7616780.0,6255670.0,12652000.0,12247000.0,19862000.0,21841000.0,15008000.0,15747000.0,12957000.0,10645000.0
20200924,-4120850.0,7549180.0,6322880.0,12663300.0,9768770.0,7320020.0,10095860.0,1710710.0,3055720.0,13098000.0,10871000.0,21846000.0,16869000.0,12619000.0,17476000.0,2960000.0,5305000.0
20200925,-3756050.0,9696720.0,6153110.0,9237390.0,9024950.0,7890990.0,9354400.0,989190.0,3281830.0,17209000.0,10866000.0,16421000.0,16002000.0,13951000.0,16650000.0,1755000.0,5816000.0
20200928,-575830.0,4244240.0,4280690.0,5711000.0,5098720.0,3686960.0,4167490.0,1207190.0,1302490.0,7713000.0,7766000.0,10359000.0,9247000.0,6690000.0,7564000.0,2175000.0,2361000.0
20200929,1140680.0,4624980.0,6185400.0,6654330.0,6234590.0,5656770.0,5251160.0,1603030.0,867960.0,8164000.0,10853000.0,11695000.0,10948000.0,9938000.0,9247000.0,2787000.0,1535000.0
20200930,588120.0,3169390.0,4329820.0,6622130.0,6049820.0,6258690.0,5746270.0,834870.0,759170.0,5434000.0,7402000.0,11345000.0,10358000.0,10714000.0,9854000.0,1417000.0,1296000.0
20201009,-25770.0,3822870.0,3912290.0,7733580.0,7618400.0,7979920.0,7776120.0,1439940.0,1669510.0,6478000.0,6594000.0,13098000.0,12883000.0,13460000.0,13176000.0,2434000.0,2817000.0
20201012,-2463490.0,6962400.0,4939120.0,10879490.0,10439280.0,9492550.0,10262130.0,2165020.0,3858930.0,11889000.0,8419000.0,18577000.0,17816000.0,16207000.0,17538000.0,3690000.0,6591000.0
20201013,-6075770.0,9814570.0,4874710.0,10224250.0,9088330.0,8160130.0,12923890.0,2566320.0,3878330.0,17109000.0,8491000.0,17832000.0,15835000.0,14242000.0,22553000.0,4486000.0,6791000.0
20201014,-4468380.0,7154050.0,4576330.0,8647950.0,6757290.0,5318220.0,6984740.0,656570.0,3458430.0,12366000.0,7884000.0,14959000.0,11662000.0,9229000.0,12135000.0,1132000.0,6004000.0
20201015,-4296450.0,6902230.0,3588930.0,7793000.0,6809850.0,5402620.0,9384990.0,1165160.0,1479240.0,12207000.0,6278000.0,13766000.0,12001000.0,9488000.0,16630000.0,2079000.0,2631000.0
20201016,-5817710.0,10307490.0,5000460.0,10221080.0,9710420.0,7424900.0,11041110.0,2828950.0,5030450.0,19218000.0,9305000.0,19084000.0,18103000.0,13875000.0,20648000.0,5379000.0,9499000.0
20201019,-5030980.0,11527250.0,8600260.0,10330830.0,8226840.0,11286590.0,15827230.0,3822870.0,4313210.0,22178000.0,16535000.0,19851000.0,15847000.0,21758000.0,30475000.0,7376000.0,8305000.0
20201020,-527290.0,6991800.0,5752000.0,7050080.0,7762580.0,3161980.0,3995390.0,406920.0,100800.0,13790000.0,11329000.0,13893000.0,15296000.0,6215000.0,7873000.0,800000.0,200000.0
20201021,-3879130.0,7606600.0,4998350.0,7152870.0,5881980.0,4203320.0,6605890.0,488500.0,1965060.0,15368000.0,10064000.0,14465000.0,11882000.0,8534000.0,13434000.0,1000000.0,3987000.0
20201022,2014920.0,5497890.0,7726530.0,8245790.0,8032080.0,6720770.0,5676870.0,1336820.0,365800.0,11149000.0,15629000.0,16668000.0,16277000.0,13606000.0,11504000.0,2732000.0,744000.0
20201023,-1469690.0,5246910.0,5090160.0,6561310.0,5248360.0,5470690.0,7010350.0,1663610.0,1593640.0,10659000.0,10247000.0,13270000.0,10610000.0,11075000.0,14251000.0,3384000.0,3282000.0
20201026,3318130.0,4874860.0,7828470.0,8305910.0,8670420.0,9741620.0,7720450.0,4243880.0,2946920.0,9700000.0,15470000.0,16475000.0,17160000.0,19193000.0,15230000.0,8312000.0,5821000.0
20201027,506940.0,4773330.0,8065490.0,8207140.0,5421920.0,3131550.0,2952710.0,481170.0,153070.0,9270000.0,15638000.0,15923000.0,10521000.0,6076000.0,5754000.0,945000.0,300000.0
20201028,900720.0,3213650.0,4123210.0,3908620.0,3899760.0,3103040.0,2202300.0,105390.0,105410.0,6170000.0,7912000.0,7516000.0,7505000.0,5969000.0,4238000.0,200000.0,200000.0
20201029,-1088580.0,5710290.0,6322180.0,7504450.0,5803980.0,4099790.0,5520660.0,903210.0,570920.0,10990000.0,12096000.0,14440000.0,11150000.0,7863000.0,10620000.0,1691000.0,1116000.0
20201030,1596710.0,9206750.0,11437280.0,11183400.0,10549580.0,11973910.0,11087230.0,5428580.0,4718550.0,17306000.0,21488000.0,20880000.0,19657000.0,22107000.0,20593000.0,10049000.0,8604000.0
20201102,-1738070.0,6831890.0,5301490.0,7149760.0,6942080.0,5524590.0,5978900.0,749690.0,2033450.0,12934000.0,10023000.0,13543000.0,13154000.0,10459000.0,11327000.0,1406000.0,3838000.0
20201103,-554810.0,8065390.0,7469430.0,10473500.0,10514660.0,10434690.0,11156010.0,7174730.0,7008220.0,14188000.0,13163000.0,18478000.0,18526000.0,18358000.0,19618000.0,12574000.0,12293000.0
20201104,3364360.0,4781480.0,9079420.0,8246830.0,7313260.0,7384470.0,4810400.0,1772180.0,981890.0,8338000.0,15787000.0,14354000.0,12714000.0,12812000.0,8360000.0,3068000.0,1711000.0
20201105,-3609910.0,9839580.0,4776000.0,6813920.0,8267600.0,5830310.0,8311230.0,1659140.0,2788130.0,16998000.0,8243000.0,11781000.0,14288000.0,10067000.0,14367000.0,2869000.0,4816000.0
20201106,-1897650.0,10505690.0,7320390.0,11039290.0,12326930.0,8219100.0,9282530.0,1185680.0,2019900.0,19182000.0,13416000.0,20138000.0,22506000.0,15044000.0,16914000.0,2169000.0,3698000.0
20201109,-2276430.0,10790250.0,10860690.0,13689960.0,11343090.0,12812150.0,15372970.0,3017960.0,2733570.0,20341000.0,20329000.0,25686000.0,21347000.0,24058000.0,28951000.0,5695000.0,5153000.0
20201110,-1658930.0,5710590.0,3496130.0,6817610.0,7373140.0,4774470.0,6009480.0,914400.0,1338320.0,10777000.0,6596000.0,12863000.0,13888000.0,8986000.0,11332000.0,1718000.0,2527000.0
20201111,-454770.0,4018400.0,3917020.0,4579260.0,4225870.0,2396160.0,3087670.0,362610.0,125870.0,7705000.0,7501000.0,8768000.0,8099000.0,4601000.0,5932000.0,700000.0,242000.0
20201112,293290.0,3674700.0,5089990.0,5238650.0,4116640.0,5113570.0,3985340.0,1915630.0,2750570.0,7002000.0,9685000.0,9975000.0,7833000.0,9724000.0,7594000.0,3637000.0,5226000.0
20201113,-1815410.0,6804790.0,4999650.0,6396580.0,6386320.0,5095470.0,5322740.0,991810.0,2579950.0,12803000.0,9420000.0,12072000.0,12005000.0,9571000.0,10040000.0,1845000.0,4826000.0
20201116,1390040.0,8705420.0,8937210.0,7152280.0,8310530.0,8964870.0,6559740.0,3240370.0,4255460.0,15984000.0,16438000.0,13161000.0,15228000.0,16444000.0,12048000.0,5936000.0,7812000.0
20201117,2396980.0,12726220.0,11153580.0,12935280.0,16904900.0,12434650.0,11761650.0,6440270.0,4716290.0,25128000.0,22035000.0,25457000.0,33296000.0,24528000.0,23191000.0,12698000.0,9290000.0
20201118,-3227650.0,7234260.0,3975230.0,7027540.0,7058930.0,6420250.0,9368460.0,1778940.0,2058380.0,14644000.0,8045000.0,14210000.0,14305000.0,13071000.0,19005000.0,3622000.0,4191000.0
20201119,1450230.0,7312090.0,7802170.0,10364120.0,11324270.0,9451670.0,7407710.0,3263280.0,3857010.0,14683000.0,15596000.0,20748000.0,22701000.0,18861000.0,14785000.0,6483000.0,7692000.0
20201120,1990.0,14303330.0,11497460.0,14892510.0,17700380.0,16448280.0,17599160.0,6358350.0,5205480.0,26679000.0,21534000.0,27995000.0,33200000.0,31054000.0,33078000.0,11957000.0,9874000.0
20201123,-761390.0,9163970.0,9443230.0,11964360.0,10923700.0,8541440.0,11123230.0,3598820.0,1778420.0,16826000.0,17295000.0,21985000.0,20037000.0,15646000.0,20386000.0,6555000.0,3295000.0
20201124,1615580.0,6165550.0,6255620.0,6740700.0,8266210.0,8161730.0,7221200.0,2984700.0,2309650.0,10822000.0,10972000.0,11855000.0,14505000.0,14323000.0,12676000.0,5201000.0,4047000.0
20201125,-4646360.0,10892090.0,8974240.0,10720360.0,7991860.0,6155470.0,8779730.0,1823480.0,3845580.0,19165000.0,15752000.0,18804000.0,14041000.0,10786000.0,15352000.0,3189000.0,6798000.0
20201126,425110.0,11149890.0,10480500.0,10698070.0,11792560.0,9487930.0,8667940.0,2469070.0,2863950.0,20182000.0,18885000.0,19330000.0,21340000.0,17097000.0,15678000.0,4440000.0,5146000.0
20201127,-609270.0,8141530.0,8693110.0,14902440.0,13741600.0,9266450.0,10242830.0,5307560.0,4940450.0,14658000.0,15559000.0,26706000.0,24681000.0,16526000.0,18328000.0,9448000.0,8768000.0
20201130,-1406940.0,10214420.0,9567560.0,14019620.0,13259530.0,9490700.0,11759120.0,1749630.0,888150.0,17872000.0,16666000.0,24488000.0,23163000.0,16525000.0,20529000.0,3036000.0,1563000.0
20201201,-3514630.0,11544100.0,9717070.0,14625320.0,12937720.0,12510330.0,12520200.0,7257270.0,10762030.0,20583000.0,17203000.0,26067000.0,23066000.0,22249000.0,22250000.0,12888000.0,19268000.0
20201202,3232240.0,7509280.0,12775170.0,15274790.0,13241130.0,13894450.0,10834640.0,3065330.0,2892900.0,12768000.0,21658000.0,25929000.0,22495000.0,23574000.0,18369000.0,5185000.0,4936000.0
20201203,3216750.0,6067890.0,10895640.0,11108850.0,9497860.0,11003370.0,8116210.0,2344540.0,2014950.0,10239000.0,18340000.0,18720000.0,15991000.0,18523000.0,13674000.0,3920000.0,3396000.0
20201204,-4099890.0,7240900.0,5032770.0,11422990.0,9531230.0,6440900.0,8861470.0,1929670.0,3608990.0,12386000.0,8566000.0,19512000.0,16254000.0,10970000.0,15164000.0,3298000.0,6182000.0
20201207,-1565540.0,10861970.0,11262050.0,22950970.0,20985350.0,21029260.0,23356050.0,8430980.0,7669730.0,17677000.0,18308000.0,37352000.0,34107000.0,34198000.0,38009000.0,13659000.0,12462000.0
20201208,2074740.0,6616060.0,9012370.0,11411240.0,11089680.0,10512310.0,10572990.0,7080540.0,4945120.0,10742000.0,14555000.0,18458000.0,17948000.0,16998000.0,17133000.0,11380000.0,7943000.0
20201209,-4508570.0,6924330.0,7229770.0,15993550.0,11179530.0,8080490.0,11524930.0,453070.0,1517200.0,11103000.0,11542000.0,25609000.0,17902000.0,12927000.0,18490000.0,725000.0,2430000.0
20201210,1646080.0,5728950.0,6701190.0,13851170.0,14525020.0,13156550.0,11205090.0,3574560.0,3879940.0,9143000.0,10619000.0,21986000.0,23114000.0,20888000.0,17797000.0,5627000.0,6113000.0
20201211,9676370.0,8758230.0,13188950.0,18125760.0,23371410.0,25933400.0,16159460.0,4326670.0,4424240.0,13474000.0,20238000.0,27881000.0,35820000.0,39660000.0,24758000.0,6618000.0,6817000.0
20201214,-1099270.0,6605340.0,6512910.0,14050670.0,13043820.0,14596820.0,9240730.0,7526830.0,13982190.0,9916000.0,9773000.0,21084000.0,19566000.0,21834000.0,13854000.0,11212000.0,20853000.0
20201215,-7970260.0,7788160.0,4860780.0,16358800.0,11315920.0,13296990.0,12376850.0,4822250.0,13712650.0,11753000.0,7295000.0,24632000.0,17010000.0,19940000.0,18641000.0,7222000.0,20602000.0
20201216,-3232660.0,9942470.0,6074670.0,13333480.0,13968610.0,11290690.0,12428960.0,2646040.0,4740430.0,15330000.0,9348000.0,20561000.0,21559000.0,17424000.0,19172000.0,4066000.0,7301000.0
20201217,-938460.0,8493390.0,5599480.0,9180530.0,11135980.0,8023090.0,8199480.0,794380.0,1556450.0,13241000.0,8711000.0,14298000.0,17351000.0,12489000.0,12781000.0,1235000.0,2421000.0
20201218,-3293060.0,8180060.0,6911430.0,10478180.0,8453750.0,7709580.0,10646390.0,510050.0,866300.0,12826000.0,10785000.0,16380000.0,13231000.0,12001000.0,16630000.0,801000.0,1361000.0
20201221,-2815660.0,10758170.0,11090260.0,17076150.0,13928400.0,19639380.0,18942050.0,13214430.0,16727420.0,15948000.0,16451000.0,25340000.0,20633000.0,28984000.0,27861000.0,19329000.0,24657000.0
20201222,-98900.0,7994790.0,8089440.0,11907010.0,11713450.0,9587950.0,8792840.0,1684350.0,2578360.0,11768000.0,11913000.0,17508000.0,17201000.0,14119000.0,12951000.0,2468000.0,3798000.0
20201223,1673140.0,8528390.0,10716350.0,14671810.0,14156990.0,17846100.0,13976880.0,3662560.0,5858640.0,12236000.0,15364000.0,21087000.0,20343000.0,25505000.0,20011000.0,5235000.0,8347000.0
20201224,-2190860.0,9085780.0,9735660.0,16378450.0,13537710.0,15042700.0,15693220.0,3005950.0,4546290.0,12468000.0,13280000.0,22404000.0,18486000.0,20533000.0,21484000.0,4064000.0,6218000.0
20201225,-2142640.0,8563900.0,6855780.0,12593160.0,12158630.0,10435660.0,12143010.0,3008390.0,3443680.0,11914000.0,9509000.0,17468000.0,16845000.0,14491000.0,16905000.0,4147000.0,4760000.0
20201228,-1928740.0,11051190.0,9780060.0,11801010.0,11143400.0,10697320.0,9806960.0,1709550.0,4528650.0,15313000.0,13501000.0,16300000.0,15426000.0,14792000.0,13570000.0,2375000.0,6284000.0
20201229,-1868820.0,6986410.0,5710780.0,8668890.0,8075700.0,7549730.0,8765150.0,2244080.0,2897480.0,9802000.0,7956000.0,12142000.0,11275000.0,10543000.0,12311000.0,3157000.0,4102000.0
20201230,4317870.0,6221520.0,10200020.0,12207880.0,12547240.0,13648930.0,9700440.0,3809850.0,3440470.0,8381000.0,13709000.0,16432000.0,16875000.0,18316000.0,13027000.0,5154000.0,4671000.0
20201231,3434670.0,6319880.0,7710810.0,11261050.0,13304780.0,13628740.0,10340390.0,3073840.0,2927520.0,8222000.0,9958000.0,14601000.0,17205000.0,17596000.0,13393000.0,3937000.0,3800000.0
20210104,-3728200.0,9051450.0,7940570.0,20782190.0,18164870.0,21765660.0,27287710.0,6393260.0,4599410.0,11029000.0,9621000.0,25221000.0,22038000.0,26516000.0,33231000.0,7742000.0,5618000.0
20210105,-7434050.0,11668210.0,9190950.0,25603050.0,20646260.0,22022950.0,24120230.0,5876320.0,11213090.0,14559000.0,11454000.0,31859000.0,25685000.0,27371000.0,29942000.0,7278000.0,13986000.0
20210106,-784830.0,10478440.0,6990890.0,13663320.0,16366040.0,17606540.0,17593490.0,7614150.0,8412030.0,13297000.0,8850000.0,17312000.0,20731000.0,22305000.0,22288000.0,9661000.0,10706000.0
20210107,-268880.0,18951900.0,15079400.0,24560730.0,28164350.0,30805210.0,32021150.0,18289420.0,17342360.0,25154000.0,19989000.0,32591000.0,37401000.0,40937000.0,42514000.0,24386000.0,23165000.0
20210108,-7042600.0,21174270.0,15627380.0,26570750.0,25075040.0,30220620.0,31235010.0,16017710.0,22045920.0,30168000.0,22270000.0,37782000.0,35761000.0,43132000.0,44379000.0,22727000.0,31399000.0
20210111,4050900.0,11427340.0,10941170.0,19438190.0,23975260.0,26076380.0,29401880.0,22033730.0,14657330.0,16368000.0,15626000.0,27912000.0,34334000.0,37157000.0,41931000.0,31281000.0,20826000.0
20210112,580600.0,11886100.0,10882510.0,16769020.0,18353210.0,16979640.0,19357230.0,7429470.0,4471280.0,16471000.0,15037000.0,23236000.0,25390000.0,23481000.0,26863000.0,10294000.0,6192000.0
20210113,5439070.0,9158850.0,8295820.0,11822580.0,18124680.0,13585180.0,12701310.0,9883260.0,5328060.0,12997000.0,11768000.0,16760000.0,25686000.0,19274000.0,17943000.0,13929000.0,7563000.0
20210114,1709770.0,13713230.0,14370820.0,16282710.0,17334880.0,14556620.0,12901590.0,3293850.0,3239110.0,19251000.0,20100000.0,22820000.0,24268000.0,20364000.0,18070000.0,4586000.0,4582000.0
20210115,-6933570.0,14622650.0,13086760.0,25842560.0,20444860.0,20127700.0,24605350.0,10199950.0,12655870.0,21881000.0,19526000.0,38708000.0,30622000.0,30229000.0,36951000.0,15351000.0,19071000.0
20210118,2075600.0,10181380.0,12346100.0,18940540.0,18851410.0,19748110.0,15135110.0,2292360.0,4829760.0,14984000.0,18102000.0,27832000.0,27677000.0,28964000.0,22289000.0,3364000.0,7076000.0
20210119,-3654860.0,15675890.0,11354910.0,18716270.0,19382380.0,17466210.0,19726850.0,5896490.0,7290710.0,23934000.0,17331000.0,28608000.0,29601000.0,26693000.0,30143000.0,8970000.0,11129000.0
20210120,559470.0,12292410.0,10974830.0,12583040.0,14460090.0,8661300.0,10533890.0,4316310.0,1884250.0,18270000.0,16308000.0,18702000.0,21467000.0,12842000.0,15634000.0,6401000.0,2805000.0
20210121,-1769980.0,10271820.0,10193690.0,11903920.0,10212070.0,10635080.0,14127190.0,3867260.0,2145130.0,15071000.0,14925000.0,17435000.0,14960000.0,15535000.0,20655000.0,5623000.0,3124000.0
20210122,5280940.0,8278490.0,14070690.0,15948550.0,15437300.0,16453680.0,9755670.0,3416440.0,4833510.0,11671000.0,19773000.0,22409000.0,21668000.0,23057000.0,13703000.0,4783000.0,6776000.0
20210125,1266200.0,11373070.0,14821940.0,18298500.0,16115820.0,10977670.0,9999670.0,2552470.0,2264270.0,15556000.0,20237000.0,24967000.0,21982000.0,14939000.0,13670000.0,3502000.0,3074000.0
20210126,-5146150.0,14549420.0,8644720.0,16070420.0,16828960.0,10712630.0,14964230.0,1096960.0,1991510.0,21690000.0,12908000.0,23978000.0,25067000.0,16011000.0,22362000.0,1647000.0,2990000.0
20210127,-110580.0,9722720.0,9045370.0,11164680.0,11731450.0,11665420.0,11176490.0,1235560.0,1835070.0,14740000.0,13671000.0,16986000.0,17790000.0,17638000.0,16983000.0,1878000.0,2798000.0
20210128,-5531660.0,11939860.0,8533540.0,18498720.0,16373370.0,9751260.0,13221100.0,1694800.0,3756620.0,18571000.0,13176000.0,28838000.0,25525000.0,15171000.0,20663000.0,2669000.0,5884000.0
20210129,-9617490.0,17074900.0,15194740.0,26914280.0,19176950.0,9249360.0,17974100.0,1212940.0,2105690.0,28045000.0,24976000.0,44320000.0,31517000.0,15237000.0,29572000.0,1970000.0,3507000.0
20210201,-5111100.0,12320710.0,9732950.0,17110690.0,14587340.0,8572520.0,12934440.0,1064180.0,1813360.0,20588000.0,16218000.0,28636000.0,24416000.0,14381000.0,21707000.0,1790000.0,3054000.0
20210202,2554470.0,10377800.0,12615870.0,13056250.0,13372650.0,11554440.0,8456940.0,5515190.0,6058220.0,16960000.0,20533000.0,21297000.0,21615000.0,18669000.0,13670000.0,8976000.0,10083000.0
20210203,-1062970.0,8328190.0,8853260.0,10520360.0,8932310.0,6314220.0,6513510.0,1026520.0,1890200.0,13343000.0,14154000.0,16843000.0,14287000.0,10113000.0,10462000.0,1650000.0,3045000.0
20210204,-3990760.0,10790320.0,8028440.0,9885540.0,8656670.0,5455420.0,7958680.0,3088830.0,4576330.0,18161000.0,13492000.0,16632000.0,14557000.0,9211000.0,13405000.0,5227000.0,7777000.0
20210205,-1108480.0,6582110.0,7020380.0,7146320.0,5599570.0,3420330.0,4129030.0,0.0,399780.0,11093000.0,11829000.0,12052000.0,9437000.0,5762000.0,6960000.0,0.0,680000.0
20210208,78540.0,4800850.0,7088680.0,6818350.0,4609070.0,2875360.0,3301950.0,1762810.0,1257680.0,8175000.0,12045000.0,11595000.0,7826000.0,4870000.0,5606000.0,2991000.0,2154000.0
20210209,6839010.0,7223980.0,11420800.0,11213440.0,13855630.0,11220670.0,6354050.0,3304000.0,1331610.0,11778000.0,18524000.0,18199000.0,22499000.0,18208000.0,10315000.0,5303000.0,2151000.0
20210210,1120340.0,8555100.0,10626920.0,13776120.0,12824630.0,10326410.0,10521260.0,2420800.0,1105610.0,13476000.0,16670000.0,21642000.0,20126000.0,16166000.0,16529000.0,3774000.0,1733000.0
20210218,2308910.0,8841550.0,10749460.0,13364860.0,13765860.0,8242290.0,5417800.0,1994800.0,2510380.0,14113000.0,17146000.0,21215000.0,21881000.0,13021000.0,8496000.0,3121000.0,3946000.0
20210219,-4768640.0,11024100.0,7812540.0,9972690.0,8415610.0,8559170.0,9560000.0,675950.0,4443760.0,18419000.0,13033000.0,16668000.0,14049000.0,14298000.0,16000000.0,1132000.0,7435000.0
20210222,-3231540.0,10419300.0,11300210.0,17023420.0,12910980.0,9503780.0,11944970.0,2234980.0,3025330.0,16635000.0,17983000.0,27154000.0,20548000.0,15154000.0,19113000.0,3546000.0,4845000.0
20210223,1140970.0,11100580.0,10406370.0,12065210.0,13900390.0,9884030.0,8967280.0,2122280.0,1898060.0,17846000.0,16693000.0,19515000.0,22409000.0,15927000.0,14529000.0,3402000.0,3059000.0
20210224,681350.0,8073790.0,10370540.0,13030870.0,11415470.0,7798140.0,6542900.0,887160.0,1461050.0,12910000.0,16581000.0,20818000.0,18215000.0,12416000.0,10424000.0,1417000.0,2341000.0
20210225,-1401640.0,9253060.0,7337840.0,11583110.0,12096700.0,10060600.0,10772320.0,3271770.0,3961690.0,15172000.0,11985000.0,18957000.0,19787000.0,16468000.0,17642000.0,5358000.0,6541000.0
20210226,-4820010.0,9614370.0,8217190.0,15067570.0,11644730.0,11253360.0,13927720.0,1853450.0,3999100.0,15571000.0,13282000.0,24433000.0,18818000.0,18128000.0,22540000.0,3012000.0,6505000.0
20210301,-2023860.0,9427450.0,7598980.0,9960650.0,9765250.0,5208290.0,6373660.0,174730.0,1033220.0,15312000.0,12334000.0,16191000.0,15873000.0,8470000.0,10369000.0,287000.0,1684000.0
20210302,-537550.0,9140810.0,10346700.0,10935030.0,9191590.0,7077830.0,6619760.0,1080870.0,2076490.0,15088000.0,17106000.0,18087000.0,15220000.0,11748000.0,10949000.0,1800000.0,3447000.0
20210303,-1796040.0,6656720.0,5389280.0,6333410.0,5804810.0,3882870.0,4179740.0,1112490.0,2611660.0,10977000.0,8887000.0,10443000.0,9566000.0,6402000.0,6896000.0,1837000.0,4310000.0
20210304,-5349520.0,12195620.0,8499860.0,13854130.0,12200370.0,7226800.0,10449090.0,1224410.0,3351640.0,20894000.0,14478000.0,23774000.0,21058000.0,12373000.0,17903000.0,2125000.0,5727000.0
20210305,-1219310.0,7071600.0,5299050.0,7183180.0,7736410.0,3832470.0,4219840.0,694130.0,1526070.0,12704000.0,9483000.0,12898000.0,13888000.0,6883000.0,7594000.0,1226000.0,2747000.0
20210308,-13390370.0,18713780.0,11466070.0,27236210.0,21093550.0,12799170.0,22800630.0,3165830.0,6554740.0,36673000.0,22521000.0,53786000.0,41583000.0,25283000.0,44882000.0,6197000.0,12954000.0
20210309,-1045370.0,12250980.0,9362080.0,11033020.0,12876550.0,5684590.0,6108420.0,834980.0,1456520.0,26362000.0,20117000.0,23773000.0,27716000.0,12212000.0,13147000.0,1790000.0,3157000.0
20210310,-432050.0,6536370.0,6375350.0,6308710.0,6037680.0,3888680.0,5135150.0,1776990.0,962570.0,14208000.0,13852000.0,13710000.0,13105000.0,8432000.0,11138000.0,3835000.0,2089000.0
20210311,-424740.0,7422570.0,7024740.0,7877980.0,7851070.0,6297320.0,4873900.0,1305140.0,3153300.0,15763000.0,14878000.0,16700000.0,16659000.0,13334000.0,10336000.0,2746000.0,6670000.0
20210312,-3456120.0,7294360.0,5760590.0,7483500.0,5561150.0,4333120.0,5504090.0,617300.0,2902450.0,15458000.0,12165000.0,15828000.0,11744000.0,9202000.0,11726000.0,1317000.0,6170000.0
20210315,-1168030.0,6224190.0,7597940.0,6779140.0,4237350.0,2916330.0,4166640.0,728020.0,645740.0,13225000.0,16133000.0,14400000.0,8987000.0,6187000.0,8851000.0,1533000.0,1375000.0
20210316,245000.0,5915500.0,7749730.0,7698720.0,6109490.0,3508430.0,3370500.0,209230.0,102160.0,12397000.0,16237000.0,16084000.0,12769000.0,7315000.0,7016000.0,437000.0,212000.0
20210317,-211100.0,5409130.0,4803920.0,5531620.0,5925740.0,4271470.0,4229150.0,188600.0,442020.0,11481000.0,10155000.0,11743000.0,12533000.0,9001000.0,8993000.0,399000.0,943000.0
20210318,2209100.0,6637250.0,9833610.0,9659360.0,8672090.0,4727500.0,3933250.0,2215830.0,800980.0,13338000.0,19766000.0,19402000.0,17432000.0,9491000.0,7894000.0,4466000.0,1606000.0
20210319,-1500820.0,7961930.0,8251190.0,12426960.0,10636880.0,7193410.0,8985090.0,4762840.0,4471980.0,15540000.0,16100000.0,24227000.0,20722000.0,14011000.0,17527000.0,9261000.0,8691000.0
20210322,81330.0,6793880.0,7725390.0,8950100.0,8099920.0,4287660.0,5637220.0,3468750.0,2037860.0,13011000.0,14785000.0,17122000.0,15536000.0,8230000.0,10809000.0,6664000.0,3897000.0
20210323,-1151750.0,6088030.0,4817380.0,4315890.0,4434790.0,1780190.0,2469230.0,437520.0,900230.0,11924000.0,9429000.0,8468000.0,8682000.0,3489000.0,4845000.0,850000.0,1776000.0
20210324,-3388190.0,7050230.0,4965270.0,6756790.0,5453560.0,3227710.0,4875210.0,1171590.0,2912280.0,14268000.0,10024000.0,13677000.0,11032000.0,6544000.0,9867000.0,2389000.0,5955000.0
20210325,-1039370.0,6403320.0,4896410.0,6477070.0,6944620.0,4683000.0,4539140.0,391120.0,1574350.0,12626000.0,9649000.0,12769000.0,13706000.0,9208000.0,8920000.0,765000.0,3093000.0
20210326,-641250.0,5642760.0,6668120.0,8028360.0,6361760.0,3757470.0,4185000.0,257360.0,471080.0,10743000.0,12660000.0,15194000.0,12076000.0,7135000.0,7928000.0,491000.0,900000.0
20210329,-481570.0,6300790.0,7791330.0,8162040.0,6189930.0,3780200.0,4925830.0,882650.0,218590.0,11765000.0,14493000.0,15188000.0,11553000.0,7026000.0,9171000.0,1637000.0,400000.0
20210330,-631460.0,5624310.0,5781000.0,7975870.0,7187720.0,5895140.0,5868010.0,784320.0,1442910.0,10305000.0,10561000.0,14569000.0,13123000.0,10749000.0,10729000.0,1422000.0,2631000.0
20210331,-7290.0,9585050.0,7358220.0,12103760.0,14323300.0,6344460.0,5915210.0,1033440.0,1469980.0,18726000.0,14351000.0,23661000.0,28065000.0,12404000.0,11523000.0,1999000.0,2851000.0
20210401,284270.0,6424800.0,3982740.0,5847440.0,8573760.0,2585390.0,2297100.0,103140.0,107160.0,12617000.0,7797000.0,11477000.0,16868000.0,5079000.0,4497000.0,200000.0,210000.0
20210402,802160.0,7712490.0,6628050.0,9026130.0,10912730.0,4366730.0,3367000.0,1570490.0,1768060.0,15212000.0,13034000.0,17748000.0,21448000.0,8590000.0,6623000.0,3068000.0,3514000.0
20210406,-1862430.0,5140630.0,3592940.0,5284690.0,4969940.0,1772280.0,3066830.0,386840.0,954720.0,10034000.0,7005000.0,10313000.0,9700000.0,3458000.0,5986000.0,751000.0,1866000.0
20210407,-689220.0,5463830.0,5144830.0,3857030.0,3486810.0,1187380.0,1305560.0,219770.0,790810.0,10839000.0,10202000.0,7649000.0,6915000.0,2352000.0,2589000.0,434000.0,1570000.0
20210408,2016920.0,4994120.0,6944790.0,5341110.0,5407360.0,3689840.0,2910080.0,1624710.0,387550.0,9719000.0,13503000.0,10374000.0,10497000.0,7149000.0,5646000.0,3155000.0,752000.0
20210409,4000600.0,4309510.0,6405980.0,5806740.0,7710880.0,7254120.0,3289490.0,885680.0,849710.0,8267000.0,12272000.0,11138000.0,14774000.0,13890000.0,6307000.0,1693000.0,1634000.0
20210412,-897760.0,9479600.0,10191140.0,12960990.0,11351690.0,4504200.0,5553350.0,504100.0,352710.0,18898000.0,20269000.0,25785000.0,22630000.0,8945000.0,11021000.0,982000.0,690000.0
20210413,-4730.0,3523740.0,3289630.0,3141860.0,3371240.0,1607890.0,1413370.0,137500.0,336750.0,7097000.0,6626000.0,6344000.0,6797000.0,3240000.0,2856000.0,275000.0,678000.0
20210414,919190.0,8293290.0,7265930.0,6068190.0,8014740.0,2983950.0,5471360.0,4230880.0,824280.0,15977000.0,14062000.0,11732000.0,15443000.0,5761000.0,10554000.0,8182000.0,1593000.0
20210415,278370.0,3736030.0,5315250.0,7292660.0,5991810.0,3148000.0,4336970.0,1820140.0,352800.0,7127000.0,10114000.0,13872000.0,11404000.0,5990000.0,8259000.0,3456000.0,668000.0
20210416,867890.0,3604660.0,4546480.0,4232100.0,4158170.0,2327950.0,1792230.0,332170.0,0.0,6843000.0,8631000.0,8028000.0,7895000.0,4421000.0,3397000.0,630000.0,0.0
20210419,-3306140.0,7575660.0,5560420.0,8246750.0,6955850.0,3992180.0,4068390.0,2334150.0,5564080.0,14643000.0,10751000.0,15944000.0,13452000.0,7723000.0,7880000.0,4503000.0,10730000.0
20210420,-852450.0,6769460.0,4882240.0,7078370.0,8113140.0,4170840.0,5090730.0,534640.0,467200.0,13479000.0,9719000.0,14096000.0,16160000.0,8306000.0,10123000.0,1056000.0,934000.0
20210421,695710.0,3958390.0,4385820.0,4088400.0,4356670.0,2028450.0,1963710.0,730990.0,100020.0,7952000.0,8789000.0,8208000.0,8743000.0,4059000.0,3944000.0,1456000.0,200000.0
20210422,-212130.0,3110100.0,2513120.0,3742790.0,4127630.0,2546390.0,2684760.0,616240.0,690000.0,6203000.0,5009000.0,7466000.0,8232000.0,5081000.0,5362000.0,1231000.0,1378000.0
20210423,-1317260.0,5730700.0,2944210.0,6608300.0,8077530.0,4299020.0,4974650.0,130020.0,771650.0,11701000.0,6015000.0,13493000.0,16492000.0,8793000.0,10174000.0,266000.0,1572000.0
20210426,-8300240.0,18457000.0,10146670.0,19735250.0,19745340.0,16659360.0,23743980.0,2971200.0,4186820.0,35306000.0,19463000.0,37857000.0,37889000.0,32095000.0,45600000.0,5672000.0,7977000.0
20210427,-701970.0,8668190.0,8296660.0,10803480.0,10473060.0,9109220.0,8450750.0,2386360.0,3746800.0,16523000.0,15827000.0,20603000.0,19954000.0,17380000.0,16132000.0,4549000.0,7141000.0
20210428,-556990.0,5646340.0,6509270.0,7886630.0,6466710.0,3379200.0,5087960.0,3352970.0,2201200.0,10656000.0,12260000.0,14855000.0,12185000.0,6367000.0,9602000.0,6322000.0,4153000.0
20210429,-524510.0,5635910.0,5822830.0,5161490.0,4450060.0,2241100.0,3140910.0,858510.0,483210.0,10631000.0,10967000.0,9735000.0,8366000.0,4220000.0,5921000.0,1578000.0,911000.0
20210430,2821230.0,4083610.0,6203580.0,5849620.0,6550870.0,8363190.0,5263530.0,301430.0,579860.0,7806000.0,11817000.0,11152000.0,12453000.0,15897000.0,10048000.0,569000.0,1106000.0
20210506,2728970.0,5021510.0,6743010.0,6659580.0,7667040.0,5320240.0,2722150.0,130880.0,0.0,9393000.0,12609000.0,12445000.0,14333000.0,9954000.0,5094000.0,243000.0,0.0
20210507,-172910.0,6471420.0,7677430.0,9613250.0,8234330.0,4252760.0,4819950.0,1312120.0,917840.0,12085000.0,14283000.0,17888000.0,15339000.0,7917000.0,8965000.0,2408000.0,1711000.0
20210510,-1023880.0,7956120.0,4768690.0,8242060.0,10405600.0,6478930.0,5909560.0,503440.0,2096690.0,15733000.0,9412000.0,16300000.0,20577000.0,12811000.0,11714000.0,1007000.0,4147000.0
20210511,-1489820.0,8464790.0,5727610.0,7965880.0,9213240.0,7121640.0,6680060.0,14258560.0,16189960.0,16154000.0,10975000.0,15183000.0,17619000.0,13630000.0,12747000.0,26915000.0,30542000.0
20210512,-306250.0,5676280.0,6040070.0,7675780.0,7005740.0,4764930.0,5068450.0,614560.0,617290.0,10811000.0,11500000.0,14624000.0,13315000.0,9045000.0,9649000.0,1150000.0,1166000.0
20210513,570200.0,6059230.0,5701440.0,7571260.0,8499260.0,5545990.0,6894320.0,3190090.0,1271560.0,11592000.0,10885000.0,14454000.0,16211000.0,10522000.0,13073000.0,6029000.0,2427000.0
20210514,551930.0,5592590.0,5335270.0,8213500.0,9022750.0,5684060.0,5195450.0,690120.0,626800.0,10753000.0,10240000.0,15754000.0,17300000.0,10891000.0,9980000.0,1306000.0,1184000.0
20210517,-834070.0,8069340.0,9115250.0,12241140.0,10361160.0,8492430.0,10010750.0,2462920.0,1778670.0,14643000.0,16532000.0,22217000.0,18817000.0,15437000.0,18184000.0,4458000.0,3222000.0
20210518,3702700.0,5810680.0,7183760.0,10971820.0,13301450.0,13175240.0,9447540.0,3352600.0,3377600.0,10239000.0,12631000.0,19306000.0,23356000.0,23088000.0,16611000.0,5854000.0,5889000.0
20210519,-265140.0,5150540.0,6217990.0,9016180.0,7683600.0,5780830.0,5295560.0,1370810.0,2121220.0,9267000.0,11173000.0,16222000.0,13818000.0,10406000.0,9538000.0,2470000.0,3836000.0
20210520,20410.0,5399470.0,6125330.0,8940580.0,8235130.0,5254300.0,4945820.0,446890.0,734960.0,9786000.0,11089000.0,16188000.0,14913000.0,9530000.0,8975000.0,809000.0,1337000.0
20210521,332520.0,7062860.0,5807350.0,8204080.0,9792110.0,6803180.0,6003230.0,829960.0,1297390.0,13082000.0,10749000.0,15188000.0,18119000.0,12587000.0,11120000.0,1536000.0,2405000.0
20210524,1644110.0,3967210.0,5631940.0,9779210.0,9758570.0,8681500.0,8204140.0,5118690.0,3951940.0,7168000.0,10142000.0,17653000.0,17555000.0,15587000.0,14766000.0,9135000.0,7079000.0
20210525,-1704770.0,8353300.0,6551080.0,10280700.0,10378140.0,7409500.0,8126990.0,1803560.0,2790840.0,14856000.0,11637000.0,18276000.0,18464000.0,13154000.0,14429000.0,3208000.0,4964000.0
20210526,-4769070.0,9431980.0,6946910.0,12984240.0,10700250.0,7427800.0,11897670.0,3704690.0,4003890.0,16414000.0,12098000.0,22644000.0,18658000.0,12954000.0,20730000.0,6442000.0,6968000.0
20210527,-228380.0,7167480.0,3902950.0,8501740.0,11537890.0,6744210.0,7493590.0,2551150.0,2030150.0,12553000.0,6832000.0,14902000.0,20200000.0,11799000.0,13119000.0,4444000.0,3546000.0
20210528,-19680.0,5473840.0,3415390.0,8768890.0,10807660.0,6581780.0,6218760.0,1461910.0,1844610.0,9762000.0,6078000.0,15623000.0,19226000.0,11685000.0,11072000.0,2591000.0,3285000.0
20210531,-1782370.0,15403880.0,10673900.0,17310930.0,20258550.0,11032670.0,12197950.0,3915160.0,4532250.0,26140000.0,18135000.0,29362000.0,34395000.0,18756000.0,20670000.0,6675000.0,7733000.0
20210601,580370.0,10858000.0,12518500.0,15390500.0,14310380.0,12153350.0,11625480.0,3097830.0,3045330.0,17812000.0,20480000.0,25197000.0,23410000.0,19785000.0,18967000.0,5059000.0,4997000.0
20210602,1523920.0,10486080.0,11119600.0,16567810.0,17458200.0,9773560.0,8533580.0,754810.0,470870.0,17432000.0,18527000.0,27515000.0,28997000.0,16230000.0,14147000.0,1273000.0,778000.0
20210603,-267320.0,6564710.0,8547460.0,12044840.0,9794780.0,4157930.0,4292230.0,307730.0,440750.0,11076000.0,14418000.0,20307000.0,16511000.0,7012000.0,7233000.0,517000.0,750000.0
20210604,1526070.0,10492500.0,12786860.0,16238910.0,15470620.0,8936470.0,9218220.0,2579440.0,771620.0,17579000.0,21412000.0,27180000.0,25840000.0,14924000.0,15379000.0,4247000.0,1299000.0
20210607,3066100.0,7571960.0,9802130.0,11653600.0,12489530.0,7886870.0,5194470.0,2528420.0,2154720.0,12731000.0,16457000.0,19569000.0,20972000.0,13243000.0,8729000.0,4252000.0,3636000.0
20210608,-12700.0,9386920.0,8726490.0,15583250.0,16230980.0,9088400.0,8346350.0,1838440.0,2593190.0,16195000.0,15039000.0,26879000.0,28026000.0,15698000.0,14396000.0,3184000.0,4495000.0
20210609,-325040.0,8681050.0,9592800.0,14310840.0,13074040.0,7972090.0,8430210.0,2046020.0,1912940.0,14604000.0,16131000.0,24053000.0,21973000.0,13393000.0,14164000.0,3433000.0,3214000.0
20210610,-1155490.0,8799530.0,7354410.0,13863930.0,14153560.0,10865090.0,11494620.0,2991380.0,3517340.0,15062000.0,12589000.0,23726000.0,24215000.0,18589000.0,19672000.0,5134000.0,6035000.0
20210611,-1911820.0,13788840.0,11715480.0,20357740.0,20519290.0,12679220.0,15087090.0,4932690.0,4436640.0,25005000.0,21238000.0,36930000.0,37207000.0,23016000.0,27393000.0,8951000.0,8065000.0
20210615,-983070.0,8723960.0,8232640.0,14163370.0,13671610.0,7682750.0,8003000.0,1093660.0,1756480.0,15753000.0,14849000.0,25540000.0,24662000.0,13820000.0,14428000.0,1993000.0,3168000.0
20210616,-170000.0,6546190.0,6880270.0,9866310.0,9362240.0,4493620.0,5167580.0,1460900.0,956940.0,11751000.0,12345000.0,17701000.0,16795000.0,8050000.0,9267000.0,2615000.0,1710000.0
20210617,1506730.0,6499720.0,7128310.0,8093860.0,8972000.0,4658430.0,5228450.0,3959880.0,1883130.0,11563000.0,12681000.0,14387000.0,15937000.0,8272000.0,9273000.0,6999000.0,3330000.0
20210618,856460.0,5986480.0,7163320.0,8276310.0,7955940.0,4884860.0,3918510.0,1929130.0,2039020.0,10375000.0,12417000.0,14349000.0,13783000.0,8455000.0,6787000.0,3342000.0,3533000.0
20210621,3779880.0,12223850.0,13442950.0,20361660.0,22922450.0,13824150.0,10591430.0,6134200.0,5587040.0,20147000.0,22171000.0,33569000.0,37873000.0,22840000.0,17493000.0,10177000.0,9195000.0
20210622,-4840400.0,24462930.0,17704230.0,30573660.0,32491950.0,22090560.0,26708240.0,8551740.0,8774460.0,37998000.0,27389000.0,47266000.0,50199000.0,34093000.0,41318000.0,13186000.0,13638000.0
20210623,45800.0,14767060.0,13874660.0,19618910.0,20557120.0,14406770.0,16853900.0,6172710.0,3679780.0,22724000.0,21328000.0,30167000.0,31612000.0,22130000.0,25910000.0,9489000.0,5659000.0
20210624,-610300.0,14431490.0,12495450.0,16953240.0,18278990.0,12918280.0,14505010.0,2412500.0,1436070.0,22093000.0,19039000.0,25851000.0,27828000.0,19647000.0,22152000.0,3631000.0,2203000.0
20210625,3126880.0,13740700.0,13761240.0,14750790.0,17857130.0,10321610.0,11491120.0,8705120.0,4408730.0,21799000.0,21817000.0,23412000.0,28333000.0,16371000.0,18212000.0,13767000.0,6988000.0
20210628,569540.0,10865980.0,11564710.0,14938580.0,14809390.0,9160510.0,11328920.0,5506520.0,2768570.0,16875000.0,17976000.0,23164000.0,22943000.0,14168000.0,17528000.0,8517000.0,4277000.0
20210629,-3878460.0,10522860.0,9372890.0,14742760.0,12014270.0,7121940.0,8869760.0,2710590.0,4841230.0,16900000.0,15036000.0,23639000.0,19266000.0,11407000.0,14221000.0,4347000.0,7771000.0
20210630,-2255340.0,11847810.0,12075840.0,15565060.0,13081690.0,10121010.0,10944380.0,3288950.0,4720920.0,18443000.0,18799000.0,24207000.0,20353000.0,15749000.0,17025000.0,5103000.0,7324000.0
20210701,-549470.0,12240230.0,12096880.0,17120100.0,16713980.0,9940120.0,10892000.0,2607500.0,2205090.0,19034000.0,18768000.0,26593000.0,25940000.0,15451000.0,16940000.0,4020000.0,3450000.0
20210702,-2207780.0,10811050.0,10608000.0,13789390.0,11784670.0,8353390.0,8762090.0,2306110.0,4105190.0,17509000.0,17169000.0,22336000.0,19075000.0,13522000.0,14208000.0,3734000.0,6650000.0
20210705,101230.0,10085590.0,10046790.0,11183750.0,11323780.0,5200260.0,4920650.0,581160.0,759540.0,16531000.0,16450000.0,18299000.0,18536000.0,8502000.0,8049000.0,956000.0,1253000.0
20210706,-2800430.0,10370090.0,8198800.0,11811390.0,11182240.0,5402400.0,8126260.0,1816870.0,1893440.0,17414000.0,13755000.0,19835000.0,18775000.0,9058000.0,13643000.0,3048000.0,3182000.0
20210707,-3620520.0,11533520.0,10403070.0,15819590.0,13329520.0,11009070.0,12851720.0,3241900.0,5019770.0,18908000.0,17059000.0,25968000.0,21807000.0,18015000.0,21037000.0,5354000.0,8342000.0
20210708,-13168720.0,32320980.0,24955240.0,45416650.0,39613660.0,29013210.0,37452360.0,14416660.0,19146230.0,47253000.0,36640000.0,66734000.0,58185000.0,42529000.0,54822000.0,21090000.0,27957000.0
20210709,-9035400.0,21093880.0,17179820.0,28853590.0,23732240.0,17439780.0,24292220.0,5324540.0,7507500.0,31321000.0,25460000.0,42843000.0,35239000.0,25888000.0,36080000.0,7897000.0,11170000.0
20210712,1877620.0,15438160.0,19074380.0,23142970.0,21384380.0,14799190.0,12929870.0,1732070.0,1723770.0,22818000.0,28182000.0,34186000.0,31557000.0,21833000.0,19107000.0,2556000.0,2547000.0
20210713,1898000.0,12946300.0,13077430.0,13554890.0,15321760.0,9167260.0,8663890.0,2908570.0,1513940.0,19189000.0,19366000.0,20072000.0,22689000.0,13559000.0,12839000.0,4314000.0,2239000.0
20210714,-2202260.0,13409330.0,9999630.0,13908370.0,15115810.0,6513530.0,8542420.0,2520810.0,2694180.0,20514000.0,15295000.0,21277000.0,23116000.0,9944000.0,13055000.0,3852000.0,4122000.0
20210715,342580.0,9273430.0,9203910.0,11703580.0,12115680.0,6779950.0,6555040.0,1484540.0,1366870.0,14487000.0,14349000.0,18277000.0,18906000.0,10558000.0,10244000.0,2328000.0,2150000.0
20210716,183850.0,14536610.0,15114810.0,22796210.0,22401870.0,15739400.0,15319640.0,3281100.0,3517010.0,21829000.0,22721000.0,34220000.0,33647000.0,23597000.0,22916000.0,4897000.0,5259000.0
20210719,-2056170.0,14146220.0,12919930.0,19869210.0,19039340.0,15069200.0,16971950.0,4048820.0,4202240.0,20701000.0,18878000.0,28998000.0,27806000.0,22012000.0,24803000.0,5920000.0,6144000.0
20210720,1888350.0,13808130.0,13325750.0,19682380.0,22053110.0,17187380.0,16005710.0,6758410.0,6051730.0,19826000.0,19130000.0,28261000.0,31655000.0,24658000.0,22982000.0,9657000.0,8635000.0
20210721,3035090.0,17471640.0,16320270.0,19189970.0,23376430.0,16581590.0,12958510.0,3706290.0,4294280.0,24592000.0,22970000.0,27087000.0,32981000.0,23326000.0,18249000.0,5205000.0,6010000.0
20210722,3418010.0,11263290.0,12056330.0,14470660.0,17095640.0,14497810.0,11749790.0,4254010.0,3584020.0,15763000.0,16857000.0,20220000.0,23896000.0,20242000.0,16429000.0,5950000.0,4993000.0
20210723,-1883620.0,14386160.0,14309840.0,19036300.0,17229000.0,11887570.0,12430280.0,2062990.0,3403900.0,20148000.0,19973000.0,26616000.0,24056000.0,16612000.0,17426000.0,2883000.0,4804000.0
20210726,-9084860.0,27589070.0,17538720.0,31478450.0,32443940.0,26291640.0,32739580.0,13492690.0,16129610.0,38208000.0,24204000.0,43449000.0,44741000.0,36122000.0,45230000.0,18655000.0,22259000.0
20210727,-3524110.0,22890130.0,18432570.0,25946710.0,26880150.0,22565080.0,22229110.0,7824220.0,11684300.0,31599000.0,25449000.0,35763000.0,37075000.0,31110000.0,30651000.0,10882000.0,16178000.0
20210728,-4817580.0,18998070.0,21752570.0,34530520.0,26958430.0,25326890.0,28795480.0,2546510.0,3895500.0,28428000.0,32581000.0,51666000.0,40229000.0,37787000.0,43068000.0,3809000.0,5811000.0
20210729,-729000.0,20781270.0,17707380.0,29283010.0,31627890.0,30920770.0,29023250.0,10808280.0,13434800.0,28695000.0,24511000.0,40447000.0,43722000.0,42768000.0,40061000.0,14957000.0,18573000.0
20210730,-13741900.0,28995470.0,18472220.0,42913830.0,39695180.0,49476580.0,58823450.0,28090840.0,32485870.0,37103000.0,23662000.0,54944000.0,50851000.0,63412000.0,75321000.0,35803000.0,41427000.0
20210802,-703460.0,25063300.0,28733640.0,41902780.0,37528980.0,31841130.0,30339960.0,11700090.0,13904720.0,30594000.0,35017000.0,51179000.0,45806000.0,38934000.0,37096000.0,14259000.0,17047000.0
20210803,-8595760.0,21800850.0,21569990.0,35081400.0,26716490.0,22090590.0,25014290.0,7069830.0,12741890.0,26789000.0,26415000.0,43087000.0,32817000.0,27178000.0,30877000.0,8750000.0,15694000.0
20210804,-326170.0,18362490.0,19404260.0,26716640.0,25348710.0,22516710.0,20905410.0,4408330.0,6345800.0,22651000.0,23918000.0,32900000.0,31246000.0,27739000.0,25763000.0,5457000.0,7819000.0
20210805,1663230.0,22418680.0,23334200.0,34608250.0,35355960.0,32553060.0,28063500.0,7433900.0,10260230.0,26668000.0,27844000.0,41252000.0,42056000.0,38750000.0,33453000.0,8840000.0,12156000.0
20210806,-3734010.0,13407010.0,16536470.0,30187370.0,23323900.0,18610330.0,18305570.0,2123740.0,6162510.0,15757000.0,19385000.0,35441000.0,27360000.0,21773000.0,21458000.0,2474000.0,7242000.0
20210809,2289920.0,13649670.0,16728030.0,23596880.0,22808440.0,14297360.0,14301820.0,5047040.0,2752660.0,16188000.0,19806000.0,27928000.0,27014000.0,16952000.0,16934000.0,5950000.0,3263000.0
20210810,1652330.0,26034320.0,24651710.0,41115900.0,44150840.0,33219880.0,28505170.0,7346790.0,10409170.0,29424000.0,27841000.0,46491000.0,49826000.0,37448000.0,32256000.0,8229000.0,11671000.0
20210811,5093290.0,14389600.0,19213640.0,23222270.0,23491520.0,24174710.0,17156470.0,3795180.0,5720130.0,16228000.0,21622000.0,26144000.0,26430000.0,27172000.0,19302000.0,4252000.0,6441000.0
20210812,-1543090.0,12459430.0,11908030.0,22068550.0,21076870.0,16674030.0,18400970.0,4746360.0,4562510.0,14303000.0,13648000.0,25342000.0,24184000.0,19151000.0,21164000.0,5446000.0,5246000.0
20210813,-3630930.0,18939370.0,16860620.0,30291990.0,28739800.0,23995830.0,25034250.0,4871840.0,7464350.0,21394000.0,18961000.0,34166000.0,32397000.0,26898000.0,28177000.0,5481000.0,8404000.0
20210816,-10922180.0,24868660.0,19517320.0,31068060.0,25497220.0,16715730.0,25449270.0,4312720.0,6501360.0,29799000.0,23302000.0,37181000.0,30485000.0,19925000.0,30455000.0,5186000.0,7849000.0
20210817,-6968760.0,19297600.0,15318130.0,21956930.0,18967650.0,11389180.0,14602440.0,1754010.0,5509510.0,23487000.0,18628000.0,26766000.0,23130000.0,13884000.0,17817000.0,2129000.0,6691000.0
20210818,-2793300.0,19534930.0,18123570.0,28120360.0,26738410.0,17394330.0,17769580.0,4000600.0,6418650.0,23077000.0,21389000.0,33190000.0,31560000.0,20500000.0,20963000.0,4702000.0,7557000.0
20210819,5829850.0,19650400.0,23843630.0,30667030.0,32303650.0,30911260.0,24076570.0,6150660.0,7155500.0,21899000.0,26691000.0,34294000.0,35969000.0,34347000.0,26635000.0,6786000.0,8032000.0
20210820,4265350.0,20357360.0,25553710.0,26901740.0,25970750.0,22299540.0,17840920.0,3315290.0,3508560.0,22188000.0,27781000.0,29284000.0,28241000.0,24171000.0,19382000.0,3583000.0,3823000.0
20210823,13242180.0,18092320.0,29589190.0,31827270.0,33572590.0,25980550.0,18657140.0,10438210.0,4519440.0,19364000.0,31628000.0,34018000.0,35908000.0,27715000.0,19911000.0,11160000.0,4809000.0
20210824,3579440.0,30434660.0,36818970.0,48469470.0,45664590.0,35044490.0,29465330.0,9548840.0,11548560.0,33542000.0,40507000.0,53466000.0,50380000.0,38685000.0,32644000.0,10649000.0,12811000.0
20210825,-4891720.0,30561470.0,22009560.0,35605880.0,39266070.0,21533890.0,22945420.0,1486660.0,4966850.0,34310000.0,24721000.0,39892000.0,44022000.0,24197000.0,25722000.0,1667000.0,5601000.0
20210826,-5613340.0,20881860.0,19209950.0,24555550.0,20614110.0,11170230.0,14642940.0,1066510.0,3207140.0,23448000.0,21592000.0,27534000.0,23147000.0,12540000.0,16399000.0,1195000.0,3579000.0
20210827,-5430070.0,24947440.0,19421150.0,25122740.0,25218990.0,13013930.0,16581150.0,1612950.0,3475800.0,27941000.0,21774000.0,28190000.0,28291000.0,14585000.0,18578000.0,1807000.0,3879000.0
20210830,318280.0,23493010.0,24809660.0,35159020.0,34160630.0,20589510.0,19631920.0,8153130.0,8792440.0,25822000.0,27241000.0,38640000.0,37541000.0,22569000.0,21540000.0,8844000.0,9554000.0
20210831,3872060.0,15566580.0,17046590.0,23465470.0,25857520.0,22080210.0,20704830.0,9368380.0,6871700.0,17081000.0,18685000.0,25728000.0,28350000.0,24179000.0,22692000.0,10240000.0,7500000.0
20210901,-4595150.0,31411760.0,30562670.0,51976590.0,48230520.0,42179780.0,44713860.0,11685090.0,13746160.0,37586000.0,36272000.0,62198000.0,57737000.0,50649000.0,53653000.0,13728000.0,16500000.0
20210902,-5213720.0,22284160.0,16536230.0,20425380.0,20959580.0,10915670.0,16770360.0,2842880.0,2201910.0,26949000.0,20004000.0,24719000.0,25343000.0,13200000.0,20296000.0,3437000.0,2663000.0
20210903,-10468660.0,28834870.0,21409170.0,29688190.0,26645220.0,15964690.0,23117920.0,4867540.0,8182970.0,36492000.0,27029000.0,37547000.0,33665000.0,20268000.0,29394000.0,6217000.0,10437000.0
20210906,-2046490.0,17706730.0,16466020.0,13180200.0,12374420.0,6390610.0,7807690.0,2638980.0,3268390.0,22020000.0,20470000.0,16395000.0,15379000.0,7930000.0,9696000.0,3260000.0,4060000.0
20210907,2097170.0,14784980.0,16344570.0,14950770.0,15488350.0,6898660.0,4540540.0,663690.0,924640.0,18228000.0,20125000.0,18400000.0,19077000.0,8491000.0,5586000.0,817000.0,1147000.0
20210908,-1612410.0,18291260.0,15870680.0,12194200.0,13002360.0,6132090.0,7254450.0,1117540.0,1607590.0,22891000.0,19849000.0,15244000.0,16257000.0,7655000.0,9068000.0,1403000.0,2020000.0
20210909,-72340.0,17190120.0,16869800.0,16651470.0,16899460.0,11389230.0,11666100.0,3333000.0,3128470.0,21447000.0,21070000.0,20753000.0,21051000.0,14175000.0,14487000.0,4131000.0,3898000.0
20210910,-1531410.0,20812410.0,20117000.0,21385350.0,20549350.0,10401820.0,12126840.0,3574710.0,3381100.0,25348000.0,24469000.0,26054000.0,25054000.0,12668000.0,14782000.0,4349000.0,4114000.0
20210913,-4665440.0,19212720.0,18776880.0,22537010.0,18307410.0,10527380.0,13640730.0,2197240.0,3749330.0,24420000.0,23817000.0,28685000.0,23258000.0,13371000.0,17355000.0,2794000.0,4839000.0
20210914,-5488290.0,19139160.0,14719510.0,16200100.0,15131450.0,7483500.0,9523410.0,261590.0,3709970.0,24216000.0,18641000.0,20529000.0,19136000.0,9506000.0,12084000.0,334000.0,4724000.0
20210915,-3726080.0,15779330.0,14746760.0,19945970.0,17252460.0,8736200.0,12137280.0,1753570.0,2078570.0,20304000.0,18924000.0,25628000.0,22164000.0,11236000.0,15633000.0,2245000.0,2691000.0
20210916,-5606870.0,14363950.0,11372010.0,15328000.0,12713070.0,7745930.0,8043650.0,907220.0,6216370.0,18647000.0,14753000.0,19902000.0,16508000.0,10077000.0,10467000.0,1179000.0,8077000.0
20210917,-3357750.0,20291150.0,16845900.0,19484030.0,19571530.0,7661330.0,8216820.0,979070.0,3781330.0,27220000.0,22588000.0,26122000.0,26273000.0,10283000.0,11006000.0,1314000.0,5071000.0
20210922,-1024350.0,15466280.0,13241630.0,13955260.0,15155560.0,6334860.0,6762390.0,2507410.0,3104230.0,19914000.0,17023000.0,17950000.0,19466000.0,8129000.0,8710000.0,3209000.0,4005000.0
20210923,4216700.0,9907490.0,15827600.0,10508410.0,8805000.0,6059200.0,2761300.0,1530080.0,611280.0,12915000.0,20635000.0,13683000.0,11460000.0,7896000.0,3597000.0,1992000.0,794000.0
20210924,106260.0,9005150.0,10780820.0,7841410.0,6172010.0,2810920.0,2788370.0,836020.0,752310.0,11856000.0,14195000.0,10324000.0,8130000.0,3709000.0,3673000.0,1097000.0,987000.0
20210927,-5964580.0,26039170.0,19550840.0,23028420.0,23552160.0,10730560.0,16009480.0,3606350.0,4292010.0,35978000.0,26974000.0,31832000.0,32521000.0,14836000.0,22134000.0,4955000.0,5971000.0
20210928,-2228460.0,12120870.0,12179000.0,10597720.0,8311130.0,3598520.0,5577570.0,417280.0,666690.0,16343000.0,16420000.0,14282000.0,11207000.0,4848000.0,7509000.0,558000.0,894000.0
20210929,-1966260.0,9508970.0,10947640.0,9468060.0,6063140.0,4273110.0,3950090.0,0.0,2289280.0,13170000.0,15147000.0,13119000.0,8400000.0,5928000.0,5491000.0,0.0,3178000.0
20210930,1805640.0,17341180.0,17900840.0,13616590.0,14862570.0,6725910.0,7880040.0,4867120.0,1907350.0,24434000.0,25183000.0,19157000.0,20917000.0,9453000.0,11068000.0,6817000.0,2693000.0
20211008,-585410.0,11171250.0,13452340.0,9680650.0,6814150.0,3894510.0,3712100.0,238300.0,1006120.0,15786000.0,19010000.0,13666000.0,9622000.0,5500000.0,5242000.0,337000.0,1415000.0
20211011,-7525090.0,19766250.0,16723110.0,21843590.0,17361640.0,14812400.0,23934810.0,5333700.0,3736380.0,27829000.0,23502000.0,30672000.0,24394000.0,20651000.0,33521000.0,7545000.0,5280000.0
20211012,-163490.0,11422080.0,13433400.0,10623070.0,8448270.0,4194900.0,3470140.0,1331700.0,2219950.0,16406000.0,19291000.0,15262000.0,12128000.0,6017000.0,4993000.0,1897000.0,3170000.0
20211013,-30170.0,10773920.0,13114330.0,11701750.0,9331170.0,5052520.0,4128160.0,953360.0,1907890.0,14991000.0,18252000.0,16286000.0,13003000.0,7025000.0,5735000.0,1329000.0,2642000.0
20211014,-677590.0,9199420.0,12634770.0,13317300.0,9204350.0,6461010.0,6305230.0,406270.0,1239640.0,12566000.0,17256000.0,18166000.0,12559000.0,8804000.0,8582000.0,551000.0,1690000.0
20211015,1825560.0,8535140.0,10199080.0,6515870.0,6677490.0,3214530.0,2113640.0,886200.0,161530.0,11682000.0,13960000.0,8918000.0,9140000.0,4400000.0,2895000.0,1217000.0,220000.0
20211018,570010.0,11027140.0,14409120.0,12529400.0,9717440.0,9200980.0,8130330.0,1829140.0,2329780.0,14822000.0,19382000.0,16809000.0,13066000.0,12344000.0,10875000.0,2458000.0,3110000.0
20211019,225290.0,9285140.0,9551700.0,7445300.0,7404040.0,3347490.0,3122180.0,459860.0,459880.0,12374000.0,12722000.0,9914000.0,9869000.0,4459000.0,4157000.0,610000.0,609000.0
20211020,-717620.0,12224180.0,9750980.0,9043270.0,10798850.0,6471860.0,8115510.0,3114080.0,2188050.0,16246000.0,12941000.0,12012000.0,14324000.0,8582000.0,10783000.0,4112000.0,2904000.0
20211021,-555700.0,11189430.0,10391280.0,10212340.0,10454770.0,5378990.0,5058600.0,2621330.0,3497420.0,14966000.0,13891000.0,13659000.0,13979000.0,7183000.0,6720000.0,3492000.0,4710000.0
20211022,-4082390.0,23834990.0,18490300.0,18227400.0,19489700.0,14591880.0,18269760.0,6653830.0,7058340.0,31094000.0,24130000.0,23724000.0,25368000.0,18972000.0,23729000.0,8622000.0,9186000.0
20211025,-584010.0,16186960.0,18016490.0,16981970.0,14568450.0,8571500.0,6946110.0,1190020.0,3399420.0,20684000.0,23062000.0,21704000.0,18603000.0,10954000.0,8849000.0,1519000.0,4347000.0
20211026,-1998760.0,15647370.0,14268850.0,12573700.0,11953460.0,5343970.0,6580070.0,260140.0,1022800.0,19920000.0,18175000.0,16021000.0,15218000.0,6815000.0,8385000.0,334000.0,1311000.0
20211027,423240.0,11112650.0,12929620.0,9810690.0,8416960.0,4975170.0,3904460.0,326040.0,973510.0,14362000.0,16694000.0,12663000.0,10870000.0,6418000.0,5042000.0,418000.0,1255000.0
20211028,-85690.0,12797320.0,12506080.0,11520770.0,11726330.0,5468870.0,4600190.0,1055980.0,2010350.0,16523000.0,16119000.0,14854000.0,15108000.0,7043000.0,5944000.0,1352000.0,2602000.0
20211029,3170330.0,11001360.0,12563520.0,8692660.0,10300820.0,4490710.0,3480000.0,2276860.0,117240.0,14274000.0,16294000.0,11271000.0,13356000.0,5813000.0,4505000.0,2950000.0,153000.0
20211101,315330.0,14580600.0,16616850.0,17422620.0,15701710.0,10089950.0,8348990.0,2214950.0,3640580.0,18422000.0,20994000.0,22000000.0,19803000.0,12711000.0,10536000.0,2782000.0,4582000.0
20211102,4183830.0,18443670.0,19987550.0,21324430.0,23964380.0,15168860.0,10941900.0,1742730.0,1785860.0,22787000.0,24697000.0,26338000.0,29592000.0,18721000.0,13502000.0,2147000.0,2203000.0
20211103,5543670.0,12562940.0,17856170.0,13224960.0,13475410.0,12058040.0,8849210.0,3937180.0,1602340.0,15993000.0,22745000.0,16821000.0,17124000.0,15321000.0,11239000.0,5003000.0,2031000.0
20211104,-428360.0,16374960.0,13083840.0,12673650.0,15536410.0,8671600.0,8597000.0,1287980.0,1790940.0,20414000.0,16309000.0,15782000.0,19350000.0,10801000.0,10710000.0,1605000.0,2234000.0
20211105,1337710.0,9780560.0,10831040.0,11752420.0,12039660.0,8366040.0,6012330.0,1009670.0,2025670.0,12332000.0,13620000.0,14819000.0,15182000.0,10549000.0,7593000.0,1271000.0,2576000.0
20211108,-5614980.0,18424500.0,17084850.0,19748850.0,15473520.0,8424630.0,13592860.0,1415970.0,1862720.0,22992000.0,21336000.0,24584000.0,19257000.0,10475000.0,16901000.0,1759000.0,2316000.0
20211109,4361990.0,16818290.0,20461420.0,24849820.0,25568660.0,17343090.0,14075140.0,3708720.0,2614680.0,19811000.0,24155000.0,29301000.0,30097000.0,20435000.0,16579000.0,4368000.0,3084000.0
20211110,-8795740.0,25178900.0,18452670.0,25835980.0,23766480.0,7442480.0,15607550.0,1515560.0,2146230.0,29199000.0,21396000.0,29972000.0,27561000.0,8628000.0,18109000.0,1758000.0,2491000.0
20211111,-175940.0,14788420.0,13164360.0,16944660.0,18392780.0,5473760.0,6740280.0,1824300.0,733720.0,17312000.0,15432000.0,19885000.0,21544000.0,6431000.0,7930000.0,2143000.0,863000.0
20211112,-21107330.0,35353150.0,19425510.0,37583750.0,32404060.0,16544900.0,34367030.0,4654260.0,7939460.0,38657000.0,21370000.0,41181000.0,35520000.0,18151000.0,37535000.0,5105000.0,8670000.0
20211115,-2853530.0,20224700.0,19327630.0,26835500.0,24879040.0,13453170.0,14054080.0,1267550.0,3520170.0,22294000.0,21237000.0,29522000.0,27366000.0,14751000.0,15451000.0,1391000.0,3905000.0
20211116,-4404700.0,18240210.0,13759610.0,16034120.0,16110010.0,8273790.0,13600250.0,2043260.0,1121500.0,20535000.0,15462000.0,18018000.0,18096000.0,9292000.0,15328000.0,2285000.0,1245000.0
20211117,1989260.0,13777260.0,13862440.0,16299710.0,18203790.0,7735110.0,6783410.0,3772170.0,2734610.0,15847000.0,15920000.0,18758000.0,20947000.0,8887000.0,7809000.0,4342000.0,3158000.0
20211118,856380.0,15415100.0,17102820.0,20656100.0,19824760.0,14422300.0,12580550.0,3116100.0,4101470.0,17030000.0,18962000.0,22766000.0,21834000.0,15935000.0,13855000.0,3451000.0,4532000.0
20211119,-41240.0,14907000.0,14736730.0,15167760.0,15296790.0,9001120.0,9007500.0,2295680.0,2330540.0,16058000.0,15830000.0,16304000.0,16439000.0,9664000.0,9705000.0,2464000.0,2516000.0
20211122,1979350.0,17954170.0,16112040.0,14384830.0,18206310.0,9283620.0,7374790.0,3174000.0,3103480.0,19212000.0,17237000.0,15428000.0,19498000.0,9978000.0,7930000.0,3427000.0,3380000.0
20211123,-2670630.0,12799900.0,10473450.0,11330710.0,10986530.0,8088100.0,8181800.0,3428370.0,6005300.0,13787000.0,11277000.0,12222000.0,11842000.0,8729000.0,8839000.0,3713000.0,6494000.0
20211124,-7594380.0,28030950.0,21512970.0,17679290.0,16602890.0,6317480.0,11515100.0,2671620.0,5068380.0,31024000.0,23826000.0,19595000.0,18366000.0,6976000.0,12754000.0,2945000.0,5594000.0
20211125,-3130470.0,15242330.0,12425080.0,10788160.0,10474950.0,3958560.0,5801870.0,343040.0,1630200.0,17125000.0,13962000.0,12124000.0,11770000.0,4451000.0,6525000.0,386000.0,1829000.0
20211126,-954420.0,16973620.0,19061010.0,14546240.0,11504420.0,5990400.0,6487270.0,1063330.0,1520880.0,19065000.0,21389000.0,16315000.0,12918000.0,6709000.0,7274000.0,1189000.0,1696000.0
20211129,-2059760.0,25658720.0,24801570.0,27775720.0,26573110.0,17060040.0,18525120.0,3549940.0,4144620.0,27194000.0,26370000.0,29477000.0,28196000.0,18116000.0,19614000.0,3762000.0,4370000.0
20211130,1447380.0,20634710.0,21427320.0,23982610.0,24637400.0,19193220.0,17563720.0,18824860.0,19006980.0,21339000.0,22134000.0,24748000.0,25415000.0,19731000.0,18100000.0,19398000.0,19566000.0
20211201,3289020.0,15917710.0,19124610.0,15812870.0,15895000.0,12668240.0,9658250.0,3906790.0,3627760.0,16896000.0,20299000.0,16790000.0,16866000.0,13434000.0,10247000.0,4127000.0,3834000.0
20211202,-736530.0,21524500.0,16047630.0,15360950.0,20101300.0,8509340.0,10008770.0,1040700.0,277800.0,23536000.0,17523000.0,16798000.0,21983000.0,9306000.0,10969000.0,1135000.0,300000.0
20211203,683590.0,13891970.0,14523660.0,11716920.0,11768830.0,8105570.0,7731140.0,2671800.0,2362640.0,14987000.0,15662000.0,12630000.0,12680000.0,8738000.0,8346000.0,2868000.0,2536000.0
20211206,-7738280.0,17976990.0,13826420.0,17558240.0,13970530.0,9664900.0,15551420.0,2528730.0,4380490.0,19616000.0,15090000.0,19169000.0,15238000.0,10528000.0,16963000.0,2754000.0,4776000.0
20211207,-7333540.0,25242560.0,23430740.0,27897980.0,22376260.0,8136740.0,12141920.0,737240.0,4065600.0,28709000.0,26691000.0,31778000.0,25481000.0,9274000.0,13805000.0,841000.0,4624000.0
20211208,430200.0,12818800.0,14379840.0,11240630.0,10109780.0,5200310.0,4696840.0,1326560.0,1399830.0,14340000.0,16085000.0,12575000.0,11304000.0,5810000.0,5250000.0,1483000.0,1568000.0
20211209,-791320.0,19235690.0,19707780.0,18453820.0,17190410.0,8250100.0,7948930.0,1012530.0,2105020.0,21918000.0,22437000.0,21023000.0,19604000.0,9393000.0,9049000.0,1148000.0,2392000.0
20211210,-6684460.0,27187180.0,25943240.0,30726970.0,25286450.0,16311530.0,17600240.0,6694870.0,12090620.0,30050000.0,28639000.0,33958000.0,27955000.0,18036000.0,19457000.0,7359000.0,13352000.0
20211213,-4777760.0,22633710.0,21475240.0,26472050.0,22852760.0,10122970.0,12712420.0,3565780.0,5754090.0,24758000.0,23471000.0,28966000.0,25030000.0,11089000.0,13919000.0,3922000.0,6315000.0
20211214,876970.0,12963760.0,14905230.0,12301070.0,11236550.0,7085280.0,6376220.0,2098610.0,1930700.0,14233000.0,16368000.0,13508000.0,12335000.0,7769000.0,6999000.0,2318000.0,2127000.0
20211215,18710.0,12413640.0,11300510.0,9117180.0,10249020.0,3584030.0,4280810.0,955520.0,240030.0,13601000.0,12370000.0,9994000.0,11224000.0,3925000.0,4702000.0,1044000.0,268000.0
20211216,-2746430.0,12015040.0,11667310.0,10746210.0,8347490.0,6469090.0,8035550.0,5632820.0,6812790.0,13036000.0,12671000.0,11656000.0,9054000.0,7014000.0,8706000.0,6154000.0,7429000.0
20211217,-640070.0,10111770.0,9138040.0,8721090.0,9054750.0,3661450.0,4571440.0,1015810.0,745890.0,10996000.0,9921000.0,9484000.0,9835000.0,3977000.0,4979000.0,1099000.0,820000.0
20211220,-3721430.0,12037340.0,11281750.0,11281830.0,8315990.0,3946140.0,5982810.0,382200.0,2066960.0,13364000.0,12527000.0,12536000.0,9237000.0,4380000.0,6644000.0,420000.0,2291000.0
20211221,-317960.0,9321970.0,8971210.0,5956080.0,5988880.0,3148800.0,3367550.0,943590.0,1042800.0,10418000.0,10031000.0,6654000.0,6678000.0,3514000.0,3743000.0,1039000.0,1173000.0
20211222,-330990.0,16233110.0,15569070.0,10713580.0,11046640.0,4467010.0,4766820.0,2212890.0,2244070.0,18461000.0,17726000.0,12193000.0,12563000.0,5085000.0,5424000.0,2519000.0,2545000.0
20211223,278210.0,16651580.0,15093950.0,20022890.0,21858730.0,14405410.0,12642560.0,3343360.0,4828000.0,18489000.0,16758000.0,22164000.0,24234000.0,16031000.0,14023000.0,3698000.0,5367000.0
20211224,-1395340.0,11416060.0,10609110.0,8163580.0,7575190.0,3652870.0,4822170.0,362820.0,588860.0,12517000.0,11624000.0,8930000.0,8286000.0,3990000.0,5272000.0,392000.0,647000.0
20211227,898040.0,7312850.0,10371210.0,8389950.0,6229620.0,4547740.0,3932190.0,907670.0,625180.0,8189000.0,11602000.0,9404000.0,6984000.0,5102000.0,4419000.0,1018000.0,708000.0
20211228,-709730.0,11507320.0,11350150.0,8248840.0,7696290.0,4974640.0,5900430.0,968710.0,752650.0,13058000.0,12880000.0,9366000.0,8728000.0,5652000.0,6708000.0,1098000.0,858000.0
20211229,-5651060.0,17591820.0,12628900.0,13802090.0,13113940.0,7384740.0,12864640.0,2139650.0,2310810.0,19317000.0,13867000.0,15159000.0,14395000.0,8114000.0,14143000.0,2356000.0,2541000.0
20211230,-1197180.0,25425800.0,23483540.0,25069810.0,25814880.0,13710680.0,15070090.0,3402290.0,3240060.0,26658000.0,24666000.0,26336000.0,27094000.0,14395000.0,15846000.0,3590000.0,3373000.0
20211231,2499820.0,15776820.0,18158950.0,15792470.0,15910160.0,9756200.0,6137700.0,583450.0,1702130.0,16380000.0,18851000.0,16396000.0,16518000.0,10134000.0,6371000.0,603000.0,1772000.0
20220104,2852670.0,18869570.0,20400030.0,15023150.0,16345360.0,10158660.0,8426410.0,3292910.0,2172490.0,20216000.0,21869000.0,16137000.0,17542000.0,10931000.0,9097000.0,3569000.0,2346000.0
20220105,-2694060.0,23843630.0,24847060.0,24874340.0,21176830.0,15381730.0,15176020.0,3429210.0,6328980.0,26936000.0,28037000.0,28113000.0,23951000.0,17452000.0,17186000.0,3910000.0,7237000.0
20220106,-784100.0,28060200.0,26507310.0,27038760.0,27807560.0,23563610.0,23019330.0,6999350.0,8327730.0,33298000.0,31423000.0,32091000.0,32997000.0,27982000.0,27320000.0,8265000.0,9896000.0
20220107,1454020.0,14035780.0,13210490.0,12598640.0,14877950.0,8586060.0,7161850.0,343650.0,313840.0,16975000.0,15957000.0,15247000.0,18004000.0,10402000.0,8697000.0,417000.0,384000.0
20220110,4203380.0,13565050.0,18261460.0,9629250.0,9136230.0,7235640.0,4320010.0,2031490.0,743740.0,16732000.0,22510000.0,11880000.0,11260000.0,8893000.0,5327000.0,2513000.0,921000.0
20220111,4268380.0,20116960.0,20539610.0,16860430.0,20706150.0,9189820.0,8030190.0,6152210.0,3043460.0,25407000.0,25860000.0,21284000.0,26109000.0,11572000.0,10121000.0,7671000.0,3843000.0
20220112,2544190.0,14782150.0,16557650.0,13661810.0,14430510.0,13492940.0,12110000.0,3354310.0,2193060.0,18200000.0,20336000.0,16767000.0,17744000.0,16590000.0,14886000.0,4119000.0,2710000.0
20220113,2884060.0,13006230.0,17321730.0,10161230.0,8729790.0,7383110.0,4364110.0,1868580.0,2003520.0,15914000.0,21199000.0,12460000.0,10691000.0,9049000.0,5354000.0,2287000.0,2466000.0
20220114,1539670.0,17846120.0,17031940.0,9547590.0,11901450.0,8926730.0,8486240.0,3987770.0,2888590.0,21707000.0,20702000.0,11607000.0,14452000.0,10832000.0,10313000.0,4827000.0,3506000.0
20220117,-1595020.0,14599950.0,12333500.0,13343220.0,14014640.0,7633330.0,8565060.0,3085120.0,3748410.0,17611000.0,14876000.0,16089000.0,16900000.0,9222000.0,10364000.0,3717000.0,4500000.0
20220118,-365190.0,8782000.0,10035580.0,10263980.0,8645220.0,5071680.0,4908460.0,2910200.0,3438610.0,10531000.0,12026000.0,12272000.0,10329000.0,6070000.0,5862000.0,3483000.0,4139000.0
20220119,1068710.0,14523860.0,14337970.0,15307650.0,16562250.0,10791900.0,8974690.0,1752550.0,2501050.0,17944000.0,17696000.0,18936000.0,20457000.0,13336000.0,11111000.0,2147000.0,3099000.0
20220120,-646110.0,9524580.0,8940160.0,8512620.0,8450930.0,5919910.0,6749400.0,1293970.0,1110590.0,11926000.0,11193000.0,10654000.0,10564000.0,7403000.0,8437000.0,1603000.0,1392000.0
20220121,-3454700.0,21297280.0,15767580.0,17779440.0,19854450.0,10760050.0,13211960.0,5408200.0,6410990.0,27588000.0,20390000.0,23053000.0,25720000.0,13946000.0,17151000.0,7009000.0,8334000.0
20220124,-616560.0,21180550.0,18507500.0,24453570.0,26510070.0,14430490.0,16734890.0,5588230.0,3900390.0,27753000.0,24197000.0,32028000.0,34800000.0,19001000.0,21996000.0,7360000.0,5150000.0
20220125,-1224030.0,15312590.0,15707340.0,12413680.0,10794900.0,7679670.0,8929870.0,4125980.0,4099810.0,19531000.0,19989000.0,15777000.0,13700000.0,9735000.0,11349000.0,5198000.0,5203000.0
20220126,2105640.0,11547480.0,13522050.0,10023190.0,10154270.0,5971350.0,4474460.0,920640.0,311890.0,15229000.0,17832000.0,13214000.0,13387000.0,7873000.0,5894000.0,1210000.0,415000.0
20220127,4950580.0,11174960.0,13473420.0,8903920.0,11556030.0,6668650.0,4758700.0,3844630.0,804000.0,14859000.0,17915000.0,11852000.0,15399000.0,8885000.0,6340000.0,5128000.0,1069000.0
20220128,-9469110.0,29609130.0,24160100.0,34543170.0,30523090.0,16955380.0,22667470.0,2653300.0,6410320.0,36594000.0,29862000.0,42796000.0,37715000.0,21085000.0,28222000.0,3307000.0,7984000.0
20220207,4797120.0,20361540.0,26198100.0,18481170.0,17441720.0,13119160.0,9021980.0,2490690.0,1790750.0,25894000.0,33345000.0,23485000.0,22083000.0,16681000.0,11490000.0,3146000.0,2288000.0
20220208,5201700.0,19332440.0,19309150.0,14292420.0,19517400.0,7625410.0,3819400.0,2300140.0,904450.0,25755000.0,25691000.0,19023000.0,26009000.0,10151000.0,5097000.0,3059000.0,1192000.0
20220209,-506090.0,12512470.0,14142360.0,14843570.0,12707600.0,5353620.0,5755900.0,1041440.0,1145250.0,15905000.0,17963000.0,18851000.0,16132000.0,6770000.0,7292000.0,1333000.0,1472000.0
20220210,1612680.0,15009800.0,18469840.0,13968390.0,12121030.0,6326040.0,4750310.0,640040.0,603090.0,19383000.0,23840000.0,18014000.0,15635000.0,8129000.0,6107000.0,827000.0,770000.0
20220211,1642120.0,8643310.0,11799770.0,7397530.0,5883190.0,3609650.0,2872780.0,1047190.0,141940.0,11200000.0,15273000.0,9586000.0,7610000.0,4651000.0,3720000.0,1350000.0,183000.0
20220214,-393590.0,13108010.0,12682170.0,10675270.0,10707510.0,3901290.0,4384690.0,579100.0,489290.0,16905000.0,16365000.0,13748000.0,13776000.0,5018000.0,5638000.0,740000.0,631000.0
20220215,-2901410.0,13698560.0,11844350.0,15147750.0,14100560.0,7280970.0,7630660.0,1231850.0,3783570.0,17355000.0,15001000.0,19181000.0,17849000.0,9209000.0,9661000.0,1559000.0,4793000.0
20220216,1737560.0,8001070.0,10750810.0,9028400.0,8016220.0,5204050.0,3597920.0,495560.0,364130.0,10241000.0,13755000.0,11545000.0,10246000.0,6652000.0,4598000.0,630000.0,470000.0
20220217,512620.0,11099140.0,10486490.0,10600240.0,11725510.0,4537660.0,3439750.0,2072700.0,2657990.0,14333000.0,13535000.0,13683000.0,15145000.0,5849000.0,4430000.0,2665000.0,3421000.0
20220218,3028210.0,9654160.0,12793020.0,13848800.0,13738160.0,9014450.0,6486150.0,1236840.0,736930.0,12491000.0,16534000.0,17908000.0,17755000.0,11621000.0,8379000.0,1605000.0,957000.0
20220221,107420.0,12441820.0,13281530.0,14019290.0,13287010.0,7759380.0,8973050.0,3087690.0,1766600.0,16130000.0,17259000.0,18190000.0,17244000.0,10044000.0,11613000.0,4046000.0,2293000.0
20220222,-636840.0,10881530.0,10428620.0,11228310.0,11044370.0,6127540.0,6450900.0,1347790.0,1661270.0,14635000.0,14027000.0,15102000.0,14843000.0,8238000.0,8677000.0,1816000.0,2244000.0
20220223,-5706910.0,22873630.0,19205900.0,28633370.0,26594190.0,11725860.0,15833710.0,1708250.0,3307310.0,29163000.0,24463000.0,36498000.0,33890000.0,14929000.0,20163000.0,2178000.0,4251000.0
20220224,1771630.0,18806110.0,20271080.0,16800660.0,17107310.0,8442860.0,6887300.0,2885250.0,2669180.0,23556000.0,25376000.0,21013000.0,21390000.0,10579000.0,8635000.0,3596000.0,3343000.0
20220225,-2188230.0,22073000.0,20818800.0,21717580.0,20783550.0,8661460.0,10188180.0,1222870.0,1884380.0,26860000.0,25330000.0,26443000.0,25303000.0,10534000.0,12401000.0,1486000.0,2289000.0
20220228,1431450.0,22094350.0,22087800.0,24294430.0,25732420.0,16024080.0,16155250.0,6717910.0,5155290.0,25944000.0,25920000.0,28496000.0,30179000.0,18792000.0,18945000.0,7862000.0,6050000.0
20220301,-3510300.0,17606290.0,16980730.0,21637540.0,18752800.0,12966410.0,18543530.0,7031770.0,4964950.0,20345000.0,19623000.0,25008000.0,21674000.0,15001000.0,21439000.0,8116000.0,5734000.0
20220302,-1075810.0,12690430.0,12107680.0,14254170.0,13761100.0,7195870.0,12266050.0,8119700.0,4125330.0,14575000.0,13895000.0,16362000.0,15783000.0,8260000.0,14086000.0,9286000.0,4718000.0
20220303,1322070.0,13761880.0,13909200.0,13960920.0,15135660.0,5947220.0,8925200.0,6329900.0,2029850.0,16118000.0,16276000.0,16347000.0,17709000.0,6972000.0,10459000.0,7377000.0,2369000.0
20220304,1648190.0,13476780.0,14774890.0,11459650.0,11809740.0,7132440.0,6927670.0,3265340.0,1821920.0,16144000.0,17721000.0,13730000.0,14155000.0,8539000.0,8276000.0,3946000.0,2207000.0
20220307,1465860.0,13724660.0,16547070.0,14563950.0,13207400.0,7225250.0,5830530.0,2071550.0,2000410.0,16456000.0,19830000.0,17468000.0,15818000.0,8651000.0,6987000.0,2467000.0,2407000.0
20220308,3714610.0,24290200.0,25223050.0,25600290.0,28382050.0,13621260.0,14381730.0,6225080.0,1750000.0,30629000.0,31882000.0,32193000.0,35724000.0,17115000.0,17985000.0,7840000.0,2186000.0
20220309,969430.0,13806740.0,17270340.0,18691590.0,16197410.0,6202270.0,6937840.0,2565080.0,860080.0,17758000.0,22201000.0,24021000.0,20802000.0,7978000.0,8920000.0,3267000.0,1102000.0
20220310,2603660.0,9273980.0,11898000.0,11090480.0,11070110.0,5908970.0,5202440.0,2883440.0,986310.0,11431000.0,14677000.0,13680000.0,13655000.0,7292000.0,6415000.0,3564000.0,1220000.0
20220311,207950.0,10185330.0,11820550.0,7788560.0,6361300.0,4273140.0,3829890.0,1238640.0,1473940.0,12878000.0,14945000.0,9851000.0,8037000.0,5398000.0,4840000.0,1564000.0,1868000.0
20220314,1576770.0,11229200.0,12211150.0,10256890.0,10851720.0,4486150.0,5147930.0,2891660.0,653110.0,13895000.0,15099000.0,12671000.0,13413000.0,5546000.0,6371000.0,3582000.0,809000.0
20220315,-785070.0,12051940.0,11596530.0,10913280.0,10583620.0,5998140.0,7143760.0,2840370.0,2479820.0,15176000.0,14570000.0,13754000.0,13307000.0,7536000.0,9027000.0,3557000.0,3120000.0
20220316,-6265770.0,20199700.0,18400750.0,29986080.0,25519260.0,16936170.0,23092240.0,5130930.0,5240630.0,24709000.0,22486000.0,36631000.0,31208000.0,20598000.0,28211000.0,6273000.0,6305000.0
20220317,5318330.0,10620360.0,15794850.0,15860540.0,16004390.0,11618890.0,7658010.0,3661910.0,2304460.0,12606000.0,18727000.0,18822000.0,18983000.0,13777000.0,9083000.0,4333000.0,2745000.0
20220318,1545730.0,8279840.0,9408000.0,8783870.0,9201430.0,7287680.0,4694060.0,981450.0,2029340.0,10108000.0,11482000.0,10721000.0,11229000.0,8899000.0,5734000.0,1200000.0,2481000.0
20220321,-1151000.0,8745280.0,8517850.0,9555090.0,8631530.0,5493740.0,4283170.0,1167830.0,3529400.0,10499000.0,10224000.0,11467000.0,10350000.0,6593000.0,5148000.0,1396000.0,4232000.0
20220322,-83590.0,6632770.0,6899040.0,6871910.0,6522030.0,3334560.0,3371070.0,849020.0,896100.0,7983000.0,8295000.0,8257000.0,7845000.0,4004000.0,4043000.0,1017000.0,1077000.0
20220323,1045340.0,12801240.0,12674140.0,12195200.0,13367640.0,8675340.0,9071220.0,2782690.0,1341470.0,15250000.0,15097000.0,14554000.0,15942000.0,10281000.0,10764000.0,3305000.0,1587000.0
20220324,-403260.0,9054970.0,8413410.0,7258310.0,7496610.0,4733510.0,3168180.0,1241120.0,3209710.0,10689000.0,9931000.0,8567000.0,8846000.0,5585000.0,3740000.0,1458000.0,3781000.0
20220325,-244140.0,11566990.0,11944540.0,15542280.0,14920590.0,10871170.0,9848700.0,4029700.0,5296310.0,13423000.0,13849000.0,18006000.0,17271000.0,12578000.0,11393000.0,4635000.0,6129000.0
20220328,1482280.0,9808700.0,11542760.0,9878810.0,9627030.0,6762870.0,5722650.0,3011740.0,2569680.0,11968000.0,14087000.0,12060000.0,11753000.0,8269000.0,7006000.0,3696000.0,3147000.0
20220329,2641220.0,12189480.0,12850850.0,12806250.0,14786090.0,9571650.0,7513630.0,1956150.0,1372950.0,14178000.0,14930000.0,14892000.0,17194000.0,11117000.0,8735000.0,2270000.0,1599000.0
20220330,180850.0,9686040.0,10470370.0,11578590.0,10975110.0,3968670.0,4680600.0,2433700.0,1540920.0,11121000.0,12016000.0,13288000.0,12593000.0,4553000.0,5367000.0,2783000.0,1770000.0
20220331,-349200.0,8880090.0,10542560.0,10993150.0,8981480.0,4759330.0,4486010.0,1264880.0,1887400.0,10317000.0,12258000.0,12769000.0,10426000.0,5545000.0,5222000.0,1471000.0,2195000.0
20220401,1318140.0,8718510.0,10663500.0,13221470.0,12594620.0,6146490.0,6637030.0,4538560.0,2729880.0,9870000.0,12062000.0,14956000.0,14231000.0,6931000.0,7479000.0,5083000.0,3067000.0
20220406,-857800.0,9472230.0,11594610.0,14199370.0,11219200.0,6219320.0,5699980.0,274580.0,1651720.0,11056000.0,13545000.0,16566000.0,13090000.0,7251000.0,6643000.0,321000.0,1915000.0
20220407,-1400350.0,9891430.0,10024250.0,10205960.0,8672790.0,4181300.0,5287870.0,1239830.0,1533610.0,11810000.0,11978000.0,12177000.0,10345000.0,4988000.0,6289000.0,1473000.0,1836000.0
20220408,-292820.0,12121500.0,14469720.0,15361370.0,12720320.0,8436450.0,8454230.0,2853690.0,3128730.0,14957000.0,17813000.0,18936000.0,15661000.0,10397000.0,10440000.0,3513000.0,3889000.0
20220411,707040.0,9238290.0,10034110.0,7744110.0,7655330.0,3518960.0,5316090.0,3351080.0,846910.0,11423000.0,12402000.0,9583000.0,9470000.0,4353000.0,6583000.0,4145000.0,1050000.0
20220412,1346700.0,9568440.0,12398810.0,8756260.0,7272590.0,4355680.0,3983710.0,1193270.0,218540.0,11974000.0,15501000.0,10959000.0,9097000.0,5441000.0,4984000.0,1485000.0,276000.0
20220413,-1364770.0,9822840.0,9919690.0,10850920.0,9389300.0,5996190.0,6315470.0,1338760.0,2384250.0,12749000.0,12878000.0,14099000.0,12194000.0,7805000.0,8217000.0,1751000.0,3116000.0
20220414,-888940.0,8505130.0,7509110.0,7197830.0,7304910.0,3899640.0,3766570.0,1423900.0,2445910.0,11107000.0,9804000.0,9391000.0,9525000.0,5080000.0,4916000.0,1854000.0,3186000.0
20220415,-332800.0,7010420.0,7108900.0,7616980.0,7185710.0,3067060.0,3375220.0,148000.0,172640.0,9432000.0,9556000.0,10237000.0,9656000.0,4121000.0,4543000.0,200000.0,235000.0
20220418,1318380.0,9993340.0,11919170.0,10846300.0,10238830.0,7015010.0,5741860.0,217190.0,171960.0,12992000.0,15463000.0,14072000.0,13279000.0,9093000.0,7459000.0,276000.0,232000.0
20220419,-93660.0,7641660.0,7930650.0,6655390.0,6272750.0,4677860.0,5754420.0,1349860.0,366960.0,9718000.0,10083000.0,8459000.0,7972000.0,5948000.0,7321000.0,1717000.0,466000.0
20220420,-157370.0,8920940.0,9576760.0,8788180.0,7974990.0,5212770.0,5840720.0,2124810.0,1654230.0,11248000.0,12076000.0,11080000.0,10042000.0,6568000.0,7361000.0,2672000.0,2089000.0
20220421,-1470920.0,9937550.0,10019150.0,8440810.0,6888280.0,3441790.0,3643880.0,411310.0,1680140.0,12950000.0,13056000.0,11013000.0,9002000.0,4469000.0,4756000.0,523000.0,2141000.0
20220422,-1329260.0,11070100.0,10077100.0,6369100.0,6032830.0,1861830.0,2014990.0,502340.0,1678440.0,14685000.0,13363000.0,8453000.0,8007000.0,2477000.0,2677000.0,670000.0,2239000.0
20220425,-337020.0,9527900.0,9556600.0,8039160.0,7673440.0,5147710.0,4570970.0,678320.0,1592080.0,13381000.0,13398000.0,11301000.0,10764000.0,7203000.0,6442000.0,943000.0,2224000.0
20220426,1947180.0,9512380.0,12518180.0,8512780.0,7454150.0,7692380.0,6108670.0,1764410.0,1400940.0,13849000.0,18177000.0,12396000.0,10854000.0,11141000.0,8876000.0,2547000.0,2025000.0
20220427,2526540.0,10978330.0,10624430.0,8261400.0,11141830.0,7438140.0,5697570.0,2651830.0,1865860.0,15748000.0,15214000.0,11883000.0,15963000.0,10626000.0,8143000.0,3741000.0,2677000.0
20220428,367380.0,12067560.0,9955620.0,8838270.0,11317600.0,6633510.0,6163750.0,2792550.0,2894930.0,16121000.0,13303000.0,11811000.0,15111000.0,8872000.0,8248000.0,3738000.0,3880000.0
20220429,-185930.0,15947670.0,14947970.0,20992120.0,21805890.0,18169240.0,19295710.0,6024640.0,5084100.0,19824000.0,18578000.0,26133000.0,27102000.0,22706000.0,24080000.0,7470000.0,6372000.0
20220505,341030.0,19565740.0,18187630.0,16449530.0,18168670.0,11978440.0,13876640.0,7004460.0,4765230.0,22987000.0,21334000.0,19331000.0,21371000.0,14105000.0,16301000.0,8243000.0,5659000.0
20220506,-8787520.0,17554810.0,11687330.0,19277370.0,16357330.0,13088310.0,18119380.0,3355410.0,7111860.0,20554000.0,13633000.0,22517000.0,19081000.0,15262000.0,21221000.0,3891000.0,8290000.0
20220509,-1393160.0,15764640.0,15980870.0,20588450.0,18979060.0,9989430.0,11663420.0,3088860.0,2808030.0,18154000.0,18423000.0,23634000.0,21812000.0,11454000.0,13325000.0,3529000.0,3211000.0
20220510,1398310.0,20393520.0,22587920.0,18236590.0,17440510.0,10357570.0,10138490.0,3675490.0,2496260.0,23345000.0,25848000.0,20878000.0,19958000.0,11834000.0,11595000.0,4195000.0,2851000.0
20220511,838370.0,15825700.0,13604080.0,11315150.0,14375150.0,7775370.0,7260740.0,3543010.0,3219270.0,18113000.0,15547000.0,12942000.0,16433000.0,8889000.0,8300000.0,4055000.0,3719000.0
20220512,-2027190.0,14559430.0,13378640.0,11054920.0,10208520.0,3675430.0,5526430.0,333910.0,510100.0,16854000.0,15468000.0,12812000.0,11819000.0,4246000.0,6417000.0,383000.0,590000.0
20220513,125480.0,6768500.0,7157010.0,5064120.0,4801090.0,2036180.0,1540230.0,0.0,370470.0,7862000.0,8315000.0,5883000.0,5575000.0,2366000.0,1791000.0,0.0,431000.0
20220516,1261910.0,6415900.0,7974260.0,5222910.0,4926460.0,2949080.0,1831010.0,255900.0,112060.0,7393000.0,9195000.0,6017000.0,5672000.0,3398000.0,2106000.0,294000.0,129000.0
20220517,3930240.0,9659100.0,11698140.0,11239340.0,13130540.0,10942370.0,8432030.0,3177600.0,1757700.0,10884000.0,13175000.0,12640000.0,14769000.0,12299000.0,9463000.0,3553000.0,1969000.0
20220518,1743510.0,9093840.0,9435400.0,6496250.0,7898200.0,4733020.0,2266330.0,928460.0,1651640.0,10218000.0,10591000.0,7298000.0,8875000.0,5310000.0,2549000.0,1040000.0,1850000.0
20220519,-1056410.0,17592140.0,13951170.0,10314310.0,12898880.0,4027920.0,5985220.0,1500000.0,599110.0,19701000.0,15603000.0,11508000.0,14424000.0,4502000.0,6687000.0,1672000.0,669000.0
20220520,-418340.0,10217790.0,10815180.0,10229210.0,9213480.0,4629130.0,4537820.0,1173810.0,1683460.0,11464000.0,12125000.0,11453000.0,10314000.0,5190000.0,5077000.0,1299000.0,1890000.0
20220523,-2366830.0,18457450.0,11810360.0,11007020.0,15287270.0,4886800.0,7229850.0,866910.0,890690.0,20923000.0,13368000.0,12499000.0,17341000.0,5559000.0,8243000.0,981000.0,1011000.0
20220524,-2061870.0,16777910.0,12760010.0,13252210.0,15208240.0,3108540.0,5465730.0,688270.0,392950.0,18408000.0,13985000.0,14509000.0,16667000.0,3404000.0,5990000.0,746000.0,425000.0
20220525,-441840.0,10502020.0,9144480.0,6341490.0,7257190.0,3302700.0,3751300.0,735250.0,728490.0,11839000.0,10307000.0,7142000.0,8176000.0,3722000.0,4227000.0,821000.0,813000.0
20220526,1924550.0,14143300.0,14804880.0,11157060.0,12420020.0,6415690.0,5100510.0,901260.0,291890.0,15626000.0,16339000.0,12291000.0,13674000.0,7041000.0,5614000.0,986000.0,316000.0
20220527,-1236330.0,8902680.0,8479110.0,8671300.0,7858550.0,2662190.0,3376870.0,305850.0,827500.0,9979000.0,9506000.0,9722000.0,8807000.0,2981000.0,3786000.0,343000.0,925000.0
20220530,266000.0,10462850.0,9453910.0,6093640.0,7368580.0,2567300.0,2414170.0,402020.0,289150.0,11684000.0,10559000.0,6805000.0,8223000.0,2870000.0,2699000.0,447000.0,324000.0
20220531,435800.0,13818970.0,12653460.0,11056030.0,12657350.0,3770790.0,6064990.0,3906180.0,1176180.0,15311000.0,13996000.0,12182000.0,13943000.0,4165000.0,6665000.0,4226000.0,1280000.0
20220601,-905520.0,19636880.0,17704170.0,18495210.0,19522410.0,7482860.0,7801610.0,3088940.0,3675710.0,22267000.0,20022000.0,20955000.0,22143000.0,8474000.0,8858000.0,3510000.0,4184000.0
20220602,-4485150.0,18760980.0,13826200.0,16053210.0,16502850.0,7430400.0,11987670.0,2348190.0,2276070.0,20520000.0,15114000.0,17554000.0,18073000.0,8106000.0,13075000.0,2552000.0,2470000.0
20220606,-9134840.0,26104430.0,23494570.0,34242350.0,27717370.0,10457420.0,17832900.0,919430.0,2678790.0,27161000.0,24458000.0,35667000.0,28864000.0,10897000.0,18585000.0,959000.0,2778000.0
20220607,261990.0,13854320.0,15372420.0,15589610.0,14333480.0,6578860.0,6627660.0,1616110.0,1305320.0,14996000.0,16635000.0,16865000.0,15507000.0,7116000.0,7177000.0,1757000.0,1416000.0
20220608,-1392230.0,18284090.0,13711420.0,14676800.0,17857240.0,5702340.0,5830000.0,1465050.0,2729620.0,20236000.0,15159000.0,16239000.0,19771000.0,6317000.0,6455000.0,1615000.0,3021000.0
20220609,-2540570.0,14569450.0,11829070.0,12572140.0,12771950.0,3357170.0,6858580.0,1955340.0,994500.0,16470000.0,13360000.0,14197000.0,14433000.0,3801000.0,7762000.0,2220000.0,1132000.0
20220610,-3240290.0,26489200.0,24025140.0,28981050.0,28204820.0,8675360.0,14624970.0,9532400.0,6823080.0,29158000.0,26440000.0,31934000.0,31071000.0,9567000.0,16105000.0,10454000.0,7498000.0
20220613,-2623220.0,18168630.0,15770120.0,14931670.0,14706960.0,6092630.0,8304200.0,3686970.0,4098620.0,19965000.0,17338000.0,16434000.0,16181000.0,6710000.0,9129000.0,4056000.0,4517000.0
20220614,-640620.0,16247400.0,14167750.0,10875420.0,12314440.0,4597980.0,5361150.0,3487330.0,3364780.0,18141000.0,15814000.0,12153000.0,13748000.0,5136000.0,5985000.0,3875000.0,3757000.0
20220615,572390.0,15236100.0,17090120.0,14519990.0,13238360.0,7202660.0,7144660.0,3183900.0,2669510.0,17126000.0,19212000.0,16339000.0,14880000.0,8093000.0,8057000.0,3603000.0,3013000.0
20220616,-1036830.0,13967210.0,11656410.0,11299150.0,12573120.0,4377890.0,5495510.0,960950.0,880160.0,15948000.0,13314000.0,12908000.0,14355000.0,5005000.0,6287000.0,1100000.0,1005000.0
20220617,-1758660.0,14275280.0,11827840.0,10342710.0,11031490.0,5186230.0,5824580.0,1960380.0,3080690.0,16514000.0,13683000.0,11977000.0,12753000.0,6008000.0,6752000.0,2268000.0,3579000.0
20220620,-2184380.0,19202410.0,14181280.0,12880460.0,15717220.0,6726070.0,7441060.0,2153620.0,3623010.0,21490000.0,15883000.0,14408000.0,17582000.0,7539000.0,8325000.0,2405000.0,4051000.0
20220621,473020.0,10381520.0,9413550.0,7377930.0,8818920.0,4688770.0,3878450.0,212600.0,549900.0,11706000.0,10603000.0,8310000.0,9935000.0,5272000.0,4369000.0,240000.0,621000.0
20220622,2061780.0,12712760.0,13874140.0,12546460.0,13446860.0,7428600.0,5825560.0,1876600.0,1417860.0,14536000.0,15864000.0,14359000.0,15385000.0,8490000.0,6659000.0,2139000.0,1615000.0
20220623,4304510.0,17329100.0,16310500.0,15923810.0,21246920.0,11643690.0,11432270.0,8428520.0,4335430.0,19322000.0,18185000.0,17716000.0,23569000.0,12879000.0,12623000.0,9236000.0,4777000.0
20220624,-553610.0,22817220.0,18238560.0,18775470.0,22800520.0,12744020.0,11976350.0,3169230.0,4490510.0,23658000.0,18928000.0,19488000.0,23665000.0,13222000.0,12412000.0,3281000.0,4645000.0
20220627,5480160.0,18390750.0,25558320.0,16409200.0,14721800.0,10644120.0,6322400.0,2347550.0,1189110.0,19476000.0,27072000.0,17363000.0,15578000.0,11272000.0,6684000.0,2482000.0,1258000.0
20220628,-343210.0,11340310.0,11433630.0,10679790.0,10243260.0,8195630.0,6406100.0,1062520.0,3195260.0,11841000.0,11932000.0,11148000.0,10690000.0,8548000.0,6685000.0,1109000.0,3339000.0
20220629,-1782710.0,11156720.0,10278960.0,11521150.0,10616200.0,5043600.0,6520270.0,1163820.0,1469860.0,11925000.0,10970000.0,12323000.0,11346000.0,5380000.0,6978000.0,1257000.0,1591000.0
20220630,-2359960.0,14192260.0,12086370.0,12852270.0,12598200.0,7166590.0,5857680.0,2034740.0,5703610.0,15287000.0,13024000.0,13862000.0,13551000.0,7718000.0,6292000.0,2178000.0,6177000.0
20220701,1402590.0,12385460.0,13701330.0,14456200.0,14542920.0,6330560.0,6178320.0,1805790.0,555440.0,13248000.0,14651000.0,15440000.0,15533000.0,6757000.0,6605000.0,1941000.0,596000.0
20220704,276280.0,25582870.0,24465940.0,30851650.0,32244860.0,25861140.0,22286330.0,8789000.0,12087530.0,25596000.0,24590000.0,30822000.0,32201000.0,25846000.0,22276000.0,8855000.0,12052000.0
20220705,5876110.0,17583460.0,23505820.0,22525200.0,22478950.0,16340700.0,10811060.0,4314150.0,3967680.0,17240000.0,23035000.0,22069000.0,22008000.0,15969000.0,10570000.0,4203000.0,3867000.0
20220706,1751700.0,17431690.0,15694200.0,15651510.0,19140690.0,11707240.0,8514900.0,5674300.0,7114940.0,16964000.0,15261000.0,15235000.0,18627000.0,11392000.0,8280000.0,5521000.0,6944000.0
20220707,2133580.0,13052680.0,13896460.0,15459110.0,16748910.0,10380640.0,8411220.0,2937540.0,2773380.0,12624000.0,13435000.0,14939000.0,16171000.0,9994000.0,8110000.0,2826000.0,2667000.0
20220708,-1482350.0,14057100.0,11756760.0,14827070.0,15645070.0,9755760.0,10555630.0,3568990.0,4251470.0,14023000.0,11724000.0,14796000.0,15596000.0,9734000.0,10545000.0,3557000.0,4245000.0
20220711,-4486820.0,14099870.0,10002130.0,11856700.0,11467610.0,10356480.0,9971330.0,1026530.0,5898500.0,14497000.0,10290000.0,12202000.0,11795000.0,10661000.0,10265000.0,1058000.0,6069000.0
20220712,-4144150.0,17595050.0,14877130.0,15130140.0,13703910.0,5971450.0,8763600.0,862550.0,2214550.0,18169000.0,15355000.0,15606000.0,14127000.0,6162000.0,9057000.0,891000.0,2288000.0
20220713,-2073280.0,14643980.0,15375900.0,15463120.0,12657900.0,8694550.0,9178600.0,2825000.0,4414230.0,15039000.0,15777000.0,15870000.0,13008000.0,8920000.0,9437000.0,2914000.0,4521000.0
20220714,1680550.0,11557720.0,13234630.0,14947860.0,14951500.0,8473740.0,5919010.0,375080.0,1249260.0,11715000.0,13413000.0,15137000.0,15144000.0,8572000.0,5985000.0,378000.0,1260000.0
20220715,112790.0,12851890.0,11218400.0,11060480.0,12806770.0,5533550.0,4080580.0,522990.0,1863170.0,13099000.0,11428000.0,11261000.0,13035000.0,5630000.0,4160000.0,538000.0,1905000.0
20220718,1423990.0,21375730.0,22378630.0,24965860.0,25386940.0,11281610.0,10026070.0,1387180.0,1218730.0,22159000.0,23197000.0,25896000.0,26367000.0,11747000.0,10428000.0,1464000.0,1274000.0
20220719,1394180.0,11101630.0,12670990.0,11473930.0,11298740.0,7024560.0,6099960.0,1594550.0,1124970.0,11432000.0,13061000.0,11831000.0,11651000.0,7218000.0,6254000.0,1638000.0,1152000.0
20220720,1283800.0,10401110.0,12109580.0,10697780.0,10273100.0,5833130.0,5360720.0,1460860.0,649470.0,10510000.0,12243000.0,10808000.0,10375000.0,5888000.0,5405000.0,1471000.0,654000.0
20220721,392300.0,13272540.0,14214050.0,22672370.0,22123140.0,16411260.0,11279350.0,2558390.0,7298000.0,12982000.0,13903000.0,22156000.0,21633000.0,16042000.0,11027000.0,2487000.0,7105000.0
20220722,-2346510.0,10544960.0,12972200.0,15888530.0,11114770.0,5689810.0,6409380.0,1874930.0,3501870.0,10285000.0,12672000.0,15451000.0,10792000.0,5529000.0,6229000.0,1806000.0,3378000.0
20220725,182050.0,9559400.0,10740180.0,7398970.0,6400250.0,4361810.0,3053710.0,789850.0,1915900.0,9428000.0,10596000.0,7305000.0,6302000.0,4304000.0,3010000.0,778000.0,1908000.0
20220726,2554890.0,9392660.0,13421540.0,10332260.0,8858270.0,6125610.0,3731640.0,692810.0,531890.0,9201000.0,13153000.0,10134000.0,8671000.0,5990000.0,3656000.0,676000.0,521000.0
20220727,166650.0,8276620.0,9757590.0,9731180.0,8416860.0,4867250.0,4596380.0,1076840.0,1181060.0,8057000.0,9499000.0,9468000.0,8188000.0,4737000.0,4474000.0,1048000.0,1149000.0
20220728,-327790.0,10689560.0,11065950.0,12657310.0,11953130.0,6652830.0,5650600.0,1247660.0,2577680.0,10401000.0,10782000.0,12342000.0,11648000.0,6477000.0,5505000.0,1210000.0,2495000.0
20220729,1041320.0,16564520.0,19134260.0,22806910.0,21278490.0,16733920.0,10921980.0,849070.0,5619690.0,16623000.0,19203000.0,22868000.0,21338000.0,16789000.0,10958000.0,847000.0,5629000.0
20220801,2390840.0,21855560.0,26123970.0,23310280.0,21432710.0,11706660.0,7399740.0,508570.0,2424650.0,22279000.0,26621000.0,23754000.0,21815000.0,11941000.0,7547000.0,520000.0,2512000.0
20220802,2252760.0,18716930.0,17777440.0,19506600.0,22698860.0,12622680.0,9393450.0,3307490.0,4283960.0,18706000.0,17759000.0,19487000.0,22671000.0,12608000.0,9377000.0,3290000.0,4282000.0
20220803,7470840.0,14501940.0,18910540.0,24304210.0,27366460.0,19750950.0,17630070.0,10441840.0,5091880.0,14198000.0,18468000.0,23740000.0,26682000.0,19192000.0,17180000.0,10153000.0,4951000.0
20220804,10763260.0,15323100.0,20438880.0,20865920.0,26513400.0,24733180.0,13626460.0,6685080.0,7028540.0,14749000.0,19637000.0,20083000.0,25520000.0,23767000.0,13108000.0,6415000.0,6748000.0
20220805,3509600.0,13055200.0,18698350.0,16495810.0,14362260.0,9347660.0,7718590.0,7840890.0,5960360.0,12501000.0,17899000.0,15781000.0,13735000.0,8940000.0,7368000.0,7477000.0,5696000.0
20220808,-386180.0,11522170.0,13946850.0,19002550.0,16191680.0,8042020.0,7239950.0,4205870.0,5394120.0,10633000.0,12881000.0,17540000.0,14954000.0,7426000.0,6675000.0,3867000.0,4956000.0
20220809,-116900.0,10085210.0,11255790.0,13635780.0,12348300.0,7518230.0,6282160.0,2045270.0,3398240.0,9362000.0,10436000.0,12635000.0,11441000.0,6963000.0,5822000.0,1896000.0,3156000.0
20220810,688660.0,10169040.0,11911280.0,19619620.0,18566030.0,18640890.0,11816880.0,8681510.0,14816860.0,9029000.0,10577000.0,17422000.0,16487000.0,16529000.0,10488000.0,7659000.0,13089000.0
20220811,2309180.0,9431200.0,12639450.0,13740090.0,12841030.0,11839580.0,8643820.0,1626900.0,2513480.0,8341000.0,11180000.0,12157000.0,11352000.0,10479000.0,7651000.0,1435000.0,2230000.0
20220812,1455090.0,14150890.0,15329100.0,18088650.0,18365530.0,13577250.0,8989650.0,1562070.0,4694580.0,12973000.0,14055000.0,16578000.0,16828000.0,12456000.0,8241000.0,1442000.0,4326000.0
20220815,1509660.0,11017520.0,10366430.0,11658810.0,13819560.0,7455240.0,5882560.0,2221450.0,2284470.0,10066000.0,9459000.0,10646000.0,12610000.0,6803000.0,5380000.0,2029000.0,2095000.0
20220816,-1200870.0,11361480.0,9417250.0,9880300.0,10623660.0,5355160.0,6272590.0,1096910.0,1380350.0,10239000.0,8479000.0,8896000.0,9561000.0,4824000.0,5653000.0,979000.0,1245000.0
20220817,-666330.0,13269350.0,14671580.0,15732400.0,13663850.0,7061180.0,6763780.0,1733950.0,2697680.0,12261000.0,13570000.0,14553000.0,12621000.0,6551000.0,6268000.0,1610000.0,2516000.0
20220818,-262390.0,9175980.0,8358330.0,10373760.0,10929020.0,4928160.0,4570150.0,303560.0,923960.0,8455000.0,7702000.0,9558000.0,10067000.0,4538000.0,4208000.0,280000.0,854000.0
20220819,459870.0,9313760.0,11633340.0,13277830.0,11418120.0,6380300.0,5627800.0,786520.0,1079150.0,8572000.0,10709000.0,12216000.0,10503000.0,5874000.0,5181000.0,721000.0,990000.0
20220822,-15808690.0,36783510.0,22072770.0,45020340.0,43922390.0,30898870.0,36910350.0,16214500.0,26011710.0,31952000.0,19208000.0,39124000.0,38233000.0,26929000.0,32148000.0,14110000.0,22526000.0
20220823,865660.0,24787680.0,27278470.0,26433750.0,24808610.0,9478900.0,9030840.0,5665900.0,5248300.0,21939000.0,24158000.0,23397000.0,21936000.0,8375000.0,7990000.0,5015000.0,4641000.0
20220824,-1654130.0,18276740.0,16629630.0,17897720.0,17890710.0,11514510.0,12610740.0,2534440.0,3092340.0,16650000.0,15116000.0,16314000.0,16272000.0,10459000.0,11507000.0,2299000.0,2827000.0
20220825,-3962850.0,18392390.0,13742060.0,17037290.0,17724780.0,8846010.0,9015350.0,4132440.0,7925950.0,17100000.0,12765000.0,15819000.0,16455000.0,8231000.0,8390000.0,3838000.0,7378000.0
20220826,387170.0,13224470.0,14129630.0,20376860.0,19858870.0,9941190.0,8327720.0,1554990.0,2781290.0,12465000.0,13308000.0,19185000.0,18701000.0,9370000.0,7851000.0,1464000.0,2623000.0
20220829,-7862010.0,22438700.0,16632600.0,25174950.0,23119040.0,10835710.0,17957980.0,2207840.0,2947580.0,21154000.0,15669000.0,23736000.0,21786000.0,10222000.0,16958000.0,2082000.0,2781000.0
20220830,1715180.0,16929380.0,15943310.0,12026420.0,14727680.0,6227770.0,4235930.0,983860.0,1260520.0,16260000.0,15301000.0,11551000.0,14144000.0,5980000.0,4073000.0,946000.0,1220000.0
20220831,-3117320.0,14880580.0,12330730.0,12101690.0,11534220.0,4450480.0,5918590.0,1568850.0,3218060.0,14428000.0,11954000.0,11737000.0,11177000.0,4329000.0,5752000.0,1539000.0,3152000.0
20220901,-1319100.0,13776250.0,13050280.0,14738060.0,14144940.0,6533410.0,7300870.0,1226160.0,1777800.0,13288000.0,12590000.0,14219000.0,13652000.0,6298000.0,7033000.0,1179000.0,1710000.0
20220902,154830.0,16037650.0,16451010.0,14731340.0,14472800.0,5440950.0,5700100.0,1040500.0,626520.0,15245000.0,15666000.0,13999000.0,13747000.0,5182000.0,5411000.0,995000.0,597000.0
20220905,-1520830.0,16523650.0,17556680.0,21375980.0,18822120.0,10818090.0,9423410.0,2448010.0,5363520.0,15245000.0,16191000.0,19713000.0,17349000.0,9951000.0,8684000.0,2239000.0,4924000.0
20220906,-2798110.0,16025370.0,15355550.0,16225830.0,14097550.0,6603550.0,9290290.0,525280.0,636650.0,14369000.0,13782000.0,14568000.0,12646000.0,5921000.0,8333000.0,471000.0,568000.0
20220907,914050.0,10735670.0,12031670.0,11530260.0,11148300.0,5079390.0,5505380.0,2152790.0,812750.0,9600000.0,10763000.0,10318000.0,9971000.0,4537000.0,4916000.0,1920000.0,725000.0
20220908,-4062900.0,17327420.0,14957980.0,20886180.0,19192730.0,7768070.0,9106760.0,2313350.0,5037560.0,15134000.0,13050000.0,18212000.0,16749000.0,6762000.0,7949000.0,2016000.0,4377000.0
20220909,-2173660.0,13865230.0,14045340.0,13819790.0,11466010.0,4518430.0,5456390.0,1454220.0,2689920.0,12082000.0,12238000.0,12030000.0,9981000.0,3930000.0,4752000.0,1268000.0,2339000.0
20220913,1052300.0,13018900.0,14145360.0,10936750.0,10862580.0,4778160.0,4182820.0,683850.0,226890.0,11486000.0,12488000.0,9651000.0,9581000.0,4216000.0,3688000.0,604000.0,200000.0
20220914,-2398560.0,13168670.0,11519430.0,15413440.0,14664110.0,10146100.0,13521040.0,3121340.0,2144960.0,11466000.0,10034000.0,13413000.0,12764000.0,8823000.0,11748000.0,2707000.0,1863000.0
20220915,2255060.0,14074380.0,17309660.0,18741830.0,17761610.0,9083310.0,8121780.0,4280220.0,2986690.0,12582000.0,15461000.0,16761000.0,15877000.0,8112000.0,7266000.0,3830000.0,2682000.0
20220916,1736710.0,14434760.0,13666720.0,21168870.0,23673630.0,10622550.0,9966240.0,2744650.0,1664250.0,12696000.0,12025000.0,18597000.0,20788000.0,9313000.0,8745000.0,2413000.0,1462000.0
20220919,-2055620.0,15786280.0,14966980.0,17916240.0,16679920.0,6586500.0,7187350.0,2568580.0,4023350.0,14109000.0,13373000.0,15987000.0,14877000.0,5851000.0,6403000.0,2271000.0,3566000.0
20220920,-1769830.0,14906020.0,14652390.0,14225770.0,12709560.0,3619830.0,4330130.0,1815780.0,2875310.0,13429000.0,13209000.0,12844000.0,11472000.0,3272000.0,3916000.0,1644000.0,2592000.0
20220921,-422930.0,13542620.0,13890880.0,12869770.0,12098570.0,4808260.0,4444190.0,1649840.0,2436840.0,12188000.0,12522000.0,11605000.0,10892000.0,4337000.0,4014000.0,1483000.0,2185000.0
20220922,-1092450.0,13278260.0,14584200.0,21508960.0,19110580.0,6690350.0,6430770.0,2038490.0,3390520.0,11618000.0,12763000.0,18806000.0,16710000.0,5868000.0,5615000.0,1781000.0,2984000.0
20220923,-865950.0,13302580.0,14752190.0,17168220.0,14852640.0,5509820.0,6171280.0,641840.0,846330.0,11570000.0,12833000.0,14930000.0,12909000.0,4790000.0,5370000.0,558000.0,736000.0
20220926,-1940130.0,16286740.0,14844730.0,14868990.0,14370870.0,6272110.0,7176300.0,626810.0,1662750.0,14362000.0,13095000.0,13112000.0,12671000.0,5535000.0,6331000.0,557000.0,1469000.0
20220927,965800.0,13382030.0,13990490.0,12360420.0,12717770.0,6150070.0,5558300.0,2084740.0,1710710.0,11789000.0,12301000.0,10884000.0,11204000.0,5418000.0,4900000.0,1830000.0,1515000.0
20220928,501700.0,15995490.0,16045320.0,10047250.0,10499120.0,5168230.0,5222200.0,1065750.0,510080.0,14408000.0,14452000.0,9048000.0,9444000.0,4644000.0,4692000.0,948000.0,459000.0
20220929,-7086780.0,14110460.0,9363630.0,12256310.0,9916370.0,7478580.0,6980930.0,1028560.0,8612990.0,12607000.0,8367000.0,10950000.0,8865000.0,6682000.0,6238000.0,920000.0,7689000.0
20220930,-2488210.0,14917980.0,13607490.0,17938720.0,16761000.0,6413330.0,7858370.0,1284000.0,2327170.0,13793000.0,12576000.0,16555000.0,15482000.0,5931000.0,7269000.0,1185000.0,2137000.0
20221010,-3908540.0,21659140.0,19936140.0,18846590.0,16661040.0,5967210.0,7900370.0,463100.0,2438480.0,20996000.0,19316000.0,18299000.0,16173000.0,5798000.0,7694000.0,445000.0,2355000.0
20221011,-3771930.0,20716240.0,15344300.0,14572730.0,16172740.0,5107460.0,8338240.0,893640.0,1434790.0,19728000.0,14584000.0,13847000.0,15378000.0,4856000.0,7938000.0,851000.0,1381000.0
20221012,1871590.0,16140080.0,18191250.0,17485220.0,17305640.0,7067010.0,7647350.0,6075300.0,3623370.0,15204000.0,17132000.0,16450000.0,16205000.0,6560000.0,7097000.0,5570000.0,3349000.0
20221013,-1080000.0,16781210.0,16582100.0,12223120.0,11342220.0,3683850.0,3948900.0,279220.0,1094170.0,15013000.0,14843000.0,10959000.0,10170000.0,3311000.0,3542000.0,250000.0,978000.0
20221014,2483950.0,11282990.0,14132120.0,14653560.0,14288380.0,9208150.0,5706890.0,2324560.0,3341870.0,9890000.0,12393000.0,12843000.0,12511000.0,8053000.0,4991000.0,2029000.0,2920000.0
20221017,-547860.0,19807520.0,17292770.0,23792570.0,25759450.0,8407600.0,8493320.0,2995890.0,3458030.0,16987000.0,14807000.0,20340000.0,22076000.0,7164000.0,7237000.0,2561000.0,2932000.0
20221018,308780.0,8420650.0,9393880.0,8854370.0,8189930.0,5273200.0,3533420.0,807590.0,2238590.0,7168000.0,7997000.0,7535000.0,6967000.0,4483000.0,3002000.0,684000.0,1903000.0
20221019,-3247350.0,9479110.0,7643400.0,9716830.0,8305180.0,5539930.0,5642580.0,1309100.0,4453800.0,8064000.0,6499000.0,8260000.0,7056000.0,4697000.0,4790000.0,1119000.0,3795000.0
20221020,1051250.0,14384490.0,16331340.0,17402300.0,16506690.0,7815190.0,6274200.0,917440.0,1407180.0,12236000.0,13890000.0,14788000.0,14020000.0,6623000.0,5320000.0,778000.0,1194000.0
20221021,12506120.0,36555490.0,43177010.0,60057490.0,65942100.0,40512200.0,41951360.0,25908020.0,11962740.0,32995000.0,38991000.0,54225000.0,59497000.0,36609000.0,37889000.0,23298000.0,10750000.0
20221024,2921890.0,26156250.0,33113760.0,35679090.0,31643460.0,22095870.0,23241880.0,9273870.0,5205970.0,22657000.0,28642000.0,30889000.0,27327000.0,19052000.0,20137000.0,8022000.0,4513000.0
20221025,2898740.0,22399350.0,21784300.0,20790130.0,24303910.0,13667420.0,9672010.0,2800490.0,3897160.0,19355000.0,18834000.0,17938000.0,20998000.0,11801000.0,8314000.0,2392000.0,3341000.0
20221026,1895420.0,21315650.0,24181590.0,20329770.0,19359250.0,10990200.0,9070480.0,1561750.0,1586050.0,18811000.0,21344000.0,17942000.0,17083000.0,9709000.0,8009000.0,1380000.0,1407000.0
20221027,4171710.0,30731030.0,30832490.0,24202220.0,28272470.0,12013650.0,10095140.0,6308060.0,4054860.0,27708000.0,27828000.0,21825000.0,25437000.0,10824000.0,9100000.0,5679000.0,3671000.0
20221028,4851420.0,17143740.0,17019400.0,17327770.0,22303530.0,10413350.0,5672340.0,563880.0,453470.0,15244000.0,15126000.0,15411000.0,19834000.0,9251000.0,5043000.0,500000.0,403000.0
20221031,4960310.0,21065580.0,26077780.0,28993010.0,28941120.0,10060810.0,10586400.0,5870430.0,384530.0,18228000.0,22577000.0,25061000.0,25039000.0,8758000.0,9177000.0,5074000.0,330000.0
20221101,6347100.0,18818060.0,24243410.0,19234410.0,20156160.0,10532780.0,6973080.0,4496640.0,1709240.0,16544000.0,21334000.0,16918000.0,17699000.0,9274000.0,6120000.0,3931000.0,1513000.0
20221102,4149210.0,27859070.0,30500530.0,41830890.0,43338630.0,27271090.0,25461260.0,8191940.0,5852560.0,25868000.0,28346000.0,38889000.0,40265000.0,25390000.0,23704000.0,7573000.0,5406000.0
20221103,-3491370.0,25136210.0,23156070.0,26246270.0,24735040.0,11873960.0,12475760.0,1569240.0,4458810.0,23072000.0,21250000.0,24113000.0,22714000.0,10923000.0,11474000.0,1442000.0,4112000.0
20221104,242180.0,20528820.0,17118810.0,25172550.0,28824740.0,14525690.0,13671820.0,1872980.0,2484670.0,19248000.0,16049000.0,23610000.0,27019000.0,13612000.0,12821000.0,1757000.0,2337000.0
20221107,10207330.0,21448320.0,23628020.0,32628490.0,40656120.0,19138420.0,12334330.0,4806400.0,1403160.0,20454000.0,22515000.0,31129000.0,38807000.0,18246000.0,11724000.0,4543000.0,1326000.0
20221108,1496610.0,16986770.0,18600370.0,16876500.0,16759510.0,8009660.0,7671190.0,1848860.0,690720.0,16249000.0,17795000.0,16144000.0,16028000.0,7661000.0,7341000.0,1771000.0,661000.0
20221109,2136590.0,15277620.0,18221880.0,19186760.0,18379100.0,12634980.0,10779940.0,3456690.0,3175140.0,14375000.0,17153000.0,18024000.0,17244000.0,11843000.0,10092000.0,3224000.0,2976000.0
20221110,1065710.0,10302190.0,12109020.0,16725110.0,15984010.0,7171150.0,7496830.0,3581410.0,2190020.0,9860000.0,11580000.0,16010000.0,15304000.0,6855000.0,7174000.0,3435000.0,2103000.0
20221111,-3304950.0,18410310.0,15759640.0,24517440.0,23863170.0,13140110.0,16332080.0,5295800.0,5408780.0,17879000.0,15297000.0,23844000.0,23196000.0,12784000.0,15888000.0,5151000.0,5277000.0
20221114,200390.0,18397960.0,19906480.0,18482550.0,17174420.0,8165910.0,7627550.0,818040.0,1156010.0,18112000.0,19591000.0,18195000.0,16897000.0,8036000.0,7511000.0,800000.0,1144000.0
20221115,3480300.0,13627060.0,15754480.0,18032400.0,19385280.0,10805380.0,8172220.0,1814290.0,967150.0,13216000.0,15285000.0,17496000.0,18814000.0,10488000.0,7920000.0,1758000.0,939000.0
20221116,1301900.0,12419820.0,12907560.0,18950590.0,19764750.0,10992640.0,10412240.0,3076390.0,2354890.0,12153000.0,12618000.0,18553000.0,19366000.0,10777000.0,10210000.0,3040000.0,2330000.0
20221117,-4285980.0,16338650.0,13309870.0,18855640.0,17598440.0,7127910.0,9484990.0,1436130.0,3365030.0,16264000.0,13232000.0,18767000.0,17501000.0,7086000.0,9447000.0,1440000.0,3377000.0
20221118,-552730.0,13102410.0,13644830.0,12395870.0,11300710.0,5801580.0,7168720.0,1767720.0,953310.0,12789000.0,13316000.0,12082000.0,11015000.0,5646000.0,6975000.0,1717000.0,927000.0
20221121,251840.0,12214890.0,12610980.0,10941820.0,10797570.0,4435290.0,4357840.0,1661680.0,1487290.0,11910000.0,12299000.0,10671000.0,10527000.0,4324000.0,4249000.0,1622000.0,1451000.0
20221122,864140.0,15244620.0,16169320.0,16615970.0,16555410.0,7881070.0,7605390.0,2776930.0,2188470.0,14755000.0,15655000.0,16072000.0,16013000.0,7612000.0,7348000.0,2684000.0,2106000.0
20221123,-448100.0,24914600.0,24800740.0,29711150.0,29376910.0,11144880.0,12097110.0,3205720.0,2701590.0,24814000.0,24717000.0,29630000.0,29284000.0,11134000.0,12064000.0,3184000.0,2698000.0
20221124,-3802440.0,12819130.0,9904880.0,10313800.0,9425620.0,3542720.0,5977190.0,923020.0,2290990.0,12432000.0,9607000.0,9997000.0,9135000.0,3433000.0,5791000.0,896000.0,2223000.0
20221125,-1010990.0,8759340.0,8342880.0,7936240.0,7341720.0,2441980.0,3359820.0,210350.0,303500.0,8640000.0,8230000.0,7828000.0,7242000.0,2405000.0,3312000.0,209000.0,298000.0
20221128,-1954930.0,12686130.0,12453230.0,9591330.0,7869310.0,2565670.0,4163740.0,399670.0,756530.0,12671000.0,12433000.0,9595000.0,7878000.0,2575000.0,4174000.0,403000.0,760000.0
20221129,-1942180.0,25141500.0,20699100.0,25736620.0,28236840.0,11127290.0,12999440.0,3949480.0,4019510.0,25917000.0,21295000.0,26525000.0,29136000.0,11482000.0,13418000.0,4083000.0,4159000.0
20221130,232190.0,20724100.0,14897850.0,19128900.0,25187350.0,7363410.0,6807190.0,1720980.0,2045010.0,21394000.0,15379000.0,19738000.0,25984000.0,7593000.0,7025000.0,1769000.0,2105000.0
20221201,-146150.0,16178830.0,16621930.0,19753640.0,19164400.0,6527290.0,6353050.0,481230.0,801620.0,16452000.0,16900000.0,20090000.0,19495000.0,6638000.0,6461000.0,487000.0,811000.0
20221202,-1002150.0,10376410.0,10395800.0,10392510.0,9370950.0,2930450.0,4090180.0,731410.0,573830.0,10522000.0,10543000.0,10536000.0,9496000.0,2972000.0,4148000.0,741000.0,583000.0
20221205,-1643440.0,15510940.0,14476090.0,18799560.0,18190970.0,7178600.0,7497370.0,2075280.0,3399950.0,16095000.0,15006000.0,19491000.0,18876000.0,7455000.0,7790000.0,2155000.0,3525000.0
20221206,-1824520.0,14129210.0,11436040.0,13199560.0,14068210.0,5114790.0,6611320.0,387280.0,715270.0,14623000.0,11808000.0,13652000.0,14554000.0,5291000.0,6868000.0,395000.0,732000.0
20221207,1298010.0,12568170.0,13526000.0,10343430.0,10683600.0,4611790.0,3249680.0,679990.0,744090.0,12701000.0,13670000.0,10441000.0,10782000.0,4645000.0,3273000.0,688000.0,751000.0
20221208,-1139070.0,14313940.0,11798910.0,9134080.0,10510040.0,3750170.0,5344880.0,1631770.0,1176130.0,14737000.0,12145000.0,9412000.0,10825000.0,3864000.0,5516000.0,1678000.0,1204000.0
20221209,624440.0,18742810.0,19379140.0,14635360.0,14623470.0,5087910.0,4629560.0,1309170.0,1143080.0,19661000.0,20334000.0,15367000.0,15344000.0,5343000.0,4867000.0,1377000.0,1202000.0
20221212,-411360.0,14177690.0,13783200.0,21222670.0,21205800.0,7018670.0,9114950.0,2120240.0,435320.0,14480000.0,14087000.0,21678000.0,21660000.0,7163000.0,9276000.0,2142000.0,440000.0
20221213,2857720.0,11868470.0,15262070.0,19243340.0,18707460.0,11598490.0,11314600.0,5271530.0,2697700.0,11794000.0,15153000.0,19092000.0,18562000.0,11495000.0,11217000.0,5222000.0,2670000.0
20221214,1947790.0,17349590.0,18189270.0,17962290.0,19070390.0,9578860.0,6903690.0,2306620.0,3034000.0,17404000.0,18333000.0,18023000.0,19132000.0,9573000.0,6833000.0,2249000.0,2952000.0
20221215,-1154160.0,9566360.0,8758640.0,8574970.0,8228530.0,2648520.0,4036480.0,435520.0,201720.0,9911000.0,9080000.0,8899000.0,8532000.0,2748000.0,4186000.0,446000.0,208000.0
20221216,-1332960.0,9647810.0,7753200.0,10102750.0,10664400.0,4235400.0,5513160.0,1133130.0,1188330.0,10220000.0,8200000.0,10684000.0,11284000.0,4481000.0,5837000.0,1198000.0,1261000.0
20221219,-533810.0,11159790.0,8365310.0,6526600.0,8787260.0,1851760.0,2706130.0,651130.0,330570.0,11773000.0,8829000.0,6887000.0,9268000.0,1954000.0,2856000.0,688000.0,348000.0
20221220,-2971970.0,10486710.0,8808870.0,7617120.0,6323000.0,3262640.0,1937380.0,285260.0,4582490.0,11056000.0,9284000.0,8031000.0,6662000.0,3449000.0,2041000.0,302000.0,4851000.0
20221221,-1040140.0,11867800.0,11042050.0,8431580.0,8217200.0,1926300.0,2208550.0,465410.0,1223300.0,12563000.0,11687000.0,8923000.0,8698000.0,2036000.0,2337000.0,489000.0,1289000.0
20221222,-1006760.0,12148510.0,11223860.0,11909950.0,11827830.0,4453210.0,3999560.0,2209920.0,3670330.0,13018000.0,12025000.0,12785000.0,12692000.0,4794000.0,4303000.0,2361000.0,3938000.0
20221223,-2833770.0,13000580.0,13086790.0,9454330.0,6534340.0,2520770.0,3609290.0,100400.0,1845650.0,14407000.0,14505000.0,10470000.0,7225000.0,2788000.0,3998000.0,110000.0,2046000.0
20221226,-1801760.0,13154830.0,11363290.0,10716700.0,10706490.0,4141920.0,4164390.0,276540.0,2055830.0,14114000.0,12199000.0,11496000.0,11467000.0,4446000.0,4470000.0,295000.0,2214000.0
20221227,-2618560.0,9587650.0,7328700.0,9854780.0,9495180.0,3997830.0,4636820.0,690570.0,2670140.0,9990000.0,7627000.0,10275000.0,9893000.0,4173000.0,4825000.0,714000.0,2807000.0
20221228,313270.0,9762270.0,10690260.0,9067880.0,8453170.0,3198600.0,2747440.0,702170.0,840060.0,10201000.0,11183000.0,9462000.0,8821000.0,3337000.0,2864000.0,738000.0,870000.0
20221229,-693670.0,8856800.0,7647710.0,7640180.0,8155610.0,3987180.0,4023470.0,799010.0,1456390.0,9214000.0,7945000.0,7949000.0,8487000.0,4154000.0,4194000.0,833000.0,1524000.0
20221230,1764020.0,10754850.0,12614910.0,9528720.0,9432690.0,4864530.0,3431900.0,1040140.0,708750.0,11301000.0,13247000.0,10017000.0,9901000.0,5100000.0,3610000.0,1089000.0,749000.0
20230103,341540.0,17224640.0,15342200.0,14170080.0,16394050.0,7560680.0,7114070.0,3021540.0,3126610.0,17423000.0,15522000.0,14354000.0,16599000.0,7697000.0,7242000.0,3087000.0,3198000.0
20230104,4152710.0,14148760.0,18103810.0,12592900.0,12790550.0,6724510.0,4506270.0,2474540.0,540070.0,14280000.0,18273000.0,12693000.0,12877000.0,6762000.0,4522000.0,2480000.0,542000.0
20230105,1496830.0,11989320.0,11516050.0,8705250.0,10675350.0,3837040.0,4102710.0,2106050.0,343550.0,12083000.0,11609000.0,8777000.0,10758000.0,3867000.0,4136000.0,2122000.0,346000.0
20230106,564030.0,11177440.0,9114160.0,12709530.0,15336840.0,3824560.0,4661070.0,2525130.0,1124590.0,11283000.0,9198000.0,12801000.0,15469000.0,3867000.0,4708000.0,2549000.0,1124000.0
20230109,-1226650.0,21086510.0,19102980.0,17965350.0,18722220.0,7940190.0,9982950.0,2220860.0,1404750.0,22017000.0,19977000.0,18805000.0,19573000.0,8285000.0,10407000.0,2309000.0,1459000.0
20230110,541560.0,11039380.0,11116100.0,7367080.0,7831920.0,3822370.0,3542550.0,938140.0,676400.0,11627000.0,11705000.0,7756000.0,8248000.0,4025000.0,3732000.0,988000.0,710000.0
20230111,-187180.0,14984860.0,16506400.0,10497650.0,8788930.0,4966420.0,5820510.0,2433550.0,1766640.0,15780000.0,17382000.0,11050000.0,9244000.0,5235000.0,6140000.0,2561000.0,1860000.0
20230112,-794750.0,19026040.0,16050660.0,19783090.0,21963710.0,11486260.0,9963360.0,2508180.0,4825830.0,20510000.0,17243000.0,21312000.0,23642000.0,12346000.0,10727000.0,2698000.0,5255000.0
20230113,-7245250.0,19841350.0,12949170.0,19984770.0,19631690.0,10807490.0,16466320.0,2526590.0,4113010.0,22018000.0,14353000.0,22174000.0,21789000.0,11983000.0,18274000.0,2785000.0,4543000.0
20230116,-928640.0,16846080.0,13686430.0,18898870.0,21129880.0,9461510.0,11469350.0,2558190.0,1478990.0,18764000.0,15242000.0,21078000.0,23562000.0,10554000.0,12793000.0,2852000.0,1650000.0
20230117,2799610.0,16957730.0,15907170.0,16692700.0,20542870.0,8750500.0,7720050.0,3448160.0,1679000.0,18469000.0,17349000.0,18203000.0,22405000.0,9526000.0,8387000.0,3758000.0,1814000.0
20230118,919600.0,8029210.0,7816180.0,8943540.0,10076170.0,5022680.0,5177230.0,2510640.0,1436490.0,8803000.0,8570000.0,9801000.0,11043000.0,5504000.0,5677000.0,2755000.0,1572000.0
20230119,-2859480.0,19168490.0,14158750.0,15419740.0,17570020.0,6206940.0,9009620.0,2757560.0,2814360.0,20427000.0,15112000.0,16406000.0,18726000.0,6640000.0,9586000.0,2965000.0,3014000.0
20230120,-961580.0,14989380.0,12569180.0,10748010.0,12206630.0,6070120.0,6932330.0,2421630.0,2521000.0,15795000.0,13253000.0,11317000.0,12855000.0,6393000.0,7293000.0,2551000.0,2654000.0
20230130,2245700.0,23247010.0,24183480.0,22048110.0,23357340.0,16455140.0,12240880.0,3786500.0,5755060.0,24089000.0,25065000.0,22860000.0,24203000.0,17022000.0,12678000.0,3928000.0,5953000.0
20230131,391150.0,13510790.0,14887980.0,16560550.0,15574510.0,6168630.0,6658650.0,2633270.0,1752100.0,13775000.0,15167000.0,16862000.0,15854000.0,6290000.0,6794000.0,2670000.0,1782000.0
20230201,783410.0,14198630.0,15438070.0,17039970.0,16583940.0,9412450.0,8549220.0,2487070.0,2566890.0,14530000.0,15791000.0,17442000.0,16978000.0,9642000.0,8758000.0,2557000.0,2643000.0
20230202,-2029440.0,11697280.0,11450550.0,15932910.0,14150210.0,7408960.0,8701610.0,500470.0,1237260.0,11903000.0,11647000.0,16200000.0,14386000.0,7537000.0,8857000.0,511000.0,1261000.0
20230203,-219860.0,9398760.0,9124410.0,10912640.0,10967130.0,5638370.0,4672260.0,914930.0,2100900.0,9635000.0,9349000.0,11179000.0,11231000.0,5772000.0,4782000.0,936000.0,2160000.0
20230206,-1640660.0,14293360.0,13727050.0,15643120.0,14568770.0,6968820.0,8785700.0,3430720.0,3254500.0,14425000.0,13854000.0,15784000.0,14703000.0,7047000.0,8868000.0,3454000.0,3285000.0
20230207,494310.0,11024480.0,11965840.0,10890800.0,10443760.0,4398830.0,4984050.0,2504850.0,1425320.0,11376000.0,12344000.0,11232000.0,10765000.0,4538000.0,5146000.0,2582000.0,1472000.0
20230208,-876620.0,8481350.0,7587490.0,5626080.0,5643320.0,3309780.0,3575610.0,523300.0,1134090.0,8803000.0,7873000.0,5844000.0,5854000.0,3439000.0,3716000.0,540000.0,1182000.0
20230209,-631150.0,12254370.0,9304610.0,9827970.0,12146580.0,4279820.0,4946100.0,1055140.0,1020010.0,12609000.0,9579000.0,10115000.0,12493000.0,4400000.0,5085000.0,1081000.0,1048000.0
20230210,-534860.0,12639620.0,11660860.0,11936380.0,12380280.0,4414860.0,5787810.0,2461280.0,1623190.0,13344000.0,12312000.0,12582000.0,13052000.0,4648000.0,6093000.0,2597000.0,1713000.0
20230213,190540.0,10250620.0,11881900.0,11834160.0,10393430.0,2833270.0,2769700.0,284690.0,157720.0,10803000.0,12529000.0,12472000.0,10946000.0,2980000.0,2912000.0,297000.0,166000.0
20230214,-366180.0,9804570.0,9421470.0,8357530.0,8374450.0,4351990.0,4949400.0,977380.0,746150.0,10475000.0,10065000.0,8932000.0,8951000.0,4641000.0,5277000.0,1043000.0,798000.0
20230215,939530.0,11428770.0,13462340.0,10345950.0,9251920.0,3939760.0,3292610.0,529260.0,236880.0,12328000.0,14525000.0,11160000.0,9973000.0,4249000.0,3552000.0,570000.0,256000.0
20230216,-1167260.0,9063220.0,9420890.0,10625160.0,9100230.0,5305910.0,5096300.0,593010.0,1969880.0,9783000.0,10173000.0,11475000.0,9826000.0,5714000.0,5493000.0,640000.0,2120000.0
20230217,620450.0,11968650.0,13265130.0,9963140.0,9287110.0,4597220.0,4053470.0,181210.0,104510.0,13131000.0,14559000.0,10935000.0,10187000.0,5044000.0,4448000.0,198000.0,115000.0
20230220,1638110.0,14103650.0,15149450.0,12261760.0,12854080.0,5333130.0,4871010.0,2238320.0,1062330.0,15604000.0,16754000.0,13562000.0,14214000.0,5899000.0,5380000.0,2455000.0,1173000.0
20230221,2546080.0,9666400.0,13081060.0,12097660.0,11229070.0,5246080.0,2980450.0,569880.0,289430.0,10637000.0,14399000.0,13299000.0,12334000.0,5756000.0,3267000.0,629000.0,320000.0
20230222,900440.0,7443040.0,8607320.0,7545570.0,7281720.0,3959230.0,3817440.0,1659340.0,900690.0,8230000.0,9514000.0,8332000.0,8040000.0,4367000.0,4213000.0,1833000.0,994000.0
20230223,244160.0,5483050.0,6998280.0,5651890.0,4380830.0,2801960.0,2146190.0,936580.0,1348190.0,6079000.0,7759000.0,6266000.0,4854000.0,3108000.0,2378000.0,1037000.0,1498000.0
20230224,2216260.0,10789730.0,12255440.0,10143360.0,10893920.0,6194210.0,4273930.0,2069150.0,1773170.0,11821000.0,13426000.0,11108000.0,11927000.0,6785000.0,4683000.0,2267000.0,1945000.0
20230227,283990.0,11591180.0,12445750.0,12220450.0,11649870.0,7265830.0,6718720.0,514520.0,777640.0,12589000.0,13523000.0,13275000.0,12651000.0,7890000.0,7294000.0,558000.0,845000.0
20230228,-1158750.0,13708540.0,13120960.0,14659150.0,14087980.0,7164750.0,8444960.0,1424100.0,1302640.0,15175000.0,14532000.0,16251000.0,15600000.0,7927000.0,9348000.0,1575000.0,1448000.0
20230301,-391620.0,10158470.0,8697170.0,6860030.0,7929720.0,2356000.0,2673860.0,100370.0,174130.0,11237000.0,9622000.0,7589000.0,8774000.0,2609000.0,2958000.0,111000.0,193000.0
20230302,-2094100.0,11747020.0,11554780.0,13205170.0,11303320.0,6122940.0,8182060.0,525140.0,560120.0,13006000.0,12793000.0,14627000.0,12509000.0,6780000.0,9073000.0,585000.0,624000.0
20230303,480030.0,12145310.0,13348750.0,15328100.0,14604680.0,9681040.0,8414120.0,326280.0,1113170.0,13265000.0,14578000.0,16734000.0,15948000.0,10550000.0,9165000.0,355000.0,1213000.0
20230306,370170.0,15155650.0,15271880.0,13020600.0,13274540.0,6025720.0,6228270.0,2275740.0,1703020.0,16318000.0,16445000.0,14018000.0,14294000.0,6494000.0,6705000.0,2449000.0,1835000.0
20230307,-1018950.0,10657760.0,9377580.0,7716790.0,7978020.0,3438210.0,4064910.0,362940.0,755190.0,11590000.0,10196000.0,8388000.0,8674000.0,3739000.0,4420000.0,394000.0,821000.0
20230308,-1712670.0,10923220.0,9728330.0,8934620.0,8416840.0,3352760.0,4764220.0,558400.0,859610.0,11936000.0,10631000.0,9755000.0,9192000.0,3664000.0,5203000.0,609000.0,938000.0
20230309,-5010190.0,20701240.0,22959270.0,39913300.0,32645090.0,29056220.0,23923750.0,7479460.0,17622120.0,22260000.0,24782000.0,42803000.0,35103000.0,30996000.0,25521000.0,7929000.0,18581000.0
20230310,11680.0,28333470.0,25646620.0,31811830.0,34510370.0,18476090.0,20049730.0,4644520.0,3059200.0,32338000.0,29253000.0,36262000.0,39359000.0,21062000.0,22828000.0,5268000.0,3489000.0
20230313,289020.0,18193430.0,18448310.0,20473080.0,20507220.0,9938170.0,8998800.0,2695240.0,3345590.0,21075000.0,21367000.0,23742000.0,23758000.0,11512000.0,10446000.0,3130000.0,3887000.0
20230314,-3192680.0,13439530.0,10882330.0,13630810.0,12995340.0,5859660.0,7790040.0,1480380.0,2742680.0,15828000.0,12808000.0,16044000.0,15296000.0,6898000.0,9184000.0,1741000.0,3222000.0
20230315,-529860.0,12278580.0,13775000.0,12657170.0,10630890.0,5207140.0,5201960.0,1725830.0,2260870.0,14574000.0,16346000.0,15019000.0,12597000.0,6176000.0,6175000.0,2046000.0,2698000.0
20230316,-1984270.0,7911020.0,6268230.0,8139350.0,7797870.0,2384400.0,4303340.0,163970.0,229300.0,9471000.0,7508000.0,9748000.0,9336000.0,2856000.0,5155000.0,196000.0,273000.0
20230317,-3127290.0,16743170.0,16004400.0,14897350.0,12508830.0,7358930.0,8031430.0,1646880.0,4101670.0,20445000.0,19544000.0,18199000.0,15263000.0,8995000.0,9829000.0,2019000.0,5022000.0
20230320,-909570.0,19586920.0,17383620.0,14452010.0,15745740.0,4295930.0,4795700.0,757910.0,1167710.0,24307000.0,21573000.0,17956000.0,19552000.0,5335000.0,5964000.0,938000.0,1448000.0
20230321,-99140.0,12488660.0,12673360.0,13395090.0,13111250.0,5573900.0,6179560.0,1354770.0,848250.0,15271000.0,15502000.0,16388000.0,16035000.0,6817000.0,7552000.0,1649000.0,1035000.0
20230322,664420.0,12864260.0,15817400.0,13858740.0,11570020.0,4430180.0,3528040.0,228160.0,465880.0,15705000.0,19311000.0,16913000.0,14126000.0,5414000.0,4306000.0,280000.0,568000.0
20230323,158160.0,8965620.0,6929680.0,8470890.0,10664990.0,4082440.0,3568200.0,770540.0,1126620.0,10941000.0,8458000.0,10339000.0,13016000.0,4984000.0,4355000.0,940000.0,1376000.0
20230324,-6035340.0,11956910.0,9386670.0,14093550.0,10628460.0,7312910.0,8629050.0,2066180.0,6785380.0,14718000.0,11549000.0,17340000.0,13073000.0,8993000.0,10618000.0,2544000.0,8355000.0
20230327,1337340.0,16786000.0,16616960.0,14839380.0,16345760.0,7874280.0,6736500.0,1976240.0,1776680.0,20296000.0,20092000.0,17943000.0,19758000.0,9516000.0,8132000.0,2385000.0,2157000.0
20230328,-5098910.0,18342410.0,15037080.0,16585270.0,14791690.0,9145530.0,12390350.0,2369980.0,4224070.0,22775000.0,18616000.0,20547000.0,18301000.0,11292000.0,15365000.0,2928000.0,5259000.0
20230329,-1665520.0,12884790.0,8573150.0,8475270.0,11121390.0,3569230.0,4018250.0,1091320.0,2307820.0,16121000.0,10728000.0,10608000.0,13914000.0,4467000.0,5027000.0,1371000.0,2897000.0
20230330,1910960.0,9308610.0,8681850.0,9272690.0,11810410.0,5916130.0,3926720.0,675040.0,753490.0,11472000.0,10703000.0,11437000.0,14559000.0,7291000.0,4838000.0,832000.0,931000.0
20230331,1003250.0,8352110.0,9189220.0,8547370.0,8713510.0,4431270.0,3301350.0,646640.0,773310.0,10187000.0,11214000.0,10435000.0,10633000.0,5404000.0,4026000.0,790000.0,945000.0
20230403,2743790.0,12158630.0,12177410.0,17464880.0,20189890.0,7733430.0,6156280.0,1661130.0,494490.0,15162000.0,15187000.0,21783000.0,25181000.0,9648000.0,7680000.0,2072000.0,617000.0
20230404,-2469410.0,17938550.0,14441330.0,14016130.0,15043950.0,4490050.0,5847000.0,1009360.0,2121820.0,22693000.0,18268000.0,17736000.0,19036000.0,5682000.0,7402000.0,1274000.0,2679000.0
20230406,1919440.0,18411020.0,20466950.0,19622540.0,19486050.0,10064250.0,8718480.0,2284510.0,1710840.0,23532000.0,26099000.0,25024000.0,24864000.0,12797000.0,11111000.0,2903000.0,2182000.0
20230407,2288610.0,14112850.0,16897830.0,24304560.0,23808190.0,11813360.0,9583190.0,1886520.0,1828080.0,17019000.0,20366000.0,29301000.0,28682000.0,14224000.0,11548000.0,2257000.0,2206000.0
20230410,1303860.0,12592440.0,14830200.0,19374870.0,18440960.0,12452390.0,8221430.0,1548900.0,4476000.0,15438000.0,18165000.0,23696000.0,22537000.0,15188000.0,10035000.0,1894000.0,5479000.0
20230411,797770.0,11632410.0,10280840.0,13180560.0,15329890.0,6694580.0,4823440.0,464390.0,1537760.0,14163000.0,12511000.0,16029000.0,18648000.0,8128000.0,5864000.0,564000.0,1862000.0
20230412,-1810510.0,9410330.0,8838120.0,10689630.0,9451330.0,5384390.0,5126280.0,342170.0,2410790.0,11596000.0,10876000.0,13174000.0,11644000.0,6635000.0,6319000.0,419000.0,2984000.0
20230413,-1247360.0,8856570.0,7994240.0,9317040.0,8932010.0,4642780.0,4678790.0,820690.0,2032040.0,11013000.0,9938000.0,11581000.0,11103000.0,5769000.0,5811000.0,1019000.0,2530000.0
20230414,-2346500.0,11422380.0,10359560.0,16200290.0,14916620.0,7098350.0,7588670.0,1244400.0,3100580.0,14182000.0,12816000.0,20071000.0,18471000.0,8781000.0,9410000.0,1530000.0,3866000.0
20230417,901760.0,14118320.0,17485860.0,19672950.0,17207170.0,8606780.0,7693350.0,1824160.0,1835830.0,17137000.0,21236000.0,23867000.0,20844000.0,10424000.0,9330000.0,2207000.0,2226000.0
20230418,2106350.0,7412900.0,10357750.0,9972360.0,9133880.0,5626340.0,4937200.0,1775050.0,357840.0,8967000.0,12531000.0,12057000.0,11047000.0,6805000.0,5969000.0,2150000.0,433000.0
20230419,-1487510.0,11491630.0,9808570.0,12687550.0,12883110.0,4608050.0,5702740.0,1192420.0,1585240.0,14106000.0,12038000.0,15579000.0,15810000.0,5656000.0,7004000.0,1457000.0,1945000.0
20230420,1562260.0,12729840.0,12842820.0,15641660.0,17090950.0,9542890.0,8332210.0,1648280.0,1296700.0,16113000.0,16267000.0,19795000.0,21633000.0,12076000.0,10526000.0,2084000.0,1642000.0
20230421,-322840.0,14822030.0,15750250.0,19640330.0,18389280.0,6541640.0,5986010.0,1845680.0,2724150.0,18502000.0,19675000.0,24487000.0,22930000.0,8161000.0,7462000.0,2297000.0,3380000.0
20230424,-266230.0,8109360.0,9588610.0,10040670.0,8295190.0,2949470.0,2857000.0,3180.0,361880.0,10387000.0,12283000.0,12858000.0,10625000.0,3785000.0,3662000.0,4000.0,466000.0
20230425,-1630400.0,14182150.0,13818900.0,14453660.0,13186520.0,3711190.0,4941780.0,189550.0,589360.0,18068000.0,17583000.0,18335000.0,16730000.0,4709000.0,6279000.0,238000.0,758000.0
20230426,-690710.0,9987500.0,11177780.0,11266050.0,9385070.0,4162930.0,4306550.0,617450.0,1164540.0,12712000.0,14229000.0,14337000.0,11947000.0,5299000.0,5473000.0,783000.0,1482000.0
20230427,-2744240.0,14334510.0,12712400.0,17376600.0,16254460.0,8417100.0,11009830.0,2204440.0,2355950.0,17750000.0,15747000.0,21515000.0,20093000.0,10402000.0,13650000.0,2708000.0,2885000.0
20230428,-1418010.0,21479520.0,22667950.0,26102140.0,23495700.0,12538840.0,13438810.0,2160540.0,2678580.0,27477000.0,28983000.0,33372000.0,30060000.0,16051000.0,17198000.0,2768000.0,3428000.0
20230504,-52000.0,12614340.0,13708370.0,16302160.0,15156110.0,5349370.0,5210560.0,529990.0,720800.0,16038000.0,17435000.0,20712000.0,19277000.0,6799000.0,6597000.0,678000.0,916000.0
20230505,-2111760.0,8977800.0,9555650.0,11546840.0,8857220.0,4102080.0,4840750.0,1387600.0,2760690.0,11622000.0,12368000.0,14952000.0,11466000.0,5295000.0,6266000.0,1789000.0,3558000.0
20230508,-1298680.0,13297030.0,14741520.0,16885810.0,14142660.0,6346870.0,6653120.0,1364070.0,2356500.0,16942000.0,18788000.0,21521000.0,18008000.0,8086000.0,8482000.0,1737000.0,3007000.0
20230509,3468380.0,14633820.0,20253860.0,18487940.0,16336270.0,6673130.0,3619370.0,1782800.0,1368180.0,19028000.0,26310000.0,24022000.0,21229000.0,8655000.0,4702000.0,2313000.0,1778000.0
20230510,-4918420.0,11041260.0,7795150.0,11291530.0,9619220.0,2350970.0,7253310.0,1132150.0,1148230.0,14382000.0,10156000.0,14728000.0,12536000.0,3077000.0,9482000.0,1485000.0,1498000.0
20230511,-1064310.0,3866820.0,4089680.0,5654000.0,4366820.0,1791240.0,2884180.0,237350.0,208720.0,5022000.0,5312000.0,7340000.0,5672000.0,2328000.0,3742000.0,308000.0,272000.0
20230512,-294480.0,5446160.0,5610870.0,6818470.0,6359280.0,3730090.0,4175700.0,1055950.0,904820.0,7094000.0,7300000.0,8872000.0,8277000.0,4847000.0,5433000.0,1370000.0,1172000.0
20230515,-39230.0,6882620.0,8400440.0,11133190.0,9576150.0,3674110.0,3781620.0,1014710.0,946430.0,8797000.0,10742000.0,14229000.0,12240000.0,4700000.0,4834000.0,1298000.0,1207000.0
20230516,-2914420.0,17236760.0,17546250.0,23440350.0,20216420.0,9832530.0,11825120.0,2966420.0,3888250.0,21624000.0,22029000.0,29388000.0,25270000.0,12292000.0,14809000.0,3705000.0,4903000.0
20230517,2862730.0,18737240.0,18600370.0,25688520.0,28688120.0,17041550.0,17056050.0,6184560.0,3307330.0,22271000.0,22093000.0,30516000.0,34089000.0,20196000.0,20234000.0,7352000.0,3918000.0
20230518,-4795310.0,12369500.0,11775800.0,21684060.0,17482450.0,12657130.0,12922890.0,2407760.0,6937310.0,14598000.0,13897000.0,25579000.0,20614000.0,14917000.0,15240000.0,2829000.0,8172000.0
20230519,-2736680.0,18200410.0,17065040.0,31126530.0,29525220.0,18826570.0,18426750.0,12642280.0,15778780.0,20879000.0,19556000.0,35684000.0,33847000.0,21625000.0,21132000.0,14514000.0,18167000.0
20230522,-1918500.0,11282500.0,10450880.0,20718820.0,19631940.0,12907480.0,15655400.0,7805600.0,6976180.0,12621000.0,11691000.0,23189000.0,21977000.0,14430000.0,17496000.0,8724000.0,7801000.0
20230523,-5444690.0,20162910.0,16956280.0,24803170.0,22565100.0,11541580.0,13677000.0,2987970.0,6297240.0,23631000.0,19885000.0,29067000.0,26450000.0,13502000.0,16003000.0,3484000.0,7346000.0
20230524,-279480.0,12834470.0,11186110.0,16220980.0,17589850.0,9547660.0,9314990.0,938080.0,1450230.0,15226000.0,13256000.0,19236000.0,20856000.0,11310000.0,11047000.0,1108000.0,1721000.0
20230525,1190810.0,11391240.0,12578990.0,12821420.0,12824480.0,5438830.0,4268970.0,338070.0,317120.0,13475000.0,14869000.0,15168000.0,15180000.0,6418000.0,5038000.0,397000.0,370000.0
20230526,-347490.0,7444280.0,7833140.0,7414390.0,6678040.0,3286180.0,3914170.0,722260.0,441760.0,8898000.0,9357000.0,8871000.0,7988000.0,3939000.0,4693000.0,863000.0,533000.0
20230529,2094800.0,15230460.0,20400440.0,21661540.0,18586360.0,10385020.0,8603460.0,1194720.0,881480.0,18485000.0,24769000.0,26187000.0,22404000.0,12517000.0,10402000.0,1456000.0,1070000.0
20230530,-530990.0,17339270.0,14417330.0,16252600.0,18643560.0,8076490.0,7557820.0,1195350.0,2245010.0,22049000.0,18306000.0,20618000.0,23717000.0,10264000.0,9595000.0,1523000.0,2836000.0
20230531,2391850.0,7933280.0,9678070.0,10459840.0,11106890.0,5571210.0,3559820.0,1216870.0,836410.0,10156000.0,12375000.0,13362000.0,14203000.0,7115000.0,4551000.0,1567000.0,1070000.0
20230601,-67300.0,9145530.0,9447920.0,10758840.0,10389150.0,6421420.0,6490860.0,1163620.0,1161480.0,11776000.0,12151000.0,13858000.0,13374000.0,8259000.0,8362000.0,1489000.0,1494000.0
20230602,5579660.0,7998740.0,11302870.0,10630500.0,12906030.0,8175820.0,6154770.0,4344980.0,786370.0,10188000.0,14371000.0,13534000.0,16454000.0,10405000.0,7851000.0,5551000.0,1002000.0
20230605,2358410.0,6601330.0,8397140.0,9116350.0,9678950.0,7193000.0,5794260.0,2760300.0,1800630.0,8327000.0,10582000.0,11484000.0,12179000.0,9048000.0,7293000.0,3456000.0,2261000.0
20230606,-529530.0,10972260.0,10159810.0,15408360.0,15691270.0,9309200.0,9954860.0,1834810.0,1718680.0,14004000.0,12962000.0,19631000.0,20000000.0,11809000.0,12635000.0,2326000.0,2172000.0
20230607,-1096520.0,5467690.0,4978360.0,6522820.0,5915610.0,2633600.0,3676650.0,719580.0,773050.0,6993000.0,6366000.0,8341000.0,7564000.0,3372000.0,4707000.0,928000.0,995000.0
20230608,-196260.0,9624630.0,8690190.0,12589390.0,13327580.0,3319010.0,3251900.0,846450.0,1109820.0,12211000.0,11027000.0,15974000.0,16911000.0,4214000.0,4125000.0,1076000.0,1410000.0
20230609,-3905860.0,22345540.0,17848870.0,26668360.0,27259180.0,9088780.0,9431890.0,8168530.0,11731280.0,27768000.0,22187000.0,33052000.0,33788000.0,11264000.0,11686000.0,10117000.0,14541000.0
20230612,-457160.0,15178250.0,14522610.0,17941140.0,18139620.0,7745070.0,7726200.0,570470.0,1046500.0,19330000.0,18498000.0,22852000.0,23115000.0,9878000.0,9842000.0,730000.0,1335000.0
20230613,4700050.0,9472490.0,12969620.0,12546450.0,13749370.0,9831550.0,4949990.0,2557740.0,2739250.0,12203000.0,16712000.0,16158000.0,17706000.0,12660000.0,6371000.0,3295000.0,3527000.0
20230614,401630.0,8137650.0,7918770.0,9491780.0,10112300.0,3785340.0,3181890.0,730980.0,932800.0,10576000.0,10293000.0,12332000.0,13134000.0,4917000.0,4138000.0,954000.0,1214000.0
20230615,-2028850.0,9429740.0,8920290.0,8706230.0,7186830.0,3428350.0,5104600.0,1546050.0,1898650.0,12151000.0,11511000.0,11216000.0,9258000.0,4414000.0,6562000.0,1978000.0,2429000.0
20230616,-2018820.0,11542580.0,9102440.0,9886360.0,10307680.0,4474440.0,5144980.0,550670.0,1898950.0,14718000.0,11605000.0,12604000.0,13143000.0,5708000.0,6563000.0,701000.0,2421000.0
20230619,-1080620.0,12590740.0,12499840.0,13198230.0,12208530.0,9117600.0,7320040.0,1447970.0,4326150.0,16444000.0,16314000.0,17236000.0,15936000.0,11901000.0,9555000.0,1899000.0,5674000.0
20230620,5332240.0,11763920.0,16873940.0,14256690.0,14478890.0,11322640.0,6331910.0,1831730.0,1490220.0,15509000.0,22215000.0,18805000.0,19117000.0,14934000.0,8371000.0,2423000.0,1967000.0
20230621,1876640.0,8760430.0,10645340.0,9897270.0,9889020.0,7946150.0,6233110.0,1365320.0,1201720.0,11724000.0,14238000.0,13244000.0,13236000.0,10626000.0,8339000.0,1825000.0,1606000.0
20230626,-3660760.0,5683980.0,4751240.0,9158950.0,6430920.0,3477810.0,5905220.0,1019850.0,2253200.0,11046000.0,9229000.0,17795000.0,12496000.0,6749000.0,11468000.0,1979000.0,4375000.0
20230627,1953960.0,6136550.0,6845780.0,7411330.0,8656060.0,4490490.0,2849070.0,715540.0,403000.0,11896000.0,13277000.0,14369000.0,16785000.0,8714000.0,5521000.0,1385000.0,781000.0
20230628,-269010.0,6481550.0,7228850.0,9122760.0,8106450.0,4260200.0,3922010.0,1226060.0,1833260.0,12534000.0,13972000.0,17674000.0,15689000.0,8249000.0,7591000.0,2397000.0,3601000.0
20230629,-2608570.0,10333250.0,9000210.0,10402250.0,9126730.0,3534850.0,5385530.0,897480.0,1655370.0,19363000.0,16871000.0,19509000.0,17116000.0,6647000.0,10112000.0,1685000.0,3105000.0
20230630,-1415600.0,17633800.0,16546230.0,16774870.0,16446850.0,8456700.0,10655320.0,3527810.0,2744790.0,31669000.0,29757000.0,30195000.0,29567000.0,15224000.0,19170000.0,6354000.0,4948000.0
20230703,-332380.0,11175140.0,11229340.0,12387180.0,12000600.0,4364430.0,4579230.0,1038990.0,1156570.0,19764000.0,19865000.0,21907000.0,21220000.0,7720000.0,8098000.0,1838000.0,2046000.0
20230704,198260.0,7005440.0,6432300.0,5676580.0,6447970.0,3227150.0,3101410.0,838940.0,766420.0,12501000.0,11476000.0,10131000.0,11507000.0,5759000.0,5534000.0,1493000.0,1367000.0
20230705,95450.0,6389370.0,7047230.0,8400160.0,7837760.0,3464070.0,3109130.0,572150.0,831640.0,11400000.0,12576000.0,14970000.0,13971000.0,6181000.0,5540000.0,1017000.0,1481000.0
20230706,1145570.0,10780260.0,11565080.0,9580950.0,9941700.0,5517420.0,3748440.0,727770.0,1351180.0,19718000.0,21161000.0,17509000.0,18152000.0,10062000.0,6837000.0,1331000.0,2470000.0
20230707,-1131010.0,6772890.0,6523850.0,7408070.0,6526090.0,2834470.0,2765010.0,344160.0,1544630.0,12517000.0,12038000.0,13665000.0,12050000.0,5248000.0,5112000.0,639000.0,2868000.0
20230710,156100.0,7054870.0,7367720.0,8525910.0,8369170.0,2551940.0,2454040.0,830800.0,772600.0,13253000.0,13838000.0,16012000.0,15718000.0,4791000.0,4607000.0,1559000.0,1452000.0
20230711,271690.0,5030850.0,5078750.0,6435200.0,6658980.0,4378500.0,3846940.0,883400.0,1143270.0,9434000.0,9512000.0,12055000.0,12479000.0,8187000.0,7198000.0,1652000.0,2138000.0
20230712,-724080.0,5173010.0,6494230.0,8706770.0,6661460.0,2314560.0,2695710.0,666550.0,1009480.0,9664000.0,12121000.0,16251000.0,12435000.0,4341000.0,5049000.0,1247000.0,1897000.0
20230713,987320.0,6396570.0,10076380.0,9417100.0,6724600.0,4024210.0,3420440.0,1305030.0,921480.0,12011000.0,18923000.0,17683000.0,12623000.0,7560000.0,6428000.0,2451000.0,1731000.0
20230714,-297480.0,8058730.0,8311210.0,10471370.0,9921410.0,5642210.0,5794150.0,1019120.0,1164660.0,15521000.0,16021000.0,20159000.0,19086000.0,10847000.0,11144000.0,1970000.0,2247000.0
20230717,267640.0,4133820.0,4866580.0,5935890.0,5470770.0,3471440.0,3298200.0,921990.0,827590.0,8007000.0,9432000.0,11491000.0,10593000.0,6722000.0,6378000.0,1779000.0,1596000.0
20230718,489810.0,3758170.0,5257250.0,5545830.0,4536550.0,3055810.0,2789110.0,1412260.0,1189150.0,7247000.0,10141000.0,10694000.0,8745000.0,5895000.0,5379000.0,2716000.0,2288000.0
20230719,617270.0,4076140.0,6181550.0,5745930.0,4257790.0,2521780.0,1917680.0,439660.0,426490.0,7833000.0,11880000.0,11041000.0,8183000.0,4848000.0,3686000.0,847000.0,821000.0
20230720,78160.0,4398440.0,6073630.0,7093450.0,5496410.0,2726890.0,2603880.0,142810.0,187660.0,8472000.0,11702000.0,13674000.0,10594000.0,5248000.0,5012000.0,274000.0,360000.0
20230721,225790.0,3365040.0,4103710.0,6190780.0,5677900.0,2753510.0,2512790.0,285040.0,299970.0,6481000.0,7904000.0,11918000.0,10931000.0,5301000.0,4833000.0,547000.0,579000.0
20230724,652110.0,2886800.0,3829760.0,4712640.0,4421780.0,1986760.0,1780080.0,445430.0,0.0,5579000.0,7402000.0,9107000.0,8546000.0,3839000.0,3439000.0,862000.0,0.0
20230725,-46430.0,4719210.0,4606650.0,6118410.0,6184540.0,2524210.0,2809620.0,654130.0,415150.0,9003000.0,8792000.0,11674000.0,11799000.0,4821000.0,5368000.0,1251000.0,791000.0
20230726,557530.0,4257070.0,5939260.0,8106110.0,6981450.0,4311010.0,3367070.0,450870.0,837280.0,8097000.0,11302000.0,15418000.0,13278000.0,8203000.0,6397000.0,857000.0,1598000.0
20230727,2011760.0,4888100.0,6168870.0,9347350.0,10078340.0,6607610.0,5236440.0,1382520.0,741930.0,9179000.0,11571000.0,17556000.0,18912000.0,12388000.0,9829000.0,2587000.0,1399000.0
20230728,2175570.0,8289020.0,11722350.0,17472780.0,16215030.0,14026050.0,11050730.0,2857400.0,3657150.0,15485000.0,21915000.0,32585000.0,30248000.0,26150000.0,20567000.0,5310000.0,6799000.0
20230731,-1718210.0,9168180.0,9380090.0,21401620.0,19471500.0,14730390.0,13805180.0,2908320.0,5551740.0,17441000.0,17834000.0,40622000.0,36960000.0,27915000.0,26205000.0,5519000.0,10499000.0
20230801,-2864580.0,18790960.0,20780050.0,42446060.0,37592380.0,35939940.0,40122860.0,17818600.0,16500260.0,34215000.0,37616000.0,76906000.0,68193000.0,64869000.0,72480000.0,31870000.0,29570000.0
20230802,-42702920.0,54208740.0,39284030.0,122259440.0,94481240.0,109268850.0,112603440.0,45113980.0,84482310.0,92886000.0,67548000.0,208724000.0,161795000.0,185979000.0,191870000.0,76489000.0,142866000.0
20230803,-3567540.0,25329840.0,21683470.0,53612320.0,53691150.0,42152120.0,46080790.0,17355570.0,16994440.0,48405000.0,41357000.0,102391000.0,102503000.0,80514000.0,88077000.0,33170000.0,32543000.0
20230804,-7330160.0,30705110.0,25591890.0,62094500.0,59877560.0,47750120.0,48583000.0,10195800.0,16693080.0,60452000.0,50230000.0,122057000.0,117670000.0,93624000.0,95281000.0,19944000.0,32895000.0
20230807,-5832470.0,16167090.0,14392770.0,37246550.0,33188400.0,21999970.0,23287130.0,2828620.0,7373930.0,31167000.0,27693000.0,71706000.0,63858000.0,42317000.0,44832000.0,5441000.0,14249000.0
20230808,-1541100.0,13701100.0,9866410.0,25848690.0,28142280.0,14645890.0,15514740.0,3625500.0,4297750.0,27154000.0,19548000.0,51247000.0,55788000.0,29015000.0,30738000.0,7180000.0,8523000.0
20230809,-3066250.0,12589550.0,10779400.0,23451010.0,22194900.0,12089910.0,14356450.0,2816940.0,3616650.0,25627000.0,21931000.0,47709000.0,45145000.0,24591000.0,29212000.0,5741000.0,7381000.0
20230810,-1363090.0,10375210.0,7554130.0,11005950.0,12463940.0,4953200.0,6143860.0,843860.0,1016290.0,21088000.0,15352000.0,22367000.0,25327000.0,10066000.0,12489000.0,1716000.0,2070000.0
20230811,-1956160.0,6743980.0,5851520.0,12049040.0,10985340.0,5111570.0,6335510.0,598130.0,1330350.0,13735000.0,11904000.0,24533000.0,22368000.0,10382000.0,12897000.0,1228000.0,2710000.0
20230814,-2431430.0,8266910.0,6375920.0,11660970.0,11120520.0,5610510.0,6738310.0,461220.0,1764850.0,17342000.0,13361000.0,24453000.0,23317000.0,11765000.0,14148000.0,967000.0,3701000.0
20230815,-2233000.0,8129130.0,6790290.0,12253760.0,11359600.0,4139660.0,6137290.0,310740.0,546110.0,16817000.0,14033000.0,25334000.0,23477000.0,8545000.0,12692000.0,635000.0,1129000.0
20230816,-1435250.0,7360480.0,6970560.0,10831310.0,9785990.0,3982170.0,4815310.0,329070.0,931180.0,15529000.0,14698000.0,22850000.0,20641000.0,8403000.0,10165000.0,700000.0,1978000.0
20230817,-2213840.0,10506670.0,10717100.0,18221720.0,15797440.0,7765030.0,8873160.0,753940.0,1859650.0,22186000.0,22529000.0,38373000.0,33220000.0,16316000.0,18746000.0,1590000.0,3969000.0
20230818,-944820.0,7537000.0,7235030.0,12330560.0,11687710.0,5330470.0,6274880.0,704110.0,704520.0,15464000.0,14828000.0,25300000.0,23979000.0,10923000.0,12871000.0,1434000.0,1443000.0
20230821,-1088760.0,7203220.0,6193650.0,8654540.0,8575350.0,2702360.0,3672360.0,236230.0,354990.0,15218000.0,13078000.0,18269000.0,18105000.0,5707000.0,7757000.0,499000.0,753000.0
20230822,-1104960.0,7244010.0,7709270.0,11840000.0,10269760.0,4968200.0,5731780.0,709570.0,1050950.0,15608000.0,16606000.0,25511000.0,22158000.0,10731000.0,12351000.0,1530000.0,2265000.0
20230823,-1778130.0,5426220.0,5559480.0,8418220.0,6506830.0,1863980.0,3400390.0,0.0,241720.0,11810000.0,12088000.0,18322000.0,14158000.0,4054000.0,7410000.0,0.0,528000.0
20230824,-854160.0,5586800.0,5311050.0,7376800.0,6798380.0,3970340.0,4226890.0,233930.0,831540.0,12306000.0,11690000.0,16251000.0,14969000.0,8748000.0,9323000.0,516000.0,1839000.0
20230825,-1677450.0,7754090.0,5908940.0,9008650.0,9176350.0,4815760.0,6718150.0,1438350.0,1213410.0,17519000.0,13323000.0,20324000.0,20722000.0,10868000.0,15172000.0,3238000.0,2731000.0
20230828,-1370760.0,9686740.0,9841010.0,13330780.0,11805750.0,7459340.0,8489310.0,2190650.0,2531440.0,21681000.0,21981000.0,29697000.0,26284000.0,16568000.0,18945000.0,4853000.0,5589000.0
20230829,-50970.0,7931500.0,8063670.0,10061050.0,9877910.0,4000010.0,4737240.0,1058630.0,372370.0,17838000.0,18143000.0,22625000.0,22199000.0,9009000.0,10657000.0,2367000.0,839000.0
20230830,481110.0,10069730.0,10012530.0,12906440.0,13444760.0,6777170.0,6480930.0,1204410.0,1019540.0,21820000.0,21689000.0,27968000.0,29120000.0,14674000.0,14052000.0,2603000.0,2203000.0
20230831,-584350.0,11472880.0,12504140.0,17746760.0,16131150.0,9977660.0,11510560.0,3143280.0,2194730.0,24120000.0,26280000.0,37331000.0,33947000.0,21110000.0,24336000.0,6659000.0,4657000.0
20230901,-1311360.0,6009120.0,4953930.0,7132170.0,6875990.0,2620040.0,3731750.0,233670.0,433320.0,12695000.0,10460000.0,15058000.0,14512000.0,5527000.0,7881000.0,490000.0,917000.0
20230904,741130.0,6954610.0,9002550.0,9193810.0,7887000.0,3235300.0,2902400.0,408230.0,0.0,14510000.0,18777000.0,19189000.0,16457000.0,6745000.0,6056000.0,847000.0,0.0
20230905,-939830.0,8169300.0,7111220.0,9119180.0,9237450.0,4227330.0,5295330.0,432630.0,304460.0,16849000.0,14662000.0,18811000.0,19044000.0,8697000.0,10911000.0,889000.0,628000.0
20230906,1181640.0,8306780.0,8677140.0,13873610.0,14684890.0,7250020.0,6739630.0,1558580.0,887330.0,16977000.0,17717000.0,28319000.0,29966000.0,14807000.0,13792000.0,3199000.0,1827000.0
20230907,-486730.0,8129230.0,7665540.0,12553730.0,12530690.0,4740640.0,5148400.0,243400.0,322370.0,16451000.0,15511000.0,25402000.0,25361000.0,9597000.0,10419000.0,494000.0,652000.0
20230908,-1147650.0,9517100.0,10625980.0,15550430.0,13293900.0,7369130.0,8021310.0,2047050.0,2542520.0,19024000.0,21238000.0,31088000.0,26564000.0,14705000.0,16019000.0,4091000.0,5087000.0
20230911,-2135520.0,10433730.0,7465450.0,10131090.0,10963850.0,4500240.0,5929940.0,1541440.0,2247260.0,20447000.0,14634000.0,19851000.0,21497000.0,8845000.0,11643000.0,3023000.0,4391000.0
20230912,-877160.0,8158790.0,6537400.0,7847360.0,8591580.0,4015150.0,4570450.0,502530.0,824390.0,16126000.0,12908000.0,15488000.0,16965000.0,7921000.0,9024000.0,988000.0,1626000.0
20230913,-2208680.0,8149630.0,6420870.0,6897830.0,6417910.0,2881060.0,4259650.0,138580.0,968670.0,16298000.0,12839000.0,13787000.0,12826000.0,5754000.0,8512000.0,275000.0,1937000.0
20230914,616250.0,5743540.0,5300660.0,5472790.0,6531910.0,4586240.0,3866130.0,284230.0,388090.0,11404000.0,10524000.0,10866000.0,12966000.0,9103000.0,7677000.0,565000.0,770000.0
20230915,3689620.0,5957810.0,8999290.0,9890870.0,10539010.0,7610910.0,5358980.0,2093680.0,655990.0,11663000.0,17584000.0,19326000.0,20551000.0,14829000.0,10444000.0,4049000.0,1288000.0
20230918,-756140.0,4247190.0,4028330.0,6218700.0,5681410.0,3708600.0,4051280.0,1473720.0,1887180.0,8405000.0,7964000.0,12303000.0,11232000.0,7334000.0,8024000.0,2913000.0,3735000.0
20230919,-790410.0,5817240.0,4976580.0,6068460.0,6118700.0,2389340.0,2880860.0,310360.0,609250.0,11593000.0,9906000.0,12080000.0,12176000.0,4746000.0,5737000.0,618000.0,1218000.0
20230920,-3333250.0,8030980.0,6084660.0,8175880.0,6788940.0,4134430.0,5716250.0,426240.0,2177670.0,16306000.0,12345000.0,16605000.0,13776000.0,8397000.0,11613000.0,868000.0,4441000.0
20230921,-2109430.0,10564150.0,8443550.0,8689280.0,8700440.0,2328380.0,3907940.0,0.0,529870.0,22022000.0,17597000.0,18098000.0,18126000.0,4859000.0,8159000.0,0.0,1097000.0
20230922,2123080.0,10333790.0,13088250.0,9246520.0,8615140.0,5604830.0,3103530.0,241720.0,619940.0,22074000.0,27966000.0,19734000.0,18369000.0,11951000.0,6621000.0,511000.0,1314000.0
20230925,626170.0,7694340.0,9362620.0,6506000.0,5463890.0,2970100.0,2281500.0,575730.0,638160.0,16608000.0,20199000.0,14029000.0,11765000.0,6384000.0,4907000.0,1224000.0,1375000.0
20230926,831370.0,8902310.0,10313190.0,6384880.0,5805380.0,2989020.0,2084920.0,342730.0,415460.0,19655000.0,22777000.0,14094000.0,12806000.0,6592000.0,4598000.0,755000.0,915000.0
20230927,222230.0,6141190.0,6536950.0,5181380.0,5007850.0,3578880.0,3658690.0,661730.0,359690.0,13543000.0,14410000.0,11427000.0,11037000.0,7887000.0,8072000.0,1460000.0,797000.0
20230928,1073800.0,6369970.0,9893170.0,8184610.0,5735220.0,2394580.0,1568410.0,451680.0,204050.0,13951000.0,21666000.0,17915000.0,12558000.0,5245000.0,3433000.0,993000.0,448000.0
20231009,155430.0,9912760.0,10048640.0,8080360.0,8099920.0,3174800.0,2881980.0,954920.0,1092310.0,21191000.0,21483000.0,17272000.0,17311000.0,6777000.0,6151000.0,2043000.0,2338000.0
20231010,244260.0,4972960.0,4841240.0,4546010.0,4922000.0,2651250.0,2382450.0,448160.0,472700.0,10684000.0,10392000.0,9771000.0,10576000.0,5689000.0,5118000.0,966000.0,1024000.0
20231011,272400.0,7535300.0,6829370.0,6720210.0,7698550.0,3356440.0,2999900.0,369590.0,453730.0,16249000.0,14720000.0,14493000.0,16591000.0,7236000.0,6476000.0,792000.0,982000.0
20231012,-740690.0,10031000.0,6509020.0,4045680.0,6826960.0,2456590.0,2888480.0,0.0,308800.0,21263000.0,13814000.0,8595000.0,14479000.0,5209000.0,6119000.0,0.0,654000.0
20231013,-791290.0,4111620.0,3646770.0,3195770.0,2869330.0,1498870.0,2075110.0,0.0,215050.0,8824000.0,7826000.0,6860000.0,6160000.0,3218000.0,4456000.0,0.0,460000.0
20231016,-865920.0,7447280.0,5217310.0,3644960.0,5009000.0,1490890.0,2147490.0,0.0,209320.0,15990000.0,11202000.0,7829000.0,10752000.0,3199000.0,4613000.0,0.0,451000.0
20231017,111940.0,4590450.0,4716030.0,3699900.0,3686250.0,1619630.0,1195350.0,0.0,312340.0,9878000.0,10153000.0,7961000.0,7930000.0,3489000.0,2572000.0,0.0,672000.0
20231018,-263470.0,6504620.0,5365440.0,3487090.0,4362800.0,1391260.0,1820480.0,647460.0,481710.0,14012000.0,11567000.0,7529000.0,9412000.0,3002000.0,3928000.0,1406000.0,1043000.0
20231019,-934300.0,4041900.0,3803920.0,5449780.0,4753470.0,1580170.0,2030730.0,0.0,483740.0,8788000.0,8268000.0,11844000.0,10329000.0,3431000.0,4414000.0,0.0,1053000.0
20231020,-873310.0,4701120.0,4489780.0,4887630.0,4225660.0,1782210.0,2254590.0,127400.0,528330.0,10294000.0,9825000.0,10700000.0,9246000.0,3895000.0,4937000.0,280000.0,1161000.0
20231023,-411730.0,4705740.0,5523460.0,6416170.0,5186730.0,2184970.0,2455380.0,216930.0,358250.0,10437000.0,12244000.0,14213000.0,11499000.0,4853000.0,5449000.0,481000.0,790000.0
20231024,1263970.0,5216630.0,5684330.0,5642970.0,6439250.0,2746560.0,3287200.0,2565560.0,760950.0,11602000.0,12641000.0,12549000.0,14277000.0,6092000.0,7278000.0,5661000.0,1709000.0
20231025,624900.0,5468290.0,5763270.0,7758780.0,8088710.0,3179760.0,3446240.0,891380.0,0.0,11706000.0,12325000.0,16572000.0,17282000.0,6779000.0,7357000.0,1907000.0,0.0
20231026,222400.0,5921600.0,6290090.0,6019910.0,5873830.0,2293230.0,1872520.0,120630.0,318940.0,13093000.0,13906000.0,13312000.0,12992000.0,5073000.0,4141000.0,265000.0,704000.0
20231027,-952450.0,7802800.0,6279480.0,5007710.0,5578580.0,2369050.0,3070420.0,0.0,251080.0,16978000.0,13679000.0,10903000.0,12141000.0,5161000.0,6677000.0,0.0,545000.0
20231030,2327270.0,6585690.0,8546660.0,9066120.0,9432410.0,4728550.0,3546310.0,1708730.0,563700.0,14033000.0,18208000.0,19297000.0,20086000.0,10059000.0,7532000.0,3634000.0,1198000.0
20231031,522060.0,8326950.0,9300380.0,9082850.0,8631480.0,5317450.0,4246310.0,381570.0,930650.0,18288000.0,20416000.0,19952000.0,18959000.0,11680000.0,9340000.0,842000.0,2047000.0
20231101,1166010.0,7874690.0,9342590.0,11731220.0,11429330.0,7934110.0,6994470.0,2177060.0,1950690.0,16787000.0,19869000.0,24950000.0,24300000.0,16834000.0,14889000.0,4628000.0,4142000.0
20231102,-989480.0,8598000.0,7343800.0,8897450.0,9162180.0,6601930.0,7329630.0,117310.0,379090.0,18637000.0,15954000.0,19313000.0,19866000.0,14353000.0,15912000.0,255000.0,826000.0
20231103,326600.0,4283500.0,4577370.0,5612490.0,5645230.0,3427200.0,3422190.0,841940.0,520350.0,9383000.0,10031000.0,12293000.0,12367000.0,7513000.0,7493000.0,1838000.0,1135000.0
20231106,-813910.0,8554590.0,7898050.0,8216400.0,8059020.0,5248620.0,5781960.0,559570.0,840140.0,18415000.0,17017000.0,17704000.0,17364000.0,11305000.0,12438000.0,1198000.0,1805000.0
20231107,756150.0,4055270.0,4455020.0,5115160.0,5471560.0,4416570.0,3506960.0,894970.0,1048430.0,8722000.0,9586000.0,11004000.0,11764000.0,9495000.0,7536000.0,1926000.0,2261000.0
20231108,221590.0,8433880.0,6430230.0,8795590.0,11020840.0,3743980.0,3979140.0,1048910.0,592160.0,17985000.0,13721000.0,18735000.0,23470000.0,7964000.0,8459000.0,2225000.0,1259000.0
20231109,-319800.0,9941560.0,9569340.0,13077560.0,13129990.0,6548110.0,8241440.0,2796140.0,1422610.0,20564000.0,19823000.0,27085000.0,27212000.0,13583000.0,17066000.0,5802000.0,2932000.0
20231110,120330.0,8229650.0,7877500.0,8697120.0,9169590.0,4433350.0,4554380.0,1693810.0,1452450.0,16912000.0,16189000.0,17894000.0,18845000.0,9086000.0,9352000.0,3484000.0,2990000.0
20231113,-4759470.0,21042690.0,11547850.0,12681590.0,17416970.0,9745020.0,11552560.0,2959230.0,5911160.0,41808000.0,23001000.0,25228000.0,34608000.0,19313000.0,22884000.0,5821000.0,11677000.0
20231114,-6677430.0,17316560.0,11130740.0,20899100.0,20407510.0,11680310.0,13664960.0,270840.0,4963620.0,33573000.0,21610000.0,40583000.0,39675000.0,22758000.0,26535000.0,525000.0,9619000.0
20231115,3370830.0,6979680.0,8051670.0,9762700.0,12061550.0,8209190.0,4664700.0,1266960.0,1440620.0,13889000.0,16021000.0,19420000.0,23999000.0,16338000.0,9281000.0,2525000.0,2872000.0
20231116,-579200.0,7658890.0,6857830.0,7842140.0,8064010.0,5488140.0,5166820.0,805170.0,1705690.0,15399000.0,13782000.0,15762000.0,16202000.0,11045000.0,10407000.0,1624000.0,3439000.0
20231117,312190.0,9146850.0,8394580.0,6385510.0,7449980.0,3125290.0,2221290.0,702530.0,1294340.0,18306000.0,16798000.0,12778000.0,14909000.0,6258000.0,4438000.0,1401000.0,2597000.0
20231120,-1018380.0,19947680.0,15786440.0,11007860.0,14150720.0,4998180.0,5599630.0,952420.0,1369350.0,38861000.0,30753000.0,21493000.0,27609000.0,9776000.0,10924000.0,1852000.0,2696000.0
20231121,-2924090.0,17427060.0,12182280.0,10389170.0,12709870.0,6026690.0,8329990.0,720400.0,1341190.0,33735000.0,23598000.0,20128000.0,24611000.0,11679000.0,16144000.0,1392000.0,2582000.0
20231122,-1068430.0,9531160.0,7783020.0,7085220.0,7764940.0,5717150.0,5937060.0,2625980.0,3474500.0,18383000.0,15014000.0,13664000.0,14973000.0,11002000.0,11459000.0,5065000.0,6668000.0
20231123,-1990670.0,12786710.0,9445850.0,10276780.0,11626970.0,7484460.0,9235580.0,3105200.0,3344750.0,24353000.0,17981000.0,19538000.0,22107000.0,14228000.0,17556000.0,5900000.0,6377000.0
20231124,-352490.0,7260140.0,6019630.0,6962510.0,7850520.0,4171850.0,4769860.0,958910.0,713390.0,14027000.0,11616000.0,13436000.0,15166000.0,8035000.0,9194000.0,1846000.0,1367000.0
20231127,3253660.0,7654860.0,10640810.0,8002740.0,8270460.0,6707820.0,4702380.0,2642630.0,1394410.0,14754000.0,20516000.0,15413000.0,15920000.0,12914000.0,9044000.0,5083000.0,2685000.0
20231128,-433190.0,10164200.0,10671020.0,6677770.0,5737760.0,4428230.0,4556590.0,419260.0,724090.0,19340000.0,20315000.0,12718000.0,10923000.0,8429000.0,8667000.0,801000.0,1382000.0
20231129,-669890.0,6754080.0,6382100.0,5154890.0,4856970.0,2983300.0,3209140.0,321700.0,765750.0,12770000.0,12067000.0,9744000.0,9180000.0,5636000.0,6067000.0,608000.0,1444000.0
20231130,-423540.0,7778910.0,6962210.0,6201660.0,6594840.0,3045600.0,2766480.0,363820.0,1066480.0,14860000.0,13308000.0,11853000.0,12593000.0,5824000.0,5287000.0,700000.0,2047000.0
20231201,-2175370.0,8451780.0,6557590.0,6674360.0,6393190.0,2099610.0,3639030.0,283680.0,919630.0,16175000.0,12548000.0,12788000.0,12244000.0,4037000.0,6986000.0,540000.0,1762000.0
20231204,-1938150.0,11696770.0,12348500.0,10424900.0,7835020.0,4942430.0,4835670.0,526480.0,2571390.0,22242000.0,23459000.0,19810000.0,14907000.0,9402000.0,9185000.0,1002000.0,4906000.0
20231205,-402450.0,9235670.0,7680580.0,7112610.0,8265250.0,3541820.0,4039720.0,1702200.0,1606750.0,18012000.0,14967000.0,13871000.0,16110000.0,6900000.0,7879000.0,3321000.0,3147000.0
20231206,-675550.0,12963090.0,10542630.0,7363420.0,9108330.0,3999860.0,4137200.0,357530.0,895740.0,25541000.0,20773000.0,14506000.0,17940000.0,7874000.0,8147000.0,704000.0,1765000.0
20231207,712930.0,12113670.0,11592140.0,7437890.0,8672350.0,3806030.0,3456110.0,1686200.0,1323190.0,24008000.0,22960000.0,14728000.0,17157000.0,7530000.0,6848000.0,3333000.0,2634000.0
20231208,-988880.0,18356960.0,16124130.0,18123020.0,19366970.0,4180190.0,5576300.0,2920690.0,2513460.0,35791000.0,31410000.0,35312000.0,37727000.0,8128000.0,10846000.0,5610000.0,4856000.0
20231211,122670.0,16168090.0,16453760.0,12478890.0,12315890.0,4956500.0,4013500.0,540010.0,1360340.0,31696000.0,32237000.0,24457000.0,24134000.0,9693000.0,7867000.0,1055000.0,2663000.0
20231212,14380.0,9802070.0,9443110.0,6918430.0,7291760.0,3104090.0,2728550.0,508930.0,870090.0,19484000.0,18780000.0,13748000.0,14484000.0,6166000.0,5422000.0,1009000.0,1719000.0
20231213,-1516930.0,12360240.0,11422270.0,11725080.0,11146130.0,5648540.0,6217660.0,1836480.0,2784290.0,24076000.0,22223000.0,22792000.0,21684000.0,10972000.0,12079000.0,3568000.0,5422000.0
20231214,-1594710.0,9665430.0,8886020.0,7956920.0,7141620.0,2625830.0,2928830.0,271640.0,1563350.0,18775000.0,17255000.0,15449000.0,13876000.0,5102000.0,5686000.0,528000.0,3038000.0
20231215,-395360.0,6374540.0,7520010.0,7886240.0,6345400.0,2357010.0,2456060.0,276610.0,572920.0,12410000.0,14640000.0,15324000.0,12334000.0,4590000.0,4772000.0,538000.0,1116000.0
20231218,-375590.0,4615500.0,4573620.0,4285630.0,3951930.0,1263270.0,1455590.0,228500.0,411770.0,9124000.0,9043000.0,8470000.0,7810000.0,2500000.0,2874000.0,451000.0,818000.0
20231219,425490.0,5635930.0,6181250.0,6634020.0,6514180.0,3881050.0,4002350.0,1660540.0,1113750.0,11102000.0,12157000.0,13055000.0,12804000.0,7625000.0,7875000.0,3244000.0,2190000.0
20231220,135400.0,7011380.0,7714000.0,4843720.0,4276500.0,1727080.0,1340390.0,0.0,251290.0,14051000.0,15469000.0,9690000.0,8542000.0,3446000.0,2678000.0,0.0,498000.0
20231221,-1727980.0,8852360.0,9562100.0,7325800.0,4888080.0,2196200.0,2390140.0,604970.0,2139010.0,18003000.0,19419000.0,14826000.0,9902000.0,4455000.0,4855000.0,1227000.0,4334000.0
20231222,948540.0,9050490.0,10096580.0,6912600.0,6815050.0,3342460.0,2496880.0,893840.0,790880.0,17833000.0,19899000.0,13627000.0,13416000.0,6576000.0,4908000.0,1753000.0,1565000.0
20231225,4777520.0,12932880.0,19276660.0,17732150.0,16165880.0,10973200.0,7509690.0,3026140.0,1712130.0,24498000.0,36524000.0,33439000.0,30462000.0,20705000.0,14145000.0,5694000.0,3206000.0
20231226,-810600.0,9445710.0,9245790.0,8507350.0,7896670.0,3087110.0,3413390.0,251850.0,736170.0,18174000.0,17782000.0,16380000.0,15196000.0,5913000.0,6554000.0,476000.0,1410000.0
20231227,246980.0,9483720.0,8816310.0,5542370.0,6456750.0,2705320.0,2501650.0,242990.0,199680.0,18183000.0,16907000.0,10645000.0,12403000.0,5190000.0,4796000.0,467000.0,380000.0
20231228,1169070.0,7690690.0,8473170.0,8757200.0,9143790.0,5476140.0,3681520.0,1160560.0,1786110.0,14629000.0,16109000.0,16659000.0,17386000.0,10400000.0,6997000.0,2206000.0,3402000.0
20231229,80120.0,10695650.0,10771240.0,10371990.0,10376520.0,5461090.0,5162380.0,699290.0,917880.0,20070000.0,20219000.0,19460000.0,19469000.0,10245000.0,9682000.0,1313000.0,1717000.0
20240102,2547450.0,10734250.0,16035130.0,14513570.0,11760130.0,9576790.0,7001810.0,1257120.0,1284650.0,19763000.0,29517000.0,26700000.0,21624000.0,17586000.0,12859000.0,2300000.0,2348000.0
20240103,2319920.0,7032470.0,8673800.0,9879130.0,10557720.0,6977820.0,4286210.0,326560.0,698250.0,13088000.0,16117000.0,18375000.0,19627000.0,12941000.0,7969000.0,607000.0,1298000.0
20240104,-92000.0,9168740.0,8355190.0,9818640.0,10540190.0,4310120.0,4357830.0,398960.0,443250.0,17156000.0,15606000.0,18356000.0,19745000.0,8058000.0,8146000.0,750000.0,823000.0
20240105,2596510.0,16494250.0,17262390.0,17667100.0,19495480.0,11635000.0,8374130.0,698490.0,1362850.0,32698000.0,34269000.0,35034000.0,38683000.0,23111000.0,16586000.0,1398000.0,2703000.0
20240108,-119640.0,15617710.0,16303650.0,16247980.0,15442400.0,5998760.0,6189940.0,769150.0,697610.0,32955000.0,34411000.0,34265000.0,32594000.0,12608000.0,12978000.0,1607000.0,1452000.0
20240109,2667790.0,13011030.0,16894520.0,12167820.0,10952120.0,5824800.0,3719820.0,1967240.0,1404430.0,28403000.0,36865000.0,26543000.0,23893000.0,12737000.0,8122000.0,4259000.0,3061000.0
20240110,220400.0,10358210.0,10423350.0,6465380.0,6620640.0,2874820.0,2880900.0,439840.0,213360.0,22794000.0,22928000.0,14229000.0,14566000.0,6321000.0,6353000.0,971000.0,469000.0
20240111,1007610.0,7117900.0,9326830.0,5845720.0,4644400.0,2362880.0,1355270.0,0.0,0.0,15673000.0,20536000.0,12870000.0,10221000.0,5198000.0,2985000.0,0.0,0.0
20240112,1497310.0,14974730.0,17997920.0,14761000.0,13235120.0,5868490.0,5296650.0,3093120.0,2167650.0,34035000.0,40832000.0,33460000.0,30007000.0,13287000.0,11983000.0,6927000.0,4886000.0
20240115,1279980.0,23265680.0,21707680.0,19174560.0,22012540.0,9727690.0,8618860.0,1162760.0,991610.0,56403000.0,52664000.0,46438000.0,53323000.0,23560000.0,20849000.0,2825000.0,2391000.0
20240116,-1554050.0,17302510.0,13787980.0,12266790.0,14227270.0,3882580.0,6282210.0,1661670.0,816090.0,42069000.0,33528000.0,29821000.0,34615000.0,9451000.0,15275000.0,4045000.0,1968000.0
20240117,-1173050.0,16658960.0,19036990.0,13454530.0,9903450.0,4144970.0,4505910.0,1300550.0,2112660.0,42259000.0,48313000.0,34130000.0,25125000.0,10489000.0,11398000.0,3280000.0,5323000.0
20240118,-3063490.0,11628240.0,10703030.0,9524850.0,7386570.0,4793600.0,4775660.0,1346590.0,4428020.0,30235000.0,27778000.0,24777000.0,19176000.0,12472000.0,12444000.0,3510000.0,11597000.0
20240119,-2009840.0,11289450.0,10270950.0,9610830.0,8619490.0,2793560.0,4247260.0,347370.0,903510.0,28827000.0,26222000.0,24505000.0,21986000.0,7119000.0,10827000.0,892000.0,2306000.0
20240122,240800.0,11921020.0,12616000.0,7597640.0,7143460.0,4469730.0,3395400.0,457550.0,1291080.0,31077000.0,32880000.0,19827000.0,18615000.0,11682000.0,8905000.0,1197000.0,3383000.0
20240123,732320.0,9556010.0,10310910.0,6488330.0,6465750.0,2797960.0,2343020.0,290570.0,13190.0,25470000.0,27475000.0,17267000.0,17220000.0,7450000.0,6238000.0,780000.0,35000.0
20240124,960.0,8616360.0,10142730.0,6769930.0,5244530.0,2344750.0,2766060.0,422270.0,0.0,22851000.0,26916000.0,17929000.0,13875000.0,6212000.0,7315000.0,1114000.0,0.0
20240125,1234930.0,10737940.0,11270580.0,8336730.0,9039020.0,4934600.0,4075550.0,775890.0,400010.0,27306000.0,28670000.0,21232000.0,22987000.0,12536000.0,10361000.0,1954000.0,1010000.0
20240126,-578000.0,10164480.0,9041900.0,5906460.0,6451050.0,2651130.0,3385380.0,392620.0,236370.0,25743000.0,22928000.0,14976000.0,16354000.0,6729000.0,8564000.0,988000.0,590000.0
20240129,2037780.0,8012140.0,9192000.0,7585340.0,8443260.0,3608220.0,3102640.0,2205140.0,672940.0,20782000.0,23795000.0,19615000.0,21830000.0,9322000.0,8038000.0,5688000.0,1743000.0
20240130,-1219300.0,9828850.0,8614050.0,6726460.0,6721970.0,3892670.0,4476020.0,523390.0,1159340.0,26474000.0,23198000.0,18141000.0,18122000.0,10516000.0,12117000.0,1431000.0,3125000.0
20240131,-1897440.0,10936970.0,8881740.0,6539760.0,6697550.0,2413600.0,3941330.0,351980.0,721690.0,30499000.0,24729000.0,18255000.0,18690000.0,6745000.0,11049000.0,989000.0,2021000.0
20240201,65350.0,7655620.0,7174320.0,4414290.0,4960940.0,2095260.0,2343700.0,1290500.0,976710.0,21433000.0,20070000.0,12367000.0,13881000.0,5863000.0,6555000.0,3569000.0,2725000.0
20240202,-840300.0,10456540.0,9376720.0,7392700.0,7632230.0,3869130.0,4190710.0,307750.0,826470.0,30266000.0,27106000.0,21419000.0,22087000.0,11203000.0,12169000.0,890000.0,2415000.0
20240205,-2320990.0,19114830.0,15218810.0,8177190.0,9752220.0,2119840.0,4426440.0,247470.0,261860.0,57046000.0,45509000.0,24678000.0,29193000.0,6392000.0,13337000.0,736000.0,812000.0
20240206,-801820.0,17189600.0,15205260.0,9635050.0,10817580.0,4872210.0,5428320.0,835070.0,1080780.0,47601000.0,42239000.0,26774000.0,29970000.0,13478000.0,15012000.0,2311000.0,2944000.0
20240207,-5941260.0,31363380.0,20706570.0,13282860.0,17998410.0,5380650.0,10557700.0,923200.0,1687410.0,78873000.0,52090000.0,33547000.0,45366000.0,13567000.0,26627000.0,2333000.0,4236000.0
20240208,-5879200.0,24158190.0,16357760.0,12269290.0,14190530.0,5788370.0,9851180.0,599470.0,2415860.0,56759000.0,38545000.0,28931000.0,33399000.0,13698000.0,23193000.0,1413000.0,5665000.0
20240219,2377630.0,18092060.0,21423320.0,13985060.0,13031440.0,6789090.0,4417480.0,807350.0,801330.0,45242000.0,53575000.0,34889000.0,32477000.0,16966000.0,11031000.0,2004000.0,2017000.0
20240220,10.0,8122410.0,9227800.0,7287410.0,6182030.0,2375850.0,2488050.0,344160.0,231950.0,20606000.0,23395000.0,18458000.0,15669000.0,6016000.0,6301000.0,871000.0,586000.0
20240221,-375210.0,9209250.0,9837940.0,8959540.0,7955640.0,4969160.0,4596460.0,403940.0,1151850.0,23157000.0,24771000.0,22530000.0,19994000.0,12497000.0,11536000.0,1011000.0,2893000.0
20240222,1684750.0,11086670.0,12288750.0,8474600.0,8957270.0,5408330.0,3592330.0,416070.0,547320.0,28319000.0,31394000.0,21642000.0,22854000.0,13796000.0,9169000.0,1055000.0,1394000.0
20240223,1197300.0,12409850.0,13806590.0,10433520.0,10234090.0,6220870.0,4831280.0,350330.0,542620.0,31797000.0,35391000.0,26742000.0,26215000.0,15946000.0,12384000.0,904000.0,1399000.0
20240226,-106950.0,12558200.0,11263800.0,10909170.0,12096620.0,6249240.0,5411000.0,892590.0,1837780.0,32002000.0,28683000.0,27784000.0,30820000.0,15910000.0,13777000.0,2274000.0,4689000.0
20240227,208130.0,11910480.0,11528330.0,11385200.0,11975500.0,6963880.0,7171290.0,1461350.0,1045810.0,30160000.0,29170000.0,28759000.0,30274000.0,17563000.0,18067000.0,3664000.0,2635000.0
20240228,1106790.0,15271970.0,14607640.0,12548710.0,14319830.0,8391380.0,7530080.0,1041500.0,796010.0,37980000.0,36334000.0,31124000.0,35535000.0,20798000.0,18626000.0,2568000.0,1976000.0
20240229,253680.0,14859580.0,13680180.0,11397750.0,12830820.0,7570000.0,7518950.0,739190.0,536560.0,37643000.0,34666000.0,28882000.0,32484000.0,19170000.0,19047000.0,1868000.0,1365000.0
20240301,26480.0,13138480.0,12056430.0,11565600.0,12674130.0,6822340.0,7594690.0,1651020.0,852190.0,32655000.0,30005000.0,28799000.0,31541000.0,16961000.0,18844000.0,4101000.0,2126000.0
20240304,903720.0,10136730.0,12134960.0,13871440.0,12776940.0,5238170.0,5386170.0,1309790.0,258070.0,25204000.0,30141000.0,34379000.0,31682000.0,12975000.0,13340000.0,3248000.0,643000.0
20240305,-2625220.0,13778870.0,10869400.0,13164290.0,13448550.0,4858130.0,7466580.0,1017230.0,1034000.0,34336000.0,27080000.0,32833000.0,33518000.0,12102000.0,18626000.0,2524000.0,2572000.0
20240306,2677370.0,9741220.0,12055180.0,12370280.0,12733690.0,7767370.0,8013070.0,4126590.0,1203520.0,24027000.0,29744000.0,30526000.0,31403000.0,19108000.0,19705000.0,10141000.0,2949000.0
20240307,241750.0,7991040.0,9312010.0,10268370.0,9189150.0,4630060.0,4757270.0,997740.0,628780.0,19882000.0,23160000.0,25531000.0,22813000.0,11490000.0,11827000.0,2478000.0,1580000.0
20240308,-1902390.0,11523240.0,10302730.0,12909550.0,12227660.0,5640420.0,5672800.0,1001460.0,2871470.0,29728000.0,26588000.0,33286000.0,31497000.0,14528000.0,14623000.0,2583000.0,7416000.0
20240311,-596530.0,13980070.0,11078230.0,10624360.0,12929660.0,5973940.0,6333350.0,748610.0,985730.0,35363000.0,28007000.0,26835000.0,32679000.0,15066000.0,15972000.0,1872000.0,2478000.0
20240312,1358120.0,11826350.0,12045830.0,13176050.0,14314690.0,9047630.0,7825430.0,1725550.0,1589630.0,29103000.0,29636000.0,32377000.0,35159000.0,22213000.0,19224000.0,4228000.0,3901000.0
20240313,-406160.0,10497880.0,12455600.0,17321430.0,14957560.0,9035340.0,8393810.0,1413990.0,2461680.0,25767000.0,30573000.0,42522000.0,36715000.0,22171000.0,20603000.0,3473000.0,6041000.0
20240314,-1226790.0,10090330.0,9616910.0,10658970.0,9905600.0,6211750.0,6749300.0,1421910.0,2111150.0,25579000.0,24372000.0,26982000.0,25063000.0,15743000.0,17118000.0,3606000.0,5358000.0
20240315,-1280120.0,9238780.0,9371830.0,10812200.0,9399020.0,3774740.0,5140700.0,1320420.0,1234580.0,23416000.0,23754000.0,27403000.0,23817000.0,9556000.0,13027000.0,3357000.0,3133000.0
20240318,-1463090.0,12200890.0,10283530.0,13742780.0,14197050.0,7422160.0,7042310.0,1318310.0,3161250.0,30353000.0,25573000.0,34151000.0,35270000.0,18442000.0,17497000.0,3289000.0,7894000.0
20240319,43290.0,10040620.0,11252250.0,13451100.0,12282770.0,8422800.0,7339200.0,1798700.0,2839010.0,24629000.0,27594000.0,32951000.0,30084000.0,20626000.0,17975000.0,4408000.0,6960000.0
20240320,-1508830.0,9199590.0,8127510.0,8453450.0,8016700.0,5528250.0,5608120.0,1804890.0,3233850.0,22919000.0,20243000.0,21050000.0,19962000.0,13765000.0,13969000.0,4491000.0,8052000.0
20240321,-117280.0,8308990.0,8561380.0,9468710.0,9099040.0,5196790.0,5169420.0,1350580.0,1495230.0,20751000.0,21374000.0,23646000.0,22708000.0,12971000.0,12923000.0,3374000.0,3738000.0
20240322,-1576960.0,10138380.0,10245450.0,9445960.0,7761930.0,4311670.0,5843920.0,724090.0,768800.0,25910000.0,26187000.0,24133000.0,19823000.0,11018000.0,14943000.0,1858000.0,1966000.0
20240325,903970.0,8673650.0,9802610.0,9106070.0,8881080.0,5877070.0,6686940.0,3633790.0,1919950.0,22745000.0,25704000.0,23878000.0,23308000.0,15416000.0,17557000.0,9566000.0,5036000.0
20240326,-606430.0,8867990.0,7943240.0,7842740.0,8161050.0,3405290.0,5339290.0,3403730.0,2076160.0,23776000.0,21285000.0,21038000.0,21891000.0,9150000.0,14352000.0,9165000.0,5601000.0
20240327,-224090.0,8583610.0,7360150.0,7478840.0,8478210.0,3145310.0,3724030.0,1189490.0,834860.0,23427000.0,20098000.0,20434000.0,23175000.0,8598000.0,10174000.0,3278000.0,2290000.0
20240328,832120.0,9168440.0,10179290.0,7721950.0,7543210.0,5543820.0,3581040.0,651260.0,1781920.0,24840000.0,27576000.0,20913000.0,20428000.0,14984000.0,9697000.0,1766000.0,4803000.0
20240329,-2294300.0,7332410.0,6397250.0,7013020.0,5653890.0,3912330.0,5390550.0,1037440.0,1853520.0,20009000.0,17452000.0,19139000.0,15426000.0,10669000.0,14699000.0,2828000.0,5068000.0
20240401,-378480.0,10801620.0,10451040.0,10065770.0,10037870.0,4454650.0,4337530.0,641330.0,1136930.0,28214000.0,27293000.0,26297000.0,26223000.0,11637000.0,11334000.0,1681000.0,2979000.0
20240402,820630.0,7626410.0,8792090.0,7754970.0,7409920.0,5896830.0,6085370.0,1571020.0,561850.0,19789000.0,22795000.0,20120000.0,19224000.0,15291000.0,15782000.0,4050000.0,1448000.0
20240403,1751390.0,9743540.0,11414330.0,12349140.0,12429750.0,5924850.0,5053170.0,1359860.0,480150.0,24993000.0,29243000.0,31640000.0,31797000.0,15107000.0,12925000.0,3449000.0,1224000.0
20240408,-1004430.0,9649790.0,8489590.0,7073100.0,7228880.0,3336020.0,4860350.0,1977910.0,1458010.0,25387000.0,22357000.0,18597000.0,19014000.0,8777000.0,12775000.0,5232000.0,3847000.0
20240409,656870.0,5222430.0,6352650.0,4856860.0,4383500.0,2150570.0,1910280.0,440280.0,23700.0,13653000.0,16604000.0,12700000.0,11469000.0,5616000.0,4993000.0,1159000.0,62000.0
20240410,-106670.0,7073210.0,7730750.0,6570230.0,5806030.0,2476590.0,2196850.0,204940.0,591350.0,18585000.0,20301000.0,17243000.0,15232000.0,6497000.0,5771000.0,533000.0,1555000.0
20240411,625880.0,5321770.0,6739310.0,5099940.0,4308280.0,2017650.0,1327360.0,51060.0,115470.0,13872000.0,17560000.0,13287000.0,11226000.0,5254000.0,3459000.0,132000.0,300000.0
20240412,642770.0,5601330.0,6896770.0,5083470.0,4430810.0,2119960.0,2193830.0,906910.0,190270.0,14653000.0,18048000.0,13294000.0,11587000.0,5547000.0,5749000.0,2388000.0,496000.0
20240415,-453840.0,7965300.0,6949090.0,5104680.0,5667060.0,2096280.0,2888400.0,338280.0,0.0,21017000.0,18323000.0,13466000.0,14943000.0,5528000.0,7631000.0,886000.0,0.0
20240416,-156190.0,10906180.0,9912730.0,6335020.0,7172290.0,2960410.0,2947830.0,443020.0,611790.0,29437000.0,26750000.0,17155000.0,19406000.0,8024000.0,8002000.0,1206000.0,1664000.0
20240417,146880.0,9717040.0,9961670.0,7284740.0,7186990.0,4622010.0,3590180.0,515440.0,1400390.0,26305000.0,26970000.0,19717000.0,19443000.0,12511000.0,9715000.0,1387000.0,3792000.0
20240418,136190.0,9393230.0,8718140.0,6855860.0,7667150.0,3730060.0,3647620.0,237470.0,183720.0,24785000.0,23011000.0,18115000.0,20229000.0,9829000.0,9624000.0,621000.0,487000.0
20240419,1430390.0,10421730.0,12801410.0,8637700.0,7688410.0,5450280.0,5089170.0,1595850.0,526570.0,26899000.0,33013000.0,22275000.0,19811000.0,14018000.0,13124000.0,4115000.0,1358000.0
20240422,6545110.0,13200810.0,13356230.0,13052690.0,19442370.0,11993050.0,5225750.0,246190.0,468380.0,33341000.0,33724000.0,32939000.0,49029000.0,30224000.0,13184000.0,618000.0,1184000.0
20240423,-772160.0,10593960.0,8803960.0,9230170.0,10248010.0,4994010.0,6265450.0,1862760.0,1363480.0,27385000.0,22745000.0,23886000.0,26521000.0,12925000.0,16244000.0,4851000.0,3538000.0
20240424,511060.0,8445970.0,7746750.0,7124630.0,8334920.0,4057280.0,3458460.0,617990.0,705750.0,22141000.0,20293000.0,18666000.0,21852000.0,10639000.0,9062000.0,1624000.0,1862000.0
20240425,591460.0,8507800.0,7315940.0,5969140.0,7752450.0,2569820.0,2020360.0,156900.0,114900.0,22397000.0,19255000.0,15714000.0,20416000.0,6765000.0,5319000.0,413000.0,300000.0
20240426,-1051510.0,15751110.0,13048530.0,13081560.0,14732630.0,7530390.0,8030390.0,325530.0,877040.0,41390000.0,34275000.0,34375000.0,38728000.0,19772000.0,21090000.0,860000.0,2304000.0
20240429,-2819310.0,20893250.0,16551690.0,13490040.0,15012280.0,8776010.0,11611470.0,1086710.0,1070560.0,53431000.0,42305000.0,34511000.0,38376000.0,22416000.0,29727000.0,2786000.0,2737000.0
20240430,4240850.0,18392210.0,22425010.0,22871220.0,23079280.0,18017960.0,14776210.0,3607060.0,2607960.0,46829000.0,57053000.0,58278000.0,58860000.0,46024000.0,37702000.0,9108000.0,6624000.0
20240506,3992320.0,16055730.0,16440070.0,17775850.0,21383820.0,10357330.0,8034440.0,3399170.0,1729740.0,40331000.0,41267000.0,44626000.0,53691000.0,25959000.0,20167000.0,8543000.0,4334000.0
20240507,819270.0,17554520.0,16087190.0,17144370.0,19430970.0,11892820.0,12974160.0,3651590.0,1750980.0,43296000.0,39670000.0,42295000.0,47909000.0,29372000.0,32058000.0,9006000.0,4331000.0
20240508,-535830.0,10402900.0,10056480.0,7712260.0,7522850.0,4906720.0,6039430.0,1358160.0,761280.0,25803000.0,24946000.0,19144000.0,18670000.0,12185000.0,14993000.0,3371000.0,1893000.0
20240509,-2998390.0,25386320.0,19688690.0,21123660.0,23822910.0,14300340.0,16163020.0,4780110.0,5915820.0,60011000.0,46565000.0,49969000.0,56322000.0,33761000.0,38188000.0,11215000.0,13881000.0
20240510,-543030.0,14766890.0,15175110.0,17552140.0,16600890.0,12826560.0,11975140.0,2214510.0,3608960.0,33934000.0,34846000.0,40301000.0,38110000.0,29476000.0,27535000.0,5096000.0,8316000.0
20240513,3840380.0,13219380.0,16096850.0,13356140.0,14319050.0,8589910.0,7524080.0,3154730.0,380180.0,30178000.0,36739000.0,30496000.0,32699000.0,19656000.0,17204000.0,7174000.0,862000.0
20240514,3175490.0,8162150.0,9503370.0,9870080.0,11704350.0,9754090.0,8849980.0,4415450.0,2144070.0,18453000.0,21437000.0,22240000.0,26388000.0,21985000.0,19964000.0,9961000.0,4851000.0
20240515,1492370.0,6008520.0,7008800.0,8554120.0,9046200.0,6843090.0,6640650.0,2889160.0,1599230.0,13667000.0,15879000.0,19417000.0,20501000.0,15485000.0,15073000.0,6498000.0,3614000.0
20240516,-2946510.0,11736020.0,8750460.0,10981200.0,11020240.0,6623940.0,8216770.0,1374500.0,2728180.0,27532000.0,20546000.0,25757000.0,25842000.0,15514000.0,19210000.0,3198000.0,6404000.0
20240517,-1421930.0,8844600.0,7713880.0,9597330.0,9306100.0,5059580.0,6650190.0,2391150.0,2222470.0,20705000.0,18061000.0,22506000.0,21815000.0,11829000.0,15568000.0,5574000.0,5172000.0
20240520,-391180.0,11339220.0,13047320.0,13811130.0,11711850.0,10047320.0,7032650.0,2011380.0,5417230.0,25859000.0,29652000.0,31403000.0,26587000.0,22818000.0,15994000.0,4579000.0,12425000.0
20240521,-817380.0,6113840.0,5938720.0,5263980.0,4621720.0,2162570.0,2959700.0,87040.0,107290.0,14185000.0,13780000.0,12204000.0,10715000.0,5017000.0,6863000.0,201000.0,249000.0
20240522,345130.0,4618110.0,4378470.0,4532030.0,5116800.0,3968860.0,3229870.0,256790.0,650650.0,10835000.0,10264000.0,10635000.0,12001000.0,9314000.0,7589000.0,604000.0,1534000.0
20240523,1091820.0,6002860.0,6757150.0,4800350.0,5137890.0,4402170.0,3436980.0,228870.0,102240.0,14188000.0,15971000.0,11348000.0,12146000.0,10402000.0,8120000.0,540000.0,241000.0
20240524,-2011280.0,5626030.0,4427400.0,5662740.0,4850100.0,2794230.0,3733450.0,578340.0,1650400.0,13419000.0,10547000.0,13521000.0,11563000.0,6664000.0,8908000.0,1362000.0,3949000.0
20240527,-3387400.0,8833060.0,7282600.0,8786660.0,6949720.0,7694560.0,4904210.0,2456750.0,8634500.0,21591000.0,17791000.0,21476000.0,16974000.0,18823000.0,11980000.0,6022000.0,21167000.0
20240528,1167980.0,7278430.0,7150910.0,4660140.0,5955630.0,3551280.0,3057610.0,1513390.0,839080.0,17582000.0,17278000.0,11270000.0,14382000.0,8579000.0,7393000.0,3651000.0,2030000.0
20240529,-1004260.0,5376690.0,4910000.0,4394980.0,3857410.0,2799770.0,2594280.0,466940.0,1676690.0,13105000.0,11965000.0,10719000.0,9401000.0,6843000.0,6329000.0,1134000.0,4106000.0
20240530,-244350.0,9966480.0,8438080.0,5846620.0,7130670.0,3698210.0,3667510.0,0.0,275050.0,24150000.0,20443000.0,14166000.0,17283000.0,8954000.0,8873000.0,0.0,671000.0
20240531,-680890.0,15375140.0,11538100.0,8598000.0,11754150.0,6042290.0,8296320.0,2625050.0,1051910.0,35926000.0,26963000.0,20115000.0,27490000.0,14123000.0,19409000.0,6143000.0,2444000.0
20240603,-1735430.0,16074710.0,13574850.0,6761160.0,7525590.0,2220610.0,3895470.0,1013500.0,1074070.0,37901000.0,32011000.0,15912000.0,17717000.0,5218000.0,9147000.0,2356000.0,2512000.0
20240604,845530.0,10834370.0,11252570.0,6820820.0,7248150.0,3451290.0,2391770.0,158370.0,372360.0,25501000.0,26488000.0,16033000.0,17016000.0,8097000.0,5624000.0,370000.0,873000.0
20240605,-501990.0,10043010.0,10483070.0,9729160.0,8787110.0,4770710.0,5069580.0,488300.0,691420.0,23410000.0,24433000.0,22658000.0,20458000.0,11083000.0,11786000.0,1134000.0,1608000.0
20240606,-334150.0,6878130.0,6440120.0,4688380.0,4792250.0,2925410.0,2633250.0,3750.0,630060.0,16464000.0,15413000.0,11217000.0,11465000.0,7001000.0,6300000.0,9000.0,1514000.0
20240607,-1125990.0,7083600.0,7066810.0,6372250.0,5263050.0,3385630.0,3306870.0,861560.0,2066310.0,16990000.0,16948000.0,15295000.0,12604000.0,8154000.0,7940000.0,2051000.0,4998000.0
20240611,-732970.0,9611410.0,8619660.0,6950880.0,7209660.0,3357920.0,3967880.0,358310.0,481320.0,23069000.0,20700000.0,16641000.0,17272000.0,8046000.0,9472000.0,858000.0,1171000.0
20240612,-2001430.0,16274410.0,12486750.0,11714650.0,13500890.0,5624500.0,7365730.0,2852310.0,3112510.0,37147000.0,28489000.0,26768000.0,30827000.0,12833000.0,16823000.0,6494000.0,7102000.0
20240613,-60.0,8415870.0,9175670.0,8669690.0,7909840.0,3399700.0,2920280.0,842060.0,1321540.0,19253000.0,20986000.0,19822000.0,18089000.0,7761000.0,6658000.0,1914000.0,3015000.0
20240614,-814320.0,13640650.0,12568870.0,11576910.0,11834370.0,5723650.0,5527660.0,2044540.0,3054850.0,32074000.0,29527000.0,27230000.0,27829000.0,13448000.0,12991000.0,4786000.0,7191000.0
20240617,1247670.0,12691410.0,12983280.0,11189710.0,12145520.0,4482140.0,3067710.0,1157770.0,1324530.0,30312000.0,30947000.0,26632000.0,28986000.0,10678000.0,7297000.0,2779000.0,3171000.0
20240618,-189010.0,12130800.0,9810010.0,8344100.0,10475900.0,2295240.0,2650790.0,902930.0,736390.0,28668000.0,23188000.0,19755000.0,24786000.0,5429000.0,6277000.0,2131000.0,1733000.0
20240619,-2171250.0,8967640.0,8767610.0,9950600.0,7979380.0,6168970.0,5497560.0,1913600.0,4756260.0,21714000.0,21201000.0,24066000.0,19309000.0,14957000.0,13320000.0,4633000.0,11540000.0
20240620,-315530.0,5848940.0,7124050.0,9344260.0,7753610.0,3769790.0,3943250.0,1173630.0,1315700.0,14418000.0,17565000.0,23037000.0,19115000.0,9297000.0,9722000.0,2894000.0,3244000.0
20240621,-382940.0,6905440.0,6097970.0,4308050.0,4732580.0,1743680.0,2344990.0,1245230.0,1026860.0,16945000.0,14959000.0,10571000.0,11617000.0,4279000.0,5763000.0,3066000.0,2522000.0
20240624,-1127390.0,8427950.0,6452880.0,4788490.0,5636170.0,1965600.0,3088820.0,402000.0,406170.0,20856000.0,15952000.0,11845000.0,13954000.0,4876000.0,7660000.0,1000000.0,1010000.0
20240625,-214240.0,10370930.0,10183180.0,5701870.0,5675370.0,2617560.0,2695910.0,108810.0,244700.0,26559000.0,26065000.0,14581000.0,14544000.0,6728000.0,6907000.0,275000.0,626000.0
20240626,510270.0,7237480.0,7586850.0,4623800.0,4784700.0,3260370.0,2230240.0,344090.0,863950.0,18608000.0,19512000.0,11902000.0,12310000.0,8373000.0,5749000.0,893000.0,2205000.0
20240627,937970.0,6410750.0,6503080.0,3945820.0,4791470.0,2133140.0,1957490.0,1935070.0,1172750.0,16747000.0,16983000.0,10309000.0,12516000.0,5576000.0,5119000.0,5065000.0,3079000.0
20240628,58320.0,6510780.0,7983620.0,6527090.0,5112570.0,2271900.0,1631640.0,116490.0,698430.0,16801000.0,20598000.0,16839000.0,13176000.0,5858000.0,4209000.0,300000.0,1814000.0
20240701,1641850.0,7203520.0,8158420.0,4014280.0,4701230.0,2341680.0,2312610.0,2452280.0,839500.0,18997000.0,21509000.0,10602000.0,12421000.0,6198000.0,6122000.0,6459000.0,2202000.0
20240702,1510340.0,7048420.0,9105160.0,5072390.0,4525980.0,2934620.0,2339990.0,2457360.0,1541650.0,18670000.0,24116000.0,13432000.0,11993000.0,7791000.0,6216000.0,6538000.0,4107000.0
20240703,-2103160.0,12913570.0,10114270.0,10077590.0,10773730.0,3549550.0,5109650.0,0.0,543060.0,35600000.0,27885000.0,27814000.0,29705000.0,9769000.0,14094000.0,0.0,1499000.0
20240704,-2107640.0,8989260.0,7676160.0,5810320.0,5015780.0,2460410.0,4060440.0,420790.0,928400.0,25524000.0,21783000.0,16482000.0,14228000.0,7012000.0,11558000.0,1200000.0,2650000.0
20240705,-1953360.0,14777710.0,14325860.0,9316420.0,7814910.0,3438190.0,5379910.0,843790.0,855430.0,43571000.0,42241000.0,27438000.0,23010000.0,10127000.0,15878000.0,2509000.0,2516000.0
20240708,-935180.0,13437520.0,13398320.0,6823290.0,5927330.0,4051440.0,3924190.0,293600.0,1356030.0,41132000.0,41025000.0,20852000.0,18114000.0,12405000.0,12000000.0,905000.0,4154000.0
20240709,-16350.0,10634830.0,10154060.0,6674360.0,7138790.0,2784930.0,3275240.0,1084800.0,610840.0,32317000.0,30889000.0,20310000.0,21715000.0,8471000.0,9949000.0,3300000.0,1845000.0
20240710,205480.0,12751970.0,13747700.0,11510880.0,10720630.0,3915560.0,4072710.0,944020.0,581390.0,36988000.0,39836000.0,33370000.0,31102000.0,11337000.0,11808000.0,2730000.0,1679000.0
20240711,-139760.0,8558500.0,8131240.0,5276140.0,5563650.0,2695400.0,2702900.0,419780.0,552040.0,24241000.0,23029000.0,14956000.0,15766000.0,7642000.0,7670000.0,1186000.0,1560000.0
20240712,259710.0,7049020.0,6864380.0,4130240.0,4574580.0,1935070.0,3417140.0,2161220.0,419440.0,19820000.0,19304000.0,11620000.0,12848000.0,5433000.0,9585000.0,6047000.0,1183000.0
20240715,375930.0,6318340.0,6288020.0,1883630.0,2289890.0,954220.0,1053160.0,765130.0,290260.0,17924000.0,17841000.0,5345000.0,6495000.0,2705000.0,2984000.0,2169000.0,822000.0
20240716,488140.0,5323160.0,4697660.0,2635180.0,3748820.0,1219020.0,1124170.0,628530.0,235240.0,15116000.0,13333000.0,7487000.0,10633000.0,3454000.0,3192000.0,1774000.0,672000.0
20240717,-758630.0,5824720.0,5043040.0,2842040.0,2865090.0,917490.0,1719660.0,43540.0,0.0,16598000.0,14373000.0,8114000.0,8169000.0,2616000.0,4909000.0,124000.0,0.0
20240718,244330.0,6962390.0,7061890.0,4920860.0,5065690.0,2411760.0,2167430.0,0.0,0.0,19656000.0,19914000.0,13886000.0,14281000.0,6777000.0,6123000.0,0.0,0.0
20240719,-1268950.0,9797940.0,7732860.0,4167020.0,4963150.0,1620260.0,2595820.0,239320.0,532710.0,27248000.0,21500000.0,11593000.0,13790000.0,4504000.0,7224000.0,659000.0,1490000.0
20240722,2657800.0,9555700.0,11457570.0,7392130.0,8148070.0,4118940.0,2628860.0,1562700.0,394980.0,25942000.0,31071000.0,20080000.0,22102000.0,11128000.0,7096000.0,4184000.0,1066000.0
20240723,-897200.0,6978050.0,5879710.0,3430390.0,3631520.0,1307580.0,1829640.0,100150.0,475290.0,18922000.0,15942000.0,9318000.0,9862000.0,3565000.0,4975000.0,276000.0,1302000.0
20240724,-808400.0,7341320.0,6752520.0,4515880.0,4296300.0,1657510.0,2525500.0,263590.0,204000.0,19917000.0,18332000.0,12266000.0,11662000.0,4502000.0,6854000.0,714000.0,550000.0
20240725,-15240.0,4117510.0,4721370.0,4189890.0,3570800.0,1325530.0,1352450.0,11680.0,0.0,11148000.0,12779000.0,11329000.0,9656000.0,3586000.0,3660000.0,32000.0,0.0
20240726,67020.0,9529610.0,8004840.0,4118370.0,5710160.0,2050340.0,1631630.0,510740.0,862430.0,25131000.0,21121000.0,10874000.0,15072000.0,5398000.0,4306000.0,1363000.0,2267000.0
20240729,-941290.0,8489250.0,7481850.0,4819830.0,4885940.0,1840140.0,2887480.0,153450.0,47400.0,22367000.0,19727000.0,12717000.0,12872000.0,4859000.0,7627000.0,408000.0,125000.0
20240730,-436320.0,5665190.0,4867140.0,3423970.0,3785710.0,1188090.0,1551510.0,630480.0,703380.0,15243000.0,13084000.0,9207000.0,10184000.0,3201000.0,4188000.0,1688000.0,1883000.0
20240731,-1339640.0,10314590.0,8420910.0,4956420.0,5510450.0,2394570.0,3169420.0,531010.0,1095800.0,27145000.0,22134000.0,13073000.0,14496000.0,6311000.0,8378000.0,1396000.0,2916000.0
20240801,-1460.0,6437300.0,6697490.0,4979320.0,4717690.0,1730900.0,1688410.0,157600.0,201550.0,16970000.0,17661000.0,13144000.0,12454000.0,4562000.0,4451000.0,420000.0,529000.0
20240802,340610.0,7292760.0,7929850.0,6488190.0,6191710.0,3005490.0,1796570.0,129180.0,997490.0,19347000.0,21018000.0,17224000.0,16426000.0,7960000.0,4781000.0,343000.0,2648000.0
20240805,-594900.0,7053830.0,6576730.0,4384050.0,4266250.0,1375370.0,1263520.0,0.0,706750.0,18954000.0,17681000.0,11772000.0,11449000.0,3697000.0,3397000.0,0.0,1896000.0
20240806,-643450.0,7688540.0,6363660.0,3307220.0,3988650.0,961800.0,1702720.0,202530.0,105060.0,20596000.0,17047000.0,8865000.0,10690000.0,2577000.0,4560000.0,542000.0,282000.0
20240807,1331600.0,6113620.0,6165450.0,2416090.0,3695860.0,1765450.0,733000.0,442490.0,143340.0,16264000.0,16402000.0,6429000.0,9829000.0,4694000.0,1943000.0,1167000.0,382000.0
20240808,-695490.0,7503080.0,6884040.0,4115790.0,4039350.0,2304150.0,3247050.0,392160.0,144750.0,20575000.0,18887000.0,11301000.0,11076000.0,6344000.0,8935000.0,1079000.0,401000.0
20240809,-68350.0,5250350.0,5027750.0,1923750.0,2078000.0,769900.0,737870.0,0.0,100380.0,14383000.0,13776000.0,5282000.0,5702000.0,2117000.0,2030000.0,0.0,276000.0
20240812,-520400.0,4886640.0,4650430.0,2600340.0,2316140.0,645070.0,1165470.0,0.0,0.0,13572000.0,12916000.0,7224000.0,6431000.0,1790000.0,3239000.0,0.0,0.0
20240813,-683470.0,4145220.0,3852870.0,2252550.0,1861430.0,769650.0,1281700.0,0.0,171420.0,11500000.0,10693000.0,6243000.0,5158000.0,2135000.0,3549000.0,0.0,479000.0
20240814,406450.0,4725920.0,5718290.0,2804710.0,2218790.0,1738150.0,1309810.0,175640.0,197530.0,13229000.0,16011000.0,7836000.0,6199000.0,4864000.0,3656000.0,491000.0,553000.0
20240815,-1322050.0,7947810.0,5672670.0,5356100.0,6309180.0,3336720.0,3427130.0,147450.0,1379090.0,22601000.0,16149000.0,15258000.0,17956000.0,9513000.0,9749000.0,422000.0,3941000.0
20240816,432960.0,5685420.0,5221170.0,3000340.0,3897530.0,1763400.0,2098050.0,1310030.0,542420.0,16324000.0,14989000.0,8615000.0,11186000.0,5059000.0,6014000.0,3747000.0,1557000.0
20240819,-247550.0,4616380.0,4297210.0,3009530.0,3081150.0,831270.0,1027800.0,0.0,51020.0,13342000.0,12426000.0,8710000.0,8912000.0,2411000.0,2977000.0,0.0,149000.0
20240820,439100.0,3837810.0,4200670.0,2647920.0,2724170.0,1560960.0,919990.0,0.0,201870.0,11238000.0,12300000.0,7763000.0,7986000.0,4573000.0,2697000.0,0.0,592000.0
20240821,-491370.0,3916890.0,3995300.0,2649720.0,2079930.0,990750.0,1531530.0,406220.0,356810.0,11564000.0,11792000.0,7819000.0,6143000.0,2925000.0,4518000.0,1196000.0,1050000.0
20240822,-91460.0,3406410.0,3615020.0,1692060.0,1392000.0,1413800.0,1164660.0,0.0,340600.0,10152000.0,10775000.0,5040000.0,4149000.0,4221000.0,3471000.0,0.0,1017000.0
20240823,-1003580.0,5259920.0,4816720.0,3594430.0,3034060.0,1926100.0,2724420.0,106600.0,311860.0,15847000.0,14521000.0,10816000.0,9131000.0,5803000.0,8197000.0,319000.0,936000.0
20240826,75450.0,3905190.0,4016250.0,2430740.0,2395140.0,736900.0,661450.0,0.0,0.0,11789000.0,12123000.0,7337000.0,7230000.0,2224000.0,1997000.0,0.0,0.0
20240827,341320.0,3988130.0,3837720.0,2414710.0,2906440.0,1506200.0,1110460.0,160820.0,215240.0,12053000.0,11607000.0,7301000.0,8792000.0,4567000.0,3357000.0,485000.0,652000.0
20240828,-1501050.0,6075410.0,5327290.0,3986250.0,3233310.0,2241480.0,3474560.0,121510.0,389480.0,18288000.0,16043000.0,11990000.0,9730000.0,6746000.0,10444000.0,366000.0,1172000.0
20240829,1442820.0,7722930.0,8340110.0,6473070.0,7298710.0,4149490.0,2750290.0,263650.0,220030.0,22649000.0,24408000.0,18941000.0,21382000.0,12134000.0,8057000.0,770000.0,647000.0
20240830,-3902670.0,18583400.0,13973070.0,10937080.0,11644750.0,5623440.0,9154050.0,727190.0,1099250.0,51081000.0,38455000.0,30113000.0,32089000.0,15534000.0,25186000.0,2018000.0,3019000.0
20240902,-918380.0,8243400.0,8510210.0,5821530.0,4636370.0,1725600.0,2484330.0,370430.0,530080.0,23346000.0,24117000.0,16474000.0,13108000.0,4894000.0,7032000.0,1044000.0,1500000.0
20240903,652280.0,7066960.0,6809310.0,5011040.0,5920960.0,1935450.0,1837400.0,1389470.0,835240.0,19823000.0,19098000.0,14018000.0,16561000.0,5411000.0,5143000.0,3882000.0,2332000.0
20240904,-1274100.0,5420640.0,5332410.0,4260220.0,3074350.0,706560.0,2435790.0,455130.0,0.0,15158000.0,14909000.0,11917000.0,8597000.0,1977000.0,6817000.0,1270000.0,0.0
20240905,-409550.0,6267570.0,5089100.0,2988120.0,3757040.0,1664400.0,2591500.0,517550.0,0.0,17491000.0,14192000.0,8334000.0,10469000.0,4625000.0,7221000.0,1431000.0,0.0
20240906,-300990.0,4960100.0,4849400.0,1745120.0,1554830.0,427320.0,787970.0,128350.0,68690.0,14083000.0,13770000.0,4960000.0,4415000.0,1215000.0,2242000.0,365000.0,196000.0
20240909,-177690.0,6135490.0,6325440.0,2241450.0,1873820.0,671110.0,922540.0,157460.0,83720.0,17547000.0,18095000.0,6413000.0,5360000.0,1921000.0,2639000.0,452000.0,239000.0
20240910,198570.0,4790910.0,5254990.0,2891700.0,2626190.0,600790.0,758970.0,356750.0,0.0,13906000.0,15242000.0,8382000.0,7603000.0,1734000.0,2199000.0,1022000.0,0.0
20240911,-58470.0,5594410.0,4968880.0,1901480.0,2468530.0,615670.0,674140.0,0.0,0.0,16155000.0,14348000.0,5486000.0,7129000.0,1782000.0,1947000.0,0.0,0.0
20240912,-95770.0,4825040.0,4685650.0,1865770.0,1909390.0,854090.0,710020.0,0.0,239840.0,13933000.0,13538000.0,5387000.0,5502000.0,2469000.0,2051000.0,0.0,698000.0
20240913,882460.0,5023730.0,5288510.0,2687640.0,3305320.0,1785530.0,1577480.0,983080.0,308670.0,14744000.0,15511000.0,7875000.0,9685000.0,5213000.0,4607000.0,2867000.0,896000.0
20240918,2106460.0,5297480.0,7720190.0,3621030.0,3304800.0,2947180.0,1302730.0,577600.0,115590.0,15759000.0,22944000.0,10750000.0,9804000.0,8724000.0,3867000.0,1726000.0,343000.0
20240919,-519950.0,7449310.0,7209490.0,4398140.0,4118010.0,1936550.0,2256040.0,0.0,200460.0,22185000.0,21486000.0,13080000.0,12258000.0,5766000.0,6687000.0,0.0,600000.0
20240920,412020.0,6935530.0,6286070.0,4326040.0,5387500.0,3804060.0,4085490.0,1372970.0,679520.0,21050000.0,19074000.0,13121000.0,16342000.0,11533000.0,12402000.0,4173000.0,2059000.0
20240923,-685330.0,6183170.0,5647610.0,4674690.0,4524910.0,2666350.0,4232160.0,880480.0,0.0,18696000.0,17078000.0,14126000.0,13680000.0,8097000.0,12808000.0,2648000.0,0.0
20240924,-2858330.0,10891730.0,7758100.0,6708850.0,6984140.0,2630820.0,5197480.0,0.0,291670.0,31862000.0,22710000.0,19645000.0,20433000.0,7689000.0,15195000.0,0.0,858000.0
20240925,-563590.0,8887360.0,8491080.0,8464800.0,8297490.0,2283690.0,3112980.0,639320.0,373620.0,25323000.0,24199000.0,24158000.0,23665000.0,6513000.0,8876000.0,1818000.0,1072000.0
20240926,-537300.0,11698840.0,10662450.0,6520070.0,7019160.0,2811870.0,3469170.0,519470.0,399470.0,32378000.0,29541000.0,18119000.0,19459000.0,7813000.0,9654000.0,1454000.0,1109000.0
20240927,-80020.0,7444470.0,7432430.0,6466590.0,6398620.0,3499390.0,3574450.0,574680.0,579640.0,19308000.0,19257000.0,16788000.0,16617000.0,9097000.0,9301000.0,1477000.0,1494000.0
20240930,-7237890.0,29977090.0,29282840.0,33087620.0,26543980.0,16505960.0,18561140.0,5528270.0,10710980.0,68681000.0,66847000.0,75582000.0,60698000.0,37706000.0,42616000.0,12516000.0,24324000.0
20241008,-5993830.0,34628300.0,39347490.0,67371390.0,56658360.0,54266960.0,62134970.0,15516870.0,13642690.0,66934000.0,76016000.0,130054000.0,109227000.0,104205000.0,119483000.0,29583000.0,26051000.0
20241009,-9849910.0,34193330.0,24622260.0,40848230.0,40569390.0,20872230.0,28726310.0,8242980.0,10238810.0,68503000.0,49314000.0,81766000.0,81193000.0,41984000.0,57508000.0,16492000.0,20729000.0
20241010,373030.0,24738860.0,24352220.0,29200660.0,29960350.0,15684840.0,14338600.0,4005200.0,4978410.0,52013000.0,51156000.0,61358000.0,63001000.0,33057000.0,30213000.0,8397000.0,10455000.0
20241011,-7858980.0,21311690.0,19695920.0,29800090.0,23556880.0,14265450.0,17028820.0,4594710.0,9690320.0,46988000.0,43351000.0,65783000.0,51856000.0,31445000.0,37558000.0,10282000.0,21733000.0
20241014,3832350.0,17311140.0,19580900.0,23104210.0,24666810.0,18300380.0,14566810.0,3824990.0,3726210.0,37937000.0,42940000.0,50622000.0,53991000.0,40132000.0,31916000.0,8360000.0,8204000.0
20241015,-961400.0,18215840.0,16970640.0,17838950.0,18122750.0,11566260.0,12988260.0,4115850.0,3655250.0,38854000.0,36197000.0,38099000.0,38656000.0,24700000.0,27658000.0,8712000.0,7853000.0
20241016,563790.0,13448450.0,13208270.0,11712780.0,12516760.0,7864050.0,7276850.0,1972290.0,1995700.0,29140000.0,28622000.0,25394000.0,27094000.0,17051000.0,15800000.0,4255000.0,4325000.0
20241017,-352100.0,13203520.0,14050730.0,15933790.0,14734480.0,8563960.0,8836290.0,1671340.0,1751110.0,28026000.0,29843000.0,33816000.0,31252000.0,18180000.0,18744000.0,3551000.0,3734000.0
20241018,-6398480.0,25798720.0,19491260.0,27995080.0,27904050.0,17026110.0,21719600.0,6430540.0,8135530.0,52998000.0,40140000.0,57619000.0,57474000.0,35032000.0,44580000.0,13159000.0,16613000.0
20241021,2673690.0,19194350.0,19531140.0,25641920.0,27978820.0,18366410.0,16175460.0,3982210.0,3499470.0,38054000.0,38709000.0,50786000.0,55374000.0,36359000.0,32081000.0,7897000.0,6933000.0
20241022,-1804660.0,17985300.0,14716680.0,15309220.0,16773190.0,9209170.0,10059000.0,1378180.0,2333010.0,36457000.0,29820000.0,31042000.0,34012000.0,18686000.0,20400000.0,2795000.0,4749000.0
20241023,402680.0,16890170.0,16611290.0,24082580.0,24764140.0,13264320.0,14211750.0,6506020.0,5155910.0,33480000.0,32914000.0,47639000.0,48949000.0,26237000.0,28134000.0,12862000.0,10221000.0
20241024,870940.0,14907890.0,14711580.0,11313080.0,12380330.0,8935810.0,7005590.0,848370.0,1907650.0,30130000.0,29739000.0,22868000.0,25014000.0,18056000.0,14150000.0,1719000.0,3871000.0
20241025,520240.0,9725890.0,9727840.0,10241750.0,10760040.0,8141460.0,6794100.0,3710580.0,4537700.0,19369000.0,19385000.0,20410000.0,21434000.0,16236000.0,13547000.0,7412000.0,9062000.0
20241028,794400.0,12673080.0,12796250.0,11508520.0,12179760.0,9190710.0,7694930.0,2970480.0,3671860.0,25127000.0,25372000.0,22820000.0,24134000.0,18224000.0,15259000.0,5900000.0,7306000.0
20241029,-2664190.0,18598620.0,17391490.0,24108860.0,22651800.0,16672750.0,13271960.0,4933880.0,10998860.0,36835000.0,34443000.0,47716000.0,44761000.0,32988000.0,26236000.0,9766000.0,21864000.0
20241030,1389740.0,13862270.0,15940490.0,18910730.0,18222250.0,9541940.0,9205220.0,3260680.0,2207660.0,27372000.0,31506000.0,37342000.0,35970000.0,18811000.0,18164000.0,6473000.0,4359000.0
20241031,-1729870.0,20438200.0,19812370.0,22863390.0,21759350.0,13109680.0,13317140.0,3832510.0,5354920.0,40649000.0,39444000.0,45520000.0,43246000.0,26061000.0,26502000.0,7608000.0,10645000.0
20241101,-2749080.0,16062100.0,14256340.0,13567640.0,12624310.0,7524280.0,7630640.0,490680.0,3133400.0,32469000.0,28807000.0,27417000.0,25503000.0,15182000.0,15422000.0,987000.0,6323000.0
20241104,316400.0,14774290.0,13142460.0,9211070.0,11159300.0,4414160.0,5508990.0,3423860.0,2012630.0,29524000.0,26279000.0,18428000.0,22303000.0,8821000.0,11011000.0,6844000.0,4024000.0
20241105,-1274910.0,24946730.0,21951590.0,30226610.0,31946840.0,17175790.0,18213690.0,7453500.0,7690510.0,47699000.0,41969000.0,57784000.0,61035000.0,32820000.0,34801000.0,14197000.0,14694000.0
20241106,2372530.0,19739850.0,18312260.0,21943280.0,25743390.0,12371050.0,12634700.0,3936240.0,1300060.0,37385000.0,34672000.0,41549000.0,48724000.0,23387000.0,23918000.0,7455000.0,2462000.0
20241107,-8583290.0,26642130.0,19676710.0,27660750.0,26042870.0,22123640.0,20730090.0,5107670.0,15084510.0,53215000.0,39296000.0,55255000.0,51958000.0,44257000.0,41450000.0,10202000.0,30225000.0
20241108,-1200730.0,23550870.0,21326050.0,21145670.0,22169750.0,11696270.0,12153330.0,2644830.0,3388500.0,46393000.0,42011000.0,41645000.0,43657000.0,23033000.0,23928000.0,5195000.0,6671000.0
20241111,3399480.0,23413570.0,25622950.0,30937500.0,32127600.0,19133380.0,16004370.0,4927980.0,4657510.0,45566000.0,49867000.0,60227000.0,62494000.0,37187000.0,31122000.0,9555000.0,9053000.0
20241112,-1544920.0,22297680.0,19775450.0,24917220.0,25894520.0,15825420.0,17085320.0,6415010.0,6700030.0,43656000.0,38669000.0,48704000.0,50576000.0,30849000.0,33287000.0,12386000.0,13063000.0
20241113,-1440180.0,16119240.0,13482210.0,14270230.0,15467080.0,6897050.0,7653050.0,1008900.0,1693080.0,32201000.0,26922000.0,28512000.0,30894000.0,13773000.0,15298000.0,2014000.0,3386000.0
20241114,-2247340.0,18252410.0,16566690.0,14521970.0,13960350.0,6167830.0,8395010.0,2026440.0,2046600.0,37178000.0,33728000.0,29567000.0,28428000.0,12567000.0,17116000.0,4137000.0,4177000.0
20241115,-4286280.0,20012350.0,17648920.0,18458060.0,16535210.0,9443580.0,10799300.0,1157710.0,4088270.0,42286000.0,37300000.0,39102000.0,34988000.0,20027000.0,22924000.0,2447000.0,8650000.0
20241118,-1046750.0,15276150.0,15604140.0,15010390.0,13635650.0,6341040.0,6480700.0,700790.0,1607880.0,33247000.0,33940000.0,32656000.0,29658000.0,13789000.0,14106000.0,1517000.0,3505000.0
20241119,215370.0,15203570.0,15723310.0,13973040.0,13668670.0,6068020.0,6208940.0,1077800.0,721510.0,33163000.0,34266000.0,30428000.0,29763000.0,13191000.0,13531000.0,2353000.0,1575000.0
20241120,-1998040.0,11974870.0,12009550.0,10901370.0,8868650.0,5476930.0,6289830.0,298300.0,1483440.0,25883000.0,25961000.0,23572000.0,19168000.0,11850000.0,13607000.0,647000.0,3216000.0
20241121,3760350.0,15301130.0,19739600.0,24966470.0,24288330.0,14475550.0,11152430.0,1682560.0,1245330.0,32217000.0,41551000.0,52554000.0,51157000.0,30452000.0,23436000.0,3527000.0,2606000.0
20241122,2867860.0,17790550.0,22666440.0,26170690.0,24162660.0,18488740.0,16010420.0,4743030.0,4353490.0,37050000.0,47181000.0,54265000.0,49840000.0,38113000.0,33053000.0,9732000.0,9087000.0
20241125,-2002630.0,21098440.0,20179000.0,20363160.0,19279960.0,13067070.0,12138590.0,3411500.0,6342610.0,47571000.0,45483000.0,45840000.0,43427000.0,29425000.0,27296000.0,7714000.0,14344000.0
20241126,-1265100.0,13309360.0,11043550.0,8115560.0,9116270.0,4610100.0,4718100.0,753070.0,1910170.0,30213000.0,25067000.0,18439000.0,20707000.0,10486000.0,10720000.0,1717000.0,4362000.0
20241127,-921110.0,15764170.0,13832790.0,12170880.0,13181150.0,3872870.0,4569580.0,565940.0,790340.0,35746000.0,31368000.0,27583000.0,29858000.0,8780000.0,10368000.0,1282000.0,1797000.0
20241128,700080.0,10718770.0,11073800.0,8359250.0,8704290.0,4144870.0,3609780.0,490870.0,325880.0,24180000.0,24986000.0,18863000.0,19635000.0,9355000.0,8151000.0,1110000.0,736000.0
20241129,-2409750.0,17026940.0,13654580.0,12936010.0,13898620.0,6169060.0,7762300.0,504670.0,1321180.0,38560000.0,30920000.0,29361000.0,31527000.0,13962000.0,17614000.0,1145000.0,2968000.0
20241202,1875580.0,12465580.0,16147820.0,12810100.0,11003430.0,7536390.0,5198220.0,738460.0,1201050.0,27750000.0,35953000.0,28526000.0,24501000.0,16775000.0,11563000.0,1638000.0,2673000.0
20241203,-434500.0,11335550.0,13376520.0,10011440.0,7535970.0,4173750.0,4425970.0,593420.0,775700.0,25466000.0,30051000.0,22498000.0,16935000.0,9387000.0,9949000.0,1335000.0,1750000.0
20241204,-1034840.0,10160380.0,9059190.0,8460290.0,8526640.0,5668130.0,5152710.0,475290.0,2025550.0,23095000.0,20579000.0,19240000.0,19386000.0,12902000.0,11732000.0,1084000.0,4623000.0
20241205,92000.0,10127180.0,9996860.0,9002040.0,9224350.0,4584270.0,3433540.0,921530.0,1980260.0,23283000.0,22984000.0,20690000.0,21192000.0,10539000.0,7899000.0,2122000.0,4558000.0
20241206,-103520.0,10370090.0,10213680.0,9302620.0,9355510.0,5032740.0,5104070.0,348160.0,380350.0,23541000.0,23214000.0,21125000.0,21231000.0,11420000.0,11569000.0,785000.0,858000.0
20241209,1381890.0,9270810.0,12454650.0,9697240.0,7895280.0,5856740.0,4009600.0,653540.0,1118790.0,21044000.0,28269000.0,21997000.0,17910000.0,13278000.0,9085000.0,1480000.0,2535000.0
20241210,-3210110.0,12403970.0,11741710.0,14248620.0,11700780.0,5315550.0,7788950.0,830880.0,1567590.0,27497000.0,26055000.0,31572000.0,25929000.0,11785000.0,17239000.0,1837000.0,3467000.0
20241211,2970780.0,12623490.0,16154740.0,16228650.0,15668180.0,11742950.0,10637170.0,2757880.0,892880.0,27672000.0,35393000.0,35559000.0,34311000.0,25711000.0,23275000.0,6005000.0,1968000.0
20241212,898220.0,10327780.0,13444490.0,13974750.0,11756270.0,9590810.0,8318340.0,1032860.0,1407110.0,22548000.0,29346000.0,30472000.0,25640000.0,20895000.0,18103000.0,2256000.0,3083000.0
20241213,-1003250.0,17182450.0,16747640.0,14111300.0,13542850.0,7313100.0,8970750.0,1891310.0,1236910.0,38416000.0,37445000.0,31558000.0,30258000.0,16372000.0,20104000.0,4228000.0,2767000.0
20241216,-420160.0,11204270.0,12105150.0,8313680.0,6992640.0,5244990.0,4022570.0,539810.0,2182390.0,25294000.0,27296000.0,18767000.0,15790000.0,11858000.0,9085000.0,1217000.0,4964000.0
20241217,-189360.0,10121760.0,9702360.0,6795590.0,7025630.0,3348320.0,2712320.0,250820.0,1076180.0,23009000.0,22054000.0,15431000.0,15959000.0,7599000.0,6155000.0,573000.0,2443000.0
20241218,-291720.0,8813300.0,8794430.0,9746500.0,9473640.0,3451530.0,3736330.0,191650.0,198570.0,19953000.0,19913000.0,22053000.0,21436000.0,7814000.0,8454000.0,433000.0,450000.0
20241219,-304140.0,8407290.0,7579460.0,6021630.0,6545310.0,3104230.0,3345330.0,306330.0,369370.0,19249000.0,17347000.0,13784000.0,14975000.0,7105000.0,7671000.0,702000.0,847000.0
20241220,2436500.0,9077630.0,11040320.0,9910830.0,10384630.0,4802220.0,3909810.0,1777310.0,233220.0,20631000.0,25088000.0,22516000.0,23586000.0,10904000.0,8883000.0,4035000.0,530000.0
20241223,-488470.0,10491620.0,10561370.0,8338200.0,7779980.0,3949970.0,4040200.0,622170.0,1020410.0,24176000.0,24347000.0,19217000.0,17929000.0,9098000.0,9310000.0,1438000.0,2343000.0
20241224,278530.0,8023890.0,8133930.0,5368130.0,5536620.0,2564200.0,2183010.0,395900.0,498560.0,18494000.0,18754000.0,12376000.0,12765000.0,5914000.0,5028000.0,910000.0,1147000.0
20241225,-1285160.0,10529680.0,8572540.0,8942520.0,9614510.0,4260260.0,4807060.0,1457910.0,2196270.0,24753000.0,20149000.0,21018000.0,22591000.0,10027000.0,11314000.0,3415000.0,5158000.0
20241226,-357620.0,10708220.0,9157930.0,8091020.0,9283690.0,4291070.0,5024260.0,1281190.0,905620.0,24685000.0,21114000.0,18662000.0,21403000.0,9907000.0,11594000.0,2948000.0,2092000.0
20241227,-425080.0,12841490.0,12617050.0,13503980.0,13303340.0,8938480.0,8466760.0,393310.0,1290110.0,29321000.0,28820000.0,30845000.0,30381000.0,20431000.0,19344000.0,889000.0,2941000.0
20241230,1888960.0,11474380.0,12618810.0,13727540.0,14472060.0,7431950.0,6857720.0,1758890.0,444160.0,25955000.0,28530000.0,31046000.0,32724000.0,16801000.0,15516000.0,3973000.0,1004000.0
20241231,1597140.0,10088750.0,13500070.0,10578570.0,8764380.0,5537310.0,4731520.0,1194170.0,402820.0,23279000.0,31154000.0,24387000.0,20191000.0,12745000.0,10884000.0,2755000.0,936000.0
20250102,-1609150.0,13964650.0,13252400.0,11971160.0,11074260.0,6165600.0,7791990.0,1287470.0,1270230.0,32752000.0,31065000.0,28059000.0,25923000.0,14443000.0,18275000.0,2995000.0,2986000.0
20250103,-1560050.0,10289450.0,8784360.0,8328210.0,8273250.0,2697500.0,3937640.0,348280.0,668190.0,24549000.0,20944000.0,19879000.0,19737000.0,6431000.0,9403000.0,823000.0,1599000.0
20250106,127030.0,8579860.0,8551800.0,5645280.0,5800370.0,2386800.0,1941250.0,131870.0,450390.0,20878000.0,20803000.0,13752000.0,14136000.0,5810000.0,4724000.0,320000.0,1099000.0
20250107,-156770.0,7468290.0,7090890.0,6622470.0,6843110.0,3123570.0,2828620.0,70040.0,521760.0,18120000.0,17203000.0,16061000.0,16579000.0,7578000.0,6871000.0,170000.0,1275000.0
20250108,-571190.0,11357180.0,12036490.0,9283350.0,8032850.0,3754630.0,4033010.0,428190.0,721000.0,28081000.0,29789000.0,22928000.0,19808000.0,9289000.0,9961000.0,1054000.0,1794000.0
20250109,143160.0,9913030.0,11461660.0,10837730.0,9432260.0,4454330.0,4127320.0,289220.0,473070.0,24361000.0,28184000.0,26611000.0,23140000.0,10941000.0,10136000.0,712000.0,1165000.0
20250110,1221180.0,9545260.0,10146000.0,10513110.0,11133550.0,5392380.0,5197150.0,1144230.0,118280.0,22978000.0,24422000.0,25279000.0,26762000.0,12954000.0,12502000.0,2760000.0,285000.0
20250113,-231210.0,11226130.0,9877410.0,6769830.0,7887330.0,3820380.0,4096420.0,517710.0,472880.0,26880000.0,23649000.0,16216000.0,18884000.0,9134000.0,9807000.0,1237000.0,1126000.0
20250114,-742540.0,10654440.0,9599060.0,10766900.0,11079730.0,7298600.0,6870740.0,427100.0,1597500.0,24794000.0,22359000.0,25136000.0,25830000.0,17008000.0,16018000.0,993000.0,3723000.0
20250115,-194680.0,9508130.0,9678480.0,7183500.0,6818470.0,3292750.0,3429430.0,438720.0,496720.0,22146000.0,22548000.0,16736000.0,15880000.0,7675000.0,7991000.0,1021000.0,1159000.0
20250116,1770270.0,10877250.0,10994140.0,9184010.0,10837380.0,5564510.0,4314010.0,1413720.0,893950.0,25158000.0,25426000.0,21226000.0,25052000.0,12859000.0,9965000.0,3261000.0,2061000.0
20250117,493070.0,10132320.0,12169480.0,7977670.0,6433580.0,4046200.0,3146430.0,348120.0,754820.0,23351000.0,28047000.0,18378000.0,14817000.0,9318000.0,7246000.0,800000.0,1738000.0
20250120,-226770.0,8045870.0,7215530.0,5630650.0,6234220.0,3255680.0,3410050.0,561070.0,633470.0,18409000.0,16511000.0,12888000.0,14268000.0,7456000.0,7805000.0,1283000.0,1452000.0
20250121,630810.0,11164820.0,10958160.0,12061500.0,12898950.0,6104910.0,5590090.0,1164680.0,1048690.0,25484000.0,24995000.0,27498000.0,29422000.0,13894000.0,12730000.0,2663000.0,2391000.0
20250122,58910.0,7881820.0,8226910.0,6097970.0,5811800.0,3068740.0,3169170.0,910440.0,751100.0,18348000.0,19164000.0,14159000.0,13494000.0,7122000.0,7353000.0,2128000.0,1746000.0
20250123,-37810.0,8895000.0,8312510.0,7763660.0,8308340.0,4060560.0,3821830.0,374960.0,651500.0,20433000.0,19106000.0,17831000.0,19080000.0,9327000.0,8778000.0,865000.0,1491000.0
20250124,-7250.0,10829360.0,12967200.0,8906470.0,6761370.0,4203170.0,4074310.0,128400.0,264510.0,25113000.0,30089000.0,20671000.0,15684000.0,9756000.0,9450000.0,300000.0,616000.0
20250127,308130.0,7742150.0,8540990.0,6935080.0,6444380.0,3797830.0,3507280.0,447480.0,429900.0,17980000.0,19842000.0,16113000.0,14972000.0,8825000.0,8145000.0,1040000.0,999000.0
20250205,4453440.0,12177100.0,16769230.0,12533340.0,12394640.0,8406070.0,5066240.0,2172010.0,1058400.0,29013000.0,39985000.0,29829000.0,29452000.0,19996000.0,12053000.0,5167000.0,2515000.0
20250206,-925850.0,13325950.0,12303470.0,10902740.0,10999370.0,4836740.0,5575550.0,792670.0,979710.0,31439000.0,29009000.0,25726000.0,25958000.0,11428000.0,13147000.0,1854000.0,2333000.0
20250207,603050.0,12105350.0,11974370.0,12459450.0,13193490.0,7482340.0,7001170.0,1667180.0,1545300.0,27946000.0,27648000.0,28743000.0,30416000.0,17255000.0,16149000.0,3827000.0,3558000.0
20250210,3859590.0,13110830.0,17907030.0,16176890.0,15240270.0,8092810.0,4937580.0,1876580.0,1172220.0,30227000.0,41285000.0,37298000.0,35138000.0,18656000.0,11388000.0,4331000.0,2702000.0
20250211,2435220.0,9210720.0,11986710.0,9632820.0,9292050.0,6021510.0,3460940.0,978940.0,1104290.0,21447000.0,27915000.0,22432000.0,21635000.0,14017000.0,8054000.0,2280000.0,2574000.0
20250212,368330.0,8459570.0,8673050.0,9678380.0,9833210.0,6753700.0,6041420.0,675470.0,1019420.0,19642000.0,20137000.0,22472000.0,22823000.0,15673000.0,14026000.0,1570000.0,2371000.0
20250213,1696590.0,8350970.0,9726120.0,9329160.0,9650600.0,5907240.0,4827820.0,1234250.0,617080.0,19388000.0,22582000.0,21656000.0,22409000.0,13718000.0,11203000.0,2861000.0,1429000.0
20250214,-471260.0,8255150.0,8225880.0,10616210.0,10174230.0,5499360.0,6228510.0,906620.0,648730.0,19137000.0,19070000.0,24604000.0,23585000.0,12750000.0,14433000.0,2096000.0,1499000.0
20250217,2306030.0,16609430.0,18308020.0,20234880.0,20842330.0,14333000.0,12638940.0,3781340.0,3169370.0,37294000.0,41075000.0,45425000.0,46792000.0,32238000.0,28405000.0,8476000.0,7162000.0
20250218,-673250.0,12947120.0,13993790.0,15041970.0,13322050.0,8482480.0,8146220.0,1102030.0,2111540.0,29262000.0,31615000.0,34030000.0,30125000.0,19182000.0,18404000.0,2476000.0,4805000.0
20250219,9003370.0,19599960.0,26029580.0,33809380.0,36383130.0,29181510.0,22797990.0,6103460.0,3483610.0,42985000.0,57046000.0,74090000.0,79725000.0,63912000.0,49974000.0,13372000.0,7614000.0
20250220,-2271400.0,17556990.0,19521120.0,27867120.0,23631570.0,17877310.0,18987400.0,3698650.0,4859960.0,39063000.0,43425000.0,62022000.0,52555000.0,39783000.0,42282000.0,8222000.0,10827000.0
20250221,218640.0,17030160.0,16773730.0,25255610.0,25730670.0,16875790.0,15133410.0,1885440.0,3409180.0,38013000.0,37452000.0,56374000.0,57418000.0,37671000.0,33773000.0,4204000.0,7620000.0
20250224,2334170.0,14968270.0,16764970.0,21539520.0,22076990.0,15457520.0,14767020.0,4354130.0,2710460.0,33141000.0,37102000.0,47663000.0,48853000.0,34196000.0,32684000.0,9635000.0,5995000.0
20250225,531580.0,12059130.0,12030750.0,14768880.0,15328820.0,10261880.0,10753060.0,2528810.0,1506050.0,26939000.0,26875000.0,32993000.0,34246000.0,22933000.0,24040000.0,5661000.0,3366000.0
20250226,2986710.0,14179750.0,14295570.0,20244880.0,23115780.0,16761840.0,13915870.0,2212730.0,2071990.0,31375000.0,31607000.0,44789000.0,51115000.0,37041000.0,30767000.0,4871000.0,4588000.0
20250227,-2463250.0,14846360.0,14392900.0,18907490.0,16897710.0,13259900.0,13873460.0,2361170.0,4210860.0,32829000.0,31823000.0,41794000.0,37338000.0,29265000.0,30629000.0,5197000.0,9295000.0
20250228,-3421160.0,14971910.0,12270590.0,16748910.0,16029080.0,8744850.0,11585890.0,1193910.0,1774030.0,33524000.0,27468000.0,37492000.0,35879000.0,19581000.0,25952000.0,2685000.0,3983000.0
20250303,-6466700.0,36851390.0,31092330.0,46938240.0,46230600.0,28176110.0,32665780.0,6589230.0,8566260.0,78275000.0,66139000.0,99863000.0,98354000.0,59981000.0,69409000.0,13995000.0,18211000.0
20250304,-1841760.0,22129890.0,20199310.0,22567750.0,22656560.0,14697980.0,15605020.0,3614590.0,4549310.0,46816000.0,42695000.0,47695000.0,47882000.0,31035000.0,32975000.0,7619000.0,9613000.0
20250305,-1749610.0,19128090.0,18701870.0,21356080.0,20032690.0,11826470.0,12859760.0,3106260.0,3822580.0,40956000.0,40022000.0,45754000.0,42897000.0,25360000.0,27589000.0,6661000.0,8224000.0
20250306,7276990.0,16571370.0,20557050.0,24017020.0,27308340.0,22193910.0,16862140.0,8246550.0,6301330.0,34956000.0,43310000.0,50588000.0,57524000.0,46733000.0,35504000.0,17326000.0,13264000.0
20250307,4572120.0,20365180.0,26396650.0,31500420.0,30041070.0,24537150.0,20710220.0,4915620.0,4170430.0,41641000.0,53919000.0,64404000.0,61413000.0,50119000.0,42366000.0,10034000.0,8501000.0
20250310,-482680.0,18177360.0,16907180.0,18555520.0,19343020.0,11797330.0,14061760.0,3960920.0,2179170.0,37374000.0,34745000.0,38107000.0,39732000.0,24209000.0,28871000.0,8120000.0,4463000.0
20250311,-2159740.0,16908600.0,15195500.0,20560650.0,20114010.0,13830120.0,13507250.0,2918870.0,5401480.0,34745000.0,31177000.0,42243000.0,41299000.0,28402000.0,27759000.0,5969000.0,11124000.0
20250312,501150.0,15792820.0,13653250.0,18977230.0,21617960.0,14634630.0,13904730.0,3504600.0,3733350.0,32745000.0,28295000.0,39341000.0,44833000.0,30348000.0,28828000.0,7289000.0,7767000.0
20250313,-2902230.0,15218870.0,12028930.0,15769760.0,16057460.0,11237180.0,13464730.0,3013400.0,3688080.0,31866000.0,25160000.0,33041000.0,33605000.0,23527000.0,28222000.0,6288000.0,7736000.0
20250314,2140630.0,17199760.0,20885270.0,19839620.0,18294740.0,14385440.0,13794330.0,2645340.0,1095820.0,35708000.0,43350000.0,41164000.0,37956000.0,29834000.0,28607000.0,5483000.0,2275000.0
20250317,3889060.0,14162920.0,16729230.0,20639300.0,21962040.0,13574790.0,13410130.0,7856580.0,4132180.0,29182000.0,34433000.0,42468000.0,45193000.0,27915000.0,27576000.0,16138000.0,8501000.0
20250318,-1238880.0,12508450.0,10862090.0,14413100.0,14820570.0,9752080.0,11524780.0,2243140.0,1709320.0,25720000.0,22351000.0,29649000.0,30479000.0,20057000.0,23698000.0,4613000.0,3512000.0
20250319,-5100590.0,12230630.0,8145920.0,13045380.0,12029510.0,7252940.0,12162950.0,1579600.0,1770180.0,25698000.0,17114000.0,27424000.0,25276000.0,15237000.0,25562000.0,3309000.0,3716000.0
20250320,-1489870.0,12097960.0,11746030.0,12948200.0,11810260.0,5963560.0,7348470.0,1252620.0,1357580.0,25201000.0,24468000.0,26967000.0,24589000.0,12407000.0,15300000.0,2607000.0,2824000.0
20250321,-3448270.0,12684700.0,10932840.0,15262360.0,13565940.0,9445610.0,11739730.0,2121220.0,3275370.0,26394000.0,22746000.0,31732000.0,28196000.0,19620000.0,24397000.0,4409000.0,6816000.0
20250324,-1759760.0,28036930.0,24273350.0,35124010.0,37127850.0,27146340.0,27909380.0,9812570.0,10809290.0,56548000.0,48983000.0,70873000.0,74900000.0,54782000.0,56342000.0,19772000.0,21750000.0
20250325,-187870.0,23827470.0,25180710.0,41183920.0,39642810.0,33523680.0,30375060.0,12548720.0,15885210.0,46353000.0,48973000.0,80084000.0,77081000.0,65129000.0,58988000.0,24362000.0,30885000.0
20250326,-3475400.0,22581830.0,21465150.0,26372430.0,24013700.0,17252640.0,18793440.0,3653000.0,5587600.0,45362000.0,43212000.0,53029000.0,48235000.0,34719000.0,37738000.0,7343000.0,11267000.0
20250327,-7880100.0,21555660.0,17151620.0,24353910.0,20877860.0,14327610.0,17610110.0,2353650.0,6951250.0,44955000.0,35741000.0,50830000.0,43540000.0,29865000.0,36811000.0,4905000.0,14462000.0
20250328,-847840.0,10337780.0,10228140.0,10469370.0,9731180.0,5885990.0,6551490.0,404230.0,586570.0,21598000.0,21363000.0,21874000.0,20327000.0,12288000.0,13687000.0,845000.0,1229000.0
20250331,-2653200.0,15242470.0,14360240.0,14281360.0,12510380.0,7690650.0,9449450.0,1230280.0,2124680.0,32516000.0,30617000.0,30472000.0,26678000.0,16385000.0,20162000.0,2641000.0,4556000.0
20250401,2678790.0,26141390.0,24511050.0,28647790.0,32956920.0,21382260.0,24095150.0,8985270.0,3593590.0,53576000.0,50269000.0,58386000.0,67110000.0,43644000.0,49198000.0,18251000.0,7280000.0
20250402,-4127810.0,16260400.0,12367680.0,14653720.0,14418640.0,8752550.0,11197610.0,1180140.0,2862890.0,33331000.0,25337000.0,30048000.0,29566000.0,17933000.0,22961000.0,2424000.0,5873000.0
20250403,2385180.0,14637670.0,17002830.0,13432550.0,13452580.0,8375890.0,7668010.0,3715330.0,2038030.0,30352000.0,35229000.0,27834000.0,27859000.0,17318000.0,15877000.0,7650000.0,4189000.0
20250407,-6989080.0,25669500.0,21482830.0,31614960.0,28812570.0,17194580.0,21975390.0,2480860.0,4689130.0,57956000.0,48385000.0,71545000.0,65188000.0,39014000.0,50011000.0,5723000.0,10654000.0
20250408,-2313080.0,21696260.0,20119590.0,18961980.0,18225560.0,9852080.0,10232420.0,2285830.0,4218570.0,49657000.0,46026000.0,43342000.0,41680000.0,22509000.0,23399000.0,5208000.0,9610000.0
20250409,1736010.0,20999930.0,21275390.0,25077760.0,26538310.0,17568310.0,15836850.0,4029810.0,4025260.0,46229000.0,46937000.0,55414000.0,58539000.0,38854000.0,34979000.0,8833000.0,8875000.0
20250410,665860.0,15086770.0,14803090.0,15924900.0,16874460.0,11796430.0,10653470.0,1743280.0,2220380.0,32295000.0,31681000.0,34117000.0,36134000.0,25265000.0,22817000.0,3734000.0,4780000.0
20250411,-1088780.0,15495670.0,13835330.0,13524700.0,14096270.0,8250240.0,9384430.0,1154540.0,1109130.0,32872000.0,29370000.0,28733000.0,29925000.0,17536000.0,19938000.0,2443000.0,2350000.0
20250414,2696470.0,16155920.0,18676130.0,19722300.0,19898560.0,13887360.0,11612390.0,2309800.0,1888300.0,33638000.0,38812000.0,40987000.0,41339000.0,28848000.0,24167000.0,4771000.0,3926000.0
20250415,-481580.0,11432420.0,11894960.0,10407690.0,9463570.0,4969260.0,5317990.0,1021510.0,1154360.0,24391000.0,25376000.0,22208000.0,20185000.0,10603000.0,11355000.0,2179000.0,2465000.0
20250416,-635150.0,11189610.0,10590440.0,10013870.0,9977890.0,5131710.0,5818600.0,1308060.0,1256320.0,24191000.0,22892000.0,21644000.0,21550000.0,11092000.0,12580000.0,2824000.0,2729000.0
20250417,717080.0,10207930.0,10166870.0,8432700.0,9190840.0,5128100.0,4276220.0,406310.0,541110.0,21830000.0,21744000.0,18035000.0,19652000.0,10957000.0,9137000.0,867000.0,1156000.0
20250418,286810.0,7640450.0,7788060.0,5699500.0,5838690.0,2930240.0,3073630.0,848370.0,418170.0,16438000.0,16752000.0,12258000.0,12553000.0,6297000.0,6614000.0,1820000.0,894000.0
20250421,2811470.0,8507870.0,10989390.0,10011680.0,10341630.0,7988190.0,5603180.0,1826420.0,1399960.0,17932000.0,23147000.0,21100000.0,21781000.0,16788000.0,11800000.0,3849000.0,2941000.0
20250422,1815890.0,18103610.0,22960770.0,24605230.0,21563970.0,15970400.0,15244810.0,4307580.0,3217280.0,37302000.0,47265000.0,50677000.0,44388000.0,32859000.0,31404000.0,8855000.0,6637000.0
20250423,425240.0,10501740.0,12279410.0,15061610.0,13709160.0,8707980.0,7506170.0,704340.0,1480910.0,21868000.0,25564000.0,31350000.0,28528000.0,18126000.0,15629000.0,1467000.0,3090000.0
20250424,2232430.0,12012880.0,13646680.0,17211350.0,17809990.0,13893740.0,12162710.0,3086360.0,2584960.0,24828000.0,28145000.0,35515000.0,36737000.0,28615000.0,25106000.0,6341000.0,5312000.0
20250425,170990.0,10872750.0,13263480.0,15904550.0,13684800.0,10026420.0,9711410.0,682250.0,826270.0,22318000.0,27220000.0,32635000.0,28071000.0,20566000.0,19935000.0,1401000.0,1694000.0
20250428,-1055370.0,11744150.0,11402330.0,13335100.0,12621540.0,6321200.0,6829520.0,1589600.0,2136650.0,24602000.0,23882000.0,27896000.0,26405000.0,13207000.0,14291000.0,3349000.0,4476000.0
20250429,590570.0,7698990.0,8242040.0,8806830.0,8854340.0,4268720.0,3399920.0,108750.0,386980.0,16212000.0,17348000.0,18544000.0,18641000.0,8985000.0,7162000.0,228000.0,817000.0
20250430,-277890.0,11698080.0,11344120.0,14150830.0,14226890.0,6163150.0,6139260.0,818910.0,1120690.0,24728000.0,23973000.0,29925000.0,30081000.0,13031000.0,12990000.0,1734000.0,2374000.0
20250506,-3948420.0,24190750.0,18204290.0,27402300.0,29440360.0,18297300.0,21590170.0,4709740.0,5365290.0,49146000.0,37000000.0,55796000.0,59932000.0,37269000.0,43923000.0,9581000.0,10937000.0
20250507,-3860990.0,20149410.0,18355070.0,23944230.0,21877590.0,15917560.0,15694170.0,2596940.0,6681320.0,40465000.0,36853000.0,48057000.0,43899000.0,31923000.0,31494000.0,5202000.0,13399000.0
20250508,907000.0,14621130.0,16847730.0,19163880.0,17844280.0,13634190.0,12982430.0,2773400.0,2518160.0,29188000.0,33622000.0,38240000.0,35596000.0,27167000.0,25883000.0,5522000.0,5015000.0
20250509,2040960.0,18087590.0,21586870.0,21137270.0,19678940.0,13239230.0,11348200.0,2822260.0,2672330.0,35909000.0,42866000.0,41964000.0,39071000.0,26272000.0,22527000.0,5605000.0,5286000.0
20250512,192160.0,26234140.0,24088460.0,31205640.0,33543480.0,17082520.0,15086260.0,3508910.0,5313010.0,51667000.0,47442000.0,61572000.0,66180000.0,33643000.0,29708000.0,6898000.0,10451000.0
20250513,1162110.0,17075060.0,17993010.0,20640040.0,20884200.0,11803710.0,10961810.0,1802690.0,1482480.0,34687000.0,36543000.0,41915000.0,42404000.0,23965000.0,22272000.0,3666000.0,3014000.0
20250514,369230.0,15337940.0,14998390.0,14074820.0,14783590.0,8496550.0,7915970.0,783730.0,995080.0,31111000.0,30425000.0,28546000.0,29979000.0,17230000.0,16055000.0,1590000.0,2018000.0
20250515,-1340920.0,11548540.0,11247510.0,14271970.0,13232080.0,7734300.0,8499570.0,1353810.0,1929460.0,23786000.0,23164000.0,29406000.0,27255000.0,15936000.0,17520000.0,2787000.0,3976000.0
20250516,1313580.0,14152190.0,15619870.0,17647840.0,17493740.0,9627900.0,8369860.0,1471310.0,1415770.0,28894000.0,31911000.0,36001000.0,35692000.0,19654000.0,17075000.0,3009000.0,2880000.0
20250519,1639880.0,13886320.0,15735040.0,15142470.0,14933630.0,8802420.0,8312060.0,2167490.0,1017970.0,28298000.0,32071000.0,30867000.0,30431000.0,17951000.0,16948000.0,4404000.0,2070000.0
20250520,601870.0,12002620.0,12268740.0,12005730.0,12341490.0,7685970.0,6676350.0,611940.0,1019690.0,24520000.0,25064000.0,24530000.0,25219000.0,15708000.0,13639000.0,1245000.0,2082000.0
20250521,-367270.0,13606420.0,13701630.0,16852170.0,16389690.0,8115140.0,8568130.0,1233740.0,1148020.0,27870000.0,28085000.0,34513000.0,33565000.0,16640000.0,17554000.0,2527000.0,2346000.0
20250522,1005470.0,10381380.0,11108300.0,11681440.0,11959980.0,6836790.0,5967030.0,1158810.0,1023100.0,21293000.0,22789000.0,23970000.0,24544000.0,14039000.0,12242000.0,2371000.0,2099000.0
20250523,-2376290.0,15072050.0,14063090.0,17660860.0,16293530.0,8323280.0,10098110.0,1146130.0,1747590.0,30680000.0,28649000.0,35939000.0,33164000.0,16933000.0,20530000.0,2330000.0,3539000.0
20250526,1006990.0,23587960.0,24206790.0,31970100.0,32358250.0,22790130.0,21005420.0,4155450.0,4933170.0,46794000.0,48048000.0,63441000.0,64216000.0,45231000.0,41678000.0,8243000.0,9765000.0
20250527,1311780.0,18397690.0,19385780.0,19754980.0,20078670.0,12072190.0,11298220.0,2390390.0,1852580.0,36998000.0,38996000.0,39728000.0,40368000.0,24265000.0,22695000.0,4785000.0,3719000.0
20250528,-186830.0,21089110.0,21378520.0,30254210.0,29777970.0,19608070.0,19028910.0,2700880.0,3466870.0,41379000.0,41948000.0,59381000.0,58399000.0,38457000.0,37336000.0,5295000.0,6829000.0
20250529,-1802110.0,18171440.0,17872070.0,23524030.0,22021280.0,13968560.0,15595470.0,2557280.0,2732480.0,35687000.0,35106000.0,46220000.0,43261000.0,27438000.0,30625000.0,5021000.0,5373000.0
20250530,-336370.0,17699390.0,19109940.0,19107870.0,17360950.0,11317810.0,10641880.0,1244940.0,2257240.0,35710000.0,38554000.0,38527000.0,34997000.0,22816000.0,21458000.0,2510000.0,4554000.0
20250603,-189600.0,12497150.0,11896390.0,12102920.0,12514080.0,7459250.0,6603300.0,1264600.0,2310150.0,25323000.0,24106000.0,24538000.0,25366000.0,15123000.0,13387000.0,2555000.0,4679000.0
20250604,-46660.0,10353100.0,10918600.0,14713020.0,14100860.0,10204570.0,9578420.0,1247230.0,1920040.0,21006000.0,22165000.0,29854000.0,28619000.0,20706000.0,19422000.0,2529000.0,3889000.0
20250605,-1261300.0,11238130.0,10640340.0,14358950.0,13695440.0,7827920.0,9226510.0,932440.0,795150.0,23021000.0,21794000.0,29426000.0,28059000.0,16047000.0,18918000.0,1909000.0,1632000.0
20250606,-103580.0,9132860.0,8960820.0,10149360.0,10217830.0,5298050.0,6168130.0,1716300.0,949800.0,18549000.0,18201000.0,20616000.0,20751000.0,10759000.0,12529000.0,3488000.0,1931000.0
20250609,-201640.0,13692890.0,14102580.0,15486410.0,14875080.0,11313650.0,10356430.0,1487330.0,2646190.0,27457000.0,28278000.0,31043000.0,29817000.0,22681000.0,20770000.0,2984000.0,5299000.0
20250610,-3411030.0,15736560.0,13778020.0,17824490.0,16372000.0,9443160.0,11707130.0,1310590.0,2457650.0,31531000.0,27614000.0,35705000.0,32790000.0,18931000.0,23461000.0,2631000.0,4934000.0
20250611,-1341940.0,12372200.0,12281240.0,14964090.0,13713120.0,8448630.0,9181370.0,870220.0,1479420.0,24687000.0,24507000.0,29851000.0,27356000.0,16863000.0,18330000.0,1738000.0,2945000.0
20250612,563510.0,10723990.0,12778040.0,15722550.0,14232020.0,10310600.0,8143940.0,539110.0,2142260.0,21445000.0,25556000.0,31438000.0,28456000.0,20643000.0,16296000.0,1084000.0,4301000.0
20250613,466970.0,26156340.0,26167720.0,27750590.0,28206160.0,17863390.0,17629350.0,2500900.0,2267970.0,54218000.0,54237000.0,57510000.0,58449000.0,37015000.0,36536000.0,5199000.0,4720000.0
20250616,-2168600.0,14687630.0,12976760.0,12970490.0,12512770.0,7528250.0,9044600.0,166180.0,818430.0,30503000.0,26958000.0,26935000.0,25992000.0,15631000.0,18768000.0,347000.0,1697000.0
20250617,-640230.0,11006990.0,10271370.0,9709770.0,9805170.0,4749700.0,5564020.0,465430.0,291340.0,22945000.0,21415000.0,20253000.0,20451000.0,9911000.0,11603000.0,969000.0,609000.0
20250618,-380180.0,11642320.0,10938660.0,12647880.0,12971340.0,6579470.0,7053840.0,1078090.0,983900.0,24157000.0,22703000.0,26235000.0,26908000.0,13651000.0,14624000.0,2236000.0,2043000.0
20250619,-2045350.0,12836810.0,11248900.0,12261490.0,11804050.0,6905690.0,7723450.0,399790.0,1627380.0,27137000.0,23772000.0,25905000.0,24947000.0,14602000.0,16324000.0,844000.0,3445000.0
20250620,-1384360.0,8494060.0,7191410.0,5352740.0,5271030.0,3057010.0,4125310.0,257330.0,573390.0,18014000.0,15253000.0,11352000.0,11180000.0,6486000.0,8748000.0,546000.0,1217000.0
20250623,-816790.0,11487330.0,12259750.0,14108190.0,12518990.0,5502260.0,6007660.0,284630.0,596020.0,24006000.0,25614000.0,29473000.0,26157000.0,11481000.0,12536000.0,593000.0,1245000.0
20250624,-1014660.0,11917730.0,12744860.0,15701410.0,13859620.0,7746680.0,8384710.0,596940.0,973570.0,24622000.0,26316000.0,32396000.0,28603000.0,16001000.0,17311000.0,1230000.0,2018000.0
20250625,-4945080.0,21595280.0,19244300.0,24218720.0,21624630.0,13102040.0,15431980.0,1676200.0,4291340.0,43413000.0,38707000.0,48697000.0,43471000.0,26328000.0,31024000.0,3367000.0,8604000.0
20250626,-4340280.0,26325570.0,22447760.0,22275690.0,21813230.0,14782670.0,17348070.0,2444500.0,4219380.0,51941000.0,44285000.0,43921000.0,43011000.0,29136000.0,34208000.0,4818000.0,8311000.0
20250627,-2844230.0,21339090.0,17216810.0,14257680.0,15535720.0,8137390.0,10020050.0,582930.0,1544500.0,42054000.0,33926000.0,28102000.0,30612000.0,16013000.0,19738000.0,1146000.0,3039000.0
20250630,-1471920.0,23277370.0,24000120.0,23807860.0,21613190.0,15180560.0,17136470.0,2798060.0,2314070.0,45214000.0,46616000.0,46245000.0,41985000.0,29499000.0,33314000.0,5443000.0,4486000.0
20250701,-4078030.0,24218750.0,21525330.0,17915780.0,16531160.0,9272050.0,12461850.0,1273960.0,2162190.0,46487000.0,41316000.0,34398000.0,31739000.0,17802000.0,23928000.0,2445000.0,4151000.0
20250702,-1343590.0,23071890.0,22454400.0,15747200.0,15021120.0,8230350.0,7388430.0,1710310.0,3895820.0,44872000.0,43660000.0,30600000.0,29205000.0,16005000.0,14365000.0,3324000.0,7571000.0
20250703,-798750.0,16767730.0,17147660.0,9604600.0,8425910.0,5201960.0,5042970.0,1103530.0,2061270.0,32878000.0,33620000.0,18841000.0,16524000.0,10200000.0,9892000.0,2158000.0,4042000.0
20250704,-161120.0,15726570.0,16270380.0,10385860.0,9680930.0,5301440.0,5219660.0,578450.0,821350.0,31089000.0,32169000.0,20537000.0,19141000.0,10491000.0,10321000.0,1148000.0,1633000.0
20250707,669640.0,13357940.0,14076580.0,7910440.0,7861430.0,4533160.0,3965560.0,405720.0,303680.0,26351000.0,27771000.0,15604000.0,15507000.0,8947000.0,7825000.0,800000.0,599000.0
20250708,-341730.0,14230820.0,14304630.0,11027740.0,10612200.0,5005360.0,5276880.0,718260.0,788470.0,28159000.0,28309000.0,21830000.0,21005000.0,9908000.0,10446000.0,1424000.0,1560000.0
20250709,-453320.0,13441380.0,14005800.0,10098980.0,9081230.0,3548450.0,4561470.0,710940.0,151240.0,26539000.0,27647000.0,19943000.0,17934000.0,7008000.0,9006000.0,1396000.0,299000.0
20250710,-604580.0,11561810.0,11538310.0,9918690.0,9337600.0,3681970.0,4669270.0,786450.0,403730.0,23062000.0,23015000.0,19796000.0,18637000.0,7349000.0,9321000.0,1575000.0,809000.0
20250711,3277210.0,18136900.0,20112620.0,11219770.0,12521260.0,7403450.0,6397120.0,3848920.0,1578040.0,35869000.0,39777000.0,22212000.0,24768000.0,14657000.0,12656000.0,7586000.0,3123000.0
20250714,1482970.0,12600810.0,14932660.0,11150770.0,10301890.0,6535450.0,5342360.0,919840.0,629960.0,24728000.0,29312000.0,21872000.0,20188000.0,12819000.0,10491000.0,1804000.0,1231000.0
20250715,-76220.0,11611880.0,12037800.0,9674520.0,9172370.0,4502160.0,4724830.0,1350890.0,1204440.0,23057000.0,23908000.0,19203000.0,18206000.0,8941000.0,9378000.0,2684000.0,2393000.0
20250716,115490.0,7890940.0,8057400.0,6628970.0,6578000.0,3685760.0,3827360.0,1312760.0,1055670.0,15611000.0,15945000.0,13120000.0,13017000.0,7297000.0,7572000.0,2595000.0,2090000.0
20250717,1738270.0,14918590.0,16339860.0,16059460.0,16376460.0,9903710.0,8384670.0,1406720.0,1187490.0,29147000.0,31937000.0,31379000.0,31990000.0,19361000.0,16381000.0,2740000.0,2319000.0
20250718,926370.0,14752790.0,16817410.0,13884150.0,12745900.0,7108340.0,5678200.0,1050600.0,1554370.0,28831000.0,32871000.0,27121000.0,24891000.0,13889000.0,11087000.0,2054000.0,3046000.0
20250721,486930.0,14183720.0,14707740.0,13117990.0,13080890.0,7682540.0,7395650.0,1232380.0,1032340.0,27481000.0,28503000.0,25410000.0,25335000.0,14875000.0,14315000.0,2383000.0,1995000.0
20250722,175260.0,15734710.0,15665860.0,18963080.0,19207190.0,12216200.0,12057800.0,3278480.0,3261620.0,30219000.0,30097000.0,36404000.0,36877000.0,23448000.0,23149000.0,6288000.0,6237000.0
20250723,1024730.0,28002800.0,30381590.0,40068870.0,38714800.0,26654050.0,24863710.0,5096250.0,5861860.0,53313000.0,57764000.0,76029000.0,73466000.0,50436000.0,47130000.0,9614000.0,11032000.0
20250724,1308330.0,25164400.0,24802420.0,29964470.0,31634790.0,16894740.0,16264140.0,4026620.0,3348890.0,48080000.0,47386000.0,57236000.0,60433000.0,32269000.0,31067000.0,7694000.0,6393000.0
20250725,973580.0,33026680.0,34434930.0,42963180.0,42528510.0,32671890.0,28592210.0,6630010.0,9736110.0,61257000.0,63911000.0,79494000.0,78578000.0,60065000.0,52619000.0,12125000.0,17832000.0
20250728,6189290.0,29703620.0,34896470.0,32032300.0,33028740.0,20706170.0,18172830.0,7656000.0,4000050.0,54094000.0,63585000.0,58317000.0,60118000.0,37698000.0,33043000.0,13913000.0,7277000.0
20250729,-974020.0,23716110.0,23324450.0,24745440.0,24163070.0,16443740.0,18240430.0,3046760.0,2224090.0,43651000.0,42930000.0,45547000.0,44470000.0,30262000.0,33556000.0,5602000.0,4106000.0
20250730,1475480.0,34006800.0,34349780.0,41569090.0,42701580.0,29286220.0,27541550.0,5645860.0,5915050.0,60646000.0,61280000.0,74182000.0,76227000.0,52269000.0,49149000.0,10094000.0,10535000.0
20250731,237470.0,23166030.0,22791700.0,28562350.0,29174140.0,18519180.0,17053950.0,4807610.0,6035370.0,42115000.0,41428000.0,51936000.0,53053000.0,33662000.0,30998000.0,8762000.0,10995000.0
20250801,230130.0,16974220.0,19378890.0,21942370.0,19767830.0,13346120.0,13222430.0,2144560.0,2038120.0,31447000.0,35896000.0,40662000.0,36628000.0,24718000.0,24503000.0,3975000.0,3775000.0
20250804,2441600.0,14425810.0,17311820.0,20111290.0,19666890.0,14401960.0,12582410.0,3329510.0,2707460.0,26627000.0,31956000.0,37106000.0,36285000.0,26569000.0,23201000.0,6144000.0,5005000.0
20250805,-4698080.0,24713560.0,22031050.0,26150850.0,24135280.0,14728790.0,19666830.0,2896110.0,2656150.0,44920000.0,40048000.0,47559000.0,43881000.0,26788000.0,35768000.0,5266000.0,4835000.0
20250806,-4571360.0,16249460.0,15065990.0,26675190.0,23287310.0,17228190.0,21132480.0,3531440.0,4198510.0,29327000.0,27194000.0,48165000.0,42046000.0,31105000.0,38145000.0,6371000.0,7582000.0
20250807,-2315340.0,16662400.0,15892030.0,23226490.0,21681510.0,12306850.0,13813460.0,1797450.0,2606180.0,30552000.0,29133000.0,42571000.0,39733000.0,22564000.0,25325000.0,3286000.0,4782000.0
20250808,-1037340.0,12568660.0,11230460.0,12974170.0,13275020.0,9632220.0,9379300.0,1566250.0,2856510.0,23157000.0,20693000.0,23901000.0,24453000.0,17747000.0,17284000.0,2884000.0,5259000.0
20250811,563560.0,21978760.0,23053570.0,27672770.0,27161520.0,16433060.0,16164370.0,3433860.0,3138990.0,39689000.0,41641000.0,49962000.0,49022000.0,29645000.0,29163000.0,6191000.0,5662000.0
20250812,564830.0,15126740.0,13916410.0,17039320.0,18814490.0,11866970.0,11744860.0,3922370.0,3479650.0,27629000.0,25412000.0,31123000.0,34357000.0,21678000.0,21450000.0,7150000.0,6360000.0
20250813,548810.0,26286910.0,24468880.0,33031340.0,35398170.0,23571090.0,23260050.0,5711110.0,5473340.0,47026000.0,43787000.0,59173000.0,63411000.0,42189000.0,41629000.0,10208000.0,9769000.0
20250814,2251670.0,19986920.0,21287570.0,26293650.0,27244680.0,18771620.0,16078290.0,3643310.0,4084970.0,35716000.0,38035000.0,46970000.0,48650000.0,33515000.0,28714000.0,6488000.0,7290000.0
20250815,816100.0,26202500.0,24752440.0,34314390.0,36580560.0,25255140.0,26476860.0,7954780.0,5916960.0,45745000.0,43182000.0,59913000.0,63851000.0,44117000.0,46260000.0,13849000.0,10331000.0
20250818,5077620.0,23860910.0,26104550.0,30778680.0,33612660.0,24787600.0,24136950.0,11732870.0,7305900.0,40764000.0,44599000.0,52611000.0,57431000.0,42348000.0,41225000.0,20062000.0,12529000.0
20250819,1842620.0,22394720.0,22488640.0,25792660.0,27541370.0,17296300.0,17261420.0,6019260.0,4211520.0,38231000.0,38412000.0,44006000.0,46967000.0,29489000.0,29412000.0,10237000.0,7172000.0
20250820,-668280.0,19456460.0,18235890.0,23857210.0,24409500.0,15257700.0,15876090.0,2760290.0,2810180.0,34093000.0,31940000.0,41827000.0,42788000.0,26750000.0,27848000.0,4832000.0,4926000.0
20250821,-1321790.0,17366130.0,17473780.0,21861860.0,20432410.0,13761740.0,13833760.0,3851390.0,5101160.0,30495000.0,30680000.0,38372000.0,35856000.0,24178000.0,24280000.0,6744000.0,8973000.0
20250822,1160820.0,24810060.0,21955670.0,30110250.0,34125460.0,20894890.0,18059940.0,3912560.0,5586690.0,43416000.0,38439000.0,52680000.0,59717000.0,36531000.0,31547000.0,6825000.0,9750000.0
20250825,4682550.0,34827060.0,34302700.0,41938810.0,47145720.0,27038530.0,25863280.0,11179530.0,7672230.0,59462000.0,58584000.0,71620000.0,80474000.0,46138000.0,44151000.0,19058000.0,13069000.0
20250826,3928470.0,19250360.0,20811870.0,27184830.0,29551780.0,20894980.0,17477000.0,5844160.0,5333670.0,32801000.0,35462000.0,46324000.0,50346000.0,35631000.0,29802000.0,9969000.0,9113000.0
20250827,-2537190.0,44237650.0,41459330.0,64314380.0,64555500.0,46429210.0,47776050.0,11357550.0,12547900.0,76893000.0,72031000.0,111944000.0,112274000.0,80874000.0,83176000.0,19769000.0,21999000.0
20250828,-11658360.0,71337230.0,58967230.0,68454030.0,69165680.0,49053830.0,54141130.0,13191260.0,19762320.0,118340000.0,97790000.0,113554000.0,114729000.0,81340000.0,89809000.0,21824000.0,32728000.0
20250829,4940250.0,54562500.0,60294330.0,52383110.0,51591530.0,38784380.0,33509080.0,10649290.0,10984340.0,89153000.0,98454000.0,85487000.0,84152000.0,63219000.0,54587000.0,17321000.0,17986000.0
20250901,-2440830.0,53071710.0,49347600.0,52223540.0,53506820.0,37393330.0,40689820.0,14018520.0,13162860.0,83192000.0,77354000.0,81837000.0,83856000.0,58567000.0,63744000.0,21961000.0,20604000.0
20250902,-6866070.0,43441010.0,37292510.0,41974410.0,41256840.0,25858720.0,29700220.0,8096830.0,11121400.0,69136000.0,59328000.0,66780000.0,65628000.0,41112000.0,47270000.0,12855000.0,17656000.0
20250903,-7109960.0,42172020.0,34476070.0,35109210.0,35695210.0,19854880.0,25560230.0,7763010.0,9167620.0,68392000.0,55819000.0,56959000.0,57856000.0,32191000.0,41488000.0,12526000.0,14904000.0
20250904,-1143080.0,36630260.0,34573590.0,32378370.0,33291950.0,22538810.0,24486830.0,9191300.0,8386360.0,61803000.0,58346000.0,54633000.0,56137000.0,38060000.0,41375000.0,15510000.0,14149000.0
20250905,2246860.0,24740400.0,27334230.0,25286490.0,24939530.0,18717320.0,17095100.0,5290050.0,4665410.0,41229000.0,45561000.0,42189000.0,41590000.0,31209000.0,28514000.0,8809000.0,7771000.0
20250908,5741090.0,31030390.0,33548470.0,33619350.0,36842360.0,26942170.0,22250500.0,7842530.0,6793110.0,49850000.0,53894000.0,54053000.0,59224000.0,43310000.0,35769000.0,12587000.0,10913000.0
20250909,-4088720.0,30271360.0,27822280.0,32708510.0,31068860.0,19177210.0,21968680.0,3249310.0,4546560.0,49790000.0,45780000.0,53759000.0,51044000.0,31516000.0,36097000.0,5351000.0,7494000.0
20250910,-2404550.0,25084570.0,22711710.0,27665720.0,27634030.0,18554910.0,20724980.0,5476900.0,5711380.0,42430000.0,38419000.0,46778000.0,46736000.0,31349000.0,35020000.0,9291000.0,9673000.0
20250911,-1713390.0,28829770.0,25823110.0,26822180.0,28115440.0,13726100.0,14325580.0,3350280.0,4464190.0,48206000.0,43176000.0,44881000.0,47035000.0,22981000.0,23971000.0,5601000.0,7487000.0
20250912,-2394870.0,25577170.0,26469490.0,27615030.0,24327840.0,16999260.0,17306360.0,4357520.0,6445290.0,42621000.0,44110000.0,46032000.0,40550000.0,28334000.0,28842000.0,7263000.0,10748000.0
20250915,-4758650.0,24214960.0,23448770.0,26937740.0,22945270.0,13149730.0,16297240.0,2912300.0,4523440.0,41081000.0,39784000.0,45738000.0,38959000.0,22319000.0,27660000.0,4941000.0,7677000.0
20250916,-5493670.0,29348460.0,28609040.0,36763720.0,32009450.0,22768810.0,25243650.0,7791400.0,10810230.0,51282000.0,49991000.0,64232000.0,55886000.0,39761000.0,44108000.0,13628000.0,18918000.0
20250917,-3225790.0,20655450.0,18194260.0,19974890.0,19210290.0,12694570.0,15730230.0,3322450.0,3512580.0,35981000.0,31693000.0,34787000.0,33451000.0,22103000.0,27388000.0,5782000.0,6120000.0
20250918,-1709490.0,29607480.0,28809280.0,37086630.0,36175350.0,20400540.0,21989610.0,4536710.0,4657130.0,51393000.0,50042000.0,64355000.0,62738000.0,35394000.0,38150000.0,7885000.0,8097000.0
20250919,-284600.0,29338520.0,28912390.0,30312440.0,30453970.0,17095300.0,16893610.0,5974690.0,6460980.0,50296000.0,49574000.0,51972000.0,52202000.0,29305000.0,28953000.0,10231000.0,11075000.0
20250922,1452740.0,21786740.0,22130070.0,25041890.0,26151300.0,13757900.0,12590820.0,2785970.0,2500310.0,37403000.0,37999000.0,42982000.0,44867000.0,23606000.0,21611000.0,4781000.0,4295000.0
20250923,-1897160.0,33023180.0,32678920.0,36910620.0,35357720.0,19145570.0,21156980.0,5579570.0,5465320.0,57790000.0,57136000.0,64513000.0,61799000.0,33449000.0,37019000.0,9744000.0,9542000.0
20250924,-3860650.0,35323300.0,30309410.0,38111970.0,39265210.0,19634390.0,20774580.0,4293410.0,7013870.0,61518000.0,52797000.0,66424000.0,68469000.0,34108000.0,36089000.0,7470000.0,12165000.0
20250925,-5153780.0,40752270.0,38218710.0,45787760.0,43167520.0,29488090.0,32087340.0,7923540.0,10478070.0,68028000.0,63758000.0,76317000.0,71936000.0,49106000.0,53511000.0,13182000.0,17429000.0
20250926,1160280.0,47861380.0,46546290.0,53215370.0,55690740.0,36005820.0,38083680.0,13696240.0,10458100.0,78187000.0,76051000.0,86899000.0,90903000.0,58797000.0,62175000.0,22324000.0,17079000.0
20250929,190980.0,29434800.0,28844920.0,31106420.0,31887270.0,20745610.0,19191250.0,5667450.0,7030830.0,48836000.0,47864000.0,51638000.0,52928000.0,34437000.0,31865000.0,9428000.0,11682000.0
20250930,-13034960.0,62237820.0,55554250.0,69578620.0,63227210.0,49521100.0,55298830.0,13502390.0,20759620.0,96980000.0,86602000.0,108562000.0,98702000.0,77108000.0,86075000.0,21085000.0,32355000.0
20251009,-11888390.0,115238380.0,107256220.0,150008520.0,146102290.0,138164720.0,146294340.0,101005720.0,104764490.0,153854000.0,143128000.0,200320000.0,194913000.0,184451000.0,194811000.0,132211000.0,137984000.0
20251010,-5439930.0,129149500.0,133626730.0,156693070.0,146775910.0,116556670.0,111555910.0,43577490.0,54018180.0,169635000.0,175685000.0,205242000.0,192499000.0,152501000.0,145841000.0,56896000.0,70249000.0
20251013,18124550.0,96339400.0,107587910.0,116017690.0,122893720.0,88929430.0,77083780.0,34579540.0,28300640.0,129206000.0,144205000.0,155455000.0,164597000.0,119121000.0,103347000.0,46398000.0,38031000.0
20251014,13617170.0,101663360.0,114630980.0,172644210.0,173293760.0,146565110.0,133579130.0,55070770.0,54439580.0,129551000.0,145919000.0,218903000.0,219440000.0,185501000.0,169103000.0,69246000.0,68739000.0
20251015,-13783850.0,85665560.0,76447510.0,105394990.0,100829190.0,67540160.0,77223920.0,23205170.0,27305260.0,116534000.0,103947000.0,143372000.0,137085000.0,91808000.0,104899000.0,31325000.0,37109000.0
20251016,-10586360.0,63488200.0,52594310.0,62616850.0,62924390.0,42647110.0,50736160.0,15312630.0,17809940.0,87940000.0,72834000.0,86636000.0,87127000.0,59026000.0,70227000.0,21242000.0,24655000.0
20251017,-9115580.0,59216450.0,50650240.0,61131590.0,60582230.0,42424410.0,47654950.0,14330440.0,18215480.0,84691000.0,72319000.0,87349000.0,86519000.0,60657000.0,68218000.0,20565000.0,26207000.0
20251020,-5214660.0,43231860.0,40249510.0,49999850.0,47767540.0,33882700.0,37437370.0,11114210.0,12774200.0,63066000.0,58737000.0,72922000.0,69622000.0,49398000.0,54556000.0,16215000.0,18686000.0
20251021,5816800.0,39609880.0,43174260.0,45187700.0,47440120.0,35151470.0,29896550.0,9851830.0,9289950.0,57777000.0,62987000.0,65916000.0,69198000.0,51275000.0,43605000.0,14372000.0,13549000.0
20251022,6073100.0,64132760.0,75092890.0,86508220.0,81621180.0,66635260.0,66097250.0,16518260.0,10983170.0,91851000.0,107305000.0,123817000.0,116767000.0,95038000.0,94444000.0,23482000.0,15673000.0
20251023,6190350.0,58644590.0,65381150.0,73290550.0,72744330.0,53059800.0,50057080.0,17244350.0,14056720.0,83983000.0,93461000.0,104966000.0,104110000.0,75772000.0,71629000.0,24639000.0,20160000.0
20251024,5860320.0,51326680.0,57136710.0,71934950.0,71985240.0,55657960.0,52788560.0,16884150.0,13893230.0,71538000.0,79628000.0,100221000.0,100268000.0,77562000.0,73562000.0,23485000.0,19348000.0
20251027,7018370.0,62848610.0,67038590.0,98329030.0,101157420.0,82353980.0,81684670.0,33179630.0,26830570.0,82410000.0,87879000.0,129097000.0,132766000.0,108156000.0,107282000.0,43574000.0,35309000.0
20251028,-19913220.0,102211340.0,81645570.0,158621550.0,159274100.0,115614150.0,131905570.0,38700300.0,42322100.0,125316000.0,99980000.0,193814000.0,194546000.0,141234000.0,161387000.0,47342000.0,51793000.0
20251029,4300.0,99237800.0,98421090.0,189843510.0,190664530.0,162081670.0,159295120.0,56406970.0,59189220.0,115539000.0,114629000.0,220789000.0,221775000.0,188716000.0,185375000.0,65763000.0,69028000.0
20251030,-16940770.0,99280850.0,102062620.0,190793850.0,171071310.0,147991710.0,147628310.0,52567190.0,69871360.0,117454000.0,120472000.0,225696000.0,202156000.0,175080000.0,174752000.0,62346000.0,83196000.0
20251031,-29972720.0,111485450.0,95131700.0,147504400.0,133885440.0,101937220.0,109229790.0,28620830.0,51300980.0,137832000.0,117488000.0,181652000.0,164770000.0,125307000.0,134419000.0,35136000.0,63251000.0
20251103,3267420.0,70897860.0,74827740.0,95109320.0,94446850.0,66036730.0,64179180.0,20561450.0,19151580.0,91346000.0,96411000.0,122407000.0,121533000.0,84924000.0,82471000.0,26464000.0,24725000.0
20251104,4565240.0,55650170.0,60431790.0,61421290.0,61204910.0,46085780.0,39113260.0,12866720.0,15274000.0,73053000.0,79341000.0,80595000.0,80299000.0,60451000.0,51318000.0,16880000.0,20021000.0
20251105,1772570.0,51831640.0,56205870.0,62954780.0,60353120.0,47330720.0,43103010.0,14535700.0,16990840.0,69723000.0,75533000.0,84713000.0,81204000.0,63650000.0,57993000.0,19566000.0,22921000.0
20251106,12126080.0,70242770.0,76891240.0,91808450.0,97286050.0,75068390.0,71205150.0,27089020.0,18826180.0,90436000.0,98973000.0,118254000.0,125242000.0,96678000.0,91669000.0,34735000.0,24218000.0
20251107,-6208020.0,44614880.0,42421170.0,58766150.0,54751840.0,44563230.0,45211360.0,10209110.0,15769000.0,58674000.0,55794000.0,77285000.0,72004000.0,58601000.0,59457000.0,13443000.0,20748000.0
20251110,-11705080.0,68154260.0,59132070.0,80344400.0,77661500.0,55534860.0,57482170.0,12133380.0,21891150.0,93793000.0,81341000.0,110508000.0,106811000.0,76334000.0,78997000.0,16657000.0,30142000.0
20251111,11073820.0,53831730.0,62757820.0,71208740.0,73356480.0,50424890.0,47765330.0,19753620.0,11339360.0,73041000.0,85132000.0,96620000.0,99512000.0,68417000.0,64775000.0,26737000.0,15397000.0
20251112,-14513860.0,54901460.0,47500020.0,63549380.0,56436950.0,40929440.0,46681790.0,8848510.0,17610020.0,77727000.0,67222000.0,89974000.0,79854000.0,57949000.0,66092000.0,12531000.0,25014000.0
20251113,-5528650.0,37762940.0,32325180.0,42191190.0,42100290.0,28702260.0,30852880.0,7688700.0,11066730.0,52954000.0,45334000.0,59194000.0,59058000.0,40268000.0,43261000.0,10774000.0,15537000.0
20251114,-7850750.0,32861110.0,29190370.0,37374820.0,33194810.0,23890860.0,24850910.0,7208080.0,14098780.0,46893000.0,41659000.0,53349000.0,47379000.0,34113000.0,35475000.0,10282000.0,20125000.0
20251117,-554540.0,29942800.0,31336800.0,33990000.0,32041460.0,24545970.0,22857530.0,9674030.0,11917010.0,42741000.0,44739000.0,48499000.0,45699000.0,35030000.0,32606000.0,13809000.0,17036000.0
20251118,-3302700.0,31364300.0,30380680.0,33665640.0,31346560.0,21311230.0,22061680.0,5622510.0,8174760.0,45442000.0,43995000.0,48756000.0,45375000.0,30852000.0,31956000.0,8132000.0,11856000.0
20251119,-1666640.0,26191620.0,24497380.0,29634390.0,29662000.0,18899890.0,21554720.0,6520750.0,5532560.0,38314000.0,35829000.0,43347000.0,43371000.0,27639000.0,31536000.0,9528000.0,8092000.0
20251120,-7672370.0,30735760.0,26570370.0,32693330.0,29186340.0,19736930.0,24533080.0,3997020.0,6873240.0,45575000.0,39373000.0,48429000.0,43238000.0,29249000.0,36356000.0,5922000.0,10208000.0
20251121,-9367650.0,45337180.0,37657260.0,40195920.0,38508180.0,23310320.0,28655640.0,6794680.0,10817010.0,70112000.0,58265000.0,62146000.0,59545000.0,36043000.0,44307000.0,10520000.0,16703000.0
20251124,3071340.0,32041230.0,36037150.0,32584720.0,31660140.0,20028890.0,18003420.0,7636530.0,6590660.0,49476000.0,55628000.0,50299000.0,48865000.0,30931000.0,27811000.0,11772000.0,10175000.0
20251125,6254980.0,34696560.0,39977100.0,44550860.0,45525300.0,32768870.0,28599440.0,9242470.0,7156920.0,52089000.0,60020000.0,66885000.0,68337000.0,49177000.0,42926000.0,13865000.0,10731000.0
20251126,-3297290.0,28060510.0,25894570.0,30249610.0,29118260.0,19399110.0,20579660.0,4708020.0,6824760.0,42316000.0,39050000.0,45627000.0,43908000.0,29266000.0,31036000.0,7087000.0,10302000.0
20251127,263740.0,26148500.0,27168310.0,29379170.0,28623110.0,18911260.0,17395370.0,4552900.0,5805050.0,39488000.0,41041000.0,44327000.0,43164000.0,28526000.0,26229000.0,6847000.0,8754000.0
20251128,-1925680.0,22069450.0,20162090.0,22593760.0,22575430.0,13339860.0,14133920.0,3336510.0,4468130.0,33537000.0,30640000.0,34350000.0,34302000.0,20270000.0,21482000.0,5097000.0,6829000.0
20251201,5193280.0,24556810.0,29814790.0,33576390.0,33511690.0,23734470.0,21025790.0,6505970.0,4021370.0,36695000.0,44552000.0,50170000.0,50070000.0,35466000.0,31422000.0,9718000.0,6005000.0
20251202,1860590.0,23319150.0,26125900.0,25262870.0,24316700.0,16203930.0,14872060.0,4008420.0,3479700.0,35439000.0,39716000.0,38411000.0,36968000.0,24635000.0,22612000.0,6095000.0,5285000.0
20251203,-3306290.0,27449090.0,23711750.0,27426600.0,27857650.0,16527490.0,17268000.0,2337400.0,4903180.0,42356000.0,36583000.0,42323000.0,42980000.0,25515000.0,26654000.0,3601000.0,7577000.0
20251204,-975420.0,20333950.0,19607550.0,22839670.0,22590640.0,14187660.0,13387060.0,3054140.0,4830160.0,31218000.0,30098000.0,35063000.0,34670000.0,21785000.0,20547000.0,4691000.0,7442000.0
20251205,2550590.0,41832230.0,41303560.0,55517440.0,58596700.0,37645780.0,35251850.0,10250340.0,10093680.0,62816000.0,62070000.0,83363000.0,87959000.0,56471000.0,52822000.0,15341000.0,15139000.0
20251208,6863570.0,39277270.0,43641790.0,56624080.0,59123130.0,40200210.0,37606810.0,16147360.0,11877190.0,57018000.0,63344000.0,82204000.0,85823000.0,58364000.0,54609000.0,23439000.0,17248000.0
20251209,-1087130.0,29479210.0,30460060.0,46432930.0,44364950.0,27869240.0,28032820.0,6813450.0,7737000.0,43162000.0,44613000.0,67978000.0,64931000.0,40776000.0,41012000.0,9954000.0,11315000.0
20251210,-2877300.0,29156390.0,27050400.0,34097280.0,33325970.0,19547540.0,19558130.0,4901110.0,7767820.0,43607000.0,40462000.0,51016000.0,49850000.0,29259000.0,29265000.0,7324000.0,11629000.0
20251211,5904450.0,62643000.0,68129230.0,89339690.0,89757910.0,67559310.0,60821240.0,19393790.0,20227410.0,89299000.0,97080000.0,127368000.0,127925000.0,96264000.0,86704000.0,27607000.0,28830000.0
20251212,7989760.0,85915400.0,93128670.0,122543290.0,123319780.0,93531820.0,88283780.0,27538120.0,24796400.0,116799000.0,126551000.0,166258000.0,167466000.0,126880000.0,119734000.0,37394000.0,33581000.0
20251215,-7554030.0,69178370.0,64882330.0,94406360.0,91148360.0,69789920.0,68718320.0,16246130.0,24871760.0,93223000.0,87452000.0,127069000.0,122715000.0,93946000.0,92485000.0,21870000.0,33455000.0
20251216,-4051910.0,56707080.0,53810050.0,74686250.0,73531370.0,47879110.0,49228880.0,16100630.0,18802770.0,82266000.0,78094000.0,108367000.0,106684000.0,69532000.0,71486000.0,23381000.0,27282000.0
20251217,327600.0,36753140.0,35690910.0,50423750.0,51813570.0,33849900.0,30395910.0,6552270.0,9678660.0,53577000.0,52037000.0,73567000.0,75543000.0,49311000.0,44294000.0,9555000.0,14136000.0
20251218,-1961040.0,38490340.0,38318300.0,49772330.0,47983320.0,32458830.0,33418240.0,10493420.0,11495050.0,55204000.0,54908000.0,71368000.0,68767000.0,46495000.0,47918000.0,14999000.0,16472000.0
20251219,512660.0,57429780.0,53540480.0,61934370.0,66336310.0,46316730.0,44810810.0,12091030.0,13084290.0,79867000.0,74382000.0,86057000.0,92134000.0,64314000.0,62318000.0,16821000.0,18226000.0
20251222,7885470.0,46700260.0,51202140.0,60946520.0,64330120.0,44468740.0,43968720.0,18562170.0,11176720.0,63875000.0,70011000.0,83370000.0,87974000.0,60800000.0,60136000.0,25378000.0,15302000.0
20251223,-1729500.0,42850570.0,41709960.0,52690940.0,52102040.0,34094220.0,33197850.0,6602080.0,9227950.0,59182000.0,57591000.0,72747000.0,71925000.0,47052000.0,45840000.0,9093000.0,12719000.0
20251224,912030.0,42977210.0,44167710.0,54975030.0,54696550.0,39826560.0,36693070.0,9157690.0,11379150.0,58936000.0,60511000.0,75367000.0,74973000.0,54568000.0,50280000.0,12530000.0,15636000.0
20251225,-87780.0,50750900.0,53871010.0,71048630.0,67840750.0,50168200.0,47747960.0,11473970.0,13981990.0,68229000.0,72411000.0,95529000.0,91176000.0,67456000.0,64208000.0,15390000.0,18809000.0
20251226,-5359800.0,58081690.0,52928100.0,74681170.0,74474970.0,50566640.0,56738640.0,16755190.0,15942990.0,78202000.0,71241000.0,100523000.0,100238000.0,68040000.0,76351000.0,22535000.0,21469000.0
20251229,-3035910.0,47490520.0,42754360.0,59082080.0,60782320.0,39738650.0,42708370.0,10972210.0,11038400.0,64281000.0,57834000.0,79929000.0,82182000.0,53736000.0,57810000.0,14832000.0,14953000.0
20251230,148310.0,47494310.0,48087470.0,61894510.0,61449660.0,46461720.0,47107340.0,15344500.0,14550570.0,64038000.0,64829000.0,83414000.0,82811000.0,62580000.0,63460000.0,20676000.0,19607000.0
20251231,-1979980.0,51947810.0,53366570.0,68590470.0,65191750.0,51607210.0,49992310.0,13482410.0,17077290.0,70430000.0,72267000.0,92917000.0,88318000.0,69857000.0,67726000.0,18237000.0,23130000.0
20260105,-2365880.0,73083380.0,68993750.0,95968900.0,97692640.0,74483770.0,78127590.0,33949300.0,32671360.0,93193000.0,87987000.0,122378000.0,124554000.0,94998000.0,99592000.0,43188000.0,41625000.0
20260106,-4763960.0,58608780.0,53900750.0,70280540.0,70224610.0,56281460.0,59828950.0,18640930.0,19857400.0,75024000.0,68992000.0,89967000.0,89892000.0,72032000.0,76568000.0,23882000.0,25452000.0
20260107,-1902160.0,71127540.0,67709060.0,117496830.0,119013160.0,86699210.0,85873230.0,35657560.0,38385700.0,87596000.0,83340000.0,144569000.0,146447000.0,106685000.0,105684000.0,43814000.0,47193000.0
20260108,-586920.0,82804320.0,81358810.0,143195220.0,144053820.0,99323150.0,100003760.0,32202360.0,32108670.0,97844000.0,96066000.0,169282000.0,170196000.0,117259000.0,118229000.0,38119000.0,38013000.0
20260109,-6582580.0,109794250.0,102603090.0,202714320.0,203322900.0,161017210.0,151781420.0,57179180.0,72997550.0,121846000.0,113913000.0,225007000.0,225738000.0,178542000.0,168479000.0,63592000.0,80856000.0
20260112,-5137590.0,126724630.0,125635000.0,258646160.0,254598200.0,215219180.0,223791730.0,106616510.0,103181550.0,129252000.0,128068000.0,264098000.0,259724000.0,219349000.0,228182000.0,107466000.0,104192000.0
20260113,-15189230.0,109679630.0,103354750.0,216721880.0,207857530.0,173410500.0,175244710.0,69978550.0,83333570.0,112180000.0,105702000.0,221678000.0,212625000.0,177453000.0,179222000.0,71660000.0,85422000.0
20260114,-22937110.0,120725790.0,105023400.0,207055870.0,199821160.0,155504180.0,167350210.0,58452810.0,69543890.0,124772000.0,108432000.0,214002000.0,206363000.0,160644000.0,172931000.0,60233000.0,71924000.0
20260115,-15182050.0,100658140.0,85765380.0,147880940.0,147591650.0,94826710.0,101105460.0,37489980.0,46393280.0,110722000.0,94238000.0,162571000.0,162128000.0,104194000.0,111174000.0,41168000.0,51114000.0
20260116,8761950.0,79222030.0,83441990.0,117658970.0,122200960.0,69912930.0,64388780.0,29491380.0,26253580.0,87175000.0,91773000.0,129457000.0,134497000.0,76876000.0,70771000.0,32388000.0,28854000.0
20260119,-2444430.0,61459060.0,58997020.0,86129980.0,86147580.0,57659480.0,56611680.0,18112010.0,21604240.0,68089000.0,65334000.0,95416000.0,95409000.0,63914000.0,62740000.0,20062000.0,23998000.0
20260120,-14563990.0,76549780.0,67274550.0,102103030.0,96814270.0,59308310.0,66755010.0,20314530.0,27431820.0,87985000.0,77258000.0,117247000.0,111150000.0,68138000.0,76729000.0,23364000.0,31598000.0
20260121,721510.0,47254850.0,44825320.0,57858910.0,61009950.0,36206190.0,38025450.0,16119850.0,13579080.0,53959000.0,51181000.0,66058000.0,69655000.0,41335000.0,43404000.0,18383000.0,15494000.0
20260122,11836830.0,75166610.0,82182420.0,118662780.0,123483800.0,83183750.0,73576880.0,29079870.0,26849910.0,82318000.0,90010000.0,129901000.0,135192000.0,91033000.0,80468000.0,31804000.0,29386000.0
20260123,-2369410.0,71746730.0,70887000.0,122656180.0,121146490.0,85351020.0,87859620.0,32529890.0,32390700.0,77262000.0,76229000.0,131949000.0,130221000.0,91747000.0,94521000.0,34897000.0,34884000.0
20260126,-8778720.0,67465070.0,63728570.0,103036690.0,97994470.0,65664570.0,65807180.0,23770840.0,32406950.0,74807000.0,70664000.0,114145000.0,108510000.0,72672000.0,72841000.0,26343000.0,35953000.0
20260127,-5169010.0,51947260.0,46085560.0,66786230.0,67478930.0,42034230.0,45973160.0,14383730.0,15613810.0,57919000.0,51405000.0,74438000.0,75158000.0,46863000.0,51285000.0,16070000.0,17443000.0
20260128,-6935980.0,46901650.0,43374100.0,60043800.0,56635360.0,37074670.0,39141360.0,9361110.0,14230400.0,52231000.0,48318000.0,66890000.0,63049000.0,41293000.0,43595000.0,10425000.0,15875000.0
20260129,-4192910.0,55040290.0,53151720.0,73864300.0,71559960.0,49939620.0,49320950.0,9090810.0,13902390.0,61285000.0,59174000.0,82269000.0,79695000.0,55753000.0,54980000.0,10105000.0,15563000.0
20260130,-15499590.0,68390990.0,60165750.0,82119920.0,74845550.0,49598270.0,54768420.0,18901440.0,29230880.0,80734000.0,71030000.0,96986000.0,88321000.0,58588000.0,64673000.0,22322000.0,34605000.0
20260202,643780.0,50760590.0,54329360.0,54510180.0,51585190.0,35163690.0,33897090.0,11799140.0,12421960.0,61030000.0,65332000.0,65539000.0,62025000.0,42272000.0,40780000.0,14228000.0,14932000.0
20260203,1405790.0,54388610.0,53680450.0,59170560.0,61284500.0,40203600.0,37245930.0,11755430.0,13307310.0,65669000.0,64804000.0,71436000.0,73906000.0,48435000.0,44907000.0,14157000.0,16080000.0
20260204,-4105130.0,33369830.0,32658530.0,40730250.0,37336410.0,24434460.0,25830080.0,6752570.0,9462080.0,39886000.0,39046000.0,48722000.0,44650000.0,29225000.0,30893000.0,8092000.0,11336000.0
20260205,-578480.0,31207260.0,33357470.0,37555410.0,34826720.0,24912020.0,22965050.0,5244590.0,7770040.0,37798000.0,40428000.0,45463000.0,42143000.0,30174000.0,27787000.0,6360000.0,9438000.0
20260206,-3645720.0,33569410.0,30185770.0,37017080.0,36755000.0,23554720.0,24888430.0,4750050.0,7062060.0,40945000.0,36852000.0,45176000.0,44846000.0,28742000.0,30335000.0,5809000.0,8639000.0
20260209,5743600.0,30258470.0,34244280.0,38562810.0,40320600.0,26048870.0,22237200.0,9861860.0,7929930.0,36275000.0,41053000.0,46210000.0,48322000.0,31216000.0,26653000.0,11829000.0,9501000.0
20260210,3436350.0,27299960.0,31103500.0,38780800.0,38413620.0,28672830.0,25778390.0,7660130.0,7118220.0,32557000.0,37100000.0,46258000.0,45809000.0,34195000.0,30742000.0,9127000.0,8485000.0
20260211,465270.0,26581650.0,25471160.0,31326810.0,32902560.0,23529450.0,22086230.0,7388050.0,8366000.0,31797000.0,30476000.0,37474000.0,39356000.0,28148000.0,26422000.0,8837000.0,10002000.0
20260212,2028890.0,33684520.0,34534020.0,54535010.0,55714400.0,36975670.0,34894570.0,16616690.0,16668900.0,39778000.0,40777000.0,64400000.0,65773000.0,43668000.0,41192000.0,19620000.0,19725000.0
20260213,1206240.0,29493770.0,32717940.0,41419880.0,39401960.0,21935660.0,20786840.0,5614100.0,5556680.0,35246000.0,39101000.0,49523000.0,47093000.0,26209000.0,24845000.0,6710000.0,6651000.0
20260224,-4041550.0,28121540.0,27614870.0,44616980.0,41082090.0,29220540.0,30222040.0,7888290.0,10928340.0,33668000.0,33091000.0,53434000.0,49217000.0,34998000.0,36178000.0,9432000.0,13046000.0
20260225,-5335320.0,42788530.0,38346000.0,65047080.0,64154290.0,38354720.0,40772570.0,12113610.0,15031080.0,50398000.0,45141000.0,76616000.0,75548000.0,45150000.0,48049000.0,14254000.0,17679000.0
20260226,6064690.0,39423350.0,43981070.0,65476430.0,66983390.0,46694970.0,44080350.0,16288800.0,12838730.0,45587000.0,50833000.0,75733000.0,77453000.0,53971000.0,50982000.0,18818000.0,14841000.0
20260227,4073900.0,52435200.0,55722680.0,85293080.0,86079500.0,57900630.0,53823570.0,23713090.0,23716250.0,58849000.0,62554000.0,95772000.0,96603000.0,64957000.0,60433000.0,26574000.0,26561000.0
20260302,-8263670.0,57119980.0,53849940.0,93074950.0,88081320.0,59705510.0,61964560.0,19765710.0,25770330.0,63064000.0,59451000.0,102766000.0,97231000.0,65949000.0,68428000.0,21797000.0,28467000.0
20260303,-11216680.0,56264310.0,53339470.0,96742260.0,88450430.0,58583850.0,65686420.0,20337980.0,24452090.0,65041000.0,61672000.0,111835000.0,102282000.0,67764000.0,75988000.0,23551000.0,28249000.0
20260304,-9915440.0,35615360.0,30385710.0,47860480.0,43174690.0,25221440.0,29722140.0,10095740.0,15510480.0,42241000.0,36027000.0,56802000.0,51225000.0,29946000.0,35301000.0,11985000.0,18422000.0
20260305,1905250.0,50509540.0,51434920.0,76309630.0,77289510.0,53575180.0,48941390.0,23038270.0,25766810.0,58086000.0,59129000.0,87750000.0,88875000.0,61630000.0,56316000.0,26471000.0,29617000.0
20260306,-709800.0,34379690.0,33979220.0,47878180.0,47568860.0,31215720.0,32959490.0,12735090.0,11701120.0,39741000.0,39303000.0,55374000.0,54998000.0,36080000.0,38090000.0,14686000.0,13492000.0
20260309,-7000280.0,37405690.0,34939560.0,54492130.0,49958000.0,30297650.0,31004750.0,10310820.0,16604000.0,45137000.0,42192000.0,65836000.0,60334000.0,36612000.0,37446000.0,12470000.0,20083000.0
20260310,127430.0,30224780.0,29759410.0,42766620.0,43359420.0,26164830.0,25271780.0,11365540.0,12131160.0,35874000.0,35326000.0,50755000.0,51442000.0,31047000.0,29989000.0,13481000.0,14400000.0
20260311,-873860.0,29175580.0,30269640.0,43671130.0,41703210.0,26743920.0,24859330.0,8143510.0,10901960.0,34566000.0,35880000.0,51726000.0,49389000.0,31705000.0,29456000.0,9653000.0,12925000.0
20260312,-11341650.0,59333320.0,56421680.0,86413260.0,77983250.0,50096410.0,55049050.0,10563990.0,16953000.0,74189000.0,70477000.0,107801000.0,97257000.0,62586000.0,68809000.0,13185000.0,21219000.0
20260313,-3064000.0,38916460.0,35546130.0,43098210.0,43404540.0,29166530.0,28307240.0,8552310.0,12475600.0,49594000.0,45277000.0,54914000.0,55294000.0,37160000.0,36079000.0,10911000.0,15929000.0
20260316,-3791270.0,36071180.0,32398640.0,35539260.0,35420540.0,20188100.0,22019100.0,6976430.0,8936700.0,47178000.0,42388000.0,46529000.0,46367000.0,26439000.0,28826000.0,9146000.0,11712000.0
20260317,-3311670.0,30355290.0,27771310.0,33220220.0,32492530.0,21671820.0,22804480.0,3989740.0,6168750.0,40157000.0,36704000.0,43955000.0,42999000.0,28695000.0,30221000.0,5300000.0,8183000.0
20260318,-6600610.0,31750950.0,25420490.0,36386880.0,36116720.0,23731480.0,25205480.0,5303850.0,10430460.0,43028000.0,34437000.0,49304000.0,48937000.0,32159000.0,34166000.0,7188000.0,14139000.0
20260319,-6138190.0,37150800.0,32367750.0,37448890.0,36093750.0,26644810.0,28050950.0,6990810.0,11722860.0,51597000.0,44963000.0,52004000.0,50139000.0,37005000.0,38951000.0,9714000.0,16268000.0
20260320,-739840.0,31174030.0,29143690.0,28919990.0,30210490.0,25233360.0,24323690.0,13204890.0,14854400.0,43257000.0,40449000.0,40130000.0,41931000.0,35027000.0,33759000.0,18371000.0,20645000.0
20260323,-3323080.0,33104510.0,32532480.0,39227970.0,36476930.0,21347180.0,24363310.0,8817040.0,9123990.0,48000000.0,47180000.0,56907000.0,52895000.0,30945000.0,35296000.0,12692000.0,13172000.0
20260324,1932410.0,30606980.0,31093040.0,33415340.0,34861690.0,22835400.0,21819340.0,10994140.0,10077790.0,44651000.0,45369000.0,48746000.0,50830000.0,33348000.0,31865000.0,16062000.0,14742000.0
20260325,7931960.0,24356250.0,29682050.0,29128140.0,31734300.0,22014130.0,19636320.0,13504810.0,7950660.0,34050000.0,41509000.0,40721000.0,44359000.0,30784000.0,27463000.0,18905000.0,11129000.0
20260326,5175670.0,22675820.0,26316750.0,26175020.0,27709750.0,21026830.0,20991850.0,8458520.0,3317830.0,31674000.0,36774000.0,36548000.0,38697000.0,29371000.0,29310000.0,11823000.0,4635000.0
20260327,-715000.0,20219590.0,19509500.0,22579820.0,22574920.0,15211480.0,14379050.0,5825090.0,7372520.0,28298000.0,27297000.0,31604000.0,31584000.0,21267000.0,20108000.0,8163000.0,10343000.0
20260330,501810.0,21689100.0,20528480.0,21582740.0,23245190.0,12871460.0,11452380.0,2996040.0,3913310.0,30669000.0,29032000.0,30530000.0,32858000.0,18189000.0,16178000.0,4226000.0,5547000.0
20260331,3799210.0,26424940.0,28234110.0,31152290.0,33142320.0,20494380.0,17432690.0,7454920.0,6717400.0,36680000.0,39188000.0,43232000.0,45994000.0,28424000.0,24157000.0,10325000.0,9322000.0
20260401,-502590.0,19158940.0,18174210.0,22190980.0,22673120.0,15307410.0,15074360.0,3825040.0,4560680.0,26674000.0,25307000.0,30892000.0,31557000.0,21308000.0,20980000.0,5330000.0,6359000.0
20260402,-3438700.0,22513970.0,21079190.0,24578240.0,22574320.0,14653380.0,16618400.0,3522860.0,4996540.0,32039000.0,29975000.0,34954000.0,32091000.0,20829000.0,23650000.0,5013000.0,7119000.0
20260403,-5249300.0,18654050.0,14764300.0,18193170.0,16833620.0,10190220.0,12792180.0,3090040.0,5737380.0,27029000.0,21389000.0,26368000.0,24391000.0,14784000.0,18551000.0,4475000.0,8325000.0
20260407,-1472480.0,16856070.0,15708440.0,17528640.0,17203800.0,10718300.0,12195810.0,3492320.0,3487290.0,24475000.0,22808000.0,25464000.0,24975000.0,15565000.0,17718000.0,5056000.0,5058000.0
20260408,-2351480.0,36612050.0,31938350.0,34457130.0,36779360.0,24049820.0,26018590.0,10004430.0,10387140.0,50741000.0,44259000.0,47736000.0,50942000.0,33327000.0,36021000.0,13814000.0,14397000.0
20260409,-1274410.0,19879830.0,21053640.0,24299420.0,21851200.0,13184500.0,14484350.0,3974540.0,3949100.0,27456000.0,29073000.0,33568000.0,30178000.0,18207000.0,20010000.0,5487000.0,5457000.0
20260410,1104870.0,24107620.0,25274830.0,29394270.0,29331930.0,19123560.0,17518950.0,4095550.0,4595290.0,33003000.0,34612000.0,40248000.0,40162000.0,26189000.0,23987000.0,5602000.0,6282000.0
20260413,1523440.0,17866250.0,18696470.0,20326460.0,21019690.0,15955240.0,12930510.0,2821980.0,4323270.0,24784000.0,25939000.0,28199000.0,29160000.0,22130000.0,17935000.0,3914000.0,5993000.0
20260414,526510.0,23815500.0,24347370.0,28889270.0,28883920.0,20598040.0,20349670.0,5148940.0,4870800.0,32537000.0,33271000.0,39472000.0,39468000.0,28146000.0,27804000.0,7042000.0,6656000.0
20260415,4460880.0,41475470.0,44457110.0,54772880.0,56252110.0,39913030.0,36611340.0,11420500.0,10261310.0,55909000.0,59877000.0,73848000.0,75776000.0,53755000.0,49344000.0,15363000.0,13877000.0
20260416,-5228640.0,26915930.0,23531800.0,33888090.0,32043580.0,20151850.0,23247590.0,4538880.0,6671780.0,36807000.0,32171000.0,46336000.0,43814000.0,27567000.0,31807000.0,6205000.0,9123000.0
20260417,-702330.0,23993310.0,23468800.0,29727790.0,29549980.0,21438120.0,20027970.0,6004500.0,8116980.0,32659000.0,31946000.0,40480000.0,40232000.0,29198000.0,27270000.0,8175000.0,11064000.0
20260420,3063260.0,38150250.0,38295840.0,46264850.0,49182520.0,32057110.0,29109530.0,8985070.0,8869390.0,51092000.0,51254000.0,61942000.0,65829000.0,42912000.0,38997000.0,12016000.0,11882000.0
20260421,1491020.0,26729860.0,27575500.0,34156790.0,34802180.0,25362190.0,24406410.0,7056060.0,6520820.0,35657000.0,36784000.0,45554000.0,46416000.0,33814000.0,32539000.0,9432000.0,8719000.0
20260422,-6467750.0,27202000.0,23695220.0,35647040.0,32686060.0,25299610.0,24480460.0,8352300.0,15639200.0,36694000.0,31957000.0,48088000.0,44083000.0,34125000.0,33016000.0,11272000.0,21122000.0
20260423,-7359050.0,42679370.0,37309270.0,43360950.0,41372010.0,26245760.0,30795460.0,5726120.0,8535470.0,58877000.0,51452000.0,59775000.0,57040000.0,36160000.0,42442000.0,7886000.0,11762000.0
20260424,-6391560.0,34284390.0,29335270.0,34279530.0,32837100.0,23294960.0,24856190.0,8099740.0,12930070.0,48745000.0,41704000.0,48735000.0,46681000.0,33123000.0,35339000.0,11525000.0,18404000.0
20260427,-1778930.0,38631190.0,38085870.0,42303960.0,41070350.0,27131310.0,26238980.0,6619880.0,9291140.0,55376000.0,54536000.0,60636000.0,58840000.0,38862000.0,37629000.0,9476000.0,13345000.0
20260428,-1127830.0,39932480.0,40017980.0,39180580.0,37967230.0,23603540.0,24895720.0,8679330.0,8514980.0,58446000.0,58542000.0,57341000.0,55555000.0,34553000.0,36448000.0,12679000.0,12474000.0
20260429,-12861480.0,57372610.0,48088400.0,72017680.0,68440430.0,47048050.0,52995830.0,14031880.0,20945580.0,92674000.0,77680000.0,116421000.0,110667000.0,76042000.0,85729000.0,22711000.0,33772000.0
20260430,2798590.0,44624800.0,46054530.0,51397310.0,52766160.0,34851730.0,31926110.0,10602220.0,10729250.0,70482000.0,72686000.0,81056000.0,83240000.0,54953000.0,50350000.0,16695000.0,16910000.0
20260506,-156680.0,47212080.0,46199530.0,50526510.0,51382380.0,34219680.0,33673060.0,10584580.0,11287880.0,71174000.0,69661000.0,76259000.0,77494000.0,51619000.0,50792000.0,15961000.0,17066000.0
20260507,-1898480.0,39380000.0,36553350.0,39178440.0,40106600.0,26906580.0,26575960.0,6790340.0,9019440.0,58898000.0,54665000.0,58633000.0,59990000.0,40213000.0,39741000.0,10142000.0,13489000.0
20260508,-2594320.0,32613370.0,31553900.0,34180800.0,32645950.0,23585200.0,22480860.0,3119590.0,6818250.0,48338000.0,46766000.0,50682000.0,48402000.0,34968000.0,33335000.0,4625000.0,10111000.0
20260511,2879070.0,34610400.0,37380070.0,42298130.0,42407520.0,29298520.0,27632350.0,10229590.0,9016690.0,50264000.0,54286000.0,61378000.0,61536000.0,42548000.0,40130000.0,14864000.0,13102000.0
20260512,-3344090.0,36354340.0,33434130.0,34850240.0,34426360.0,19783180.0,22559830.0,6046890.0,6614330.0,54100000.0,49742000.0,51848000.0,51212000.0,29449000.0,33586000.0,9002000.0,9860000.0
20260513,-4180180.0,38877850.0,33296480.0,28538820.0,29940010.0,16387910.0,16342140.0,4227440.0,8453390.0,57565000.0,49309000.0,42282000.0,44346000.0,24270000.0,24197000.0,6249000.0,12513000.0
20260514,-3422290.0,39553490.0,37726820.0,36336850.0,34741230.0,20960280.0,22016930.0,3983230.0,6348870.0,59825000.0,57031000.0,54922000.0,52508000.0,31662000.0,33286000.0,6038000.0,9622000.0
20260515,-370290.0,39866620.0,40473700.0,31656770.0,30679400.0,17865420.0,18659770.0,6576520.0,6152460.0,62376000.0,63322000.0,49544000.0,47992000.0,27967000.0,29210000.0,10318000.0,9681000.0
20260518,301530.0,24638720.0,25429350.0,19836580.0,19347480.0,11583170.0,11946470.0,4569440.0,3904610.0,38708000.0,39949000.0,31176000.0,30389000.0,18188000.0,18765000.0,7176000.0,6144000.0
20260519,-1549760.0,28911490.0,27812310.0,24850530.0,24399940.0,11946750.0,12204060.0,4174710.0,5467160.0,45893000.0,44162000.0,39482000.0,38747000.0,18982000.0,19395000.0,6628000.0,8681000.0
20260520,-4894960.0,26967280.0,24542310.0,24363990.0,21893990.0,11069030.0,12296100.0,3762400.0,7430290.0,43054000.0,39189000.0,38919000.0,34973000.0,17689000.0,19647000.0,6015000.0,11867000.0
20260521,3926430.0,47244240.0,50702270.0,48075190.0,48543590.0,31217910.0,27470730.0,5045270.0,4866020.0,73566000.0,78954000.0,74734000.0,75453000.0,48485000.0,42637000.0,7840000.0,7581000.0
20260522,6581630.0,40699950.0,48437370.0,36560020.0,35404230.0,23818260.0,18451410.0,4759980.0,3545200.0,63611000.0,75711000.0,57061000.0,55239000.0,37184000.0,28800000.0,7428000.0,5534000.0
20260525,11027650.0,82204120.0,90348820.0,108856290.0,111739230.0,77099250.0,68719900.0,29355910.0,26707610.0,120783000.0,132549000.0,159592000.0,163428000.0,112427000.0,100187000.0,42136000.0,38773000.0
20260526,211250.0,64886430.0,65326710.0,78909070.0,78680040.0,53199980.0,48363260.0,22974970.0,27600440.0,92546000.0,93207000.0,112483000.0,112177000.0,75921000.0,68924000.0,32812000.0,39456000.0
20260527,10337570.0,50340310.0,56715350.0,67982860.0,71945380.0,49421790.0,43167800.0,18624930.0,14541350.0,71136000.0,80145000.0,96000000.0,101603000.0,69759000.0,60913000.0,26281000.0,20515000.0
20260528,9332440.0,55942750.0,60903950.0,87555700.0,91926940.0,61292330.0,55165710.0,15105510.0,11899690.0,77268000.0,84111000.0,120887000.0,126895000.0,84567000.0,76111000.0,20815000.0,16420000.0
20260529,-5443460.0,53580630.0,49165390.0,74355820.0,73327590.0,45533430.0,47320220.0,11725350.0,15382020.0,76662000.0,70245000.0,106283000.0,104708000.0,64945000.0,67604000.0,16832000.0,22165000.0
20260601,241020.0,31736590.0,30989280.0,43146910.0,44135260.0,27285730.0,26799360.0,7012230.0,7257580.0,46667000.0,45561000.0,63458000.0,64889000.0,40098000.0,39402000.0,10306000.0,10676000.0
20260602,-6080360.0,36779810.0,33116740.0,47100520.0,44683230.0,26412380.0,29513190.0,8589480.0,11569030.0,56883000.0,51201000.0,72922000.0,69138000.0,40929000.0,45711000.0,13302000.0,17986000.0
20260603,-9460620.0,43559220.0,37988680.0,52781110.0,48891040.0,27662920.0,36150020.0,10341650.0,11315170.0,67372000.0,58705000.0,81758000.0,75685000.0,42805000.0,56017000.0,16060000.0,17587000.0
20260604,-3200820.0,29260700.0,26455340.0,34474130.0,34078680.0,18873240.0,20064840.0,6594560.0,8603780.0,46509000.0,42052000.0,54820000.0,54204000.0,30045000.0,31921000.0,10497000.0,13694000.0
20260605,-4009340.0,36257190.0,34396660.0,41543010.0,39394190.0,21886950.0,25445350.0,7082210.0,7533150.0,58792000.0,55781000.0,67371000.0,63883000.0,35475000.0,41283000.0,11528000.0,12219000.0
20260608,-7028570.0,43884570.0,39022940.0,49562060.0,47395120.0,28977170.0,34772340.0,11462980.0,12696380.0,76561000.0,68034000.0,86458000.0,82690000.0,50602000.0,60671000.0,19871000.0,22097000.0
20260609,-1191420.0,29937060.0,28773580.0,33184610.0,33156660.0,20343400.0,21771280.0,6572740.0,6336280.0,53869000.0,51754000.0,59697000.0,59614000.0,36559000.0,39173000.0,11812000.0,11396000.0
20260610,-3341130.0,31769120.0,29895950.0,32345910.0,30877950.0,20044890.0,21194970.0,6422730.0,8613780.0,58481000.0,55001000.0,59504000.0,56786000.0,36923000.0,39045000.0,11837000.0,15912000.0
20260611,-1324020.0,23618110.0,23447670.0,20526220.0,19372640.0,13454680.0,12798460.0,2747550.0,4727790.0,43998000.0,43678000.0,38233000.0,36078000.0,25058000.0,23839000.0,5128000.0,8822000.0
20260612,3530780.0,35620170.0,36685000.0,34129150.0,36595100.0,21375260.0,18549470.0,6602160.0,5897170.0,64762000.0,66699000.0,62045000.0,66488000.0,38839000.0,33714000.0,12003000.0,10748000.0
20260615,1416770.0,36701920.0,34601520.0,37557540.0,41074700.0,24150740.0,25273670.0,8793760.0,6254060.0,65330000.0,61560000.0,66832000.0,73098000.0,42950000.0,44971000.0,15665000.0,11148000.0
20260616,280040.0,35792760.0,36570880.0,45169730.0,44671640.0,26836230.0,26905500.0,6553410.0,6204100.0,61525000.0,62793000.0,77671000.0,76768000.0,46127000.0,46314000.0,11261000.0,10710000.0
20260617,-2570670.0,29956790.0,27720100.0,32674460.0,32340480.0,20620100.0,20969700.0,5776700.0,7997770.0,51413000.0,47577000.0,56098000.0,55509000.0,35394000.0,35980000.0,9913000.0,13753000.0
20260618,4370640.0,33425990.0,34156320.0,38079890.0,41720190.0,28196320.0,25995390.0,10523770.0,8354060.0,55627000.0,56847000.0,63404000.0,69462000.0,46932000.0,43228000.0,17465000.0,13890000.0
20260622,-6054000.0,37996030.0,34824000.0,40123440.0,37241480.0,20947480.0,22382470.0,5152870.0,9771880.0,64603000.0,59205000.0,68216000.0,63302000.0,35582000.0,38036000.0,8757000.0,16615000.0
20260623,-4600630.0,34425910.0,31122400.0,33169160.0,31872030.0,19425390.0,21066850.0,5084180.0,8043350.0,59794000.0,54060000.0,57603000.0,55326000.0,33725000.0,36584000.0,8839000.0,13991000.0
20260624,-3995120.0,27788470.0,24982130.0,24098340.0,22909560.0,14983330.0,15996170.0,3362370.0,6344650.0,49344000.0,44356000.0,42818000.0,40688000.0,26619000.0,28412000.0,5965000.0,11290000.0
20260625,-4331770.0,29319810.0,26683510.0,28477030.0,26781570.0,16722200.0,16388960.0,5833280.0,10498290.0,52493000.0,47752000.0,50943000.0,47889000.0,29953000.0,29339000.0,10370000.0,18779000.0
20260626,-1809780.0,31520970.0,31204150.0,32797520.0,31304550.0,17380850.0,17536730.0,6229720.0,7883620.0,58297000.0,57668000.0,60572000.0,57755000.0,32102000.0,32413000.0,11441000.0,14576000.0
20260629,14046030.0,78735700.0,87310850.0,95445760.0,100916660.0,67337980.0,65341900.0,26843130.0,14793180.0,129905000.0,144290000.0,157671000.0,166730000.0,111023000.0,107869000.0,44715000.0,24425000.0
20260630,11292450.0,61063620.0,72090310.0,77636090.0,77901850.0,53884540.0,48899960.0,20695240.0,14387370.0,98644000.0,116363000.0,125414000.0,125824000.0,87016000.0,79022000.0,33358000.0,23223000.0
20260701,-3734560.0,47914650.0,47134850.0,67461810.0,64507040.0,41258540.0,41788380.0,14126360.0,17331080.0,78456000.0,77234000.0,110473000.0,105669000.0,67554000.0,68407000.0,23165000.0,28337000.0
20260702,-5026650.0,42854560.0,40854500.0,52001060.0,48974480.0,30250630.0,33118260.0,7660840.0,9819860.0,73095000.0,69650000.0,88719000.0,83485000.0,51598000.0,56629000.0,13095000.0,16745000.0
20260703,-513930.0,31691330.0,30473150.0,37433810.0,38138060.0,20302360.0,18716470.0,7825590.0,9925410.0,54442000.0,52344000.0,64323000.0,65535000.0,34881000.0,32164000.0,13448000.0,17051000.0
20260706,-1369330.0,29563100.0,29109890.0,37142290.0,36226170.0,20588240.0,21603570.0,7067290.0,7421290.0,51478000.0,50622000.0,64600000.0,62944000.0,35770000.0,37566000.0,12257000.0,12973000.0
20260707,-489900.0,23074460.0,22622930.0,25658540.0,25620170.0,15296150.0,14613330.0,3314530.0,4487250.0,41781000.0,40958000.0,46494000.0,46399000.0,27656000.0,26455000.0,5982000.0,8101000.0
20260708,-1307180.0,21203820.0,19523170.0,23368480.0,23741950.0,13345220.0,11434550.0,3138810.0,6356660.0,39499000.0,36351000.0,43534000.0,44205000.0,24875000.0,21321000.0,5839000.0,11871000.0
20260709,-1904380.0,31780290.0,30838490.0,37847600.0,36885010.0,22677450.0,23580320.0,4303020.0,5304530.0,60586000.0,58687000.0,72140000.0,70199000.0,43156000.0,44939000.0,8076000.0,10134000.0
20260710,6511960.0,48366960.0,49172340.0,57062750.0,62769330.0,33245720.0,29934310.0,9647670.0,6447120.0,84753000.0,86168000.0,100046000.0,109994000.0,58261000.0,52515000.0,16893000.0,11276000.0
20260713,-3551780.0,33799200.0,30398390.0,34210380.0,34059410.0,17144630.0,19573700.0,4673600.0,5796310.0,63207000.0,56861000.0,63920000.0,63666000.0,32047000.0,36598000.0,8750000.0,10799000.0
20260714,-4493870.0,28863350.0,26074980.0,32440180.0,30734670.0,16017700.0,18691930.0,3006720.0,4826360.0,56819000.0,51327000.0,63894000.0,60542000.0,31565000.0,36839000.0,5944000.0,9514000.0
20260715,-526740.0,16114150.0,15540960.0,18075360.0,18121810.0,8857240.0,9116210.0,2303110.0,2570880.0,31473000.0,30359000.0,35313000.0,35397000.0,17286000.0,17799000.0,4505000.0,5023000.0
20260716,-3138900.0,16251800.0,13725700.0,17497980.0,16885170.0,7103150.0,8988950.0,1108620.0,2361720.0,31818000.0,26871000.0,34266000.0,33052000.0,13899000.0,17602000.0,2173000.0,4632000.0
20260717,-5267440.0,23942630.0,21065230.0,24859450.0,22469400.0,10983070.0,14393340.0,1360710.0,3217880.0,48081000.0,42285000.0,49911000.0,45099000.0,22066000.0,28988000.0,2736000.0,6423000.0
20260720,-4246830.0,34176170.0,31126760.0,31387520.0,30190100.0,13773250.0,16997420.0,2312230.0,3334890.0,69826000.0,63579000.0,63774000.0,61395000.0,28097000.0,34594000.0,4639000.0,6768000.0
20260721,-226360.0,29327770.0,29394300.0,31546860.0,31253970.0,13743990.0,13846720.0,2801510.0,2925140.0,56218000.0,56321000.0,60523000.0,59948000.0,26337000.0,26550000.0,5369000.0,5629000.0
20260722,2306420.0,19438350.0,20833790.0,20073680.0,20984670.0,9730830.0,7674680.0,2698300.0,2448030.0,38163000.0,40912000.0,39420000.0,41213000.0,19114000.0,15073000.0,5306000.0,4806000.0
20260723,-2195910.0,19084990.0,17975050.0,20165910.0,19079940.0,10982400.0,11328430.0,2653720.0,4503600.0,37189000.0,35033000.0,39279000.0,37140000.0,21366000.0,22066000.0,5154000.0,8749000.0
20260724,326970.0,14989760.0,15279650.0,16101460.0,16138550.0,7662840.0,8221970.0,2766040.0,1879940.0,29773000.0,30341000.0,31973000.0,32052000.0,15224000.0,16345000.0,5509000.0,3740000.0
20260727,-2484340.0,17440590.0,14402850.0,12361250.0,12914650.0,7065200.0,7014270.0,635480.0,3170750.0,34766000.0,28728000.0,24644000.0,25743000.0,14089000.0,13986000.0,1270000.0,6312000.0
20260728,431640.0,14933120.0,15770290.0,13284490.0,12878950.0,6094980.0,5467500.0,990200.0,1186040.0,29889000.0,31577000.0,26597000.0,25779000.0,12206000.0,10941000.0,1982000.0,2377000.0
20260729,-4928180.0,27948720.0,22112140.0,22489340.0,23397740.0,9838370.0,13395450.0,1620970.0,2992070.0,54402000.0,43094000.0,43783000.0,45550000.0,19143000.0,26058000.0,3160000.0,5786000.0
20260730,-1131350.0,23247770.0,22928250.0,24241550.0,23429720.0,12333700.0,13169510.0,4095500.0,4391040.0,43985000.0,43382000.0,45882000.0,44327000.0,23333000.0,24917000.0,7745000.0,8320000.0
20260731,2457640.0,22953730.0,25370150.0,27826740.0,27867940.0,16744140.0,13043340.0,4265730.0,5508890.0,43257000.0,47835000.0,52449000.0,52497000.0,31560000.0,24573000.0,8020000.0,10380000.0
20260803,4439210.0,16206940.0,19666870.0,34775890.0,35755180.0,24805720.0,23504330.0,9332060.0,6194240.0,29751000.0,36069000.0,63804000.0,65597000.0,45491000.0,43117000.0,17099000.0,11362000.0
20260804,-4964740.0,15226530.0,11467500.0,27311120.0,26105400.0,17685310.0,21251940.0,4730710.0,6128820.0,28536000.0,21461000.0,51156000.0,48889000.0,33118000.0,39830000.0,8858000.0,11489000.0
20260805,4790160.0,14452840.0,17706850.0,32894390.0,34430540.0,26205030.0,22755560.0,8867380.0,7526690.0,26703000.0,32659000.0,60754000.0,63568000.0,48355000.0,42041000.0,16401000.0,13945000.0
20260806,-7753360.0,16942810.0,12563660.0,28999200.0,25625010.0,16711260.0,20666780.0,3901280.0,7699120.0,31655000.0,23445000.0,54164000.0,47859000.0,31198000.0,38603000.0,7286000.0,14396000.0
20260807,-5726390.0,12979950.0,10213040.0,23659460.0,20699970.0,16256980.0,18159410.0,3319690.0,7143650.0,24583000.0,19330000.0,44817000.0,39186000.0,30771000.0,34390000.0,6295000.0,13561000.0
20260810,-177790.0,11230300.0,11211570.0,19153820.0,18994760.0,14892870.0,14557580.0,3765210.0,4278290.0,21070000.0,21027000.0,35939000.0,35628000.0,27920000.0,27310000.0,7057000.0,8021000.0
20260811,-4038870.0,11747400.0,8779960.0,15953300.0,14881860.0,11513380.0,13984280.0,1835510.0,3403480.0,22243000.0,16624000.0,30221000.0,28179000.0,21796000.0,26493000.0,3466000.0,6430000.0
20260812,-610230.0,8746330.0,7608700.0,13210330.0,13737730.0,9712010.0,10360720.0,2594670.0,2556190.0,16520000.0,14378000.0,24968000.0,25952000.0,18347000.0,19581000.0,4906000.0,4830000.0
20260813,-4204900.0,12054130.0,9851970.0,20116170.0,18113430.0,13177700.0,15156380.0,4080840.0,6307060.0,22962000.0,18740000.0,38298000.0,34468000.0,25071000.0,28866000.0,7778000.0,12036000.0
20260814,-2950470.0,9190670.0,6243960.0,13227680.0,13223910.0,6660450.0,10167000.0,2229750.0,1673670.0,17788000.0,12071000.0,25590000.0,25582000.0,12882000.0,19677000.0,4312000.0,3242000.0
20260817,-328350.0,14882380.0,13827900.0,17742150.0,18468290.0,12650550.0,10839070.0,1343740.0,3483570.0,28638000.0,26650000.0,34170000.0,35553000.0,24359000.0,20861000.0,2582000.0,6686000.0
20260818,-7308370.0,15701130.0,11401980.0,20987020.0,17977790.0,14193320.0,19605420.0,4666560.0,6562830.0,30690000.0,22266000.0,40990000.0,35095000.0,27726000.0,38324000.0,9126000.0,12846000.0
20260819,-8734900.0,18792190.0,15815610.0,26417910.0,20659600.0,12295430.0,18031050.0,3832850.0,6832130.0,37872000.0,31828000.0,53150000.0,41491000.0,24730000.0,36304000.0,7677000.0,13806000.0
20260820,-773160.0,9113420.0,8698780.0,11835140.0,11476620.0,7217000.0,7762150.0,1171050.0,1399060.0,18596000.0,17742000.0,24147000.0,23400000.0,14718000.0,15844000.0,2382000.0,2857000.0
