trade_date,main_net_in,buy_sm_amount,sell_sm_amount,buy_md_amount,sell_md_amount,buy_lg_amount,sell_lg_amount,buy_elg_amount,sell_elg_amount,buy_sm_vol,sell_sm_vol,buy_md_vol,sell_md_vol,buy_lg_vol,sell_lg_vol,buy_elg_vol,sell_elg_vol
20210826,51171730.0,16008760.0,65263730.0,30038680.0,31955440.0,37561810.0,2673330.0,16283250.0,0.0,23025000.0,93658000.0,43167000.0,45947000.0,53896000.0,3750000.0,23267000.0,0.0
20210827,-1414470.0,11067700.0,11423690.0,20014930.0,18244470.0,14591540.0,15265500.0,4034430.0,4774940.0,17339000.0,17888000.0,31275000.0,28522000.0,22798000.0,23872000.0,6300000.0,7429000.0
20210830,-2991600.0,8865560.0,7471220.0,12795730.0,11198460.0,7547790.0,8894580.0,1191670.0,2836480.0,14864000.0,12517000.0,21332000.0,18688000.0,12592000.0,14866000.0,1947000.0,4664000.0
20210831,18740.0,4979420.0,5416340.0,9264370.0,8846190.0,6363720.0,5897440.0,1021890.0,1469430.0,8544000.0,9286000.0,15866000.0,15126000.0,10864000.0,10092000.0,1736000.0,2506000.0
20210901,-582880.0,4988310.0,4770030.0,8291590.0,7926990.0,5222770.0,5321430.0,506280.0,990500.0,9083000.0,8682000.0,15069000.0,14402000.0,9493000.0,9691000.0,936000.0,1807000.0
20210902,-1132060.0,5960790.0,5578340.0,9433000.0,8683390.0,4468000.0,5796820.0,748350.0,551590.0,10227000.0,9607000.0,16265000.0,14946000.0,7714000.0,9986000.0,1303000.0,970000.0
20210903,-1663090.0,4423100.0,3435480.0,6264220.0,5588760.0,2098820.0,3898230.0,683160.0,546840.0,7845000.0,6115000.0,11128000.0,9918000.0,3728000.0,6885000.0,1196000.0,979000.0
20210906,372960.0,2662290.0,2618280.0,3801750.0,4218720.0,2367370.0,1983640.0,0.0,10770.0,4871000.0,4773000.0,6968000.0,7703000.0,4302000.0,3645000.0,0.0,20000.0
20210907,-248570.0,2934780.0,2777500.0,4005140.0,3913850.0,1893730.0,2138830.0,114390.0,117860.0,5340000.0,5024000.0,7250000.0,7076000.0,3398000.0,3876000.0,208000.0,219000.0
20210908,474140.0,2453460.0,2324150.0,2595410.0,3198860.0,1259620.0,1111370.0,325890.0,0.0,4410000.0,4177000.0,4672000.0,5755000.0,2261000.0,2004000.0,592000.0,0.0
20210909,230160.0,2866740.0,2656840.0,3755440.0,4195490.0,2444600.0,2507380.0,551190.0,258250.0,5057000.0,4675000.0,6628000.0,7381000.0,4285000.0,4418000.0,953000.0,448000.0
20210910,1989530.0,3207810.0,4443180.0,5803880.0,6558040.0,4621330.0,3595220.0,1737210.0,773790.0,5368000.0,7431000.0,9719000.0,10962000.0,7736000.0,5993000.0,2893000.0,1330000.0
20210913,-418410.0,2065730.0,2067810.0,2754930.0,2334430.0,856400.0,1230100.0,24780.0,69490.0,3463000.0,3463000.0,4616000.0,3912000.0,1436000.0,2067000.0,42000.0,115000.0
20210914,-783440.0,2861680.0,2171230.0,2961010.0,2868020.0,1419000.0,1906580.0,100280.0,396140.0,5070000.0,3847000.0,5244000.0,5078000.0,2513000.0,3375000.0,178000.0,706000.0
20210915,476900.0,2966430.0,3163640.0,4354390.0,4634080.0,2549490.0,3247480.0,1495650.0,320760.0,5095000.0,5397000.0,7372000.0,7871000.0,4343000.0,5511000.0,2519000.0,550000.0
20210916,-326180.0,5842420.0,3876110.0,3575570.0,5215700.0,2249250.0,2513060.0,1247920.0,1310290.0,9408000.0,6240000.0,5758000.0,8394000.0,3619000.0,4050000.0,2000000.0,2102000.0
20210917,-485020.0,3461980.0,2289030.0,2032660.0,2720590.0,891800.0,1113700.0,32130.0,295250.0,5615000.0,3704000.0,3285000.0,4401000.0,1440000.0,1798000.0,51000.0,488000.0
20210922,139370.0,2011500.0,2500500.0,2301760.0,1952130.0,915310.0,1061660.0,285720.0,0.0,3475000.0,4314000.0,3968000.0,3360000.0,1562000.0,1823000.0,492000.0,0.0
20210923,-153950.0,1317870.0,1260500.0,1266320.0,1169730.0,431820.0,555020.0,179020.0,209770.0,2323000.0,2220000.0,2234000.0,2061000.0,757000.0,978000.0,319000.0,374000.0
20210924,71330.0,1368070.0,1606320.0,1470570.0,1303660.0,609920.0,602720.0,99730.0,35600.0,2469000.0,2897000.0,2648000.0,2350000.0,1096000.0,1085000.0,181000.0,63000.0
20210927,112370.0,1423850.0,1658270.0,1186200.0,1064150.0,417010.0,284860.0,0.0,19780.0,2657000.0,3098000.0,2210000.0,1985000.0,780000.0,528000.0,0.0,36000.0
20210928,-42990.0,1347440.0,1410790.0,998900.0,892560.0,715640.0,758630.0,0.0,0.0,2678000.0,2797000.0,1983000.0,1774000.0,1427000.0,1516000.0,0.0,0.0
20210929,-21860.0,1897620.0,2126730.0,1488380.0,1237410.0,527870.0,609130.0,59400.0,0.0,4126000.0,4641000.0,3235000.0,2690000.0,1158000.0,1318000.0,129000.0,0.0
20210930,69850.0,721250.0,951580.0,672770.0,512290.0,260970.0,191120.0,0.0,0.0,1587000.0,2093000.0,1481000.0,1127000.0,572000.0,420000.0,0.0,0.0
20211008,-56630.0,526230.0,622680.0,493720.0,340640.0,181370.0,238000.0,0.0,0.0,1155000.0,1366000.0,1082000.0,744000.0,395000.0,523000.0,0.0,0.0
20211011,-294820.0,1062910.0,881740.0,886430.0,772790.0,404490.0,541980.0,0.0,157330.0,2411000.0,2002000.0,2013000.0,1755000.0,924000.0,1232000.0,0.0,359000.0
20211012,-112990.0,680530.0,683180.0,615210.0,499570.0,243590.0,227580.0,0.0,129000.0,1570000.0,1572000.0,1418000.0,1154000.0,562000.0,525000.0,0.0,300000.0
20211013,389930.0,673750.0,931350.0,528500.0,660820.0,207950.0,366690.0,548670.0,0.0,1532000.0,2118000.0,1207000.0,1502000.0,472000.0,828000.0,1238000.0,0.0
20211014,-57720.0,1393110.0,1444510.0,1623510.0,1514390.0,739310.0,298350.0,0.0,498680.0,3026000.0,3129000.0,3530000.0,3270000.0,1603000.0,647000.0,0.0,1111000.0
20211015,99010.0,773640.0,793910.0,720660.0,799410.0,972940.0,762770.0,190590.0,301750.0,1642000.0,1685000.0,1527000.0,1695000.0,2062000.0,1619000.0,405000.0,638000.0
20211018,-50680.0,676420.0,637260.0,519530.0,508020.0,136680.0,187360.0,0.0,0.0,1453000.0,1367000.0,1114000.0,1090000.0,295000.0,404000.0,0.0,0.0
20211019,-156480.0,717680.0,664250.0,652990.0,549940.0,301420.0,423760.0,0.0,34140.0,1564000.0,1448000.0,1423000.0,1196000.0,654000.0,922000.0,0.0,75000.0
20211020,-39260.0,785520.0,639450.0,601100.0,707910.0,38620.0,77880.0,0.0,0.0,1743000.0,1421000.0,1339000.0,1575000.0,85000.0,172000.0,0.0,0.0
20211021,-104230.0,731510.0,593290.0,531690.0,565680.0,22040.0,126270.0,0.0,0.0,1661000.0,1348000.0,1210000.0,1287000.0,50000.0,286000.0,0.0,0.0
20211022,82050.0,594260.0,697980.0,440750.0,419080.0,157810.0,88420.0,12660.0,0.0,1331000.0,1562000.0,986000.0,937000.0,354000.0,200000.0,29000.0,0.0
20211025,84290.0,503020.0,719690.0,578930.0,446540.0,215950.0,131660.0,0.0,0.0,1102000.0,1576000.0,1266000.0,975000.0,475000.0,292000.0,0.0,0.0
20211026,-57860.0,672940.0,864420.0,545090.0,295740.0,106540.0,164400.0,0.0,0.0,1498000.0,1923000.0,1213000.0,656000.0,235000.0,367000.0,0.0,0.0
20211027,-11550.0,713360.0,911100.0,607250.0,397960.0,193860.0,205410.0,0.0,0.0,1633000.0,2081000.0,1389000.0,913000.0,440000.0,468000.0,0.0,0.0
20211028,52320.0,2039970.0,2079350.0,2288050.0,2300990.0,919480.0,867160.0,0.0,0.0,4277000.0,4368000.0,4796000.0,4807000.0,1920000.0,1818000.0,0.0,0.0
20211029,-101440.0,1599060.0,1563280.0,1258740.0,1193090.0,267590.0,369030.0,0.0,0.0,3378000.0,3302000.0,2665000.0,2524000.0,563000.0,779000.0,0.0,0.0
20211101,314040.0,3070440.0,3293950.0,2571080.0,2661610.0,1269650.0,956630.0,1020.0,0.0,6269000.0,6722000.0,5250000.0,5433000.0,2571000.0,1937000.0,2000.0,0.0
20211102,32910.0,1324510.0,1458350.0,1560490.0,1459550.0,507990.0,475080.0,0.0,0.0,2696000.0,2968000.0,3180000.0,2974000.0,1039000.0,973000.0,0.0,0.0
20211103,321640.0,1240380.0,1844030.0,1328740.0,1046730.0,632130.0,310490.0,0.0,0.0,2561000.0,3809000.0,2741000.0,2152000.0,1297000.0,637000.0,0.0,0.0
20211104,-126170.0,1644690.0,1272020.0,1218310.0,1464810.0,554370.0,680540.0,0.0,0.0,3294000.0,2550000.0,2447000.0,2935000.0,1110000.0,1366000.0,0.0,0.0
20211105,204850.0,1125420.0,1282460.0,1274120.0,1321930.0,750450.0,545600.0,0.0,0.0,2194000.0,2500000.0,2479000.0,2574000.0,1467000.0,1065000.0,0.0,0.0
20211108,281120.0,1398090.0,1310880.0,1406340.0,1774670.0,630640.0,520440.0,170920.0,0.0,2697000.0,2521000.0,2704000.0,3417000.0,1217000.0,1002000.0,322000.0,0.0
20211109,154180.0,1672990.0,2082140.0,1371010.0,1116040.0,586060.0,371430.0,0.0,60450.0,3259000.0,4059000.0,2673000.0,2175000.0,1140000.0,720000.0,0.0,118000.0
20211110,-229100.0,1130870.0,1118440.0,932880.0,716200.0,297630.0,511680.0,0.0,15050.0,2240000.0,2216000.0,1850000.0,1418000.0,591000.0,1017000.0,0.0,29000.0
20211111,42610.0,1217330.0,1182630.0,921530.0,998830.0,346860.0,304250.0,0.0,0.0,2360000.0,2290000.0,1786000.0,1938000.0,674000.0,592000.0,0.0,0.0
20211112,-184660.0,1986100.0,1538810.0,1274290.0,1536920.0,178300.0,362960.0,0.0,0.0,3760000.0,2912000.0,2418000.0,2915000.0,340000.0,691000.0,0.0,0.0
20211115,-14040.0,3051930.0,2728960.0,1960470.0,2269400.0,743310.0,874200.0,244650.0,127800.0,5520000.0,4958000.0,3550000.0,4107000.0,1345000.0,1559000.0,436000.0,226000.0
20211116,-340750.0,1787640.0,1674360.0,1778280.0,1550810.0,656210.0,792070.0,0.0,204890.0,3209000.0,2996000.0,3188000.0,2778000.0,1172000.0,1426000.0,0.0,370000.0
20211117,-429910.0,1268540.0,1005080.0,1169330.0,1002870.0,93610.0,523520.0,0.0,0.0,2288000.0,1812000.0,2108000.0,1809000.0,169000.0,945000.0,0.0,0.0
20211118,-224160.0,1561110.0,1411950.0,1312500.0,1237510.0,521550.0,642670.0,0.0,103040.0,2763000.0,2498000.0,2325000.0,2189000.0,926000.0,1145000.0,0.0,181000.0
20211119,128800.0,1251760.0,1162980.0,767550.0,985130.0,315100.0,186300.0,0.0,0.0,2249000.0,2088000.0,1377000.0,1768000.0,564000.0,334000.0,0.0,0.0
20211122,-663130.0,1868120.0,1248770.0,1122800.0,1079020.0,490800.0,896340.0,0.0,257590.0,3332000.0,2228000.0,2004000.0,1925000.0,876000.0,1602000.0,0.0,457000.0
20211123,-590530.0,2158510.0,1689680.0,2091840.0,1970130.0,461780.0,1052310.0,0.0,0.0,3940000.0,3083000.0,3832000.0,3607000.0,838000.0,1919000.0,0.0,0.0
20211124,266570.0,4780770.0,3977080.0,6090800.0,7161060.0,3019410.0,3737440.0,1722350.0,737750.0,8213000.0,6781000.0,10472000.0,12275000.0,5166000.0,6444000.0,2875000.0,1225000.0
20211125,-1332940.0,3957200.0,3103440.0,3069100.0,2589920.0,1221060.0,1542960.0,100510.0,1111550.0,6902000.0,5408000.0,5356000.0,4522000.0,2134000.0,2691000.0,176000.0,1947000.0
20211126,-9980.0,3478870.0,3284670.0,3164250.0,3348470.0,1136140.0,1146120.0,0.0,0.0,5856000.0,5535000.0,5329000.0,5636000.0,1917000.0,1933000.0,0.0,0.0
20211129,-400820.0,2977150.0,3509220.0,3417650.0,2484770.0,1161710.0,1392840.0,192280.0,361970.0,4913000.0,5785000.0,5637000.0,4094000.0,1915000.0,2303000.0,320000.0,603000.0
20211130,-533650.0,2862000.0,2556790.0,3080280.0,2851840.0,1553770.0,1520400.0,17180.0,584200.0,4804000.0,4287000.0,5167000.0,4779000.0,2593000.0,2550000.0,29000.0,977000.0
20211201,89390.0,1725230.0,1780680.0,1380460.0,1414400.0,945390.0,948850.0,111340.0,18490.0,2953000.0,3039000.0,2359000.0,2418000.0,1615000.0,1624000.0,186000.0,32000.0
20211202,-44060.0,1691300.0,1604070.0,1085830.0,1129000.0,411770.0,455830.0,0.0,0.0,2943000.0,2790000.0,1888000.0,1963000.0,717000.0,795000.0,0.0,0.0
20211203,221510.0,1870900.0,2559570.0,1444590.0,977430.0,498830.0,277320.0,0.0,0.0,3292000.0,4503000.0,2543000.0,1721000.0,878000.0,489000.0,0.0,0.0
20211206,-51920.0,1801800.0,1575980.0,1136030.0,1309940.0,389620.0,292620.0,0.0,148920.0,3266000.0,2845000.0,2052000.0,2372000.0,689000.0,525000.0,0.0,265000.0
20211207,-460910.0,2650240.0,2754980.0,2020980.0,1455330.0,349710.0,810620.0,0.0,0.0,5164000.0,5363000.0,3931000.0,2828000.0,677000.0,1581000.0,0.0,0.0
20211208,-143960.0,1140830.0,1028190.0,735630.0,704320.0,505250.0,649210.0,0.0,0.0,2197000.0,1977000.0,1417000.0,1358000.0,971000.0,1250000.0,0.0,0.0
20211209,-92960.0,1262080.0,1275970.0,860700.0,753840.0,212280.0,305240.0,0.0,0.0,2437000.0,2464000.0,1664000.0,1457000.0,411000.0,591000.0,0.0,0.0
20211210,-333450.0,995740.0,865750.0,907380.0,703920.0,184130.0,517580.0,0.0,0.0,1908000.0,1659000.0,1742000.0,1350000.0,354000.0,996000.0,0.0,0.0
20211213,197780.0,762760.0,1104660.0,853790.0,709660.0,437460.0,239680.0,0.0,0.0,1443000.0,2087000.0,1617000.0,1341000.0,822000.0,452000.0,0.0,0.0
20211214,149220.0,772770.0,865970.0,744050.0,800070.0,565620.0,416400.0,0.0,0.0,1447000.0,1620000.0,1392000.0,1498000.0,1062000.0,783000.0,0.0,0.0
20211215,212030.0,874380.0,950690.0,785590.0,921310.0,492240.0,280210.0,0.0,0.0,1651000.0,1801000.0,1486000.0,1739000.0,933000.0,531000.0,0.0,0.0
20211216,195060.0,1006460.0,1086260.0,648010.0,763270.0,413260.0,139990.0,0.0,78210.0,1970000.0,2126000.0,1269000.0,1494000.0,807000.0,273000.0,0.0,153000.0
20211217,-39960.0,964230.0,1153910.0,870450.0,640800.0,555590.0,595550.0,0.0,0.0,1932000.0,2315000.0,1744000.0,1285000.0,1113000.0,1189000.0,0.0,0.0
20211220,103540.0,1510310.0,1984490.0,1676260.0,1305610.0,671400.0,678940.0,111080.0,0.0,2952000.0,3907000.0,3289000.0,2534000.0,1310000.0,1329000.0,218000.0,0.0
20211221,-25630.0,774600.0,941400.0,1149330.0,956900.0,677620.0,714930.0,11680.0,0.0,1519000.0,1844000.0,2257000.0,1876000.0,1327000.0,1406000.0,23000.0,0.0
20211222,123980.0,2371600.0,2199620.0,1835670.0,2131620.0,769100.0,554820.0,110630.0,200930.0,4456000.0,4129000.0,3447000.0,4000000.0,1443000.0,1043000.0,213000.0,386000.0
20211223,138050.0,1676130.0,2101650.0,2098720.0,1811250.0,843650.0,705600.0,0.0,0.0,3018000.0,3772000.0,3772000.0,3259000.0,1514000.0,1274000.0,0.0,0.0
20211224,99790.0,1134550.0,1133750.0,877080.0,977680.0,439830.0,340040.0,0.0,0.0,2071000.0,2067000.0,1603000.0,1786000.0,802000.0,623000.0,0.0,0.0
20211227,-14800.0,768460.0,712640.0,626380.0,667400.0,49100.0,224400.0,160500.0,0.0,1454000.0,1348000.0,1186000.0,1262000.0,94000.0,424000.0,300000.0,0.0
20211228,5580.0,750180.0,861820.0,614650.0,508580.0,42070.0,36490.0,0.0,0.0,1415000.0,1626000.0,1158000.0,958000.0,79000.0,69000.0,0.0,0.0
20211229,-141090.0,1436090.0,1229120.0,837590.0,903460.0,138910.0,280000.0,0.0,0.0,2680000.0,2295000.0,1574000.0,1693000.0,258000.0,525000.0,0.0,0.0
20211230,-17010.0,2205340.0,2074010.0,1785050.0,1899360.0,487330.0,500420.0,0.0,3920.0,3920000.0,3688000.0,3172000.0,3371000.0,866000.0,890000.0,0.0,7000.0
20211231,22630.0,1468210.0,1406740.0,777700.0,861800.0,119470.0,96840.0,0.0,0.0,2600000.0,2490000.0,1377000.0,1524000.0,208000.0,170000.0,0.0,0.0
20220104,-78440.0,823880.0,790460.0,511230.0,466220.0,22830.0,101270.0,0.0,0.0,1475000.0,1414000.0,914000.0,834000.0,41000.0,181000.0,0.0,0.0
20220105,-176810.0,1148060.0,1013420.0,644840.0,602660.0,127880.0,241380.0,0.0,63310.0,2114000.0,1864000.0,1190000.0,1113000.0,237000.0,447000.0,0.0,117000.0
20220106,-2690.0,646990.0,724540.0,473210.0,392980.0,152820.0,170280.0,14770.0,0.0,1185000.0,1326000.0,867000.0,719000.0,280000.0,314000.0,27000.0,0.0
20220107,-247860.0,891630.0,1001840.0,943420.0,585350.0,150580.0,310740.0,0.0,87700.0,1632000.0,1828000.0,1717000.0,1065000.0,274000.0,572000.0,0.0,158000.0
20220110,-150170.0,682980.0,613690.0,502220.0,421340.0,78560.0,228730.0,0.0,0.0,1271000.0,1141000.0,937000.0,787000.0,146000.0,427000.0,0.0,0.0
20220111,-60680.0,864230.0,732630.0,523480.0,594390.0,137160.0,197840.0,0.0,0.0,1632000.0,1383000.0,988000.0,1122000.0,260000.0,376000.0,0.0,0.0
20220112,-2899110.0,4337000.0,2746520.0,4203520.0,2894900.0,4678590.0,3484750.0,859420.0,4952370.0,8929000.0,5695000.0,8655000.0,6044000.0,9621000.0,7294000.0,1789000.0,9962000.0
20220113,-350260.0,1653970.0,1614570.0,1832520.0,1521660.0,1095670.0,1366430.0,0.0,79500.0,3550000.0,3464000.0,3931000.0,3262000.0,2348000.0,2932000.0,0.0,171000.0
20220114,585740.0,1238880.0,1530160.0,1021910.0,1316370.0,1035030.0,551480.0,102190.0,0.0,2665000.0,3290000.0,2194000.0,2821000.0,2222000.0,1187000.0,217000.0,0.0
20220117,-87110.0,1586050.0,1462300.0,1381820.0,1418450.0,854710.0,962420.0,20600.0,0.0,3291000.0,3042000.0,2871000.0,2945000.0,1774000.0,1991000.0,42000.0,0.0
20220118,163850.0,854180.0,1181260.0,856630.0,693390.0,795750.0,631900.0,0.0,0.0,1791000.0,2478000.0,1793000.0,1451000.0,1665000.0,1320000.0,0.0,0.0
20220119,-33440.0,613300.0,747610.0,600620.0,432860.0,133130.0,166570.0,0.0,0.0,1300000.0,1583000.0,1273000.0,918000.0,282000.0,354000.0,0.0,0.0
20220120,351630.0,723370.0,1107300.0,509310.0,477010.0,841740.0,407870.0,0.0,82240.0,1541000.0,2363000.0,1087000.0,1016000.0,1793000.0,868000.0,0.0,174000.0
20220121,204240.0,1233890.0,1592290.0,650380.0,496220.0,419250.0,202220.0,0.0,12790.0,2749000.0,3541000.0,1444000.0,1100000.0,923000.0,448000.0,0.0,29000.0
20220124,42490.0,580110.0,656510.0,350070.0,316160.0,223630.0,79170.0,0.0,101970.0,1291000.0,1462000.0,781000.0,704000.0,499000.0,177000.0,0.0,228000.0
20220125,-18880.0,480530.0,576700.0,443180.0,328120.0,135940.0,154820.0,0.0,0.0,1079000.0,1291000.0,992000.0,734000.0,302000.0,347000.0,0.0,0.0
20220126,-3910.0,556990.0,485740.0,319480.0,386820.0,137160.0,141070.0,0.0,0.0,1245000.0,1086000.0,716000.0,867000.0,308000.0,315000.0,0.0,0.0
20220127,284780.0,650930.0,931310.0,497070.0,501470.0,262030.0,100410.0,123160.0,0.0,1423000.0,2031000.0,1086000.0,1097000.0,570000.0,221000.0,269000.0,0.0
20220128,8230.0,455310.0,598760.0,425000.0,289780.0,154330.0,146100.0,0.0,0.0,992000.0,1305000.0,925000.0,631000.0,337000.0,318000.0,0.0,0.0
20220207,172020.0,541740.0,669460.0,287190.0,331510.0,127640.0,107440.0,151820.0,0.0,1158000.0,1432000.0,614000.0,708000.0,273000.0,229000.0,323000.0,0.0
20220208,-22550.0,426200.0,385130.0,211470.0,229980.0,51110.0,73660.0,0.0,0.0,919000.0,831000.0,456000.0,497000.0,110000.0,158000.0,0.0,0.0
20220209,-448800.0,764150.0,455700.0,503500.0,363150.0,204930.0,507980.0,0.0,145750.0,1632000.0,974000.0,1076000.0,777000.0,439000.0,1086000.0,0.0,310000.0
20220210,23980.0,475890.0,529650.0,381020.0,351240.0,197850.0,172930.0,0.0,940.0,1015000.0,1129000.0,811000.0,750000.0,421000.0,367000.0,0.0,2000.0
20220211,-20160.0,605180.0,672110.0,704000.0,616900.0,395380.0,414300.0,0.0,1240.0,1333000.0,1480000.0,1554000.0,1362000.0,874000.0,915000.0,0.0,3000.0
20220214,-12490.0,455570.0,447930.0,375910.0,371050.0,46710.0,59200.0,0.0,0.0,985000.0,969000.0,813000.0,800000.0,101000.0,129000.0,0.0,0.0
20220215,-22580.0,453740.0,459910.0,312850.0,284090.0,47080.0,69660.0,0.0,0.0,993000.0,1006000.0,685000.0,622000.0,103000.0,152000.0,0.0,0.0
20220216,27860.0,383930.0,357910.0,329490.0,383360.0,112590.0,84730.0,0.0,0.0,842000.0,787000.0,725000.0,842000.0,248000.0,186000.0,0.0,0.0
20220217,-34240.0,442710.0,336530.0,182190.0,254130.0,115060.0,149300.0,0.0,0.0,971000.0,738000.0,400000.0,557000.0,253000.0,329000.0,0.0,0.0
20220218,35460.0,326650.0,320780.0,143960.0,185290.0,67400.0,31940.0,0.0,0.0,718000.0,705000.0,317000.0,408000.0,149000.0,70000.0,0.0,0.0
20220221,-901230.0,1501880.0,1192200.0,1464070.0,872520.0,914500.0,1773740.0,0.0,41990.0,3438000.0,2721000.0,3361000.0,1995000.0,2103000.0,4089000.0,0.0,98000.0
20220222,-29920.0,640820.0,728280.0,622160.0,504770.0,67140.0,97060.0,0.0,0.0,1497000.0,1702000.0,1455000.0,1180000.0,157000.0,227000.0,0.0,0.0
20220223,-117460.0,1410640.0,1115960.0,1128610.0,1305840.0,258500.0,375960.0,0.0,0.0,3181000.0,2507000.0,2539000.0,2945000.0,578000.0,845000.0,0.0,0.0
20220224,-198420.0,1322990.0,1330590.0,1027660.0,821640.0,140190.0,349270.0,10660.0,0.0,2901000.0,2917000.0,2256000.0,1802000.0,305000.0,767000.0,23000.0,0.0
20220225,-445750.0,1192270.0,940630.0,737060.0,542950.0,217840.0,663590.0,0.0,0.0,2603000.0,2054000.0,1609000.0,1183000.0,475000.0,1451000.0,0.0,0.0
20220228,367770.0,1546300.0,1814970.0,1342450.0,1441560.0,702550.0,385370.0,50590.0,0.0,3455000.0,4056000.0,3004000.0,3231000.0,1574000.0,861000.0,113000.0,0.0
20220301,-78100.0,1157280.0,1013460.0,620220.0,685940.0,129100.0,207200.0,0.0,0.0,2555000.0,2239000.0,1369000.0,1513000.0,287000.0,458000.0,0.0,0.0
20220302,-67070.0,576220.0,557560.0,471060.0,422650.0,45170.0,112240.0,0.0,0.0,1275000.0,1233000.0,1042000.0,936000.0,100000.0,249000.0,0.0,0.0
20220303,-128380.0,586610.0,610570.0,565690.0,413340.0,123010.0,109640.0,0.0,141750.0,1308000.0,1361000.0,1262000.0,921000.0,274000.0,245000.0,0.0,316000.0
20220304,40480.0,511310.0,636270.0,484870.0,400380.0,216650.0,176170.0,0.0,0.0,1158000.0,1445000.0,1100000.0,905000.0,490000.0,397000.0,0.0,0.0
20220307,-40680.0,1077940.0,1203050.0,659380.0,493580.0,70100.0,186090.0,75310.0,0.0,2520000.0,2815000.0,1548000.0,1153000.0,167000.0,440000.0,172000.0,0.0
20220308,25790.0,852890.0,916760.0,612920.0,574840.0,198540.0,172750.0,0.0,0.0,2087000.0,2237000.0,1499000.0,1404000.0,477000.0,421000.0,0.0,0.0
20220309,29990.0,1312440.0,1465550.0,886840.0,763710.0,83660.0,53670.0,0.0,0.0,3383000.0,3773000.0,2293000.0,1976000.0,214000.0,140000.0,0.0,0.0
20220310,-71000.0,1019890.0,1168480.0,637530.0,417940.0,160910.0,231910.0,0.0,0.0,2593000.0,2966000.0,1617000.0,1062000.0,404000.0,586000.0,0.0,0.0
20220311,-53960.0,1106800.0,1192250.0,799780.0,660370.0,203280.0,268450.0,11210.0,0.0,2901000.0,3128000.0,2102000.0,1727000.0,535000.0,711000.0,29000.0,0.0
20220314,13610.0,923370.0,823240.0,329320.0,443050.0,74990.0,61380.0,0.0,0.0,2407000.0,2145000.0,858000.0,1155000.0,195000.0,161000.0,0.0,0.0
20220315,34260.0,733510.0,866860.0,586770.0,487680.0,109720.0,75460.0,0.0,0.0,1966000.0,2318000.0,1568000.0,1307000.0,292000.0,200000.0,0.0,0.0
20220316,66950.0,653780.0,781000.0,532900.0,472630.0,126860.0,59910.0,0.0,0.0,1767000.0,2108000.0,1441000.0,1280000.0,343000.0,161000.0,0.0,0.0
20220317,56040.0,748040.0,860910.0,719270.0,662430.0,374780.0,318740.0,0.0,0.0,1913000.0,2201000.0,1831000.0,1685000.0,954000.0,813000.0,0.0,0.0
20220318,-46710.0,444270.0,530250.0,336250.0,203550.0,0.0,46710.0,0.0,0.0,1137000.0,1356000.0,861000.0,520000.0,0.0,121000.0,0.0,0.0
20220321,83180.0,812540.0,1058730.0,386470.0,223450.0,83180.0,0.0,0.0,0.0,2080000.0,2712000.0,987000.0,570000.0,215000.0,0.0,0.0,0.0
20220322,51810.0,466810.0,452910.0,221140.0,286850.0,51810.0,0.0,0.0,0.0,1190000.0,1154000.0,564000.0,731000.0,132000.0,0.0,0.0,0.0
20220323,-70810.0,740900.0,855210.0,581780.0,396650.0,88200.0,159010.0,0.0,0.0,1898000.0,2192000.0,1491000.0,1016000.0,226000.0,407000.0,0.0,0.0
20220324,26430.0,561510.0,556530.0,289660.0,321070.0,140720.0,114290.0,0.0,0.0,1451000.0,1437000.0,750000.0,831000.0,363000.0,295000.0,0.0,0.0
20220325,75270.0,626520.0,648890.0,288670.0,341580.0,109490.0,34220.0,0.0,0.0,1621000.0,1679000.0,746000.0,884000.0,284000.0,88000.0,0.0,0.0
20220328,-83960.0,562640.0,484400.0,208340.0,202640.0,58830.0,142790.0,0.0,0.0,1508000.0,1296000.0,558000.0,543000.0,158000.0,384000.0,0.0,0.0
20220329,-450.0,660060.0,747400.0,294590.0,206790.0,66270.0,57530.0,0.0,9190.0,1794000.0,2031000.0,801000.0,562000.0,182000.0,158000.0,0.0,25000.0
20220330,82530.0,689820.0,944270.0,448600.0,276680.0,212110.0,129580.0,0.0,0.0,1884000.0,2578000.0,1223000.0,754000.0,580000.0,355000.0,0.0,0.0
20220331,-44630.0,445830.0,435760.0,271190.0,236630.0,115070.0,159700.0,0.0,0.0,1212000.0,1184000.0,737000.0,644000.0,312000.0,433000.0,0.0,0.0
20220401,67450.0,422990.0,550960.0,233760.0,173230.0,113030.0,45580.0,0.0,0.0,1150000.0,1498000.0,636000.0,472000.0,308000.0,125000.0,0.0,0.0
20220406,-30950.0,566140.0,582210.0,307360.0,260340.0,31000.0,61950.0,0.0,0.0,1520000.0,1563000.0,824000.0,698000.0,83000.0,166000.0,0.0,0.0
20220407,194730.0,948730.0,1362570.0,554770.0,335660.0,254490.0,59760.0,0.0,0.0,2487000.0,3566000.0,1450000.0,877000.0,661000.0,155000.0,0.0,0.0
20220408,105870.0,1015150.0,1059670.0,373350.0,434700.0,50280.0,99190.0,154780.0,0.0,2646000.0,2759000.0,971000.0,1131000.0,131000.0,257000.0,400000.0,0.0
20220411,228290.0,705360.0,1027520.0,704440.0,610570.0,404660.0,153910.0,0.0,22460.0,1837000.0,2675000.0,1826000.0,1588000.0,1052000.0,393000.0,0.0,58000.0
20220412,52890.0,498610.0,440080.0,389450.0,500860.0,164080.0,111190.0,0.0,0.0,1343000.0,1182000.0,1051000.0,1351000.0,439000.0,300000.0,0.0,0.0
20220413,-2230.0,429920.0,434430.0,234950.0,228200.0,21580.0,23810.0,0.0,0.0,1158000.0,1170000.0,634000.0,615000.0,58000.0,64000.0,0.0,0.0
20220414,36050.0,281300.0,340730.0,217960.0,194590.0,45300.0,9250.0,0.0,0.0,762000.0,923000.0,590000.0,527000.0,123000.0,25000.0,0.0,0.0
20220415,95900.0,547800.0,636450.0,394560.0,401810.0,95900.0,0.0,0.0,0.0,1450000.0,1685000.0,1045000.0,1066000.0,255000.0,0.0,0.0,0.0
20220418,-20410.0,623050.0,533490.0,349400.0,418540.0,46200.0,66610.0,0.0,0.0,1638000.0,1405000.0,922000.0,1095000.0,120000.0,180000.0,0.0,0.0
20220419,-172440.0,922170.0,683500.0,370070.0,436310.0,131570.0,304010.0,0.0,0.0,2382000.0,1766000.0,957000.0,1126000.0,342000.0,789000.0,0.0,0.0
20220420,34590.0,367080.0,372470.0,154490.0,183690.0,57500.0,22910.0,0.0,0.0,957000.0,971000.0,402000.0,478000.0,150000.0,60000.0,0.0,0.0
20220421,-2580.0,364800.0,431580.0,307860.0,238500.0,0.0,2580.0,0.0,0.0,980000.0,1160000.0,828000.0,641000.0,0.0,7000.0,0.0,0.0
20220422,5090.0,538620.0,493630.0,372140.0,422200.0,25510.0,21860.0,1440.0,0.0,1478000.0,1355000.0,1023000.0,1160000.0,70000.0,60000.0,4000.0,0.0
20220425,-193150.0,1178970.0,970490.0,443110.0,458450.0,78270.0,271420.0,0.0,0.0,3601000.0,2962000.0,1352000.0,1401000.0,241000.0,831000.0,0.0,0.0
20220426,9900.0,548910.0,607600.0,394220.0,345440.0,32430.0,22530.0,0.0,0.0,1786000.0,1972000.0,1284000.0,1126000.0,103000.0,74000.0,0.0,0.0
20220427,73810.0,510840.0,634680.0,308330.0,258290.0,127100.0,53290.0,0.0,0.0,1671000.0,2079000.0,1004000.0,830000.0,405000.0,171000.0,0.0,0.0
20220428,20900.0,613590.0,660820.0,230480.0,204150.0,22150.0,1250.0,0.0,0.0,1979000.0,2135000.0,746000.0,659000.0,73000.0,4000.0,0.0,0.0
20220429,-168180.0,1148700.0,1056960.0,777310.0,700870.0,40110.0,208290.0,0.0,0.0,3420000.0,3134000.0,2325000.0,2102000.0,117000.0,626000.0,0.0,0.0
20220505,-85260.0,1293070.0,1374120.0,610480.0,444170.0,128450.0,77300.0,0.0,136410.0,3611000.0,3827000.0,1699000.0,1240000.0,352000.0,216000.0,0.0,379000.0
20220506,-221220.0,1747760.0,1360650.0,551040.0,716930.0,23340.0,244560.0,0.0,0.0,4724000.0,3670000.0,1488000.0,1943000.0,66000.0,665000.0,0.0,0.0
20220509,-94830.0,494540.0,302690.0,221870.0,318880.0,0.0,94830.0,0.0,0.0,1333000.0,816000.0,598000.0,860000.0,0.0,255000.0,0.0,0.0
20220510,-140370.0,588140.0,599530.0,465620.0,313860.0,30990.0,26360.0,0.0,145000.0,1555000.0,1586000.0,1229000.0,829000.0,81000.0,70000.0,0.0,380000.0
20220511,-79180.0,965850.0,833220.0,454160.0,507610.0,10510.0,89690.0,0.0,0.0,2516000.0,2168000.0,1180000.0,1322000.0,27000.0,233000.0,0.0,0.0
20220512,-58350.0,725260.0,692650.0,394540.0,368800.0,24420.0,82770.0,0.0,0.0,1875000.0,1788000.0,1016000.0,952000.0,64000.0,215000.0,0.0,0.0
20220513,0.0,388260.0,365070.0,132900.0,156080.0,39200.0,39200.0,0.0,0.0,1004000.0,943000.0,343000.0,404000.0,100000.0,100000.0,0.0,0.0
20220516,-414470.0,971140.0,760900.0,509230.0,305000.0,168090.0,570260.0,0.0,12300.0,2574000.0,2015000.0,1354000.0,809000.0,442000.0,1513000.0,0.0,33000.0
20220517,-9620.0,631890.0,545920.0,257830.0,334190.0,28610.0,38230.0,0.0,0.0,1669000.0,1441000.0,683000.0,885000.0,76000.0,101000.0,0.0,0.0
20220518,30620.0,667720.0,581760.0,147300.0,263880.0,30620.0,0.0,0.0,0.0,1752000.0,1528000.0,386000.0,690000.0,80000.0,0.0,0.0,0.0
20220519,-235250.0,1119380.0,900730.0,513240.0,496640.0,2750.0,238000.0,0.0,0.0,2899000.0,2331000.0,1318000.0,1278000.0,7000.0,615000.0,0.0,0.0
20220520,-87050.0,695430.0,775960.0,496370.0,328790.0,51990.0,139040.0,0.0,0.0,1795000.0,2004000.0,1283000.0,848000.0,134000.0,359000.0,0.0,0.0
20220523,9550.0,556960.0,552500.0,299640.0,313660.0,45730.0,36180.0,0.0,0.0,1424000.0,1411000.0,765000.0,801000.0,115000.0,93000.0,0.0,0.0
20220524,-24350.0,571410.0,537620.0,217230.0,226670.0,34580.0,58930.0,0.0,0.0,1496000.0,1408000.0,570000.0,593000.0,92000.0,158000.0,0.0,0.0
20220525,63440.0,457540.0,473350.0,195400.0,243040.0,63440.0,0.0,0.0,0.0,1225000.0,1267000.0,523000.0,651000.0,170000.0,0.0,0.0,0.0
20220526,-57610.0,424950.0,409990.0,193030.0,150400.0,2260.0,59870.0,0.0,0.0,1149000.0,1108000.0,523000.0,406000.0,6000.0,164000.0,0.0,0.0
20220527,224150.0,2032000.0,2613040.0,1332960.0,976060.0,261800.0,37650.0,0.0,0.0,5703000.0,7347000.0,3757000.0,2749000.0,741000.0,105000.0,0.0,0.0
20220530,-25300.0,968460.0,966100.0,286160.0,263210.0,81430.0,106730.0,0.0,0.0,2714000.0,2704000.0,799000.0,737000.0,226000.0,298000.0,0.0,0.0
20220531,-5160.0,952170.0,944150.0,489880.0,492750.0,72130.0,77290.0,0.0,0.0,2585000.0,2558000.0,1327000.0,1336000.0,192000.0,209000.0,0.0,0.0
20220601,-9050.0,1364780.0,1314290.0,839990.0,881430.0,180820.0,191020.0,1150.0,0.0,3505000.0,3374000.0,2156000.0,2262000.0,465000.0,492000.0,3000.0,0.0
20220602,-79020.0,1594760.0,1250440.0,843530.0,1108840.0,222550.0,301570.0,0.0,0.0,3928000.0,3073000.0,2076000.0,2727000.0,544000.0,747000.0,0.0,0.0
20220606,-288340.0,1946810.0,1354430.0,969500.0,1273530.0,210960.0,499300.0,0.0,0.0,4546000.0,3164000.0,2264000.0,2973000.0,493000.0,1167000.0,0.0,0.0
20220607,-200510.0,1481400.0,1028480.0,509190.0,761600.0,71780.0,272290.0,0.0,0.0,3520000.0,2441000.0,1210000.0,1811000.0,170000.0,649000.0,0.0,0.0
20220608,-82770.0,1249620.0,1150410.0,578030.0,594460.0,130460.0,213230.0,0.0,0.0,3075000.0,2827000.0,1417000.0,1464000.0,318000.0,519000.0,0.0,0.0
20220609,-2950.0,889710.0,972490.0,338710.0,252980.0,15470.0,18420.0,0.0,0.0,2236000.0,2443000.0,850000.0,636000.0,39000.0,46000.0,0.0,0.0
20220610,-59300.0,1331390.0,1300290.0,622080.0,593880.0,105080.0,164380.0,0.0,0.0,3302000.0,3225000.0,1538000.0,1469000.0,260000.0,406000.0,0.0,0.0
20220613,117970.0,1343730.0,1524530.0,1020350.0,957530.0,347950.0,229980.0,0.0,0.0,3268000.0,3695000.0,2462000.0,2314000.0,834000.0,555000.0,0.0,0.0
20220614,-53640.0,1417400.0,1331540.0,620110.0,652330.0,223000.0,276640.0,0.0,0.0,3404000.0,3193000.0,1488000.0,1562000.0,535000.0,672000.0,0.0,0.0
20220615,155750.0,1000060.0,1188640.0,670710.0,637880.0,261010.0,105260.0,0.0,0.0,2435000.0,2890000.0,1634000.0,1553000.0,632000.0,258000.0,0.0,0.0
20220616,3220.0,520930.0,725920.0,513810.0,312040.0,118600.0,115380.0,0.0,0.0,1276000.0,1779000.0,1258000.0,764000.0,289000.0,282000.0,0.0,0.0
20220617,129710.0,1910450.0,2388220.0,960530.0,612470.0,483970.0,354260.0,0.0,0.0,4742000.0,5931000.0,2383000.0,1521000.0,1201000.0,874000.0,0.0,0.0
20220620,98570.0,1264130.0,1547630.0,981970.0,797040.0,297530.0,198960.0,0.0,0.0,3132000.0,3837000.0,2437000.0,1975000.0,738000.0,494000.0,0.0,0.0
20220621,-135350.0,1272110.0,1286940.0,1132830.0,982640.0,388990.0,421780.0,0.0,102560.0,3148000.0,3178000.0,2800000.0,2426000.0,962000.0,1047000.0,0.0,259000.0
20220622,278620.0,1449240.0,1940040.0,1489910.0,1277740.0,577550.0,298930.0,0.0,0.0,3444000.0,4616000.0,3533000.0,3027000.0,1379000.0,713000.0,0.0,0.0
20220623,-127530.0,1345090.0,1544120.0,1539290.0,1212730.0,481860.0,576430.0,0.0,32960.0,3132000.0,3595000.0,3573000.0,2808000.0,1117000.0,1342000.0,0.0,76000.0
20220624,-69530.0,2533880.0,2295130.0,1594740.0,1763970.0,467350.0,434520.0,0.0,102360.0,5665000.0,5137000.0,3572000.0,3939000.0,1044000.0,976000.0,0.0,230000.0
20220627,-345510.0,2826550.0,2249270.0,1362990.0,1594770.0,271480.0,616990.0,0.0,0.0,6227000.0,4958000.0,3008000.0,3508000.0,596000.0,1365000.0,0.0,0.0
20220628,-225260.0,1313390.0,1257700.0,869480.0,699910.0,150720.0,375980.0,0.0,0.0,2935000.0,2810000.0,1941000.0,1563000.0,338000.0,841000.0,0.0,0.0
20220629,-320300.0,3208070.0,2514030.0,1728700.0,2102430.0,688560.0,1007510.0,115580.0,116930.0,7053000.0,5519000.0,3819000.0,4628000.0,1503000.0,2217000.0,250000.0,263000.0
20220630,-14370.0,1668370.0,1586560.0,1136940.0,1204380.0,201970.0,216340.0,0.0,0.0,3734000.0,3547000.0,2538000.0,2691000.0,448000.0,483000.0,0.0,0.0
20220701,58120.0,713590.0,1058750.0,613720.0,326680.0,85450.0,27330.0,0.0,0.0,1591000.0,2359000.0,1367000.0,728000.0,189000.0,61000.0,0.0,0.0
20220704,-397630.0,2044560.0,1512200.0,1204820.0,1339550.0,166910.0,564540.0,0.0,0.0,4421000.0,3272000.0,2591000.0,2882000.0,353000.0,1211000.0,0.0,0.0
20220705,-143460.0,1595850.0,1741240.0,1379840.0,1090990.0,402640.0,546100.0,0.0,0.0,3601000.0,3924000.0,3098000.0,2449000.0,918000.0,1244000.0,0.0,0.0
20220706,7140.0,774430.0,881840.0,552060.0,451800.0,95470.0,88330.0,0.0,0.0,1787000.0,2034000.0,1275000.0,1042000.0,219000.0,205000.0,0.0,0.0
20220707,106320.0,801940.0,903600.0,683550.0,688200.0,234640.0,128320.0,0.0,0.0,1857000.0,2090000.0,1577000.0,1592000.0,546000.0,297000.0,0.0,0.0
20220708,-58890.0,484110.0,591950.0,450620.0,283890.0,67840.0,126730.0,0.0,0.0,1115000.0,1362000.0,1040000.0,655000.0,156000.0,294000.0,0.0,0.0
20220711,-28750.0,505740.0,556900.0,305150.0,225240.0,93870.0,122620.0,0.0,0.0,1180000.0,1303000.0,714000.0,526000.0,220000.0,286000.0,0.0,0.0
20220712,3470.0,573570.0,759490.0,509520.0,327060.0,142640.0,139170.0,0.0,0.0,1371000.0,1814000.0,1215000.0,781000.0,341000.0,331000.0,0.0,0.0
20220713,155400.0,514090.0,553870.0,437240.0,552860.0,330410.0,175010.0,0.0,0.0,1206000.0,1300000.0,1028000.0,1297000.0,774000.0,412000.0,0.0,0.0
20220714,-56540.0,959290.0,909400.0,820860.0,814200.0,154950.0,211490.0,0.0,0.0,2156000.0,2044000.0,1842000.0,1830000.0,350000.0,474000.0,0.0,0.0
20220715,-165470.0,1088730.0,900220.0,888140.0,911190.0,332340.0,475070.0,0.0,22740.0,2433000.0,2011000.0,1986000.0,2038000.0,740000.0,1061000.0,0.0,50000.0
20220718,-88490.0,1055760.0,1141030.0,809860.0,636090.0,559800.0,648290.0,0.0,0.0,2380000.0,2569000.0,1822000.0,1423000.0,1244000.0,1453000.0,0.0,0.0
20220719,-740550.0,1641830.0,1342770.0,1452050.0,1010560.0,437280.0,1061670.0,0.0,116160.0,3612000.0,2953000.0,3198000.0,2224000.0,961000.0,2340000.0,0.0,254000.0
20220720,284440.0,1292920.0,1319100.0,1252680.0,1510940.0,611940.0,478330.0,335650.0,184820.0,2782000.0,2833000.0,2689000.0,3241000.0,1314000.0,1030000.0,712000.0,393000.0
20220721,-247920.0,1875850.0,1807670.0,1568790.0,1389050.0,426450.0,717670.0,43300.0,0.0,3923000.0,3782000.0,3282000.0,2895000.0,881000.0,1498000.0,89000.0,0.0
20220722,-185560.0,1309420.0,1297910.0,998780.0,824720.0,190750.0,376310.0,0.0,0.0,2911000.0,2880000.0,2218000.0,1830000.0,421000.0,840000.0,0.0,0.0
20220725,-59360.0,1291380.0,1293480.0,729720.0,668250.0,333880.0,393240.0,0.0,0.0,2863000.0,2867000.0,1618000.0,1481000.0,740000.0,872000.0,0.0,0.0
20220726,146240.0,1432010.0,1746560.0,1127900.0,959580.0,362440.0,299070.0,82870.0,0.0,3209000.0,3913000.0,2528000.0,2153000.0,809000.0,666000.0,185000.0,0.0
20220727,-328250.0,3163340.0,1961300.0,1449740.0,2323510.0,429400.0,628840.0,365590.0,494400.0,6629000.0,4122000.0,3057000.0,4886000.0,910000.0,1310000.0,753000.0,1030000.0
20220728,-955720.0,3191550.0,2186900.0,2329630.0,2378550.0,816870.0,1098480.0,0.0,674110.0,6420000.0,4396000.0,4690000.0,4779000.0,1641000.0,2212000.0,0.0,1363000.0
20220729,329650.0,3067690.0,2662140.0,1389660.0,2124860.0,589710.0,260060.0,0.0,0.0,6105000.0,5293000.0,2767000.0,4233000.0,1173000.0,520000.0,0.0,0.0
20220801,2346350.0,3955040.0,5240100.0,5717110.0,6778410.0,4718150.0,3963890.0,4937780.0,3345690.0,7267000.0,9508000.0,10415000.0,12271000.0,8352000.0,6965000.0,8440000.0,5731000.0
20220802,1335330.0,7899020.0,7606400.0,11129050.0,12757000.0,8534400.0,7939380.0,2164620.0,1424310.0,12152000.0,11697000.0,17203000.0,19644000.0,13219000.0,12188000.0,3160000.0,2206000.0
20220803,961240.0,7248980.0,8246230.0,15400760.0,15364750.0,16527240.0,15830750.0,12761020.0,12496270.0,9118000.0,10406000.0,19284000.0,19273000.0,20595000.0,19778000.0,15412000.0,14951000.0
20220804,-4208280.0,10319790.0,7218750.0,15662490.0,14555240.0,12516660.0,14040900.0,2182050.0,4866090.0,14868000.0,10356000.0,22595000.0,20861000.0,18002000.0,20262000.0,3077000.0,7063000.0
20220805,-766500.0,10109980.0,9488560.0,12136200.0,11991120.0,6635580.0,7010070.0,821480.0,1213490.0,15496000.0,14543000.0,18580000.0,18309000.0,10133000.0,10734000.0,1249000.0,1873000.0
20220808,-1263570.0,8652570.0,6591180.0,8383020.0,9180840.0,4279510.0,5087040.0,741780.0,1197820.0,13026000.0,9935000.0,12721000.0,13898000.0,6515000.0,7719000.0,1129000.0,1839000.0
20220809,-81960.0,7422770.0,6878730.0,9570590.0,10032660.0,4596290.0,5173680.0,1291200.0,795770.0,10738000.0,9946000.0,13852000.0,14508000.0,6635000.0,7492000.0,1860000.0,1140000.0
20220810,-1581030.0,5610740.0,4265290.0,6976960.0,6741370.0,3518490.0,4161480.0,118270.0,1056310.0,8118000.0,6164000.0,10092000.0,9751000.0,5102000.0,6034000.0,172000.0,1535000.0
20220811,-239130.0,6075050.0,6199860.0,6712810.0,6348860.0,3469580.0,3299710.0,85390.0,494390.0,9324000.0,9516000.0,10266000.0,9703000.0,5312000.0,5057000.0,128000.0,754000.0
20220812,-1261520.0,4896470.0,3681530.0,4629140.0,4582560.0,2032490.0,3019400.0,0.0,274610.0,7860000.0,5896000.0,7425000.0,7360000.0,3274000.0,4853000.0,0.0,449000.0
20220815,-692180.0,2739660.0,2472870.0,3658110.0,3232720.0,1969910.0,2342770.0,182400.0,501720.0,4509000.0,4072000.0,6020000.0,5319000.0,3240000.0,3853000.0,300000.0,826000.0
20220816,114880.0,4195080.0,4560820.0,5542890.0,5292030.0,2504100.0,2757090.0,577120.0,209250.0,6816000.0,7399000.0,8998000.0,8589000.0,4050000.0,4469000.0,939000.0,346000.0
20220817,1745120.0,4658020.0,5878650.0,6066670.0,6591180.0,4117390.0,2575840.0,377450.0,173880.0,7447000.0,9371000.0,9691000.0,10508000.0,6522000.0,4108000.0,597000.0,271000.0
20220818,632930.0,3892780.0,4491470.0,5057240.0,5091480.0,3117070.0,2477890.0,178290.0,184540.0,6052000.0,6980000.0,7853000.0,7911000.0,4838000.0,3838000.0,279000.0,293000.0
20220819,169460.0,4244060.0,4255630.0,4290470.0,4448360.0,2144250.0,1941190.0,0.0,33600.0,6944000.0,6962000.0,7020000.0,7273000.0,3504000.0,3178000.0,0.0,55000.0
20220822,-472220.0,2194710.0,1735920.0,2157590.0,2144150.0,843710.0,1116900.0,0.0,199030.0,3686000.0,2912000.0,3618000.0,3600000.0,1414000.0,1871000.0,0.0,335000.0
20220823,-797270.0,4707050.0,3591340.0,3274350.0,3592780.0,1151290.0,1965210.0,122220.0,105570.0,8095000.0,6167000.0,5628000.0,6163000.0,1971000.0,3388000.0,205000.0,181000.0
20220824,-629220.0,3986890.0,3440560.0,3370440.0,3287550.0,1287850.0,1633220.0,4990.0,288840.0,7107000.0,6129000.0,6000000.0,5851000.0,2304000.0,2919000.0,9000.0,521000.0
20220825,-417900.0,4344850.0,3476550.0,2766230.0,3216630.0,867060.0,1253640.0,0.0,31320.0,8188000.0,6544000.0,5208000.0,6064000.0,1636000.0,2364000.0,0.0,60000.0
20220826,146290.0,1934350.0,2129010.0,1364400.0,1316030.0,838820.0,400900.0,295320.0,586950.0,3671000.0,4039000.0,2582000.0,2494000.0,1593000.0,765000.0,552000.0,1100000.0
20220829,18260.0,2645100.0,2699490.0,1992140.0,1956010.0,726660.0,672830.0,0.0,35570.0,4886000.0,4972000.0,3679000.0,3609000.0,1333000.0,1252000.0,0.0,64000.0
20220830,192470.0,1819830.0,2349720.0,1360060.0,1022640.0,657300.0,464830.0,0.0,0.0,3383000.0,4371000.0,2527000.0,1901000.0,1224000.0,862000.0,0.0,0.0
20220831,239710.0,2026030.0,2294500.0,1160010.0,1131250.0,812460.0,572750.0,0.0,0.0,3912000.0,4430000.0,2240000.0,2183000.0,1568000.0,1107000.0,0.0,0.0
20220901,107380.0,3456700.0,3628830.0,2003150.0,1938390.0,558610.0,430120.0,111310.0,132420.0,6961000.0,7289000.0,4027000.0,3915000.0,1120000.0,862000.0,220000.0,261000.0
20220902,129240.0,2853720.0,3070950.0,1957350.0,1869360.0,290240.0,161000.0,0.0,0.0,5664000.0,6090000.0,3870000.0,3700000.0,576000.0,319000.0,0.0,0.0
20220905,-29840.0,1597920.0,1882010.0,1353570.0,1039640.0,425600.0,455440.0,0.0,0.0,3176000.0,3734000.0,2684000.0,2063000.0,838000.0,900000.0,0.0,0.0
20220906,319420.0,2998610.0,4119690.0,3511930.0,2710280.0,1475090.0,738980.0,0.0,416690.0,5766000.0,7910000.0,6713000.0,5184000.0,2823000.0,1416000.0,0.0,792000.0
20220907,-79600.0,3708730.0,4676660.0,4915850.0,3868320.0,3533390.0,3480880.0,527080.0,659190.0,6767000.0,8534000.0,8968000.0,7062000.0,6458000.0,6358000.0,960000.0,1198000.0
20220908,63330.0,2396980.0,2625070.0,2541110.0,2376360.0,1125250.0,1270050.0,210820.0,2690.0,4460000.0,4886000.0,4721000.0,4413000.0,2091000.0,2358000.0,390000.0,5000.0
20220909,20270.0,2708980.0,2546420.0,2416650.0,2599470.0,989160.0,968890.0,0.0,0.0,5229000.0,4911000.0,4662000.0,5015000.0,1908000.0,1873000.0,0.0,0.0
20220913,-64920.0,2161570.0,2298410.0,1787610.0,1585850.0,999190.0,1057790.0,0.0,6320.0,4094000.0,4353000.0,3385000.0,2999000.0,1887000.0,2002000.0,0.0,12000.0
20220914,309890.0,2238490.0,2307230.0,1966550.0,2207710.0,1291560.0,1127810.0,253140.0,107000.0,4239000.0,4365000.0,3722000.0,4175000.0,2435000.0,2132000.0,476000.0,200000.0
20220915,278730.0,3027050.0,3432460.0,2974870.0,2848200.0,2012970.0,1528300.0,253900.0,459840.0,6010000.0,6802000.0,5871000.0,5624000.0,3988000.0,3030000.0,500000.0,913000.0
20220916,261970.0,2204410.0,2446530.0,1705380.0,1725240.0,1089830.0,827860.0,0.0,0.0,4447000.0,4943000.0,3446000.0,3487000.0,2212000.0,1675000.0,0.0,0.0
20220919,-294220.0,2579040.0,2840860.0,2068000.0,1511950.0,956990.0,1373410.0,122200.0,0.0,5408000.0,5958000.0,4335000.0,3156000.0,1999000.0,2878000.0,250000.0,0.0
20220920,-171150.0,2070280.0,1554010.0,1086830.0,1431930.0,303160.0,474310.0,0.0,0.0,4302000.0,3229000.0,2260000.0,2976000.0,630000.0,987000.0,0.0,0.0
20220921,-10100.0,1694150.0,1978860.0,1391310.0,1096500.0,189190.0,180010.0,24970.0,44250.0,3531000.0,4129000.0,2905000.0,2284000.0,395000.0,377000.0,53000.0,93000.0
20220922,53970.0,2012520.0,1793340.0,1542210.0,1815350.0,537470.0,483500.0,0.0,0.0,4163000.0,3713000.0,3190000.0,3754000.0,1112000.0,999000.0,0.0,0.0
20220923,50930.0,2168230.0,2732620.0,1928280.0,1414820.0,712440.0,534520.0,0.0,126990.0,4639000.0,5837000.0,4119000.0,3016000.0,1507000.0,1140000.0,0.0,272000.0
20220926,-236440.0,2335230.0,1795880.0,1209460.0,1512360.0,189160.0,421860.0,0.0,3740.0,5034000.0,3874000.0,2614000.0,3263000.0,409000.0,912000.0,0.0,8000.0
20220927,-200590.0,1998970.0,1756700.0,1472080.0,1513770.0,773490.0,974080.0,0.0,0.0,4239000.0,3729000.0,3115000.0,3204000.0,1632000.0,2054000.0,0.0,0.0
20220928,158420.0,1614600.0,2166810.0,1759070.0,1365280.0,648170.0,489750.0,0.0,0.0,3454000.0,4638000.0,3759000.0,2913000.0,1388000.0,1050000.0,0.0,0.0
20220929,81830.0,2143050.0,1827060.0,1538780.0,1936600.0,686700.0,709170.0,104300.0,0.0,4600000.0,3920000.0,3305000.0,4155000.0,1470000.0,1520000.0,220000.0,0.0
20220930,-382940.0,2943520.0,2701340.0,2828920.0,2688160.0,1168550.0,1440440.0,1760.0,112810.0,6732000.0,6167000.0,6465000.0,6128000.0,2643000.0,3288000.0,4000.0,260000.0
20221010,-316700.0,2500220.0,2162710.0,1103220.0,1124030.0,409470.0,726170.0,0.0,0.0,5690000.0,4929000.0,2513000.0,2554000.0,933000.0,1652000.0,0.0,0.0
20221011,10070.0,1259200.0,1462090.0,646530.0,453710.0,268070.0,258000.0,0.0,0.0,2907000.0,3378000.0,1494000.0,1047000.0,615000.0,592000.0,0.0,0.0
20221012,40870.0,2068530.0,2008090.0,1181830.0,1283140.0,415980.0,375110.0,0.0,0.0,4731000.0,4596000.0,2678000.0,2899000.0,939000.0,853000.0,0.0,0.0
20221013,-50810.0,2351340.0,2270600.0,1435790.0,1465710.0,488130.0,587520.0,107550.0,58970.0,5064000.0,4885000.0,3097000.0,3161000.0,1054000.0,1269000.0,230000.0,130000.0
20221014,-151530.0,1396010.0,1557380.0,1291350.0,978450.0,419410.0,570940.0,0.0,0.0,3001000.0,3351000.0,2776000.0,2101000.0,900000.0,1225000.0,0.0,0.0
20221017,-516560.0,3242110.0,2485750.0,1725050.0,1964850.0,740660.0,1147950.0,0.0,109270.0,6777000.0,5200000.0,3603000.0,4103000.0,1547000.0,2394000.0,0.0,230000.0
20221018,801930.0,2950890.0,3665530.0,2290290.0,2377560.0,1550910.0,1062430.0,313450.0,0.0,5955000.0,7400000.0,4619000.0,4792000.0,3125000.0,2139000.0,633000.0,0.0
20221019,85770.0,1894070.0,1941970.0,1281790.0,1319660.0,826230.0,740460.0,0.0,0.0,3845000.0,3937000.0,2603000.0,2677000.0,1674000.0,1509000.0,0.0,0.0
20221020,321770.0,2825650.0,3013410.0,2355400.0,2489420.0,1660270.0,2070630.0,949840.0,217710.0,5770000.0,6121000.0,4763000.0,5026000.0,3317000.0,4147000.0,1880000.0,436000.0
20221021,-167310.0,3195090.0,3299240.0,2315610.0,2044160.0,1634850.0,1430830.0,0.0,371330.0,6520000.0,6735000.0,4737000.0,4185000.0,3344000.0,2916000.0,0.0,764000.0
20221024,-536810.0,2684400.0,2237170.0,1694750.0,1605160.0,874210.0,1397400.0,0.0,13620.0,5466000.0,4556000.0,3447000.0,3270000.0,1781000.0,2841000.0,0.0,28000.0
20221025,-618070.0,2797070.0,1851820.0,1574140.0,1901320.0,941410.0,1545000.0,0.0,14480.0,5706000.0,3782000.0,3220000.0,3886000.0,1934000.0,3163000.0,0.0,29000.0
20221026,-101130.0,2750260.0,2538480.0,1989580.0,2100250.0,1589010.0,1680060.0,0.0,10080.0,5448000.0,5043000.0,3939000.0,4161000.0,3154000.0,3317000.0,0.0,20000.0
20221027,-387510.0,2818500.0,2282780.0,1635550.0,1783760.0,946000.0,1297430.0,104100.0,140180.0,5587000.0,4523000.0,3243000.0,3536000.0,1879000.0,2579000.0,209000.0,279000.0
20221028,47830.0,2375220.0,2077850.0,1003360.0,1348560.0,922280.0,966370.0,91920.0,0.0,4827000.0,4224000.0,2044000.0,2748000.0,1885000.0,1972000.0,187000.0,0.0
20221031,-178990.0,2376210.0,2096370.0,930900.0,1031750.0,203280.0,382270.0,0.0,0.0,4809000.0,4241000.0,1882000.0,2083000.0,412000.0,779000.0,0.0,0.0
20221101,-60860.0,2183000.0,1811120.0,810430.0,1121450.0,329290.0,388130.0,0.0,2020.0,4329000.0,3594000.0,1606000.0,2221000.0,651000.0,767000.0,0.0,4000.0
20221102,41950.0,1443330.0,1751020.0,1386990.0,1121260.0,453770.0,411820.0,0.0,0.0,2840000.0,3448000.0,2732000.0,2207000.0,891000.0,808000.0,0.0,0.0
20221103,21400.0,1399740.0,1521870.0,1482720.0,1381990.0,591700.0,637400.0,67100.0,0.0,2748000.0,2987000.0,2907000.0,2709000.0,1162000.0,1252000.0,131000.0,0.0
20221104,-265690.0,2003830.0,1480320.0,1469720.0,1727540.0,714120.0,979810.0,0.0,0.0,3885000.0,2871000.0,2851000.0,3349000.0,1379000.0,1894000.0,0.0,0.0
20221107,623260.0,1605080.0,2249220.0,1602110.0,1581230.0,1098050.0,576990.0,102200.0,0.0,3174000.0,4451000.0,3168000.0,3122000.0,2172000.0,1141000.0,200000.0,0.0
20221108,383020.0,1032270.0,1180050.0,649160.0,884390.0,687040.0,285440.0,83430.0,102010.0,2058000.0,2358000.0,1298000.0,1765000.0,1372000.0,570000.0,167000.0,202000.0
20221109,118060.0,878360.0,1065570.0,852490.0,783340.0,485240.0,453520.0,86340.0,0.0,1753000.0,2131000.0,1700000.0,1563000.0,972000.0,903000.0,172000.0,0.0
20221110,569250.0,930160.0,1584480.0,828420.0,743360.0,1433190.0,548830.0,0.0,315110.0,1915000.0,3262000.0,1708000.0,1531000.0,2947000.0,1128000.0,0.0,650000.0
20221111,-235080.0,1534390.0,1365400.0,1147510.0,1081410.0,1070800.0,948870.0,0.0,357010.0,3158000.0,2827000.0,2372000.0,2235000.0,2215000.0,1954000.0,0.0,728000.0
20221114,407640.0,1820050.0,2148050.0,1447740.0,1527370.0,1615930.0,1244340.0,337360.0,301310.0,3895000.0,4601000.0,3105000.0,3269000.0,3444000.0,2652000.0,731000.0,653000.0
20221115,-611600.0,1929420.0,1528410.0,1701430.0,1490850.0,1047590.0,1658450.0,7150.0,7890.0,4024000.0,3193000.0,3546000.0,3101000.0,2201000.0,3475000.0,15000.0,17000.0
20221116,-33120.0,1222780.0,1328420.0,1586230.0,1447470.0,1166250.0,967650.0,295020.0,526740.0,2482000.0,2701000.0,3221000.0,2936000.0,2360000.0,1958000.0,596000.0,1065000.0
20221117,-202870.0,1389620.0,974660.0,638210.0,850300.0,1339000.0,1320720.0,0.0,221150.0,2860000.0,2009000.0,1313000.0,1753000.0,2760000.0,2718000.0,0.0,454000.0
20221118,4980.0,920050.0,969110.0,1055450.0,1011370.0,791970.0,508020.0,0.0,278970.0,1867000.0,1967000.0,2143000.0,2052000.0,1608000.0,1031000.0,0.0,568000.0
20221121,-651450.0,1649760.0,1252630.0,1497360.0,1243030.0,1028030.0,1600420.0,0.0,79060.0,3318000.0,2524000.0,3012000.0,2495000.0,2084000.0,3233000.0,0.0,162000.0
20221122,-1915780.0,4063890.0,3402080.0,5630870.0,4376900.0,3923270.0,5047960.0,595510.0,1386600.0,7641000.0,6396000.0,10617000.0,8232000.0,7362000.0,9505000.0,1120000.0,2608000.0
20221123,-132230.0,3228730.0,3792350.0,5192720.0,4496860.0,3913520.0,3817760.0,1382690.0,1610680.0,6168000.0,7265000.0,9919000.0,8607000.0,7499000.0,7294000.0,2657000.0,3076000.0
20221124,730950.0,4794130.0,4717800.0,4079910.0,4887210.0,3238720.0,2308330.0,605190.0,804630.0,9074000.0,8917000.0,7671000.0,9230000.0,6099000.0,4340000.0,1131000.0,1489000.0
20221125,1324020.0,1589120.0,2737700.0,1646170.0,1821590.0,1232790.0,570830.0,662060.0,0.0,3127000.0,5391000.0,3245000.0,3581000.0,2422000.0,1121000.0,1300000.0,0.0
20221128,1136020.0,2779710.0,3603670.0,2229720.0,2541770.0,2241690.0,1301670.0,196000.0,0.0,5757000.0,7457000.0,4618000.0,5259000.0,4634000.0,2693000.0,400000.0,0.0
20221129,619640.0,1631690.0,2733790.0,1766760.0,1284300.0,1275750.0,656110.0,0.0,0.0,3434000.0,5762000.0,3723000.0,2699000.0,2680000.0,1377000.0,0.0,0.0
20221130,466770.0,1293250.0,1610840.0,1275050.0,1424230.0,887250.0,526650.0,106170.0,0.0,2789000.0,3471000.0,2749000.0,3069000.0,1909000.0,1136000.0,228000.0,0.0
20221201,-181360.0,984290.0,1067250.0,1555690.0,1291370.0,691860.0,897860.0,24640.0,0.0,2089000.0,2265000.0,3299000.0,2739000.0,1473000.0,1909000.0,52000.0,0.0
20221202,295810.0,990000.0,1228420.0,851090.0,908480.0,878330.0,512330.0,47810.0,118000.0,2095000.0,2600000.0,1801000.0,1924000.0,1859000.0,1082000.0,101000.0,250000.0
20221205,536210.0,837590.0,1189920.0,1021930.0,1205810.0,1295790.0,780240.0,38990.0,18330.0,1804000.0,2562000.0,2200000.0,2596000.0,2790000.0,1681000.0,83000.0,40000.0
20221206,-33340.0,735800.0,788620.0,770840.0,684670.0,453500.0,486840.0,0.0,0.0,1574000.0,1687000.0,1643000.0,1461000.0,969000.0,1038000.0,0.0,0.0
20221207,584120.0,766360.0,1062670.0,900790.0,1188600.0,1008140.0,424020.0,0.0,0.0,1641000.0,2277000.0,1928000.0,2543000.0,2166000.0,915000.0,0.0,0.0
20221208,123700.0,390790.0,465290.0,334690.0,383890.0,255670.0,131970.0,0.0,0.0,847000.0,1008000.0,725000.0,832000.0,554000.0,286000.0,0.0,0.0
20221209,13360.0,361390.0,418420.0,376620.0,332950.0,90890.0,77530.0,0.0,0.0,782000.0,906000.0,816000.0,721000.0,197000.0,168000.0,0.0,0.0
20221212,-159260.0,644790.0,633730.0,888250.0,740050.0,59590.0,218850.0,0.0,0.0,1388000.0,1366000.0,1913000.0,1594000.0,129000.0,469000.0,0.0,0.0
20221213,137100.0,299770.0,433440.0,530120.0,533560.0,360200.0,223100.0,0.0,0.0,647000.0,936000.0,1144000.0,1152000.0,779000.0,482000.0,0.0,0.0
20221214,82260.0,162750.0,256170.0,372730.0,361570.0,172280.0,90020.0,0.0,0.0,354000.0,557000.0,811000.0,786000.0,374000.0,196000.0,0.0,0.0
20221215,-40140.0,397850.0,363550.0,442020.0,436180.0,103400.0,143540.0,0.0,0.0,864000.0,790000.0,960000.0,947000.0,225000.0,312000.0,0.0,0.0
20221216,277780.0,216900.0,380260.0,532620.0,647030.0,493020.0,215240.0,0.0,0.0,474000.0,831000.0,1164000.0,1413000.0,1075000.0,469000.0,0.0,0.0
20221219,48040.0,604940.0,753870.0,550330.0,449430.0,268340.0,114960.0,0.0,105340.0,1366000.0,1694000.0,1232000.0,1009000.0,607000.0,262000.0,0.0,239000.0
20221220,51910.0,259550.0,301470.0,129830.0,139820.0,55430.0,3520.0,0.0,0.0,591000.0,687000.0,296000.0,318000.0,126000.0,8000.0,0.0,0.0
20221221,-8910.0,283810.0,274410.0,371980.0,372460.0,70790.0,79700.0,0.0,0.0,655000.0,633000.0,857000.0,859000.0,164000.0,185000.0,0.0,0.0
20221222,56170.0,287250.0,379740.0,276510.0,240190.0,63450.0,7280.0,0.0,0.0,676000.0,894000.0,652000.0,567000.0,150000.0,17000.0,0.0,0.0
20221223,42040.0,294180.0,323130.0,271330.0,284410.0,121960.0,79920.0,0.0,0.0,709000.0,778000.0,653000.0,685000.0,294000.0,192000.0,0.0,0.0
20221226,-45550.0,544000.0,568850.0,513680.0,443270.0,186330.0,231880.0,0.0,0.0,1292000.0,1350000.0,1217000.0,1051000.0,440000.0,548000.0,0.0,0.0
20221227,175480.0,576360.0,725400.0,558230.0,584670.0,218240.0,42760.0,0.0,0.0,1369000.0,1723000.0,1325000.0,1386000.0,518000.0,102000.0,0.0,0.0
20221228,22740.0,454290.0,612880.0,616230.0,480380.0,147150.0,124410.0,0.0,0.0,1101000.0,1487000.0,1493000.0,1164000.0,357000.0,301000.0,0.0,0.0
20221229,19810.0,369360.0,381850.0,333920.0,341250.0,115000.0,95190.0,0.0,0.0,892000.0,923000.0,808000.0,826000.0,278000.0,230000.0,0.0,0.0
20221230,2510.0,196610.0,304000.0,280670.0,175780.0,20630.0,18120.0,0.0,0.0,475000.0,735000.0,678000.0,424000.0,50000.0,44000.0,0.0,0.0
20230103,-37550.0,755970.0,754860.0,688020.0,651580.0,202640.0,240190.0,0.0,0.0,1793000.0,1790000.0,1626000.0,1543000.0,480000.0,566000.0,0.0,0.0
20230104,303220.0,639380.0,1091920.0,679900.0,530570.0,495630.0,192410.0,0.0,0.0,1522000.0,2607000.0,1621000.0,1260000.0,1184000.0,460000.0,0.0,0.0
20230105,-124110.0,1303960.0,1068460.0,970610.0,1082000.0,630810.0,754920.0,0.0,0.0,3024000.0,2478000.0,2253000.0,2505000.0,1454000.0,1748000.0,0.0,0.0
20230106,278380.0,1077970.0,1195070.0,1444380.0,1605670.0,1810920.0,1739610.0,207070.0,0.0,2405000.0,2669000.0,3226000.0,3586000.0,4053000.0,3887000.0,458000.0,0.0
20230109,90800.0,421220.0,637450.0,663030.0,537600.0,330180.0,239380.0,0.0,0.0,946000.0,1432000.0,1489000.0,1207000.0,741000.0,537000.0,0.0,0.0
20230110,14690.0,430020.0,512570.0,579550.0,511690.0,266390.0,251700.0,0.0,0.0,956000.0,1141000.0,1290000.0,1139000.0,594000.0,560000.0,0.0,0.0
20230111,335910.0,507240.0,687930.0,485360.0,640580.0,534400.0,96160.0,0.0,102330.0,1132000.0,1534000.0,1082000.0,1426000.0,1190000.0,214000.0,0.0,230000.0
20230112,-43530.0,380030.0,363750.0,563640.0,536380.0,181590.0,225120.0,0.0,0.0,847000.0,811000.0,1256000.0,1195000.0,406000.0,502000.0,0.0,0.0
20230113,-136730.0,1257660.0,932430.0,1039350.0,1227840.0,669400.0,666790.0,0.0,139340.0,2776000.0,2070000.0,2298000.0,2713000.0,1483000.0,1467000.0,0.0,307000.0
20230116,-114540.0,975230.0,884940.0,850070.0,825830.0,296330.0,410870.0,0.0,0.0,2172000.0,1973000.0,1895000.0,1839000.0,661000.0,915000.0,0.0,0.0
20230117,-100000.0,716260.0,450570.0,514310.0,680000.0,167210.0,267210.0,0.0,0.0,1590000.0,1000000.0,1142000.0,1509000.0,371000.0,593000.0,0.0,0.0
20230118,-201290.0,1626850.0,1279780.0,1368630.0,1514400.0,1135560.0,1501400.0,164550.0,0.0,3505000.0,2758000.0,2949000.0,3261000.0,2451000.0,3237000.0,351000.0,0.0
20230119,-337170.0,1809060.0,1803080.0,2270320.0,1939120.0,1310110.0,1992070.0,481310.0,136520.0,3757000.0,3745000.0,4717000.0,4028000.0,2723000.0,4143000.0,1002000.0,283000.0
20230120,-124270.0,1114190.0,877250.0,1449730.0,1562400.0,424000.0,797200.0,248930.0,0.0,2296000.0,1811000.0,2992000.0,3222000.0,875000.0,1642000.0,512000.0,0.0
20230130,-362080.0,1599450.0,1498970.0,2295610.0,2034020.0,1641690.0,2150020.0,146250.0,0.0,3259000.0,3055000.0,4676000.0,4145000.0,3344000.0,4380000.0,300000.0,0.0
20230131,-292970.0,1705890.0,1770440.0,2340230.0,1982720.0,1684100.0,1905020.0,358200.0,430250.0,3378000.0,3490000.0,4620000.0,3904000.0,3309000.0,3770000.0,705000.0,848000.0
20230201,137920.0,906200.0,1019330.0,1224680.0,1249470.0,1119050.0,1183460.0,429280.0,226950.0,1770000.0,1991000.0,2389000.0,2439000.0,2184000.0,2310000.0,840000.0,442000.0
20230202,-591770.0,1821780.0,1619810.0,2525220.0,2135420.0,1868990.0,2329690.0,342290.0,473360.0,3470000.0,3076000.0,4801000.0,4058000.0,3545000.0,4431000.0,650000.0,900000.0
20230203,-197650.0,2293850.0,1991360.0,1686360.0,1791200.0,1470980.0,2108380.0,659860.0,220110.0,4286000.0,3723000.0,3148000.0,3346000.0,2742000.0,3929000.0,1233000.0,410000.0
20230206,-329980.0,2147130.0,1806160.0,3369960.0,3380940.0,4210910.0,4335530.0,2538800.0,2744160.0,3856000.0,3245000.0,6053000.0,6078000.0,7571000.0,7808000.0,4598000.0,4946000.0
20230207,-16770.0,1527330.0,1455020.0,1577910.0,1633440.0,1205820.0,1237980.0,666620.0,651230.0,2773000.0,2646000.0,2865000.0,2969000.0,2192000.0,2245000.0,1207000.0,1177000.0
20230208,-62990.0,1193170.0,965210.0,739570.0,904530.0,286040.0,476510.0,127480.0,0.0,2187000.0,1770000.0,1356000.0,1659000.0,525000.0,874000.0,235000.0,0.0
20230209,-201250.0,1426070.0,1067560.0,1011140.0,1168400.0,746680.0,626380.0,0.0,321550.0,2616000.0,1958000.0,1857000.0,2146000.0,1375000.0,1151000.0,0.0,594000.0
20230210,-788090.0,2824720.0,2008640.0,1885350.0,1913340.0,1142610.0,1436420.0,320540.0,814820.0,5297000.0,3764000.0,3532000.0,3589000.0,2131000.0,2684000.0,605000.0,1530000.0
20230213,-136860.0,1743200.0,1327530.0,1171650.0,1450450.0,417990.0,549190.0,0.0,5660.0,3314000.0,2525000.0,2231000.0,2762000.0,797000.0,1044000.0,0.0,11000.0
20230214,359190.0,1472130.0,1828090.0,701820.0,705060.0,567240.0,235670.0,27620.0,0.0,2852000.0,3542000.0,1360000.0,1365000.0,1098000.0,458000.0,54000.0,0.0
20230215,471150.0,1090140.0,1558860.0,685190.0,687610.0,616760.0,145610.0,0.0,0.0,2115000.0,3021000.0,1326000.0,1331000.0,1193000.0,282000.0,0.0,0.0
20230216,658720.0,1573320.0,2515250.0,1456960.0,1173760.0,1291760.0,628770.0,143980.0,148250.0,3060000.0,4892000.0,2834000.0,2283000.0,2511000.0,1221000.0,287000.0,295000.0
20230217,215560.0,852530.0,1035790.0,574770.0,607070.0,464920.0,356460.0,107100.0,0.0,1693000.0,2057000.0,1141000.0,1206000.0,925000.0,710000.0,214000.0,0.0
20230220,-645120.0,2238630.0,2097300.0,1918490.0,1414700.0,1447520.0,1827820.0,205580.0,470400.0,4326000.0,4048000.0,3702000.0,2724000.0,2791000.0,3524000.0,396000.0,919000.0
20230221,308140.0,810610.0,1277710.0,985410.0,826450.0,527770.0,217630.0,102400.0,104400.0,1576000.0,2485000.0,1917000.0,1608000.0,1027000.0,423000.0,200000.0,204000.0
20230222,44330.0,587160.0,541660.0,411890.0,501720.0,297930.0,253600.0,0.0,0.0,1138000.0,1050000.0,797000.0,972000.0,577000.0,490000.0,0.0,0.0
20230223,-234280.0,987970.0,980940.0,1046910.0,819660.0,415570.0,557830.0,12380.0,104400.0,1896000.0,1886000.0,2007000.0,1574000.0,797000.0,1065000.0,24000.0,200000.0
20230224,-31680.0,1914340.0,1779900.0,1174240.0,1276990.0,1300160.0,1327880.0,407620.0,411580.0,3753000.0,3492000.0,2306000.0,2507000.0,2546000.0,2603000.0,796000.0,800000.0
20230227,190220.0,1119760.0,1177630.0,544810.0,677160.0,761020.0,453780.0,132860.0,249880.0,2193000.0,2311000.0,1068000.0,1328000.0,1496000.0,888000.0,262000.0,491000.0
20230228,281140.0,1892900.0,2026980.0,740640.0,887700.0,892960.0,550580.0,146020.0,207260.0,3763000.0,4034000.0,1474000.0,1765000.0,1777000.0,1093000.0,291000.0,412000.0
20230301,-431120.0,1703230.0,1378420.0,1080980.0,974680.0,442850.0,873970.0,0.0,0.0,3446000.0,2787000.0,2187000.0,1974000.0,897000.0,1769000.0,0.0,0.0
20230302,324320.0,1254170.0,1460560.0,739490.0,857410.0,676730.0,456210.0,103800.0,0.0,2558000.0,2981000.0,1510000.0,1751000.0,1383000.0,929000.0,210000.0,0.0
20230303,120580.0,1001550.0,955680.0,291580.0,458030.0,195460.0,74880.0,0.0,0.0,2055000.0,1962000.0,599000.0,940000.0,401000.0,153000.0,0.0,0.0
20230306,439680.0,1781250.0,1927520.0,906460.0,1199880.0,1252470.0,936490.0,123700.0,0.0,3597000.0,3895000.0,1828000.0,2421000.0,2533000.0,1893000.0,250000.0,0.0
20230307,269160.0,1769030.0,2035530.0,867920.0,870580.0,957400.0,658250.0,142340.0,172330.0,3613000.0,4161000.0,1772000.0,1778000.0,1955000.0,1340000.0,289000.0,350000.0
20230308,29500.0,1004980.0,1281590.0,736110.0,489000.0,697700.0,593090.0,0.0,75110.0,2078000.0,2653000.0,1523000.0,1012000.0,1445000.0,1226000.0,0.0,156000.0
20230309,-173750.0,1222910.0,1138440.0,590270.0,500980.0,68580.0,242330.0,0.0,0.0,2493000.0,2324000.0,1204000.0,1020000.0,140000.0,493000.0,0.0,0.0
20230310,187260.0,1035190.0,1410500.0,1134940.0,946880.0,843860.0,507800.0,0.0,148800.0,2102000.0,2866000.0,2296000.0,1920000.0,1721000.0,1032000.0,0.0,300000.0
20230313,674940.0,2169080.0,2722270.0,1907820.0,2029580.0,2616810.0,1958110.0,118220.0,101980.0,4329000.0,5456000.0,3807000.0,4064000.0,5261000.0,3913000.0,237000.0,200000.0
20230314,930180.0,1105750.0,2120850.0,1101730.0,1016800.0,1262390.0,474030.0,293560.0,151740.0,2186000.0,4196000.0,2177000.0,2010000.0,2498000.0,936000.0,580000.0,300000.0
20230315,133060.0,1232160.0,1675600.0,828900.0,518530.0,566940.0,330710.0,0.0,103170.0,2459000.0,3340000.0,1649000.0,1032000.0,1129000.0,657000.0,0.0,208000.0
20230316,156620.0,639280.0,972700.0,569110.0,392320.0,366700.0,210080.0,0.0,0.0,1306000.0,1989000.0,1165000.0,804000.0,750000.0,429000.0,0.0,0.0
20230317,186130.0,825760.0,1020630.0,587060.0,578310.0,284840.0,339640.0,240930.0,0.0,1715000.0,2118000.0,1218000.0,1201000.0,593000.0,704000.0,498000.0,0.0
20230320,-507720.0,2261650.0,1745950.0,1935250.0,1943230.0,1438540.0,1676390.0,178740.0,448610.0,4559000.0,3541000.0,3858000.0,3887000.0,2896000.0,3351000.0,360000.0,894000.0
20230321,120310.0,1822250.0,2010270.0,1783100.0,1715370.0,1772870.0,1874860.0,438330.0,216030.0,3612000.0,3991000.0,3532000.0,3404000.0,3515000.0,3708000.0,870000.0,426000.0
20230322,-196400.0,1066920.0,980620.0,588360.0,478260.0,356270.0,410030.0,0.0,142640.0,2115000.0,1944000.0,1167000.0,948000.0,708000.0,813000.0,0.0,285000.0
20230323,-265900.0,1376300.0,1536750.0,1754910.0,1328560.0,1090340.0,1122870.0,101470.0,334840.0,2681000.0,2995000.0,3414000.0,2586000.0,2121000.0,2181000.0,196000.0,650000.0
20230324,81960.0,1135910.0,1330860.0,1486490.0,1373500.0,1164430.0,906120.0,104220.0,280570.0,2216000.0,2601000.0,2901000.0,2684000.0,2270000.0,1762000.0,204000.0,544000.0
20230327,106390.0,1501000.0,1720250.0,1342100.0,1229240.0,1692800.0,1562090.0,306530.0,330850.0,3050000.0,3495000.0,2728000.0,2496000.0,3442000.0,3174000.0,624000.0,679000.0
20230328,163240.0,1144440.0,1158770.0,439170.0,588080.0,334530.0,171290.0,0.0,0.0,2363000.0,2394000.0,908000.0,1216000.0,693000.0,355000.0,0.0,0.0
20230329,68980.0,636710.0,871300.0,537730.0,372110.0,220240.0,150860.0,112090.0,112490.0,1324000.0,1812000.0,1118000.0,775000.0,458000.0,313000.0,234000.0,235000.0
20230330,-1846810.0,2707440.0,1805700.0,2743480.0,1798410.0,1837400.0,2418000.0,90680.0,1356890.0,5809000.0,3857000.0,5873000.0,3844000.0,3925000.0,5174000.0,198000.0,2930000.0
20230331,153860.0,1001040.0,1330620.0,957400.0,781670.0,765660.0,611800.0,0.0,0.0,2141000.0,2847000.0,2046000.0,1671000.0,1632000.0,1302000.0,0.0,0.0
20230403,-93580.0,861060.0,828000.0,681010.0,620490.0,254020.0,296910.0,0.0,50690.0,1827000.0,1757000.0,1444000.0,1316000.0,539000.0,629000.0,0.0,107000.0
20230404,348990.0,1063810.0,1585680.0,851180.0,678310.0,620870.0,450350.0,178470.0,0.0,2306000.0,3440000.0,1847000.0,1471000.0,1345000.0,976000.0,388000.0,0.0
20230406,230090.0,895270.0,1283450.0,495780.0,337690.0,238860.0,107080.0,98310.0,0.0,1967000.0,2820000.0,1090000.0,742000.0,525000.0,235000.0,215000.0,0.0
20230407,-12570.0,1080090.0,1623970.0,1037700.0,481250.0,473640.0,486210.0,0.0,0.0,2377000.0,3574000.0,2283000.0,1056000.0,1041000.0,1071000.0,0.0,0.0
20230410,105550.0,787190.0,876870.0,529440.0,545310.0,451730.0,346180.0,0.0,0.0,1718000.0,1918000.0,1158000.0,1191000.0,989000.0,757000.0,0.0,0.0
20230411,112750.0,443970.0,717190.0,490760.0,330300.0,110670.0,68340.0,70420.0,0.0,977000.0,1579000.0,1080000.0,727000.0,244000.0,150000.0,155000.0,0.0
20230412,-23210.0,574180.0,591760.0,375160.0,334380.0,154840.0,178050.0,0.0,0.0,1256000.0,1297000.0,821000.0,731000.0,339000.0,389000.0,0.0,0.0
20230413,120730.0,595000.0,803110.0,715230.0,627860.0,209200.0,88470.0,0.0,0.0,1317000.0,1778000.0,1586000.0,1393000.0,465000.0,196000.0,0.0,0.0
20230414,-191510.0,745620.0,694470.0,391000.0,250630.0,28140.0,219650.0,0.0,0.0,1646000.0,1535000.0,865000.0,554000.0,62000.0,484000.0,0.0,0.0
20230417,-1513970.0,3395600.0,2499150.0,2245170.0,1627650.0,1047540.0,2349000.0,118600.0,331110.0,7119000.0,5228000.0,4709000.0,3423000.0,2192000.0,4924000.0,248000.0,694000.0
20230418,204940.0,811510.0,1282200.0,658800.0,393050.0,324590.0,119650.0,0.0,0.0,1732000.0,2737000.0,1406000.0,837000.0,687000.0,252000.0,0.0,0.0
20230419,30020.0,729830.0,966220.0,480510.0,274150.0,399570.0,87760.0,0.0,281790.0,1573000.0,2082000.0,1034000.0,591000.0,863000.0,188000.0,0.0,610000.0
20230420,168680.0,1011640.0,1253120.0,530560.0,457760.0,215240.0,171940.0,125380.0,0.0,2218000.0,2748000.0,1164000.0,1002000.0,472000.0,375000.0,272000.0,0.0
20230421,-29410.0,1417640.0,1721940.0,992510.0,658800.0,371560.0,400970.0,0.0,0.0,3179000.0,3852000.0,2229000.0,1480000.0,830000.0,906000.0,0.0,0.0
20230424,70460.0,873040.0,1031670.0,457980.0,369820.0,219960.0,149500.0,0.0,0.0,2008000.0,2374000.0,1056000.0,855000.0,510000.0,345000.0,0.0,0.0
20230425,-2083420.0,4862950.0,3734090.0,4120050.0,3165480.0,2469050.0,3938720.0,259350.0,873100.0,10254000.0,7898000.0,8727000.0,6697000.0,5226000.0,8312000.0,543000.0,1843000.0
20230426,-60530.0,1643530.0,1673960.0,1561560.0,1470600.0,1248920.0,955330.0,0.0,354120.0,3514000.0,3584000.0,3347000.0,3149000.0,2689000.0,2055000.0,0.0,762000.0
20230427,334910.0,1192360.0,1677540.0,1053920.0,903650.0,1226820.0,889940.0,0.0,1970.0,2593000.0,3658000.0,2295000.0,1967000.0,2668000.0,1927000.0,0.0,4000.0
20230428,584220.0,1624980.0,2157770.0,993130.0,1044550.0,957880.0,382070.0,137110.0,128700.0,3657000.0,4859000.0,2237000.0,2357000.0,2160000.0,858000.0,312000.0,292000.0
20230504,251690.0,1232390.0,1601430.0,1173140.0,1055790.0,1029660.0,536670.0,110380.0,351680.0,2767000.0,3612000.0,2641000.0,2380000.0,2314000.0,1192000.0,241000.0,780000.0
20230505,430810.0,972780.0,1382710.0,719260.0,740140.0,428860.0,208240.0,210190.0,0.0,2264000.0,3221000.0,1678000.0,1724000.0,998000.0,482000.0,486000.0,0.0
20230508,-64450.0,664060.0,627540.0,417170.0,389240.0,298440.0,260890.0,0.0,102000.0,1534000.0,1451000.0,966000.0,901000.0,692000.0,605000.0,0.0,236000.0
20230509,172270.0,516110.0,812470.0,587920.0,463830.0,230960.0,58690.0,0.0,0.0,1217000.0,1916000.0,1388000.0,1096000.0,545000.0,137000.0,0.0,0.0
20230510,-187100.0,450930.0,527100.0,610510.0,347240.0,137300.0,280340.0,0.0,44060.0,1077000.0,1259000.0,1460000.0,830000.0,330000.0,672000.0,0.0,106000.0
20230511,-163260.0,449350.0,428480.0,474390.0,332000.0,84420.0,83660.0,0.0,164020.0,1088000.0,1037000.0,1149000.0,803000.0,203000.0,201000.0,0.0,400000.0
20230512,117650.0,288850.0,498450.0,378580.0,286620.0,430750.0,313100.0,0.0,0.0,698000.0,1205000.0,914000.0,692000.0,1040000.0,756000.0,0.0,0.0
20230515,-27660.0,792900.0,919670.0,741160.0,586730.0,776950.0,833880.0,123000.0,93730.0,1912000.0,2219000.0,1783000.0,1415000.0,1870000.0,2003000.0,300000.0,228000.0
20230516,44400.0,396780.0,473530.0,335030.0,302680.0,82520.0,28330.0,198960.0,208750.0,955000.0,1140000.0,807000.0,728000.0,198000.0,68000.0,477000.0,500000.0
20230517,-109710.0,664760.0,601560.0,560890.0,514380.0,280870.0,390580.0,0.0,0.0,1574000.0,1426000.0,1330000.0,1218000.0,665000.0,925000.0,0.0,0.0
20230518,31190.0,417400.0,412440.0,342210.0,378360.0,102170.0,70980.0,0.0,0.0,983000.0,972000.0,806000.0,891000.0,241000.0,167000.0,0.0,0.0
20230519,-56340.0,444820.0,334460.0,321980.0,375990.0,100410.0,156750.0,0.0,0.0,1048000.0,789000.0,760000.0,887000.0,237000.0,370000.0,0.0,0.0
20230522,-78320.0,378630.0,279480.0,282540.0,303370.0,89240.0,167560.0,0.0,0.0,883000.0,652000.0,659000.0,707000.0,209000.0,391000.0,0.0,0.0
20230523,-36880.0,492630.0,477480.0,369380.0,347660.0,156980.0,200910.0,7050.0,0.0,1131000.0,1096000.0,848000.0,797000.0,359000.0,460000.0,16000.0,0.0
20230524,49080.0,321310.0,389100.0,276670.0,257970.0,49080.0,0.0,0.0,0.0,743000.0,900000.0,641000.0,597000.0,113000.0,0.0,0.0,0.0
20230525,52910.0,459010.0,404890.0,145770.0,252810.0,185200.0,132290.0,0.0,0.0,1067000.0,941000.0,338000.0,587000.0,430000.0,306000.0,0.0,0.0
20230526,-30490.0,391550.0,383940.0,218790.0,195920.0,245830.0,276320.0,0.0,0.0,912000.0,895000.0,509000.0,456000.0,573000.0,642000.0,0.0,0.0
20230529,-139960.0,719990.0,706290.0,507660.0,381390.0,231300.0,365570.0,124210.0,129900.0,1668000.0,1635000.0,1175000.0,882000.0,533000.0,846000.0,287000.0,300000.0
20230530,43900.0,794940.0,729820.0,105460.0,214490.0,182200.0,138300.0,0.0,0.0,1841000.0,1691000.0,244000.0,497000.0,422000.0,320000.0,0.0,0.0
20230531,-96590.0,619150.0,478210.0,339940.0,384290.0,138490.0,235080.0,0.0,0.0,1423000.0,1099000.0,781000.0,883000.0,318000.0,540000.0,0.0,0.0
20230601,-142200.0,676930.0,550140.0,351320.0,335910.0,244570.0,386770.0,0.0,0.0,1541000.0,1254000.0,798000.0,764000.0,556000.0,878000.0,0.0,0.0
20230602,-322800.0,1112530.0,970980.0,848850.0,667590.0,556970.0,908710.0,84300.0,55360.0,2496000.0,2178000.0,1901000.0,1497000.0,1246000.0,2032000.0,189000.0,125000.0
20230605,-5275420.0,7026270.0,5370970.0,11217040.0,7596930.0,12551960.0,11959360.0,6854850.0,12722870.0,13957000.0,10783000.0,22299000.0,15090000.0,25165000.0,23730000.0,13341000.0,25159000.0
20230606,-1792660.0,5984640.0,5679660.0,7475130.0,5987450.0,5257490.0,6491520.0,3689790.0,4248420.0,11833000.0,11218000.0,14757000.0,11811000.0,10367000.0,12782000.0,7205000.0,8352000.0
20230607,-62260.0,3084430.0,3028870.0,3308980.0,3302280.0,2151090.0,2110490.0,256140.0,359000.0,6381000.0,6268000.0,6847000.0,6844000.0,4465000.0,4365000.0,529000.0,747000.0
20230608,385940.0,2487730.0,2785910.0,2709720.0,2797490.0,1628830.0,1422020.0,456400.0,277270.0,5259000.0,5890000.0,5732000.0,5916000.0,3452000.0,3011000.0,961000.0,587000.0
20230609,-155450.0,3788210.0,4377150.0,5811580.0,5067190.0,4308580.0,4054390.0,1166960.0,1576600.0,7840000.0,9076000.0,12021000.0,10485000.0,8919000.0,8399000.0,2432000.0,3251000.0
20230612,206230.0,2245520.0,2265590.0,2112100.0,2298270.0,2503320.0,1947520.0,1345820.0,1695390.0,4576000.0,4618000.0,4300000.0,4685000.0,5099000.0,3971000.0,2760000.0,3460000.0
20230613,425300.0,2554650.0,3205270.0,2692220.0,2466900.0,1624670.0,1762990.0,1119140.0,555520.0,5399000.0,6774000.0,5694000.0,5213000.0,3429000.0,3722000.0,2352000.0,1165000.0
20230614,-317060.0,1663890.0,1445640.0,1944670.0,1845860.0,1543750.0,1536100.0,0.0,324710.0,3524000.0,3064000.0,4119000.0,3914000.0,3271000.0,3250000.0,0.0,686000.0
20230615,296050.0,1478840.0,1778780.0,1184180.0,1180290.0,998920.0,773750.0,70880.0,0.0,3122000.0,3759000.0,2504000.0,2495000.0,2110000.0,1633000.0,150000.0,0.0
20230616,-323670.0,1245530.0,1131350.0,1739610.0,1530130.0,816530.0,939590.0,160810.0,361420.0,2623000.0,2386000.0,3663000.0,3226000.0,1721000.0,1976000.0,341000.0,760000.0
20230619,-22540.0,1154120.0,1095500.0,931460.0,967550.0,205430.0,264870.0,407310.0,370410.0,2426000.0,2303000.0,1957000.0,2033000.0,432000.0,557000.0,858000.0,779000.0
20230620,202840.0,2092980.0,2402810.0,2179960.0,2072980.0,1242770.0,1525650.0,870770.0,385050.0,4393000.0,5036000.0,4576000.0,4351000.0,2601000.0,3219000.0,1847000.0,811000.0
20230621,-134760.0,2273350.0,2368570.0,1602730.0,1372750.0,1106680.0,1264800.0,150280.0,126920.0,4947000.0,5153000.0,3485000.0,2986000.0,2401000.0,2745000.0,328000.0,277000.0
20230626,-68070.0,1745740.0,1384840.0,832530.0,1125360.0,661720.0,779900.0,226000.0,175890.0,3857000.0,3060000.0,1840000.0,2488000.0,1462000.0,1722000.0,500000.0,389000.0
20230627,-211200.0,1377010.0,1183600.0,827580.0,809790.0,474630.0,1246680.0,560850.0,0.0,3019000.0,2599000.0,1816000.0,1785000.0,1045000.0,2734000.0,1239000.0,0.0
20230628,-313570.0,1159440.0,1122450.0,1043010.0,766420.0,752180.0,783950.0,283880.0,565680.0,2543000.0,2465000.0,2287000.0,1686000.0,1659000.0,1723000.0,623000.0,1239000.0
20230629,-221770.0,2712180.0,2346060.0,2448190.0,2592540.0,1781560.0,2195880.0,878780.0,686230.0,5800000.0,5017000.0,5244000.0,5544000.0,3808000.0,4705000.0,1868000.0,1454000.0
20230630,460600.0,2256380.0,2978950.0,1882870.0,1620900.0,1187240.0,1052490.0,325850.0,0.0,4824000.0,6383000.0,4027000.0,3463000.0,2545000.0,2246000.0,695000.0,0.0
20230703,-506600.0,1597880.0,1285360.0,1475930.0,1281850.0,911080.0,1823630.0,405950.0,0.0,3438000.0,2769000.0,3185000.0,2765000.0,1966000.0,3930000.0,875000.0,0.0
20230704,-1478520.0,3017100.0,2210990.0,2505110.0,1832690.0,1493910.0,2464540.0,706180.0,1214070.0,6445000.0,4727000.0,5357000.0,3915000.0,3196000.0,5291000.0,1510000.0,2576000.0
20230705,-1492420.0,2919010.0,2352940.0,2967140.0,2040800.0,2428720.0,3201600.0,1072520.0,1792060.0,6118000.0,4927000.0,6220000.0,4275000.0,5088000.0,6729000.0,2250000.0,3745000.0
20230706,-422080.0,2881110.0,2777650.0,2259700.0,1941090.0,1114150.0,1368520.0,71790.0,239500.0,6072000.0,5855000.0,4762000.0,4103000.0,2361000.0,2890000.0,153000.0,500000.0
20230707,-7460.0,1840260.0,1978950.0,1343110.0,1196970.0,1226300.0,1392230.0,639860.0,481390.0,3894000.0,4195000.0,2842000.0,2537000.0,2597000.0,2943000.0,1358000.0,1016000.0
20230710,388310.0,1062200.0,1454550.0,745780.0,741750.0,448230.0,591370.0,601670.0,70220.0,2266000.0,3104000.0,1590000.0,1582000.0,956000.0,1259000.0,1280000.0,148000.0
20230711,-745790.0,1824910.0,1435450.0,1216860.0,860520.0,656390.0,936380.0,197880.0,663680.0,3860000.0,3042000.0,2572000.0,1820000.0,1386000.0,1976000.0,420000.0,1399000.0
20230712,213400.0,1888430.0,2108750.0,1395050.0,1388120.0,750520.0,714310.0,365150.0,187960.0,3957000.0,4423000.0,2924000.0,2904000.0,1571000.0,1493000.0,760000.0,392000.0
20230713,-87400.0,1372670.0,1557390.0,1313310.0,1041190.0,623180.0,660790.0,143780.0,193570.0,2875000.0,3267000.0,2748000.0,2181000.0,1307000.0,1382000.0,302000.0,402000.0
20230714,300430.0,1084660.0,1450800.0,1167600.0,1101890.0,541220.0,475870.0,378180.0,143100.0,2287000.0,3064000.0,2465000.0,2326000.0,1142000.0,1002000.0,797000.0,300000.0
20230717,-243410.0,2558690.0,2341180.0,2633860.0,2607950.0,1154500.0,991130.0,369870.0,776650.0,5318000.0,4867000.0,5476000.0,5423000.0,2395000.0,2061000.0,776000.0,1613000.0
20230718,-1493740.0,4915150.0,4711900.0,6861950.0,5571470.0,5686550.0,5048620.0,2329890.0,4461560.0,9794000.0,9400000.0,13700000.0,11108000.0,11328000.0,10078000.0,4660000.0,8895000.0
20230719,1634920.0,3189910.0,4509560.0,4338080.0,4653350.0,4402720.0,3025290.0,2574010.0,2316520.0,6578000.0,9326000.0,8955000.0,9600000.0,9062000.0,6221000.0,5306000.0,4755000.0
20230720,139160.0,2542130.0,2751760.0,2606000.0,2535530.0,2103450.0,1950640.0,327960.0,341610.0,5343000.0,5791000.0,5481000.0,5333000.0,4424000.0,4093000.0,684000.0,715000.0
20230721,-553250.0,2691800.0,2821430.0,3051230.0,2368340.0,2255540.0,2491380.0,285250.0,602660.0,5686000.0,5960000.0,6462000.0,5029000.0,4813000.0,5302000.0,596000.0,1267000.0
20230724,870870.0,1531810.0,1927180.0,1438730.0,1914230.0,1546810.0,1708070.0,1676060.0,643930.0,3222000.0,4062000.0,3021000.0,4030000.0,3258000.0,3587000.0,3523000.0,1344000.0
20230725,-72590.0,987940.0,1006980.0,1007660.0,916030.0,913540.0,713090.0,441460.0,714500.0,2070000.0,2111000.0,2111000.0,1920000.0,1915000.0,1493000.0,926000.0,1498000.0
20230726,262250.0,1276290.0,1510020.0,1574960.0,1603480.0,1307750.0,1663680.0,1769000.0,1150820.0,2667000.0,3160000.0,3291000.0,3353000.0,2737000.0,3477000.0,3696000.0,2400000.0
20230727,270230.0,1154880.0,1365160.0,835890.0,895840.0,831270.0,700690.0,139650.0,0.0,2470000.0,2921000.0,1792000.0,1917000.0,1775000.0,1500000.0,300000.0,0.0
20230728,275300.0,845930.0,1108570.0,689920.0,702590.0,350600.0,267550.0,192250.0,0.0,1839000.0,2408000.0,1501000.0,1527000.0,760000.0,579000.0,415000.0,0.0
20230731,18470.0,1229590.0,1488640.0,1260150.0,1019570.0,846180.0,919450.0,91740.0,0.0,2715000.0,3285000.0,2785000.0,2253000.0,1858000.0,2018000.0,198000.0,0.0
20230801,-1860.0,806020.0,892570.0,563400.0,474980.0,204000.0,205860.0,0.0,0.0,1825000.0,2021000.0,1277000.0,1076000.0,462000.0,466000.0,0.0,0.0
20230802,97620.0,765750.0,802390.0,435260.0,496240.0,154970.0,57350.0,0.0,0.0,1723000.0,1807000.0,980000.0,1116000.0,351000.0,130000.0,0.0,0.0
20230803,135620.0,530000.0,584570.0,432610.0,513670.0,184410.0,48790.0,0.0,0.0,1198000.0,1322000.0,980000.0,1160000.0,416000.0,111000.0,0.0,0.0
20230804,-72780.0,593020.0,679990.0,632870.0,473120.0,161370.0,234150.0,0.0,0.0,1352000.0,1548000.0,1442000.0,1078000.0,367000.0,535000.0,0.0,0.0
20230807,-24350.0,624550.0,560480.0,417610.0,457340.0,277520.0,301870.0,0.0,0.0,1411000.0,1266000.0,944000.0,1032000.0,630000.0,686000.0,0.0,0.0
20230808,12820.0,262670.0,265170.0,239360.0,249670.0,97580.0,84760.0,0.0,0.0,594000.0,600000.0,542000.0,564000.0,220000.0,192000.0,0.0,0.0
20230809,115150.0,237830.0,323320.0,142100.0,171750.0,140230.0,25080.0,0.0,0.0,538000.0,733000.0,322000.0,389000.0,318000.0,57000.0,0.0,0.0
20230810,29840.0,277180.0,254830.0,244170.0,296350.0,172330.0,142490.0,0.0,0.0,631000.0,581000.0,556000.0,674000.0,393000.0,325000.0,0.0,0.0
20230811,-30160.0,368920.0,359220.0,499150.0,478690.0,375320.0,405480.0,0.0,0.0,830000.0,808000.0,1121000.0,1076000.0,843000.0,910000.0,0.0,0.0
20230814,83520.0,475530.0,628050.0,374140.0,305150.0,83520.0,0.0,0.0,0.0,1114000.0,1470000.0,876000.0,715000.0,196000.0,0.0,0.0,0.0
20230815,-3330.0,256390.0,342660.0,223430.0,133830.0,24770.0,28100.0,0.0,0.0,602000.0,805000.0,526000.0,315000.0,58000.0,66000.0,0.0,0.0
20230816,35340.0,270400.0,274060.0,171620.0,203300.0,69020.0,33680.0,0.0,0.0,633000.0,642000.0,402000.0,476000.0,160000.0,78000.0,0.0,0.0
20230817,-101050.0,586960.0,427030.0,390500.0,449380.0,50920.0,151970.0,0.0,0.0,1369000.0,995000.0,908000.0,1047000.0,119000.0,355000.0,0.0,0.0
20230818,-29330.0,188110.0,247700.0,270790.0,181860.0,68880.0,98210.0,0.0,0.0,437000.0,576000.0,630000.0,422000.0,160000.0,228000.0,0.0,0.0
20230821,-51880.0,491090.0,520470.0,210700.0,129440.0,1750.0,53630.0,0.0,0.0,1161000.0,1230000.0,498000.0,306000.0,4000.0,128000.0,0.0,0.0
20230822,-24440.0,389500.0,389030.0,300590.0,276620.0,32530.0,56970.0,0.0,0.0,933000.0,931000.0,720000.0,664000.0,78000.0,136000.0,0.0,0.0
20230823,16310.0,306190.0,284620.0,130330.0,168220.0,52180.0,34440.0,0.0,1430.0,737000.0,685000.0,315000.0,405000.0,125000.0,84000.0,0.0,3000.0
20230824,-22040.0,271900.0,280550.0,226840.0,196150.0,23300.0,45340.0,0.0,0.0,647000.0,668000.0,539000.0,466000.0,56000.0,108000.0,0.0,0.0
20230825,22590.0,260060.0,314130.0,200580.0,169100.0,46370.0,23780.0,0.0,0.0,627000.0,760000.0,487000.0,410000.0,112000.0,56000.0,0.0,0.0
20230828,70550.0,476180.0,721070.0,564900.0,390570.0,372580.0,298750.0,20680.0,23960.0,1153000.0,1744000.0,1363000.0,942000.0,901000.0,723000.0,49000.0,57000.0
20230829,-73790.0,862300.0,666300.0,509980.0,632180.0,583090.0,666900.0,10020.0,0.0,2056000.0,1588000.0,1212000.0,1502000.0,1385000.0,1586000.0,24000.0,0.0
20230830,-1158700.0,1083630.0,789100.0,1534200.0,670020.0,957770.0,1275040.0,585180.0,1426610.0,2553000.0,1860000.0,3612000.0,1575000.0,2263000.0,2994000.0,1385000.0,3383000.0
20230831,88410.0,1141160.0,1192190.0,1042360.0,1079750.0,735050.0,560610.0,84530.0,170560.0,2693000.0,2821000.0,2454000.0,2545000.0,1746000.0,1329000.0,203000.0,400000.0
20230901,224770.0,628620.0,836320.0,562200.0,579270.0,763410.0,538640.0,0.0,0.0,1526000.0,2033000.0,1365000.0,1406000.0,1856000.0,1308000.0,0.0,0.0
20230904,247600.0,664240.0,858060.0,482690.0,536480.0,309810.0,235520.0,173310.0,0.0,1610000.0,2086000.0,1171000.0,1302000.0,754000.0,569000.0,422000.0,0.0
20230905,-97290.0,678420.0,555490.0,479670.0,505300.0,234230.0,331520.0,0.0,0.0,1629000.0,1337000.0,1153000.0,1215000.0,562000.0,793000.0,0.0,0.0
20230906,-659830.0,1389390.0,968990.0,1238230.0,998800.0,471250.0,1024350.0,0.0,106730.0,3253000.0,2273000.0,2907000.0,2339000.0,1115000.0,2408000.0,0.0,255000.0
20230907,-45630.0,1639270.0,1322960.0,736400.0,1007080.0,297220.0,472990.0,130140.0,0.0,3760000.0,3037000.0,1690000.0,2312000.0,683000.0,1085000.0,300000.0,0.0
20230908,-18700.0,465370.0,494120.0,270820.0,223370.0,128610.0,147310.0,0.0,0.0,1070000.0,1136000.0,623000.0,513000.0,295000.0,338000.0,0.0,0.0
20230911,455000.0,1677260.0,2144840.0,1994340.0,1981750.0,1579570.0,1213360.0,88790.0,0.0,3773000.0,4825000.0,4473000.0,4439000.0,3534000.0,2716000.0,200000.0,0.0
20230912,3270.0,694910.0,945520.0,850440.0,603120.0,470930.0,467660.0,0.0,0.0,1586000.0,2158000.0,1943000.0,1376000.0,1074000.0,1068000.0,0.0,0.0
20230913,48930.0,770310.0,971900.0,618130.0,465470.0,206810.0,157880.0,0.0,0.0,1779000.0,2246000.0,1428000.0,1074000.0,477000.0,364000.0,0.0,0.0
20230914,129680.0,467510.0,439700.0,493100.0,650580.0,292200.0,162520.0,0.0,0.0,1099000.0,1034000.0,1159000.0,1531000.0,688000.0,382000.0,0.0,0.0
20230915,171880.0,896990.0,970440.0,799430.0,897850.0,462840.0,402250.0,242600.0,131310.0,2071000.0,2245000.0,1845000.0,2074000.0,1070000.0,928000.0,562000.0,300000.0
20230918,72940.0,459810.0,493780.0,438970.0,477930.0,339640.0,323220.0,448690.0,392170.0,1052000.0,1130000.0,1005000.0,1095000.0,777000.0,740000.0,1022000.0,891000.0
20230919,-248550.0,963680.0,924100.0,959190.0,750220.0,561260.0,809810.0,0.0,0.0,2211000.0,2122000.0,2200000.0,1724000.0,1292000.0,1855000.0,0.0,0.0
20230920,191440.0,1447570.0,1206900.0,592680.0,1024800.0,680920.0,505450.0,215950.0,199980.0,3328000.0,2776000.0,1363000.0,2358000.0,1567000.0,1162000.0,500000.0,463000.0
20230921,138250.0,678050.0,657880.0,280790.0,439210.0,280830.0,223590.0,81010.0,0.0,1578000.0,1531000.0,653000.0,1022000.0,654000.0,520000.0,188000.0,0.0
20230922,-108970.0,965520.0,932570.0,713110.0,637090.0,609360.0,719180.0,850.0,0.0,2261000.0,2184000.0,1668000.0,1492000.0,1424000.0,1680000.0,2000.0,0.0
20230925,-52730.0,329370.0,331400.0,338440.0,283670.0,151690.0,204420.0,0.0,0.0,765000.0,770000.0,785000.0,658000.0,352000.0,474000.0,0.0,0.0
20230926,-398990.0,966530.0,768270.0,610580.0,409860.0,321950.0,349190.0,128250.0,500000.0,2243000.0,1785000.0,1417000.0,951000.0,747000.0,810000.0,300000.0,1160000.0
20230927,118250.0,533890.0,700520.0,569590.0,521200.0,398380.0,285820.0,135770.0,130080.0,1242000.0,1634000.0,1324000.0,1216000.0,932000.0,665000.0,317000.0,300000.0
20230928,72090.0,531970.0,724580.0,602470.0,481940.0,432870.0,591510.0,232460.0,1730.0,1243000.0,1695000.0,1405000.0,1128000.0,1013000.0,1378000.0,544000.0,4000.0
20231009,104510.0,544200.0,600090.0,564860.0,613480.0,514130.0,241440.0,125250.0,293430.0,1301000.0,1435000.0,1349000.0,1466000.0,1227000.0,576000.0,300000.0,700000.0
20231010,38550.0,390090.0,475180.0,209500.0,162960.0,97600.0,163930.0,104880.0,0.0,931000.0,1134000.0,498000.0,388000.0,233000.0,390000.0,250000.0,0.0
20231011,66410.0,339040.0,479680.0,317930.0,243700.0,200250.0,133840.0,0.0,0.0,814000.0,1151000.0,763000.0,585000.0,481000.0,322000.0,0.0,0.0
20231012,-80390.0,397570.0,223850.0,211740.0,305070.0,50440.0,200840.0,70010.0,0.0,951000.0,536000.0,507000.0,730000.0,121000.0,483000.0,169000.0,0.0
20231013,-30580.0,369360.0,378310.0,187900.0,148370.0,146720.0,177300.0,0.0,0.0,888000.0,910000.0,452000.0,357000.0,353000.0,427000.0,0.0,0.0
20231016,166630.0,350200.0,406640.0,217240.0,327430.0,499600.0,423340.0,90370.0,0.0,856000.0,993000.0,531000.0,799000.0,1221000.0,1034000.0,220000.0,0.0
20231017,-65180.0,391290.0,322160.0,244810.0,248750.0,20240.0,85420.0,0.0,0.0,964000.0,794000.0,604000.0,613000.0,50000.0,211000.0,0.0,0.0
20231018,3470.0,356970.0,430760.0,376180.0,305860.0,103240.0,99770.0,0.0,0.0,877000.0,1059000.0,925000.0,752000.0,254000.0,245000.0,0.0,0.0
20231019,-1170.0,199950.0,255660.0,170780.0,113910.0,47640.0,48810.0,0.0,0.0,495000.0,634000.0,424000.0,283000.0,118000.0,121000.0,0.0,0.0
20231020,-20450.0,427170.0,411530.0,332300.0,327490.0,164170.0,73740.0,0.0,110880.0,1081000.0,1039000.0,846000.0,833000.0,413000.0,189000.0,0.0,280000.0
20231023,-219880.0,563100.0,488090.0,491250.0,346380.0,205920.0,425800.0,0.0,0.0,1481000.0,1279000.0,1292000.0,908000.0,543000.0,1129000.0,0.0,0.0
20231024,-57700.0,936680.0,546930.0,353810.0,685870.0,119550.0,177250.0,0.0,0.0,2453000.0,1433000.0,927000.0,1795000.0,316000.0,468000.0,0.0,0.0
20231025,-145130.0,345930.0,373250.0,401550.0,229100.0,0.0,145130.0,0.0,0.0,891000.0,961000.0,1033000.0,590000.0,0.0,373000.0,0.0,0.0
20231026,27580.0,460640.0,469150.0,172120.0,191200.0,27580.0,0.0,0.0,0.0,1205000.0,1227000.0,449000.0,499000.0,72000.0,0.0,0.0,0.0
20231027,-81080.0,888400.0,663360.0,526560.0,670510.0,60220.0,141300.0,0.0,0.0,2247000.0,1680000.0,1327000.0,1690000.0,151000.0,355000.0,0.0,0.0
20231030,-170540.0,785110.0,672550.0,584710.0,526740.0,135150.0,155410.0,0.0,150280.0,1913000.0,1639000.0,1422000.0,1286000.0,331000.0,378000.0,0.0,362000.0
20231031,87420.0,718130.0,666280.0,334880.0,474150.0,173190.0,85770.0,0.0,0.0,1729000.0,1604000.0,806000.0,1141000.0,416000.0,207000.0,0.0,0.0
20231101,-253490.0,1049880.0,1008000.0,1227860.0,1016260.0,1233970.0,1412830.0,397890.0,472520.0,2481000.0,2385000.0,2882000.0,2388000.0,2892000.0,3316000.0,928000.0,1094000.0
20231102,-133420.0,1660270.0,1324800.0,402990.0,605040.0,394450.0,580230.0,52360.0,0.0,3935000.0,3142000.0,954000.0,1433000.0,932000.0,1371000.0,124000.0,0.0
20231103,-879500.0,1954890.0,874020.0,784610.0,985980.0,483680.0,1268380.0,116780.0,211580.0,4538000.0,2038000.0,1825000.0,2289000.0,1123000.0,2940000.0,270000.0,489000.0
20231106,-1214610.0,2037260.0,1434790.0,2323860.0,1711730.0,1374480.0,2491980.0,0.0,97110.0,4596000.0,3243000.0,5257000.0,3867000.0,3114000.0,5634000.0,0.0,224000.0
20231107,-648260.0,2156020.0,1631960.0,2139460.0,2015250.0,1709060.0,2057470.0,286120.0,585970.0,4763000.0,3608000.0,4729000.0,4450000.0,3771000.0,4539000.0,635000.0,1300000.0
20231108,103010.0,2539810.0,2243250.0,2204890.0,2604460.0,1512500.0,1196820.0,49550.0,262220.0,5850000.0,5170000.0,5068000.0,5988000.0,3478000.0,2748000.0,115000.0,605000.0
20231109,94920.0,861930.0,950360.0,432220.0,438720.0,326050.0,231130.0,0.0,0.0,2018000.0,2225000.0,1012000.0,1028000.0,765000.0,541000.0,0.0,0.0
20231110,-97650.0,925820.0,900550.0,978720.0,906350.0,496530.0,277490.0,0.0,316690.0,2167000.0,2105000.0,2284000.0,2116000.0,1154000.0,650000.0,0.0,734000.0
20231113,31230.0,581570.0,634670.0,428110.0,406240.0,279960.0,212680.0,112710.0,148760.0,1346000.0,1469000.0,991000.0,938000.0,646000.0,492000.0,261000.0,344000.0
20231114,-202810.0,874070.0,714150.0,465720.0,422840.0,209490.0,412300.0,0.0,0.0,2014000.0,1647000.0,1072000.0,973000.0,483000.0,949000.0,0.0,0.0
20231115,-297520.0,1558060.0,1199400.0,1412230.0,1473370.0,1628010.0,1782900.0,132990.0,275620.0,3549000.0,2734000.0,3219000.0,3353000.0,3716000.0,4065000.0,300000.0,632000.0
20231116,-6610.0,2725960.0,2631600.0,2545880.0,2633630.0,2296540.0,2081390.0,0.0,221760.0,6032000.0,5823000.0,5629000.0,5840000.0,5100000.0,4602000.0,0.0,497000.0
20231117,-975950.0,3058210.0,2568650.0,3267340.0,2780950.0,1852380.0,2592540.0,3770.0,239560.0,6663000.0,5596000.0,7105000.0,6052000.0,4023000.0,5629000.0,9000.0,522000.0
20231120,834490.0,1669560.0,2708860.0,2040210.0,1835420.0,1667310.0,832820.0,0.0,0.0,3737000.0,6055000.0,4553000.0,4098000.0,3718000.0,1856000.0,0.0,0.0
20231121,-216860.0,1388850.0,1172320.0,1188280.0,1187950.0,1043860.0,1139020.0,0.0,121700.0,3119000.0,2632000.0,2670000.0,2660000.0,2334000.0,2553000.0,0.0,277000.0
20231122,204050.0,934100.0,1047940.0,672890.0,763100.0,653930.0,449880.0,152600.0,152600.0,2133000.0,2396000.0,1537000.0,1744000.0,1495000.0,1025000.0,350000.0,350000.0
20231123,-474400.0,2364890.0,1614190.0,1014320.0,1290620.0,394160.0,868560.0,0.0,0.0,5352000.0,3654000.0,2302000.0,2920000.0,890000.0,1971000.0,0.0,0.0
20231124,-39050.0,1796720.0,1639790.0,632170.0,750050.0,239890.0,278940.0,0.0,0.0,4082000.0,3724000.0,1434000.0,1703000.0,545000.0,633000.0,0.0,0.0
20231127,-26000.0,777380.0,815720.0,431380.0,367030.0,169410.0,195410.0,0.0,0.0,1761000.0,1847000.0,976000.0,832000.0,384000.0,442000.0,0.0,0.0
20231128,-244300.0,890910.0,675480.0,623030.0,594160.0,119870.0,364170.0,0.0,0.0,2011000.0,1525000.0,1406000.0,1340000.0,271000.0,824000.0,0.0,0.0
20231129,-28380.0,598920.0,602650.0,574070.0,541970.0,374870.0,403250.0,0.0,0.0,1341000.0,1350000.0,1285000.0,1212000.0,839000.0,904000.0,0.0,0.0
20231130,32620.0,1168690.0,1246900.0,755420.0,709830.0,379290.0,346670.0,0.0,0.0,2668000.0,2844000.0,1720000.0,1618000.0,864000.0,790000.0,0.0,0.0
20231201,-34850.0,903380.0,854700.0,447060.0,460900.0,102080.0,136930.0,0.0,0.0,2042000.0,1932000.0,1008000.0,1040000.0,230000.0,309000.0,0.0,0.0
20231204,2930.0,633940.0,641920.0,407420.0,402370.0,138730.0,135800.0,0.0,0.0,1439000.0,1456000.0,925000.0,913000.0,314000.0,309000.0,0.0,0.0
20231205,206410.0,1209830.0,1271540.0,470060.0,614760.0,229910.0,23500.0,0.0,0.0,2758000.0,2901000.0,1075000.0,1403000.0,525000.0,54000.0,0.0,0.0
20231206,-18740.0,839580.0,682790.0,197740.0,335800.0,62270.0,81010.0,0.0,0.0,1919000.0,1561000.0,452000.0,767000.0,142000.0,185000.0,0.0,0.0
20231207,-99190.0,1259390.0,1029620.0,321970.0,452550.0,42030.0,141220.0,0.0,0.0,2916000.0,2383000.0,746000.0,1049000.0,97000.0,326000.0,0.0,0.0
20231208,-412060.0,1280290.0,890210.0,370000.0,348020.0,55020.0,463620.0,0.0,3460.0,2960000.0,2056000.0,859000.0,805000.0,128000.0,1077000.0,0.0,8000.0
20231211,292640.0,813970.0,872390.0,329930.0,564160.0,32550.0,157910.0,418000.0,0.0,1872000.0,2009000.0,757000.0,1284000.0,76000.0,364000.0,953000.0,0.0
20231212,62780.0,410990.0,617510.0,278230.0,134490.0,62780.0,0.0,0.0,0.0,945000.0,1420000.0,640000.0,308000.0,143000.0,0.0,0.0,0.0
20231213,-23940.0,414820.0,415540.0,130310.0,105640.0,0.0,23940.0,0.0,0.0,951000.0,953000.0,299000.0,242000.0,0.0,54000.0,0.0,0.0
20231214,-140800.0,734340.0,698490.0,345000.0,240050.0,253910.0,289710.0,0.0,105000.0,1686000.0,1604000.0,793000.0,551000.0,584000.0,666000.0,0.0,242000.0
20231215,-13310.0,670010.0,679270.0,224390.0,201820.0,40220.0,53530.0,0.0,0.0,1548000.0,1570000.0,519000.0,466000.0,93000.0,124000.0,0.0,0.0
20231218,-12060.0,586070.0,527590.0,113200.0,159630.0,24970.0,37030.0,0.0,0.0,1353000.0,1219000.0,261000.0,369000.0,58000.0,85000.0,0.0,0.0
20231219,-12480.0,635190.0,697830.0,397800.0,322690.0,150410.0,162890.0,0.0,0.0,1463000.0,1606000.0,911000.0,741000.0,345000.0,373000.0,0.0,0.0
20231220,-50220.0,702250.0,652270.0,238010.0,237770.0,106780.0,157000.0,0.0,0.0,1613000.0,1498000.0,548000.0,545000.0,245000.0,363000.0,0.0,0.0
20231221,6490.0,620600.0,533880.0,226590.0,319810.0,151420.0,144930.0,0.0,0.0,1440000.0,1239000.0,523000.0,736000.0,349000.0,338000.0,0.0,0.0
20231222,-86470.0,585480.0,566120.0,246620.0,179500.0,96700.0,183170.0,0.0,0.0,1363000.0,1316000.0,574000.0,418000.0,225000.0,428000.0,0.0,0.0
20231225,69240.0,424710.0,490800.0,165040.0,168190.0,88940.0,19700.0,0.0,0.0,1006000.0,1164000.0,392000.0,399000.0,211000.0,47000.0,0.0,0.0
20231226,-27260.0,638270.0,646180.0,332370.0,297200.0,147140.0,174400.0,0.0,0.0,1550000.0,1570000.0,805000.0,720000.0,357000.0,423000.0,0.0,0.0
20231227,-74070.0,1112420.0,989900.0,171300.0,219740.0,81730.0,155800.0,0.0,0.0,2699000.0,2402000.0,416000.0,533000.0,199000.0,379000.0,0.0,0.0
20231228,-63250.0,851780.0,695520.0,237480.0,330470.0,96690.0,159940.0,0.0,0.0,2010000.0,1643000.0,560000.0,778000.0,227000.0,377000.0,0.0,0.0
20231229,-190000.0,1329510.0,1110690.0,417530.0,446350.0,430100.0,638580.0,18480.0,0.0,3013000.0,2522000.0,949000.0,1012000.0,972000.0,1443000.0,42000.0,0.0
20240102,-415450.0,1052880.0,886070.0,931270.0,682630.0,832890.0,937840.0,111940.0,422440.0,2336000.0,1968000.0,2059000.0,1510000.0,1851000.0,2084000.0,252000.0,936000.0
20240103,16360.0,843220.0,740880.0,385240.0,503940.0,295640.0,315000.0,528460.0,492740.0,1870000.0,1644000.0,852000.0,1119000.0,659000.0,700000.0,1176000.0,1094000.0
20240104,-149460.0,890090.0,810380.0,416340.0,346590.0,46980.0,196440.0,0.0,0.0,2000000.0,1823000.0,934000.0,778000.0,106000.0,440000.0,0.0,0.0
20240105,277050.0,957490.0,1053130.0,358420.0,539830.0,378000.0,233850.0,132900.0,0.0,2162000.0,2379000.0,806000.0,1220000.0,856000.0,525000.0,300000.0,0.0
20240108,-10630.0,661430.0,671130.0,170220.0,149890.0,64180.0,74810.0,0.0,0.0,1525000.0,1547000.0,392000.0,345000.0,148000.0,173000.0,0.0,0.0
20240109,-103860.0,523450.0,530360.0,150330.0,39560.0,0.0,103860.0,0.0,0.0,1204000.0,1221000.0,348000.0,91000.0,0.0,240000.0,0.0,0.0
20240110,-182410.0,981290.0,856890.0,557850.0,499840.0,98330.0,280740.0,0.0,0.0,2288000.0,1998000.0,1301000.0,1166000.0,230000.0,655000.0,0.0,0.0
20240111,-55850.0,671000.0,813210.0,403080.0,205010.0,112520.0,168370.0,0.0,0.0,1541000.0,1868000.0,921000.0,469000.0,255000.0,381000.0,0.0,0.0
20240112,-102490.0,702670.0,785620.0,495790.0,310350.0,202990.0,323710.0,124080.0,105850.0,1593000.0,1781000.0,1120000.0,702000.0,456000.0,727000.0,279000.0,238000.0
20240115,248220.0,1002580.0,1350230.0,322880.0,223440.0,401530.0,153310.0,0.0,0.0,2351000.0,3168000.0,756000.0,524000.0,943000.0,358000.0,0.0,0.0
20240116,56070.0,1345140.0,1413450.0,459740.0,447510.0,134910.0,106820.0,173470.0,145490.0,3226000.0,3391000.0,1103000.0,1071000.0,322000.0,256000.0,415000.0,348000.0
20240117,229120.0,1040130.0,1455320.0,430400.0,244330.0,304810.0,75690.0,0.0,0.0,2530000.0,3537000.0,1044000.0,593000.0,744000.0,187000.0,0.0,0.0
20240118,38530.0,1176810.0,1379310.0,495980.0,332020.0,73990.0,35460.0,0.0,0.0,2953000.0,3463000.0,1246000.0,833000.0,185000.0,88000.0,0.0,0.0
20240119,454040.0,2924940.0,3439510.0,803900.0,743370.0,429070.0,93200.0,118170.0,0.0,7394000.0,8699000.0,2034000.0,1883000.0,1091000.0,237000.0,300000.0,0.0
20240122,202260.0,2091780.0,2263090.0,755290.0,786240.0,317570.0,115310.0,0.0,0.0,5500000.0,5956000.0,1994000.0,2072000.0,838000.0,304000.0,0.0,0.0
20240123,252100.0,1293350.0,1491450.0,273560.0,327560.0,351500.0,211750.0,112350.0,0.0,3452000.0,3984000.0,730000.0,874000.0,944000.0,572000.0,303000.0,0.0
20240124,299530.0,1528980.0,1973310.0,1077220.0,932430.0,1235870.0,948150.0,121890.0,110080.0,4191000.0,5387000.0,2961000.0,2551000.0,3367000.0,2612000.0,336000.0,304000.0
20240125,201410.0,838970.0,1029520.0,421070.0,431930.0,293180.0,91770.0,0.0,0.0,2250000.0,2762000.0,1125000.0,1149000.0,784000.0,247000.0,0.0,0.0
20240126,33260.0,770520.0,905740.0,297470.0,195510.0,59600.0,26340.0,0.0,0.0,2062000.0,2424000.0,796000.0,524000.0,161000.0,71000.0,0.0,0.0
20240129,83970.0,437280.0,610620.0,380340.0,290960.0,256260.0,132820.0,0.0,39470.0,1214000.0,1694000.0,1055000.0,807000.0,710000.0,368000.0,0.0,111000.0
20240130,-157910.0,1537390.0,1541440.0,696450.0,534500.0,215400.0,266720.0,0.0,106590.0,4213000.0,4229000.0,1913000.0,1464000.0,585000.0,725000.0,0.0,293000.0
20240131,463020.0,799110.0,1494560.0,648860.0,416420.0,544720.0,81700.0,0.0,0.0,2224000.0,4182000.0,1818000.0,1164000.0,1531000.0,228000.0,0.0,0.0
20240201,244090.0,615910.0,962690.0,536280.0,433600.0,397640.0,153550.0,0.0,0.0,1772000.0,2766000.0,1538000.0,1240000.0,1136000.0,439000.0,0.0,0.0
20240202,75870.0,1115920.0,1272410.0,463940.0,383330.0,173010.0,97140.0,0.0,0.0,3344000.0,3804000.0,1377000.0,1139000.0,511000.0,289000.0,0.0,0.0
20240205,-207290.0,1010480.0,991270.0,629620.0,441540.0,106650.0,313940.0,0.0,0.0,3154000.0,3102000.0,1974000.0,1386000.0,326000.0,965000.0,0.0,0.0
20240206,-90920.0,945830.0,1117010.0,660080.0,397980.0,321160.0,299380.0,0.0,112700.0,2879000.0,3385000.0,2005000.0,1202000.0,966000.0,898000.0,0.0,364000.0
20240207,47710.0,846980.0,824280.0,232310.0,302730.0,113630.0,65920.0,0.0,0.0,2568000.0,2500000.0,700000.0,914000.0,345000.0,199000.0,0.0,0.0
20240208,79720.0,800210.0,913520.0,471600.0,438010.0,481620.0,403820.0,1920.0,0.0,2293000.0,2624000.0,1350000.0,1250000.0,1374000.0,1148000.0,5000.0,0.0
20240219,-168180.0,982980.0,773000.0,508210.0,550010.0,291300.0,459480.0,0.0,0.0,2648000.0,2089000.0,1372000.0,1483000.0,789000.0,1237000.0,0.0,0.0
20240220,-29890.0,453800.0,425790.0,266560.0,264680.0,57510.0,87400.0,0.0,0.0,1220000.0,1145000.0,716000.0,711000.0,155000.0,235000.0,0.0,0.0
20240221,-21680.0,515110.0,507840.0,264480.0,250060.0,35910.0,57590.0,0.0,0.0,1365000.0,1346000.0,701000.0,661000.0,96000.0,155000.0,0.0,0.0
20240222,-640.0,432940.0,447830.0,161800.0,146270.0,3130.0,3770.0,0.0,0.0,1156000.0,1196000.0,432000.0,390000.0,8000.0,10000.0,0.0,0.0
20240223,-176140.0,327330.0,270860.0,326590.0,206920.0,41940.0,218080.0,0.0,0.0,872000.0,721000.0,872000.0,554000.0,112000.0,581000.0,0.0,0.0
20240226,-78980.0,577630.0,491550.0,357870.0,364980.0,13690.0,92670.0,0.0,0.0,1507000.0,1282000.0,937000.0,953000.0,36000.0,245000.0,0.0,0.0
20240227,3480.0,460600.0,396900.0,279760.0,346940.0,114200.0,110720.0,0.0,0.0,1207000.0,1040000.0,734000.0,910000.0,298000.0,288000.0,0.0,0.0
20240228,235800.0,979270.0,1267290.0,599420.0,547210.0,375930.0,140130.0,0.0,0.0,2594000.0,3367000.0,1586000.0,1436000.0,983000.0,360000.0,0.0,0.0
20240229,-13490.0,629010.0,591450.0,273990.0,298060.0,175370.0,188860.0,0.0,0.0,1697000.0,1597000.0,739000.0,803000.0,475000.0,511000.0,0.0,0.0
20240301,-136560.0,522430.0,590340.0,527260.0,322790.0,182830.0,319390.0,0.0,0.0,1384000.0,1563000.0,1398000.0,855000.0,485000.0,848000.0,0.0,0.0
20240304,-12710.0,677760.0,653300.0,412660.0,424410.0,274130.0,302280.0,124620.0,109180.0,1773000.0,1714000.0,1084000.0,1112000.0,715000.0,787000.0,323000.0,283000.0
20240305,62080.0,223930.0,344190.0,161080.0,102890.0,139020.0,76940.0,0.0,0.0,589000.0,906000.0,422000.0,269000.0,366000.0,203000.0,0.0,0.0
20240306,-550.0,287400.0,239470.0,168430.0,215800.0,70240.0,70790.0,0.0,0.0,756000.0,631000.0,443000.0,567000.0,184000.0,185000.0,0.0,0.0
20240307,4480.0,265680.0,239630.0,90010.0,120540.0,19720.0,15240.0,0.0,0.0,705000.0,636000.0,239000.0,321000.0,53000.0,40000.0,0.0,0.0
20240308,-9570.0,416620.0,402310.0,151160.0,155890.0,127100.0,24280.0,0.0,112390.0,1119000.0,1080000.0,406000.0,418000.0,340000.0,65000.0,0.0,301000.0
20240311,-111830.0,431850.0,390680.0,254790.0,184120.0,118440.0,232580.0,2310.0,0.0,1152000.0,1042000.0,681000.0,492000.0,316000.0,621000.0,6000.0,0.0
20240312,-204020.0,812650.0,722800.0,638400.0,524240.0,188020.0,392040.0,0.0,0.0,2112000.0,1878000.0,1659000.0,1365000.0,495000.0,1022000.0,0.0,0.0
20240313,460.0,377920.0,367960.0,204510.0,214930.0,98510.0,98050.0,0.0,0.0,978000.0,952000.0,530000.0,557000.0,256000.0,255000.0,0.0,0.0
20240314,64300.0,627860.0,674290.0,268700.0,286560.0,212850.0,148550.0,0.0,0.0,1628000.0,1752000.0,698000.0,744000.0,552000.0,382000.0,0.0,0.0
20240315,-11910.0,483680.0,515820.0,327910.0,283850.0,66140.0,78050.0,0.0,0.0,1252000.0,1336000.0,848000.0,733000.0,170000.0,201000.0,0.0,0.0
20240318,-68880.0,448650.0,423080.0,367080.0,323770.0,110570.0,179450.0,0.0,0.0,1139000.0,1073000.0,932000.0,822000.0,281000.0,456000.0,0.0,0.0
20240319,-45960.0,596740.0,577200.0,399550.0,373140.0,202180.0,248140.0,0.0,0.0,1503000.0,1455000.0,1004000.0,939000.0,509000.0,622000.0,0.0,0.0
20240320,179240.0,369960.0,460400.0,218930.0,307740.0,69680.0,42560.0,152120.0,0.0,945000.0,1176000.0,559000.0,785000.0,178000.0,108000.0,386000.0,0.0
20240321,202080.0,502780.0,591470.0,275320.0,388720.0,265490.0,63410.0,0.0,0.0,1287000.0,1514000.0,703000.0,995000.0,679000.0,161000.0,0.0,0.0
20240322,25640.0,428010.0,488830.0,362970.0,327790.0,223490.0,197850.0,0.0,0.0,1106000.0,1261000.0,937000.0,846000.0,576000.0,512000.0,0.0,0.0
20240325,93260.0,595530.0,667270.0,368420.0,389930.0,136180.0,44900.0,112870.0,110890.0,1534000.0,1723000.0,950000.0,1005000.0,353000.0,114000.0,283000.0,278000.0
20240326,198350.0,805120.0,913860.0,509520.0,599140.0,423210.0,358960.0,134100.0,0.0,2133000.0,2430000.0,1353000.0,1590000.0,1125000.0,951000.0,360000.0,0.0
20240327,-40820.0,616150.0,678880.0,407110.0,303570.0,92290.0,133110.0,0.0,0.0,1673000.0,1841000.0,1104000.0,820000.0,243000.0,360000.0,0.0,0.0
20240328,11040.0,739060.0,876050.0,456270.0,330320.0,186930.0,175890.0,0.0,0.0,2021000.0,2391000.0,1240000.0,899000.0,506000.0,478000.0,0.0,0.0
20240329,-63270.0,866040.0,804230.0,624610.0,623160.0,270900.0,334170.0,0.0,0.0,2304000.0,2141000.0,1656000.0,1653000.0,723000.0,889000.0,0.0,0.0
20240401,-3480.0,865770.0,1009420.0,952400.0,805270.0,401440.0,517720.0,112800.0,0.0,2287000.0,2672000.0,2504000.0,2129000.0,1053000.0,1343000.0,300000.0,0.0
20240402,-132220.0,726730.0,632010.0,554470.0,516970.0,63550.0,195770.0,0.0,0.0,1946000.0,1693000.0,1486000.0,1385000.0,170000.0,525000.0,0.0,0.0
20240403,-46820.0,975680.0,936150.0,375120.0,367840.0,87780.0,134600.0,0.0,0.0,2615000.0,2508000.0,1002000.0,984000.0,235000.0,359000.0,0.0,0.0
20240408,23610.0,786140.0,767390.0,200590.0,242940.0,57780.0,34170.0,0.0,0.0,2113000.0,2065000.0,539000.0,650000.0,156000.0,92000.0,0.0,0.0
20240409,-158520.0,790610.0,743930.0,468140.0,356300.0,0.0,158520.0,0.0,0.0,2130000.0,2011000.0,1262000.0,958000.0,0.0,422000.0,0.0,0.0
20240410,56740.0,516710.0,601860.0,173500.0,145090.0,132550.0,75810.0,0.0,0.0,1389000.0,1620000.0,467000.0,388000.0,356000.0,204000.0,0.0,0.0
20240411,1160.0,367220.0,378950.0,128070.0,117500.0,1160.0,0.0,0.0,0.0,998000.0,1030000.0,347000.0,318000.0,3000.0,0.0,0.0,0.0
20240412,21190.0,487260.0,483870.0,214540.0,239110.0,54050.0,32860.0,0.0,0.0,1306000.0,1299000.0,577000.0,641000.0,145000.0,88000.0,0.0,0.0
20240415,258830.0,840220.0,1206170.0,746310.0,639210.0,332660.0,133420.0,105180.0,45590.0,2368000.0,3408000.0,2110000.0,1804000.0,940000.0,376000.0,300000.0,130000.0
20240416,98750.0,638830.0,852760.0,467410.0,352230.0,267750.0,169000.0,0.0,0.0,1871000.0,2492000.0,1362000.0,1024000.0,770000.0,488000.0,0.0,0.0
20240417,-73470.0,1148380.0,1364450.0,802920.0,513370.0,234080.0,263620.0,0.0,43930.0,3329000.0,3959000.0,2336000.0,1491000.0,686000.0,772000.0,0.0,128000.0
20240418,78330.0,767350.0,825000.0,481060.0,501740.0,222600.0,144270.0,0.0,0.0,2208000.0,2369000.0,1378000.0,1438000.0,635000.0,413000.0,0.0,0.0
20240419,48410.0,346600.0,425390.0,227410.0,197030.0,62760.0,14350.0,0.0,0.0,1005000.0,1234000.0,658000.0,569000.0,182000.0,41000.0,0.0,0.0
20240422,47860.0,336250.0,355670.0,276450.0,304900.0,146000.0,98140.0,0.0,0.0,965000.0,1020000.0,796000.0,873000.0,416000.0,283000.0,0.0,0.0
20240423,6940.0,818500.0,897330.0,594450.0,522560.0,121700.0,114760.0,0.0,0.0,2433000.0,2667000.0,1765000.0,1552000.0,362000.0,341000.0,0.0,0.0
20240424,3640.0,474040.0,448810.0,203920.0,232800.0,32590.0,28950.0,0.0,0.0,1412000.0,1338000.0,606000.0,691000.0,96000.0,85000.0,0.0,0.0
20240425,33030.0,589880.0,470170.0,323220.0,475960.0,150090.0,117060.0,0.0,0.0,1726000.0,1375000.0,948000.0,1396000.0,440000.0,344000.0,0.0,0.0
20240426,-28530.0,841390.0,586800.0,463060.0,689100.0,50960.0,78780.0,0.0,710.0,2393000.0,1667000.0,1314000.0,1959000.0,145000.0,223000.0,0.0,2000.0
20240429,-58370.0,588150.0,571450.0,264830.0,223160.0,16660.0,74930.0,108250.0,108350.0,1627000.0,1580000.0,732000.0,617000.0,46000.0,208000.0,298000.0,298000.0
20240430,107790.0,469700.0,507760.0,136260.0,205990.0,0.0,0.0,107790.0,0.0,1302000.0,1409000.0,378000.0,571000.0,0.0,0.0,300000.0,0.0
20240506,-86400.0,937540.0,822370.0,343290.0,372060.0,114520.0,200920.0,0.0,0.0,2598000.0,2281000.0,953000.0,1031000.0,319000.0,558000.0,0.0,0.0
20240507,-15460.0,553610.0,435200.0,131270.0,234210.0,23740.0,39200.0,0.0,0.0,1524000.0,1197000.0,362000.0,646000.0,65000.0,108000.0,0.0,0.0
20240508,43750.0,612480.0,634500.0,156230.0,177970.0,99110.0,55360.0,0.0,0.0,1692000.0,1755000.0,433000.0,491000.0,274000.0,153000.0,0.0,0.0
20240509,-251290.0,1066850.0,917640.0,480240.0,378160.0,150630.0,401920.0,0.0,0.0,2896000.0,2492000.0,1300000.0,1028000.0,408000.0,1084000.0,0.0,0.0
20240510,14250.0,526360.0,625290.0,318410.0,233730.0,136750.0,122500.0,0.0,0.0,1441000.0,1714000.0,870000.0,637000.0,373000.0,334000.0,0.0,0.0
20240513,117610.0,647250.0,697340.0,257350.0,324880.0,135720.0,159710.0,141600.0,0.0,1832000.0,1974000.0,730000.0,919000.0,383000.0,451000.0,400000.0,0.0
20240514,-31510.0,725980.0,785550.0,452350.0,361260.0,34990.0,66500.0,0.0,0.0,2087000.0,2257000.0,1305000.0,1044000.0,100000.0,191000.0,0.0,0.0
20240515,31120.0,501370.0,656090.0,349880.0,226280.0,138270.0,107150.0,0.0,0.0,1454000.0,1901000.0,1013000.0,656000.0,397000.0,308000.0,0.0,0.0
20240516,149470.0,504480.0,749830.0,318730.0,222850.0,187530.0,38060.0,0.0,0.0,1471000.0,2187000.0,930000.0,649000.0,546000.0,112000.0,0.0,0.0
20240517,-14940.0,606040.0,706940.0,352880.0,237040.0,131920.0,146860.0,0.0,0.0,1737000.0,2026000.0,1011000.0,679000.0,377000.0,420000.0,0.0,0.0
20240520,-138790.0,1108000.0,909860.0,372670.0,432030.0,65810.0,204600.0,0.0,0.0,3082000.0,2533000.0,1036000.0,1200000.0,184000.0,570000.0,0.0,0.0
20240521,35790.0,541780.0,633860.0,113000.0,56710.0,35790.0,0.0,0.0,0.0,1514000.0,1771000.0,316000.0,158000.0,100000.0,0.0,0.0,0.0
20240522,-28820.0,556030.0,551150.0,141930.0,117990.0,63790.0,92610.0,0.0,0.0,1540000.0,1527000.0,393000.0,326000.0,176000.0,256000.0,0.0,0.0
20240523,39810.0,1474800.0,1349250.0,539970.0,705330.0,479680.0,439870.0,0.0,0.0,4010000.0,3671000.0,1468000.0,1918000.0,1302000.0,1191000.0,0.0,0.0
20240524,167870.0,651230.0,837310.0,475160.0,456950.0,469360.0,304990.0,144200.0,140700.0,1795000.0,2308000.0,1311000.0,1256000.0,1292000.0,843000.0,400000.0,390000.0
20240527,57680.0,430290.0,607400.0,329060.0,209630.0,143350.0,85670.0,0.0,0.0,1210000.0,1708000.0,926000.0,590000.0,405000.0,242000.0,0.0,0.0
20240528,84970.0,749360.0,1012750.0,593360.0,414950.0,249810.0,183210.0,18370.0,0.0,2084000.0,2818000.0,1650000.0,1152000.0,693000.0,508000.0,51000.0,0.0
20240529,-94570.0,517280.0,509720.0,369080.0,282070.0,31090.0,125660.0,0.0,0.0,1442000.0,1422000.0,1029000.0,785000.0,86000.0,350000.0,0.0,0.0
20240530,-28010.0,436300.0,529950.0,242850.0,121200.0,3930.0,31940.0,0.0,0.0,1723000.0,2093000.0,958000.0,477000.0,15000.0,126000.0,0.0,0.0
20240531,-2890.0,699100.0,593230.0,291020.0,394000.0,64650.0,67540.0,0.0,0.0,2723000.0,2307000.0,1130000.0,1533000.0,251000.0,264000.0,0.0,0.0
20240603,-2890.0,770380.0,746750.0,234490.0,255230.0,42680.0,45570.0,0.0,0.0,2998000.0,2907000.0,913000.0,994000.0,166000.0,176000.0,0.0,0.0
20240604,-54660.0,560750.0,693280.0,404090.0,216890.0,49160.0,103820.0,0.0,0.0,2246000.0,2780000.0,1624000.0,869000.0,200000.0,421000.0,0.0,0.0
20240605,-4250.0,668300.0,902450.0,415590.0,177200.0,25690.0,29940.0,0.0,0.0,2758000.0,3724000.0,1715000.0,729000.0,105000.0,125000.0,0.0,0.0
20240606,65720.0,542970.0,675960.0,313280.0,246020.0,135000.0,64610.0,0.0,4670.0,2299000.0,2867000.0,1332000.0,1044000.0,574000.0,275000.0,0.0,20000.0
20240607,0.0,277290.0,264820.0,117790.0,130250.0,0.0,0.0,0.0,0.0,1172000.0,1119000.0,498000.0,551000.0,0.0,0.0,0.0,0.0
20240611,0.0,539750.0,423280.0,132750.0,249210.0,0.0,0.0,0.0,0.0,2253000.0,1769000.0,556000.0,1040000.0,0.0,0.0,0.0,0.0
20240612,-2960.0,399550.0,350400.0,151450.0,197640.0,0.0,2960.0,0.0,0.0,1632000.0,1431000.0,619000.0,808000.0,0.0,12000.0,0.0,0.0
20240613,40890.0,355550.0,420620.0,138660.0,114470.0,40890.0,0.0,0.0,0.0,1441000.0,1705000.0,561000.0,462000.0,165000.0,0.0,0.0,0.0
20240614,-21850.0,316470.0,308320.0,120600.0,106900.0,0.0,21850.0,0.0,0.0,1288000.0,1254000.0,490000.0,435000.0,0.0,90000.0,0.0,0.0
20240617,750.0,440550.0,573230.0,268320.0,136380.0,24130.0,23380.0,0.0,0.0,1820000.0,2366000.0,1106000.0,563000.0,100000.0,97000.0,0.0,0.0
20240618,10660.0,1492500.0,1733810.0,1352290.0,1121640.0,669960.0,519870.0,0.0,139430.0,5818000.0,6766000.0,5269000.0,4367000.0,2591000.0,2009000.0,0.0,536000.0
20240619,-326760.0,2860480.0,3053500.0,4289320.0,3769540.0,3961070.0,4039710.0,402790.0,650910.0,10628000.0,11337000.0,15928000.0,14032000.0,14672000.0,14920000.0,1484000.0,2424000.0
20240620,-251530.0,3481050.0,3993320.0,5322330.0,4558530.0,3764010.0,4168860.0,535540.0,382220.0,12466000.0,14303000.0,19043000.0,16328000.0,13458000.0,14901000.0,1934000.0,1369000.0
20240621,281650.0,2130390.0,2483160.0,3198490.0,3127370.0,1653380.0,1491110.0,376410.0,257030.0,7896000.0,9199000.0,11855000.0,11575000.0,6103000.0,5539000.0,1404000.0,945000.0
20240624,-55760.0,2203270.0,2247050.0,2972320.0,2872790.0,1507640.0,1534040.0,940.0,30300.0,8175000.0,8330000.0,11006000.0,10645000.0,5568000.0,5662000.0,3000.0,114000.0
20240625,-59480.0,2665260.0,2670030.0,3373760.0,3309510.0,2179390.0,2315080.0,187610.0,111400.0,9704000.0,9729000.0,12293000.0,12055000.0,7910000.0,8399000.0,675000.0,400000.0
20240626,114550.0,2033170.0,2807590.0,4084660.0,3424780.0,1482710.0,1293470.0,24420.0,99110.0,7358000.0,10164000.0,14792000.0,12399000.0,5341000.0,4662000.0,87000.0,353000.0
20240627,-1861420.0,3097520.0,2599510.0,5844820.0,4481420.0,3222800.0,4604620.0,255540.0,735140.0,10936000.0,9183000.0,20636000.0,15832000.0,11365000.0,16222000.0,899000.0,2598000.0
20240628,-2172160.0,5583810.0,5068510.0,8851570.0,7194700.0,6997400.0,9480940.0,1062100.0,750720.0,18969000.0,17159000.0,30058000.0,24353000.0,23628000.0,32111000.0,3529000.0,2560000.0
20240701,507070.0,4767970.0,5237010.0,6424790.0,6462820.0,4620630.0,3912450.0,147000.0,348110.0,16410000.0,17964000.0,22016000.0,22183000.0,15801000.0,13401000.0,500000.0,1181000.0
20240702,-386340.0,3145470.0,2931930.0,4714570.0,4541760.0,2632780.0,3181140.0,640520.0,478500.0,11726000.0,10921000.0,17521000.0,16860000.0,9788000.0,11825000.0,2363000.0,1792000.0
20240703,209200.0,2049950.0,2113690.0,3079640.0,3225100.0,1055700.0,974000.0,127500.0,0.0,8067000.0,8306000.0,12143000.0,12719000.0,4137000.0,3821000.0,500000.0,0.0
20240704,-74040.0,1865860.0,1479920.0,1875480.0,2187370.0,757040.0,766060.0,209080.0,274100.0,7737000.0,6135000.0,7779000.0,9085000.0,3145000.0,3180000.0,848000.0,1110000.0
20240705,202430.0,1754240.0,1573000.0,1994850.0,2378520.0,603780.0,762630.0,361280.0,0.0,7445000.0,6656000.0,8458000.0,10068000.0,2572000.0,3245000.0,1493000.0,0.0
20240708,233970.0,1328500.0,1493690.0,1220340.0,1289110.0,767530.0,418390.0,0.0,115170.0,5508000.0,6192000.0,5063000.0,5349000.0,3192000.0,1738000.0,0.0,484000.0
20240709,42950.0,1508220.0,1603320.0,1751310.0,1699160.0,962870.0,927040.0,110150.0,103030.0,6348000.0,6741000.0,7361000.0,7122000.0,4071000.0,3928000.0,450000.0,439000.0
20240710,25490.0,1024340.0,1115880.0,1259510.0,1193450.0,485340.0,459850.0,0.0,0.0,4318000.0,4703000.0,5320000.0,5040000.0,2047000.0,1942000.0,0.0,0.0
20240711,-322050.0,1562310.0,1262390.0,1417470.0,1395340.0,702790.0,1024840.0,0.0,0.0,6476000.0,5231000.0,5875000.0,5784000.0,2915000.0,4251000.0,0.0,0.0
20240712,119770.0,1090460.0,1271870.0,1043680.0,982040.0,293000.0,293330.0,120100.0,0.0,4581000.0,5345000.0,4391000.0,4123000.0,1225000.0,1230000.0,500000.0,0.0
20240715,-77560.0,853360.0,891530.0,906490.0,790770.0,319580.0,511140.0,114000.0,0.0,3729000.0,3894000.0,3959000.0,3455000.0,1395000.0,2233000.0,500000.0,0.0
20240716,-64930.0,882810.0,840390.0,880070.0,857570.0,170320.0,224400.0,113050.0,123900.0,3935000.0,3743000.0,3927000.0,3828000.0,760000.0,1003000.0,500000.0,548000.0
20240717,120770.0,724810.0,697580.0,426070.0,574070.0,292500.0,171730.0,0.0,0.0,3250000.0,3128000.0,1914000.0,2579000.0,1314000.0,771000.0,0.0,0.0
20240718,-16110.0,750080.0,727130.0,634580.0,641420.0,94830.0,110940.0,0.0,0.0,3469000.0,3364000.0,2939000.0,2969000.0,441000.0,516000.0,0.0,0.0
20240719,-60850.0,695360.0,646930.0,531670.0,519240.0,186550.0,247400.0,0.0,0.0,3160000.0,2938000.0,2415000.0,2357000.0,855000.0,1135000.0,0.0,0.0
20240722,18150.0,622260.0,729460.0,480040.0,390990.0,100470.0,82320.0,0.0,0.0,2836000.0,3323000.0,2186000.0,1782000.0,457000.0,374000.0,0.0,0.0
20240723,80960.0,554710.0,751600.0,569750.0,453820.0,199400.0,118440.0,0.0,0.0,2578000.0,3492000.0,2653000.0,2112000.0,929000.0,556000.0,0.0,0.0
20240724,-246520.0,665090.0,619580.0,634910.0,433900.0,20630.0,267150.0,0.0,0.0,3206000.0,2982000.0,3071000.0,2096000.0,100000.0,1299000.0,0.0,0.0
20240725,-31760.0,448550.0,402140.0,333870.0,348510.0,97340.0,129100.0,0.0,0.0,2198000.0,1972000.0,1634000.0,1703000.0,477000.0,634000.0,0.0,0.0
20240726,-25410.0,471420.0,332010.0,225030.0,339020.0,200.0,25610.0,0.0,0.0,2303000.0,1623000.0,1097000.0,1653000.0,1000.0,126000.0,0.0,0.0
20240729,-26410.0,391370.0,389620.0,108670.0,84020.0,0.0,26410.0,0.0,0.0,1904000.0,1894000.0,529000.0,410000.0,0.0,128000.0,0.0,0.0
20240730,990.0,446730.0,461880.0,301480.0,287310.0,29710.0,28720.0,0.0,0.0,2171000.0,2247000.0,1469000.0,1398000.0,143000.0,139000.0,0.0,0.0
20240731,-66860.0,1074330.0,874750.0,669500.0,802220.0,282780.0,349640.0,0.0,0.0,5078000.0,4128000.0,3159000.0,3786000.0,1329000.0,1652000.0,0.0,0.0
20240801,100330.0,645530.0,709170.0,439440.0,476130.0,235540.0,135210.0,0.0,0.0,3025000.0,3324000.0,2060000.0,2230000.0,1103000.0,634000.0,0.0,0.0
20240802,-66790.0,472190.0,486190.0,341490.0,260690.0,95030.0,161820.0,0.0,0.0,2255000.0,2320000.0,1631000.0,1245000.0,459000.0,780000.0,0.0,0.0
20240805,149940.0,488470.0,516180.0,301980.0,424210.0,286210.0,236320.0,100050.0,0.0,2401000.0,2539000.0,1488000.0,2096000.0,1417000.0,1171000.0,500000.0,0.0
20240806,-30880.0,529900.0,318740.0,291460.0,471740.0,20020.0,50900.0,0.0,0.0,2602000.0,1566000.0,1430000.0,2316000.0,99000.0,249000.0,0.0,0.0
20240807,15060.0,417020.0,489860.0,204770.0,146990.0,122990.0,107930.0,0.0,0.0,2034000.0,2389000.0,998000.0,715000.0,599000.0,527000.0,0.0,0.0
20240808,64750.0,375400.0,478320.0,247030.0,208850.0,141040.0,76290.0,0.0,0.0,1875000.0,2389000.0,1235000.0,1045000.0,706000.0,382000.0,0.0,0.0
20240809,42020.0,311700.0,340770.0,224100.0,237050.0,45460.0,3440.0,0.0,0.0,1543000.0,1688000.0,1110000.0,1174000.0,226000.0,17000.0,0.0,0.0
20240812,0.0,356530.0,374770.0,168180.0,149940.0,0.0,0.0,0.0,0.0,1791000.0,1883000.0,845000.0,752000.0,0.0,0.0,0.0,0.0
20240813,0.0,362030.0,317280.0,177860.0,222600.0,0.0,0.0,0.0,0.0,1815000.0,1593000.0,893000.0,1115000.0,0.0,0.0,0.0,0.0
20240814,0.0,384650.0,395710.0,193540.0,182480.0,0.0,0.0,0.0,0.0,1927000.0,1982000.0,971000.0,915000.0,0.0,0.0,0.0,0.0
20240815,1210.0,429620.0,435670.0,267710.0,262880.0,1210.0,0.0,0.0,0.0,2143000.0,2175000.0,1336000.0,1310000.0,6000.0,0.0,0.0,0.0
20240816,73880.0,408420.0,466990.0,349080.0,364390.0,114150.0,40270.0,0.0,0.0,2037000.0,2329000.0,1741000.0,1816000.0,568000.0,200000.0,0.0,0.0
20240819,-63340.0,456060.0,457910.0,236770.0,171580.0,0.0,63340.0,0.0,0.0,2303000.0,2313000.0,1198000.0,866000.0,0.0,321000.0,0.0,0.0
20240820,-46620.0,395310.0,347330.0,249660.0,251030.0,41590.0,88210.0,0.0,0.0,2033000.0,1784000.0,1283000.0,1293000.0,212000.0,451000.0,0.0,0.0
20240821,1410.0,319470.0,244300.0,135910.0,212490.0,7950.0,6540.0,0.0,0.0,1647000.0,1259000.0,702000.0,1097000.0,41000.0,34000.0,0.0,0.0
20240822,112840.0,419030.0,510780.0,330950.0,352040.0,186370.0,73530.0,0.0,0.0,2149000.0,2618000.0,1700000.0,1806000.0,956000.0,382000.0,0.0,0.0
20240823,-58860.0,546830.0,604820.0,334240.0,217390.0,0.0,58860.0,0.0,0.0,2803000.0,3101000.0,1710000.0,1113000.0,0.0,300000.0,0.0,0.0
20240826,23100.0,465940.0,576280.0,290140.0,202900.0,23100.0,0.0,0.0,0.0,2336000.0,2887000.0,1452000.0,1017000.0,115000.0,0.0,0.0,0.0
20240827,19550.0,251320.0,292840.0,127060.0,105090.0,43150.0,23600.0,0.0,0.0,1255000.0,1462000.0,633000.0,523000.0,215000.0,118000.0,0.0,0.0
20240828,3630.0,502900.0,477750.0,320140.0,348930.0,41520.0,37890.0,0.0,0.0,2450000.0,2328000.0,1555000.0,1697000.0,204000.0,184000.0,0.0,0.0
20240829,53530.0,855100.0,853050.0,652200.0,707770.0,179900.0,126370.0,0.0,0.0,4036000.0,4030000.0,3081000.0,3338000.0,849000.0,597000.0,0.0,0.0
20240830,-156780.0,1060540.0,927320.0,981490.0,957940.0,258170.0,414950.0,0.0,0.0,4896000.0,4283000.0,4523000.0,4409000.0,1187000.0,1913000.0,0.0,0.0
20240902,7060.0,684890.0,738170.0,605430.0,559220.0,205370.0,198310.0,0.0,0.0,3248000.0,3502000.0,2862000.0,2650000.0,974000.0,932000.0,0.0,0.0
20240903,-91970.0,519420.0,426020.0,326100.0,327530.0,0.0,91970.0,0.0,0.0,2490000.0,2041000.0,1563000.0,1569000.0,0.0,442000.0,0.0,0.0
20240904,-31870.0,419620.0,378890.0,206730.0,215590.0,20790.0,52660.0,0.0,0.0,2019000.0,1823000.0,995000.0,1038000.0,100000.0,253000.0,0.0,0.0
20240905,-22040.0,311430.0,339740.0,235970.0,185620.0,0.0,22040.0,0.0,0.0,1507000.0,1644000.0,1143000.0,899000.0,0.0,107000.0,0.0,0.0
20240906,-133320.0,430930.0,389170.0,335950.0,244390.0,115050.0,248370.0,0.0,0.0,2136000.0,1929000.0,1664000.0,1214000.0,572000.0,1229000.0,0.0,0.0
20240909,-34980.0,384630.0,436570.0,220770.0,133860.0,31020.0,66000.0,0.0,0.0,1924000.0,2183000.0,1103000.0,669000.0,155000.0,330000.0,0.0,0.0
20240910,0.0,343510.0,363820.0,137630.0,117330.0,0.0,0.0,0.0,0.0,1719000.0,1821000.0,689000.0,587000.0,0.0,0.0,0.0,0.0
20240911,-50480.0,460140.0,506690.0,206130.0,109100.0,0.0,50480.0,0.0,0.0,2293000.0,2526000.0,1031000.0,544000.0,0.0,254000.0,0.0,0.0
20240912,0.0,302510.0,352420.0,278170.0,228260.0,24780.0,24780.0,0.0,0.0,1508000.0,1760000.0,1395000.0,1144000.0,125000.0,125000.0,0.0,0.0
20240913,-58140.0,533920.0,522050.0,434960.0,388680.0,82320.0,140460.0,0.0,0.0,2749000.0,2692000.0,2241000.0,2002000.0,424000.0,720000.0,0.0,0.0
20240918,-14780.0,409340.0,457800.0,248060.0,184820.0,0.0,14780.0,0.0,0.0,2187000.0,2443000.0,1327000.0,992000.0,0.0,80000.0,0.0,0.0
20240919,49610.0,327140.0,361360.0,163460.0,178840.0,71950.0,22340.0,0.0,0.0,1750000.0,1934000.0,875000.0,956000.0,385000.0,120000.0,0.0,0.0
20240920,29030.0,420710.0,436260.0,132480.0,145970.0,65920.0,36890.0,0.0,0.0,2267000.0,2350000.0,714000.0,788000.0,356000.0,199000.0,0.0,0.0
20240923,40840.0,311330.0,298200.0,162910.0,216880.0,40840.0,0.0,0.0,0.0,1656000.0,1585000.0,865000.0,1151000.0,216000.0,0.0,0.0,0.0
20240924,0.0,609400.0,545000.0,347330.0,411720.0,0.0,0.0,0.0,0.0,3156000.0,2819000.0,1807000.0,2144000.0,0.0,0.0,0.0,0.0
20240925,33630.0,930180.0,1135580.0,821440.0,649660.0,141900.0,108270.0,0.0,0.0,4750000.0,5800000.0,4187000.0,3311000.0,723000.0,549000.0,0.0,0.0
20240926,-111640.0,1201880.0,1119880.0,798160.0,768530.0,270490.0,382130.0,0.0,0.0,6059000.0,5657000.0,4036000.0,3869000.0,1362000.0,1932000.0,0.0,0.0
20240927,71850.0,607250.0,663140.0,737570.0,753530.0,235830.0,228030.0,202800.0,138750.0,2938000.0,3208000.0,3566000.0,3640000.0,1133000.0,1106000.0,1000000.0,684000.0
20240930,-472520.0,2756140.0,2043220.0,3376620.0,3617020.0,1447360.0,1755720.0,148480.0,312640.0,12024000.0,8960000.0,14800000.0,15843000.0,6363000.0,7651000.0,626000.0,1359000.0
20241008,46610.0,2332210.0,2185170.0,4041990.0,4235640.0,3763100.0,3527880.0,134670.0,323280.0,8937000.0,8328000.0,15354000.0,16149000.0,14217000.0,13348000.0,498000.0,1182000.0
20241009,-125090.0,1351410.0,1278910.0,1670160.0,1617570.0,519300.0,767310.0,301080.0,178160.0,5480000.0,5173000.0,6789000.0,6571000.0,2096000.0,3117000.0,1207000.0,711000.0
20241010,83830.0,946770.0,1055050.0,899350.0,874900.0,550280.0,465720.0,120420.0,121150.0,3961000.0,4409000.0,3771000.0,3667000.0,2299000.0,1952000.0,497000.0,500000.0
20241011,-303150.0,1138840.0,953710.0,1038530.0,920520.0,209180.0,512330.0,0.0,0.0,5111000.0,4276000.0,4669000.0,4150000.0,943000.0,2297000.0,0.0,0.0
20241014,-212720.0,735280.0,762650.0,679100.0,439010.0,297540.0,405960.0,0.0,104300.0,3357000.0,3483000.0,3097000.0,2002000.0,1347000.0,1847000.0,0.0,469000.0
20241015,62970.0,587730.0,665240.0,546290.0,531750.0,193590.0,130620.0,0.0,0.0,2635000.0,2982000.0,2445000.0,2378000.0,871000.0,591000.0,0.0,0.0
20241016,32100.0,632310.0,721960.0,536830.0,479280.0,182180.0,150080.0,0.0,0.0,2851000.0,3252000.0,2414000.0,2155000.0,820000.0,678000.0,0.0,0.0
20241017,-1350.0,621360.0,694700.0,761870.0,687190.0,138640.0,139990.0,0.0,0.0,2724000.0,3048000.0,3342000.0,3015000.0,611000.0,614000.0,0.0,0.0
20241018,126590.0,945300.0,1048010.0,1148160.0,1172030.0,529820.0,504720.0,127580.0,26090.0,4116000.0,4564000.0,4994000.0,5095000.0,2284000.0,2169000.0,544000.0,111000.0
20241021,-56390.0,1323130.0,1215480.0,1530040.0,1581300.0,764610.0,939510.0,118510.0,0.0,5529000.0,5081000.0,6402000.0,6608000.0,3187000.0,3923000.0,493000.0,0.0
20241022,85240.0,723000.0,884710.0,788220.0,711760.0,351770.0,266530.0,0.0,0.0,3055000.0,3733000.0,3323000.0,3000000.0,1477000.0,1122000.0,0.0,0.0
20241023,6290.0,830900.0,785530.0,812010.0,863680.0,493140.0,486850.0,0.0,0.0,3490000.0,3300000.0,3411000.0,3627000.0,2066000.0,2041000.0,0.0,0.0
20241024,-96570.0,758030.0,771530.0,635890.0,525810.0,202340.0,298910.0,0.0,0.0,3218000.0,3276000.0,2699000.0,2229000.0,861000.0,1273000.0,0.0,0.0
20241025,-192960.0,835110.0,715430.0,1081130.0,1007850.0,306780.0,388930.0,0.0,110810.0,3475000.0,2977000.0,4498000.0,4196000.0,1281000.0,1614000.0,0.0,468000.0
20241028,75780.0,1317970.0,1421600.0,1912920.0,1885060.0,1134190.0,1478060.0,419650.0,0.0,5287000.0,5700000.0,7685000.0,7569000.0,4556000.0,5929000.0,1669000.0,0.0
20241029,-87200.0,1011750.0,1229390.0,1267760.0,962900.0,704760.0,598630.0,224120.0,417450.0,4176000.0,5073000.0,5226000.0,3964000.0,2897000.0,2474000.0,932000.0,1722000.0
20241030,-66040.0,661900.0,605200.0,541100.0,531760.0,130420.0,234040.0,232300.0,194720.0,2797000.0,2551000.0,2287000.0,2247000.0,549000.0,997000.0,1000000.0,838000.0
20241031,-102790.0,580060.0,609310.0,584670.0,452610.0,127530.0,202550.0,115470.0,143240.0,2467000.0,2583000.0,2485000.0,1921000.0,541000.0,868000.0,489000.0,609000.0
20241101,-372150.0,1544940.0,1481030.0,2158460.0,1850220.0,1235040.0,1384020.0,482730.0,705900.0,6368000.0,6083000.0,8847000.0,7593000.0,5041000.0,5685000.0,1956000.0,2850000.0
20241104,-584180.0,1903080.0,1438580.0,2038240.0,1918550.0,1021450.0,1268450.0,0.0,337180.0,7715000.0,5832000.0,8252000.0,7761000.0,4106000.0,5100000.0,0.0,1382000.0
20241105,-678870.0,1868350.0,1680760.0,2369700.0,1878420.0,1607730.0,1713440.0,389810.0,962970.0,7234000.0,6510000.0,9169000.0,7270000.0,6208000.0,6627000.0,1509000.0,3713000.0
20241106,-452700.0,1547180.0,1321240.0,1940650.0,1713890.0,1366180.0,1455010.0,0.0,363870.0,5916000.0,5054000.0,7428000.0,6564000.0,5221000.0,5572000.0,0.0,1375000.0
20241107,193870.0,1110200.0,1203750.0,1157240.0,1257580.0,868460.0,748440.0,73850.0,0.0,4363000.0,4726000.0,4549000.0,4943000.0,3418000.0,2951000.0,291000.0,0.0
20241108,-181540.0,1388770.0,1324950.0,2063910.0,1946190.0,1152260.0,1327060.0,257260.0,264000.0,5302000.0,5065000.0,7883000.0,7445000.0,4407000.0,5057000.0,974000.0,1000000.0
20241111,-717040.0,1812510.0,1337650.0,2223380.0,1981200.0,936650.0,1643210.0,106880.0,117360.0,6798000.0,5017000.0,8340000.0,7430000.0,3513000.0,6165000.0,400000.0,439000.0
20241112,35370.0,1116550.0,1431390.0,1839990.0,1560520.0,637830.0,602460.0,0.0,0.0,4213000.0,5404000.0,6966000.0,5898000.0,2395000.0,2273000.0,0.0,0.0
20241113,-356530.0,1316160.0,1106490.0,1394340.0,1247480.0,385930.0,622010.0,0.0,120450.0,5019000.0,4221000.0,5323000.0,4756000.0,1479000.0,2383000.0,0.0,462000.0
20241114,-17740.0,1069800.0,1243790.0,1128000.0,936270.0,535210.0,692470.0,139520.0,0.0,4140000.0,4810000.0,4383000.0,3640000.0,2079000.0,2695000.0,545000.0,0.0
20241115,-2120.0,971460.0,1251340.0,904070.0,622070.0,263870.0,413660.0,249000.0,101330.0,3869000.0,4991000.0,3604000.0,2486000.0,1050000.0,1643000.0,1000000.0,404000.0
20241118,-284080.0,1225710.0,1308400.0,1201460.0,834710.0,171290.0,216880.0,0.0,238490.0,5085000.0,5431000.0,4997000.0,3469000.0,715000.0,900000.0,0.0,997000.0
20241119,-19880.0,860180.0,996260.0,683310.0,527340.0,116100.0,135980.0,0.0,0.0,3545000.0,4113000.0,2817000.0,2168000.0,481000.0,562000.0,0.0,0.0
20241120,-47940.0,609850.0,674550.0,538600.0,425960.0,207250.0,255190.0,0.0,0.0,2461000.0,2723000.0,2176000.0,1718000.0,836000.0,1032000.0,0.0,0.0
20241121,-58390.0,942170.0,1171450.0,964190.0,676510.0,235700.0,294090.0,0.0,0.0,3833000.0,4769000.0,3923000.0,2749000.0,954000.0,1191000.0,0.0,0.0
20241122,90330.0,1234070.0,1559560.0,1574360.0,1339200.0,658120.0,567790.0,0.0,0.0,5137000.0,6496000.0,6567000.0,5590000.0,2770000.0,2388000.0,0.0,0.0
20241125,-107650.0,956990.0,888550.0,432570.0,393360.0,255000.0,362650.0,0.0,0.0,4086000.0,3795000.0,1850000.0,1678000.0,1092000.0,1554000.0,0.0,0.0
20241126,-19720.0,1064230.0,1091240.0,276620.0,229890.0,50150.0,69870.0,0.0,0.0,4510000.0,4628000.0,1174000.0,974000.0,212000.0,293000.0,0.0,0.0
20241127,-216000.0,1286280.0,1049480.0,615630.0,636430.0,77000.0,293000.0,0.0,0.0,5517000.0,4504000.0,2647000.0,2735000.0,328000.0,1252000.0,0.0,0.0
20241128,-60840.0,679180.0,622800.0,479960.0,475490.0,279950.0,459240.0,118450.0,0.0,2848000.0,2615000.0,2013000.0,1996000.0,1176000.0,1926000.0,500000.0,0.0
20241129,17920.0,1065060.0,1045440.0,698700.0,736230.0,529020.0,360910.0,0.0,150190.0,4530000.0,4445000.0,2970000.0,3128000.0,2245000.0,1532000.0,0.0,640000.0
20241202,-184910.0,1037280.0,1206560.0,860950.0,506750.0,288330.0,354740.0,0.0,118500.0,4350000.0,5068000.0,3623000.0,2128000.0,1214000.0,1491000.0,0.0,500000.0
20241203,12040.0,793600.0,904630.0,745280.0,646280.0,1126500.0,1114460.0,0.0,0.0,3349000.0,3817000.0,3149000.0,2730000.0,4750000.0,4701000.0,0.0,0.0
20241204,-8360.0,930080.0,1014660.0,769950.0,677010.0,551180.0,458540.0,0.0,101000.0,3987000.0,4346000.0,3300000.0,2903000.0,2361000.0,1964000.0,0.0,435000.0
20241205,-21270.0,1113580.0,1131360.0,569070.0,530010.0,297800.0,319070.0,0.0,0.0,4743000.0,4821000.0,2422000.0,2253000.0,1262000.0,1353000.0,0.0,0.0
20241206,-220050.0,866380.0,841190.0,678130.0,483270.0,241530.0,461580.0,0.0,0.0,3667000.0,3564000.0,2874000.0,2047000.0,1024000.0,1954000.0,0.0,0.0
20241209,-309400.0,1470180.0,1541100.0,1844280.0,1463950.0,440550.0,606810.0,0.0,143140.0,6092000.0,6386000.0,7642000.0,6059000.0,1824000.0,2512000.0,0.0,601000.0
20241210,-1218910.0,3761470.0,3646110.0,5370230.0,4266690.0,3115760.0,4307270.0,1550740.0,1578140.0,14623000.0,14166000.0,20765000.0,16530000.0,12020000.0,16603000.0,5935000.0,6045000.0
20241211,365010.0,3318940.0,4217080.0,2983520.0,2450390.0,1676380.0,1461410.0,231780.0,81740.0,12880000.0,16387000.0,11606000.0,9478000.0,6524000.0,5707000.0,884000.0,321000.0
20241212,-137340.0,1674420.0,1765150.0,1423200.0,1195140.0,525040.0,554940.0,0.0,107440.0,6494000.0,6846000.0,5527000.0,4638000.0,2037000.0,2154000.0,0.0,420000.0
20241213,10320.0,919460.0,1284550.0,1356770.0,1002000.0,437650.0,368630.0,0.0,58700.0,3643000.0,5091000.0,5377000.0,3971000.0,1734000.0,1461000.0,0.0,232000.0
20241216,134760.0,795230.0,877130.0,592040.0,644900.0,309490.0,174730.0,113160.0,113160.0,3180000.0,3505000.0,2366000.0,2578000.0,1238000.0,701000.0,454000.0,454000.0
20241217,539750.0,965390.0,1355190.0,1151040.0,1300990.0,1279250.0,718690.0,103690.0,124500.0,3881000.0,5459000.0,4632000.0,5241000.0,5154000.0,2884000.0,416000.0,500000.0
20241218,-58800.0,1496300.0,1586980.0,1765650.0,1616170.0,1443330.0,1321090.0,545580.0,726620.0,5850000.0,6210000.0,6899000.0,6303000.0,5645000.0,5185000.0,2106000.0,2802000.0
20241219,-221370.0,1058100.0,1029280.0,1205710.0,1013160.0,693530.0,914900.0,0.0,0.0,4253000.0,4138000.0,4852000.0,4080000.0,2789000.0,3676000.0,0.0,0.0
20241220,-190060.0,1048740.0,929680.0,929200.0,858200.0,696370.0,886430.0,0.0,0.0,4134000.0,3660000.0,3655000.0,3381000.0,2733000.0,3481000.0,0.0,0.0
20241223,282090.0,918530.0,1198720.0,751030.0,752940.0,1186860.0,815400.0,32390.0,121760.0,3684000.0,4814000.0,3018000.0,3028000.0,4783000.0,3280000.0,131000.0,493000.0
20241224,-142380.0,851130.0,722400.0,776310.0,762660.0,282690.0,282570.0,0.0,142500.0,3380000.0,2869000.0,3082000.0,3028000.0,1122000.0,1118000.0,0.0,567000.0
20241225,449570.0,545890.0,723120.0,455020.0,727370.0,422860.0,219290.0,246000.0,0.0,2202000.0,2922000.0,1839000.0,2941000.0,1710000.0,888000.0,1000000.0,0.0
20241226,62640.0,1596470.0,1658390.0,1843780.0,1844510.0,1362950.0,1331440.0,650680.0,619550.0,6214000.0,6456000.0,7163000.0,7176000.0,5301000.0,5167000.0,2531000.0,2410000.0
20241227,-407070.0,1475590.0,1457740.0,1891200.0,1501980.0,1595220.0,2002290.0,0.0,0.0,5683000.0,5613000.0,7276000.0,5778000.0,6129000.0,7697000.0,0.0,0.0
20241230,64860.0,840020.0,1037370.0,956640.0,824140.0,315660.0,250800.0,0.0,0.0,3328000.0,4107000.0,3791000.0,3267000.0,1246000.0,992000.0,0.0,0.0
20241231,281540.0,801870.0,1183440.0,1095350.0,995320.0,949900.0,705460.0,379350.0,342250.0,3226000.0,4768000.0,4413000.0,4011000.0,3828000.0,2838000.0,1533000.0,1383000.0
20250102,34130.0,1169430.0,1079440.0,1142270.0,1266390.0,611590.0,577460.0,0.0,0.0,4709000.0,4344000.0,4593000.0,5096000.0,2466000.0,2327000.0,0.0,0.0
20250103,267600.0,1074190.0,1322230.0,972930.0,992500.0,1127930.0,922620.0,354780.0,292490.0,4431000.0,5461000.0,4009000.0,4072000.0,4667000.0,3837000.0,1500000.0,1237000.0
20250106,-11430.0,685020.0,597860.0,559370.0,635100.0,376650.0,388080.0,0.0,0.0,2896000.0,2532000.0,2367000.0,2687000.0,1590000.0,1634000.0,0.0,0.0
20250107,-229500.0,955740.0,925330.0,1039280.0,840190.0,608160.0,825410.0,232750.0,245000.0,3960000.0,3836000.0,4309000.0,3485000.0,2513000.0,3411000.0,950000.0,1000000.0
20250108,72650.0,806420.0,908090.0,870340.0,841310.0,392260.0,409590.0,89980.0,0.0,3353000.0,3776000.0,3619000.0,3498000.0,1640000.0,1706000.0,368000.0,0.0
20250109,-12970.0,707700.0,824800.0,715500.0,585430.0,441990.0,216240.0,0.0,238720.0,2908000.0,3395000.0,2941000.0,2404000.0,1810000.0,886000.0,0.0,976000.0
20250110,12030.0,525040.0,596110.0,582310.0,523280.0,93240.0,109370.0,236000.0,207840.0,2188000.0,2485000.0,2426000.0,2177000.0,387000.0,458000.0,1000000.0,881000.0
20250113,152090.0,852660.0,913960.0,540950.0,631750.0,379810.0,227720.0,0.0,0.0,3685000.0,3951000.0,2339000.0,2732000.0,1641000.0,983000.0,0.0,0.0
20250114,-78940.0,1105360.0,1003300.0,578350.0,601480.0,387210.0,466150.0,0.0,0.0,4652000.0,4223000.0,2432000.0,2522000.0,1613000.0,1951000.0,0.0,0.0
20250115,-228030.0,1013020.0,1033370.0,947990.0,699610.0,861010.0,788120.0,535470.0,836390.0,4110000.0,4201000.0,3843000.0,2839000.0,3490000.0,3192000.0,2174000.0,3385000.0
20250116,-6550.0,1132280.0,984880.0,707680.0,848520.0,518000.0,524550.0,156220.0,156220.0,4531000.0,3947000.0,2825000.0,3393000.0,2075000.0,2091000.0,625000.0,625000.0
20250117,-51480.0,648810.0,632060.0,550130.0,515390.0,152490.0,290330.0,86360.0,0.0,2608000.0,2541000.0,2210000.0,2069000.0,610000.0,1164000.0,345000.0,0.0
20250120,-80850.0,761070.0,807940.0,641310.0,513590.0,290020.0,370870.0,0.0,0.0,3068000.0,3259000.0,2587000.0,2069000.0,1167000.0,1494000.0,0.0,0.0
20250121,-399320.0,882110.0,666080.0,751280.0,567990.0,616040.0,946730.0,0.0,68630.0,3528000.0,2668000.0,3000000.0,2268000.0,2458000.0,3777000.0,0.0,273000.0
20250122,97860.0,745510.0,784750.0,583440.0,642050.0,223710.0,125850.0,0.0,0.0,2988000.0,3144000.0,2335000.0,2571000.0,894000.0,502000.0,0.0,0.0
20250123,-242460.0,1059850.0,967160.0,952740.0,802960.0,481930.0,709920.0,241030.0,255500.0,4175000.0,3815000.0,3753000.0,3167000.0,1902000.0,2792000.0,943000.0,1000000.0
20250124,-89220.0,992770.0,910700.0,603770.0,596620.0,310860.0,400080.0,0.0,0.0,3969000.0,3646000.0,2417000.0,2384000.0,1245000.0,1602000.0,0.0,0.0
20250127,245220.0,725990.0,842320.0,339300.0,468190.0,137070.0,138950.0,247100.0,0.0,2925000.0,3395000.0,1364000.0,1886000.0,548000.0,556000.0,1000000.0,0.0
20250205,-40550.0,801300.0,907700.0,632410.0,485460.0,427670.0,590420.0,122950.0,750.0,3265000.0,3699000.0,2578000.0,1976000.0,1739000.0,2404000.0,500000.0,3000.0
20250206,-326140.0,881750.0,642430.0,692980.0,606150.0,199190.0,525330.0,0.0,0.0,3570000.0,2603000.0,2806000.0,2452000.0,806000.0,2128000.0,0.0,0.0
20250207,-647040.0,1612290.0,1447100.0,2004900.0,1523040.0,1280200.0,1419810.0,238790.0,746220.0,6336000.0,5676000.0,7852000.0,5978000.0,5000000.0,5543000.0,927000.0,2917000.0
20250210,68780.0,1318050.0,1498500.0,1031480.0,919810.0,526770.0,543850.0,85860.0,0.0,5090000.0,5789000.0,3979000.0,3546000.0,2027000.0,2092000.0,330000.0,0.0
20250211,-6250.0,860750.0,925940.0,669930.0,598500.0,464080.0,443670.0,0.0,26660.0,3358000.0,3609000.0,2612000.0,2334000.0,1813000.0,1735000.0,0.0,105000.0
20250212,-597050.0,1734510.0,1893400.0,2147330.0,1391390.0,1312860.0,1619300.0,0.0,290610.0,6633000.0,7242000.0,8203000.0,5320000.0,5010000.0,6179000.0,0.0,1105000.0
20250213,58490.0,1256810.0,1556190.0,1449600.0,1208700.0,552510.0,494020.0,0.0,0.0,4885000.0,6055000.0,5639000.0,4700000.0,2149000.0,1918000.0,0.0,0.0
20250214,-350180.0,1499860.0,1496510.0,1838850.0,1492030.0,1165530.0,1462450.0,229900.0,283160.0,5726000.0,5722000.0,7015000.0,5683000.0,4438000.0,5570000.0,869000.0,1072000.0
20250217,92570.0,1045410.0,1354700.0,1190300.0,973570.0,477600.0,385030.0,0.0,0.0,4083000.0,5291000.0,4645000.0,3801000.0,1863000.0,1499000.0,0.0,0.0
20250218,93080.0,1160740.0,1207260.0,1067890.0,1114450.0,457780.0,364700.0,0.0,0.0,4608000.0,4785000.0,4236000.0,4428000.0,1827000.0,1458000.0,0.0,0.0
20250219,-341460.0,1587420.0,1274450.0,1543130.0,1514650.0,452040.0,766910.0,0.0,26590.0,6237000.0,5010000.0,6063000.0,5953000.0,1771000.0,3005000.0,0.0,104000.0
20250220,-549630.0,2510310.0,2267250.0,2574480.0,2267900.0,1061720.0,1412780.0,112480.0,311050.0,9520000.0,8609000.0,9761000.0,8590000.0,4023000.0,5356000.0,420000.0,1168000.0
20250221,162120.0,2399860.0,2227200.0,2999480.0,3334250.0,2508200.0,2110660.0,578460.0,813880.0,8946000.0,8311000.0,11176000.0,12407000.0,9313000.0,7842000.0,2165000.0,3040000.0
20250224,-174430.0,2447110.0,2249600.0,2762340.0,2785420.0,2296610.0,2643390.0,1030750.0,858400.0,9205000.0,8459000.0,10385000.0,10480000.0,8638000.0,9943000.0,3904000.0,3250000.0
20250225,-23870.0,1647840.0,1630970.0,1615440.0,1608440.0,1272950.0,1202420.0,132150.0,226550.0,6181000.0,6121000.0,6059000.0,6040000.0,4779000.0,4504000.0,500000.0,855000.0
20250226,381240.0,4129270.0,5188980.0,5524660.0,4846180.0,4690560.0,3797500.0,1675970.0,2187790.0,14740000.0,18485000.0,19662000.0,17248000.0,16678000.0,13563000.0,5894000.0,7678000.0
20250227,348640.0,3475660.0,3786340.0,4262240.0,4300220.0,3655880.0,3147970.0,525170.0,684440.0,12479000.0,13578000.0,15291000.0,15418000.0,13094000.0,11299000.0,1898000.0,2467000.0
20250228,202090.0,2024270.0,2199930.0,1808080.0,1834510.0,1200930.0,943020.0,262480.0,318300.0,7585000.0,8234000.0,6744000.0,6862000.0,4499000.0,3526000.0,985000.0,1191000.0
20250303,51610.0,1750280.0,2378490.0,2721800.0,2145190.0,1082470.0,1030860.0,0.0,0.0,6698000.0,9098000.0,10424000.0,8212000.0,4140000.0,3952000.0,0.0,0.0
20250304,-103790.0,1269710.0,1243270.0,1384500.0,1307140.0,599690.0,703480.0,0.0,0.0,4838000.0,4736000.0,5274000.0,4973000.0,2276000.0,2678000.0,0.0,0.0
20250305,99540.0,1263560.0,1326490.0,1264700.0,1301310.0,846550.0,870290.0,123280.0,0.0,4792000.0,5036000.0,4793000.0,4930000.0,3211000.0,3294000.0,464000.0,0.0
20250306,49490.0,1827690.0,2332510.0,2757650.0,2302320.0,1332250.0,1282760.0,0.0,0.0,6860000.0,8760000.0,10339000.0,8635000.0,5002000.0,4807000.0,0.0,0.0
20250307,-8970.0,2089800.0,2158380.0,2783080.0,2705550.0,2118170.0,2132840.0,108520.0,102820.0,7727000.0,7977000.0,10279000.0,9987000.0,7827000.0,7885000.0,400000.0,384000.0
20250310,-107140.0,1763980.0,1593360.0,1993960.0,2057450.0,1012970.0,992730.0,114320.0,241700.0,6564000.0,5932000.0,7418000.0,7653000.0,3765000.0,3694000.0,427000.0,894000.0
20250311,470960.0,1699260.0,1871530.0,1946810.0,2245490.0,1671150.0,1191850.0,90360.0,98700.0,6462000.0,7122000.0,7408000.0,8541000.0,6364000.0,4536000.0,339000.0,374000.0
20250312,-248820.0,1485970.0,1345870.0,1635340.0,1526630.0,1079650.0,1312420.0,97490.0,113540.0,5583000.0,5060000.0,6145000.0,5740000.0,4063000.0,4931000.0,367000.0,427000.0
20250313,208800.0,1236740.0,1477580.0,1265600.0,1233560.0,922940.0,714140.0,0.0,0.0,4767000.0,5686000.0,4875000.0,4749000.0,3558000.0,2764000.0,0.0,0.0
20250314,-338910.0,1540610.0,1324270.0,1669160.0,1546590.0,679140.0,991530.0,106180.0,132700.0,5863000.0,5045000.0,6350000.0,5884000.0,2572000.0,3757000.0,400000.0,500000.0
20250317,629390.0,2354780.0,2515360.0,2812710.0,3281510.0,2652660.0,2315840.0,528420.0,235850.0,8645000.0,9229000.0,10323000.0,12032000.0,9711000.0,8484000.0,1926000.0,860000.0
20250318,-586630.0,2606620.0,2260390.0,2517530.0,2277130.0,2019460.0,2611640.0,114000.0,108450.0,9464000.0,8208000.0,9131000.0,8262000.0,7320000.0,9466000.0,411000.0,391000.0
20250319,354220.0,2957360.0,3156100.0,2899470.0,3054950.0,2631790.0,2630800.0,889910.0,536680.0,10714000.0,11389000.0,10466000.0,11042000.0,9494000.0,9498000.0,3166000.0,1912000.0
20250320,-404040.0,2033990.0,1765510.0,1841520.0,1705960.0,1230170.0,1866180.0,267280.0,35310.0,7346000.0,6376000.0,6647000.0,6161000.0,4446000.0,6735000.0,960000.0,127000.0
20250321,23780.0,1331820.0,1521810.0,1683860.0,1517640.0,839290.0,895490.0,210080.0,130100.0,4968000.0,5682000.0,6279000.0,5659000.0,3131000.0,3334000.0,779000.0,482000.0
20250324,-2160.0,1407000.0,1756620.0,1547900.0,1196120.0,567690.0,569850.0,0.0,0.0,5380000.0,6711000.0,5925000.0,4578000.0,2172000.0,2187000.0,0.0,0.0
20250325,56600.0,1306010.0,1376740.0,710010.0,695880.0,222270.0,165670.0,0.0,0.0,4948000.0,5211000.0,2688000.0,2635000.0,838000.0,629000.0,0.0,0.0
20250326,-89800.0,1299080.0,1026870.0,1049510.0,1231920.0,238910.0,328710.0,0.0,0.0,4861000.0,3841000.0,3921000.0,4601000.0,889000.0,1228000.0,0.0,0.0
20250327,-200360.0,1193490.0,1138950.0,1194730.0,1048910.0,562540.0,762900.0,0.0,0.0,4547000.0,4337000.0,4554000.0,3998000.0,2144000.0,2910000.0,0.0,0.0
20250328,44910.0,1290140.0,1403740.0,1336200.0,1267520.0,717810.0,663610.0,0.0,9290.0,4993000.0,5431000.0,5175000.0,4912000.0,2785000.0,2576000.0,0.0,36000.0
20250331,-163350.0,1377390.0,1229110.0,599400.0,584340.0,145640.0,308990.0,0.0,0.0,5429000.0,4844000.0,2369000.0,2308000.0,574000.0,1221000.0,0.0,0.0
20250401,-42700.0,959260.0,829360.0,489380.0,576580.0,78400.0,121100.0,0.0,0.0,3736000.0,3229000.0,1906000.0,2247000.0,306000.0,473000.0,0.0,0.0
20250402,14740.0,1465010.0,1333760.0,658100.0,804100.0,193280.0,184650.0,6110.0,0.0,5614000.0,5111000.0,2521000.0,3079000.0,739000.0,708000.0,23000.0,0.0
20250403,-29570.0,1053780.0,1051810.0,508430.0,480830.0,39140.0,234560.0,165850.0,0.0,4102000.0,4093000.0,1978000.0,1872000.0,152000.0,915000.0,648000.0,0.0
20250407,-310310.0,1396270.0,1473550.0,1709900.0,1322290.0,807300.0,1583010.0,750310.0,284910.0,6131000.0,6423000.0,7490000.0,5782000.0,3479000.0,6916000.0,3334000.0,1314000.0
20250408,-46460.0,995670.0,980110.0,822590.0,791690.0,175500.0,221960.0,0.0,0.0,4530000.0,4461000.0,3745000.0,3603000.0,798000.0,1009000.0,0.0,0.0
20250409,67600.0,1231790.0,1370530.0,1138700.0,1067560.0,464210.0,475200.0,78590.0,0.0,5565000.0,6182000.0,5177000.0,4836000.0,2122000.0,2188000.0,341000.0,0.0
20250410,232420.0,1267960.0,1805620.0,1107910.0,802690.0,600400.0,367980.0,0.0,0.0,5457000.0,7766000.0,4764000.0,3454000.0,2578000.0,1578000.0,0.0,0.0
20250411,-94100.0,1000230.0,808420.0,671220.0,768920.0,129470.0,223570.0,0.0,0.0,4310000.0,3486000.0,2893000.0,3313000.0,558000.0,963000.0,0.0,0.0
20250414,-26130.0,605740.0,667940.0,528620.0,440300.0,108880.0,135010.0,0.0,0.0,2578000.0,2842000.0,2248000.0,1873000.0,463000.0,574000.0,0.0,0.0
20250415,10560.0,639510.0,675960.0,417970.0,392070.0,104990.0,94430.0,0.0,0.0,2724000.0,2878000.0,1779000.0,1668000.0,446000.0,402000.0,0.0,0.0
20250416,-69550.0,543550.0,578980.0,358440.0,253450.0,129420.0,198970.0,0.0,0.0,2348000.0,2501000.0,1545000.0,1092000.0,564000.0,863000.0,0.0,0.0
20250417,-16590.0,697440.0,618970.0,273130.0,335020.0,83310.0,99900.0,0.0,0.0,2973000.0,2639000.0,1164000.0,1429000.0,354000.0,425000.0,0.0,0.0
20250418,-46310.0,672230.0,680530.0,282790.0,228180.0,59360.0,105670.0,0.0,0.0,2885000.0,2922000.0,1214000.0,979000.0,254000.0,451000.0,0.0,0.0
20250421,71300.0,530340.0,604490.0,451910.0,449060.0,204500.0,254270.0,121070.0,0.0,2243000.0,2558000.0,1911000.0,1896000.0,864000.0,1074000.0,510000.0,0.0
20250422,-90050.0,639280.0,535650.0,284990.0,298580.0,121750.0,211800.0,0.0,0.0,2699000.0,2261000.0,1203000.0,1258000.0,513000.0,895000.0,0.0,0.0
20250423,-320.0,634290.0,607210.0,243860.0,270620.0,39560.0,39880.0,0.0,0.0,2658000.0,2545000.0,1023000.0,1135000.0,166000.0,167000.0,0.0,0.0
20250424,-64490.0,715040.0,704490.0,525500.0,471560.0,84120.0,148610.0,0.0,0.0,3021000.0,2975000.0,2221000.0,1989000.0,353000.0,632000.0,0.0,0.0
20250425,278080.0,1083220.0,1322520.0,663880.0,702670.0,320960.0,42880.0,0.0,0.0,4672000.0,5707000.0,2865000.0,3031000.0,1385000.0,184000.0,0.0,0.0
20250428,-282940.0,1238650.0,978340.0,428350.0,405730.0,47210.0,330150.0,0.0,0.0,5382000.0,4251000.0,1863000.0,1764000.0,205000.0,1436000.0,0.0,0.0
20250429,-60230.0,1189540.0,1084710.0,525500.0,570090.0,254220.0,314450.0,0.0,0.0,5013000.0,4572000.0,2210000.0,2394000.0,1062000.0,1319000.0,0.0,0.0
20250430,116160.0,713860.0,1035010.0,808060.0,603070.0,508740.0,330100.0,178820.0,241300.0,2967000.0,4306000.0,3360000.0,2507000.0,2109000.0,1364000.0,741000.0,1000000.0
20250506,84770.0,1320390.0,1129920.0,734270.0,1009520.0,433720.0,332980.0,114290.0,130260.0,5341000.0,4571000.0,2971000.0,4083000.0,1744000.0,1339000.0,456000.0,520000.0
20250507,-73890.0,2979760.0,3121440.0,2822180.0,2606620.0,1415250.0,1849810.0,363890.0,3220.0,11405000.0,11940000.0,10794000.0,9969000.0,5404000.0,7059000.0,1377000.0,12000.0
20250508,-915590.0,2403970.0,2043750.0,2113210.0,1557840.0,872680.0,1671610.0,36550.0,153210.0,9110000.0,7719000.0,7999000.0,5889000.0,3290000.0,6346000.0,137000.0,581000.0
20250509,260040.0,2363970.0,2482290.0,1661390.0,1803120.0,1135890.0,769510.0,104100.0,210440.0,9087000.0,9532000.0,6347000.0,6889000.0,4343000.0,2946000.0,392000.0,803000.0
20250512,60570.0,1687580.0,1919270.0,1248540.0,1077420.0,792370.0,731800.0,0.0,0.0,6288000.0,7154000.0,4651000.0,4011000.0,2955000.0,2729000.0,0.0,0.0
20250513,-61560.0,1546720.0,1493990.0,1288940.0,1280100.0,561370.0,600580.0,212790.0,235140.0,5775000.0,5574000.0,4806000.0,4770000.0,2086000.0,2239000.0,786000.0,869000.0
20250514,-31870.0,1212460.0,1058300.0,605820.0,728110.0,409870.0,441740.0,0.0,0.0,4612000.0,4026000.0,2303000.0,2769000.0,1564000.0,1685000.0,0.0,0.0
20250515,-15300.0,1076300.0,892490.0,467050.0,635560.0,224610.0,430220.0,196480.0,6170.0,4161000.0,3449000.0,1805000.0,2454000.0,865000.0,1668000.0,764000.0,24000.0
20250516,59860.0,1355090.0,1324630.0,538960.0,629270.0,262810.0,202950.0,0.0,0.0,5167000.0,5050000.0,2059000.0,2403000.0,1001000.0,774000.0,0.0,0.0
20250519,-23310.0,1014480.0,1101130.0,370810.0,260850.0,65760.0,89070.0,0.0,0.0,3878000.0,4210000.0,1418000.0,998000.0,251000.0,341000.0,0.0,0.0
20250520,8370.0,1230590.0,1196470.0,602450.0,644930.0,176910.0,168540.0,0.0,0.0,4752000.0,4622000.0,2328000.0,2492000.0,684000.0,650000.0,0.0,0.0
20250521,165720.0,1213900.0,1470370.0,787400.0,696660.0,298550.0,132830.0,0.0,0.0,4771000.0,5783000.0,3095000.0,2734000.0,1171000.0,520000.0,0.0,0.0
20250522,176560.0,975600.0,1254660.0,526810.0,424300.0,227610.0,175810.0,124760.0,0.0,3857000.0,4963000.0,2083000.0,1677000.0,902000.0,695000.0,493000.0,0.0
20250523,-143650.0,1219430.0,1245720.0,1122650.0,952720.0,564060.0,661400.0,103640.0,149950.0,4764000.0,4873000.0,4382000.0,3720000.0,2194000.0,2570000.0,400000.0,578000.0
20250526,1420.0,1083980.0,1089220.0,478520.0,474700.0,205820.0,204400.0,0.0,0.0,4279000.0,4303000.0,1891000.0,1873000.0,812000.0,806000.0,0.0,0.0
20250527,253170.0,903000.0,1319030.0,620280.0,457420.0,237190.0,342770.0,358750.0,0.0,3603000.0,5265000.0,2476000.0,1824000.0,948000.0,1364000.0,1426000.0,0.0
20250528,-210400.0,2319100.0,2314350.0,2133410.0,1927770.0,1244570.0,1338750.0,115870.0,232090.0,8896000.0,8874000.0,8185000.0,7384000.0,4803000.0,5158000.0,441000.0,909000.0
20250529,-184990.0,2137610.0,1837370.0,1455230.0,1570480.0,613720.0,898010.0,221040.0,121740.0,8050000.0,6920000.0,5465000.0,5900000.0,2294000.0,3357000.0,825000.0,456000.0
20250530,287710.0,1355900.0,1456780.0,708760.0,895590.0,533960.0,224850.0,0.0,21400.0,5057000.0,5437000.0,2643000.0,3338000.0,1993000.0,839000.0,0.0,79000.0
20250603,-130290.0,1196360.0,1122900.0,662090.0,605250.0,270440.0,244820.0,0.0,155910.0,4513000.0,4238000.0,2493000.0,2281000.0,1015000.0,920000.0,0.0,582000.0
20250604,148790.0,966780.0,1141240.0,509710.0,484040.0,318830.0,170040.0,0.0,0.0,3638000.0,4296000.0,1918000.0,1819000.0,1199000.0,640000.0,0.0,0.0
20250605,-88170.0,842240.0,788520.0,569040.0,534590.0,224870.0,310360.0,0.0,2680.0,3175000.0,2971000.0,2145000.0,2015000.0,846000.0,1169000.0,0.0,10000.0
20250606,-28860.0,1454840.0,1529820.0,833650.0,729820.0,326340.0,355200.0,0.0,0.0,6574000.0,6918000.0,3762000.0,3297000.0,1473000.0,1594000.0,0.0,0.0
20250609,-100290.0,1712700.0,1695880.0,1093140.0,1009670.0,631750.0,732040.0,0.0,0.0,7613000.0,7542000.0,4866000.0,4493000.0,2808000.0,3251000.0,0.0,0.0
20250610,-20730.0,1231160.0,1363560.0,956030.0,802900.0,339670.0,360400.0,0.0,0.0,5501000.0,6089000.0,4269000.0,3591000.0,1513000.0,1602000.0,0.0,0.0
20250611,-317200.0,1638700.0,1739020.0,1711510.0,1293990.0,572430.0,889630.0,0.0,0.0,7273000.0,7720000.0,7581000.0,5726000.0,2533000.0,3941000.0,0.0,0.0
20250612,-251650.0,2347270.0,2236520.0,2276280.0,2135360.0,1344930.0,1591950.0,341520.0,346150.0,10218000.0,9739000.0,9899000.0,9299000.0,5864000.0,6923000.0,1480000.0,1500000.0
20250613,-122460.0,3595860.0,3563580.0,3735920.0,3645750.0,3202730.0,2391000.0,296420.0,1230610.0,15182000.0,15027000.0,15782000.0,15402000.0,13514000.0,10112000.0,1254000.0,5192000.0
20250616,1266300.0,4582580.0,4289320.0,4543130.0,6102690.0,4130940.0,3114740.0,460040.0,209940.0,18446000.0,17275000.0,18292000.0,24512000.0,16661000.0,12602000.0,1835000.0,846000.0
20250617,715430.0,3019530.0,3383440.0,2211920.0,2563440.0,2112560.0,1444520.0,337290.0,289900.0,12397000.0,13895000.0,9071000.0,10516000.0,8673000.0,5930000.0,1389000.0,1189000.0
20250618,-189750.0,2061840.0,2026720.0,1727380.0,1572750.0,781600.0,798750.0,281400.0,454000.0,8688000.0,8545000.0,7290000.0,6636000.0,3308000.0,3376000.0,1195000.0,1924000.0
20250619,334440.0,1215480.0,1532630.0,1050980.0,1068270.0,848710.0,514270.0,0.0,0.0,5179000.0,6535000.0,4476000.0,4552000.0,3623000.0,2191000.0,0.0,0.0
20250620,17530.0,1675000.0,1731030.0,1094170.0,1055670.0,468740.0,450010.0,116300.0,117500.0,7143000.0,7390000.0,4659000.0,4495000.0,1999000.0,1911000.0,495000.0,500000.0
20250623,84640.0,1188140.0,1150790.0,1071900.0,1193900.0,790050.0,703550.0,104430.0,106290.0,5070000.0,4911000.0,4574000.0,5093000.0,3360000.0,2991000.0,442000.0,450000.0
20250624,-105270.0,1115970.0,1270260.0,1730670.0,1471110.0,797210.0,1046560.0,144080.0,0.0,4734000.0,5391000.0,7339000.0,6241000.0,3381000.0,4434000.0,613000.0,0.0
20250625,-325820.0,1967470.0,2124030.0,2381770.0,1899390.0,923560.0,1133460.0,115780.0,231700.0,8318000.0,8987000.0,10078000.0,8032000.0,3920000.0,4789000.0,491000.0,1000000.0
20250626,1400730.0,2230240.0,3308130.0,2740860.0,3063720.0,3110890.0,2149470.0,674620.0,235310.0,9596000.0,14245000.0,11786000.0,13182000.0,13390000.0,9242000.0,2914000.0,1016000.0
20250627,-110330.0,2070090.0,1824390.0,1241910.0,1377290.0,667970.0,778300.0,0.0,0.0,8986000.0,7924000.0,5390000.0,5981000.0,2904000.0,3374000.0,0.0,0.0
20250630,81260.0,1850540.0,1822570.0,1410360.0,1519590.0,600750.0,634230.0,114740.0,0.0,7987000.0,7870000.0,6090000.0,6563000.0,2592000.0,2731000.0,496000.0,0.0
20250701,-193550.0,1426700.0,1388260.0,1503920.0,1348800.0,1075320.0,1280050.0,114950.0,103770.0,6170000.0,6008000.0,6507000.0,5841000.0,4670000.0,5547000.0,500000.0,452000.0
20250702,106650.0,1440840.0,1567370.0,995520.0,975650.0,880360.0,773710.0,0.0,0.0,6277000.0,6833000.0,4342000.0,4254000.0,3841000.0,3373000.0,0.0,0.0
20250703,-491710.0,1472440.0,1059470.0,872300.0,793570.0,560950.0,968880.0,470240.0,554020.0,6417000.0,4619000.0,3802000.0,3459000.0,2448000.0,4225000.0,2051000.0,2416000.0
20250704,465900.0,1355300.0,1620870.0,1029330.0,1229670.0,880300.0,526700.0,112300.0,0.0,6008000.0,7180000.0,4563000.0,5446000.0,3893000.0,2339000.0,500000.0,0.0
20250707,-333740.0,1353300.0,1169550.0,875270.0,725270.0,399460.0,487830.0,0.0,245370.0,6047000.0,5227000.0,3912000.0,3241000.0,1785000.0,2180000.0,0.0,1095000.0
20250708,-80410.0,2756620.0,2957670.0,3611760.0,3330300.0,2968980.0,2711180.0,281290.0,619500.0,11930000.0,12792000.0,15591000.0,14376000.0,12760000.0,11664000.0,1229000.0,2678000.0
20250709,376740.0,1813800.0,2436950.0,2136430.0,1890010.0,1153510.0,787730.0,10960.0,0.0,7937000.0,10661000.0,9343000.0,8272000.0,5051000.0,3446000.0,48000.0,0.0
20250710,305530.0,1241790.0,1630220.0,1370450.0,1287560.0,705040.0,663470.0,263960.0,0.0,5515000.0,7242000.0,6087000.0,5716000.0,3133000.0,2951000.0,1174000.0,0.0
20250711,368070.0,1647300.0,1786800.0,1410830.0,1639400.0,983950.0,512360.0,0.0,103520.0,7317000.0,7932000.0,6264000.0,7272000.0,4353000.0,2275000.0,0.0,455000.0
20250714,-46280.0,1970220.0,1965430.0,2580220.0,2538720.0,921760.0,1083830.0,115790.0,0.0,8535000.0,8520000.0,11175000.0,10988000.0,3982000.0,4682000.0,498000.0,0.0
20250715,35940.0,1937020.0,2237690.0,1693960.0,1429220.0,759760.0,530690.0,0.0,193130.0,8490000.0,9825000.0,7426000.0,6257000.0,3335000.0,2323000.0,0.0,847000.0
20250716,91380.0,1275210.0,1313580.0,703640.0,756660.0,227540.0,136160.0,0.0,0.0,5596000.0,5766000.0,3088000.0,3319000.0,999000.0,598000.0,0.0,0.0
20250717,-123980.0,1695350.0,1534020.0,1177550.0,1214900.0,561150.0,685130.0,0.0,0.0,7395000.0,6692000.0,5142000.0,5300000.0,2450000.0,2995000.0,0.0,0.0
20250718,-57380.0,1378220.0,1198640.0,1117570.0,1239760.0,430620.0,372600.0,0.0,115400.0,5946000.0,5172000.0,4821000.0,5351000.0,1859000.0,1603000.0,0.0,500000.0
20250721,-54270.0,1277880.0,1157190.0,1017360.0,1083790.0,463340.0,368220.0,189010.0,338400.0,5524000.0,5002000.0,4397000.0,4681000.0,2001000.0,1591000.0,818000.0,1465000.0
20250722,6490.0,1896270.0,1974080.0,1314290.0,1242970.0,572380.0,669360.0,103470.0,0.0,8118000.0,8455000.0,5622000.0,5316000.0,2450000.0,2860000.0,441000.0,0.0
20250723,-10330.0,1160870.0,1315850.0,1365090.0,1199780.0,874910.0,910930.0,361620.0,335930.0,4991000.0,5661000.0,5873000.0,5159000.0,3761000.0,3910000.0,1549000.0,1444000.0
20250724,-861820.0,4776690.0,4862450.0,5423550.0,4475970.0,3202010.0,3665980.0,654230.0,1052080.0,19784000.0,20143000.0,22487000.0,18562000.0,13264000.0,15178000.0,2700000.0,4350000.0
20250725,-415560.0,2691670.0,2693330.0,2823150.0,2405930.0,1399660.0,1565660.0,0.0,249560.0,11347000.0,11354000.0,11899000.0,10142000.0,5902000.0,6595000.0,0.0,1057000.0
20250728,-695570.0,4965380.0,4676110.0,5402260.0,4995950.0,3138400.0,3685440.0,650920.0,799450.0,20125000.0,18948000.0,21808000.0,20197000.0,12549000.0,14780000.0,2609000.0,3166000.0
20250729,-371930.0,3553230.0,3320410.0,2424960.0,2285830.0,1072280.0,1266840.0,272920.0,450290.0,14202000.0,13272000.0,9685000.0,9134000.0,4293000.0,5064000.0,1087000.0,1796000.0
20250730,-16460.0,2333270.0,2212060.0,2077830.0,2182570.0,1507240.0,1611880.0,544450.0,456270.0,9457000.0,8966000.0,8422000.0,8846000.0,6102000.0,6538000.0,2210000.0,1840000.0
20250731,171170.0,2938840.0,3364470.0,2594830.0,2340370.0,2108650.0,1762650.0,298760.0,473590.0,11855000.0,13587000.0,10463000.0,9451000.0,8512000.0,7094000.0,1203000.0,1901000.0
20250801,241780.0,2419700.0,2576460.0,2184990.0,2270020.0,1343230.0,1101450.0,0.0,0.0,9769000.0,10398000.0,8811000.0,9149000.0,5406000.0,4439000.0,0.0,0.0
20250804,-283540.0,2833670.0,2802730.0,2982330.0,2729740.0,1554440.0,1837980.0,126500.0,126500.0,11307000.0,11190000.0,11877000.0,10868000.0,6216000.0,7341000.0,500000.0,500000.0
20250805,-583710.0,8014200.0,7726180.0,8947380.0,8651700.0,5374710.0,5660820.0,1605340.0,1902940.0,29416000.0,28347000.0,32944000.0,31795000.0,19750000.0,20924000.0,5845000.0,6889000.0
20250806,-490550.0,5558090.0,5736670.0,4790670.0,4121530.0,2523460.0,3217420.0,688530.0,485120.0,20322000.0,20965000.0,17529000.0,15060000.0,9212000.0,11756000.0,2513000.0,1795000.0
20250807,869680.0,5462600.0,6324870.0,5657890.0,5665300.0,2867560.0,2378550.0,815520.0,434850.0,19538000.0,22625000.0,20219000.0,20243000.0,10271000.0,8517000.0,2915000.0,1557000.0
20250808,29720.0,3196080.0,3056550.0,2871900.0,3041140.0,1794150.0,1925330.0,926830.0,765930.0,11716000.0,11199000.0,10516000.0,11142000.0,6565000.0,7048000.0,3398000.0,2807000.0
20250811,5960.0,3664220.0,3606520.0,3580660.0,3644320.0,2873030.0,3007370.0,396370.0,256070.0,13114000.0,12918000.0,12825000.0,13039000.0,10253000.0,10734000.0,1423000.0,923000.0
20250812,830100.0,3143130.0,3118160.0,2630660.0,3485720.0,3455650.0,2886600.0,1044050.0,783000.0,11540000.0,11431000.0,9648000.0,12798000.0,12650000.0,10580000.0,3848000.0,2878000.0
20250813,-96310.0,4373670.0,3945070.0,3278900.0,3611180.0,2019010.0,2115730.0,512490.0,512080.0,16404000.0,14803000.0,12300000.0,13546000.0,7578000.0,7936000.0,1925000.0,1923000.0
20250814,889740.0,2572710.0,3387480.0,2179610.0,2254590.0,1872660.0,1824550.0,841630.0,0.0,9853000.0,12979000.0,8346000.0,8631000.0,7182000.0,6984000.0,3214000.0,0.0
20250815,-13020.0,2900560.0,3201720.0,2683040.0,2368850.0,1535440.0,1634450.0,129820.0,43830.0,10932000.0,12068000.0,10102000.0,8925000.0,5781000.0,6147000.0,490000.0,166000.0
20250818,-249540.0,3350480.0,3053120.0,4414360.0,4462180.0,2619350.0,3024170.0,707850.0,552570.0,12236000.0,11156000.0,16126000.0,16301000.0,9566000.0,11050000.0,2581000.0,2002000.0
20250819,-78570.0,2382660.0,2710520.0,2995000.0,2588580.0,1668280.0,2140300.0,393450.0,0.0,8819000.0,10034000.0,11097000.0,9585000.0,6179000.0,7922000.0,1447000.0,0.0
20250820,-119540.0,2979220.0,3110870.0,2954530.0,2703350.0,1771280.0,1990360.0,460550.0,361010.0,10904000.0,11392000.0,10809000.0,9890000.0,6478000.0,7271000.0,1676000.0,1314000.0
20250821,727280.0,2217010.0,2939760.0,2610480.0,2615000.0,2286040.0,1539660.0,108080.0,127180.0,8188000.0,10862000.0,9645000.0,9660000.0,8444000.0,5685000.0,400000.0,471000.0
20250822,-178490.0,4183620.0,3609520.0,3621340.0,4016960.0,3932110.0,3596900.0,1095120.0,1608820.0,15156000.0,13083000.0,13111000.0,14547000.0,14231000.0,13020000.0,3957000.0,5806000.0
20250825,588730.0,2982840.0,3829090.0,3269420.0,3011900.0,2885170.0,2096420.0,22500.0,222520.0,10850000.0,13941000.0,11875000.0,10949000.0,10481000.0,7596000.0,82000.0,801000.0
20250826,155770.0,2220580.0,2134990.0,2293950.0,2535310.0,2642510.0,2376780.0,135240.0,245200.0,8069000.0,7764000.0,8340000.0,9225000.0,9604000.0,8625000.0,490000.0,887000.0
20250827,-728470.0,5379270.0,5013160.0,3938620.0,3576260.0,3592730.0,3871560.0,372900.0,822540.0,19324000.0,18018000.0,14116000.0,12824000.0,12907000.0,13887000.0,1344000.0,2962000.0
20250828,-1070850.0,5143060.0,4389310.0,5435590.0,5118480.0,4922890.0,3925010.0,2288760.0,4357490.0,19015000.0,16226000.0,20111000.0,18924000.0,18238000.0,14549000.0,8500000.0,16165000.0
20250829,-358940.0,3947950.0,3745990.0,2956040.0,2799050.0,2817480.0,2464240.0,111070.0,823250.0,14858000.0,14094000.0,11133000.0,10532000.0,10601000.0,9283000.0,418000.0,3102000.0
20250901,-747700.0,4830920.0,4160110.0,2504210.0,2427320.0,826070.0,1719880.0,367740.0,221630.0,17697000.0,15248000.0,9168000.0,8887000.0,3021000.0,6289000.0,1346000.0,808000.0
20250902,561320.0,3997990.0,5005580.0,2743490.0,2297230.0,1857030.0,1295710.0,0.0,0.0,15035000.0,18826000.0,10315000.0,8631000.0,6988000.0,4882000.0,0.0,0.0
20250903,-697800.0,5125790.0,5378290.0,4567720.0,3617410.0,2263610.0,2762290.0,674720.0,873840.0,18809000.0,19740000.0,16729000.0,13252000.0,8292000.0,10103000.0,2464000.0,3198000.0
20250904,-94570.0,4001020.0,4509270.0,3840020.0,3237200.0,1829220.0,1670610.0,0.0,253180.0,14831000.0,16758000.0,14315000.0,12083000.0,6858000.0,6210000.0,0.0,953000.0
20250905,-1316810.0,5242120.0,4344390.0,4588590.0,4169500.0,2526810.0,3474210.0,410300.0,779710.0,19130000.0,15863000.0,16692000.0,15185000.0,9136000.0,12602000.0,1497000.0,2806000.0
20250908,-558510.0,5735260.0,5580390.0,5487110.0,5083470.0,3699610.0,3833590.0,502230.0,926760.0,19993000.0,19465000.0,19109000.0,17711000.0,12898000.0,13367000.0,1755000.0,3210000.0
20250909,220560.0,4452010.0,4664460.0,3115420.0,3123530.0,1814550.0,1820710.0,377260.0,150540.0,15558000.0,16303000.0,10899000.0,10920000.0,6347000.0,6373000.0,1320000.0,528000.0
20250910,703480.0,3281240.0,4092610.0,2457760.0,2349870.0,2237260.0,1540140.0,112510.0,106150.0,11787000.0,14707000.0,8843000.0,8449000.0,8051000.0,5545000.0,404000.0,384000.0
20250911,88030.0,3223440.0,3035590.0,2839100.0,3114970.0,1731930.0,1465650.0,110520.0,288770.0,11496000.0,10836000.0,10115000.0,11095000.0,6171000.0,5215000.0,394000.0,1030000.0
20250912,436940.0,2785890.0,2793040.0,2546310.0,2976100.0,1592920.0,1155980.0,101980.0,101980.0,9878000.0,9907000.0,9021000.0,10550000.0,5650000.0,4092000.0,362000.0,362000.0
20250915,1203360.0,3289700.0,4330880.0,2607130.0,2769290.0,2308260.0,1671730.0,700330.0,133500.0,11856000.0,15612000.0,9400000.0,9986000.0,8328000.0,6038000.0,2533000.0,482000.0
20250916,-146740.0,2791870.0,3014040.0,1914490.0,1545580.0,754130.0,900870.0,0.0,0.0,10228000.0,11043000.0,7020000.0,5663000.0,2766000.0,3308000.0,0.0,0.0
20250917,52670.0,3246150.0,3274570.0,2235400.0,2259650.0,1402010.0,1520340.0,283000.0,112000.0,11703000.0,11817000.0,8059000.0,8149000.0,5052000.0,5469000.0,1021000.0,400000.0
20250918,262750.0,3207430.0,3759210.0,2572200.0,2283180.0,2130650.0,1535070.0,0.0,332830.0,11683000.0,13702000.0,9367000.0,8305000.0,7749000.0,5578000.0,0.0,1214000.0
20250919,-73310.0,2432290.0,2287750.0,1448430.0,1519660.0,1290990.0,1364300.0,0.0,0.0,8994000.0,8462000.0,5352000.0,5617000.0,4780000.0,5046000.0,0.0,0.0
20250922,-221210.0,2130990.0,2101680.0,1810610.0,1618700.0,1170600.0,1512940.0,121130.0,0.0,7769000.0,7665000.0,6599000.0,5904000.0,4274000.0,5514000.0,440000.0,0.0
20250923,387570.0,1920810.0,2603920.0,2218770.0,1923230.0,1637000.0,1251030.0,1600.0,0.0,7171000.0,9727000.0,8275000.0,7174000.0,6111000.0,4661000.0,6000.0,0.0
20250924,-1559850.0,4688890.0,3903050.0,4664670.0,3890660.0,2715670.0,3857170.0,150150.0,568500.0,16998000.0,14115000.0,16811000.0,14044000.0,9809000.0,13960000.0,539000.0,2038000.0
20250925,30360.0,4168480.0,3900920.0,2394770.0,2692700.0,1045800.0,1365110.0,669570.0,319900.0,14834000.0,13894000.0,8507000.0,9570000.0,3709000.0,4852000.0,2387000.0,1121000.0
20250926,413330.0,3048790.0,3589650.0,2058080.0,1930550.0,1679520.0,1766280.0,873350.0,373260.0,11179000.0,13174000.0,7553000.0,7079000.0,6157000.0,6465000.0,3197000.0,1367000.0
20250929,-413440.0,2618980.0,2323460.0,1397080.0,1279150.0,1513310.0,1582110.0,145010.0,489650.0,9596000.0,8518000.0,5125000.0,4688000.0,5568000.0,5804000.0,531000.0,1810000.0
20250930,-2347270.0,6326270.0,5176440.0,5569810.0,4372370.0,3179370.0,4128540.0,361940.0,1760040.0,22154000.0,18133000.0,19493000.0,15288000.0,11120000.0,14448000.0,1259000.0,6158000.0
20251009,-180490.0,7389900.0,7612560.0,5909890.0,5506730.0,4299960.0,3303720.0,2022930.0,3199660.0,24221000.0,24934000.0,19384000.0,18090000.0,14057000.0,10834000.0,6649000.0,10453000.0
20251010,-256190.0,4761030.0,4739220.0,3856460.0,3622080.0,2848240.0,3070300.0,2017400.0,2051530.0,15961000.0,15889000.0,12940000.0,12137000.0,9596000.0,10317000.0,6763000.0,6917000.0
20251013,-633000.0,8962990.0,8206870.0,6890170.0,7013280.0,5832670.0,5226240.0,824560.0,2063990.0,28777000.0,26358000.0,22248000.0,22601000.0,18936000.0,16936000.0,2640000.0,6706000.0
20251014,-736920.0,13103040.0,13682160.0,11902400.0,10586350.0,8696230.0,9135860.0,2003170.0,2300460.0,39451000.0,41216000.0,35780000.0,31861000.0,26097000.0,27511000.0,6070000.0,6809000.0
20251015,162660.0,4876070.0,5295320.0,3886830.0,3630240.0,3033350.0,2738810.0,392610.0,524490.0,15053000.0,16346000.0,11993000.0,11192000.0,9362000.0,8454000.0,1211000.0,1626000.0
20251016,6510.0,4447060.0,5070290.0,4510400.0,3893690.0,2287390.0,2702690.0,1343470.0,921660.0,14063000.0,16065000.0,14263000.0,12314000.0,7249000.0,8549000.0,4263000.0,2910000.0
20251017,-83830.0,3062270.0,3840730.0,4273570.0,3411290.0,2228790.0,2522120.0,1194680.0,985180.0,9827000.0,12316000.0,13711000.0,10937000.0,7148000.0,8089000.0,3850000.0,3195000.0
20251020,329220.0,3538610.0,3849680.0,3781990.0,3800130.0,2396910.0,2365100.0,988280.0,690870.0,11451000.0,12465000.0,12249000.0,12309000.0,7776000.0,7673000.0,3197000.0,2227000.0
20251021,-170380.0,1934390.0,1804720.0,1824790.0,1784080.0,1416550.0,1586930.0,0.0,0.0,6313000.0,5890000.0,5953000.0,5821000.0,4623000.0,5177000.0,0.0,0.0
20251022,564300.0,1760630.0,2148210.0,1469950.0,1646670.0,1488970.0,933010.0,153880.0,145540.0,5705000.0,6958000.0,4743000.0,5318000.0,4814000.0,3013000.0,502000.0,475000.0
20251023,60390.0,2589480.0,2662180.0,2518570.0,2506260.0,1706320.0,1437360.0,635160.0,843730.0,8741000.0,8983000.0,8503000.0,8455000.0,5754000.0,4859000.0,2153000.0,2854000.0
20251024,-87110.0,1906510.0,1943570.0,1778970.0,1654810.0,904790.0,859690.0,187190.0,319400.0,6357000.0,6480000.0,5933000.0,5519000.0,3014000.0,2861000.0,618000.0,1062000.0
20251027,-69000.0,3485680.0,3734430.0,2775050.0,2457310.0,1774300.0,1968820.0,238390.0,112870.0,11586000.0,12414000.0,9216000.0,8163000.0,5889000.0,6537000.0,794000.0,372000.0
20251028,334040.0,2354380.0,2719060.0,2241650.0,2211010.0,1708960.0,1351500.0,362860.0,386280.0,7706000.0,8903000.0,7342000.0,7237000.0,5575000.0,4406000.0,1189000.0,1266000.0
20251029,-333460.0,2273530.0,2203360.0,1862060.0,1598780.0,1515600.0,1257980.0,252730.0,843810.0,7512000.0,7278000.0,6158000.0,5285000.0,5016000.0,4153000.0,839000.0,2807000.0
20251030,-320750.0,4121480.0,4032880.0,3564540.0,3332380.0,2999570.0,3297230.0,509770.0,532860.0,13389000.0,13110000.0,11585000.0,10821000.0,9729000.0,10698000.0,1671000.0,1746000.0
20251031,-204360.0,3163680.0,3021230.0,2153700.0,2091810.0,1206280.0,1192680.0,0.0,217960.0,10184000.0,9730000.0,6931000.0,6729000.0,3886000.0,3841000.0,0.0,702000.0
20251103,431320.0,3408460.0,3791550.0,2641970.0,2690210.0,2589200.0,2332560.0,380030.0,205350.0,11551000.0,12856000.0,8943000.0,9114000.0,8746000.0,7867000.0,1297000.0,701000.0
20251104,228510.0,3362370.0,3934540.0,2837020.0,2493370.0,1159540.0,1192630.0,262180.0,580.0,11672000.0,13677000.0,9878000.0,8674000.0,4040000.0,4150000.0,913000.0,2000.0
20251105,152040.0,2636170.0,2673800.0,1444430.0,1558850.0,875660.0,723620.0,0.0,0.0,9271000.0,9405000.0,5081000.0,5470000.0,3069000.0,2545000.0,0.0,0.0
20251106,-130040.0,2517170.0,2559250.0,1344640.0,1172520.0,949550.0,978430.0,117870.0,219030.0,8708000.0,8856000.0,4653000.0,4056000.0,3287000.0,3387000.0,409000.0,758000.0
20251107,-541110.0,2047890.0,1948200.0,1618470.0,1177050.0,711640.0,537030.0,287280.0,1003000.0,7166000.0,6816000.0,5677000.0,4118000.0,2495000.0,1881000.0,1014000.0,3537000.0
20251110,-424830.0,2270570.0,2024150.0,1529960.0,1351540.0,642830.0,1161460.0,442170.0,348370.0,8067000.0,7197000.0,5450000.0,4815000.0,2290000.0,4137000.0,1574000.0,1233000.0
20251111,53830.0,1704600.0,1707120.0,1044640.0,1095960.0,654380.0,604710.0,4160.0,0.0,6096000.0,6109000.0,3736000.0,3920000.0,2342000.0,2159000.0,15000.0,0.0
20251112,97960.0,2085100.0,2381500.0,1458800.0,1260370.0,769040.0,578850.0,0.0,92230.0,7472000.0,8539000.0,5232000.0,4518000.0,2752000.0,2070000.0,0.0,329000.0
20251113,56400.0,1759320.0,1660790.0,1229940.0,1384880.0,965010.0,946130.0,140780.0,103260.0,6271000.0,5920000.0,4384000.0,4934000.0,3437000.0,3374000.0,502000.0,366000.0
20251114,-476560.0,4070170.0,4029220.0,3996130.0,3560520.0,3138270.0,2765630.0,469230.0,1318430.0,14030000.0,13870000.0,13747000.0,12254000.0,10748000.0,9496000.0,1604000.0,4509000.0
20251117,807980.0,2460260.0,3271490.0,2188950.0,2185700.0,1597030.0,1151620.0,704680.0,342110.0,8560000.0,11390000.0,7627000.0,7611000.0,5557000.0,4018000.0,2462000.0,1187000.0
20251118,-44600.0,1857960.0,1971130.0,1605630.0,1447880.0,1019960.0,1074350.0,257770.0,247980.0,6458000.0,6854000.0,5581000.0,5038000.0,3542000.0,3723000.0,897000.0,863000.0
20251119,617480.0,1727450.0,2114780.0,1321570.0,1551720.0,917290.0,740560.0,440750.0,0.0,6165000.0,7549000.0,4712000.0,5533000.0,3271000.0,2645000.0,1579000.0,0.0
20251120,-9540.0,2015300.0,1854500.0,1047250.0,1198510.0,574600.0,584140.0,0.0,0.0,7207000.0,6635000.0,3746000.0,4289000.0,2064000.0,2093000.0,0.0,0.0
20251121,-6310.0,2435550.0,2753280.0,2169470.0,1845430.0,1106300.0,1161260.0,372210.0,323560.0,9162000.0,10366000.0,8171000.0,6952000.0,4171000.0,4322000.0,1378000.0,1243000.0
20251124,-565890.0,3713720.0,3864610.0,3493450.0,2776670.0,763380.0,1223090.0,0.0,106180.0,13574000.0,14110000.0,12763000.0,10150000.0,2801000.0,4493000.0,0.0,385000.0
20251125,11280.0,2974760.0,2889700.0,1147140.0,1243470.0,518600.0,507320.0,0.0,0.0,10824000.0,10518000.0,4178000.0,4527000.0,1885000.0,1842000.0,0.0,0.0
20251126,-34860.0,1498770.0,1602980.0,764530.0,625450.0,284970.0,316230.0,132520.0,136120.0,5486000.0,5868000.0,2800000.0,2289000.0,1044000.0,1160000.0,486000.0,500000.0
20251127,143120.0,1962550.0,2083210.0,1136220.0,1158680.0,686030.0,542910.0,0.0,0.0,7135000.0,7574000.0,4130000.0,4210000.0,2492000.0,1972000.0,0.0,0.0
20251128,-233420.0,2288110.0,2496150.0,2469920.0,2028460.0,815010.0,1034980.0,122360.0,135810.0,8093000.0,8829000.0,8699000.0,7147000.0,2866000.0,3635000.0,425000.0,472000.0
20251201,-293580.0,3207440.0,3265490.0,2578040.0,2226400.0,910090.0,1226520.0,27360.0,4510.0,11648000.0,11864000.0,9362000.0,8086000.0,3309000.0,4453000.0,100000.0,16000.0
20251202,-171510.0,1130450.0,1175310.0,969570.0,753200.0,352430.0,389290.0,6450.0,141100.0,4170000.0,4334000.0,3581000.0,2779000.0,1299000.0,1437000.0,24000.0,522000.0
20251203,-35740.0,1248770.0,1280900.0,616700.0,548830.0,611370.0,778960.0,131850.0,0.0,4634000.0,4753000.0,2289000.0,2037000.0,2272000.0,2893000.0,488000.0,0.0
20251204,-303400.0,1421150.0,1388850.0,870250.0,599150.0,232950.0,514620.0,110380.0,132110.0,5312000.0,5191000.0,3255000.0,2241000.0,872000.0,1925000.0,412000.0,493000.0
20251205,-78510.0,1524920.0,1279850.0,561230.0,727790.0,69570.0,148080.0,0.0,0.0,5623000.0,4720000.0,2069000.0,2679000.0,254000.0,548000.0,0.0,0.0
20251208,-12300.0,1950710.0,1869630.0,1268980.0,1337750.0,823270.0,729490.0,0.0,106080.0,7012000.0,6720000.0,4562000.0,4807000.0,2962000.0,2630000.0,0.0,379000.0
20251209,-85690.0,1866080.0,1862780.0,846980.0,764590.0,303610.0,389300.0,0.0,0.0,6756000.0,6748000.0,3062000.0,2767000.0,1099000.0,1402000.0,0.0,0.0
20251210,118810.0,925080.0,1035120.0,507320.0,516080.0,310860.0,192050.0,0.0,0.0,3367000.0,3767000.0,1845000.0,1878000.0,1132000.0,699000.0,0.0,0.0
20251211,-218000.0,1985340.0,2075970.0,1247080.0,938440.0,474010.0,650600.0,297140.0,338550.0,7304000.0,7636000.0,4592000.0,3457000.0,1747000.0,2398000.0,1097000.0,1249000.0
20251212,-128520.0,1783500.0,1731860.0,889280.0,812390.0,695220.0,695990.0,182200.0,309950.0,6536000.0,6350000.0,3261000.0,2971000.0,2550000.0,2557000.0,663000.0,1132000.0
20251215,-255070.0,2378750.0,2217930.0,1331610.0,1237360.0,498550.0,681190.0,150150.0,222580.0,8639000.0,8057000.0,4833000.0,4491000.0,1811000.0,2472000.0,546000.0,809000.0
20251216,18330.0,1820490.0,2034130.0,1549350.0,1354030.0,661690.0,524220.0,122980.0,242120.0,6809000.0,7605000.0,5785000.0,5063000.0,2484000.0,1968000.0,458000.0,900000.0
20251217,-114280.0,1809550.0,1710800.0,1265950.0,1250420.0,655600.0,650890.0,0.0,118990.0,6852000.0,6480000.0,4812000.0,4746000.0,2491000.0,2477000.0,0.0,452000.0
20251218,-273900.0,1635300.0,1438570.0,760550.0,683370.0,468950.0,742850.0,0.0,0.0,6058000.0,5330000.0,2819000.0,2530000.0,1737000.0,2754000.0,0.0,0.0
20251219,-23420.0,2384100.0,2677030.0,1670870.0,1354510.0,924460.0,668980.0,0.0,278900.0,8602000.0,9664000.0,5998000.0,4868000.0,3310000.0,2400000.0,0.0,979000.0
20251222,-324630.0,2361280.0,2068480.0,1010770.0,978920.0,285760.0,610390.0,0.0,0.0,8597000.0,7534000.0,3683000.0,3563000.0,1043000.0,2227000.0,0.0,0.0
20251223,-323660.0,2262020.0,2113570.0,1152670.0,977470.0,243070.0,447450.0,0.0,119280.0,8183000.0,7649000.0,4168000.0,3534000.0,880000.0,1618000.0,0.0,430000.0
20251224,37940.0,1916150.0,2172380.0,1324560.0,1106260.0,658530.0,620590.0,0.0,0.0,6900000.0,7821000.0,4756000.0,3971000.0,2360000.0,2224000.0,0.0,0.0
20251225,342090.0,1820290.0,2056090.0,1230170.0,1336460.0,948720.0,606630.0,0.0,0.0,6434000.0,7269000.0,4349000.0,4720000.0,3351000.0,2145000.0,0.0,0.0
20251226,-665500.0,2712700.0,2532580.0,2150360.0,1664990.0,1491190.0,1687420.0,387540.0,856810.0,9485000.0,8850000.0,7519000.0,5816000.0,5202000.0,5916000.0,1347000.0,2972000.0
20251229,-379070.0,3143780.0,3006810.0,1470130.0,1228030.0,434800.0,855660.0,41790.0,0.0,11126000.0,10642000.0,5212000.0,4355000.0,1542000.0,3032000.0,149000.0,0.0
20251230,-265930.0,1911690.0,1805940.0,1401720.0,1241550.0,715960.0,935400.0,213540.0,260030.0,6812000.0,6438000.0,4997000.0,4422000.0,2549000.0,3333000.0,761000.0,927000.0
20251231,16340.0,2050660.0,2050290.0,1297150.0,1313860.0,402270.0,262040.0,0.0,123890.0,7321000.0,7319000.0,4626000.0,4681000.0,1434000.0,935000.0,0.0,446000.0
20260105,-877480.0,5123280.0,4578170.0,5376860.0,5044490.0,2595300.0,3435510.0,360750.0,398020.0,17376000.0,15519000.0,18202000.0,17084000.0,8781000.0,11635000.0,1216000.0,1338000.0
20260106,493720.0,2931820.0,3451700.0,2542080.0,2515920.0,1617850.0,891170.0,146990.0,379950.0,9934000.0,11702000.0,8614000.0,8522000.0,5482000.0,3019000.0,496000.0,1284000.0
20260107,453660.0,3912960.0,3983310.0,3064540.0,3447850.0,1887960.0,1434300.0,0.0,0.0,13088000.0,13333000.0,10237000.0,11523000.0,6310000.0,4779000.0,0.0,0.0
20260108,458300.0,2801220.0,3200130.0,2903070.0,2962450.0,2132750.0,1868540.0,263640.0,69550.0,9257000.0,10577000.0,9602000.0,9789000.0,7039000.0,6174000.0,869000.0,228000.0
20260109,-7450.0,3008840.0,2956580.0,2167730.0,2212550.0,2211650.0,2093690.0,124780.0,250190.0,9810000.0,9631000.0,7059000.0,7204000.0,7202000.0,6826000.0,406000.0,816000.0
20260112,-653090.0,3956930.0,3557070.0,3153980.0,2900730.0,2957650.0,3233840.0,609600.0,986500.0,12895000.0,11586000.0,10286000.0,9453000.0,9645000.0,10554000.0,1999000.0,3231000.0
20260113,-372190.0,4042910.0,3602640.0,2213970.0,2282050.0,2034100.0,2285480.0,717130.0,837940.0,13132000.0,11701000.0,7196000.0,7417000.0,6616000.0,7433000.0,2338000.0,2731000.0
20260114,-817740.0,4893550.0,4230310.0,2875690.0,2721180.0,1708170.0,2531450.0,621690.0,616150.0,16031000.0,13852000.0,9422000.0,8904000.0,5604000.0,8314000.0,2021000.0,2007000.0
20260115,-194580.0,4843410.0,4675660.0,2599650.0,2572810.0,2070820.0,2265400.0,0.0,0.0,15712000.0,15159000.0,8413000.0,8334000.0,6692000.0,7324000.0,0.0,0.0
20260116,-256430.0,2505190.0,2473800.0,1603020.0,1377980.0,557520.0,537960.0,0.0,275990.0,8092000.0,7990000.0,5177000.0,4451000.0,1802000.0,1737000.0,0.0,893000.0
20260119,-147420.0,2891100.0,2896250.0,2149890.0,1997320.0,998850.0,990340.0,151080.0,307010.0,9290000.0,9307000.0,6903000.0,6409000.0,3209000.0,3182000.0,485000.0,988000.0
20260120,62010.0,3711550.0,3888290.0,2981670.0,2866940.0,2023000.0,1805790.0,598550.0,753750.0,11855000.0,12421000.0,9511000.0,9147000.0,6455000.0,5753000.0,1909000.0,2408000.0
20260121,-392180.0,3648880.0,3810880.0,3298280.0,2744090.0,2039790.0,2318550.0,555280.0,668700.0,11411000.0,11914000.0,10286000.0,8562000.0,6357000.0,7232000.0,1728000.0,2075000.0
20260122,1410.0,3168200.0,3258780.0,2885440.0,2796250.0,1790200.0,1566440.0,235210.0,457560.0,9751000.0,10031000.0,8865000.0,8594000.0,5509000.0,4822000.0,719000.0,1399000.0
20260123,-392570.0,3844280.0,3619340.0,2773030.0,2605410.0,2506300.0,2630830.0,362790.0,630830.0,11774000.0,11076000.0,8487000.0,7976000.0,7656000.0,8039000.0,1112000.0,1938000.0
20260126,-958820.0,6658800.0,6523130.0,5765470.0,4942320.0,5283610.0,5620880.0,672610.0,1294160.0,21335000.0,20920000.0,18435000.0,15817000.0,16911000.0,17945000.0,2151000.0,4149000.0
20260127,-727260.0,7543600.0,6399170.0,2792190.0,3209350.0,1268640.0,1969390.0,124340.0,150850.0,24078000.0,20432000.0,8906000.0,10234000.0,4052000.0,6285000.0,398000.0,483000.0
20260128,50790.0,4388240.0,4444330.0,2116210.0,2110900.0,1652420.0,1597080.0,150550.0,155100.0,14100000.0,14286000.0,6805000.0,6787000.0,5328000.0,5146000.0,485000.0,500000.0
20260129,238560.0,9338210.0,9088440.0,4845820.0,5334150.0,4782320.0,5003500.0,1155390.0,695650.0,28720000.0,27936000.0,14856000.0,16336000.0,14629000.0,15295000.0,3512000.0,2151000.0
20260130,990480.0,7740410.0,9836170.0,4072060.0,2966780.0,2399110.0,1543560.0,393680.0,258750.0,24302000.0,30885000.0,12766000.0,9291000.0,7536000.0,4844000.0,1227000.0,812000.0
20260202,-583210.0,6020280.0,5718600.0,4180680.0,3899150.0,2415020.0,2537140.0,185960.0,647050.0,19502000.0,18519000.0,13573000.0,12680000.0,7874000.0,8252000.0,610000.0,2108000.0
20260203,-774630.0,6751340.0,6196550.0,2788100.0,2568260.0,1013530.0,1788160.0,0.0,0.0,21641000.0,19863000.0,8932000.0,8234000.0,3243000.0,5719000.0,0.0,0.0
20260204,-248540.0,4318110.0,4739910.0,2407570.0,1737230.0,1145060.0,1284890.0,0.0,108710.0,13839000.0,15193000.0,7713000.0,5569000.0,3693000.0,4137000.0,0.0,346000.0
20260205,-532090.0,3367760.0,3411250.0,1671640.0,1096050.0,499030.0,1030260.0,0.0,860.0,10992000.0,11136000.0,5461000.0,3580000.0,1633000.0,3367000.0,0.0,3000.0
20260206,-299170.0,4103100.0,3764970.0,2374240.0,2413210.0,846720.0,938930.0,119540.0,326500.0,13270000.0,12188000.0,7667000.0,7795000.0,2731000.0,3020000.0,383000.0,1048000.0
20260209,30570.0,3206360.0,3401610.0,1503020.0,1338330.0,310980.0,280410.0,0.0,0.0,10286000.0,10913000.0,4817000.0,4290000.0,998000.0,898000.0,0.0,0.0
20260210,12420.0,3378590.0,3424370.0,1510080.0,1476720.0,437760.0,580320.0,269870.0,114890.0,10885000.0,11040000.0,4876000.0,4763000.0,1415000.0,1870000.0,871000.0,374000.0
20260211,-62400.0,3294140.0,3122530.0,1251940.0,1361150.0,484810.0,702440.0,155230.0,0.0,10506000.0,9960000.0,3993000.0,4338000.0,1543000.0,2238000.0,495000.0,0.0
20260212,-237320.0,3412040.0,3423060.0,1426530.0,1178190.0,404690.0,443320.0,0.0,198690.0,10865000.0,10901000.0,4542000.0,3752000.0,1290000.0,1412000.0,0.0,632000.0
20260213,-77800.0,3368790.0,3212390.0,1257990.0,1336590.0,381180.0,330040.0,222880.0,351820.0,10792000.0,10296000.0,4034000.0,4283000.0,1225000.0,1059000.0,717000.0,1130000.0
20260224,416660.0,4448860.0,4376010.0,2000370.0,2489880.0,2339300.0,2130320.0,207680.0,0.0,13879000.0,13657000.0,6232000.0,7752000.0,7264000.0,6612000.0,646000.0,0.0
20260225,424590.0,4416950.0,4677510.0,1707100.0,1871140.0,1605220.0,1238130.0,198720.0,141220.0,13657000.0,14475000.0,5281000.0,5780000.0,4947000.0,3806000.0,608000.0,432000.0
20260226,536780.0,8913670.0,9698340.0,11150980.0,10903090.0,7591170.0,10529620.0,13458640.0,9983410.0,24261000.0,26281000.0,30394000.0,29479000.0,20380000.0,27945000.0,34617000.0,25947000.0
20260227,1336550.0,22761090.0,24311240.0,13416590.0,13202990.0,10157360.0,8699630.0,2617890.0,2739070.0,60717000.0,64821000.0,35696000.0,35114000.0,27041000.0,23154000.0,6943000.0,7308000.0
20260302,2411420.0,15263180.0,16998540.0,9797730.0,10473770.0,7056970.0,4624300.0,1021510.0,1042760.0,41706000.0,46421000.0,26712000.0,28550000.0,19246000.0,12606000.0,2742000.0,2829000.0
20260303,1050450.0,12730960.0,13399730.0,10776300.0,11157960.0,7213580.0,5451740.0,1580930.0,2292320.0,36626000.0,38583000.0,30995000.0,32077000.0,20778000.0,15638000.0,4526000.0,6629000.0
20260304,1309250.0,12189820.0,13391490.0,12080680.0,12188250.0,8282410.0,6549610.0,636560.0,1060110.0,34487000.0,37892000.0,34151000.0,34432000.0,23504000.0,18559000.0,1799000.0,3058000.0
20260305,818400.0,9110820.0,9552490.0,4911010.0,5287750.0,3547240.0,2887560.0,591770.0,433050.0,25977000.0,27255000.0,14005000.0,15065000.0,10127000.0,8234000.0,1691000.0,1247000.0
20260306,564260.0,6570400.0,6601000.0,3623490.0,4157160.0,3236240.0,2755340.0,558860.0,475500.0,19194000.0,19280000.0,10596000.0,12157000.0,9467000.0,8062000.0,1631000.0,1388000.0
20260309,90370.0,6061750.0,6622530.0,5086470.0,4616070.0,2531270.0,2684860.0,632790.0,388830.0,18263000.0,19970000.0,15360000.0,13924000.0,7668000.0,8132000.0,1897000.0,1162000.0
20260310,292810.0,7356500.0,7190340.0,4815780.0,5274750.0,3918540.0,3654270.0,444260.0,415720.0,20973000.0,20493000.0,13712000.0,15011000.0,11148000.0,10400000.0,1253000.0,1183000.0
20260311,930630.0,5322800.0,5996870.0,4122380.0,4378940.0,2441060.0,1518790.0,141640.0,133280.0,15008000.0,16903000.0,11614000.0,12322000.0,6863000.0,4283000.0,405000.0,381000.0
20260312,338030.0,4941540.0,5885010.0,4399090.0,3793640.0,2550840.0,1798000.0,1797570.0,2212380.0,14490000.0,17260000.0,12897000.0,11124000.0,7505000.0,5282000.0,5308000.0,6535000.0
20260313,367600.0,3740440.0,4710640.0,3211300.0,2608690.0,1835970.0,1373600.0,109470.0,204240.0,11030000.0,13891000.0,9469000.0,7696000.0,5413000.0,4047000.0,322000.0,600000.0
20260316,-1245760.0,7259540.0,6843660.0,7973110.0,7143230.0,3905420.0,5164430.0,929600.0,916350.0,20897000.0,19784000.0,23030000.0,20655000.0,11279000.0,14797000.0,2691000.0,2661000.0
20260317,1019930.0,8285460.0,10430820.0,10329740.0,9204320.0,5155490.0,4153710.0,420530.0,402380.0,24412000.0,30810000.0,30419000.0,27079000.0,15225000.0,12224000.0,1238000.0,1182000.0
20260318,-335250.0,4833780.0,4116010.0,3886380.0,4268910.0,2023600.0,2358250.0,129000.0,129600.0,14329000.0,12211000.0,11521000.0,12651000.0,5995000.0,6981000.0,380000.0,381000.0
20260319,259130.0,4021530.0,4436890.0,3260230.0,3104000.0,1951130.0,1984940.0,661760.0,368820.0,12020000.0,13276000.0,9751000.0,9280000.0,5818000.0,5920000.0,1995000.0,1107000.0
20260320,606140.0,4646720.0,4515920.0,3174590.0,3911530.0,2970100.0,2240680.0,128930.0,252210.0,14265000.0,13844000.0,9746000.0,12029000.0,9123000.0,6882000.0,392000.0,771000.0
20260323,-984480.0,4817820.0,4318610.0,4933210.0,4447940.0,5466310.0,5616260.0,1014470.0,1849000.0,16057000.0,14404000.0,16412000.0,14815000.0,18328000.0,18720000.0,3374000.0,6231000.0
20260324,-997230.0,5026260.0,4049870.0,3208820.0,3187990.0,1871360.0,2649110.0,668030.0,887510.0,17126000.0,13806000.0,10926000.0,10848000.0,6375000.0,9030000.0,2278000.0,3021000.0
20260325,-508760.0,3481740.0,3014690.0,2437690.0,2395980.0,1559630.0,1973030.0,117420.0,212780.0,11342000.0,9821000.0,7943000.0,7806000.0,5087000.0,6432000.0,380000.0,694000.0
20260326,36800.0,2790820.0,2886210.0,1503310.0,1444720.0,1324570.0,1262360.0,287270.0,312680.0,9338000.0,9657000.0,5029000.0,4827000.0,4423000.0,4227000.0,976000.0,1055000.0
20260327,-179830.0,2739850.0,2298460.0,1408200.0,1669770.0,679580.0,750520.0,149670.0,258560.0,9126000.0,7655000.0,4690000.0,5563000.0,2254000.0,2502000.0,510000.0,861000.0
20260330,-62610.0,3692130.0,3625940.0,1868100.0,1871670.0,1047430.0,1178440.0,467420.0,399020.0,12129000.0,11903000.0,6139000.0,6153000.0,3441000.0,3874000.0,1531000.0,1309000.0
20260331,-164860.0,2728750.0,2688570.0,1595720.0,1471040.0,815480.0,946830.0,0.0,33510.0,9051000.0,8920000.0,5290000.0,4875000.0,2701000.0,3136000.0,0.0,110000.0
20260401,-200560.0,3907210.0,3490320.0,1967530.0,2183860.0,1225840.0,1518370.0,369560.0,277590.0,12736000.0,11383000.0,6406000.0,7113000.0,4000000.0,4946000.0,1209000.0,909000.0
20260402,-298210.0,4386190.0,4358640.0,1581370.0,1310700.0,967360.0,1261290.0,119440.0,123720.0,14354000.0,14295000.0,5161000.0,4271000.0,3148000.0,4083000.0,392000.0,406000.0
20260403,-299140.0,2508930.0,2369390.0,1065400.0,905810.0,916420.0,869950.0,101850.0,447460.0,8384000.0,7917000.0,3566000.0,3029000.0,3075000.0,2915000.0,342000.0,1506000.0
20260407,22100.0,3128910.0,3092830.0,837010.0,895200.0,583110.0,730070.0,169060.0,0.0,10466000.0,10345000.0,2795000.0,2989000.0,1945000.0,2435000.0,564000.0,0.0
20260408,-1007730.0,4795610.0,3469830.0,2037500.0,2355560.0,958140.0,1862880.0,149910.0,252900.0,15358000.0,11127000.0,6538000.0,7539000.0,3074000.0,5972000.0,480000.0,812000.0
20260409,-143010.0,3185610.0,2987590.0,1101960.0,1156960.0,822260.0,819830.0,0.0,145440.0,10167000.0,9532000.0,3515000.0,3691000.0,2625000.0,2618000.0,0.0,466000.0
20260410,-437700.0,3789130.0,3749420.0,2005540.0,1607560.0,1423330.0,1315130.0,338330.0,884230.0,12068000.0,11939000.0,6393000.0,5124000.0,4542000.0,4203000.0,1082000.0,2820000.0
20260413,-340200.0,2725520.0,2305720.0,1756970.0,1836580.0,1093040.0,1206550.0,0.0,226690.0,8751000.0,7406000.0,5641000.0,5897000.0,3512000.0,3874000.0,0.0,727000.0
20260414,-1144080.0,7845030.0,7033270.0,5444780.0,5112470.0,2716800.0,3803150.0,255110.0,312840.0,24019000.0,21534000.0,16602000.0,15589000.0,8316000.0,11624000.0,771000.0,961000.0
20260415,107490.0,4456650.0,4398240.0,2125780.0,2291690.0,1357260.0,1107780.0,114390.0,256380.0,13666000.0,13484000.0,6524000.0,7033000.0,4165000.0,3403000.0,351000.0,787000.0
20260416,47800.0,3929440.0,3813640.0,1812630.0,1976240.0,1535730.0,1487930.0,0.0,0.0,12001000.0,11654000.0,5536000.0,6031000.0,4678000.0,4529000.0,0.0,0.0
20260417,-397090.0,3268280.0,2794800.0,1460040.0,1536430.0,1164470.0,1414460.0,248560.0,395660.0,9815000.0,8393000.0,4381000.0,4609000.0,3495000.0,4246000.0,744000.0,1188000.0
20260420,-267610.0,4261700.0,4132520.0,3911300.0,3772860.0,1638640.0,1751940.0,0.0,154310.0,12707000.0,12320000.0,11639000.0,11227000.0,4878000.0,5216000.0,0.0,460000.0
20260421,-616630.0,2866880.0,2536400.0,1630980.0,1344830.0,908530.0,1122120.0,134700.0,537740.0,8680000.0,7676000.0,4945000.0,4073000.0,2751000.0,3402000.0,409000.0,1634000.0
20260422,-393330.0,3498440.0,3377780.0,1880450.0,1607770.0,747770.0,788570.0,293590.0,646120.0,10604000.0,10237000.0,5693000.0,4866000.0,2267000.0,2386000.0,898000.0,1974000.0
20260423,-80510.0,4255530.0,4128250.0,1967600.0,2014390.0,1890790.0,1539540.0,286140.0,717900.0,13142000.0,12750000.0,6080000.0,6227000.0,5836000.0,4760000.0,873000.0,2194000.0
20260424,-166880.0,2740120.0,2675770.0,1898910.0,1796380.0,1785080.0,1531180.0,429590.0,850370.0,8582000.0,8382000.0,5945000.0,5616000.0,5584000.0,4785000.0,1359000.0,2688000.0
20260427,267380.0,3978870.0,4063910.0,1844500.0,2026830.0,1201190.0,938750.0,4940.0,0.0,12078000.0,12329000.0,5588000.0,6139000.0,3632000.0,2845000.0,15000.0,0.0
20260428,1367720.0,8517740.0,9907460.0,5585310.0,5563300.0,2549470.0,1610530.0,677090.0,248310.0,26909000.0,31287000.0,17647000.0,17584000.0,8051000.0,5087000.0,2131000.0,780000.0
20260429,33410.0,4193480.0,4195320.0,2346850.0,2378430.0,1279120.0,1235600.0,0.0,10110.0,13326000.0,13336000.0,7454000.0,7562000.0,4061000.0,3912000.0,0.0,32000.0
20260430,-292160.0,5812710.0,5247920.0,4358620.0,4631260.0,2485690.0,2695660.0,694550.0,776740.0,18600000.0,16792000.0,13927000.0,14786000.0,7979000.0,8660000.0,2227000.0,2495000.0
20260506,-376010.0,5842210.0,5595770.0,2545300.0,2415720.0,2160990.0,2410520.0,0.0,126480.0,18472000.0,17701000.0,8046000.0,7637000.0,6841000.0,7623000.0,0.0,398000.0
20260507,-534710.0,5415940.0,4695040.0,2414510.0,2600690.0,2157940.0,2313580.0,1050890.0,1429960.0,16964000.0,14710000.0,7560000.0,8139000.0,6747000.0,7236000.0,3301000.0,4488000.0
20260508,108470.0,3948690.0,4574560.0,3900740.0,3383330.0,1811140.0,2067660.0,935930.0,570940.0,12103000.0,14021000.0,11950000.0,10365000.0,5556000.0,6334000.0,2868000.0,1759000.0
20260511,387930.0,4853120.0,5018660.0,3493680.0,3716080.0,2199030.0,2067960.0,272870.0,16010.0,14549000.0,15045000.0,10468000.0,11130000.0,6589000.0,6197000.0,814000.0,48000.0
20260512,-212730.0,4022940.0,3759170.0,2182110.0,2233140.0,1726480.0,1688190.0,173230.0,424250.0,12214000.0,11415000.0,6635000.0,6787000.0,5241000.0,5123000.0,528000.0,1293000.0
20260513,-652450.0,9198710.0,9536500.0,7787800.0,6797570.0,4929380.0,4732240.0,1160480.0,2010070.0,26695000.0,27668000.0,22584000.0,19710000.0,14276000.0,13718000.0,3346000.0,5806000.0
20260514,54120.0,5969580.0,5930240.0,3450570.0,3544010.0,2295710.0,2275500.0,142810.0,108900.0,17483000.0,17374000.0,10124000.0,10383000.0,6717000.0,6664000.0,419000.0,321000.0
20260515,203010.0,5070760.0,5396410.0,4722120.0,4599480.0,3252760.0,3132710.0,1129560.0,1046600.0,14975000.0,15939000.0,13956000.0,13574000.0,9600000.0,9242000.0,3312000.0,3087000.0
20260518,-592970.0,4637890.0,4341450.0,3152950.0,2856420.0,2249650.0,2082120.0,297850.0,1058350.0,13682000.0,12810000.0,9307000.0,8408000.0,6626000.0,6117000.0,875000.0,3156000.0
20260519,-405230.0,4792350.0,4613160.0,3492990.0,3266960.0,1758220.0,1755010.0,277510.0,685950.0,14132000.0,13606000.0,10313000.0,9644000.0,5193000.0,5180000.0,819000.0,2026000.0
20260520,-291960.0,4697820.0,4504470.0,3344980.0,3246370.0,2181400.0,2101770.0,378840.0,750430.0,13816000.0,13248000.0,9826000.0,9528000.0,6398000.0,6165000.0,1119000.0,2217000.0
20260521,1085550.0,6058840.0,6949160.0,4710740.0,4905970.0,4857210.0,4568560.0,1272550.0,475650.0,17703000.0,20328000.0,13796000.0,14349000.0,14283000.0,13424000.0,3704000.0,1386000.0
20260522,-3085510.0,14415860.0,12256000.0,11972890.0,11047250.0,8126370.0,8693260.0,1635640.0,4154260.0,40392000.0,34282000.0,33428000.0,30817000.0,22862000.0,24595000.0,4694000.0,11683000.0
20260525,-2053310.0,13973660.0,12824600.0,9315430.0,8411180.0,6690580.0,7359970.0,1969170.0,3353090.0,37612000.0,34524000.0,25095000.0,22634000.0,18049000.0,19837000.0,5336000.0,9096000.0
20260526,-188600.0,9147370.0,9153620.0,6706060.0,6511220.0,3322760.0,3753830.0,859380.0,616910.0,25314000.0,25340000.0,18564000.0,18024000.0,9194000.0,10378000.0,2378000.0,1708000.0
20260527,-740330.0,13764260.0,13797020.0,13491480.0,12718400.0,9063740.0,8056460.0,2061920.0,3809530.0,35789000.0,35883000.0,34977000.0,33017000.0,23591000.0,20969000.0,5291000.0,9779000.0
20260528,1239660.0,15218630.0,16256760.0,12570590.0,12772120.0,9135060.0,8740170.0,3581870.0,2737100.0,37630000.0,40210000.0,30959000.0,31505000.0,22580000.0,21558000.0,8847000.0,6743000.0
20260529,-1350950.0,14462920.0,13336300.0,9799010.0,9574670.0,8269180.0,8557080.0,1457880.0,2520930.0,35869000.0,33050000.0,24245000.0,23722000.0,20508000.0,21181000.0,3597000.0,6267000.0
20260601,-1287190.0,14941430.0,14449420.0,10822590.0,10027410.0,5618520.0,6091020.0,1375530.0,2190220.0,39223000.0,37993000.0,28369000.0,26177000.0,14688000.0,15922000.0,3617000.0,5806000.0
20260602,-1381300.0,14337920.0,13115430.0,7621390.0,7462590.0,5543740.0,5879980.0,891960.0,1937020.0,37318000.0,34141000.0,19869000.0,19467000.0,14517000.0,15402000.0,2397000.0,5091000.0
20260603,324170.0,11983670.0,12419250.0,10593550.0,10482150.0,5225330.0,5752550.0,1745490.0,894100.0,29461000.0,30517000.0,26076000.0,25770000.0,12833000.0,14156000.0,4285000.0,2212000.0
20260604,-54280.0,10046500.0,10871640.0,9470680.0,8591260.0,5883470.0,5229540.0,1554070.0,2262280.0,24714000.0,26710000.0,23226000.0,21102000.0,14460000.0,12864000.0,3861000.0,5584000.0
20260605,226330.0,15245140.0,16366410.0,14559890.0,13664960.0,9044650.0,7961500.0,1132220.0,1989040.0,36518000.0,39055000.0,34696000.0,32627000.0,21476000.0,18927000.0,2720000.0,4800000.0
20260608,3090370.0,23748610.0,26995250.0,24158230.0,24001960.0,17681680.0,14712970.0,5083210.0,4961550.0,61023000.0,69314000.0,62164000.0,62077000.0,45542000.0,37964000.0,13157000.0,12532000.0
20260609,1080530.0,27601560.0,28971080.0,29156710.0,28867710.0,26627550.0,24344970.0,5473070.0,6675120.0,64661000.0,67875000.0,68212000.0,67353000.0,62091000.0,56793000.0,12637000.0,15580000.0
20260610,2249870.0,23457410.0,25560500.0,32629450.0,32776230.0,27208170.0,25742190.0,10753390.0,9969500.0,50926000.0,55532000.0,70807000.0,71272000.0,59199000.0,56073000.0,23577000.0,21633000.0
20260611,-562150.0,22900950.0,23694750.0,27019950.0,25664000.0,20136760.0,20563170.0,10415520.0,10551260.0,54124000.0,55996000.0,63587000.0,60455000.0,47432000.0,48388000.0,24563000.0,24868000.0
20260612,-1495950.0,23258210.0,21801130.0,22913860.0,22874980.0,19595260.0,20166800.0,7975930.0,8900340.0,58641000.0,54946000.0,57365000.0,57242000.0,48622000.0,50272000.0,19813000.0,21981000.0
20260615,-7946720.0,27611030.0,23332340.0,27847470.0,24179440.0,19067150.0,22203400.0,3225780.0,8036250.0,65124000.0,55181000.0,65903000.0,57194000.0,45243000.0,52424000.0,7760000.0,19231000.0
20260616,-114270.0,33323840.0,32801540.0,30803240.0,31211260.0,22100080.0,20888890.0,5498560.0,6824020.0,72547000.0,71495000.0,66885000.0,67782000.0,47855000.0,45009000.0,11512000.0,14514000.0
20260617,956790.0,21926820.0,24361430.0,18622260.0,17144420.0,10507930.0,11485300.0,4811540.0,2877380.0,46343000.0,51495000.0,39338000.0,36219000.0,22208000.0,24298000.0,10208000.0,6084000.0
20260618,2493090.0,23331150.0,26900990.0,26857060.0,25780320.0,21852730.0,18887830.0,7729290.0,8201100.0,48716000.0,55971000.0,56133000.0,53904000.0,45473000.0,39372000.0,16037000.0,17112000.0
20260622,3025260.0,22468470.0,26878050.0,32726030.0,31341700.0,22855010.0,22184810.0,12047590.0,9692530.0,44706000.0,53549000.0,65171000.0,62238000.0,45601000.0,43989000.0,23436000.0,19137000.0
20260623,-589460.0,19418460.0,20697960.0,24801320.0,22932360.0,18072370.0,17428390.0,6848970.0,8082410.0,39910000.0,42441000.0,50882000.0,46952000.0,36928000.0,35683000.0,13833000.0,16476000.0
20260624,-625450.0,20378500.0,18448220.0,21010400.0,22315230.0,15136140.0,14216080.0,3640110.0,5185620.0,42541000.0,38451000.0,43888000.0,46633000.0,31678000.0,29817000.0,7652000.0,10858000.0
20260625,-588040.0,20564250.0,20149960.0,18686630.0,18512870.0,14797330.0,13993860.0,4435530.0,5827040.0,44155000.0,43350000.0,40213000.0,39789000.0,31836000.0,30058000.0,9507000.0,12514000.0
20260626,3649190.0,16976580.0,19083220.0,16180150.0,17722700.0,13809680.0,11117140.0,4402560.0,3445910.0,36677000.0,41252000.0,34880000.0,38178000.0,29802000.0,23984000.0,9522000.0,7467000.0
20260629,1437330.0,21350960.0,25516200.0,25079940.0,22352030.0,18463680.0,15162430.0,3396150.0,5260070.0,44436000.0,53271000.0,52284000.0,46518000.0,38460000.0,31468000.0,7059000.0,10982000.0
20260630,1143160.0,16990570.0,19116450.0,21808080.0,20825350.0,16841110.0,14518850.0,3717020.0,4896120.0,36354000.0,40883000.0,46652000.0,44516000.0,36046000.0,31135000.0,7949000.0,10467000.0
20260701,-2908440.0,20003730.0,18664450.0,25352970.0,23783820.0,18147250.0,18439320.0,2747870.0,5364240.0,41992000.0,39177000.0,53131000.0,49841000.0,38028000.0,38616000.0,5769000.0,11285000.0
20260702,-3704280.0,22367210.0,23025000.0,32962330.0,28600260.0,19187000.0,19735520.0,4373840.0,7529600.0,45421000.0,46674000.0,66728000.0,57934000.0,38948000.0,40129000.0,8857000.0,15216000.0
20260703,3678950.0,16176960.0,19446550.0,20365560.0,20774920.0,15869930.0,13632600.0,4394990.0,2953370.0,35290000.0,42392000.0,44440000.0,45246000.0,34641000.0,29886000.0,9632000.0,6479000.0
20260706,-1897060.0,15167560.0,13969080.0,14490800.0,13792220.0,8659820.0,9656500.0,2238640.0,3139020.0,34146000.0,31375000.0,32423000.0,30859000.0,19442000.0,21686000.0,5019000.0,7110000.0
20260707,-2214670.0,16069540.0,14317160.0,12804070.0,12341780.0,7429500.0,8711130.0,1162920.0,2095960.0,38473000.0,34244000.0,30623000.0,29520000.0,17816000.0,20898000.0,2799000.0,5049000.0
20260708,-4370070.0,16567910.0,14464470.0,13467370.0,11200740.0,6919460.0,8816660.0,2878260.0,5351130.0,42442000.0,37029000.0,34531000.0,28728000.0,17793000.0,22650000.0,7418000.0,13778000.0
20260709,-1789150.0,15697650.0,13494350.0,9235140.0,9649300.0,5271840.0,5740530.0,1446090.0,2766550.0,41141000.0,35340000.0,24143000.0,25202000.0,13867000.0,15137000.0,3793000.0,7265000.0
20260710,-2508670.0,18760850.0,16116560.0,11367540.0,11503180.0,6001420.0,6233750.0,1625670.0,3902010.0,49055000.0,42028000.0,29724000.0,29950000.0,15759000.0,16311000.0,4149000.0,10398000.0
20260713,-1473670.0,12630520.0,11318890.0,6164770.0,6002740.0,3719480.0,4329870.0,341840.0,1205120.0,36439000.0,32709000.0,17817000.0,17296000.0,10850000.0,12578000.0,990000.0,3513000.0
20260714,-367530.0,12281630.0,12634610.0,6199350.0,5478860.0,2213370.0,2510110.0,324830.0,395620.0,35790000.0,36816000.0,18087000.0,15979000.0,6412000.0,7302000.0,939000.0,1131000.0
20260715,-116450.0,9873210.0,10290360.0,4242930.0,3709330.0,2064530.0,2068000.0,618820.0,731800.0,29103000.0,30338000.0,12529000.0,10945000.0,6098000.0,6117000.0,1834000.0,2164000.0
20260716,-1172020.0,8940530.0,8708540.0,3858990.0,2918950.0,1998890.0,2543420.0,729950.0,1357440.0,27687000.0,26942000.0,12019000.0,9076000.0,6298000.0,7979000.0,2307000.0,4314000.0
20260717,-778490.0,12173240.0,11270550.0,5318150.0,5442350.0,2943560.0,2819310.0,255340.0,1158080.0,40912000.0,37863000.0,17986000.0,18372000.0,9942000.0,9580000.0,889000.0,3914000.0
20260720,-34600.0,15161130.0,15580170.0,7909200.0,7455570.0,5947860.0,4773670.0,2051590.0,3260380.0,57155000.0,58694000.0,30141000.0,28432000.0,22897000.0,18263000.0,8018000.0,12823000.0
20260721,212990.0,16742130.0,15485060.0,6538930.0,8009000.0,4465830.0,4651570.0,1659310.0,1260580.0,65498000.0,60669000.0,25477000.0,31179000.0,17451000.0,18242000.0,6639000.0,4974000.0
20260722,-506090.0,11963410.0,11612710.0,4868310.0,4712920.0,2960400.0,3197910.0,0.0,268580.0,43110000.0,41848000.0,17562000.0,16963000.0,10657000.0,11522000.0,0.0,997000.0
20260723,-95920.0,7933250.0,7897560.0,3089160.0,3028940.0,1493040.0,1560710.0,469940.0,498190.0,28859000.0,28725000.0,11217000.0,11001000.0,5424000.0,5670000.0,1708000.0,1811000.0
20260724,-181020.0,7292580.0,6846870.0,1964360.0,2229050.0,1537880.0,1485410.0,0.0,233490.0,27211000.0,25546000.0,7330000.0,8315000.0,5735000.0,5545000.0,0.0,870000.0
20260727,376110.0,6801090.0,7065620.0,2480900.0,2592490.0,1253740.0,871930.0,106600.0,112300.0,25451000.0,26443000.0,9252000.0,9672000.0,4683000.0,3250000.0,399000.0,421000.0
20260728,333570.0,7405480.0,8266650.0,3860180.0,3332560.0,1505710.0,1173190.0,130830.0,129780.0,28323000.0,31671000.0,14746000.0,12685000.0,5784000.0,4501000.0,512000.0,508000.0
20260729,-258700.0,8153260.0,8176710.0,3096670.0,2814520.0,1160550.0,1245910.0,245300.0,418640.0,32771000.0,32887000.0,12450000.0,11289000.0,4663000.0,4997000.0,982000.0,1693000.0
20260730,442480.0,7866570.0,8443040.0,3167590.0,3033610.0,2220560.0,1885860.0,349700.0,241920.0,32731000.0,35119000.0,13155000.0,12611000.0,9257000.0,7857000.0,1470000.0,1025000.0
20260731,485180.0,8245750.0,8326820.0,4221640.0,4625750.0,2706950.0,3157900.0,936130.0,0.0,32436000.0,32772000.0,16571000.0,18165000.0,10624000.0,12373000.0,3679000.0,0.0
20260803,813260.0,6479580.0,7875170.0,3903050.0,3320730.0,1789630.0,1068080.0,341710.0,250000.0,26752000.0,32541000.0,16110000.0,13699000.0,7382000.0,4420000.0,1416000.0,1000000.0
20260804,244820.0,6680600.0,6599130.0,3149060.0,3475350.0,2964460.0,2162740.0,100800.0,657700.0,26785000.0,26510000.0,12673000.0,13927000.0,11883000.0,8674000.0,400000.0,2629000.0
20260805,-260000.0,7646160.0,7023080.0,4409460.0,4772550.0,3869560.0,3467170.0,827000.0,1489390.0,28840000.0,26530000.0,16707000.0,18015000.0,14524000.0,13065000.0,3098000.0,5559000.0
20260806,-625300.0,7380830.0,7100080.0,4875240.0,4530700.0,3527590.0,3756730.0,275700.0,671860.0,27142000.0,26090000.0,17924000.0,16651000.0,12944000.0,13781000.0,1000000.0,2487000.0
20260807,52140.0,8187050.0,7163020.0,4219810.0,5296000.0,3367390.0,3517380.0,791150.0,589020.0,29237000.0,25601000.0,15084000.0,18900000.0,11977000.0,12516000.0,2818000.0,2100000.0
20260810,111720.0,8931290.0,9722350.0,4753720.0,4074380.0,2312090.0,2180170.0,299800.0,320000.0,32475000.0,35342000.0,17261000.0,14801000.0,8393000.0,7915000.0,1100000.0,1170000.0
20260811,1134230.0,7167260.0,8959130.0,4997880.0,4340240.0,3894730.0,2636250.0,248780.0,373030.0,25682000.0,32092000.0,17888000.0,15543000.0,13942000.0,9429000.0,901000.0,1349000.0
20260812,-335760.0,6724850.0,6655180.0,3823880.0,3557790.0,3225300.0,3229410.0,107260.0,438910.0,24061000.0,23814000.0,13686000.0,12725000.0,11529000.0,11555000.0,384000.0,1566000.0
20260813,-569560.0,6986970.0,7383730.0,5863200.0,4896880.0,3962840.0,4503690.0,333620.0,362330.0,24942000.0,26334000.0,20941000.0,17422000.0,14156000.0,16187000.0,1206000.0,1301000.0
20260814,-263800.0,9716020.0,9613350.0,6636780.0,6475640.0,4868870.0,4712160.0,204590.0,625100.0,34821000.0,34433000.0,23770000.0,23185000.0,17394000.0,16854000.0,727000.0,2239000.0
20260817,268630.0,7835580.0,8613190.0,6388170.0,5879200.0,5397080.0,5192090.0,725710.0,662070.0,26919000.0,29632000.0,22043000.0,20222000.0,18559000.0,17866000.0,2478000.0,2280000.0
20260818,967090.0,7382440.0,8605720.0,5742950.0,5486750.0,3567550.0,3169870.0,1214380.0,644970.0,24793000.0,28892000.0,19270000.0,18391000.0,11987000.0,10651000.0,4064000.0,2181000.0
20260819,163810.0,8407230.0,9201800.0,6242280.0,5611510.0,5804840.0,5193520.0,1506200.0,1953710.0,29949000.0,32857000.0,22201000.0,19914000.0,20737000.0,18588000.0,5300000.0,6828000.0
20260820,648170.0,7724840.0,7573840.0,5219570.0,6018750.0,3749650.0,3376780.0,765270.0,489970.0,27735000.0,27215000.0,18748000.0,21602000.0,13473000.0,12128000.0,2746000.0,1757000.0
